E_0,L_0,P_0,M_s_0,M_e_0,M_i_0,H_s_0,H_e_0,H_i_0,H_r_0,C,sigma,gamma,mu_H,beta_M,beta_H,theta_M,theta_H,alpha_b,alpha_E,alpha_L,alpha_P,a_b,a_E,a_L,a_P,c_E,c_L,c_P,c_M,d_E,d_L,d_P,d_M,T_b_max,T_E_max,T_L_max,T_P_max,T_E_min,T_L_min,T_P_min,T_M_min,R_b,R_E,R_L,R_P,r_b,r_E,r_L,r_P,s_b,s_E,s_L,s_P,e_E,e_L,e_P
0.5292091965675354,0.016593480482697487,1.8165602684020996,0.970620334148407,0.20601166784763336,1.6896005868911743,0.6785492300987244,0.29482802748680115,0.20763394236564636,0.7748225927352905,0.4902661144733429,1.9890358448028564,0.12486433237791061,0.00039999998989515007,1.2747325897216797,2.500091314315796,0.12350665032863617,0.07449079304933548,0.03367874026298523,0.8283442258834839,0.031694959849119186,1.1511324644088745,1.3121085166931152,0.8536038994789124,0.7129594087600708,0.15531791746616364,0.6939396858215332,1.488098382949829,1.4627056121826172,0.441772997379303,1.3851019144058228,0.12390542030334473,0.836491048336029,0.5018612146377563,0.542136549949646,1.0708017349243164,0.1129278838634491,0.5714924335479736,0.05021708458662033,1.8723337650299072,0.026231182739138603,0.5079050064086914,1.0973427295684814,0.3266400992870331,0.47423678636550903,1.1556650400161743,1.2949289083480835,0.5773085951805115,0.3392059803009033,0.9093709588050842,1.13572359085083,0.466135710477829,1.0994799137115479,1.7426426410675049,1.627193808555603,1.324960708618164,0.9178004860877991
0.6775943636894226,0.13481660187244415,2.5288283824920654,0.6862706542015076,0.2752133309841156,1.2761331796646118,0.06585659086704254,0.5911893248558044,0.49833324551582336,0.015166141092777252,0.44289430975914,1.8342427015304565,0.5351252555847168,0.00039999998989515007,1.1023825407028198,1.964534044265747,0.6339284181594849,0.08770895004272461,0.6276748180389404,0.9711772799491882,0.2837317883968353,0.8969720602035522,1.5420632362365723,1.1209787130355835,0.669483482837677,0.04622330516576767,0.6956425309181213,0.9359947443008423,2.24716854095459,0.26208364963531494,1.435176968574524,0.08927062153816223,0.7092013955116272,0.11848079413175583,0.1967310607433319,1.2098655700683594,0.36157530546188354,0.18536409735679626,0.5961804986000061,1.5327084064483643,0.6138965487480164,0.12780311703681946,1.215968370437622,0.13943615555763245,0.09344808757305145,1.1134765148162842,1.1589261293411255,0.40917256474494934,1.376298427581787,0.9167076945304871,0.748039960861206,0.43304550647735596,1.024086833000183,0.7745198607444763,1.6895262002944946,1.8654866218566895,1.0342892408370972
0.32883912324905396,0.8317267894744873,2.6815481185913086,0.9551374912261963,0.31355005502700806,0.8656026124954224,0.5970505475997925,0.2467108815908432,0.4507058262825012,1.2061610221862793,0.9871866106987,1.9882380962371826,0.35749486088752747,0.00039999998989515007,0.26322317123413086,1.8595139980316162,0.4371274411678314,0.21858595311641693,1.0812286138534546,1.3472621440887451,0.9109524488449097,0.30238837003707886,1.3223787546157837,1.2103506326675415,0.6803184151649475,0.10937801003456116,0.9768401980400085,1.320473551750183,1.0054024457931519,0.24042989313602448,1.4257842302322388,1.190382957458496,0.4016147255897522,0.3175266683101654,0.9736540913581848,0.34914055466651917,0.5831576585769653,0.14225706458091736,0.5827102661132812,1.6573615074157715,1.2785667181015015,0.015904104337096214,0.5921552777290344,1.0397859811782837,0.21577851474285126,0.23426544666290283,1.5091392993927002,0.2334444671869278,1.608727216720581,0.038031551986932755,0.08294527232646942,1.0195401906967163,0.8585543036460876,1.5188891887664795,0.9184862971305847,1.181362509727478,1.0705679655075073
0.012139527127146721,0.07352099567651749,0.9870645999908447,0.32761436700820923,0.6884558796882629,1.7421964406967163,0.45922452211380005,0.5033227801322937,0.0638817548751831,0.1000996083021164,0.2518314719200134,1.0015462636947632,0.8146724700927734,0.00039999998989515007,0.282292902469635,1.3797069787979126,0.4584551751613617,0.48699283599853516,1.022777795791626,0.2263055294752121,0.7160520553588867,0.5306143164634705,1.5291749238967896,2.524064302444458,1.1486141681671143,0.4919101595878601,0.13112889230251312,1.9682042598724365,2.189852476119995,0.4545219838619232,0.7682276368141174,0.7918287515640259,0.6139274835586548,0.3867233395576477,1.4354724884033203,1.711929202079773,1.040601134300232,0.22574251890182495,0.290947824716568,1.3245820999145508,0.22868594527244568,0.29624149203300476,0.5258039236068726,0.2921760082244873,1.607748031616211,0.2890312969684601,1.484009027481079,1.3120657205581665,0.05482472851872444,0.49550458788871765,0.10797964781522751,0.6580471396446228,0.9970388412475586,1.2754641771316528,0.8977632522583008,2.035501480102539,0.5972849726676941
0.6695948243141174,0.09518679231405258,2.313643455505371,1.0246264934539795,1.3120887279510498,0.9732572436332703,0.3365163803100586,0.8140906095504761,1.1451905965805054,0.09611546993255615,0.2818334698677063,1.7822725772857666,0.9389821887016296,0.00039999998989515007,0.03655276820063591,1.9093248844146729,0.295072078704834,0.7521389126777649,0.8976241946220398,0.860511839389801,0.538865864276886,0.8808401823043823,0.875928521156311,0.5399960875511169,0.05471663922071457,0.48478737473487854,0.34049612283706665,1.1762903928756714,2.200061798095703,0.12213239073753357,0.5481470823287964,0.5591951608657837,0.09244177490472794,0.6224331855773926,0.9500159621238708,0.191323384642601,0.19358494877815247,0.5926773548126221,0.2738296389579773,1.9635542631149292,1.039101004600525,0.033914465457201004,1.0299701690673828,0.0707443431019783,0.2504911720752716,0.9398809671401978,1.276073694229126,0.11204969137907028,1.0205864906311035,0.31901848316192627,0.7964665293693542,0.7155566811561584,1.506301760673523,0.8509013652801514,2.251966953277588,1.881306529045105,0.6209957599639893
0.3081659972667694,0.0668124333024025,1.8666131496429443,1.1479637622833252,1.786920428276062,1.8886758089065552,0.6047524809837341,0.6922451257705688,1.1246620416641235,0.4265109896659851,0.3686222732067108,2.0477049350738525,1.0190370082855225,0.00039999998989515007,0.004077808000147343,1.4989992380142212,0.45074155926704407,0.6974472999572754,0.899579644203186,0.6614135503768921,0.9477590918540955,0.33616989850997925,1.0741119384765625,0.23222815990447998,0.08946409076452255,0.21411584317684174,0.6984832882881165,1.5650031566619873,2.0325067043304443,0.4825892448425293,0.5536258220672607,0.7469689249992371,0.34059882164001465,1.181228756904602,1.3713185787200928,0.5310285091400146,0.5573103427886963,0.4504823684692383,0.5591606497764587,1.7399258613586426,0.5469938516616821,0.2123914510011673,0.15420308709144592,0.24932560324668884,1.3245829343795776,0.8483075499534607,1.3400335311889648,1.0163770914077759,0.2923455536365509,0.2913152277469635,0.18918871879577637,0.05882241204380989,1.1899982690811157,0.04219404235482216,1.617280125617981,1.9980220794677734,0.3009378910064697
1.4574733972549438,0.22216837108135223,2.478367328643799,0.4998430609703064,0.9103294014930725,0.2430695742368698,0.3947651982307434,0.481279194355011,0.9221442937850952,0.29545190930366516,0.2494380623102188,1.5113102197647095,0.1470274031162262,0.00039999998989515007,0.3923152983188629,0.8261391520500183,0.3757683038711548,0.23205947875976562,0.7339318990707397,1.39663827419281,0.6441032290458679,0.9708839058876038,1.1422598361968994,0.5911627411842346,0.5492499470710754,0.9527835249900818,1.1852000951766968,0.17157258093357086,2.534528970718384,0.042209312319755554,0.3475673794746399,0.1466078907251358,0.056409455835819244,0.6922886371612549,0.15628701448440552,0.43181657791137695,0.8030695915222168,1.3857945203781128,0.7538122534751892,2.438300132751465,1.2502758502960205,0.8674853444099426,0.7195306420326233,0.1320333182811737,0.601746141910553,1.0336253643035889,1.2317695617675781,0.2061356157064438,0.5988343954086304,0.9612452983856201,0.9803284406661987,0.9547390937805176,1.2105482816696167,0.5885527729988098,2.0134570598602295,1.3049911260604858,0.18763446807861328
0.7910341024398804,0.09416568279266357,2.453815221786499,1.6938951015472412,0.4436337351799011,1.7896506786346436,0.24007023870944977,0.7476297616958618,0.14338873326778412,0.41707244515419006,0.17792128026485443,2.800304889678955,0.3478664755821228,0.00039999998989515007,1.1116528511047363,2.5808305740356445,0.0032799674663692713,0.4926311671733856,0.7971510887145996,1.034916639328003,0.4754830598831177,0.7867000699043274,0.4192826449871063,0.27232909202575684,0.2671318054199219,0.03406306728720665,0.1898709237575531,1.0434800386428833,1.765542984008789,0.371913343667984,0.8231004476547241,0.18484680354595184,0.14224758744239807,0.8566824793815613,0.5729474425315857,0.4612809717655182,0.21711993217468262,0.016832800582051277,0.007910478860139847,1.853440284729004,0.164936363697052,0.422987163066864,0.490123987197876,0.5093106627464294,0.45470327138900757,1.1891781091690063,1.152901530265808,0.2936077117919922,0.5645654201507568,0.30566540360450745,0.7094717621803284,0.00858411006629467,1.1537833213806152,0.6772649884223938,1.9046558141708374,1.5717908143997192,0.5464019179344177
0.21675072610378265,0.09487999230623245,1.7573679685592651,0.3338656723499298,1.4343574047088623,1.6989927291870117,1.0210591554641724,0.5715602040290833,0.612062931060791,0.29216232895851135,0.16258026659488678,1.065816879272461,0.9263238906860352,0.00039999998989515007,0.03421367332339287,0.9266058206558228,0.339091032743454,0.08710531890392303,1.1870685815811157,0.5547194480895996,1.2600399255752563,0.34914740920066833,1.4570918083190918,1.7798749208450317,0.5057886838912964,0.17404964566230774,0.4618525207042694,1.7327195405960083,2.3373918533325195,0.4230961203575134,0.5589819550514221,1.1722838878631592,0.21680152416229248,0.25515231490135193,1.348287582397461,1.3034316301345825,0.9899851679801941,0.8351995348930359,0.299028217792511,1.6629350185394287,0.46334129571914673,0.3977223038673401,0.17799954116344452,0.1697591096162796,1.3403898477554321,0.6583256125450134,1.5141017436981201,0.7390546798706055,0.49660617113113403,0.17301465570926666,0.33658257126808167,0.8689247369766235,0.9681020379066467,0.5140627026557922,0.9945118427276611,2.339540719985962,0.3388279676437378
0.22711962461471558,0.20177589356899261,1.7405592203140259,1.2231826782226562,0.3527507483959198,2.687401294708252,0.4112291634082794,0.6770044565200806,0.2863828241825104,0.46225571632385254,0.20187363028526306,2.0137557983398438,0.8135693073272705,0.00039999998989515007,1.0995553731918335,2.495668888092041,0.04731772467494011,0.2657182514667511,0.887085497379303,0.18280595541000366,0.8070282340049744,0.3642873466014862,0.31501710414886475,1.2605359554290771,0.7164454460144043,0.5382134318351746,0.2314719706773758,1.575840711593628,1.6169955730438232,0.12521575391292572,0.8421095013618469,0.7104345560073853,0.06598201394081116,0.39025023579597473,0.7888764142990112,1.4931719303131104,0.4464561641216278,0.10455724596977234,0.024535033851861954,1.289454698562622,0.5259276032447815,0.8094039559364319,0.6374838948249817,0.9043766856193542,1.2847188711166382,1.1638416051864624,1.0216251611709595,1.0364341735839844,0.24689002335071564,0.08333086222410202,0.23825502395629883,0.3890182673931122,0.7707467675209045,0.4786010980606079,1.2894294261932373,2.1978304386138916,0.25875481963157654
1.1284637451171875,0.2090148627758026,2.65718412399292,0.6231966018676758,1.130115270614624,1.6629347801208496,0.5333472490310669,0.5151922702789307,0.6449331641197205,0.12490107864141464,0.13208211958408356,1.687598705291748,1.00791335105896,0.00039999998989515007,0.010758792981505394,1.6972005367279053,0.23089060187339783,0.7415250539779663,1.177296757698059,0.8473632335662842,1.009796142578125,0.782677173614502,0.6356748342514038,0.7487448453903198,0.831818699836731,0.5065467953681946,0.12973462045192719,0.9687743186950684,2.42504620552063,0.4215945601463318,0.4956425130367279,0.6730144619941711,0.12433082610368729,0.9052354097366333,0.8384163975715637,0.2928759455680847,0.2629207372665405,1.02158522605896,0.4423048794269562,1.980147123336792,0.6694431304931641,0.03426528722047806,0.5801972150802612,0.38360241055488586,0.36416614055633545,1.031217336654663,1.7086682319641113,0.5565988421440125,0.8381691575050354,0.24165672063827515,0.07265635579824448,0.5981302261352539,1.438086748123169,0.4754035174846649,1.5145000219345093,1.5871773958206177,0.17729058861732483
0.47905099391937256,0.03916862607002258,2.461792230606079,0.335637629032135,1.7432036399841309,1.1830191612243652,0.7629544734954834,0.8314211964607239,0.7910254001617432,0.31815677881240845,0.2471441924571991,1.3567560911178589,0.7997728586196899,0.00039999998989515007,0.6219016313552856,1.0398645401000977,0.2054959386587143,1.210394024848938,1.2250152826309204,0.7230346202850342,1.3888134956359863,0.2576296925544739,1.3641235828399658,0.7658647298812866,0.4118328392505646,0.338939368724823,0.11157967150211334,1.3929961919784546,1.9558366537094116,0.31240522861480713,0.5887820720672607,1.3322981595993042,0.8700829744338989,0.1208585575222969,1.0772467851638794,0.4187128245830536,0.32465919852256775,1.091731071472168,0.19764599204063416,1.969174861907959,1.6085705757141113,0.20087364315986633,0.6412938833236694,0.05677786096930504,0.7025899291038513,0.726742684841156,0.772445023059845,0.09619902819395065,1.3779847621917725,0.20504868030548096,0.5887466073036194,0.7260302305221558,0.6351098418235779,0.1561504453420639,1.2688826322555542,2.0930094718933105,0.6794734001159668
0.793226957321167,0.38253992795944214,2.3849732875823975,0.7823525071144104,0.5984227061271667,1.5238245725631714,0.12855114042758942,1.0530513525009155,0.2759265601634979,0.28156521916389465,0.6052977442741394,1.7192797660827637,0.19124735891819,0.00039999998989515007,0.9826082587242126,1.4193345308303833,0.7956616878509521,0.5344423055648804,0.5150970816612244,1.2929266691207886,0.11836055666208267,1.1661241054534912,1.9310275316238403,1.4806159734725952,1.388474702835083,0.3840177655220032,0.4672698974609375,0.8957191109657288,1.687403917312622,0.5632566809654236,1.6426758766174316,0.28699803352355957,1.428523302078247,0.36487871408462524,1.090599775314331,0.6512110829353333,0.1143210157752037,0.3192037045955658,0.33338484168052673,1.3878173828125,0.7535821795463562,0.1276639997959137,0.6136564016342163,0.37976720929145813,0.6800393462181091,0.7913560271263123,0.9454505443572998,0.36598482728004456,1.0525768995285034,0.5936870574951172,0.22932319343090057,0.46304765343666077,1.772888422012329,0.5820727944374084,1.4825565814971924,0.6700058579444885,1.0791300535202026
0.4178117513656616,0.12569712102413177,2.2620558738708496,0.348432332277298,0.645941436290741,1.3020392656326294,0.498272180557251,0.8171980381011963,0.47424378991127014,0.19857157766819,0.2516437768936157,1.3933978080749512,1.0808653831481934,0.00039999998989515007,0.058998655527830124,2.1966850757598877,0.3183876574039459,0.8946834802627563,1.2435190677642822,0.7250523567199707,0.19317273795604706,1.0812387466430664,0.03317119926214218,1.085526466369629,0.8701528310775757,0.8325865864753723,0.10341541469097137,1.1606724262237549,2.4648311138153076,0.16337747871875763,0.23988117277622223,1.134289026260376,0.4554096758365631,1.063366174697876,1.110047459602356,0.5901207327842712,0.1762639880180359,1.1909966468811035,0.265850305557251,1.8443727493286133,0.4771198034286499,0.2901168167591095,1.2751076221466064,0.39353492856025696,0.11954755336046219,0.32484108209609985,1.4592255353927612,0.8338301181793213,0.7417351603507996,0.2192213088274002,0.040730807930231094,0.513708770275116,1.8897581100463867,1.1219213008880615,1.5469355583190918,1.142432689666748,0.3643474578857422
1.081752061843872,0.26907655596733093,2.0483694076538086,0.27144762873649597,2.0680668354034424,0.044419821351766586,0.08211933076381683,1.2708159685134888,0.7526170015335083,0.2840018570423126,0.440291166305542,0.8734071254730225,1.4031285047531128,0.00039999998989515007,0.7890923023223877,1.3456900119781494,0.16983802616596222,1.6463485956192017,0.6010980606079102,0.5270147323608398,0.807549238204956,0.7416220903396606,0.9635010957717896,0.49900010228157043,0.3362719714641571,0.6094008684158325,0.6671218872070312,0.9461523294448853,2.0865912437438965,0.2566021978855133,0.09573659300804138,0.2918511629104614,0.4652227759361267,0.8327145576477051,1.311826467514038,0.8189772367477417,0.15326374769210815,1.264376163482666,0.39099904894828796,2.3622915744781494,1.207980751991272,0.6352193355560303,0.648906946182251,0.5156377553939819,0.07001049816608429,0.294251412153244,0.46828219294548035,0.08135968446731567,0.8460372090339661,0.7209049463272095,0.662680447101593,1.4966267347335815,1.6832246780395508,0.7050666809082031,1.7679202556610107,0.9301719069480896,0.3919394910335541
0.7991042733192444,0.045586924999952316,2.6279468536376953,0.4679224193096161,1.3265568017959595,0.8947368860244751,0.4670880138874054,1.2708163261413574,0.0023653723765164614,0.04992338642477989,0.22153666615486145,1.3621280193328857,1.577275276184082,0.00039999998989515007,0.4046768844127655,1.7629858255386353,0.3130652904510498,1.397796392440796,1.2790825366973877,0.6281359195709229,0.9458320140838623,0.5750567317008972,0.9128483533859253,1.3478575944900513,0.5011744499206543,0.014961274340748787,0.48490941524505615,1.089352011680603,1.9170247316360474,0.6867592334747314,0.6127562522888184,0.8780925273895264,0.3314005732536316,0.38248470425605774,1.5149683952331543,0.16917136311531067,0.1654433310031891,0.9582040905952454,0.05391627550125122,1.775830864906311,1.247168779373169,0.18764936923980713,0.6257278323173523,0.3300924599170685,0.376040518283844,0.322426438331604,0.8427326083183289,0.055889979004859924,1.4567646980285645,0.17539548873901367,0.4111311435699463,1.0702641010284424,1.575425386428833,0.588102400302887,1.4096803665161133,1.2189639806747437,0.4225737452507019
0.865327000617981,0.005669711157679558,2.5410685539245605,0.6259583830833435,1.561018705368042,1.6961792707443237,0.6097043752670288,0.9660632610321045,0.9851250052452087,0.3596096634864807,0.13137416541576385,1.6320855617523193,0.7385773062705994,0.00039999998989515007,0.12500208616256714,1.407463550567627,0.4302034080028534,1.3294752836227417,0.6593601107597351,0.7450622916221619,0.8311993479728699,0.7552263140678406,1.0826375484466553,0.24623753130435944,0.4933256208896637,0.6462439894676208,0.01376486849039793,1.0124588012695312,2.359617233276367,0.26257869601249695,0.6027270555496216,0.28962045907974243,0.059744760394096375,0.7427102327346802,0.7671608924865723,0.2521801292896271,0.06139269098639488,1.197573184967041,0.05650244280695915,1.9573265314102173,0.9595062136650085,0.06102935969829559,0.8964192271232605,0.27743464708328247,0.5922582149505615,1.213919997215271,1.0607703924179077,0.29331064224243164,0.994297444820404,0.08851117640733719,0.10871581733226776,0.1762993484735489,1.3099085092544556,0.21166293323040009,1.8923795223236084,1.6792224645614624,0.21876735985279083
0.924579381942749,0.20437069237232208,2.7473483085632324,0.5974418520927429,0.6552428603172302,0.4539104700088501,0.32535308599472046,1.3527328968048096,0.22549203038215637,0.39638081192970276,0.27969878911972046,1.79776132106781,0.6096053719520569,0.00039999998989515007,0.4052654504776001,2.645747184753418,0.12556491792201996,1.5965913534164429,0.6739360690116882,0.9225622415542603,0.08510711789131165,1.1024470329284668,0.6374878883361816,0.5827248096466064,0.3235682249069214,0.3823893368244171,0.9377414584159851,0.6042455434799194,1.4125593900680542,0.21628530323505402,0.8767639398574829,0.26430466771125793,0.35555505752563477,0.590719997882843,0.920939028263092,0.4687429368495941,0.8482518792152405,0.3514597713947296,0.010203059762716293,2.0429863929748535,1.0982539653778076,0.11965756118297577,1.009738802909851,0.029216689988970757,0.6730201840400696,0.24009092152118683,0.5691548585891724,0.448798269033432,1.340875267982483,0.4468962550163269,0.4786723852157593,0.9112247824668884,1.8037419319152832,1.3456107378005981,1.7100608348846436,0.2998923063278198,0.9225155711174011
0.9932655096054077,0.04546675831079483,2.6357946395874023,0.3179936707019806,1.2899609804153442,0.813156247138977,0.5118536949157715,1.4964089393615723,0.003023414872586727,0.21929287910461426,0.21189144253730774,1.334380865097046,1.3174182176589966,0.00039999998989515007,0.07896670699119568,2.5708250999450684,0.17963767051696777,2.041435480117798,1.0521371364593506,0.2523934543132782,0.42994874715805054,0.7156131863594055,0.3851314187049866,0.8745826482772827,0.28949210047721863,0.2473917454481125,0.5894259810447693,0.6714374423027039,1.7711286544799805,0.482782781124115,0.36146116256713867,0.6522433161735535,0.21103210747241974,0.5096678137779236,1.0329034328460693,0.3815996050834656,0.6115426421165466,0.9535477757453918,0.16372638940811157,1.9445370435714722,0.9934839010238647,0.2637508511543274,1.1059285402297974,0.09136878699064255,0.41481542587280273,0.350603848695755,0.5098294615745544,0.07465819269418716,1.4177814722061157,0.23012201488018036,0.023238394409418106,0.816277265548706,1.6665565967559814,0.8488718271255493,1.6907719373703003,1.0351066589355469,0.1574556529521942
0.8166546821594238,0.309021532535553,2.370022773742676,0.32001736760139465,1.0420032739639282,0.6153613924980164,0.4336574375629425,1.591354489326477,0.09400775283575058,0.036541976034641266,0.08548358827829361,1.1942108869552612,1.3311195373535156,0.00039999998989515007,0.01123728696256876,2.6329853534698486,0.2810903787612915,2.0845119953155518,0.8498114347457886,0.2531847357749939,0.038804639130830765,1.0465764999389648,0.13909649848937988,0.8228740692138672,0.2820069491863251,0.2606479525566101,0.5961501598358154,0.748644232749939,1.6306936740875244,0.5769401788711548,0.5019307732582092,0.9438391327857971,0.13112932443618774,0.4750233292579651,1.1897982358932495,0.37495124340057373,0.5315853953361511,0.7540543079376221,0.10016678273677826,1.835497260093689,0.9691107273101807,0.239507257938385,1.3844367265701294,0.1612202674150467,0.46677881479263306,0.0122864730656147,0.5315136909484863,0.27070751786231995,1.4224501848220825,0.15743589401245117,0.25655597448349,0.9190883040428162,1.8818575143814087,1.0762394666671753,1.856661319732666,0.7953004837036133,0.46581974625587463
1.2493606805801392,0.3030480146408081,2.5613315105438232,0.10060257464647293,1.3564246892929077,0.928027868270874,0.756159782409668,1.5563122034072876,0.03602781146764755,0.1565563976764679,0.24876531958580017,1.1496500968933105,1.2738981246948242,0.00039999998989515007,0.14950762689113617,2.1241939067840576,0.5070263743400574,2.1823883056640625,0.9700350761413574,0.07687823474407196,0.1868884265422821,0.8801426887512207,0.20191603899002075,0.7627984881401062,0.7651429772377014,0.3451477289199829,0.3206256031990051,0.4054259955883026,2.1831188201904297,0.6897799968719482,0.09049530327320099,0.5019544959068298,0.30631762742996216,0.5904820561408997,1.0484362840652466,0.32305940985679626,0.45764318108558655,1.3695356845855713,0.04795929044485092,1.7221403121948242,0.6431146264076233,0.46525681018829346,1.1667590141296387,0.2736019790172577,0.32744520902633667,0.30810704827308655,0.5592445135116577,0.036087632179260254,1.55880606174469,0.31721535325050354,0.11780361086130142,0.7779604196548462,1.6901408433914185,0.41846704483032227,1.6655362844467163,0.7908793687820435,0.29069554805755615
0.850400447845459,0.22354696691036224,2.3397505283355713,0.24494586884975433,1.2853995561599731,0.522402286529541,0.5126023292541504,1.881798505783081,0.2023686170578003,0.20569179952144623,0.22739948332309723,1.1366920471191406,1.5437597036361694,0.00039999998989515007,0.2384939044713974,2.585500717163086,0.2011955976486206,2.393235206604004,1.0294456481933594,0.05860390141606331,0.2212485671043396,0.5781668424606323,0.17743097245693207,1.0194199085235596,0.2076939195394516,0.013072633184492588,0.7318792343139648,0.5211577415466309,1.47487473487854,0.5375205874443054,0.2595904767513275,0.8901936411857605,0.3208251893520355,0.31847670674324036,1.068081021308899,0.6344194412231445,0.5677394270896912,0.9298831820487976,0.01722661219537258,1.7494869232177734,1.018682599067688,0.6184733510017395,1.23778235912323,0.05007561668753624,0.5352631211280823,0.09468726813793182,0.06984606385231018,0.21924206614494324,1.4946380853652954,0.11968439072370529,0.1574656069278717,0.845962643623352,1.600725531578064,0.8013187646865845,1.737657904624939,0.9741184115409851,0.1621943712234497
0.41668522357940674,0.5674130916595459,0.6047413349151611,0.2152433693408966,1.3043406009674072,0.5259112119674683,0.3580225706100464,1.906358003616333,0.2143593430519104,0.11750420182943344,0.1967180371284485,0.43049782514572144,2.0710721015930176,0.00039999998989515007,0.3294795751571655,2.6263325214385986,0.10373631119728088,1.6580731868743896,0.6555799245834351,0.37424978613853455,0.3750007748603821,0.5868162512779236,0.6070812344551086,1.2683037519454956,0.0012755431234836578,0.025507306680083275,0.028974492102861404,1.2389520406723022,1.3722420930862427,0.5198804140090942,0.32257285714149475,1.2739332914352417,0.5563471913337708,1.1370933055877686,1.3722541332244873,0.36019349098205566,0.13775502145290375,0.9728313684463501,0.4254307746887207,1.6352492570877075,0.1877671182155609,0.41116049885749817,1.2063534259796143,0.3137405216693878,0.2158682495355606,0.7520310282707214,0.0619729645550251,0.9875960946083069,0.03761696442961693,0.6935037970542908,0.046743251383304596,0.8178496956825256,2.428847074508667,1.6369943618774414,1.7451001405715942,1.0164973735809326,0.015476399101316929
0.8282296657562256,0.22700032591819763,2.467205047607422,0.1312423199415207,1.3738808631896973,0.6878829002380371,0.8128045797348022,1.8160762786865234,0.016095921397209167,0.0997287854552269,0.19348512589931488,1.2021812200546265,1.593696117401123,0.00039999998989515007,0.20706585049629211,2.2750957012176514,0.5252934694290161,2.4960951805114746,0.766349196434021,0.11591169238090515,0.08389260619878769,0.8688654899597168,0.03359417989850044,0.5267206430435181,0.5701982378959656,0.36390450596809387,0.1526171863079071,0.47238507866859436,1.714746117591858,0.67037433385849,0.06888040155172348,0.5750160217285156,0.27618610858917236,0.6025910973548889,1.3619507551193237,0.6719539165496826,0.43138808012008667,1.1086561679840088,0.17576484382152557,1.5894073247909546,0.8733533024787903,0.39420852065086365,0.9952154755592346,0.20583979785442352,0.37106266617774963,0.04809088632464409,0.3219166100025177,0.06099485233426094,1.5797196626663208,0.1435198187828064,0.35144293308258057,0.8346567153930664,1.948649287223816,0.623453676700592,1.606596827507019,0.4081953465938568,0.2513704299926758
0.6195460557937622,0.255891889333725,1.9335036277770996,0.29726484417915344,0.7395299673080444,0.46364253759384155,0.04784950986504555,2.0994656085968018,0.57688969373703,0.7913551330566406,0.5821506381034851,0.9787936806678772,1.321377158164978,0.00039999998989515007,0.42417722940444946,2.285112142562866,0.21036122739315033,2.3201868534088135,1.080112338066101,0.10987858474254608,0.043556369841098785,0.0011286395601928234,0.06786391884088516,1.2861807346343994,0.16811002790927887,0.5007619857788086,1.4644395112991333,0.08851402997970581,0.536532998085022,0.5214136242866516,0.36910104751586914,1.0052434206008911,0.746083676815033,0.022631743922829628,0.6580539345741272,1.3024150133132935,1.1183072328567505,0.6546311974525452,0.24842004477977753,1.2591687440872192,1.3338836431503296,1.4469411373138428,1.0877763032913208,0.023592103272676468,1.0901265144348145,0.8669233918190002,0.5163899660110474,0.6648678183555603,1.785211443901062,0.10317426919937134,0.20791660249233246,0.9309602379798889,1.1835923194885254,0.8526906371116638,1.457687258720398,0.614507794380188,0.6611342430114746
1.1065330505371094,0.7741839289665222,1.7038754224777222,0.5230500102043152,0.34400805830955505,0.21554887294769287,0.008630362339317799,1.7933268547058105,1.3074785470962524,0.4654167890548706,0.25672468543052673,0.3743405044078827,1.0591312646865845,0.00039999998989515007,0.5873953104019165,2.454601287841797,1.0348093509674072,2.2003395557403564,0.8570492267608643,0.29283607006073,0.16945688426494598,0.4921641945838928,0.5183394551277161,0.851423978805542,0.06835196912288666,0.2767851948738098,1.602294921875,0.5505182147026062,1.0384153127670288,0.41669657826423645,0.28522586822509766,0.14054150879383087,0.9535650610923767,0.42404794692993164,0.5334254503250122,1.0689070224761963,1.7252182960510254,1.1735477447509766,0.6715785264968872,1.906212568283081,0.9193366765975952,1.033696174621582,1.4769566059112549,0.07730729877948761,1.6134487390518188,0.11950148642063141,0.7126097679138184,0.5333569645881653,0.19199423491954803,0.22556886076927185,0.12061300128698349,0.10375697165727615,1.5152031183242798,0.2639666497707367,1.5640336275100708,0.4224507808685303,0.03037252463400364
1.316919207572937,0.7083463072776794,2.1700265407562256,0.2792419493198395,1.3935843706130981,0.26099613308906555,0.3404143452644348,2.1281790733337402,0.379136323928833,0.011137249879539013,0.15948499739170074,0.6452038288116455,1.2540619373321533,0.00039999998989515007,0.5348498225212097,1.8755333423614502,0.26323220133781433,2.9300992488861084,0.6180567145347595,0.3984178900718689,0.3627604842185974,0.504945695400238,0.14478962123394012,0.5625758767127991,0.015305805020034313,0.20185703039169312,0.8509458899497986,0.033681720495224,1.7531301975250244,0.328904390335083,0.35508954524993896,0.38270795345306396,0.4527692496776581,0.16351616382598877,0.3665778338909149,0.8804268836975098,0.601188600063324,1.7154849767684937,0.15726028382778168,1.9375340938568115,0.6914913058280945,1.0002127885818481,1.2878588438034058,0.37469133734703064,0.6825631856918335,0.22023893892765045,0.5583154559135437,0.43963634967803955,1.3979485034942627,0.46119147539138794,0.13190339505672455,0.8068969249725342,1.1628409624099731,0.09794136136770248,1.633192777633667,0.7931920289993286,0.5083921551704407
1.0467537641525269,0.21719080209732056,2.3878090381622314,0.07170321047306061,1.5675498247146606,0.8520530462265015,0.6823672652244568,2.3538639545440674,0.013649349100887775,0.16271141171455383,0.32345086336135864,1.0550776720046997,1.0926920175552368,0.00039999998989515007,0.09912388026714325,2.5544843673706055,0.18136554956436157,3.097007989883423,0.7560720443725586,0.522182822227478,0.36506566405296326,0.25368446111679077,0.22059407830238342,0.5579293966293335,0.013482912443578243,0.07300295680761337,0.6149381399154663,0.28830599784851074,1.5656607151031494,0.09793960303068161,0.07399178296327591,0.3579263389110565,0.4590420722961426,0.1535397171974182,0.5800526142120361,0.42230236530303955,0.4364556670188904,1.0525356531143188,0.08127995580434799,1.7747704982757568,0.5278158187866211,0.6866068840026855,1.238087773323059,0.14170528948307037,0.43236812949180603,0.32764071226119995,0.3551364839076996,0.17143753170967102,1.4948806762695312,0.37631523609161377,0.23841197788715363,0.5383113622665405,1.1079089641571045,0.208672434091568,1.6121147871017456,1.113196611404419,0.2412479966878891
1.0529983043670654,0.9767982363700867,1.083990216255188,0.424051970243454,0.7061501145362854,1.0746595859527588,1.2136561870574951,2.2970151901245117,1.4785667657852173,0.609687089920044,1.4463791847229004,0.062067948281764984,0.6482348442077637,0.00039999998989515007,0.6380594968795776,2.1046831607818604,0.42838042974472046,2.86305832862854,0.12815290689468384,1.5019887685775757,0.3179274797439575,0.04022247716784477,0.11035411804914474,1.2900025844573975,1.021087408065796,1.3090041875839233,1.0721744298934937,0.6552987098693848,0.07484583556652069,1.2116323709487915,0.8805436491966248,0.5151867866516113,0.01343004871159792,0.5893465876579285,0.09095840901136398,0.4224906265735626,0.9545859098434448,0.6084956526756287,0.24346861243247986,0.5487481951713562,0.018991859629750252,1.4626988172531128,1.3260092735290527,1.1907461881637573,0.7898709177970886,0.3509794771671295,0.8602461218833923,0.6028155088424683,1.4256736040115356,0.1757999062538147,0.21647697687149048,0.09089130163192749,0.7253329157829285,0.25023558735847473,1.1006289720535278,0.7312536239624023,0.23257240653038025
0.00798039697110653,1.4399563074111938,0.08296021819114685,0.1920728087425232,0.634145200252533,1.2232844829559326,0.7708513140678406,2.5005857944488525,1.5426650047302246,0.06101812794804573,1.024259090423584,0.3392000198364258,1.0610063076019287,0.00039999998989515007,0.9261471629142761,2.219248056411743,0.7221512794494629,2.299839496612549,0.35012856125831604,1.178024172782898,1.2633954286575317,0.7238655686378479,0.6585822105407715,1.263476848602295,1.0570130348205566,1.0497345924377441,0.268796443939209,0.10441591590642929,0.19904790818691254,1.3087551593780518,0.6221025586128235,0.5309460163116455,0.6044476628303528,0.48224449157714844,0.5200658440589905,0.1907559186220169,0.3811304569244385,0.5196678638458252,0.9101482033729553,0.5506261587142944,0.7391397953033447,0.8342410922050476,1.3169702291488647,1.5648906230926514,0.42263323068618774,0.8443875312805176,0.7667617201805115,0.1671501249074936,0.07895947992801666,0.3819767236709595,0.12395834922790527,0.005108315963298082,2.1693005561828613,0.6915441155433655,1.3387864828109741,0.11718475073575974,0.2915722131729126
0.16957977414131165,0.6887999773025513,1.153784155845642,0.2602784037590027,0.12342224270105362,0.8989579081535339,0.3641175925731659,2.691939353942871,0.7725147008895874,0.6200178265571594,0.39546898007392883,0.6067642569541931,0.6375201344490051,0.00039999998989515007,0.28275424242019653,2.3656601905822754,0.06016399338841438,2.423994302749634,0.01148010604083538,0.09799223393201828,0.7666251063346863,0.4744064509868622,0.012821890413761139,1.1648719310760498,0.2155534327030182,0.573651134967804,1.481742024421692,0.13086672127246857,0.13360700011253357,0.22915256023406982,0.6849673390388489,0.9789443612098694,0.09339182823896408,0.6262794733047485,0.5466319918632507,0.902032732963562,0.6876943707466125,0.01840698905289173,0.49278315901756287,1.099196434020996,1.0493582487106323,1.0649166107177734,1.4732882976531982,0.4423789083957672,1.0780223608016968,1.1491899490356445,0.9012333750724792,0.9859394431114197,1.5723167657852173,0.10828190296888351,0.37620189785957336,1.0949758291244507,1.2363742589950562,1.4746323823928833,1.6178337335586548,0.2313922941684723,1.3127272129058838
0.09484785795211792,0.5110320448875427,1.377150297164917,0.005245828069746494,0.7314673662185669,0.026715602725744247,0.5944607257843018,3.0760042667388916,0.8817000389099121,0.7441871166229248,0.5156105160713196,0.6167156100273132,0.9384876489639282,0.00039999998989515007,0.21767577528953552,2.921515703201294,0.0061696982011199,3.180758237838745,0.5243669748306274,0.7720388174057007,0.26013869047164917,0.10135594755411148,0.2676470875740051,1.3302993774414062,0.1038808822631836,0.7176669239997864,0.9764277935028076,0.04471243545413017,0.2440437525510788,0.29744261503219604,0.18102477490901947,0.9477658867835999,0.43974608182907104,0.34377825260162354,0.407880961894989,0.6849329471588135,0.7004926204681396,0.5221619009971619,0.33862847089767456,1.2072036266326904,0.5643894672393799,1.0824626684188843,1.3023688793182373,0.32854822278022766,0.9743502736091614,0.819566547870636,1.0146219730377197,0.25989681482315063,1.3606443405151367,0.3549851179122925,0.31544438004493713,0.5446763634681702,1.0979623794555664,0.9388430714607239,1.3722481727600098,0.766781747341156,0.49600842595100403
0.4721086025238037,0.46545150876045227,0.6452040076255798,0.34400901198387146,0.588252604007721,1.5704805850982666,0.5145395398139954,2.1913726329803467,1.1401840448379517,0.7884237170219421,1.2488154172897339,0.27215710282325745,0.42148956656455994,0.00039999998989515007,1.300458312034607,1.5765459537506104,0.05652133747935295,2.3529365062713623,0.519097089767456,1.5789536237716675,0.39606761932373047,0.7697280645370483,0.14610451459884644,1.4627563953399658,0.3355119228363037,2.1173312664031982,0.5153462290763855,0.38921380043029785,1.7562477588653564,0.1412636786699295,1.0053354501724243,1.6276787519454956,0.7651852369308472,1.152634859085083,0.15411192178726196,0.3329002857208252,0.9117681384086609,0.6619776487350464,1.2285236120224,0.03125908598303795,0.5021531581878662,0.5484451055526733,0.6557533144950867,0.770612359046936,0.5082799196243286,0.727268397808075,1.4600238800048828,0.14723576605319977,0.026637116447091103,0.19417020678520203,0.6732184290885925,0.3675957918167114,0.5782404541969299,0.025721250101923943,0.3235846757888794,1.6593059301376343,0.03198053315281868
0.9377049803733826,0.39636126160621643,2.069337844848633,0.0903487429022789,0.9084466695785522,1.5921895503997803,0.018399499356746674,3.128546714782715,0.11161308735609055,0.08820603787899017,1.2587398290634155,1.1717387437820435,0.28497686982154846,0.00039999998989515007,0.31566664576530457,2.380021572113037,1.0657944679260254,3.692631721496582,1.3215339183807373,0.7957023978233337,0.0033128391951322556,0.5390698313713074,0.5667436718940735,1.0112905502319336,0.8051806092262268,0.3403279781341553,0.7697891592979431,0.3020917475223541,0.49218419194221497,0.598444402217865,0.31432440876960754,0.5326927900314331,0.04565899074077606,0.15905849635601044,0.15354272723197937,0.15602421760559082,0.17975959181785583,0.19900426268577576,0.014099490828812122,0.6126030087471008,0.33376359939575195,0.9591745734214783,1.1366231441497803,0.23246842622756958,0.03559470921754837,0.46362602710723877,0.6566075086593628,0.06533428281545639,1.0927432775497437,0.7365210056304932,1.2222778797149658,0.5493963360786438,0.03980586677789688,0.25223508477211,0.5470740795135498,0.49972307682037354,0.8244406580924988
0.06916046142578125,0.381747305393219,1.1865413188934326,0.056420326232910156,0.8109598159790039,0.4156024754047394,0.6273828744888306,3.6076130867004395,0.751300573348999,0.529281735420227,0.41018369793891907,0.5761908888816833,0.9103297591209412,0.00039999998989515007,0.20425313711166382,3.0350728034973145,0.15182390809059143,3.7664811611175537,0.5095428824424744,1.0014657974243164,0.2349860519170761,0.3546544909477234,0.43073952198028564,1.1128395795822144,0.06193901225924492,0.6853938698768616,0.7478089928627014,0.11120980978012085,0.23607785999774933,0.016710683703422546,0.06044843792915344,0.7485030889511108,0.4419824182987213,0.08872205018997192,0.35899269580841064,0.5189971923828125,0.5030801296234131,0.4780638813972473,0.4149910509586334,0.989975094795227,0.1025392934679985,1.0716084241867065,1.2562600374221802,0.31466999650001526,0.6310781240463257,0.7778333425521851,1.07941472530365,0.07514438778162003,1.0861586332321167,0.3573494851589203,0.38719215989112854,0.13292144238948822,0.9677351713180542,0.6052066087722778,1.2232745885849,0.6808561086654663,0.09962901473045349
0.5319404602050781,0.6171512007713318,0.546062707901001,0.10099971294403076,0.059980668127536774,1.227578043937683,0.5115599036216736,3.140408515930176,1.3175009489059448,0.5229169726371765,1.1713627576828003,0.03571050241589546,0.03545359894633293,0.00039999998989515007,0.602713406085968,1.9359499216079712,0.33472007513046265,3.3205010890960693,0.01060362160205841,1.5626513957977295,0.4079589247703552,0.5398291349411011,0.026565134525299072,1.1017004251480103,0.512027382850647,1.3247891664505005,1.3088856935501099,0.7367964386940002,0.6764330863952637,0.0044544595293700695,0.8730903267860413,0.5197190046310425,0.19310609996318817,1.2351913452148438,0.7266625165939331,0.040190014988183975,0.35281452536582947,0.08398386836051941,0.12055855244398117,0.05694938823580742,0.27747681736946106,1.343912124633789,1.537829875946045,0.6248313188552856,0.3534957766532898,0.33310848474502563,1.4882060289382935,0.7830554842948914,1.1240495443344116,0.39167526364326477,0.5292511582374573,0.8118367195129395,0.4757656753063202,0.6833406090736389,0.8771572113037109,0.9204621911048889,0.03580966591835022
0.01667383499443531,0.29474788904190063,1.1490470170974731,0.17004895210266113,0.35076355934143066,0.8862875699996948,0.4806458055973053,4.006185531616211,0.7366355657577515,0.322980135679245,0.17638355493545532,0.17805573344230652,0.8829423785209656,0.00039999998989515007,0.03629317134618759,2.3261470794677734,0.33236873149871826,3.9889423847198486,0.1749221682548523,0.6287329196929932,0.058181628584861755,0.10054077208042145,0.130455881357193,1.152533769607544,0.1581772118806839,0.6248732209205627,1.4500137567520142,0.4621424973011017,0.2101694494485855,0.42747652530670166,0.8426994681358337,0.4862756133079529,0.4362053871154785,0.0632600486278534,0.42561864852905273,0.02391005866229534,0.1979905068874359,0.19713647663593292,0.4893067479133606,0.8454251885414124,0.13289546966552734,0.9078607559204102,1.7796317338943481,0.11831910908222198,0.5583770275115967,0.586026132106781,0.962782084941864,0.5108164548873901,0.8479503989219666,0.23214790225028992,0.08738864958286285,0.27425089478492737,1.0538299083709717,0.14874544739723206,1.2884966135025024,0.5025025606155396,0.2569512128829956
0.5295634865760803,0.2015581578016281,0.6598175764083862,0.5513105392456055,0.8297361135482788,2.2801849842071533,0.9624125361442566,2.2963948249816895,0.16707022488117218,0.6439183950424194,1.149793028831482,1.376619577407837,0.40577030181884766,0.00039999998989515007,0.6713181138038635,0.21844986081123352,0.7018975615501404,2.5114755630493164,1.02560293674469,1.1903918981552124,0.5477474331855774,0.22962437570095062,0.8943324089050293,1.51780366897583,0.5914844274520874,1.2642343044281006,0.08574182540178299,0.7329263687133789,0.507127046585083,0.17579680681228638,1.0937224626541138,1.1486520767211914,0.07715841382741928,0.9756938219070435,0.0531812459230423,1.2168631553649902,1.7004470825195312,0.2510628402233124,1.2452009916305542,0.007254638709127903,0.633315920829773,0.22478541731834412,0.9486991763114929,1.1976597309112549,1.5382065773010254,0.15959244966506958,0.500169575214386,0.0953940823674202,0.09138821065425873,0.13210360705852509,0.45901551842689514,0.3032721281051636,0.02534674108028412,0.8163774013519287,0.19689427316188812,1.5819016695022583,1.0509436130523682
0.17087221145629883,0.13365784287452698,0.8780390620231628,0.4491102993488312,0.8661361932754517,0.369839072227478,0.1909022331237793,4.323455810546875,0.1703900545835495,0.15225747227668762,0.027282197028398514,0.5329971313476562,1.430006742477417,0.00039999998989515007,0.2414133995771408,2.2663683891296387,0.46221643686294556,4.487578868865967,0.10021306574344635,0.6564273238182068,0.11330822855234146,0.21567846834659576,0.5011988878250122,0.3870667517185211,0.1934601366519928,0.3762328028678894,0.5953529477119446,0.08418620377779007,0.07468267530202866,0.2269289642572403,0.13950137794017792,0.709194004535675,0.3017313778400421,0.08880316466093063,0.7990261316299438,0.8798152804374695,0.15142454206943512,0.11275540292263031,0.6628348231315613,0.5246118307113647,0.2586159110069275,0.9926779270172119,1.0249911546707153,0.1506190448999405,0.14179207384586334,0.8123226761817932,0.9505334496498108,0.0015559407183900476,0.8634395599365234,0.3816893398761749,0.33835166692733765,0.1386432647705078,1.0295120477676392,0.1981571912765503,1.2574400901794434,0.2167273759841919,0.2710305452346802
0.13601991534233093,0.255653977394104,0.5351263880729675,0.3388867974281311,0.6294559240341187,0.5067763924598694,0.06747101247310638,4.512175559997559,0.4098334014415741,0.07531775534152985,0.17030680179595947,0.3175840675830841,0.6992363333702087,0.00039999998989515007,0.10286648571491241,2.369480848312378,0.2069370001554489,4.645402431488037,0.05110260844230652,0.8698844909667969,0.16623994708061218,0.45105475187301636,0.3479153513908386,0.5599349141120911,0.3973139822483063,0.6569247245788574,0.8731729388237,0.0789112001657486,0.5019406676292419,0.5723556876182556,0.07196462154388428,0.7316741943359375,0.4449390470981598,0.11336743086576462,0.2446017563343048,0.5706475377082825,0.1290268450975418,0.09987616539001465,0.7530069351196289,0.5249601602554321,0.00445841858163476,1.0709422826766968,1.156934380531311,0.3673786222934723,0.005731301382184029,0.8863357901573181,1.2703548669815063,0.14666709303855896,0.56697016954422,0.14451192319393158,0.13333210349082947,0.13135212659835815,0.4644811749458313,0.19736696779727936,1.0139615535736084,0.37807372212409973,0.025630023330450058
0.1704985648393631,0.1623494029045105,0.48283499479293823,0.3447968661785126,0.3554293215274811,0.7165480852127075,0.5314427018165588,4.676674842834473,0.5522785186767578,0.06269799172878265,0.19714093208312988,0.3863607347011566,0.9235729575157166,0.00039999998989515007,0.000742702221032232,2.423909902572632,0.403645396232605,4.514433860778809,0.23538418114185333,1.0390280485153198,0.3222082257270813,0.5605911016464233,0.6295856833457947,0.6933706998825073,0.010293501429259777,0.710168182849884,0.6734393835067749,0.38084277510643005,0.3774951100349426,0.2981913387775421,0.10249040275812149,0.6153978705406189,0.2591701149940491,0.24273979663848877,0.21159178018569946,0.509687066078186,0.05543435737490654,0.12496405839920044,0.33357003331184387,0.046856094151735306,0.13750028610229492,1.1159693002700806,1.0841602087020874,0.08786225318908691,0.08715970069169998,0.7730013728141785,1.1765950918197632,0.03228092938661575,0.5798784494400024,0.2925289273262024,0.48230934143066406,0.4538016617298126,0.42001596093177795,0.034103408455848694,0.990401029586792,0.4051961898803711,0.3223364055156708
0.7053782939910889,0.04567061737179756,0.41325318813323975,0.628440797328949,0.6284646987915039,0.1815890669822693,0.017560061067342758,4.4282097816467285,0.06419648975133896,0.25405338406562805,0.2144872546195984,0.4657403528690338,1.153889536857605,0.00039999998989515007,0.05137408897280693,1.967865228652954,0.5087053775787354,4.593166351318359,0.31220754981040955,0.3080901801586151,0.126337930560112,0.14771069586277008,0.614557683467865,0.035254813730716705,0.6194482445716858,0.3280033469200134,0.194414883852005,0.36631178855895996,0.6345174908638,0.4638673961162567,0.12763138115406036,1.0985994338989258,0.18189644813537598,0.10090723633766174,0.9879482388496399,0.8298793435096741,0.5735718011856079,0.32057422399520874,1.0907292366027832,0.32385677099227905,0.3368763327598572,0.5008360743522644,0.7331908941268921,0.18887226283550262,0.32960084080696106,1.0835936069488525,0.8096508979797363,0.060582417994737625,0.6708433628082275,0.8012577891349792,0.21171565353870392,0.3466850221157074,0.9150048494338989,0.5392730832099915,0.9237908124923706,0.05179091915488243,0.02744758501648903
0.19340871274471283,0.5561906099319458,0.13345114886760712,0.07513423264026642,0.36338362097740173,1.238728642463684,0.3875400125980377,3.928351640701294,1.0596295595169067,0.21799823641777039,0.38888150453567505,0.3796966075897217,0.49246713519096375,0.00039999998989515007,0.4733586609363556,1.5448390245437622,0.15295276045799255,3.7856664657592773,0.6064637303352356,1.3621774911880493,0.2738771140575409,0.6581456661224365,0.09141162782907486,0.5038641095161438,0.008322580717504025,1.0834122896194458,1.1073707342147827,0.6032240986824036,0.6145147681236267,0.7012245655059814,0.49258068203926086,0.18890303373336792,0.22287265956401825,1.3889678716659546,1.0005329847335815,0.5125669836997986,0.18148858845233917,0.14515385031700134,0.1462205946445465,0.2158919721841812,0.554205060005188,0.9264965057373047,1.5511815547943115,0.33791685104370117,0.15534505248069763,0.335985004901886,1.5008325576782227,0.580052375793457,0.8125414252281189,0.44699686765670776,0.036018453538417816,0.9998133182525635,0.8995149731636047,0.9828370213508606,0.6524277329444885,0.7858351469039917,0.023104453459382057
0.33460533618927,0.3740425407886505,0.23132243752479553,0.18821744620800018,0.25156620144844055,0.6452332735061646,0.4839794337749481,4.850449562072754,0.056083373725414276,0.5278134942054749,0.25387611985206604,0.18947738409042358,0.22716975212097168,0.00039999998989515007,0.01128253061324358,1.9024680852890015,0.5878024697303772,4.978054523468018,0.35421890020370483,0.8422628045082092,0.6425676941871643,0.1814233809709549,0.7510862946510315,0.13080652058124542,0.41512492299079895,0.17133933305740356,0.20733802020549774,0.18126019835472107,0.2764425277709961,0.8598355054855347,0.24156834185123444,0.7051798701286316,0.18457835912704468,0.28344374895095825,0.19716012477874756,0.14083550870418549,0.4271564483642578,0.15469177067279816,0.788381814956665,0.00987036433070898,0.20432983338832855,0.6018102169036865,1.3625432252883911,0.5088900923728943,0.08283276110887527,0.7006058692932129,1.0456221103668213,0.14934933185577393,0.7142646908760071,0.3848986029624939,0.06586915999650955,0.3598819673061371,0.13493256270885468,0.07252432405948639,0.9226927161216736,0.1318349391222,0.05764271691441536
0.4442007541656494,0.06761393696069717,0.2937083840370178,0.23565147817134857,0.16364270448684692,0.7853423357009888,0.8416153192520142,4.940227031707764,0.5088780522346497,0.2689720094203949,0.0446578748524189,0.34355178475379944,0.25329869985580444,0.00039999998989515007,0.1876019388437271,2.640676975250244,0.22828607261180878,4.693379878997803,0.02837851271033287,0.9409797787666321,0.26400744915008545,0.8151733875274658,0.8433299660682678,0.4116136431694031,0.2598879337310791,0.5215557813644409,0.22061482071876526,0.44997936487197876,0.28323277831077576,0.6818846464157104,0.5521584749221802,0.15886542201042175,0.2691625952720642,0.020157361403107643,0.005405022297054529,0.2096753716468811,0.14235705137252808,0.008359873667359352,0.3333452045917511,0.09378838539123535,0.44597265124320984,0.7079125046730042,0.8332686424255371,0.06165395304560661,0.22777439653873444,0.5390034317970276,1.159186840057373,0.5349986553192139,0.3970750868320465,0.7037794589996338,0.3149254322052002,0.5952087044715881,0.27995774149894714,0.207454115152359,0.5796167254447937,0.21929879486560822,0.2627226710319519
0.3917984366416931,0.00431520352140069,1.1739840507507324,1.06291663646698,0.5389699935913086,0.5826507210731506,1.3432520627975464,3.97463059425354,0.726290225982666,0.2691246569156647,0.2062406688928604,0.38537198305130005,0.5565411448478699,0.00039999998989515007,0.02853543870151043,1.282809853553772,1.2297968864440918,2.9881250858306885,0.5815706849098206,1.3570078611373901,0.6359029412269592,1.320911169052124,0.7507489323616028,0.19615915417671204,0.09853792935609818,1.2078933715820312,0.31722334027290344,0.7347776293754578,0.6864245533943176,0.14568738639354706,0.8149980306625366,0.769636332988739,0.32473504543304443,0.20497925579547882,0.15200243890285492,0.460989773273468,0.7787567973136902,1.0606168508529663,0.2870205044746399,1.2632107734680176,0.950447142124176,1.7540125846862793,0.10014767944812775,0.48074689507484436,0.28502002358436584,1.2858258485794067,0.43210920691490173,0.6115739941596985,0.5736503005027771,0.44004765152931213,0.15351521968841553,0.818681001663208,0.4625993072986603,0.10034850239753723,0.6401105523109436,0.9362653493881226,0.04572038725018501
0.28099095821380615,0.05430667847394943,0.04256770387291908,0.36066243052482605,0.10787645727396011,0.7438194155693054,0.3981029689311981,4.947940349578857,0.4681903123855591,0.09656817466020584,0.04225795716047287,0.25938698649406433,0.151725634932518,0.00039999998989515007,0.09678597003221512,1.8286067247390747,0.18942366540431976,4.708022594451904,0.07540342211723328,0.9549989104270935,0.3043025732040405,0.8489841222763062,0.6563820242881775,0.19774706661701202,0.349001407623291,0.5563087463378906,0.6470469832420349,0.7266597151756287,0.7993701100349426,0.955668032169342,0.2551266849040985,0.29318517446517944,0.3272802531719208,0.5508033633232117,0.36968034505844116,0.3664717376232147,0.11898859590291977,0.365974098443985,0.18090645968914032,0.3446776866912842,0.17858430743217468,0.9766027331352234,0.9441230297088623,0.022090205922722816,0.14235681295394897,0.4875229001045227,1.4455013275146484,0.059130456298589706,0.31789106130599976,0.31976595520973206,0.47484076023101807,0.8709952235221863,0.5034602284431458,0.3349301218986511,0.5840514302253723,0.29771289229393005,0.3426825702190399
0.10179189592599869,0.3278612792491913,0.21218204498291016,0.15466363728046417,0.34253349900245667,1.326969861984253,1.0816487073898315,4.294895172119141,0.6701266765594482,0.06069463491439819,0.24693717062473297,0.027774788439273834,0.4601728320121765,0.00039999998989515007,0.1945507526397705,1.1889442205429077,0.3722763657569885,4.244365692138672,0.312707781791687,1.1998754739761353,0.42104464769363403,0.8365441560745239,0.5648434162139893,0.019030587747693062,0.10611695796251297,0.783548891544342,0.35676655173301697,1.026999592781067,0.9888083338737488,0.8009985089302063,0.02913188748061657,0.30975407361984253,0.0640576183795929,1.0588589906692505,0.84537273645401,0.05528825521469116,0.18061724305152893,0.4179116189479828,0.16343702375888824,0.7703556418418884,0.3534446954727173,0.8982325196266174,0.9222645163536072,0.35892921686172485,0.1510511040687561,0.15957972407341003,1.3900914192199707,0.261334091424942,0.4132393002510071,0.3293907642364502,0.6226680874824524,1.2798779010772705,1.1713515520095825,0.9390907883644104,0.3201713263988495,0.5125923752784729,0.3042781352996826
0.4809891879558563,0.09662284702062607,0.021052053198218346,0.16308385133743286,0.07110944390296936,1.3880832195281982,1.3135453462600708,4.826095104217529,0.3443160653114319,0.04364679753780365,0.256531685590744,0.19633111357688904,0.30629944801330566,0.00039999998989515007,0.10282377898693085,1.9729564189910889,0.15904688835144043,4.555736541748047,0.09907364845275879,1.0589394569396973,0.11184462904930115,1.0510165691375732,0.7204121947288513,0.10411421954631805,0.4536173939704895,0.4940177798271179,0.07884829491376877,0.5711396932601929,0.26658475399017334,1.0522760152816772,0.5931467413902283,0.03898763284087181,0.39565056562423706,0.28860196471214294,0.4919372498989105,0.24445699155330658,0.1054491326212883,0.007675566710531712,0.2536843717098236,0.2015029639005661,0.6031578183174133,0.5191784501075745,0.7204821109771729,0.10325060784816742,0.031431253999471664,0.08862531930208206,1.2071439027786255,0.5151407122612,0.08835103362798691,0.7461588978767395,0.43941643834114075,1.1481516361236572,0.49428316950798035,0.4705955982208252,0.33436253666877747,0.6224097013473511,0.37701529264450073
0.4860439598560333,0.10508432984352112,0.08735254406929016,0.5962793827056885,0.15674272179603577,0.9239209890365601,0.44404420256614685,5.075839519500732,0.3379490375518799,0.12266357988119125,0.2536255717277527,0.3304731845855713,0.3429792523384094,0.00039999998989515007,0.09681862592697144,1.8807224035263062,0.4005530774593353,4.779771327972412,0.1296062469482422,0.8319723010063171,0.30810144543647766,0.8334477543830872,0.8612914085388184,0.014315973035991192,0.333741694688797,0.49385860562324524,0.3248599171638489,0.5885235071182251,0.7699703574180603,0.8841556310653687,0.42137303948402405,0.11619932949542999,0.21143417060375214,0.1747424602508545,0.04019096866250038,0.3670947551727295,0.2561352849006653,0.5168377161026001,0.3014327883720398,0.5320153832435608,0.3913173973560333,0.735935389995575,0.6896349787712097,0.16476212441921234,0.1869393289089203,0.5217617154121399,1.1991910934448242,0.24815665185451508,0.10194426029920578,0.5641905665397644,0.41560736298561096,0.9287670254707336,0.19947253167629242,0.2703894376754761,0.4582294821739197,0.00410911301150918,0.44229236245155334
0.5115883350372314,0.11714433878660202,0.1341553032398224,0.6149906516075134,0.17990495264530182,0.9288212656974792,0.46599942445755005,5.00010347366333,0.331054151058197,0.11639672517776489,0.3020632565021515,0.3229478597640991,0.28452086448669434,0.00039999998989515007,0.11683689057826996,1.8454375267028809,0.3763384222984314,4.726563453674316,0.16794587671756744,0.8463706374168396,0.31477558612823486,0.8716272115707397,0.8957029581069946,0.07915343344211578,0.38822755217552185,0.49027127027511597,0.29816603660583496,0.6242650747299194,0.7838574051856995,0.9322317242622375,0.47062015533447266,0.06337270140647888,0.24498368799686432,0.19664183259010315,0.09308953583240509,0.3497092127799988,0.25082650780677795,0.5249609351158142,0.29450446367263794,0.5698879957199097,0.4219025671482086,0.7271728515625,0.6650807857513428,0.17586076259613037,0.1813196986913681,0.4872324764728546,1.22639000415802,0.27364495396614075,0.07335525751113892,0.5917408466339111,0.42533567547798157,0.9798677563667297,0.27825334668159485,0.3119763135910034,0.43876972794532776,0.005115892738103867,0.4684235751628876
0.5585072040557861,0.15558944642543793,0.18954654037952423,0.6575920581817627,0.23248930275440216,0.9711005687713623,0.48154541850090027,4.809382915496826,0.3515631854534149,0.0690668523311615,0.31100067496299744,0.34843704104423523,0.2350977063179016,0.00039999998989515007,0.13196474313735962,1.7529296875,0.34626826643943787,4.612380504608154,0.18171049654483795,0.8692581057548523,0.28138571977615356,0.9505895376205444,0.9008668065071106,0.12198259681463242,0.48272863030433655,0.5194916129112244,0.29078495502471924,0.6748560070991516,0.9050484299659729,0.9912917017936707,0.4715498685836792,0.11792026460170746,0.3279637098312378,0.3304238021373749,0.18136832118034363,0.3609159290790558,0.29554352164268494,0.5865289568901062,0.2764875292778015,0.6356493234634399,0.38236182928085327,0.7129013538360596,0.62464439868927,0.22621235251426697,0.17542113363742828,0.4559624195098877,1.2836799621582031,0.25268808007240295,0.08584930747747421,0.6476964354515076,0.5357965230941772,1.031641960144043,0.46380341053009033,0.3945348560810089,0.3800683319568634,0.0733303502202034,0.48515596985816956
0.6194556951522827,0.23576699197292328,0.18628594279289246,0.7032589316368103,0.4358389675617218,0.7468212246894836,0.20603805780410767,4.773845672607422,0.4312690198421478,0.14414161443710327,0.23988081514835358,0.3264508545398712,0.048914648592472076,0.00039999998989515007,0.12430732697248459,1.7887266874313354,0.29098087549209595,4.434079170227051,0.20999138057231903,0.7708367705345154,0.2708045542240143,1.074492335319519,0.8008771538734436,0.015362132340669632,0.4881928265094757,0.6042819619178772,0.5835081934928894,0.7812930941581726,1.0326796770095825,1.054516077041626,0.39264538884162903,0.030235283076763153,0.4277838170528412,0.40175217390060425,0.3447416424751282,0.406705379486084,0.07869339734315872,0.6580747961997986,0.13905593752861023,0.629226565361023,0.31017205119132996,0.892084538936615,0.6308630704879761,0.324729323387146,0.052494607865810394,0.5025227665901184,1.345105528831482,0.19645342230796814,0.12460366636514664,0.6348496079444885,0.45176267623901367,1.0074937343597412,0.5134084820747375,0.28299346566200256,0.34896180033683777,0.018888968974351883,0.32054030895233154
0.6346427202224731,0.2288144826889038,0.12332326173782349,0.8212843537330627,0.3955017328262329,0.5762109160423279,0.14077432453632355,4.319672107696533,0.3160596787929535,0.1361776441335678,0.4086601436138153,0.5529928207397461,0.1626293659210205,0.00039999998989515007,0.36544474959373474,1.6888049840927124,0.4294564723968506,4.205692768096924,0.18541452288627625,0.809626579284668,0.3631628453731537,1.1025220155715942,0.964174211025238,0.35055819153785706,0.5579361319541931,0.43022894859313965,0.46554675698280334,0.7999675869941711,0.9327951669692993,1.2813142538070679,0.5415138602256775,0.042461637407541275,0.49245232343673706,0.41527625918388367,0.28550589084625244,0.5795832276344299,0.04374893382191658,0.5231003761291504,0.08225390315055847,0.7300530076026917,0.18870335817337036,0.9911960959434509,0.7012181282043457,0.3641117215156555,0.04465053230524063,0.44949325919151306,1.4348833560943604,0.22211121022701263,0.46259403228759766,0.8326732516288757,0.584238588809967,1.0773683786392212,0.6549675464630127,0.539985716342926,0.4723896086215973,0.006850613281130791,0.4079689383506775
0.6867873072624207,0.30658605694770813,0.4037677049636841,0.7326064705848694,0.23566198348999023,1.0560003519058228,0.6709887385368347,4.052251815795898,0.06793605536222458,0.5239371657371521,0.6370378136634827,0.16593556106090546,1.01850426197052,0.00039999998989515007,0.5901480317115784,1.1188219785690308,0.6265549063682556,4.403385639190674,0.26263847947120667,0.8292485475540161,0.10136158019304276,0.795044481754303,1.1699250936508179,0.49997958540916443,0.43798989057540894,0.22047626972198486,0.23133215308189392,0.37269827723503113,0.6993893384933472,0.7440800666809082,0.7746108174324036,0.309450626373291,0.38156941533088684,0.22377075254917145,0.3818385601043701,0.6620984673500061,0.5820443034172058,0.30174973607063293,0.5273516178131104,0.7405678629875183,0.365951269865036,0.6532029509544373,0.3939460217952728,0.15342429280281067,0.6824385523796082,0.5600963234901428,0.9370599985122681,0.6908185482025146,0.10411202162504196,1.0660029649734497,0.7357357144355774,0.912470281124115,0.016355087980628014,0.639129102230072,0.3345206081867218,0.14059874415397644,1.0634146928787231
0.6163305640220642,0.21859347820281982,0.34232088923454285,0.7741127610206604,0.30825650691986084,1.0231881141662598,0.4797843098640442,4.277177333831787,0.34968820214271545,0.08809547126293182,0.4639778733253479,0.35218575596809387,0.1668330579996109,0.00039999998989515007,0.2206830233335495,1.6479710340499878,0.3580130934715271,4.291208744049072,0.28107181191444397,0.9073317646980286,0.3185202181339264,1.0351359844207764,1.018943190574646,0.3270401060581207,0.6070656180381775,0.49529337882995605,0.2278555929660797,0.7937688827514648,0.9560675024986267,1.0687847137451172,0.6099115610122681,0.01581013761460781,0.4195709824562073,0.313152939081192,0.28882917761802673,0.41227424144744873,0.28682148456573486,0.6433693170547485,0.2977965176105499,0.7531766295433044,0.4783114790916443,0.7646845579147339,0.535382866859436,0.2513780891895294,0.22177016735076904,0.420052707195282,1.2951035499572754,0.370230495929718,0.011545701883733273,0.7720014452934265,0.5884000062942505,1.1604522466659546,0.6010534763336182,0.5371031165122986,0.3195592761039734,0.0077602616511285305,0.5714213252067566
0.14685262739658356,0.09456661343574524,0.5416283011436462,0.22610269486904144,0.19249248504638672,1.88386070728302,0.4509793817996979,3.4656529426574707,0.6604883670806885,0.43890926241874695,0.4383855164051056,0.5543727874755859,0.3304332494735718,0.00039999998989515007,0.5055680871009827,0.9035780429840088,0.1019122451543808,4.03564453125,0.40869858860969543,1.2969754934310913,0.19401855766773224,1.0411319732666016,0.8562449812889099,0.14146530628204346,0.25009864568710327,0.5552334189414978,0.5210223197937012,0.4908621311187744,0.5630412697792053,0.8722376227378845,0.21655866503715515,0.32651710510253906,0.9164918065071106,0.11284297704696655,0.4990374743938446,0.07117202132940292,0.028716055676341057,0.029037676751613617,0.11455061286687851,0.6618326902389526,0.7649844884872437,0.7748402953147888,0.9250196814537048,0.03659818321466446,0.856525719165802,0.10906129330396652,1.2095826864242554,0.3273640275001526,0.26663151383399963,0.4076308310031891,0.33698713779449463,1.6019830703735352,0.559002697467804,1.524994134902954,0.09971366822719574,0.27818357944488525,0.9043230414390564
0.39609572291374207,0.15976743400096893,0.43040141463279724,0.721561074256897,0.23756767809391022,1.4704525470733643,0.6943325400352478,4.067402362823486,0.3180462718009949,0.38666078448295593,0.5239021182060242,0.2194167822599411,0.17151956260204315,0.00039999998989515007,0.21867914497852325,1.526229977607727,0.5088762640953064,4.191671371459961,0.2839197516441345,1.0758663415908813,0.35930144786834717,0.9578871130943298,1.055147647857666,0.4554283618927002,0.42352306842803955,0.4509119391441345,0.0821404978632927,0.7881196141242981,0.6560284495353699,0.9523340463638306,0.6638914942741394,0.29691681265830994,0.3181363344192505,0.10084268450737,0.28915488719940186,0.19806046783924103,0.3312564492225647,0.5686537027359009,0.2951473593711853,0.8489494323730469,0.8281866312026978,0.7256225347518921,0.5519956350326538,0.1349758505821228,0.4728944003582001,0.22831901907920837,1.1237401962280273,0.46116340160369873,0.21184904873371124,0.5684084892272949,0.43016090989112854,1.38429594039917,0.5469088554382324,0.8321936726570129,0.2987804710865021,0.010378878563642502,0.725578784942627
0.6302247643470764,0.23410926759243011,0.3955070376396179,0.8245145082473755,0.3347117304801941,1.0450749397277832,0.5773597955703735,4.049271583557129,0.3209606111049652,0.08685822039842606,0.51773601770401,0.37413421273231506,0.1597244143486023,0.00039999998989515007,0.23764578998088837,1.5899629592895508,0.39253389835357666,4.1114373207092285,0.2924342453479767,0.8977310657501221,0.3280541002750397,1.0350697040557861,1.0582000017166138,0.42082417011260986,0.6394771933555603,0.46515795588493347,0.14894640445709229,0.8404838442802429,0.936309814453125,1.0584793090820312,0.6806653141975403,0.062172625213861465,0.41765639185905457,0.3231748342514038,0.3096694052219391,0.4487934410572052,0.29054808616638184,0.6527295708656311,0.28086552023887634,0.8037006855010986,0.4841070771217346,0.7743028402328491,0.45520997047424316,0.279323548078537,0.20100367069244385,0.3913188874721527,1.2548404932022095,0.4083036184310913,0.03832107037305832,0.8273972272872925,0.6257063746452332,1.1615723371505737,0.6468048095703125,0.5696744322776794,0.28589963912963867,0.007278049364686012,0.6011983156204224
0.6999274492263794,0.25356096029281616,1.0842536687850952,0.6434147953987122,0.27539098262786865,1.3695528507232666,0.6279744505882263,3.3512794971466064,0.44572094082832336,0.4109937250614166,0.026400158181786537,0.23033598065376282,0.20199793577194214,0.00039999998989515007,0.19102220237255096,1.0053703784942627,0.10294362157583237,3.1169791221618652,0.5777722597122192,1.180691123008728,0.1428455114364624,1.3015644550323486,0.5103969573974609,0.3035999536514282,0.7022930979728699,1.086561679840088,0.3644334077835083,0.6089363098144531,1.3735294342041016,0.909661054611206,0.35952967405319214,0.12043005228042603,0.7543110847473145,0.8769124150276184,0.7362960577011108,0.03180737793445587,0.5784375071525574,0.7106559872627258,0.2737511694431305,0.7869500517845154,0.6951886415481567,0.7801842093467712,0.2966257929801941,0.10072630643844604,0.32467585802078247,0.2366010993719101,1.4137107133865356,0.3902983069419861,0.5116503238677979,0.45466598868370056,0.5213255882263184,1.0636285543441772,1.234159231185913,0.4408719539642334,0.03452026844024658,0.7815831303596497,0.5873545408248901
0.5026302337646484,0.14859463274478912,0.4583374261856079,0.8077939748764038,0.8210402727127075,1.178818941116333,0.9927434921264648,3.812925338745117,1.042187213897705,0.07649195194244385,0.5649397969245911,0.3996773958206177,0.34962189197540283,0.00039999998989515007,0.11363905668258667,1.1904857158660889,0.03754294291138649,3.5380032062530518,0.59961998462677,0.7343987822532654,0.5526768565177917,0.5498943328857422,1.107155203819275,0.4444524049758911,0.26115474104881287,0.5375650525093079,0.15800991654396057,1.1359214782714844,1.1165118217468262,0.4863414466381073,0.31188705563545227,0.38821548223495483,0.09267465770244598,0.7748551964759827,0.4167090058326721,0.6605276465415955,0.18612819910049438,0.7221291661262512,0.20400196313858032,1.0079946517944336,0.24685926735401154,0.6126041412353516,0.27370724081993103,0.1613478660583496,0.000795538246165961,0.03515560179948807,1.3582701683044434,0.06887173652648926,0.19834907352924347,0.7942280769348145,0.8063960671424866,1.3572261333465576,0.486566424369812,0.8080200552940369,0.4517698287963867,0.2965845465660095,0.6401687264442444
0.6564583778381348,0.22482135891914368,0.3898185193538666,0.856404185295105,0.45308634638786316,1.0312881469726562,0.542240560054779,4.177282810211182,0.32941684126853943,0.0708303302526474,0.5040341019630432,0.38863101601600647,0.06357558816671371,0.00039999998989515007,0.16062411665916443,1.6140093803405762,0.4267162084579468,4.130151748657227,0.3127266466617584,0.7680341601371765,0.3554116487503052,0.9654019474983215,0.9916792511940002,0.4234822690486908,0.6278417706489563,0.4467175006866455,0.1428471803665161,0.7972403764724731,0.9682739973068237,1.0867739915847778,0.6089240312576294,0.0768321231007576,0.33250659704208374,0.3242438733577728,0.2783448100090027,0.4157665967941284,0.27763253450393677,0.6962522268295288,0.29639932513237,0.7788081765174866,0.43975338339805603,0.6976531744003296,0.40371403098106384,0.30847838521003723,0.16574598848819733,0.4097151458263397,1.200066089630127,0.3566301763057709,0.05046965554356575,0.8234310150146484,0.5547756552696228,1.0881224870681763,0.6106500625610352,0.4683317542076111,0.23493525385856628,0.10208598524332047,0.472003310918808
0.7749793529510498,0.23005463182926178,0.3079994022846222,0.8423259258270264,0.2821398675441742,0.9181337356567383,0.6189833879470825,4.3113694190979,0.06840535998344421,0.33837398886680603,0.6668720841407776,0.3766678273677826,0.296265184879303,0.00039999998989515007,0.24762754142284393,1.3709516525268555,0.6594960689544678,4.421159744262695,0.4460030794143677,0.5432146787643433,0.36392900347709656,0.7012391686439514,1.0714409351348877,0.6740057468414307,0.6467045545578003,0.18349647521972656,0.1585289090871811,0.5813683271408081,0.8504225015640259,0.9990464448928833,0.6858565807342529,0.04528939351439476,0.12217647582292557,0.10756413638591766,0.0790000706911087,0.5256174802780151,0.45016440749168396,0.6170873641967773,0.5152535438537598,0.7144815325737,0.3024967908859253,0.42147737741470337,0.33456605672836304,0.24232952296733856,0.3097209930419922,0.48020869493484497,0.9740237593650818,0.4103940427303314,0.03493942320346832,1.029152274131775,0.5487779974937439,0.8272178769111633,0.24907591938972473,0.3625132739543915,0.25430503487586975,0.35911989212036133,0.5261772871017456
0.6045466661453247,0.7735397815704346,0.34353137016296387,0.927801251411438,0.007920158095657825,1.6405209302902222,0.045846424996852875,3.7352843284606934,0.31380900740623474,0.24366837739944458,0.17859657108783722,0.44469115138053894,0.36088433861732483,0.00039999998989515007,0.1927192658185959,0.960064172744751,0.7218584418296814,3.6158251762390137,0.19539539515972137,0.6131832003593445,0.25012844800949097,1.3066447973251343,0.08475372940301895,0.04957453906536102,0.5128532648086548,0.5804570913314819,0.06709948927164078,0.44005465507507324,1.0750418901443481,1.5593533515930176,0.5041916966438293,0.05185706168413162,0.405211865901947,0.2983005940914154,0.3484169542789459,0.04992266744375229,0.8806074261665344,0.7347412705421448,0.28191322088241577,0.6736040711402893,0.6536083817481995,0.51869136095047,0.00916417594999075,0.545089602470398,0.5707414746284485,0.256478488445282,1.0712312459945679,0.6006409525871277,0.277415931224823,0.3385627269744873,0.8016151785850525,0.9103552103042603,1.183833360671997,0.3197185695171356,0.2854534685611725,0.32631006836891174,0.8940877914428711
0.6091039776802063,0.08452647179365158,0.49836400151252747,0.7780874967575073,0.4880843162536621,0.640278160572052,0.8780316114425659,4.397341728210449,0.12157434225082397,0.1818534880876541,0.7323091626167297,0.31790846586227417,0.11455357074737549,0.00039999998989515007,0.3075576424598694,1.689795732498169,0.3636057674884796,3.8344178199768066,0.13904957473278046,0.8868502378463745,0.5125282406806946,0.8833609223365784,1.0570284128189087,0.42126569151878357,0.7682397961616516,0.3483436703681946,0.14688141644001007,0.7273575067520142,0.6141709089279175,1.0633512735366821,0.8161486983299255,0.12531505525112152,0.37018460035324097,0.5822775959968567,0.3258298635482788,0.2730602025985718,0.2397603839635849,0.6299225091934204,0.06359509378671646,0.7754173278808594,0.4395013451576233,0.760859489440918,0.5520142912864685,0.4050375521183014,0.009754789993166924,0.2794252932071686,1.1629259586334229,0.1720750629901886,0.006476796697825193,0.5640041828155518,0.25053584575653076,0.9374521374702454,0.7266045808792114,0.3829275965690613,0.5101051330566406,0.22808077931404114,0.24235856533050537
0.6772698760032654,0.13243499398231506,0.12601956725120544,0.3759409785270691,0.5820426344871521,1.149487853050232,0.3119157552719116,4.505975723266602,0.5732535719871521,0.08208353817462921,0.8138425946235657,0.01373322308063507,0.13610918819904327,0.00039999998989515007,0.20507380366325378,2.041860342025757,0.08237667381763458,4.307609558105469,0.3621433973312378,0.6091777682304382,0.029822124168276787,0.8979337215423584,0.878799557685852,0.23074430227279663,0.6823383569717407,0.19152291119098663,0.31498345732688904,0.3578912615776062,0.3634757697582245,1.3761987686157227,0.5249935984611511,0.5838250517845154,0.6364935040473938,0.016387484967708588,0.34501922130584717,0.04780992493033409,0.2905329763889313,0.08788405358791351,0.15691055357456207,0.15759244561195374,0.4582902491092682,0.22782915830612183,0.6922941207885742,0.4254918396472931,0.25970718264579773,0.0051845163106918335,1.1689249277114868,0.4571223556995392,0.06864602863788605,0.7829663753509521,0.10673563927412033,1.0569813251495361,0.14958560466766357,0.49224773049354553,0.14716129004955292,0.11202001571655273,0.25914615392684937
0.568359911441803,0.06908086687326431,0.21599030494689941,0.665134847164154,0.5169614553451538,1.1401103734970093,0.8274134397506714,4.676270008087158,0.3787982165813446,0.030144374817609787,0.44551882147789,0.4065893590450287,0.28509828448295593,0.00039999998989515007,0.09032413363456726,2.0389440059661865,0.5903273820877075,4.292750835418701,0.26443806290626526,0.5592048764228821,0.46306005120277405,0.8132098913192749,0.9403271079063416,0.505845844745636,0.46898961067199707,0.26228564977645874,0.0926075279712677,0.762200653553009,0.6240376234054565,1.040437936782837,0.6702170968055725,0.47781866788864136,0.1176954060792923,0.04992898553609848,0.2936170697212219,0.20847345888614655,0.04667167738080025,0.4889865219593048,0.22794753313064575,0.5486322641372681,0.5672807693481445,0.40366047620773315,0.26818323135375977,0.20562779903411865,0.09231746196746826,0.23888368904590607,1.007470726966858,0.44944867491722107,0.06509973853826523,0.8022604584693909,0.2759074568748474,0.9771300554275513,0.27323371171951294,0.22891148924827576,0.12433077394962311,0.37187060713768005,0.1958039551973343
1.1621155738830566,0.170890673995018,0.5689794421195984,0.837226927280426,0.5496503114700317,0.604240894317627,0.5699160695075989,4.645894527435303,0.38519296050071716,0.08093705028295517,0.5644780397415161,0.2601644992828369,0.40997543931007385,0.00039999998989515007,0.014549135230481625,1.1097311973571777,0.14345155656337738,3.728689432144165,0.5637479424476624,0.12056213617324829,0.1282753199338913,0.5444979071617126,0.7043490409851074,0.07697606831789017,0.8021966218948364,0.3853611350059509,0.08344834297895432,0.33871549367904663,1.2850056886672974,0.8095317482948303,0.41351398825645447,0.2537144124507904,0.15246330201625824,0.5908294916152954,0.006644762586802244,0.560104489326477,0.6628826856613159,0.7099157571792603,0.46172088384628296,0.48414796590805054,0.15964634716510773,0.03096046671271324,0.06325943022966385,0.4698939025402069,0.041564855724573135,0.40824785828590393,1.1646721363067627,0.25271397829055786,0.44635364413261414,1.0353435277938843,0.7525779008865356,0.4345201551914215,0.15680263936519623,0.23966184258460999,0.1935153305530548,0.13545356690883636,0.4052439332008362
0.9517443180084229,0.027450568974018097,0.6902002096176147,0.5728543996810913,0.5777811408042908,1.0220715999603271,1.2155486345291138,4.662376880645752,0.5066925287246704,0.05045946314930916,0.5868072509765625,0.0023480679374188185,0.29914990067481995,0.00039999998989515007,0.019047604873776436,0.8591609597206116,0.42855730652809143,3.6925413608551025,0.6933355331420898,0.48447513580322266,0.04677785560488701,0.5580187439918518,0.6791632175445557,0.0005581455188803375,0.6822344660758972,0.4616566300392151,0.05161133408546448,0.4056248962879181,1.0812265872955322,0.7932925224304199,0.41260239481925964,0.010711397975683212,0.12212703377008438,1.0225520133972168,0.25663161277770996,0.2431318759918213,0.6214613318443298,0.47998306155204773,0.3015918731689453,0.5647273063659668,0.022107135504484177,0.010043411515653133,0.14988943934440613,0.36727651953697205,0.09074314683675766,0.005503977183252573,1.3112543821334839,0.18289066851139069,0.4027547538280487,0.7693387866020203,0.684302031993866,0.677409291267395,0.5310256481170654,0.14731250703334808,0.262567400932312,0.24312026798725128,0.6150482296943665
0.5969686508178711,0.108103908598423,0.2732917368412018,0.7549645900726318,0.6269254088401794,0.9454732537269592,0.6754472851753235,4.971052169799805,0.2507484257221222,0.1988673061132431,0.527549684047699,0.33494654297828674,0.005769073497503996,0.00039999998989515007,0.06559664011001587,1.6420257091522217,0.5497250556945801,4.408328056335449,0.2717297673225403,0.4525551497936249,0.3870781660079956,0.6707877516746521,0.8555408120155334,0.4398380219936371,0.4761869013309479,0.25319212675094604,0.03068508580327034,0.607662558555603,0.7903726100921631,1.0304133892059326,0.49054670333862305,0.1922767013311386,0.06655090302228928,0.1524219661951065,0.10111459344625473,0.3148863911628723,0.15395492315292358,0.5921605229377747,0.25525030493736267,0.6359757781028748,0.2957858145236969,0.4414500594139099,0.3002713620662689,0.31560033559799194,0.049379728734493256,0.3403778374195099,0.9643844366073608,0.2191707342863083,0.043897777795791626,0.7122516632080078,0.27956655621528625,0.8243083953857422,0.33072683215141296,0.23333917558193207,0.19512847065925598,0.3339983820915222,0.242615208029747
0.6613373160362244,0.19825194776058197,0.3656668961048126,1.0557198524475098,0.8273022174835205,0.40576696395874023,0.2646201252937317,4.988730430603027,0.192787766456604,0.04879896715283394,0.3666498064994812,0.4391142427921295,0.03870312497019768,0.00039999998989515007,0.007347706239670515,1.775734543800354,0.8540832996368408,3.8727829456329346,0.19724975526332855,0.3116914629936218,0.5278616547584534,0.7400431036949158,0.7827377319335938,0.2804676592350006,0.2899567484855652,0.42700767517089844,0.23136386275291443,0.7055776715278625,0.9211620092391968,0.787871778011322,0.4410075843334198,0.3180125951766968,0.025691838935017586,0.024928828701376915,0.0006775110960006714,0.513694703578949,0.0007140107918530703,0.8394083380699158,0.15439604222774506,0.7823750972747803,0.30779293179512024,0.8916919827461243,0.11955880373716354,0.36552950739860535,0.03505292162299156,0.6038981676101685,0.8107761144638062,0.23824645578861237,0.06967365741729736,0.6709675788879395,0.04824892431497574,0.6755139827728271,0.12320735305547714,0.08390603214502335,0.2421702742576599,0.526140034198761,0.005345024634152651
0.44902947545051575,0.019583644345402718,0.15365161001682281,0.6866116523742676,0.5662842392921448,0.8494065999984741,1.1454333066940308,4.476169109344482,0.46047019958496094,0.3677765429019928,0.6133920550346375,0.35483795404434204,0.5701226592063904,0.00039999998989515007,0.2825053930282593,1.1709493398666382,0.46005064249038696,4.208645343780518,0.19160836935043335,0.23006029427051544,0.35808366537094116,0.3582105338573456,1.0382447242736816,0.6256265640258789,0.23541012406349182,0.07735933363437653,0.17544567584991455,0.7804233431816101,0.8364006280899048,0.27618861198425293,0.4419781267642975,0.09825291484594345,0.09005272388458252,0.0883123129606247,0.1392434984445572,0.836558997631073,0.09932559728622437,0.512323796749115,0.27246466279029846,0.6838390827178955,0.04511862248182297,0.4301431179046631,0.06575183570384979,0.28009429574012756,0.07302989810705185,0.375446081161499,0.7246828675270081,0.19394813477993011,0.2151169329881668,0.9366709589958191,0.5899714231491089,0.7601512670516968,0.12876999378204346,0.3726488947868347,0.15775783360004425,0.7556605935096741,0.47014981508255005
0.5777282118797302,0.034677885472774506,0.23028695583343506,0.43226495385169983,0.403023898601532,0.743841826915741,1.8449064493179321,4.234744548797607,0.538296639919281,0.017971476539969444,0.6975311040878296,0.2302791327238083,0.31910282373428345,0.00039999998989515007,0.19729922711849213,1.658211350440979,0.09625488519668579,3.950657367706299,0.1856924444437027,0.4634619653224945,0.1754036247730255,0.6191965341567993,1.082915186882019,0.4652179181575775,0.6007126569747925,0.1725308895111084,0.2926277816295624,0.7717809677124023,0.7429899573326111,0.46010759472846985,0.7387004494667053,0.052998390048742294,0.24758486449718475,0.28294578194618225,0.18286941945552826,0.6348413825035095,0.018657322973012924,0.23694758117198944,0.2255442589521408,0.40519028902053833,0.00028210971504449844,0.3110083043575287,0.041236210614442825,0.31812784075737,0.3659423291683197,0.17294414341449738,0.937086820602417,0.4163929224014282,0.1752776950597763,1.0803993940353394,0.6381519436836243,0.6750456094741821,0.18635578453540802,0.23167555034160614,0.10492874681949615,0.2573050260543823,0.43942660093307495
0.768748939037323,0.17732229828834534,0.5356643199920654,0.7252398729324341,1.0417664051055908,0.6380736231803894,0.7437320947647095,4.544348239898682,0.32807448506355286,0.3039306700229645,0.527870774269104,0.19650918245315552,0.2318505495786667,0.00039999998989515007,0.10034450888633728,1.3542739152908325,0.8336706757545471,3.7653017044067383,0.6836166977882385,0.31649354100227356,0.7663885354995728,0.28591665625572205,0.8958660364151001,0.5503250360488892,0.4573793113231659,0.22023846209049225,0.08485554158687592,0.5082712173461914,0.8693232536315918,0.9081382155418396,0.31073784828186035,0.06131507083773613,0.3486808240413666,0.4162425398826599,0.05235707759857178,0.22168581187725067,0.16756311058998108,0.6608147025108337,0.4294051229953766,0.7189518213272095,0.20691855251789093,0.1802358478307724,0.4743703603744507,0.008315271697938442,0.08754196017980576,0.4219203293323517,0.8740196824073792,0.009336167015135288,0.14739929139614105,0.8317626118659973,0.055379804223775864,0.579921543598175,0.22587111592292786,0.0034529566764831543,0.31055667996406555,0.48275983333587646,0.12583546340465546
0.6310550570487976,0.1398368775844574,0.3507327437400818,1.081525206565857,0.8568509221076965,0.46750545501708984,0.5019282698631287,4.69150972366333,0.15288759768009186,0.21065641939640045,0.4621385335922241,0.4590229094028473,0.07162564247846603,0.00039999998989515007,0.017513146623969078,1.7696607112884521,1.0654239654541016,3.580352544784546,0.23721276223659515,0.27705880999565125,0.6143443584442139,0.5894284248352051,0.835837721824646,0.42288562655448914,0.2706550061702728,0.3123527765274048,0.061803754419088364,0.6756497621536255,0.7782124280929565,0.7104688286781311,0.49300533533096313,0.33067530393600464,0.17385025322437286,0.11634567379951477,0.08346404135227203,0.516024649143219,0.038402412086725235,0.7753930687904358,0.2323160618543625,0.7677236199378967,0.31355851888656616,0.8024269938468933,0.10263878107070923,0.3286660313606262,0.03212304413318634,0.566969096660614,0.6841268539428711,0.2554420828819275,0.06229463219642639,0.7169409990310669,0.04048062115907669,0.6248565316200256,0.03323821350932121,0.06659390032291412,0.26841431856155396,0.6020554900169373,0.028494620695710182
0.6200355887413025,0.08092067390680313,0.16012398898601532,0.8822423815727234,0.9563509821891785,0.610036313533783,0.46975329518318176,4.5302839279174805,0.31031253933906555,0.15246304869651794,0.5368684530258179,0.4833236038684845,0.13580730557441711,0.00039999998989515007,0.03722485527396202,1.866470217704773,0.7538394331932068,3.7593741416931152,0.27440306544303894,0.25170445442199707,0.5281500816345215,0.5717532634735107,0.8005549311637878,0.49848198890686035,0.47765326499938965,0.19925516843795776,0.10393177717924118,0.6455627083778381,0.7886362075805664,1.0923689603805542,0.4134863018989563,0.2416660040616989,0.04868072271347046,0.15356962382793427,0.10301735997200012,0.4103596806526184,0.027090752497315407,0.6389760375022888,0.2474951595067978,0.575523853302002,0.14011622965335846,0.4912513792514801,0.2649478614330292,0.3820180594921112,0.1530889868736267,0.40834948420524597,0.8673322200775146,0.11925118416547775,0.11186805367469788,0.7677854895591736,0.1997629702091217,0.6757674217224121,0.2688154876232147,0.07093696296215057,0.22268229722976685,0.5011632442474365,0.010577481240034103
0.45423242449760437,0.18152181804180145,0.050389036536216736,0.856893002986908,0.7082321047782898,1.2837656736373901,0.5097479224205017,4.286468505859375,0.11465537548065186,0.5211532711982727,0.42301517724990845,0.6104082465171814,0.3445523977279663,0.00039999998989515007,0.11549355089664459,1.385473370552063,1.4532482624053955,3.885444402694702,0.29249924421310425,0.0959981232881546,0.6118282079696655,0.3332456052303314,0.6143822073936462,0.7827188372612,0.28111714124679565,0.09421456605195999,0.3073126971721649,0.5251163840293884,0.535920262336731,1.2905795574188232,0.4426453113555908,0.26656317710876465,0.5242230892181396,0.14133025705814362,0.0904623493552208,0.13442926108837128,0.3886287212371826,0.6661235690116882,0.43892529606819153,0.6149438619613647,0.3752235770225525,0.06399581581354141,0.18794526159763336,0.2847748100757599,0.13125799596309662,0.3240813910961151,0.5299581289291382,0.1849217265844345,0.11729878187179565,0.5768322348594666,0.2738208770751953,0.652072548866272,0.2894633114337921,0.13037070631980896,0.051770687103271484,0.723109781742096,0.22957895696163177
0.5241393446922302,0.08378566801548004,0.3392565846443176,0.604564905166626,0.8369346261024475,0.927280068397522,1.4684804677963257,4.314578533172607,0.4269477427005768,0.03096594288945198,0.48842915892601013,0.2889280617237091,0.2801276743412018,0.00039999998989515007,0.08931245654821396,1.9868944883346558,0.44982820749282837,3.4826431274414062,0.3519708812236786,0.512338399887085,0.4816259443759918,0.5940684080123901,0.8490801453590393,0.4258533716201782,0.4952523112297058,0.2876218557357788,0.07637012749910355,0.7141826152801514,0.6491208076477051,0.8873184323310852,0.5429978966712952,0.31966695189476013,0.013301792554557323,0.3985174596309662,0.3207423686981201,0.22172993421554565,0.07376740127801895,0.4373483657836914,0.20136509835720062,0.529697060585022,0.30922114849090576,0.41690877079963684,0.24746334552764893,0.1979677826166153,0.3219197392463684,0.17800533771514893,0.9212512969970703,0.2086554765701294,0.0309559665620327,0.7345030307769775,0.180307537317276,0.7152009606361389,0.4418291747570038,0.12757335603237152,0.19861741364002228,0.19244708120822906,0.042648229748010635
0.6193552613258362,0.05261297523975372,0.26620179414749146,0.8863749504089355,0.8671060800552368,0.6673332452774048,0.7752059698104858,4.605302333831787,0.21676966547966003,0.22689677774906158,0.5810170769691467,0.3674599826335907,0.035431403666734695,0.00039999998989515007,0.10512187331914902,1.7440682649612427,0.8281736373901367,3.531165838241577,0.31695830821990967,0.31711268424987793,0.5062664747238159,0.513116180896759,0.8003143668174744,0.4573419988155365,0.4058089852333069,0.1812368482351303,0.02476816438138485,0.5581086874008179,0.6229028701782227,0.9914461970329285,0.48629075288772583,0.2989921569824219,0.07102489471435547,0.15825316309928894,0.030809244140982628,0.3777555823326111,0.01674121804535389,0.5086483955383301,0.21746325492858887,0.5934652090072632,0.190650075674057,0.5735225081443787,0.27550095319747925,0.35384663939476013,0.06243247166275978,0.32667508721351624,0.8094795942306519,0.18454471230506897,0.07006107270717621,0.7388439178466797,0.15651974081993103,0.6229467988014221,0.18913136422634125,0.10452388972043991,0.3028336763381958,0.3902253806591034,0.10839297622442245
0.5361062288284302,0.03262478858232498,0.3111550211906433,0.7218997478485107,0.879019021987915,0.5837925672531128,1.1424510478973389,4.608587265014648,0.1368904560804367,0.38485386967658997,0.7087401747703552,0.28239113092422485,0.04872391000390053,0.00039999998989515007,0.10885405540466309,1.9114046096801758,0.688941240310669,3.4101877212524414,0.21007661521434784,0.3954508602619171,0.5989274382591248,0.43011999130249023,0.8645926713943481,0.4820408821105957,0.5652356147766113,0.11278938502073288,0.03088771365582943,0.5575392246246338,0.455915629863739,0.9039376378059387,0.5895717740058899,0.21925465762615204,0.05253438279032707,0.2929711639881134,0.10877671092748642,0.21840262413024902,0.10528286546468735,0.5671282410621643,0.1977904736995697,0.5431517362594604,0.2731434404850006,0.38392359018325806,0.3430858254432678,0.3430151045322418,0.14593784511089325,0.2915155589580536,0.7131651043891907,0.0660082995891571,0.03134139999747276,0.5587584376335144,0.004124760162085295,0.5709130764007568,0.27709057927131653,0.04663346707820892,0.35118934512138367,0.24543532729148865,0.049429696053266525
0.8670183420181274,0.1150948777794838,0.438576877117157,0.7046828866004944,0.8247699737548828,0.46664807200431824,0.7083633542060852,4.374262809753418,0.26040372252464294,0.19369889795780182,0.40338021516799927,0.17479097843170166,0.2898419499397278,0.00039999998989515007,0.19040067493915558,2.0884296894073486,0.21288804709911346,3.057528257369995,0.41659486293792725,0.2542368769645691,0.21528145670890808,0.6798308491706848,0.5741373896598816,0.0658072978258133,0.7081042528152466,0.3904327154159546,0.0471874475479126,0.3504270911216736,0.8528448939323425,1.1511805057525635,0.43912437558174133,0.0650406926870346,0.20185601711273193,0.3484327793121338,0.1967194378376007,0.16378659009933472,0.05368111655116081,0.5027506351470947,0.3183104395866394,0.2796826958656311,0.15508683025836945,0.24710220098495483,0.12096317857503891,0.33306196331977844,0.22259294986724854,0.3936707377433777,0.8657435178756714,0.3084217607975006,0.10128141939640045,0.8239852786064148,0.10756339132785797,0.33626219630241394,0.3102612793445587,0.3702426254749298,0.04829560965299606,0.07872750610113144,0.11402126401662827
0.5439102053642273,0.0445096530020237,0.2232445329427719,0.8350047469139099,0.8940569162368774,0.7701553106307983,0.8082260489463806,4.748083114624023,0.21654589474201202,0.25722768902778625,0.5215435028076172,0.32925206422805786,0.019340667873620987,0.00039999998989515007,0.053844254463911057,1.8078073263168335,0.8267097473144531,3.515028476715088,0.2677179276943207,0.23820911347866058,0.4543721377849579,0.43449321389198303,0.7167771458625793,0.4140395224094391,0.3691835403442383,0.15287335216999054,0.010053379461169243,0.5199726819992065,0.6006408929824829,0.9225444793701172,0.413114458322525,0.27200108766555786,0.08745067566633224,0.07022601366043091,0.015820862725377083,0.3370153605937958,0.029519017785787582,0.513938844203949,0.2227092832326889,0.5196665525436401,0.17490911483764648,0.49884340167045593,0.20415697991847992,0.3289220929145813,0.07113898545503616,0.3146630525588989,0.6987882256507874,0.1479179412126541,0.012012427672743797,0.6523427367210388,0.12870031595230103,0.5611588358879089,0.13694053888320923,0.05654660984873772,0.2257223129272461,0.43038082122802734,0.06544896960258484
0.3712189793586731,0.051959890872240067,0.3016151785850525,0.6630111336708069,0.5132309198379517,0.5885111689567566,1.4182296991348267,4.623665809631348,0.00213071471080184,0.4069439768791199,0.5683895349502563,0.16924087703227997,0.2864552438259125,0.00039999998989515007,0.2771032750606537,1.5676782131195068,0.8674166798591614,3.6154279708862305,0.0032171234488487244,0.3968677520751953,0.3788246810436249,0.47064536809921265,0.8396701216697693,0.4626373052597046,0.4236847758293152,0.09380873292684555,0.06904099136590958,0.5586124658584595,0.4767318367958069,0.5070475935935974,0.5898844599723816,0.04835297167301178,0.12178438156843185,0.036185234785079956,0.024955598637461662,0.44297951459884644,0.07693379372358322,0.45112380385398865,0.12719421088695526,0.5506261587142944,0.16269923746585846,0.7956522107124329,0.1379687786102295,0.3162064552307129,0.10561545193195343,0.3865004777908325,0.5363643169403076,0.13209718465805054,0.12758244574069977,0.5653101801872253,0.1221507340669632,0.4889870584011078,0.15929853916168213,0.1545044481754303,0.21900607645511627,0.2746734619140625,0.12194675207138062
0.5169255137443542,0.014697996899485588,0.1682153046131134,0.6359022855758667,0.8666107654571533,0.9478827118873596,1.0821417570114136,4.735199928283691,0.23523400723934174,0.20737016201019287,0.514319896697998,0.2584840655326843,0.18504200875759125,0.00039999998989515007,0.02569432556629181,1.9579812288284302,0.7568554878234863,3.520272970199585,0.3118252754211426,0.20869717001914978,0.42855706810951233,0.44813019037246704,0.6579574942588806,0.3959403932094574,0.33302339911460876,0.10125388205051422,0.05770000070333481,0.48486050963401794,0.43333759903907776,1.0574159622192383,0.44227856397628784,0.3845340311527252,0.07594168931245804,0.022775037214159966,0.1166101023554802,0.1458197385072708,0.07915563136339188,0.31448328495025635,0.19062361121177673,0.3863775432109833,0.2411680966615677,0.3573038876056671,0.24057261645793915,0.22816745936870575,0.11986658722162247,0.16476014256477356,0.6827147603034973,0.23318687081336975,0.04811093956232071,0.6740973591804504,0.08600714802742004,0.5590994954109192,0.09700194001197815,0.05866365507245064,0.17239810526371002,0.3956308662891388,0.004176759626716375
0.44341546297073364,0.014301939867436886,0.16767340898513794,0.7280139327049255,0.8697726726531982,1.0497915744781494,1.0060818195343018,4.884922504425049,0.15078097581863403,0.3952621817588806,0.5198001861572266,0.27128463983535767,0.00732421875,0.00039999998989515007,0.07848049700260162,1.5728397369384766,0.9615479707717896,3.5296573638916016,0.2625564932823181,0.19424551725387573,0.4345284104347229,0.3188316822052002,0.6294296979904175,0.45368140935897827,0.27326735854148865,0.046875208616256714,0.07203106582164764,0.4445524215698242,0.4242371618747711,0.9671000838279724,0.35258978605270386,0.30491286516189575,0.16053542494773865,0.012424984946846962,0.0020745182409882545,0.22030912339687347,0.0478290319442749,0.3892844021320343,0.20705203711986542,0.4683685004711151,0.18167108297348022,0.3923560380935669,0.2303246110677719,0.23544402420520782,0.009067951701581478,0.20436882972717285,0.5841585993766785,0.10804755240678787,0.018333137035369873,0.5633863210678101,0.0950998067855835,0.5670953392982483,0.1015859842300415,0.17303015291690826,0.21630790829658508,0.419014036655426,0.08475395292043686
0.39227917790412903,0.024658381938934326,0.2386026829481125,0.8328632712364197,1.022085189819336,0.9488158226013184,0.9145219922065735,4.783815860748291,0.2681148648262024,0.25997209548950195,0.3658824861049652,0.2643442749977112,0.015391706489026546,0.00039999998989515007,0.017659535631537437,1.6540982723236084,0.9957791566848755,3.2162835597991943,0.27349281311035156,0.2330826073884964,0.44033071398735046,0.34879472851753235,0.5879884362220764,0.35629791021347046,0.1824791431427002,0.19102992117404938,0.048841528594493866,0.513893723487854,0.5639554858207703,0.7793347239494324,0.2633841633796692,0.3309498727321625,0.1638941764831543,0.07844862341880798,0.035727400332689285,0.2934035658836365,0.03174806758761406,0.4572692811489105,0.14630159735679626,0.5406911969184875,0.17821110785007477,0.6936204433441162,0.1829785704612732,0.21850790083408356,0.06679944694042206,0.22962139546871185,0.6247188448905945,0.06410052627325058,0.004273047670722008,0.4916197955608368,0.07528398931026459,0.5527772903442383,0.14084142446517944,0.1348441243171692,0.21994563937187195,0.41687217354774475,0.044036876410245895
0.41481319069862366,0.009872081689536572,0.12242234498262405,0.8349517583847046,0.9655838012695312,0.8268862366676331,0.7997057437896729,4.688298225402832,0.17700880765914917,0.32638317346572876,0.45040157437324524,0.3176116943359375,0.029449300840497017,0.00039999998989515007,0.07201125472784042,1.760055422782898,1.080851435661316,3.220533609390259,0.22640787065029144,0.15621304512023926,0.44130632281303406,0.3028663098812103,0.6007309556007385,0.42342832684516907,0.23946835100650787,0.06387919932603836,0.0103305634111166,0.45220956206321716,0.4489225447177887,0.9172264337539673,0.3221716582775116,0.29983168840408325,0.1690278947353363,0.024340812116861343,0.025232398882508278,0.291273295879364,0.0076985848136246204,0.41543278098106384,0.17669767141342163,0.4532023072242737,0.14038456976413727,0.5224751830101013,0.19194993376731873,0.26590201258659363,0.050500914454460144,0.23970553278923035,0.5500205755233765,0.08970970660448074,0.0416581816971302,0.5241745710372925,0.09427038580179214,0.48609018325805664,0.06766213476657867,0.09868232160806656,0.22331039607524872,0.46329548954963684,0.0436343178153038
0.4188025891780853,0.008882836438715458,0.15987911820411682,0.8070768713951111,0.9176226258277893,0.8285609483718872,0.9238689541816711,4.716982841491699,0.1465761959552765,0.3365386724472046,0.45490261912345886,0.26414722204208374,0.04963085427880287,0.00039999998989515007,0.07543029636144638,1.7757418155670166,1.0589550733566284,3.1737608909606934,0.22129572927951813,0.16693173348903656,0.4109163284301758,0.2994488775730133,0.5955814719200134,0.3896709978580475,0.2617775797843933,0.06943946331739426,0.03542933985590935,0.41767314076423645,0.42063865065574646,0.8693978190422058,0.34148621559143066,0.2682955861091614,0.14363442361354828,0.04655314236879349,0.03575204312801361,0.2708399295806885,0.018939809873700142,0.39584845304489136,0.18294396996498108,0.4271552264690399,0.15350742638111115,0.4986656606197357,0.17520730197429657,0.25346922874450684,0.03974653407931328,0.24347488582134247,0.5168823003768921,0.10962004214525223,0.00559896370396018,0.5170129537582397,0.07673119008541107,0.44411298632621765,0.04636378586292267,0.06904441118240356,0.21035464107990265,0.4158341586589813,0.05160847678780556
0.38986238837242126,0.02275305800139904,0.1044197827577591,0.8727564215660095,0.9920992255210876,0.6514566540718079,0.6897605061531067,4.607097148895264,0.17852379381656647,0.2495107203722,0.40091270208358765,0.31178033351898193,0.04630051553249359,0.00039999998989515007,0.09629412740468979,1.8344377279281616,1.0435434579849243,3.0072872638702393,0.1638004034757614,0.13527441024780273,0.3823472261428833,0.32602548599243164,0.5411456823348999,0.3645865321159363,0.2556300163269043,0.08651063591241837,0.04990001395344734,0.4395321011543274,0.46871423721313477,0.9379054307937622,0.2862319052219391,0.24784725904464722,0.08412279188632965,0.003783394582569599,0.0014234449481591582,0.32504311203956604,0.051521386951208115,0.3987213969230652,0.13220752775669098,0.40501704812049866,0.07175003737211227,0.6782737374305725,0.15880155563354492,0.2914164066314697,0.09841898083686829,0.2528281509876251,0.5383867025375366,0.06026000529527664,0.05307513475418091,0.4969443082809448,0.11015185713768005,0.4297366142272949,0.09405028074979782,0.07574912160634995,0.2102660834789276,0.40501099824905396,0.011375069618225098
0.29980653524398804,0.003671793732792139,0.2220754623413086,1.0101149082183838,1.0415692329406738,0.7652342319488525,0.7926425337791443,4.594453811645508,0.15533936023712158,0.2819308936595917,0.27930939197540283,0.2581287622451782,0.06800160557031631,0.00039999998989515007,0.013464391231536865,1.6819809675216675,1.4321199655532837,2.604367733001709,0.1834508776664734,0.16357547044754028,0.4544745087623596,0.27352678775787354,0.4988887310028076,0.30658039450645447,0.027728283777832985,0.1684076339006424,0.03683214634656906,0.4684409499168396,0.40953442454338074,0.4961868226528168,0.24996978044509888,0.39484962821006775,0.23014718294143677,0.21247026324272156,0.055868517607450485,0.30351918935775757,0.05822776257991791,0.4473559558391571,0.09692727774381638,0.5268002152442932,0.2319130152463913,0.989525556564331,0.08166380971670151,0.174944669008255,0.023004848510026932,0.26072150468826294,0.39321210980415344,0.10049830377101898,0.05157385393977165,0.37089064717292786,0.04012365639209747,0.4412551820278168,0.026524009183049202,0.05672713369131088,0.21923911571502686,0.46657615900039673,0.009721793234348297
0.3533004820346832,0.04171665012836456,0.17986845970153809,1.0122836828231812,0.937688410282135,0.5314734578132629,0.7091093063354492,4.802056789398193,0.0835784524679184,0.24727994203567505,0.3166792094707489,0.26120585203170776,0.11589335650205612,0.00039999998989515007,0.05145280435681343,1.7824615240097046,1.28342604637146,2.7634849548339844,0.13193579018115997,0.11912214010953903,0.3867459297180176,0.28286683559417725,0.48258593678474426,0.274946004152298,0.12554262578487396,0.12804298102855682,0.023427927866578102,0.3972829282283783,0.4057465195655823,0.6033934354782104,0.28155794739723206,0.27616316080093384,0.142054483294487,0.17586500942707062,0.0855991393327713,0.3174055516719818,0.01071386318653822,0.4224216938018799,0.1076582670211792,0.4441722333431244,0.14912837743759155,0.9039690494537354,0.05745493620634079,0.2285611927509308,0.03191567584872246,0.28978219628334045,0.38228198885917664,0.11135964095592499,0.04681245610117912,0.4040653705596924,0.00658536097034812,0.3492392599582672,0.03392140194773674,0.017785582691431046,0.20190905034542084,0.40705230832099915,0.007045959122478962
0.3303106725215912,0.019853409379720688,0.011591505259275436,0.667259156703949,1.0899078845977783,0.7521655559539795,0.02999166026711464,4.945805549621582,0.2095997929573059,0.25898194313049316,0.43676409125328064,0.1547674834728241,0.051926352083683014,0.00039999998989515007,0.1672881692647934,1.8124476671218872,0.7496963143348694,3.2373666763305664,0.15579457581043243,0.08694251626729965,0.23414906859397888,0.26343390345573425,0.4109629988670349,0.25606706738471985,0.20850908756256104,0.0004468873084988445,0.19019894301891327,0.23070929944515228,0.25993040204048157,1.2314106225967407,0.15550823509693146,0.33066418766975403,0.06637844443321228,0.07342077046632767,0.006329291500151157,0.16269075870513916,0.16507504880428314,0.19274547696113586,0.050501979887485504,0.23165535926818848,0.03854109346866608,0.5278981328010559,0.30339229106903076,0.30032163858413696,0.06061302497982979,0.10216125100851059,0.4905949831008911,0.017027270048856735,0.07640212029218674,0.371520072221756,0.0011442770482972264,0.416909396648407,0.01160292699933052,0.18879562616348267,0.19278879463672638,0.33325469493865967,0.010554828681051731
0.3024369478225708,0.02949906326830387,0.05979221686720848,0.8259941935539246,0.9411769509315491,0.7174363732337952,0.5147292613983154,5.094759464263916,0.1206553727388382,0.1941164880990982,0.2856859564781189,0.24349991977214813,0.03746362403035164,0.00039999998989515007,0.04851439967751503,1.8265968561172485,1.0337707996368408,3.2894859313964844,0.10679371654987335,0.057866085320711136,0.27822253108024597,0.25356197357177734,0.39825859665870667,0.27012279629707336,0.1714775413274765,0.05920435115695,0.042898084968328476,0.3200162649154663,0.3763852119445801,0.8985647559165955,0.18818959593772888,0.1891905963420868,0.04826103895902634,0.08499075472354889,0.030689848586916924,0.24641340970993042,0.03669989854097366,0.3219316899776459,0.09845279157161713,0.3100917935371399,0.05053867772221565,0.6071544885635376,0.10105696320533752,0.22006165981292725,0.04805927351117134,0.218183696269989,0.3999677300453186,0.04145155847072601,0.021456915885210037,0.3754843771457672,0.08187759667634964,0.3270494043827057,0.024447685107588768,0.03400454670190811,0.12389442324638367,0.36535441875457764,0.00022943374642636627
0.30580028891563416,0.014228862710297108,0.10437754541635513,0.7877845764160156,0.922859787940979,0.7802225947380066,0.7110980749130249,5.265902996063232,0.11657900363206863,0.18242114782333374,0.2929747402667999,0.20020687580108643,0.047015026211738586,0.00039999998989515007,0.040312301367521286,1.8699837923049927,0.8866209983825684,3.2547876834869385,0.12007924914360046,0.08492722362279892,0.24955588579177856,0.25054359436035156,0.37825247645378113,0.21818268299102783,0.18006476759910583,0.08547428995370865,0.03142619505524635,0.28270047903060913,0.33014100790023804,0.8666191101074219,0.1976078301668167,0.19216731190681458,0.029943391680717468,0.00902013573795557,0.01754457876086235,0.19433407485485077,0.014069630764424801,0.29238390922546387,0.09052503854036331,0.28391033411026,0.07380969822406769,0.5459801554679871,0.10276848822832108,0.20880183577537537,0.03475536033511162,0.1821153461933136,0.39253056049346924,0.05012579262256622,0.014065670780837536,0.3323121666908264,0.060204703360795975,0.30591925978660583,0.03238191828131676,0.009600571356713772,0.1328531801700592,0.28725045919418335,0.016635457053780556
0.2717835307121277,0.023975005373358727,0.06346935778856277,0.640868067741394,1.023751974105835,1.0504897832870483,0.26179569959640503,5.105287551879883,0.15940648317337036,0.27278661727905273,0.3615396320819855,0.11056622117757797,0.06818224489688873,0.00039999998989515007,0.11691886186599731,1.7591874599456787,0.8001829981803894,3.3299689292907715,0.14151421189308167,0.0606430321931839,0.18748372793197632,0.215798020362854,0.34794798493385315,0.20713947713375092,0.1546052247285843,0.021730905398726463,0.10233601182699203,0.18511226773262024,0.198918417096138,1.0088419914245605,0.1391628384590149,0.2713300883769989,0.0282727237790823,0.2064407467842102,0.033992186188697815,0.119771808385849,0.07514771819114685,0.19159679114818573,0.08476985991001129,0.2067079395055771,0.08569836616516113,0.3574785590171814,0.20097240805625916,0.23168238997459412,0.09581124782562256,0.11815420538187027,0.3474210798740387,0.043287243694067,0.03326842561364174,0.2833729088306427,0.000917989294975996,0.3418006896972656,0.06824026256799698,0.11316993087530136,0.11935152858495712,0.31902098655700684,0.03824726119637489
0.28176507353782654,0.011609949171543121,0.1253385990858078,0.7882176637649536,0.973289966583252,0.8851855993270874,0.7501136660575867,5.004116535186768,0.11684148758649826,0.19722871482372284,0.28874969482421875,0.16994602978229523,0.056966375559568405,0.00039999998989515007,0.0605832114815712,1.895327091217041,0.9142047762870789,3.0196871757507324,0.13287663459777832,0.08355806767940521,0.2274492084980011,0.2311181277036667,0.3440214991569519,0.19286955893039703,0.17173489928245544,0.09402407705783844,0.03273160383105278,0.2361893355846405,0.2516609728336334,0.8659294247627258,0.18623243272304535,0.19400158524513245,0.023009520024061203,0.04282743111252785,0.023469414561986923,0.15666398406028748,0.014328021556138992,0.2471606731414795,0.09609305113554001,0.24924246966838837,0.07830189913511276,0.49771878123283386,0.11712071299552917,0.19611811637878418,0.00047941619413904846,0.15922239422798157,0.3410124182701111,0.05351587012410164,0.023968925699591637,0.28370288014411926,0.040425822138786316,0.27649784088134766,0.004021855071187019,0.013498499989509583,0.13436363637447357,0.2534886598587036,0.029139529913663864
0.17578694224357605,0.000592245371080935,0.14678703248500824,0.5867322087287903,0.5562654137611389,0.9154874682426453,1.4995217323303223,4.4909162521362305,0.006780377123504877,0.2785012423992157,0.2953789532184601,0.11476783454418182,0.1250344067811966,0.00039999998989515007,0.15321452915668488,1.6306877136230469,1.1910699605941772,3.0714704990386963,0.024849936366081238,0.14868682622909546,0.22509156167507172,0.21856141090393066,0.41052868962287903,0.2808097004890442,0.1802169382572174,0.006673694122582674,0.06838104873895645,0.265530526638031,0.1350594162940979,0.4731087386608124,0.29209399223327637,0.11184342205524445,0.03327600285410881,0.2387039065361023,0.02766384370625019,0.18912480771541595,0.004170282743871212,0.18679407238960266,0.07289190590381622,0.2523753345012665,0.09618005156517029,0.6094421148300171,0.0858539491891861,0.1517581343650818,0.03081822395324707,0.16666342318058014,0.2319818139076233,0.06694754213094711,0.06614662706851959,0.25551411509513855,0.06376747041940689,0.2518403232097626,0.002136597177013755,0.07847284525632858,0.1133163720369339,0.21820923686027527,0.06528893113136292
0.2410566508769989,0.01298378687351942,0.0976642444729805,0.8062931895256042,0.9680198431015015,0.9281449317932129,0.8041206002235413,4.572601795196533,0.1061149388551712,0.1889275461435318,0.26152053475379944,0.16827619075775146,0.061976317316293716,0.00039999998989515007,0.07549087703227997,1.9055174589157104,1.039085030555725,2.7763876914978027,0.12296514213085175,0.0644625648856163,0.2103489637374878,0.19066818058490753,0.31320005655288696,0.19939783215522766,0.14856158196926117,0.07948440313339233,0.01435063872486353,0.21240614354610443,0.23087511956691742,0.8280337452888489,0.1760704517364502,0.17269690334796906,0.02820441499352455,0.09491689503192902,0.03401092439889908,0.15579932928085327,0.018884653225541115,0.19582512974739075,0.09823091328144073,0.21882794797420502,0.04702101647853851,0.4921717345714569,0.10322823375463486,0.17604172229766846,0.0029206648468971252,0.13390308618545532,0.2779572606086731,0.0540941096842289,0.007388596888631582,0.3026847243309021,0.05551983043551445,0.23923128843307495,0.01482162531465292,0.03567036613821983,0.12702544033527374,0.2444603592157364,0.04982160031795502
0.21450555324554443,0.014130676165223122,0.06727457046508789,0.7760487794876099,1.0918011665344238,0.9463616609573364,0.911751925945282,4.381279945373535,0.17436975240707397,0.18844588100910187,0.2678103744983673,0.1651696413755417,0.09701218456029892,0.00039999998989515007,0.06859220564365387,1.7698824405670166,0.8031648993492126,2.566880226135254,0.13614635169506073,0.020236343145370483,0.20680026710033417,0.10257641226053238,0.2972305417060852,0.18939311802387238,0.1039203330874443,0.05837196856737137,0.004301456268876791,0.20796392858028412,0.24287910759449005,0.5763536691665649,0.13187386095523834,0.18247632682323456,0.06943169981241226,0.025791330263018608,0.045997705310583115,0.1708163321018219,0.014852880500257015,0.17170657217502594,0.09523048996925354,0.19989565014839172,0.0009759681997820735,0.30511045455932617,0.07177282869815826,0.15989315509796143,0.00038828662945888937,0.08387085795402527,0.24402877688407898,0.025674384087324142,0.02946220338344574,0.32807111740112305,0.07817026972770691,0.227012500166893,0.06578994542360306,0.0624711811542511,0.1327439695596695,0.27364110946655273,0.07384565472602844
0.28687727451324463,0.021199531853199005,0.15882191061973572,0.5983529686927795,0.8102766275405884,0.9442015290260315,1.0122404098510742,4.82395601272583,0.09816516935825348,0.04456441104412079,0.18263006210327148,0.057253398001194,0.024803925305604935,0.00039999998989515007,0.010033112950623035,2.1642749309539795,0.48437586426734924,2.8014020919799805,0.14232562482357025,0.06706338375806808,0.08621393144130707,0.22729693353176117,0.21620424091815948,0.058031897991895676,0.212553933262825,0.21792088449001312,0.0038547322619706392,0.11319968849420547,0.36164283752441406,0.9627707004547119,0.15356743335723877,0.08332686871290207,0.07680537551641464,0.1059538796544075,0.01815694570541382,0.059363216161727905,0.010165208950638771,0.12638422846794128,0.09975625574588776,0.10834571719169617,0.019440459087491035,0.21637901663780212,0.05736684426665306,0.13631591200828552,0.025864310562610626,0.0985116958618164,0.28176021575927734,0.08570525795221329,0.053013138473033905,0.39622050523757935,0.0386492982506752,0.1352267861366272,0.04238966852426529,0.10305120795965195,0.047129206359386444,0.08408714085817337,0.025566572323441505
0.18230554461479187,0.07647732645273209,0.07480604946613312,0.6882211565971375,0.5413466095924377,2.1192636489868164,0.5816594362258911,5.165681838989258,0.03528035804629326,0.1290445327758789,0.08723964542150497,0.09229495376348495,0.0622621551156044,0.00039999998989515007,0.05133048817515373,1.4945553541183472,1.208380937576294,3.1819872856140137,0.09085844457149506,0.012202391400933266,0.05941392108798027,0.18790020048618317,0.08442272990942001,0.08526673167943954,0.10399296879768372,0.1405792236328125,0.044862765818834305,0.07955965399742126,0.32175004482269287,1.1844372749328613,0.11053939908742905,0.12710097432136536,0.002165416954085231,0.19696487486362457,0.012515210546553135,0.018428003415465355,0.12745194137096405,0.1436026692390442,0.09700263291597366,0.12458235025405884,0.08575907349586487,0.12628471851348877,0.0010358237195760012,0.1415725201368332,0.09441953897476196,0.041178129613399506,0.18258370459079742,0.08153389394283295,0.10841263085603714,0.2245178520679474,0.06024052947759628,0.1608671396970749,0.06053522229194641,0.018324952572584152,0.02295258268713951,0.12842440605163574,0.14817818999290466
0.10331381112337112,0.12300807982683182,0.01657039485871792,0.6499435305595398,0.14081090688705444,1.9147984981536865,0.3508913516998291,4.331485271453857,0.061770252883434296,0.06652877479791641,0.006058142054826021,0.11589579284191132,0.005356878973543644,0.00039999998989515007,0.007906179875135422,1.1535004377365112,1.5605393648147583,3.5256049633026123,0.00860012136399746,0.005428674630820751,0.017887528985738754,0.23766787350177765,0.07471375167369843,0.11693651229143143,0.06730518490076065,0.11864079535007477,0.03115040250122547,0.11457280069589615,0.45863649249076843,1.0001099109649658,0.08594437688589096,0.021050158888101578,0.08237329125404358,0.484380841255188,0.02825046144425869,0.10310005396604538,0.06410469859838486,0.09595108032226562,0.0713215172290802,0.10965320467948914,0.009809394367039204,0.4903649389743805,0.06707797944545746,0.1330689638853073,0.0437956377863884,0.10185322910547256,0.13418838381767273,0.08674889802932739,0.05543904006481171,0.33770400285720825,0.14545351266860962,0.1338239312171936,0.07335934787988663,0.07708654552698135,0.0952632948756218,0.1601494699716568,0.20062357187271118
0.1354316920042038,0.010978152975440025,0.027177950367331505,0.5113148093223572,0.8152197003364563,1.345346212387085,1.3764053583145142,4.866841793060303,0.12067730724811554,0.08934894949197769,0.16042718291282654,0.0845697894692421,0.0140640027821064,0.00039999998989515007,0.007316571194678545,2.131178140640259,0.6207321882247925,3.04288911819458,0.07725876569747925,0.019539102911949158,0.10625945776700974,0.07603688538074493,0.18366442620754242,0.1097639948129654,0.07707659155130386,0.06259410828351974,0.029574591666460037,0.11894676089286804,0.24146273732185364,0.5451192855834961,0.10335654020309448,0.12662386894226074,0.004382023122161627,0.004221580922603607,0.0003284477861598134,0.06715885549783707,0.0060447994619607925,0.04534776881337166,0.0486229844391346,0.09294605255126953,0.013219506479799747,0.07608161121606827,0.03066430613398552,0.08681609481573105,0.009958685375750065,0.008083081804215908,0.16051971912384033,0.03990166634321213,0.03135848790407181,0.4115452468395233,0.04770288243889809,0.14085988700389862,0.028396930545568466,0.06348039954900742,0.052270010113716125,0.14450356364250183,0.09467831999063492
0.08300209045410156,0.01708008535206318,0.01995733007788658,0.4232651889324188,0.6246466040611267,1.607765793800354,0.3662830889225006,4.468379020690918,0.04503128305077553,0.19461745023727417,0.16126739978790283,0.05609560012817383,0.02632926031947136,0.00039999998989515007,0.043797727674245834,1.5348039865493774,1.484019160270691,2.9795825481414795,0.031583718955516815,0.0004297344130463898,0.11813709884881973,0.0270378440618515,0.12295079976320267,0.14609979093074799,0.07701681554317474,0.1884445995092392,0.03222588449716568,0.04245816916227341,0.02952321618795395,1.056970477104187,0.10486918687820435,0.11378004401922226,0.0007518543279729784,0.2721005082130432,0.018494796007871628,0.025466855615377426,0.049451276659965515,0.03739136457443237,0.04088384285569191,0.06885361671447754,0.031069518998265266,0.3810742497444153,0.08733995258808136,0.09675959497690201,0.07504357397556305,0.02182350866496563,0.06834464520215988,0.0064716702327132225,0.029208771884441376,0.19006875157356262,0.013980482704937458,0.11367899179458618,0.021951792761683464,0.14226631820201874,0.04564623534679413,0.12828494608402252,0.08081992715597153
0.11668398976325989,0.00025730623747222126,0.06019497290253639,0.6615977883338928,0.8491004109382629,0.7645939588546753,0.7752118110656738,4.950247287750244,0.020976055413484573,0.07601874321699142,0.09544333070516586,0.05405017361044884,0.011957481503486633,0.00039999998989515007,0.009553292766213417,1.9588133096694946,1.2561955451965332,3.0555880069732666,0.06181290000677109,0.00232055620290339,0.1042037308216095,0.0450492762029171,0.12486550211906433,0.08237243443727493,0.061756692826747894,0.09589017182588577,0.01643512398004532,0.062266573309898376,0.33299076557159424,0.6187940835952759,0.06469597667455673,0.039062391966581345,0.00923044141381979,0.02368081919848919,0.02488652616739273,0.04431209713220596,0.018341848626732826,0.05447378754615784,0.04953181743621826,0.086577408015728,0.026921192184090614,0.26406124234199524,0.03533933684229851,0.04154592379927635,0.00027976103592664003,0.043897610157728195,0.08738198131322861,0.012229819782078266,0.0005370440776459873,0.43255046010017395,0.0033518164418637753,0.05913766473531723,0.015359344892203808,0.06948836892843246,0.03665704280138016,0.11028433591127396,0.02237696386873722
0.0685417428612709,0.009451772086322308,0.0017850773874670267,0.3669060468673706,0.44408097863197327,1.3048514127731323,1.0779147148132324,4.880348205566406,0.03959216922521591,0.03633821755647659,0.060570910573005676,0.02606108970940113,0.010337220504879951,0.00039999998989515007,0.01020068023353815,2.1044301986694336,1.0233772993087769,3.7600321769714355,0.01857597567141056,0.015752078965306282,0.03522098436951637,0.11218320578336716,0.09956232458353043,0.07040274143218994,0.05413999781012535,0.08179759234189987,0.01073080487549305,0.0654384195804596,0.34897878766059875,0.6812052726745605,0.06049801781773567,0.030374800786376,0.05230874568223953,0.2238035947084427,0.0037672349717468023,0.04922584071755409,0.02212478034198284,0.0013591133756563067,0.024553218856453896,0.042085934430360794,0.04096129536628723,0.448005735874176,0.013597095385193825,0.04200918972492218,0.014731917530298233,0.010998247191309929,0.08436170965433121,0.03149711340665817,0.0008938186801970005,0.5159481763839722,0.03174934536218643,0.06906060874462128,0.0025837940629571676,0.07783610373735428,0.005882987752556801,0.08316938579082489,0.07994480431079865
