E_0,L_0,P_0,M_s_0,M_e_0,M_i_0,H_s_0,H_e_0,H_i_0,H_r_0,C,sigma,gamma,mu_H,beta_M,beta_H,theta_M,theta_H,alpha_b,alpha_E,alpha_L,alpha_P,a_b,a_E,a_L,a_P,c_E,c_L,c_P,c_M,d_E,d_L,d_P,d_M,T_b_max,T_E_max,T_L_max,T_P_max,T_E_min,T_L_min,T_P_min,T_M_min,R_b,R_E,R_L,R_P,r_b,r_E,r_L,r_P,s_b,s_E,s_L,s_P,e_E,e_L,e_P
0.22603194415569305,0.9133517146110535,1.049363374710083,0.9211214184761047,1.3364849090576172,1.2367788553237915,1.1756856441497803,0.3214358985424042,0.08769949525594711,0.07826421409845352,0.32200509309768677,1.1247667074203491,0.49986252188682556,0.00039999998989515007,1.0610296726226807,0.9266195297241211,2.658165216445923,0.8074662089347839,0.4315301179885864,0.5659717321395874,1.2593750953674316,0.15233787894248962,0.18699149787425995,1.273816704750061,0.23141978681087494,0.44736185669898987,0.7798871994018555,0.9545827507972717,0.6407611966133118,0.1396927386522293,0.4237172603607178,0.4488706588745117,0.3849257826805115,0.20144107937812805,1.3021788597106934,2.39760160446167,0.05071321874856949,2.8053295612335205,0.26123490929603577,1.1309590339660645,0.7565878629684448,1.4957014322280884,0.49744585156440735,0.6522783041000366,1.1990077495574951,1.1205105781555176,1.3416051864624023,0.38006046414375305,1.0107249021530151,0.023730384185910225,0.6170282959938049,0.595881462097168,0.2090510129928589,1.1165317296981812,1.0109297037124634,0.6971490979194641,1.068627953529358
1.1674138307571411,0.615063488483429,0.9739974141120911,2.057443618774414,1.1256229877471924,0.8651386499404907,0.39555269479751587,0.593998908996582,0.02864750847220421,0.5639055967330933,0.14512725174427032,1.2785810232162476,1.0393273830413818,0.00039999998989515007,1.137308120727539,0.33062392473220825,2.1632513999938965,1.4906418323516846,0.5798699855804443,0.6738112568855286,0.8390424251556396,0.22536492347717285,0.10067886859178543,1.0862689018249512,0.08104728162288666,0.474581778049469,1.2825311422348022,1.077186942100525,0.19641433656215668,0.2137860357761383,0.5543150901794434,0.3811088502407074,0.39533552527427673,0.8107749819755554,2.0276389122009277,1.7054545879364014,0.5535411834716797,2.7041053771972656,0.44757410883903503,0.998606264591217,0.471456915140152,1.3265273571014404,0.9570268392562866,0.8790472149848938,0.4306849241256714,0.9072977900505066,1.2809069156646729,0.9575378894805908,1.3640414476394653,0.6712026000022888,0.15494273602962494,0.0016940782079473138,0.07189817726612091,0.2513795793056488,0.8639960289001465,0.6601852774620056,1.1904876232147217
0.7379880547523499,1.7299965620040894,0.04680335894227028,1.9817471504211426,0.9158331155776978,0.7673583626747131,0.8336906433105469,1.3876314163208008,0.46726852655410767,0.7938838601112366,0.949255108833313,1.5503172874450684,0.11984851211309433,0.00039999998989515007,0.1474304348230362,0.1811647117137909,1.5498982667922974,2.296198606491089,0.39363986253738403,0.20351845026016235,0.784554123878479,0.3776390552520752,0.9779766798019409,0.702164351940155,0.3680099844932556,0.4657902419567108,0.28411856293678284,0.3861062228679657,0.8021981120109558,0.004374335519969463,0.38397467136383057,1.1966233253479004,0.36333030462265015,0.5229486227035522,0.6827748417854309,1.6268218755722046,0.3873126804828644,1.2916796207427979,0.15489733219146729,1.7662382125854492,0.27743905782699585,2.111588716506958,0.7616268396377563,1.05806565284729,0.583253800868988,1.1444493532180786,0.2347591519355774,0.4194582998752594,1.7484428882598877,0.5995143055915833,0.21265587210655212,1.0829102993011475,1.732616662979126,0.6052919030189514,0.7898976802825928,0.7238549590110779,1.286229133605957
0.8688570857048035,1.183452844619751,0.7257978320121765,1.4282187223434448,0.9008880257606506,1.0615609884262085,0.5867184996604919,0.5919963717460632,0.06848833709955215,0.43566733598709106,0.12540408968925476,1.5807393789291382,0.3008975386619568,0.00039999998989515007,0.8008485436439514,0.6790133714675903,2.580522298812866,1.2420316934585571,0.3743748366832733,0.5207307934761047,0.6788889169692993,0.1981421411037445,0.09445011615753174,1.556958556175232,0.43992260098457336,0.49452832341194153,0.9317338466644287,1.0764068365097046,0.15572017431259155,0.09707287698984146,0.6152496933937073,0.25653332471847534,0.19240981340408325,0.12862475216388702,1.2677514553070068,2.138195514678955,0.05157597362995148,2.6533548831939697,0.4081651270389557,1.2179274559020996,0.5110436677932739,1.8672631978988647,0.71824049949646,0.8411949276924133,0.7405968904495239,1.0027036666870117,1.3357901573181152,0.7077800035476685,1.1598947048187256,0.03326519578695297,0.7881699204444885,0.6785500049591064,0.24733558297157288,0.5785855054855347,1.2000271081924438,1.0541363954544067,1.0855767726898193
0.9368265867233276,0.44747647643089294,0.004301540087908506,1.8938573598861694,2.0009849071502686,0.7340551614761353,0.6986365914344788,1.5805349349975586,0.6366135478019714,0.42266151309013367,1.2955851554870605,0.8205042481422424,0.16429032385349274,0.00039999998989515007,0.24650506675243378,0.9061754941940308,2.168978452682495,1.8043906688690186,0.7877915501594543,0.679553747177124,0.8996053338050842,1.0677509307861328,0.6409835815429688,0.0005741498898714781,1.4461475610733032,0.16235756874084473,0.09866874665021896,0.8017808198928833,0.490503191947937,0.32077011466026306,1.3536003828048706,1.0373140573501587,0.24395190179347992,1.0711231231689453,0.9345126748085022,0.6344199776649475,0.5982059240341187,2.3687305450439453,0.09890192747116089,1.8382660150527954,0.07226161658763885,0.7559837102890015,0.7225587964057922,0.2552098035812378,0.24971294403076172,1.2281675338745117,0.5918772220611572,0.13579443097114563,2.231660842895508,0.8337160348892212,0.06018447130918503,0.801779568195343,0.7154784202575684,0.7099450826644897,0.006751920562237501,0.2743670344352722,0.45096370577812195
1.2344928979873657,0.8376078605651855,0.9630094170570374,1.4287244081497192,1.4950928688049316,1.074100375175476,0.8386453986167908,1.131402611732483,1.0533292293548584,0.04967458173632622,0.06717637181282043,2.169053316116333,0.7544224262237549,0.00039999998989515007,0.908681333065033,0.6795252561569214,2.34024977684021,1.3307957649230957,0.08135087788105011,0.04235140606760979,0.9475559592247009,0.29628995060920715,0.6166188716888428,0.6592673659324646,0.49987995624542236,0.2757066786289215,1.0560228824615479,1.1550161838531494,0.3377133905887604,0.42963969707489014,0.841502845287323,0.03147739917039871,0.14540666341781616,0.22860680520534515,1.856147289276123,2.084359884262085,0.33732229471206665,2.8990461826324463,0.3111462891101837,1.342661738395691,0.477752685546875,0.9384063482284546,0.7800334692001343,0.3605860471725464,0.40596017241477966,1.2483967542648315,0.412097305059433,0.10336503386497498,0.81649249792099,0.2105729877948761,0.6842297911643982,0.03527514636516571,0.03958591818809509,0.6396706700325012,0.604755163192749,0.25132256746292114,0.95320063829422
0.11528048664331436,0.6536759734153748,0.775457501411438,1.733311653137207,1.0674943923950195,0.6879867315292358,1.5835309028625488,0.6893506050109863,0.1759161353111267,0.803371250629425,1.4428458213806152,0.7599750757217407,1.6794582605361938,0.00039999998989515007,0.27521637082099915,0.10821063816547394,1.7762715816497803,1.0975204706192017,1.025631070137024,0.4530957341194153,2.279189109802246,0.5403160452842712,0.40372520685195923,0.46522530913352966,0.3519505262374878,0.7257736325263977,0.7998756170272827,0.6442161798477173,1.0609385967254639,0.1170538067817688,0.29173752665519714,0.0693940818309784,0.5740558505058289,1.3203332424163818,2.7849676609039307,1.2621488571166992,1.6506130695343018,1.7732665538787842,1.3293530941009521,0.10021132975816727,0.6060718894004822,0.7231579422950745,0.49329692125320435,0.1304119974374771,0.9367930889129639,0.8856016397476196,0.06419118493795395,0.09771755337715149,0.6795402765274048,0.279789000749588,0.5796808004379272,0.30413731932640076,0.9539660215377808,1.0133963823318481,0.958176851272583,0.29318737983703613,0.9467172026634216
0.3962397575378418,1.5294194221496582,0.9799512624740601,1.6922868490219116,0.5746085047721863,0.8747261762619019,1.5524786710739136,0.14415769279003143,0.8022924065589905,0.5862506031990051,0.09292397648096085,1.3205540180206299,0.6793130040168762,0.00039999998989515007,1.2608857154846191,0.5135646462440491,2.6174259185791016,0.8315477967262268,0.629830002784729,0.21198886632919312,1.2832589149475098,0.0766943097114563,0.096897192299366,1.274208426475525,0.16540753841400146,0.2942771911621094,0.4494416415691376,0.1490427553653717,0.8744736909866333,0.0287148617208004,0.30367520451545715,0.9654257297515869,0.7538164258003235,0.7490386366844177,1.752270221710205,2.1084682941436768,0.5252581238746643,1.8692317008972168,0.5603306293487549,0.9076732993125916,0.022134382277727127,2.0070719718933105,0.6460341811180115,1.0435214042663574,1.4389593601226807,0.3722325265407562,1.1277745962142944,0.4956461191177368,0.6276627779006958,0.2859099507331848,0.7898604273796082,0.618292510509491,0.38694295287132263,1.0792732238769531,1.1372089385986328,0.5916755199432373,0.7246640920639038
0.298832505941391,2.078275203704834,0.23131674528121948,0.7594409584999084,1.4969719648361206,0.8211309909820557,1.6544910669326782,1.4458026885986328,0.1591167449951172,0.2613011300563812,1.100601315498352,1.988014578819275,0.3246745765209198,0.00039999998989515007,0.021010924130678177,0.4052460193634033,2.50002121925354,1.624786138534546,0.04337687790393829,0.12349904328584671,0.7925000786781311,0.2742980718612671,0.42374616861343384,0.47265303134918213,0.35939210653305054,0.05885537713766098,0.2147853970527649,0.4380910396575928,0.1284755915403366,0.08953051269054413,0.027091657742857933,1.6581623554229736,0.33111006021499634,0.8077079653739929,0.4867824614048004,1.5109140872955322,0.6108512878417969,1.5447330474853516,0.24621354043483734,2.3379456996917725,0.54824298620224,1.5312453508377075,0.12787948548793793,1.0864107608795166,0.939736008644104,1.206731915473938,0.17507804930210114,0.6508583426475525,1.1592997312545776,0.1571010798215866,0.16013552248477936,1.0706435441970825,0.9063510894775391,0.02691986970603466,0.9868327379226685,0.7154787182807922,1.2639188766479492
0.0481899231672287,1.1274076700210571,0.2224084883928299,1.3913514614105225,1.147480845451355,0.292425274848938,1.2985148429870605,0.8190582394599915,1.130193829536438,0.16417227685451508,0.8035607933998108,0.011993098072707653,0.8656963109970093,0.00039999998989515007,0.39708492159843445,0.6514943838119507,0.6872203946113586,1.7239999771118164,1.4606355428695679,0.24756209552288055,1.131998896598816,0.13577477633953094,0.9514515995979309,0.4690762758255005,1.5764859914779663,0.9308300614356995,0.6933591365814209,1.6791188716888428,0.46566668152809143,0.19039829075336456,0.1182129979133606,1.3219465017318726,0.38653847575187683,0.36325499415397644,0.8421306610107422,1.806891679763794,0.8399122357368469,1.9897596836090088,0.10605273395776749,0.47049906849861145,0.6754261255264282,1.737679123878479,0.850862979888916,1.8787683248519897,0.3884902000427246,1.2745745182037354,1.6721184253692627,0.20802047848701477,0.03577395901083946,0.20120328664779663,0.06829915940761566,0.1456660032272339,1.163917064666748,0.41781342029571533,1.5716652870178223,1.7172935009002686,0.7265442609786987
0.42675164341926575,1.846625566482544,0.08921277523040771,1.5135172605514526,1.325792908668518,0.6032363176345825,1.358152151107788,1.1150234937667847,1.0387121438980103,0.2474236935377121,0.4037726819515228,1.8869377374649048,0.9710915684700012,0.00039999998989515007,0.6822749972343445,0.8392362594604492,1.6350327730178833,1.7223765850067139,0.33965954184532166,0.8317118883132935,1.1393812894821167,0.1715242564678192,0.030762318521738052,1.033571720123291,0.41149434447288513,0.18000143766403198,0.4948410391807556,0.9929851293563843,0.1531776487827301,0.1788080483675003,0.6301839351654053,0.4511969983577728,0.5577131509780884,0.529812753200531,1.7968398332595825,1.7562402486801147,0.07427660375833511,2.014000177383423,0.10135167837142944,1.221550703048706,0.4618891477584839,2.241058826446533,0.21947164833545685,0.45506322383880615,0.35197892785072327,1.7588261365890503,0.5215789079666138,0.16903601586818695,1.6108404397964478,0.6509926319122314,0.07114657759666443,1.0919342041015625,0.584114134311676,0.11925489455461502,0.23541121184825897,0.47448891401290894,0.8804123997688293
0.7870768308639526,0.8553473949432373,0.3067232370376587,2.0760507583618164,1.0480114221572876,0.956574559211731,1.3826757669448853,1.4498803615570068,0.5424448847770691,0.655804455280304,1.0424190759658813,0.3493349552154541,1.9663965702056885,0.00039999998989515007,0.1302306205034256,0.7694874405860901,1.8850462436676025,0.5000084042549133,0.25689998269081116,0.7959610819816589,1.8213615417480469,0.43144428730010986,0.23264214396476746,0.8280192017555237,0.14135339856147766,0.062044791877269745,1.5843526124954224,0.8028216361999512,0.47082236409187317,0.033626988530159,0.19092293083667755,0.11250179260969162,0.8522818088531494,0.3741127848625183,2.75177264213562,1.6986488103866577,1.0058724880218506,2.670745611190796,0.4551703929901123,0.08576411753892899,0.3557862341403961,0.7596573829650879,0.0565100833773613,0.22853967547416687,0.45432668924331665,1.031266689300537,0.2881525158882141,0.06048627197742462,0.7435996532440186,0.45527294278144836,0.017382334917783737,0.15970000624656677,0.9394772052764893,1.2630200386047363,0.27473071217536926,0.643893837928772,0.30603691935539246
1.0930463075637817,0.7944989800453186,0.025303583592176437,2.3112168312072754,0.5477100014686584,0.9567059278488159,0.3191492557525635,1.3072280883789062,0.3207360506057739,1.8047723770141602,0.24416448175907135,1.1872810125350952,0.5591874122619629,0.00039999998989515007,0.21528615057468414,0.5343561768531799,2.1666882038116455,1.398052453994751,0.2726067304611206,0.2553548812866211,0.8316295742988586,0.8609755039215088,0.2000754326581955,1.4091569185256958,0.5368115305900574,0.13603277504444122,1.5886704921722412,1.0152831077575684,0.27175870537757874,0.3045177459716797,0.4346957504749298,0.42543309926986694,0.1855044662952423,0.18041862547397614,2.1780922412872314,1.744123935699463,0.7812262773513794,2.741472005844116,0.21132208406925201,0.6646912097930908,0.3345348834991455,1.1143839359283447,0.2650702893733978,0.58745938539505,0.3249886929988861,0.7583920359611511,0.4409356117248535,0.1822289377450943,0.8153181076049805,0.3204458951950073,0.6862072944641113,0.08407077938318253,0.2792418301105499,0.6306303143501282,1.4139940738677979,1.5882054567337036,0.6023668050765991
0.5332325100898743,1.2378491163253784,0.40008416771888733,1.679198980331421,1.173050880432129,0.5941564440727234,1.877968192100525,0.9833993911743164,0.43864715099334717,0.8452933430671692,0.7591601014137268,0.944116473197937,0.3486423194408417,0.00039999998989515007,0.06542699038982391,0.04842230677604675,2.7212913036346436,1.0749452114105225,0.799858808517456,0.42889928817749023,2.035504102706909,0.8695380687713623,0.9360377192497253,0.04355425760149956,0.3560184836387634,0.022995498031377792,0.09920307993888855,0.5449174642562866,0.7022104263305664,0.0711803287267685,1.4526362419128418,1.1337224245071411,0.39349257946014404,1.0081734657287598,1.67908775806427,1.4800962209701538,0.4184650778770447,2.2719643115997314,1.2411221265792847,1.043929100036621,0.0378289520740509,1.3626484870910645,0.4678363800048828,0.4621310234069824,1.4483386278152466,0.7301430702209473,0.17521914839744568,0.5046202540397644,0.9007123112678528,0.22976204752922058,0.6066317558288574,0.6598711013793945,0.4282071888446808,0.8068445324897766,1.0307668447494507,0.22987137734889984,0.39738303422927856
0.9673947095870972,1.8337013721466064,1.4793241024017334,1.9256139993667603,1.1493128538131714,0.9223770499229431,1.2646673917770386,0.8306900262832642,0.2520900368690491,0.2883906364440918,0.7162767052650452,1.8853737115859985,1.0965794324874878,0.00039999998989515007,0.45380282402038574,0.732549786567688,2.068281412124634,1.4102529287338257,1.167274832725525,0.19071748852729797,1.1774002313613892,0.3653258681297302,0.13614903390407562,0.1264267861843109,0.10500510782003403,0.6201070547103882,0.009140927344560623,1.0746233463287354,0.00043565419036895037,0.3161676526069641,0.7493847012519836,0.11619946360588074,0.3243752121925354,1.0350247621536255,2.188657760620117,1.2001028060913086,0.7473160028457642,1.3816381692886353,0.8008559942245483,0.6585925817489624,0.22094003856182098,2.341642379760742,0.3227755129337311,0.3202100992202759,0.2860238552093506,0.33904391527175903,1.0664061307907104,1.308964729309082,1.0847371816635132,0.5574250817298889,0.38900673389434814,0.18671831488609314,0.5064830780029297,0.07914038747549057,0.814099907875061,0.13678036630153656,1.2318265438079834
1.4187411069869995,0.27823880314826965,0.40284061431884766,1.6655575037002563,1.4356662034988403,0.7952544689178467,0.2949208915233612,1.1065646409988403,0.7844482660293579,0.0003563532663974911,0.8380864262580872,1.7636311054229736,0.5430476069450378,0.00039999998989515007,0.9441980719566345,0.930383026599884,2.681741952896118,1.7039989233016968,0.09762363880872726,0.42741265892982483,0.6249354481697083,0.21145358681678772,0.6670250296592712,0.6223472952842712,0.16015785932540894,0.4603675305843353,1.5357120037078857,1.3438398838043213,0.13662919402122498,0.5298650860786438,0.1730307787656784,0.009152134880423546,0.0031252449844032526,0.20360319316387177,1.4124585390090942,1.3944923877716064,0.07824160903692245,3.3464231491088867,0.3326999843120575,1.1936904191970825,0.16093404591083527,0.26289692521095276,0.5241355895996094,0.3725733160972595,0.1350613385438919,1.8959249258041382,0.040482047945261,0.30633264780044556,1.4192255735397339,0.3273945152759552,0.748049795627594,0.20018431544303894,0.6408876180648804,0.422151118516922,0.31587323546409607,0.10875891894102097,0.027033228427171707
0.9921743273735046,0.8189484477043152,0.9172566533088684,1.4638543128967285,1.1734760999679565,0.9415121674537659,0.6751332879066467,1.0063499212265015,1.258093237876892,0.16479690372943878,0.8410674333572388,1.065360188484192,0.939607560634613,0.00039999998989515007,0.30601197481155396,0.09356202930212021,1.8184293508529663,1.616357684135437,0.8074279427528381,1.0152971744537354,1.2854396104812622,0.23108716309070587,0.45364952087402344,0.4646713137626648,0.032491911202669144,0.09053150564432144,0.3542616367340088,1.0135630369186401,0.6855686902999878,0.5718945860862732,0.4495728611946106,0.18843352794647217,0.33783361315727234,0.4097023010253906,1.8913140296936035,1.9665319919586182,0.1271902322769165,2.375473737716675,0.6190723180770874,0.8790290951728821,1.1948965787887573,1.8002123832702637,0.8266122937202454,0.4846900403499603,0.650797963142395,0.9112935066223145,0.9992115497589111,1.3131580352783203,1.2010674476623535,0.3855281174182892,0.876495361328125,0.3478511869907379,0.5462616682052612,0.1481148898601532,0.9083535075187683,0.8301628232002258,1.7337274551391602
0.41713011264801025,0.463935911655426,0.11048764735460281,1.9313890933990479,1.7075169086456299,0.9782617092132568,1.368275761604309,1.617505669593811,0.21030472218990326,1.0987811088562012,0.8977735042572021,0.9315481185913086,1.295880913734436,0.00039999998989515007,0.24421732127666473,0.15833519399166107,1.7696954011917114,1.3837430477142334,0.7151230573654175,0.4264776110649109,2.0858657360076904,1.213857889175415,0.21458908915519714,0.021359814330935478,0.27630987763404846,0.5673241019248962,0.9379035234451294,0.9820197820663452,0.8078035116195679,0.08471835404634476,0.5931671857833862,0.3271436095237732,0.6571897864341736,1.2302438020706177,2.614784002304077,1.2072930335998535,0.987980842590332,2.2851314544677734,0.8095877170562744,0.6562949419021606,0.6748756766319275,0.6868715882301331,0.2294847071170807,0.04744812846183777,0.6081048846244812,1.1089659929275513,0.4506693184375763,0.11394194513559341,0.9742819666862488,0.5602828860282898,0.3848407566547394,0.21844029426574707,0.5815169811248779,0.8490966558456421,0.8877821564674377,0.32056722044944763,0.43429845571517944
1.233258605003357,0.32076865434646606,0.4253503680229187,1.7630151510238647,1.4651081562042236,0.9537253379821777,0.8277848958969116,0.9189202189445496,0.3749132454395294,0.08634338527917862,0.9450786113739014,1.3723589181900024,0.5227778553962708,0.00039999998989515007,0.5780128836631775,0.9789153933525085,2.0850653648376465,2.250150680541992,0.5164337158203125,0.6924960613250732,0.7738274931907654,0.29662781953811646,0.17224246263504028,0.7117992639541626,0.11039018630981445,0.6734901666641235,1.1995388269424438,0.6952930092811584,0.14372000098228455,0.04917217046022415,0.6054109334945679,0.4976978003978729,0.11455131322145462,0.21760810911655426,1.7183046340942383,1.889311671257019,0.12874650955200195,3.1609466075897217,0.5250701308250427,0.833730161190033,0.11094480752944946,1.1639785766601562,0.9390658736228943,0.813132107257843,0.31811246275901794,1.5993359088897705,0.7134116291999817,0.2613561451435089,1.0205059051513672,0.39516493678092957,0.08387254178524017,0.39594364166259766,0.7358285188674927,0.39655426144599915,0.8458448648452759,0.8511115908622742,0.791919469833374
1.183426856994629,0.37076014280319214,0.09013322740793228,1.586267113685608,2.226846694946289,0.8067329525947571,0.2861219346523285,1.1535359621047974,0.8081441521644592,0.6188637614250183,1.4381413459777832,1.4285870790481567,0.4200811982154846,0.00039999998989515007,0.5455330610275269,0.8901543617248535,1.278844952583313,1.9757598638534546,0.03024810552597046,0.2692568302154541,0.10123763233423233,0.0695360004901886,0.6591688394546509,0.8218278288841248,0.9713985919952393,0.8934529423713684,1.4731353521347046,1.2448943853378296,0.38811084628105164,0.5916924476623535,0.2758846580982208,0.39056670665740967,0.9635813236236572,0.11816109716892242,1.06133234500885,1.0335825681686401,0.29038864374160767,2.9224600791931152,0.5943463444709778,1.0061640739440918,0.7287396788597107,0.6465531587600708,1.0225892066955566,0.08272723853588104,0.8737055063247681,1.9103955030441284,0.0307537242770195,0.003102607326582074,1.6417781114578247,0.6926285624504089,0.07008957862854004,0.4114137291908264,1.4264695644378662,0.22191400825977325,0.3831787407398224,0.4435722529888153,0.6049681305885315
0.8933601975440979,0.8829779028892517,0.20974139869213104,1.8070765733718872,2.1093130111694336,1.0108261108398438,1.1754446029663086,1.951898217201233,1.0765206813812256,0.4252251982688904,0.35042935609817505,1.587965726852417,0.4902762472629547,0.00039999998989515007,0.14432309567928314,0.025268811732530594,1.9723975658416748,1.8679959774017334,0.203026682138443,0.2912710905075073,1.395545482635498,0.7255027890205383,0.2802143394947052,0.1774415224790573,1.336090326309204,0.09544162452220917,0.3963538706302643,0.994863748550415,0.45661070942878723,0.10003522038459778,0.3597200810909271,0.5276738405227661,0.3934595584869385,0.7520408630371094,1.7522423267364502,1.3993700742721558,0.3508058786392212,2.4276299476623535,0.048221975564956665,1.740278720855713,0.435371994972229,1.1618682146072388,0.6191693544387817,0.011981802061200142,0.31181517243385315,1.3085047006607056,0.5432594418525696,0.07546990364789963,1.5717275142669678,0.8786470890045166,0.11965231597423553,0.42998284101486206,0.34982654452323914,0.0848299041390419,0.25310996174812317,0.16131865978240967,0.5436327457427979
0.8643375039100647,1.3520293235778809,0.3027232587337494,2.2644615173339844,0.9674950242042542,0.9802772998809814,1.231662631034851,1.7012430429458618,0.25521302223205566,1.3577876091003418,0.9658888578414917,1.2527986764907837,0.00799523014575243,0.00039999998989515007,0.4967420995235443,0.01061303075402975,2.475935459136963,1.747254490852356,0.4989541471004486,0.21686121821403503,1.2947434186935425,0.9874063730239868,0.7838736176490784,0.87052321434021,0.20387351512908936,0.18324021995067596,0.3201054036617279,0.1974622756242752,0.3224375247955322,0.1231522411108017,0.9031942486763,0.8951090574264526,0.45947182178497314,0.4305962026119232,1.259772539138794,1.6050914525985718,0.011274831369519234,2.00232195854187,0.6580475568771362,1.3509212732315063,0.17510831356048584,1.8688102960586548,0.5029396414756775,0.745012104511261,0.898342490196228,0.8447087407112122,0.2887173295021057,0.014494573697447777,1.0284755229949951,0.1949424296617508,0.3923244774341583,0.8513891696929932,1.1464991569519043,0.3506975769996643,1.0697603225708008,0.8665016293525696,0.17748895287513733
1.1013504266738892,0.8175615668296814,0.13658908009529114,2.2362990379333496,0.7752305865287781,0.7637078166007996,1.2189006805419922,1.9315135478973389,0.25305670499801636,1.1523135900497437,0.09537026286125183,0.9178939461708069,1.0686964988708496,0.00039999998989515007,0.21689046919345856,0.4107236862182617,2.394465923309326,1.116524338722229,0.011880985461175442,0.2640753984451294,1.5591562986373901,0.8834661245346069,0.2859131097793579,0.5867116451263428,0.2900390028953552,0.09819412231445312,1.2929741144180298,0.9630463719367981,0.2944401800632477,0.30756282806396484,0.44708970189094543,0.053400591015815735,0.17957866191864014,0.5990877747535706,2.6531853675842285,1.8884648084640503,0.10494957864284515,2.67160701751709,0.7880418300628662,1.0599570274353027,0.45913609862327576,0.07215212285518646,0.12300802767276764,0.21430477499961853,0.5960650444030762,0.9648374915122986,0.8674741983413696,0.5507145524024963,0.9579090476036072,0.03518172353506088,0.38604113459587097,0.01639498770236969,0.13600187003612518,0.8022468686103821,0.6693083643913269,0.7592402696609497,0.512575626373291
0.7736172080039978,0.40205973386764526,0.8966842293739319,2.4125702381134033,1.694860816001892,0.1632678061723709,1.1798386573791504,1.812156319618225,0.5435113906860352,1.2493497133255005,0.6355140209197998,0.6446964740753174,1.1770963668823242,0.00039999998989515007,1.0368963479995728,0.2697419226169586,0.16515643894672394,2.531120777130127,0.7185338139533997,0.21506533026695251,1.2964603900909424,1.0564934015274048,0.8081485629081726,0.11268267035484314,0.6436500549316406,0.10633029043674469,0.7789562344551086,0.37469300627708435,0.3356814384460449,0.34183356165885925,0.07910594344139099,0.898749589920044,0.5950112342834473,0.9680465459823608,2.718757390975952,0.865105152130127,0.7098942399024963,1.7617136240005493,0.2034265398979187,0.2718953788280487,0.456550657749176,0.7465587258338928,0.6065621376037598,0.5711792707443237,0.07610936462879181,0.9348405599594116,0.7885399460792542,0.15795423090457916,0.7434737682342529,1.691495418548584,1.2439028024673462,0.12209954112768173,0.7641115188598633,0.24740229547023773,0.8145880699157715,0.8252463936805725,0.4151298999786377
0.768326997756958,1.1756235361099243,0.5534292459487915,1.5225268602371216,1.0983580350875854,0.21854069828987122,1.1270333528518677,1.7486674785614014,0.5446203947067261,0.3775874078273773,0.8508844971656799,0.7843183875083923,0.8780756592750549,0.00039999998989515007,0.3465114235877991,0.2409268170595169,0.7992275357246399,2.164492130279541,1.2809096574783325,0.4627951681613922,0.8424451351165771,0.039147112518548965,0.5098947882652283,0.2351437211036682,0.8575441837310791,0.5384063124656677,0.9804770946502686,1.349393606185913,0.16241830587387085,0.4692944288253784,0.4265504777431488,1.00126314163208,0.3868647515773773,0.07391434162855148,1.6583435535430908,1.4312667846679688,0.5439610481262207,2.9303762912750244,0.5250017642974854,0.6891207695007324,0.7998805046081543,1.0212301015853882,0.8159444332122803,1.308879017829895,0.003903977107256651,1.418317437171936,1.4478487968444824,0.07512831687927246,0.055156171321868896,0.7997783422470093,0.52018141746521,0.3436925411224365,0.4643270969390869,0.4321399927139282,1.414405107498169,1.6942286491394043,0.9359385967254639
0.2732968032360077,0.9679867029190063,1.823746681213379,0.060948822647333145,1.2484703063964844,1.5698643922805786,1.5069913864135742,1.176738977432251,0.297677218914032,0.5155678391456604,1.5079655647277832,0.37672892212867737,0.8535079956054688,0.00039999998989515007,0.2999158799648285,0.22011512517929077,1.480008602142334,0.671500563621521,0.4170047640800476,0.7490823268890381,1.4548442363739014,0.79093337059021,0.5485320091247559,0.5987105965614319,0.38288065791130066,0.2330966293811798,0.28245940804481506,0.480128675699234,0.5171543955802917,0.6770177483558655,0.8239428997039795,0.42333105206489563,1.334791898727417,0.620000422000885,1.003738522529602,1.80110764503479,0.058505624532699585,1.540268898010254,0.9955192804336548,0.797263503074646,1.8246469497680664,1.0146279335021973,0.11929619312286377,0.6808785796165466,1.1998404264450073,0.3235504925251007,1.6693085432052612,1.010499119758606,0.006330809090286493,0.2473633885383606,0.5046852827072144,0.5511735081672668,1.9374418258666992,0.6974974274635315,0.8950231075286865,0.7315211892127991,2.2292532920837402
0.9904499650001526,0.5651626586914062,0.5144826769828796,1.4534603357315063,1.8604693412780762,1.0700918436050415,1.0178136825561523,2.269443988800049,0.6990035176277161,0.40948623418807983,0.06622008979320526,2.057194232940674,0.8810147047042847,0.00039999998989515007,0.43174707889556885,0.32276812195777893,1.9863239526748657,1.9393908977508545,0.11934607475996017,0.1429525464773178,1.2046988010406494,0.2598635256290436,0.479495644569397,0.11304276436567307,0.7760301828384399,0.16926239430904388,1.2839970588684082,0.9326505064964294,0.23232722282409668,0.4434920847415924,0.2819214463233948,0.5808233022689819,0.2996119558811188,0.8766975998878479,1.891764521598816,1.462644100189209,0.00856863521039486,2.835430145263672,0.013891901820898056,1.3972628116607666,0.5405494570732117,0.0007123081013560295,0.2599436938762665,0.31692641973495483,0.1078794077038765,1.5372027158737183,0.07959800958633423,0.5868305563926697,0.824234127998352,0.5296216607093811,0.29685690999031067,0.6535240411758423,0.20271337032318115,0.4844741225242615,0.6561709046363831,0.09454499930143356,0.8439122438430786
0.6280555129051208,0.8782436847686768,0.10909800231456757,1.5089858770370483,1.9856206178665161,1.11966872215271,1.0813990831375122,2.4709246158599854,0.8995274901390076,0.34271249175071716,0.23529967665672302,1.7757141590118408,0.747331976890564,0.00039999998989515007,0.0901292935013771,0.18739114701747894,1.7522166967391968,2.1820790767669678,0.16997143626213074,0.3140403926372528,1.4540928602218628,0.525529146194458,0.019321318715810776,0.04085638374090195,0.9100742340087891,0.4225241243839264,0.8392392992973328,1.1841830015182495,0.20183859765529633,0.35061466693878174,0.025100573897361755,0.8022768497467041,0.046404819935560226,1.003057599067688,1.6568374633789062,1.3561385869979858,0.13112391531467438,2.4027745723724365,0.16039998829364777,1.6086562871932983,0.8171339631080627,0.6214615702629089,0.10847872495651245,0.21167722344398499,0.27103713154792786,1.7671502828598022,0.25115031003952026,0.3230369985103607,1.2074310779571533,0.5598576664924622,0.19040991365909576,0.11803310364484787,0.08625733107328415,0.17794327437877655,0.5375674366950989,0.20776157081127167,0.9461910128593445
1.0570402145385742,0.44703537225723267,0.07442548871040344,2.3832521438598633,1.244430422782898,1.1418124437332153,1.082289457321167,2.3661327362060547,0.3609675168991089,1.1109178066253662,0.08008652925491333,1.215051293373108,0.8927022218704224,0.00039999998989515007,0.08330079168081284,0.19061090052127838,1.8346375226974487,2.2776076793670654,0.09672119468450546,0.406543105840683,1.3137855529785156,0.9051156640052795,0.23339374363422394,0.17178119719028473,1.0444238185882568,0.3254315257072449,1.0205813646316528,0.9360296130180359,0.1371377855539322,0.06940528750419617,0.12896789610385895,0.6289033889770508,0.3069535493850708,1.096191167831421,2.211456537246704,1.2733116149902344,0.31943637132644653,2.2276742458343506,0.04382351413369179,1.3057307004928589,0.5943846702575684,0.3331508934497833,0.004835657309740782,0.7076765298843384,0.4630783796310425,1.2696151733398438,0.6226703524589539,0.2833208441734314,0.7063882350921631,0.7385165691375732,0.7059730291366577,0.3483293652534485,0.09538142383098602,0.3521355986595154,0.5702629685401917,0.8867407441139221,0.6861891150474548
0.9122786521911621,1.157761573791504,0.2818429172039032,1.5756409168243408,2.058730363845825,0.832353949546814,0.9931029677391052,2.3098700046539307,0.6490712761878967,0.3141990005970001,0.7622538208961487,1.5687310695648193,0.16920363903045654,0.00039999998989515007,0.45095372200012207,0.014303348958492279,2.149977922439575,2.258669137954712,0.31317853927612305,0.7370486259460449,1.052636981010437,0.753389298915863,0.5637315511703491,0.33698683977127075,0.6400628685951233,0.08562661707401276,0.2208603024482727,0.9389444589614868,0.3623141944408417,0.21125231683254242,0.7760990262031555,1.0658464431762695,0.2261703610420227,0.6997748017311096,1.154395580291748,1.040245771408081,0.2900603413581848,2.2275471687316895,0.2667960524559021,1.7956123352050781,0.5473976135253906,1.5272701978683472,0.2931382656097412,0.42439204454421997,0.12789423763751984,1.5069937705993652,0.17402203381061554,0.010991083458065987,1.6083624362945557,0.35339000821113586,0.02067006751894951,0.7551010251045227,0.8454570770263672,0.340219646692276,0.44994333386421204,0.24520495533943176,0.4824071526527405
1.1891294717788696,0.45658114552497864,0.4610656499862671,2.1750762462615967,1.592969536781311,0.6499180197715759,0.730639636516571,2.7927157878875732,0.786576509475708,1.0844593048095703,0.36286085844039917,1.2599890232086182,0.7634251713752747,0.00039999998989515007,0.37499406933784485,0.017870476469397545,1.4951542615890503,2.2222530841827393,0.15921013057231903,0.4039227068424225,1.0571972131729126,1.1313782930374146,0.25786784291267395,0.07603424042463303,1.3835115432739258,0.16503694653511047,0.8936280608177185,0.6278197765350342,0.7606629133224487,0.15017002820968628,0.500455915927887,0.6975763440132141,0.26917076110839844,1.011400580406189,1.8873172998428345,0.7652767896652222,0.012285172939300537,2.3622331619262695,0.11959780007600784,1.5512313842773438,0.5584210753440857,0.23682472109794617,0.27243587374687195,0.4136243760585785,0.14326158165931702,1.4037855863571167,0.8757033348083496,0.5590981841087341,1.2544481754302979,0.9872791767120361,0.25409311056137085,0.2450859546661377,0.20098397135734558,0.3005515933036804,0.15309731662273407,0.46671947836875916,0.3600414991378784
1.2107099294662476,0.2807673513889313,1.022692084312439,1.4138858318328857,0.975860059261322,0.9380428194999695,0.2395753115415573,1.5496294498443604,0.7872933149337769,0.034966930747032166,0.5820644497871399,1.9403753280639648,1.2025032043457031,0.00039999998989515007,1.1490925550460815,1.2197524309158325,1.8503048419952393,1.4929087162017822,0.48623892664909363,0.06130782887339592,0.5858097076416016,0.7996510863304138,0.8859838247299194,0.5758691430091858,0.26561084389686584,0.3358655571937561,1.874869704246521,1.2141047716140747,0.8642114400863647,0.41386228799819946,0.9206175208091736,0.8978262543678284,0.03586941584944725,0.26964569091796875,1.7997682094573975,1.7460553646087646,0.26225414872169495,2.9965732097625732,0.5005530118942261,0.709601104259491,0.24958355724811554,0.4738670587539673,0.6928062438964844,0.016184216365218163,0.4969646632671356,1.3918259143829346,0.8293768167495728,0.028740467503666878,0.9978349208831787,0.26328960061073303,1.023342251777649,0.578464925289154,0.4199206531047821,0.42671695351600647,0.03690429776906967,0.14304961264133453,0.4717487394809723
1.160585641860962,0.4965893626213074,0.9047825932502747,1.7759225368499756,1.6226922273635864,0.6346657276153564,0.7276369333267212,2.840970277786255,0.9876438975334167,0.7748652696609497,0.7045338153839111,1.5472193956375122,0.35421237349510193,0.00039999998989515007,0.7476882934570312,0.020216038450598717,1.2520064115524292,2.188671112060547,0.4239293336868286,0.4224716126918793,0.7707415223121643,1.050574541091919,0.2012110948562622,0.03550190478563309,1.4628931283950806,0.34702029824256897,0.9210360646247864,0.9082298278808594,0.6525483727455139,0.01611366868019104,0.6686347723007202,0.49655935168266296,0.22635208070278168,0.893112301826477,1.6064306497573853,0.3857191503047943,0.226188063621521,2.411508083343506,0.1905352920293808,1.4626621007919312,0.196614071726799,0.11450657993555069,0.12950271368026733,0.14892874658107758,0.5096328854560852,1.7252025604248047,1.2421461343765259,0.9388188719749451,1.486642599105835,0.9449068903923035,0.18643908202648163,0.12265081703662872,0.35602545738220215,0.227611243724823,0.07853648066520691,0.23696400225162506,0.133265420794487
0.9009665250778198,0.1364063024520874,0.7035372853279114,1.6443536281585693,1.8673858642578125,0.26768168807029724,0.6527258157730103,2.7588653564453125,0.9094650745391846,0.8364642262458801,0.7705379724502563,0.883857786655426,0.3446420729160309,0.00039999998989515007,1.0122649669647217,0.32097458839416504,1.1904712915420532,2.257324457168579,0.026805663481354713,0.5081830024719238,1.0137073993682861,1.3266510963439941,0.7433961033821106,0.7369199991226196,1.3916709423065186,0.34960368275642395,0.46825364232063293,0.4922946095466614,0.7782832980155945,0.22158917784690857,1.377614974975586,0.6468482613563538,0.21383213996887207,1.1254494190216064,1.467107892036438,0.049057818949222565,0.06741400063037872,2.1500227451324463,0.18211616575717926,1.4870028495788574,0.3604421615600586,0.19602276384830475,0.06555686146020889,0.16310137510299683,0.4770948588848114,1.5281338691711426,1.3800889253616333,1.0253316164016724,1.7429866790771484,0.9395141005516052,0.13235527276992798,0.029951753094792366,0.2536558508872986,0.7715972661972046,0.1352522224187851,0.08960738778114319,0.1194610521197319
0.7190204858779907,0.23488740622997284,0.31882476806640625,1.414467215538025,2.3962478637695312,0.6335434913635254,1.0614959001541138,2.7987048625946045,0.7502798438072205,0.5482965111732483,0.520778477191925,1.4580525159835815,0.645866870880127,0.00039999998989515007,0.4482937157154083,0.17109937965869904,1.511817455291748,2.389580488204956,0.07202361524105072,0.15008968114852905,1.1693596839904785,1.1493912935256958,0.002762935822829604,0.49260497093200684,1.115601897239685,0.367517352104187,0.6884790062904358,0.8416716456413269,0.1952964812517166,0.09414354711771011,0.5942502617835999,1.2104424238204956,0.084745854139328,1.3041062355041504,1.7827790975570679,0.5414302349090576,0.040863893926143646,2.1868860721588135,0.24856528639793396,1.6656675338745117,0.6383544206619263,0.26227399706840515,0.1711329072713852,0.25696346163749695,0.12760628759860992,1.485822319984436,0.9839209318161011,0.8238667845726013,1.105521321296692,0.7429831624031067,0.4549579620361328,0.3088361620903015,0.2082371562719345,0.1567608118057251,0.3122134804725647,0.09017030894756317,0.416598916053772
0.7223480939865112,0.31391412019729614,0.9113550782203674,1.923554539680481,1.5944628715515137,0.5470901727676392,0.7185041904449463,3.037424087524414,0.8476886749267578,1.215585470199585,0.18081100285053253,1.383221983909607,0.7355827689170837,0.00039999998989515007,0.885383665561676,0.3438488841056824,0.7906253337860107,2.7389943599700928,0.10703018307685852,0.022032128646969795,1.1275252103805542,1.030936598777771,0.27139097452163696,0.2936144769191742,1.004799246788025,0.3941170573234558,1.1368767023086548,0.6958413124084473,0.5624252557754517,0.07173491269350052,0.49881672859191895,0.6483029723167419,0.0023377786856144667,1.0507678985595703,2.0461106300354004,0.6492388844490051,0.15988892316818237,2.010906457901001,0.09478320181369781,1.1372689008712769,0.10602616518735886,0.32767176628112793,0.1488051414489746,0.06691629439592361,0.26398760080337524,1.482163667678833,1.260561466217041,0.8301646113395691,1.093658685684204,1.0858359336853027,0.3179795444011688,0.39613446593284607,0.30520007014274597,0.13735917210578918,0.3526463210582733,0.3570658564567566,0.48832955956459045
0.6788609027862549,1.151949167251587,0.8276098966598511,1.7855769395828247,1.2127429246902466,0.5376873016357422,1.2373173236846924,3.091200351715088,0.5526355504989624,1.1352221965789795,0.6352679133415222,1.1626627445220947,0.14584459364414215,0.00039999998989515007,0.8496114611625671,0.48626819252967834,1.7754778861999512,2.287292003631592,0.20772838592529297,0.296257883310318,1.2023987770080566,1.4171682596206665,0.690588653087616,0.32872384786605835,0.9628283381462097,0.2090086191892624,0.20391163229942322,0.13473546504974365,0.4208935797214508,0.20802584290504456,0.547706127166748,0.859438955783844,0.6101829409599304,0.4616734981536865,1.3078726530075073,1.190302848815918,0.41886186599731445,2.0733096599578857,0.15532255172729492,1.6724973917007446,0.5807735919952393,0.7214358448982239,0.04715827479958534,0.6989392042160034,0.4842206835746765,1.3832002878189087,0.9577553868293762,1.0635733604431152,0.73967444896698,0.5215260982513428,0.059913624078035355,0.3661777079105377,0.5551913380622864,0.07087205350399017,0.4992055594921112,1.1131742000579834,0.4135015308856964
0.8296475410461426,0.2915320098400116,0.7054413557052612,1.6645913124084473,1.8278526067733765,0.583311915397644,0.8120372891426086,3.0763566493988037,1.1075257062911987,0.8766769766807556,0.2390037477016449,1.3865784406661987,0.6172589063644409,0.00039999998989515007,0.9612522721290588,0.02005312219262123,0.7502091526985168,2.4642393589019775,0.5217227935791016,0.06984227150678635,1.0455883741378784,1.0139501094818115,0.323539137840271,0.46738502383232117,1.4805388450622559,0.45093080401420593,0.8874027132987976,0.8564895391464233,0.717113196849823,0.10575760900974274,0.4737033247947693,0.4379439055919647,0.08605484664440155,0.9855781197547913,1.859139323234558,0.3807215690612793,0.07952281087636948,1.9654871225357056,0.17111757397651672,1.423635482788086,0.32857415080070496,0.17968520522117615,0.2354341596364975,0.2818274199962616,0.45831337571144104,1.5157537460327148,1.4529932737350464,1.0103414058685303,1.2618176937103271,1.119118332862854,0.3911084830760956,0.2103998363018036,0.1492021530866623,0.3673325777053833,0.04881637543439865,0.03505735844373703,0.15546199679374695
1.490916132926941,0.8487215042114258,0.5081154704093933,2.025179624557495,1.3203047513961792,0.9198089241981506,0.1528279334306717,2.9145455360412598,0.24725006520748138,0.8980903029441833,0.6494597792625427,0.3272058069705963,0.3680729269981384,0.00039999998989515007,2.083622455596924,0.830837607383728,1.0949420928955078,2.3493587970733643,0.33767542243003845,0.6560039520263672,0.03936998173594475,1.360048532485962,1.281760573387146,0.20721197128295898,0.5554903149604797,0.13406723737716675,0.3561842143535614,0.6302651762962341,1.2134747505187988,1.5846903324127197,0.0731320008635521,0.08670245856046677,0.8741860389709473,0.06499651074409485,0.6427009105682373,0.460103303194046,0.2981898784637451,1.6188032627105713,1.1874284744262695,0.8342589139938354,0.28607723116874695,1.5342965126037598,0.2552550733089447,0.6684929132461548,0.510066568851471,0.27965888381004333,0.19078472256660461,0.9977508187294006,0.9980692267417908,0.9724898934364319,0.47206661105155945,0.3358011841773987,0.14402873814105988,1.4264273643493652,0.23614265024662018,1.1827067136764526,0.43521276116371155
0.48209473490715027,0.06612160801887512,0.44493672251701355,1.6443597078323364,2.0920135974884033,1.090767741203308,0.6040979027748108,3.1775033473968506,0.21646009385585785,1.2092902660369873,0.015611233189702034,0.070924773812294,0.5926686525344849,0.00039999998989515007,1.0490179061889648,0.6626896858215332,0.44773462414741516,2.123216390609741,0.15121470391750336,0.2649742364883423,1.413970947265625,1.3001939058303833,1.0277515649795532,0.4967597424983978,1.8220794200897217,0.1379632204771042,0.49910926818847656,0.2788104712963104,0.8357800841331482,0.48150843381881714,1.0773836374282837,1.3578541278839111,0.14609447121620178,1.3990083932876587,1.5451478958129883,0.3976442515850067,0.30643144249916077,1.344719409942627,0.5396559238433838,1.522375464439392,1.0002318620681763,0.5663384795188904,0.48599714040756226,0.21279804408550262,0.2715263068675995,0.6784664392471313,0.7838984727859497,0.2520855665206909,0.8731020092964172,1.5639604330062866,0.7408239841461182,0.8717822432518005,0.3420833647251129,0.3276980221271515,0.22454945743083954,0.20226633548736572,0.5362050533294678
0.935500979423523,0.3157833218574524,0.8129474520683289,1.6001907587051392,1.7458797693252563,0.38608717918395996,0.47162556648254395,3.281470537185669,1.1722021102905273,0.8999949097633362,0.6494390964508057,1.1958143711090088,0.051677871495485306,0.00039999998989515007,0.9489777088165283,0.0943162739276886,1.3025059700012207,2.505624532699585,0.3113517463207245,0.37063369154930115,0.8108940720558167,1.4940146207809448,0.4157262444496155,0.060022782534360886,1.4000555276870728,0.3635590076446533,0.31835657358169556,0.7126405835151672,0.7328567504882812,0.20130661129951477,0.7206059098243713,0.5358601808547974,0.4014351963996887,0.8070298433303833,1.3520231246948242,0.29891470074653625,0.4633542001247406,2.0811045169830322,0.05426286533474922,1.8312760591506958,0.7198302149772644,0.08820009976625443,0.0705941915512085,0.04023372009396553,0.25258931517601013,1.4223079681396484,1.370827555656433,0.7712076306343079,1.3115794658660889,0.7453171610832214,0.09825872629880905,0.1872943788766861,0.34630000591278076,0.6301208734512329,0.04548195004463196,0.31227877736091614,0.16373394429683685
0.5669732093811035,0.10896455496549606,0.5939213037490845,0.9548284411430359,1.7549116611480713,0.6103852391242981,0.26528844237327576,3.1799988746643066,0.16647061705589294,0.4739491641521454,0.010839506052434444,0.0466260090470314,0.11185964196920395,0.00039999998989515007,1.566214919090271,0.8076956272125244,0.5925566554069519,2.7671163082122803,0.46949461102485657,0.7496330142021179,0.8806664943695068,0.7109357118606567,1.4435890913009644,1.5126255750656128,1.3287371397018433,0.8975332975387573,0.49990493059158325,0.2560150921344757,0.792668342590332,0.6198806762695312,0.025696182623505592,0.763283371925354,0.5593242645263672,1.4686695337295532,1.3901921510696411,0.6909548044204712,0.6821683049201965,1.695915699005127,0.9437772631645203,0.2064083367586136,0.3591996729373932,1.078151822090149,0.17325595021247864,0.43744611740112305,0.3838977813720703,1.090851068496704,0.35590317845344543,0.3958752155303955,0.2219700962305069,1.665356993675232,0.3343583047389984,1.2085226774215698,1.1042639017105103,0.4836847186088562,0.5324706435203552,0.5722622871398926,1.0733991861343384
0.6481729745864868,0.7008069157600403,0.792587399482727,1.5873634815216064,1.511494755744934,0.37873056530952454,0.728104829788208,3.4756886959075928,1.0687119960784912,0.8512406349182129,0.032840754836797714,1.6749094724655151,0.4228176176548004,0.00039999998989515007,0.7451767325401306,0.08556774258613586,1.3417989015579224,2.6852316856384277,0.3491017520427704,0.07674036920070648,1.0327695608139038,1.1917132139205933,0.1207147166132927,0.21591922640800476,1.0712882280349731,0.7429187893867493,0.5848301649093628,0.9444384574890137,0.514080822467804,0.04048639535903931,0.4871740937232971,0.342611163854599,0.2619992792606354,0.9003648161888123,1.7930524349212646,0.4484381377696991,0.09980899095535278,1.8429510593414307,0.3933606743812561,1.5548806190490723,0.5359269976615906,0.15326224267482758,0.44503962993621826,0.15622588992118835,0.2113928347826004,1.5444914102554321,1.4090158939361572,1.0057224035263062,1.1025218963623047,0.5813727974891663,0.00974220596253872,0.0030868167523294687,0.1074577197432518,0.23980963230133057,0.0705016702413559,0.12845858931541443,0.36376166343688965
0.8131255507469177,0.327515184879303,0.5103222131729126,0.9536118507385254,1.8703160285949707,0.0196647010743618,0.8907737731933594,3.4574007987976074,1.2517729997634888,0.1391458660364151,0.2672109305858612,1.3392785787582397,0.6387916803359985,0.00039999998989515007,0.8535789847373962,0.034121353179216385,1.0610193014144897,2.6234629154205322,0.35991352796554565,0.5139636397361755,0.7494409680366516,0.8347485065460205,0.22944088280200958,0.9763334393501282,0.910203754901886,0.6261674165725708,0.403740793466568,0.5258528590202332,0.6853139996528625,0.2787938117980957,0.5987632870674133,0.29114988446235657,1.0124925374984741,0.9608423709869385,1.6291671991348267,0.18940728902816772,0.1101612001657486,2.204716205596924,0.1785796582698822,1.263536810874939,0.7273553013801575,0.3670463263988495,0.6942062377929688,0.14359299838542938,0.7807073593139648,1.8514668941497803,1.0217527151107788,1.2726560831069946,1.3412662744522095,0.5606254935264587,0.2290472388267517,0.03280799835920334,0.3280789852142334,0.5713881254196167,0.22029362618923187,0.06598436087369919,0.27577516436576843
0.9316127896308899,0.14458619058132172,0.9649646282196045,1.4529821872711182,1.2725228071212769,0.1360231637954712,0.4368554651737213,3.3625123500823975,0.8297290205955505,0.2754376530647278,0.8113094568252563,1.046138048171997,0.10615953803062439,0.00039999998989515007,0.5378332734107971,0.518573522567749,0.947464108467102,2.382962942123413,0.3376345634460449,0.16169513761997223,0.2852342128753662,0.49902674555778503,0.1936182975769043,0.24466979503631592,1.040969967842102,0.05265413597226143,1.149444341659546,0.8328007459640503,1.0930428504943848,0.4072011709213257,0.910527765750885,0.16310599446296692,0.1608920395374298,0.06920544803142548,0.8841720223426819,0.23442189395427704,0.4443538784980774,2.7074718475341797,0.21247771382331848,1.1601892709732056,0.24960467219352722,0.6006952524185181,0.387782484292984,0.7462055683135986,0.9522404074668884,2.0192854404449463,1.061360478401184,1.199097752571106,1.6229100227355957,0.12857627868652344,1.576010823249817,0.0682268962264061,0.8019264340400696,0.7054545283317566,0.5368872880935669,0.23058143258094788,0.16055838763713837
0.4721764028072357,0.3778170049190521,1.4419418573379517,2.1468286514282227,0.5814741253852844,0.44375625252723694,0.9619417190551758,2.841167688369751,0.026872549206018448,1.8620327711105347,0.9796584844589233,0.8195171356201172,0.3633071482181549,0.00039999998989515007,1.3014668226242065,0.27845752239227295,1.3622244596481323,2.405550479888916,0.17627543210983276,0.20011235773563385,1.0483275651931763,1.9118157625198364,0.5976212620735168,0.5355710387229919,0.9038155674934387,0.29099398851394653,0.3082203269004822,0.0893101841211319,0.4805539548397064,0.10664668679237366,1.0859519243240356,0.6065137386322021,0.38102105259895325,0.6456243395805359,1.6376025676727295,0.6161291003227234,0.02737644501030445,1.37486732006073,0.5903341770172119,1.0988144874572754,0.5005640387535095,0.21019041538238525,0.1909315139055252,0.0015604103682562709,0.6468084454536438,0.6439043879508972,2.0405266284942627,0.9487786889076233,0.4869421422481537,0.5719477534294128,1.1531754732131958,0.6265292167663574,0.9960125088691711,0.4760744273662567,0.5017145276069641,0.7082163691520691,0.6662527918815613
0.6999086737632751,0.03453672304749489,1.2894749641418457,1.7485406398773193,1.6936124563217163,0.41398489475250244,0.28813716769218445,3.6002068519592285,0.046584323048591614,0.7031874656677246,1.1146013736724854,0.6684714555740356,0.5884952545166016,0.00039999998989515007,1.0388996601104736,0.293182373046875,0.4010351598262787,2.829310655593872,0.22886984050273895,0.08927824348211288,0.5675027370452881,1.3762670755386353,0.412615031003952,0.025392750278115273,1.2806059122085571,0.07179436832666397,0.6879494190216064,0.6054657101631165,0.41183581948280334,0.1725187450647354,0.9390683770179749,0.9509055018424988,0.6499648690223694,0.7935810685157776,1.037065029144287,0.10958030074834824,0.034961242228746414,2.434837818145752,0.008033131249248981,0.8227444291114807,0.7292442917823792,0.7828474640846252,0.3531016707420349,0.5155327320098877,0.4211987555027008,1.4314093589782715,1.1430087089538574,0.786749541759491,1.0514500141143799,0.7903350591659546,0.577750027179718,0.27639397978782654,0.9191855192184448,0.6627519726753235,0.18021747469902039,0.19456714391708374,0.3185385763645172
0.6288824081420898,1.2409470081329346,1.6697707176208496,1.861108422279358,0.5482639670372009,0.12061470746994019,0.495307594537735,4.026472091674805,0.3016798794269562,1.2500873804092407,0.4461444616317749,1.2687714099884033,0.1635485738515854,0.00039999998989515007,1.5121582746505737,0.08427334576845169,0.6138946413993835,3.1662514209747314,0.03329358994960785,0.0730842798948288,0.6312667727470398,1.1270402669906616,0.7220074534416199,0.3622661828994751,0.33918124437332153,0.5036982297897339,0.602752149105072,0.207801952958107,0.4868852496147156,0.31417587399482727,0.19818058609962463,0.012394409626722336,0.4144180119037628,0.03814192861318588,1.4417846202850342,0.5835643410682678,0.1436024159193039,2.0552284717559814,0.018007399514317513,0.4428224563598633,0.4600887894630432,0.3686801493167877,0.1854393631219864,0.026548944413661957,0.2328392118215561,1.4695442914962769,0.8882325887680054,0.9516765475273132,0.49736085534095764,0.6938233375549316,0.4827568531036377,0.18491263687610626,0.5135852098464966,0.04014785215258598,0.5010796785354614,1.2598847150802612,0.07473646104335785
0.2624747157096863,1.2473565340042114,0.2644532322883606,0.9350315928459167,0.9709250330924988,0.137349933385849,1.186701774597168,3.5550947189331055,0.045673295855522156,0.06104492023587227,0.7210974097251892,2.0343523025512695,1.517559289932251,0.00039999998989515007,0.05526238679885864,0.41836100816726685,0.21813161671161652,2.5053136348724365,0.565533459186554,0.5857723951339722,0.8230632543563843,0.48529598116874695,0.42685189843177795,0.9272546172142029,0.3691491186618805,0.7311919927597046,1.418325424194336,0.3624654710292816,0.5568782091140747,0.1889294683933258,0.4945870339870453,0.01648763380944729,0.34706535935401917,0.6652495861053467,2.293827533721924,0.3698660135269165,1.0335166454315186,1.6710090637207031,0.3795361816883087,0.16694603860378265,0.4130794405937195,1.016858458518982,0.5664812326431274,0.0888509452342987,0.8008678555488586,1.5773241519927979,0.10645776242017746,1.6238094568252563,0.2048962414264679,1.133774995803833,0.19135890901088715,1.1826229095458984,0.8211159706115723,0.5240812301635742,0.3515038788318634,0.30661579966545105,0.2812783420085907
0.5455273389816284,1.5638995170593262,0.7148799896240234,1.3723231554031372,0.7888864874839783,0.7205817103385925,1.5219693183898926,4.0594892501831055,0.3914536237716675,1.0304654836654663,0.7256594300270081,0.723107635974884,0.42765867710113525,0.00039999998989515007,0.9610087275505066,0.5339459180831909,0.675761342048645,3.1599316596984863,0.13657809793949127,0.24778279662132263,1.7089732885360718,0.4937260150909424,0.9220873117446899,0.16210539638996124,0.1697034388780594,0.45404303073883057,0.43498820066452026,0.6526655554771423,0.2795151174068451,0.020969366654753685,0.21581755578517914,0.6235885620117188,0.02688089944422245,0.05101977288722992,1.1404777765274048,1.4840949773788452,0.49668461084365845,1.2382116317749023,0.47090330719947815,0.5654096007347107,0.16813208162784576,0.946519136428833,0.3673475980758667,0.7299869656562805,0.8785674571990967,1.4043320417404175,0.04686529189348221,0.8263952136039734,0.157795250415802,0.3681391179561615,0.04208192601799965,0.010215031914412975,0.4032907485961914,0.48961693048477173,1.0221176147460938,1.3884398937225342,0.821744978427887
0.5453884601593018,0.20428505539894104,1.448712944984436,1.1474547386169434,0.7437385320663452,0.9116169810295105,0.29667967557907104,3.2565524578094482,1.1881201267242432,0.34257468581199646,0.07342135161161423,0.9834449887275696,0.9000115394592285,0.00039999998989515007,0.45944833755493164,0.83404940366745,0.5441526174545288,3.2654812335968018,0.02450845018029213,0.7031919956207275,0.06401381641626358,0.08252187818288803,0.02028600499033928,0.39825451374053955,0.7900515794754028,0.3397253453731537,1.1479085683822632,0.017535965889692307,1.1895732879638672,0.38012638688087463,0.49559837579727173,0.9239426255226135,0.1901904046535492,1.1218565702438354,1.2344361543655396,0.49178844690322876,0.09449784457683563,2.3849990367889404,0.025467658415436745,0.3205421268939972,0.40477606654167175,0.11540526896715164,0.02694539539515972,0.14165326952934265,1.3331845998764038,2.2319819927215576,0.07728789001703262,0.7026627063751221,1.3068546056747437,0.09247318655252457,1.5841046571731567,0.45701345801353455,0.7299535274505615,0.5310395956039429,0.8936829566955566,0.3625943064689636,0.15373270213603973
0.5063694715499878,1.0192807912826538,1.2504786252975464,1.1180446147918701,0.7163174748420715,0.0508883036673069,0.29450008273124695,4.570746898651123,0.94289231300354,0.38558247685432434,0.08287055790424347,1.202855110168457,0.5001350045204163,0.00039999998989515007,0.8311710357666016,0.3016780614852905,0.39766526222229004,3.035027027130127,0.44984087347984314,0.1313011199235916,0.43374180793762207,0.09611030668020248,0.4444250464439392,0.2859679162502289,0.7819432616233826,0.29690083861351013,1.1600961685180664,0.41752398014068604,1.1446939706802368,0.5221471786499023,0.5396460294723511,0.23785056173801422,0.04937712848186493,0.1461283415555954,1.6857414245605469,0.024820392951369286,0.29218825697898865,1.9645987749099731,0.08867829293012619,0.2411859780550003,1.0508496761322021,1.4172323942184448,0.03569541126489639,0.4458027482032776,0.4512151777744293,1.067099928855896,0.36865344643592834,1.4713151454925537,0.06680689752101898,1.0861191749572754,0.2762177884578705,0.737817645072937,0.6529536247253418,0.5123838186264038,0.4765578508377075,0.2476518303155899,0.5212907791137695
0.5929024815559387,0.2497800588607788,1.0821186304092407,1.524132251739502,1.3626714944839478,0.20595429837703705,0.18233613669872284,4.657497882843018,0.5016388297080994,0.7205274701118469,0.24284331500530243,1.131993293762207,0.21477285027503967,0.00039999998989515007,0.8451375961303711,0.2577454149723053,0.19279196858406067,3.447556734085083,0.27543511986732483,0.04221319034695625,0.4418995678424835,0.9604440927505493,0.04145083203911781,0.0789346843957901,1.133083701133728,0.4135160446166992,0.7882614731788635,0.31905704736709595,0.5594159364700317,0.08595248311758041,0.07403278350830078,0.30201977491378784,0.25472646951675415,0.6669706106185913,1.4296997785568237,0.1673574596643448,0.03653677552938461,2.0628204345703125,0.29043853282928467,0.8384203910827637,0.04714956134557724,0.5000717639923096,0.05950097739696503,0.24456803500652313,0.6330313086509705,1.5821638107299805,0.9199165105819702,0.8020052909851074,0.7573171257972717,1.0773347616195679,0.02753688208758831,0.36787697672843933,0.09663903713226318,0.2974790334701538,0.10194622725248337,0.3072226941585541,0.08568748086690903
0.703121542930603,0.7619611024856567,0.7903327941894531,1.0581190586090088,0.8832384943962097,0.33612242341041565,0.3099752962589264,4.582716464996338,0.10632921755313873,0.11099102348089218,0.2800082564353943,1.5370287895202637,0.4909030497074127,0.00039999998989515007,0.6362430453300476,0.058467112481594086,0.20650969445705414,3.0635673999786377,0.9728227853775024,0.06153533607721329,0.27437305450439453,0.4371091425418854,0.15047962963581085,0.30413463711738586,1.4555085897445679,0.34822511672973633,1.098693609237671,0.45754697918891907,1.3535308837890625,0.21153488755226135,0.11044818162918091,0.22172141075134277,0.17764981091022491,0.2667481601238251,1.5908257961273193,0.0890764445066452,0.026997694745659828,1.9066810607910156,0.5031031370162964,0.44272348284721375,0.6221247315406799,0.857676088809967,0.0792212188243866,0.847811758518219,0.7241703867912292,1.3662060499191284,0.6886851191520691,1.2397136688232422,0.6091882586479187,1.16555917263031,0.09844452887773514,0.35081517696380615,0.6065715551376343,0.17418015003204346,0.8290037512779236,0.5304409265518188,0.28607645630836487
0.35720452666282654,0.015091147273778915,0.5110166072845459,0.5581080317497253,1.7454209327697754,0.5944585204124451,0.008986362256109715,4.771058559417725,0.7789892554283142,0.0247952938079834,0.23249594867229462,0.13627253472805023,0.09172986447811127,0.00039999998989515007,0.9021711349487305,0.7777414917945862,0.49583718180656433,2.8123586177825928,0.33298495411872864,0.27669134736061096,0.41056278347969055,0.11939449608325958,0.728486180305481,0.790210485458374,1.9049079418182373,0.20159471035003662,0.5859789252281189,0.014134528115391731,0.9970302581787109,0.3703804314136505,0.6325793266296387,0.9445134401321411,0.04761185869574547,0.935178279876709,0.6257615685462952,0.8796126842498779,0.12843631207942963,1.858473300933838,0.9389458894729614,0.5153115391731262,0.18119965493679047,1.282464623451233,0.3776417374610901,0.8298900127410889,0.48762837052345276,1.006003737449646,0.14522670209407806,0.6257047057151794,0.43650132417678833,1.5643815994262695,0.11017214506864548,0.9761290550231934,0.7764278650283813,0.1804681271314621,0.3906804621219635,0.5544172525405884,0.23617929220199585
0.08973333239555359,0.5156261324882507,0.773646891117096,1.27687668800354,1.8908168077468872,0.026195524260401726,0.6861391067504883,5.039073944091797,0.40868327021598816,0.4382406175136566,0.24133126437664032,0.7676782011985779,0.398226797580719,0.00039999998989515007,0.6516175866127014,0.44091978669166565,0.46697676181793213,4.0086750984191895,0.24035751819610596,0.23472078144550323,0.671445369720459,1.0351996421813965,0.047982532531023026,0.018064461648464203,0.4440624713897705,0.08737547695636749,0.17381048202514648,0.4475778043270111,0.17732380330562592,0.40782809257507324,0.01733085699379444,1.2740404605865479,0.1335170865058899,0.5297299027442932,1.4013619422912598,0.24241741001605988,0.1763203889131546,1.4437893629074097,0.1234939694404602,0.7358598709106445,0.01980270817875862,0.3524375259876251,0.14031603932380676,0.7001575827598572,0.02595537342131138,0.9559767246246338,0.2267724871635437,0.3852553367614746,0.040363408625125885,0.8744640350341797,0.5734504461288452,0.5213148593902588,0.33895471692085266,0.16989073157310486,0.13633164763450623,0.1927226185798645,0.36585795879364014
0.6067013740539551,0.14684352278709412,0.7633011937141418,1.4841467142105103,1.194539189338684,0.32988274097442627,0.31664910912513733,4.878284454345703,0.6575748324394226,0.5508936047554016,0.0416702963411808,0.7857564091682434,0.5109976530075073,0.00039999998989515007,0.6564226746559143,0.33497416973114014,0.18375025689601898,3.6498217582702637,0.5728572607040405,0.23076477646827698,0.35597848892211914,0.5267425179481506,0.002591561758890748,0.13593056797981262,1.2806886434555054,0.12059440463781357,0.706225574016571,0.5308654308319092,0.7575138807296753,0.3164120316505432,0.23155365884304047,0.26277288794517517,0.4211437702178955,0.7274650931358337,1.5594792366027832,0.172760009765625,0.1349460482597351,1.7616311311721802,0.5579075813293457,0.9645615816116333,0.18876008689403534,0.46444860100746155,0.2223840057849884,0.04945621266961098,0.5554718375205994,1.4218204021453857,0.9419652223587036,0.4624982476234436,0.9666991829872131,0.9498729705810547,0.4555180072784424,0.17368333041667938,0.013810323551297188,0.27670592069625854,0.5450848340988159,0.1901998668909073,0.09632200002670288
0.3178360164165497,0.8105568289756775,0.6186981797218323,1.0399590730667114,0.9353215098381042,0.45949238538742065,0.43110406398773193,4.806839466094971,0.5269628167152405,0.35443738102912903,0.6695463061332703,0.46174556016921997,0.317521870136261,0.00039999998989515007,1.1025633811950684,0.8790194392204285,0.6051865816116333,3.955901622772217,0.5237619876861572,0.3710305690765381,0.16738972067832947,0.3617582619190216,0.808150589466095,0.2528533935546875,0.18034008145332336,0.36891865730285645,0.25061365962028503,0.40341445803642273,1.5375845432281494,1.1490747928619385,0.6395924091339111,0.13737711310386658,0.5476881265640259,0.10118616372346878,1.234974980354309,0.17535552382469177,0.0006060360465198755,0.9927733540534973,0.7427977323532104,0.05946093052625656,0.4663711488246918,0.2923612594604492,0.5587212443351746,0.20289930701255798,0.5521957874298096,0.5779169201850891,0.4490892291069031,0.6361413598060608,0.15626677870750427,1.1484053134918213,0.6955540776252747,0.5044677257537842,0.5118511319160461,1.1095266342163086,0.07447250187397003,0.6148829460144043,1.2846201658248901
0.5365209579467773,0.13220439851284027,0.06092691421508789,0.8484837412834167,1.9336906671524048,0.3468843996524811,0.1667303591966629,4.633764743804932,0.7902154326438904,0.08030664920806885,0.39733612537384033,0.154154971241951,0.13129271566867828,0.00039999998989515007,0.19816704094409943,0.724327802658081,0.12287764996290207,4.064373016357422,0.5152825713157654,0.10297350585460663,1.034106969833374,0.3691349923610687,0.8630163073539734,0.43038973212242126,1.2672516107559204,0.31974855065345764,0.07551901042461395,0.1752319186925888,0.6475801467895508,0.19873197376728058,0.2889866828918457,1.414163589477539,1.2358602285385132,0.973461925983429,0.7594059705734253,0.08866644650697708,0.2925616502761841,0.7341254353523254,0.04932508245110512,0.9360454678535461,0.26042088866233826,0.6688814163208008,0.8333284258842468,0.19592145085334778,0.47722262144088745,0.5636010766029358,0.09662419557571411,0.414278507232666,0.13551022112369537,1.1869956254959106,0.7226313352584839,0.8169455528259277,0.07388868182897568,0.42806240916252136,0.21671171486377716,0.9217435121536255,1.0454715490341187
0.009117855690419674,0.05158654600381851,0.6682997345924377,1.2654457092285156,1.5439883470535278,0.053060416132211685,0.08705580234527588,5.53561544418335,0.37444648146629333,0.5315449833869934,0.2424214780330658,0.6007670760154724,0.08394681662321091,0.00039999998989515007,0.48376452922821045,0.35075920820236206,0.49384504556655884,3.9020771980285645,0.14971637725830078,0.33658739924430847,0.5040878057479858,1.2031694650650024,0.03208079934120178,0.015262283384799957,0.8246517777442932,0.09434781968593597,0.2985875904560089,0.33160704374313354,0.3025575578212738,0.16152065992355347,0.30880123376846313,0.543691098690033,0.25034579634666443,0.2724711298942566,0.9697518944740295,0.13022784888744354,0.015071029774844646,1.8440474271774292,0.21545769274234772,0.7036256790161133,0.11911287158727646,0.8582367300987244,0.4950913190841675,0.028699545189738274,0.1913132220506668,1.0231006145477295,0.46023768186569214,0.5633795261383057,0.2237815409898758,0.7893003225326538,0.16655109822750092,0.6386333703994751,0.13210253417491913,0.2956309914588928,0.22364556789398193,0.27040895819664,0.04598623141646385
0.03001987561583519,0.3728228211402893,0.8989951014518738,0.8842664361000061,1.2446688413619995,0.3024556338787079,0.7839699983596802,4.233747959136963,0.0044170524924993515,0.21667973697185516,0.5358666181564331,1.312807321548462,0.08471225202083588,0.00039999998989515007,0.3880666494369507,0.505283772945404,0.16491985321044922,3.533341646194458,0.00274899834766984,0.5314576029777527,0.12683677673339844,0.2576061487197876,0.9563504457473755,0.32546061277389526,0.11915785819292068,0.18541792035102844,1.4582513570785522,0.2928992509841919,0.10774705559015274,0.8298758268356323,0.2166290581226349,0.03225172311067581,0.9787325859069824,0.2767144441604614,0.4395968019962311,0.2489914894104004,0.07127006351947784,2.143498182296753,0.5427547097206116,0.16681940853595734,1.0213239192962646,1.1045109033584595,0.43497344851493835,0.47509703040122986,1.1552950143814087,2.0145304203033447,0.27836403250694275,0.9840141534805298,0.8954765796661377,0.2645777463912964,0.8980196118354797,0.4507269263267517,1.096786379814148,0.2938500940799713,0.6455159187316895,0.9162476062774658,0.7121954560279846
0.30064770579338074,0.3725476861000061,0.32321280241012573,0.7024437785148621,1.8512789011001587,0.4298045039176941,0.3604165315628052,5.22438383102417,0.7557380795478821,0.3047875761985779,0.23192760348320007,0.16921363770961761,0.03305956348776817,0.00039999998989515007,0.4873572289943695,1.0319889783859253,0.7915168404579163,3.743755340576172,0.28906920552253723,0.37776854634284973,0.5219679474830627,0.5605177879333496,0.09402221441268921,0.3948117792606354,1.118547797203064,0.17854945361614227,0.5005685091018677,0.006928340066224337,0.305698037147522,0.08117097616195679,0.15899719297885895,1.0005710124969482,0.6875008940696716,0.8180564045906067,0.8464306592941284,0.4416476786136627,0.2286936491727829,1.2740380764007568,0.5698828101158142,0.2843778431415558,0.07260370254516602,1.3215800523757935,0.6329503059387207,0.36862078309059143,0.10368653386831284,0.5530356168746948,0.0564405620098114,0.15787051618099213,0.24057266116142273,1.4064157009124756,0.2810044586658478,1.3694590330123901,0.3494643270969391,0.10651405900716782,0.11772755533456802,0.5477121472358704,0.4361495077610016
0.009957859292626381,0.09999330341815948,0.3112248182296753,1.3827037811279297,1.1118619441986084,0.40792176127433777,0.8185091018676758,5.681185722351074,0.07109861075878143,0.5780506134033203,0.27064356207847595,0.16597460210323334,0.4375773072242737,0.00039999998989515007,0.6105477213859558,0.4949592351913452,0.47240880131721497,3.9673473834991455,0.2839334309101105,0.02084827609360218,0.5957034826278687,0.7539102435112,0.061393432319164276,0.13482190668582916,1.0476222038269043,0.016178501769900322,0.011749244295060635,0.1040770411491394,0.2580723464488983,0.5674671530723572,0.2409551441669464,0.4473864436149597,0.556807279586792,0.5551848411560059,1.3404237031936646,0.07971303164958954,0.15766334533691406,1.3514341115951538,0.22096092998981476,0.9274836182594299,0.3576536178588867,0.2820810079574585,0.26655685901641846,0.4202113449573517,0.10835445672273636,0.9173202514648438,0.6663554906845093,0.2727207541465759,0.5101394057273865,0.7421565651893616,0.8009867668151855,0.08878830075263977,0.22461913526058197,0.062155500054359436,0.41621294617652893,0.2647571563720703,0.027679646387696266
0.033624112606048584,0.5998789668083191,0.9838358163833618,1.1023329496383667,0.80033940076828,0.03839193284511566,0.1195393055677414,5.911090850830078,0.4291638731956482,0.5536996126174927,0.2141929566860199,0.7932764887809753,0.5791130065917969,0.00039999998989515007,0.8003432750701904,0.6981183290481567,0.2023787498474121,4.14910888671875,0.2845306992530823,0.2324090600013733,0.15952584147453308,0.9884263277053833,0.104904904961586,0.2060040533542633,0.5595846772193909,0.3838825821876526,0.03115883655846119,0.3833014965057373,0.16675853729248047,0.37444165349006653,0.14966480433940887,0.1455974131822586,0.08974743634462357,0.08313804119825363,0.8136177062988281,0.1901482790708542,0.30252641439437866,1.6731607913970947,0.044955067336559296,0.1996108442544937,0.4164007604122162,0.5021458864212036,0.26825281977653503,0.2090771645307541,0.06005179136991501,0.897365391254425,0.2624056041240692,0.35530993342399597,0.08142029494047165,0.843996524810791,0.3079272210597992,0.2936080992221832,0.062372732907533646,0.01507379487156868,0.04330077022314072,0.2187531590461731,0.012976611033082008
0.41103532910346985,0.4109863042831421,0.8837220668792725,0.7659015655517578,1.2833333015441895,0.03423423692584038,0.12128150463104248,5.721656799316406,0.12705300748348236,0.12708155810832977,0.2571260333061218,0.8991618156433105,0.31523358821868896,0.00039999998989515007,0.4716188311576843,0.014897684566676617,0.2886093258857727,4.382829189300537,0.4380803108215332,0.30562087893486023,0.2557738125324249,0.8314957618713379,0.30717507004737854,0.3135966658592224,0.21698972582817078,0.30870383977890015,0.12276172637939453,0.35602059960365295,0.43469974398612976,0.17025651037693024,0.7468476295471191,0.5948384404182434,0.18363234400749207,0.2107493281364441,0.7209979891777039,0.10750823467969894,0.2071911096572876,1.6309610605239868,0.17658793926239014,0.2531578242778778,0.22719863057136536,0.15497809648513794,0.26144859194755554,0.04002426564693451,0.15839695930480957,1.4327645301818848,0.09891165792942047,0.4086163341999054,0.16189149022102356,0.654093325138092,0.20223824679851532,0.17941999435424805,0.5247921943664551,0.0607292465865612,0.4465969502925873,0.3798016309738159,0.002882288536056876
0.9015778303146362,0.15659736096858978,0.004523830488324165,0.8146528601646423,1.3942900896072388,0.3033185601234436,0.375477135181427,5.703892707824707,1.2746367454528809,0.29630643129348755,0.030851464718580246,0.21662017703056335,0.10099594295024872,0.00039999998989515007,0.10325520485639572,0.5235812664031982,0.32564419507980347,4.06205415725708,0.7132040858268738,1.011873722076416,0.5060305595397949,0.7814986109733582,0.4307650625705719,0.01866857521235943,0.0793488621711731,0.07681552320718765,0.010572287254035473,0.8819549083709717,0.48548391461372375,0.011650335043668747,0.47237053513526917,0.901157557964325,0.2733534574508667,0.05587054789066315,0.5032800436019897,0.31898292899131775,0.08164620399475098,1.3254730701446533,0.34503576159477234,0.1862311065196991,0.4357103109359741,0.856332540512085,0.46783459186553955,0.5593217015266418,0.35178983211517334,0.5884215831756592,0.46074843406677246,0.20504967868328094,0.6229733228683472,0.5873223543167114,0.007008004002273083,0.943560004234314,0.023127932101488113,0.14473485946655273,0.295946329832077,0.13455018401145935,0.3538255989551544
0.06981491297483444,0.4968518614768982,0.6782972812652588,0.8808523416519165,0.6827115416526794,0.1476108282804489,1.2227855920791626,4.430622577667236,0.31840530037879944,0.07713886350393295,0.08575258404016495,1.2368791103363037,0.020934903994202614,0.00039999998989515007,0.6147385239601135,0.7864108085632324,0.16803529858589172,3.6704413890838623,0.23549798130989075,0.8328676819801331,0.2099515199661255,0.07103171944618225,1.2466418743133545,0.6574379205703735,0.301333487033844,0.2310175746679306,1.3446499109268188,0.5795374512672424,0.08338655531406403,0.9754622578620911,0.4830552637577057,0.4439029395580292,0.8699659705162048,0.4379085600376129,0.737133264541626,0.038665853440761566,0.19242964684963226,2.0790700912475586,0.5284731984138489,0.06508032977581024,0.83023601770401,1.0416452884674072,0.7512331604957581,0.4988779127597809,0.8412351012229919,1.8233407735824585,0.24590575695037842,0.5688567757606506,0.34846848249435425,0.27912822365760803,1.5062659978866577,0.43480184674263,0.9999334216117859,0.2066401094198227,0.44859787821769714,0.44082534313201904,0.16847354173660278
0.2555415630340576,0.08320127427577972,0.345766544342041,1.116316795349121,0.7715442180633545,0.28213655948638916,0.8470079302787781,5.436431407928467,0.01504699606448412,0.3595167398452759,1.3481637239456177,0.689092755317688,1.236038327217102,0.00039999998989515007,0.24559660255908966,0.21610386669635773,0.5866349339485168,3.981701612472534,0.3812422454357147,0.3923006057739258,0.7380932569503784,0.04279748350381851,0.5385090708732605,0.15148888528347015,0.250282883644104,0.161282479763031,0.3097025156021118,0.15120507776737213,0.03897697106003761,0.2220543771982193,0.7292554974555969,0.22877049446105957,0.5227904319763184,0.5000239610671997,1.9550389051437378,0.46487388014793396,0.6970424056053162,0.7247359752655029,0.4348142743110657,0.6932460069656372,0.7317985892295837,0.5275218486785889,0.4647231101989746,0.744069516658783,0.33223021030426025,0.7025882601737976,0.2787154018878937,0.27506470680236816,0.36574989557266235,0.11527996510267258,0.8037671446800232,0.5664892792701721,0.5877191424369812,0.32192263007164,0.27769964933395386,0.1532096117734909,0.7378188371658325
0.2564311921596527,1.4482825994491577,0.43956246972084045,0.9871101379394531,0.44987064599990845,0.042938295751810074,1.269943356513977,5.215581893920898,0.15663744509220123,0.18562385439872742,1.364965558052063,1.182590365409851,1.076289415359497,0.00039999998989515007,0.06945136189460754,0.36170417070388794,0.8301634788513184,3.594238042831421,0.15491162240505219,0.4252079129219055,0.4322381615638733,0.1604607105255127,0.47003212571144104,0.2616540789604187,0.08686215430498123,0.5897449254989624,0.5417524576187134,0.3061036467552185,0.1686970293521881,0.7225102186203003,1.0804191827774048,0.3160342574119568,1.0985186100006104,0.47762569785118103,1.5703392028808594,0.4023089110851288,0.42228418588638306,0.04320554807782173,0.6279346346855164,0.6106512546539307,0.7248695492744446,0.3463108539581299,0.8704158663749695,1.2176110744476318,0.23422880470752716,0.2627952992916107,0.3319738805294037,0.008632717654109001,0.3858141005039215,0.24147208034992218,0.7924363017082214,0.3731043338775635,0.8026575446128845,0.14018985629081726,0.31029680371284485,0.2937529683113098,0.9545882940292358
0.11666908860206604,0.0344650000333786,0.6407183408737183,1.3570321798324585,0.5979633927345276,0.04183408245444298,0.4231029450893402,5.41318416595459,0.5851423144340515,0.7361086010932922,0.25885021686553955,0.8065213561058044,0.4925115406513214,0.00039999998989515007,0.6461931467056274,0.16118554770946503,0.10420206189155579,4.550786972045898,0.029867583885788918,0.28960534930229187,0.0072190165519714355,0.602439820766449,0.49637371301651,0.26743340492248535,0.19497770071029663,0.18227742612361908,0.2096407413482666,0.15741395950317383,0.3255496621131897,0.36039939522743225,1.1625884771347046,0.03201663866639137,0.6791920065879822,0.3217363953590393,1.7405827045440674,0.02344130165874958,0.3342370092868805,0.9454873204231262,0.0317816324532032,0.3569009602069855,0.23859719932079315,0.1602497398853302,0.4579974114894867,0.6804594993591309,0.26291215419769287,1.018428921699524,0.6190491318702698,0.04101905971765518,0.10951922833919525,0.2911640405654907,0.5712763667106628,0.10622520744800568,0.2848381996154785,0.14569330215454102,0.3666912913322449,1.0887566804885864,0.10728783160448074
0.44902360439300537,0.2563130557537079,0.7028409838676453,1.1727389097213745,0.9738612174987793,0.00681614363566041,0.06321606040000916,5.788046360015869,0.35004445910453796,0.7174973487854004,0.3608989417552948,0.84984290599823,0.03165145963430405,0.00039999998989515007,0.34874001145362854,0.4534730017185211,0.05427097901701927,4.42357873916626,0.28897538781166077,0.593168318271637,0.5604969263076782,1.0713094472885132,0.3237006962299347,0.4304075539112091,0.2653759717941284,0.33331599831581116,0.08454976975917816,0.21985438466072083,0.4072211980819702,0.03916088864207268,0.5763763189315796,0.48928946256637573,0.39097097516059875,0.30698245763778687,1.38345468044281,0.21199768781661987,0.01618075929582119,1.0365389585494995,0.39601078629493713,0.35237714648246765,0.0069992863573133945,0.5058227777481079,0.2683772146701813,0.14533409476280212,0.4048216640949249,0.5965535640716553,0.4532787799835205,0.04075498878955841,0.5885974168777466,0.6240211129188538,0.3944706618785858,0.46611303091049194,0.19700603187084198,0.28905147314071655,0.3407008945941925,0.1269441395998001,0.22739426791667938
0.7095805406570435,0.4407837688922882,0.6537444591522217,0.8566544651985168,1.3081001043319702,0.08922910690307617,0.02223932556807995,5.930476665496826,0.816354513168335,0.302347332239151,0.06849908083677292,0.5378074645996094,0.19569994509220123,0.00039999998989515007,0.5209811329841614,0.3504709005355835,0.19123083353042603,4.563691139221191,0.5452384948730469,0.5851114392280579,0.3191874921321869,0.7233916521072388,0.0843893438577652,0.3933613896369934,0.10744182020425797,0.0572022944688797,0.02630985900759697,0.5080565810203552,0.34999358654022217,0.08152143657207489,0.5351187586784363,0.78373122215271,0.548071563243866,0.05081808194518089,0.5885230898857117,0.08228170871734619,0.053780775517225266,0.9930930733680725,0.28061220049858093,0.20778967440128326,0.2533164918422699,0.09975510835647583,0.3856654763221741,0.37452924251556396,0.12810005247592926,0.8093148469924927,0.2568899691104889,0.10208117216825485,0.45538243651390076,0.5414945483207703,0.12908177077770233,0.4050067365169525,0.513154923915863,0.05836115777492523,0.35660383105278015,0.14271986484527588,0.21343272924423218
1.1203362941741943,0.3694346249103546,0.36536532640457153,0.6595044732093811,0.7785928845405579,0.3568878471851349,0.05235564708709717,5.6598992347717285,0.6175910830497742,0.3881644606590271,0.7667408585548401,0.5080791711807251,0.2053544819355011,0.00039999998989515007,0.18860390782356262,0.32791808247566223,0.24721263349056244,4.232700824737549,0.718845546245575,0.7801719903945923,0.8814122080802917,0.532328188419342,0.18869121372699738,0.4200056195259094,0.35010209679603577,0.27521568536758423,0.16203992068767548,0.5274870991706848,0.7715787291526794,0.4848163425922394,0.9098514318466187,0.2449287474155426,0.5963678956031799,0.17595630884170532,0.7308422327041626,0.5841261744499207,0.14423109591007233,1.344742774963379,0.5183839201927185,0.0942678153514862,0.10749699175357819,0.22014009952545166,0.5031408667564392,0.11348208785057068,0.6418720483779907,1.089926838874817,0.26191866397857666,0.15906895697116852,0.8262103796005249,0.18118472397327423,0.5528983473777771,0.5048851370811462,0.22022086381912231,0.5132604837417603,0.7360338568687439,0.3945217728614807,0.5259998440742493
0.44555923342704773,0.17928427457809448,0.8679291605949402,0.28004539012908936,0.7229882478713989,0.7900273203849792,0.3130382299423218,5.129523277282715,0.4077869951725006,0.4012049436569214,0.00983512680977583,0.5297245979309082,0.03116222284734249,0.00039999998989515007,0.9477309584617615,0.559282660484314,1.1285065412521362,4.2259626388549805,0.9777808785438538,0.07237900793552399,0.4374920725822449,0.46734699606895447,0.17188428342342377,0.3161878287792206,0.6860536932945251,0.028848405927419662,0.36956918239593506,1.375998854637146,0.23797698318958282,1.029490351676941,0.9250275492668152,0.01158774271607399,0.7393816113471985,0.41439011693000793,0.7668741941452026,0.6970388889312744,0.20009653270244598,1.2436431646347046,0.5467446446418762,1.135754942893982,0.2363029569387436,0.7241472601890564,0.22228789329528809,0.6427677273750305,0.6322634816169739,0.8492347002029419,0.6881954669952393,0.21024180948734283,0.7308145761489868,0.6117256283760071,0.36121562123298645,0.47838932275772095,0.3959004580974579,0.4300055205821991,0.05005880445241928,0.796906054019928,0.34001240134239197
0.8961438536643982,0.5623651742935181,0.17869932949543,0.690928041934967,1.5000628232955933,0.08135642856359482,0.24549730122089386,5.946671485900879,1.2274168729782104,0.04505347087979317,0.24304579198360443,0.20162156224250793,0.5770672559738159,0.00039999998989515007,0.37425312399864197,0.6351439356803894,0.8398507237434387,4.0039448738098145,0.7196940779685974,0.7451515197753906,0.12276575714349747,1.0208901166915894,0.192707821726799,0.1814047396183014,0.1647566705942154,0.0428280308842659,0.7073173522949219,0.784838855266571,0.2917782664299011,0.353302001953125,0.021978093311190605,0.7871887683868408,0.11159519851207733,0.28091341257095337,0.17395968735218048,0.11190687865018845,0.2743757963180542,1.1722753047943115,0.6312935948371887,0.6546595096588135,0.26795193552970886,0.2623041868209839,0.3309551775455475,0.6032721400260925,0.14633120596408844,0.7501603364944458,0.4370916187763214,0.12163255363702774,0.009160934947431087,0.2594323754310608,0.20344553887844086,0.25377604365348816,0.20028679072856903,0.39943280816078186,0.29602929949760437,0.3612165153026581,0.04275655746459961
0.6478210687637329,0.2021435648202896,0.6548330783843994,0.8010724782943726,0.859306812286377,0.10233225673437119,0.014552491717040539,5.893974304199219,0.7604580521583557,0.40260958671569824,0.21192683279514313,0.724871039390564,0.15978343784809113,0.00039999998989515007,0.3057295083999634,0.2915846109390259,0.2690988779067993,4.368859767913818,0.43316590785980225,0.7012665271759033,0.37965458631515503,0.7272085547447205,0.3306640386581421,0.20505622029304504,0.03511591628193855,0.2678322494029999,0.17789770662784576,0.7393236756324768,0.555283784866333,0.03494232892990112,0.6474418640136719,0.3914748430252075,0.2416171133518219,0.10383955389261246,1.0504560470581055,0.07936958968639374,0.10516314208507538,1.4657697677612305,0.35976356267929077,0.1707308292388916,0.3379479646682739,0.7395748496055603,0.3162664771080017,0.024181216955184937,0.22102534770965576,0.8906109929084778,0.012154234573245049,0.28918176889419556,0.7142722606658936,0.6223345994949341,0.07473619282245636,0.6489097476005554,0.07048496603965759,0.40902671217918396,0.3712191879749298,0.105066679418087,0.04850330576300621
0.9336391091346741,1.3178424835205078,0.09728270769119263,0.21969254314899445,0.8128946423530579,0.43881040811538696,0.817410945892334,5.231418132781982,0.8013826012611389,0.2025286853313446,0.8966965079307556,1.4581801891326904,0.4344460070133209,0.00039999998989515007,0.33801132440567017,0.07549422979354858,0.13757963478565216,3.5267436504364014,0.402148574590683,0.825339674949646,0.4768945872783661,0.5054759383201599,0.8571357131004333,0.21504761278629303,0.31225982308387756,0.9246243238449097,0.3132152259349823,0.9514145255088806,0.8146263360977173,0.09324653446674347,1.4523541927337646,0.6220102310180664,0.36357930302619934,0.4201497733592987,1.2490531206130981,0.09529465436935425,0.28812581300735474,0.7327336072921753,1.1852039098739624,0.12052622437477112,0.2120164930820465,0.5673230290412903,0.4078356921672821,0.5232512354850769,0.2646343410015106,0.8209779262542725,0.47040122747421265,0.7162006497383118,1.2752238512039185,0.2984771728515625,0.2788514494895935,0.8828832507133484,0.5516417026519775,0.46751317381858826,0.2670561373233795,0.012415844947099686,0.5697527527809143
1.0070720911026,0.25840967893600464,0.09798117727041245,0.47039711475372314,1.8400630950927734,0.47198429703712463,0.18474873900413513,5.318037509918213,1.0207778215408325,0.14796918630599976,0.7603564262390137,0.23751279711723328,0.010595254600048065,0.00039999998989515007,0.019258134067058563,0.7454437017440796,0.6977081894874573,3.8049609661102295,0.5107688307762146,0.864628255367279,0.7082509994506836,0.5745526552200317,0.3116588294506073,0.1160932183265686,0.7844998836517334,0.24504967033863068,0.10275097191333771,0.13655036687850952,0.4168265759944916,0.20236662030220032,0.7073304057121277,1.1615734100341797,0.871738612651825,0.7108372449874878,0.7297701239585876,0.19277170300483704,0.19851991534233093,0.8467960953712463,0.044670071452856064,0.4170834720134735,0.2669268846511841,1.1060227155685425,0.6605035662651062,0.045627668499946594,0.4388136565685272,0.4588513672351837,0.3165587782859802,0.36998769640922546,0.7365418672561646,1.0130407810211182,0.4826602637767792,1.362080454826355,0.2707081735134125,0.16712893545627594,0.3031206429004669,0.6421364545822144,0.5789492130279541
1.272347331047058,0.946593165397644,0.7828977704048157,0.4219279885292053,0.3557077944278717,0.18720123171806335,0.06407387554645538,4.949867248535156,0.4553411900997162,0.26142555475234985,0.9872555136680603,0.15377706289291382,0.39428117871284485,0.00039999998989515007,0.820984423160553,0.1366230547428131,0.43050312995910645,3.9425086975097656,1.1240592002868652,0.4115031659603119,0.7275354862213135,0.7693518400192261,0.41954541206359863,0.648445188999176,0.9616419076919556,0.3565807044506073,0.6804307699203491,1.2233247756958008,0.5238703489303589,0.34919115900993347,1.1953332424163818,0.08424802869558334,0.07652440667152405,0.8124313950538635,0.6060024499893188,0.7604027390480042,0.27071964740753174,0.9618667364120483,0.3108661472797394,0.5916600227355957,0.2003171294927597,0.5098007917404175,0.5700476169586182,0.2828986346721649,0.8502717018127441,0.7277700304985046,0.6690885424613953,0.3022032678127289,1.2248082160949707,0.1347188651561737,0.9181751608848572,0.0797785297036171,0.004840266890823841,0.3442876935005188,0.9352261424064636,1.1254961490631104,0.916993260383606
1.1705949306488037,0.3438880443572998,0.6614068150520325,0.7477198839187622,1.1045371294021606,0.10277402400970459,0.16529782116413116,5.411121845245361,1.0809192657470703,0.3779114782810211,0.33038198947906494,0.5327040553092957,0.17311324179172516,0.00039999998989515007,0.3187698721885681,0.3334471881389618,0.2677067220211029,4.170620441436768,0.8451610803604126,1.023402214050293,0.5465370416641235,0.9838148355484009,0.3972390592098236,0.3605540096759796,0.2226548045873642,0.2540311813354492,0.0904378890991211,0.9499294757843018,0.9116591215133667,0.0790952518582344,0.830883264541626,0.7549340128898621,0.5701600909233093,0.01927848532795906,0.9035094976425171,0.12255092710256577,0.07890099287033081,1.1531710624694824,0.655088484287262,0.17315007746219635,0.3693440556526184,0.6241719126701355,0.4265778362751007,0.332427978515625,0.4802106022834778,0.7924898266792297,0.17573082447052002,0.15849828720092773,0.969487190246582,0.5615164041519165,0.16181927919387817,0.6949988603591919,0.267002671957016,0.4091283679008484,0.5359389781951904,0.12670846283435822,0.22387921810150146
1.410661220550537,0.006088949274271727,0.5561140775680542,0.591823935508728,1.2482693195343018,0.32286304235458374,0.21916647255420685,3.6757845878601074,2.1860079765319824,0.7205097675323486,0.32392701506614685,0.1343502402305603,0.9070706963539124,0.00039999998989515007,0.4621821343898773,0.7850377559661865,0.014108902774751186,2.9129457473754883,0.8935323357582092,1.2062008380889893,1.1279789209365845,1.3555223941802979,0.2729004919528961,0.33652088046073914,0.19864284992218018,0.00035296185524202883,0.3605111837387085,0.9199605584144592,1.4702485799789429,0.2742461860179901,0.5374171137809753,1.7578264474868774,1.9470188617706299,0.4563382565975189,0.3709939122200012,0.20193204283714294,0.2722923755645752,0.45123961567878723,0.9548185467720032,0.01038508303463459,0.889990508556366,0.7874317169189453,0.7819550633430481,0.10348699241876602,1.4585131406784058,0.31165042519569397,0.22926151752471924,0.0371180921792984,1.1548775434494019,0.586044430732727,1.0597795248031616,0.5896534323692322,0.7899456024169922,0.8504997491836548,0.756431519985199,0.7301942110061646,0.15948228538036346
1.2258408069610596,1.164913296699524,0.31568628549575806,0.31024783849716187,0.3861502707004547,0.3943219780921936,0.7370702028274536,4.642791748046875,1.5023313760757446,0.17250888049602509,0.5903758406639099,1.1468018293380737,0.12748770415782928,0.00039999998989515007,0.11018592864274979,0.1934138387441635,0.007872152142226696,3.235887289047241,0.8043753504753113,1.323021411895752,0.40784186124801636,0.5904934406280518,0.8400137424468994,0.08760727196931839,0.7675114274024963,0.7383056282997131,0.12111999839544296,1.4704160690307617,1.2171984910964966,0.13818839192390442,1.4384695291519165,0.5396196246147156,0.12600493431091309,0.0983622744679451,1.0912162065505981,0.054545238614082336,0.34035995602607727,0.8585273623466492,1.1846835613250732,0.7926164865493774,0.6007498502731323,0.882032573223114,0.20881417393684387,0.5334386229515076,0.4354424774646759,0.5797520875930786,0.6015621423721313,0.7593708038330078,1.6668418645858765,0.34137338399887085,0.15925686061382294,1.0674794912338257,0.40050098299980164,0.8315345048904419,0.6291393637657166,0.20810605585575104,0.39707812666893005
0.771921694278717,0.05295726656913757,0.2538013756275177,0.5725666284561157,0.318745493888855,0.3607892692089081,0.7625419497489929,4.319404125213623,1.1737005710601807,0.18544913828372955,0.3640766739845276,1.316577434539795,0.14566579461097717,0.00039999998989515007,0.7224536538124084,0.6474421620368958,0.021236613392829895,3.4849886894226074,0.30158713459968567,1.3866544961929321,0.17278596758842468,0.18543776869773865,1.0377225875854492,0.12940140068531036,0.8514507412910461,0.08267480880022049,1.4697269201278687,0.6862128973007202,0.4592626690864563,0.9462093710899353,0.5168293118476868,0.3464721441268921,0.9337238669395447,0.6381211876869202,0.6059568524360657,0.16693159937858582,0.5228179097175598,1.8515373468399048,0.9351397156715393,0.639573872089386,1.0750226974487305,1.6153779029846191,0.5248613357543945,0.12779873609542847,0.560204029083252,1.5469850301742554,0.470396488904953,0.9258066415786743,0.4634048342704773,0.11918001621961594,0.7106131315231323,1.2068058252334595,0.3396260738372803,0.623370349407196,0.2244902402162552,0.8802837133407593,0.34853965044021606
1.3846383094787598,1.052261233329773,0.0382569283246994,0.2839113175868988,0.8608591556549072,0.027979306876659393,0.8704445362091064,4.889209747314453,1.09443199634552,0.15426388382911682,0.9430646896362305,1.0628358125686646,0.15359511971473694,0.00039999998989515007,0.1681872457265854,0.22510157525539398,0.057800307869911194,3.313987970352173,0.7068221569061279,1.2064348459243774,0.8549216389656067,0.7050782442092896,0.7370170950889587,0.0026544819120317698,0.3928767442703247,0.8173421025276184,0.29856982827186584,1.031098484992981,1.3912550210952759,0.4536685347557068,1.593137264251709,0.7455132603645325,0.06762004643678665,0.359064519405365,0.9679784774780273,0.22665855288505554,0.27527159452438354,0.7457976937294006,1.2278233766555786,0.08293543756008148,0.15012846887111664,0.39182308316230774,0.08709299564361572,0.3928029537200928,0.6959152221679688,0.7926813364028931,0.45444563031196594,0.589830219745636,1.479871153831482,0.2634216845035553,0.20679724216461182,0.9243923425674438,0.2993581295013428,0.6614571213722229,0.8465480208396912,0.2523036301136017,0.5667465329170227
0.8168950080871582,0.3483167588710785,0.3860856294631958,0.6078068614006042,1.1816527843475342,0.020844686776399612,0.13546214997768402,5.453353404998779,0.974888026714325,0.02082289569079876,0.4723048210144043,1.160218358039856,0.1676463633775711,0.00039999998989515007,0.08865037560462952,0.5227301120758057,0.4515349864959717,4.054140567779541,0.35708820819854736,0.9862021207809448,0.282819002866745,0.45820385217666626,0.8331822156906128,0.052811942994594574,0.24808166921138763,0.5279133319854736,0.364062637090683,0.4034532308578491,0.6495887637138367,0.27424460649490356,1.0344778299331665,0.8201955556869507,0.4016959071159363,0.5822674632072449,1.148389458656311,0.3606240451335907,0.23439821600914001,1.0693447589874268,0.4700932204723358,0.01933157444000244,0.2687016427516937,1.153931736946106,0.04256648197770119,0.2069218009710312,0.0712747871875763,1.0019336938858032,0.1301044076681137,0.3194185197353363,0.7521592378616333,0.7922189235687256,0.6625342965126038,1.071099042892456,0.09529909491539001,0.38585636019706726,0.07120322436094284,0.41002026200294495,0.12213291972875595
1.5015087127685547,1.0392099618911743,0.19275639951229095,0.11828157305717468,0.6156578063964844,0.01024890597909689,1.0702855587005615,4.9661030769348145,1.5028975009918213,0.08554398268461227,0.48265334963798523,0.5174059867858887,0.06039377301931381,0.00039999998989515007,0.21492797136306763,0.40972694754600525,0.3163298964500427,3.350588798522949,1.0566657781600952,1.1076077222824097,0.35700735449790955,0.5185459852218628,0.63752681016922,0.18415841460227966,0.6027195453643799,0.5674171447753906,0.49871936440467834,1.5603588819503784,1.3079439401626587,0.0012640287168323994,1.4917458295822144,0.710041880607605,0.4208459258079529,0.060235992074012756,0.5497809052467346,0.017778363078832626,0.11705300956964493,0.9074915647506714,0.7165459990501404,0.7721846699714661,0.5454960465431213,0.5139431357383728,0.28041401505470276,0.6353192329406738,0.4129534959793091,0.8067066073417664,0.8713908195495605,0.5378945469856262,1.377063274383545,0.48609909415245056,0.11255322396755219,0.7842052578926086,0.43461349606513977,0.5754866003990173,0.6342779397964478,0.5094724297523499,0.3977188169956207
0.6660053730010986,0.02386552467942238,0.5715646147727966,0.3753505051136017,0.9294720888137817,0.06574290990829468,1.0675386190414429,4.671446323394775,0.7185621857643127,0.26813340187072754,0.35359427332878113,1.4052428007125854,0.6600040793418884,0.00039999998989515007,0.4969019591808319,0.5647999048233032,0.05520060658454895,3.6992318630218506,0.40005332231521606,0.9831118583679199,0.17623287439346313,0.12612640857696533,0.9486767053604126,0.667570173740387,0.27299800515174866,0.051951710134744644,0.9828466773033142,0.06294351071119308,0.5347693562507629,1.0869020223617554,0.48609575629234314,0.041299961507320404,1.1714762449264526,0.6027745008468628,0.2369222193956375,0.17866896092891693,0.232134148478508,1.9693135023117065,0.7150415778160095,0.03598696365952492,0.9673684239387512,0.8070176243782043,0.8431562185287476,0.583992063999176,0.5812957882881165,1.7666387557983398,0.3874330222606659,0.5809032917022705,0.08939994871616364,0.035219479352235794,1.2282949686050415,0.5378451943397522,1.0642813444137573,0.017679931595921516,0.01134626753628254,0.8014845252037048,0.4858836829662323
0.05513974279165268,0.0734483152627945,0.47429126501083374,1.2347723245620728,0.5555589199066162,0.3511212468147278,0.30942144989967346,6.0493974685668945,0.09029267728328705,0.5483477115631104,0.3117297291755676,0.2027801126241684,0.14099383354187012,0.00039999998989515007,0.7281637787818909,0.8734413385391235,0.3425638973712921,4.21100378036499,0.20543207228183746,0.020624764263629913,0.13592027127742767,0.6039236783981323,0.10082444548606873,0.3441975712776184,1.020387887954712,0.10916846245527267,0.38325414061546326,0.13986976444721222,0.3052316904067993,0.8449172377586365,0.038899004459381104,0.08740758150815964,0.6973593235015869,0.15558363497257233,1.1484259366989136,0.07872667163610458,0.32973262667655945,1.287503719329834,0.4745304584503174,0.7157774567604065,0.3252531588077545,0.21015504002571106,0.008043241687119007,0.3442383408546448,0.31607723236083984,0.6517012715339661,0.5375614166259766,0.22823114693164825,0.2886863052845001,0.6627110838890076,0.639667809009552,0.20197436213493347,0.2891712486743927,0.029798811301589012,0.5046250224113464,0.3298436403274536,0.04908590018749237
0.8253426551818848,0.03248114511370659,0.6696550846099854,0.6893500685691833,1.3064396381378174,0.30544668436050415,0.17352409660816193,4.541755676269531,1.7042794227600098,0.7449437379837036,0.7892130017280579,0.6451734900474548,1.2641663551330566,0.00039999998989515007,1.0284847021102905,1.4033994674682617,0.13558174669742584,3.0775909423828125,0.7179299592971802,0.4009467363357544,0.5628431439399719,1.6004875898361206,0.7818122506141663,0.28601938486099243,1.1935858726501465,0.02582623064517975,1.1621490716934204,1.0438945293426514,0.6290892362594604,0.5288387537002563,0.6659558415412903,1.6190075874328613,0.9039319157600403,0.6188127994537354,0.09404019266366959,0.5720877051353455,0.31787845492362976,0.433345228433609,0.08943873643875122,0.5846824645996094,0.25729504227638245,0.31924760341644287,0.8548853993415833,0.04004674404859543,1.0451297760009766,0.3832685053348541,0.39437708258628845,0.3820612132549286,0.6150479912757874,1.0944430828094482,1.2485839128494263,0.14751364290714264,0.3802667260169983,0.020184995606541634,0.32448580861091614,0.23774518072605133,0.2803971767425537
0.3362771272659302,0.5871174931526184,0.6699568033218384,1.1840834617614746,0.4669286012649536,0.8574962615966797,0.15655989944934845,5.548306465148926,0.34067314863204956,0.5605971217155457,0.27694645524024963,0.5518814325332642,0.23716576397418976,0.00039999998989515007,0.8330758810043335,0.15037766098976135,0.13257183134555817,4.4504828453063965,0.1710413098335266,0.1935625970363617,0.25883543491363525,0.21410983800888062,0.31997838616371155,0.7395729422569275,0.5884851813316345,0.5889365077018738,0.37277141213417053,0.333450585603714,0.16190209984779358,0.49399882555007935,0.17393334209918976,0.29239463806152344,0.2238629311323166,0.09418847411870956,1.0834076404571533,0.1744486540555954,0.08174267411231995,1.2397007942199707,0.8524909615516663,0.6959025859832764,0.2848491966724396,0.37565070390701294,0.2737770974636078,0.3891775608062744,0.5768309235572815,1.1061841249465942,0.6188869476318359,0.7117472887039185,0.2886066138744354,0.0888572484254837,0.41387709975242615,0.8411825895309448,0.5473401546478271,0.05309290066361427,0.34362706542015076,1.1391816139221191,0.28870680928230286
0.42619356513023376,0.07523541897535324,0.7447428107261658,0.9096282124519348,1.1302708387374878,0.1936853975057602,0.05400066822767258,6.008520126342773,0.33420124650001526,0.49745142459869385,0.011341218836605549,0.5147426724433899,0.5199487805366516,0.00039999998989515007,0.689409613609314,0.6762024760246277,0.19931340217590332,4.353000164031982,0.29768383502960205,0.28272250294685364,0.23990195989608765,1.1285008192062378,0.07175704836845398,0.4928605556488037,0.7211866974830627,0.16311490535736084,0.41374480724334717,0.3066862225532532,0.3207624852657318,0.2540988028049469,0.4685237407684326,0.5701682567596436,0.043126579374074936,0.30642545223236084,0.8506326675415039,0.3258996605873108,0.42074230313301086,1.256022572517395,0.08435774594545364,0.5576475262641907,0.24146053194999695,0.24880793690681458,0.38931500911712646,0.08037906140089035,0.26234087347984314,0.7953721284866333,0.39053428173065186,0.18410485982894897,0.2697400152683258,0.791882336139679,0.35619643330574036,0.09630030393600464,0.17762592434883118,0.11109745502471924,0.15610486268997192,0.2602091133594513,0.047123558819293976
0.4512504041194916,0.18825696408748627,0.24069681763648987,1.147781491279602,1.0593221187591553,0.650931715965271,0.3350299298763275,5.910559177398682,0.07791140675544739,0.39762264490127563,0.16307811439037323,0.3299376964569092,0.359433114528656,0.00039999998989515007,0.25505614280700684,0.29051584005355835,0.2463616281747818,4.23129415512085,0.44105303287506104,0.6346015930175781,0.3329337537288666,0.42242953181266785,0.33926108479499817,0.6296153664588928,0.5572943687438965,0.11019007116556168,0.18641044199466705,0.3657953143119812,0.20846669375896454,0.5125071406364441,0.7658035159111023,0.3412902355194092,0.2993151843547821,0.13971655070781708,0.9916743040084839,0.3481658697128296,0.3881642520427704,1.723015546798706,0.010845405049622059,0.7110300660133362,0.19464944303035736,0.5689612627029419,0.546389639377594,0.1339595466852188,0.2241266816854477,1.1399359703063965,0.326081782579422,0.3243710994720459,0.019038120284676552,0.1512886881828308,0.5864035487174988,0.37904083728790283,0.5067758560180664,0.18851293623447418,0.2470579743385315,0.235628142952919,0.36886361241340637
0.9941968321800232,0.8392685651779175,0.49350184202194214,0.1627187728881836,0.5782545804977417,0.3187238872051239,0.48168158531188965,4.662886142730713,0.08353004604578018,0.25739261507987976,0.8056756854057312,0.46553635597229004,0.18583564460277557,0.00039999998989515007,0.5744511485099792,0.12627269327640533,1.1542526483535767,3.6560842990875244,1.0637105703353882,0.29598861932754517,0.0505036786198616,0.47838106751441956,0.47687795758247375,0.13882854580879211,0.9967913627624512,0.5346769094467163,0.9356001019477844,1.0556668043136597,0.6577069759368896,0.4128623604774475,2.4369351863861084,0.2761313319206238,0.9965908527374268,0.023937352001667023,1.0145198106765747,0.1827797293663025,0.15919633209705353,0.5218656063079834,0.04172267019748688,0.7704732418060303,0.5532128810882568,0.2763254940509796,0.11007214337587357,0.7762886881828308,0.028268050402402878,0.8312771320343018,0.7851704955101013,0.33576497435569763,1.5359013080596924,0.29404711723327637,0.41246190667152405,0.24328814446926117,0.3816171884536743,0.20896945893764496,0.8592012524604797,1.476701021194458,1.0651235580444336
1.2882884740829468,1.4602150917053223,0.7961942553520203,0.22544097900390625,0.3274882733821869,0.14728812873363495,1.6518852710723877,4.1296610832214355,1.5482767820358276,0.2071084827184677,0.7193439602851868,0.4314855635166168,0.7272828817367554,0.00039999998989515007,0.5359004139900208,0.008105742745101452,0.5678890347480774,2.929076671600342,0.8258988261222839,0.5945045948028564,0.4446706175804138,1.2451186180114746,0.07194552570581436,0.555534303188324,0.5965608954429626,0.27405112981796265,1.390106439590454,1.9828548431396484,1.6993281841278076,0.1939481794834137,0.6038187742233276,1.319273591041565,0.25036367774009705,0.020404642447829247,0.33126258850097656,0.18368259072303772,0.29824283719062805,0.41817912459373474,1.1694189310073853,0.14945858716964722,0.48685482144355774,0.5789510011672974,0.27763456106185913,1.0044896602630615,1.073564887046814,0.4131747782230377,0.08169829845428467,0.7247037291526794,1.3776730298995972,0.004989732522517443,0.9285280108451843,0.6098442673683167,0.6740130186080933,0.6113190650939941,0.7740813493728638,0.9569552540779114,0.2558269500732422
0.5514169335365295,0.5089478492736816,0.13839958608150482,0.4624921381473541,1.7511072158813477,1.1452937126159668,0.5187317132949829,5.424423694610596,0.03516450896859169,0.06330247223377228,0.8500208258628845,0.1431703418493271,0.21691574156284332,0.00039999998989515007,0.13650596141815186,0.5980286002159119,0.4858996272087097,3.719888210296631,0.2055578976869583,0.09779583662748337,0.3680131435394287,0.09018523246049881,0.08788274973630905,0.2776797115802765,1.4574073553085327,0.23014123737812042,0.3097301721572876,1.010919451713562,0.5977942943572998,0.016724715009331703,0.4935915768146515,0.9246245622634888,0.44757339358329773,0.724751353263855,0.5212679505348206,0.3731268644332886,0.11280898749828339,0.9341167211532593,0.9030994176864624,1.3026108741760254,0.9339507222175598,0.4514450430870056,0.7632416486740112,0.11160566657781601,0.2566332519054413,0.9077184796333313,0.0037185903638601303,1.0180586576461792,0.19172030687332153,0.5732137560844421,0.0117153599858284,0.38604089617729187,0.11043185740709305,0.6216754913330078,0.6573832035064697,0.2503320872783661,0.9308040142059326
0.689854085445404,1.5976723432540894,0.04165130481123924,0.07855310291051865,0.18242895603179932,0.20023009181022644,0.9761894941329956,5.055166721343994,0.22428622841835022,0.14966119825839996,1.064178466796875,0.4864588677883148,0.15014687180519104,0.00039999998989515007,0.7603610157966614,0.45745426416397095,0.13800834119319916,3.3283612728118896,0.42761361598968506,0.092877097427845,0.1508481204509735,0.2050779163837433,0.2760245203971863,0.041547637432813644,0.36252981424331665,0.5976889133453369,1.4051305055618286,1.0458344221115112,0.04726717621088028,1.042628288269043,1.7790257930755615,0.0746719017624855,1.6294857263565063,0.18030495941638947,0.557121992111206,0.12984515726566315,0.4429646134376526,0.2692503333091736,0.3022252023220062,0.08678404241800308,1.0209065675735474,0.8849917650222778,0.37133410573005676,0.9503142833709717,0.5095148682594299,0.43757364153862,0.9785252213478088,0.4272613227367401,1.1097193956375122,0.3102112114429474,0.22982726991176605,0.11746243387460709,0.9723904728889465,0.19348584115505219,0.4631645679473877,1.4157129526138306,1.167622685432434
0.3230822682380676,0.1846320778131485,0.6166712045669556,1.0019408464431763,1.208885908126831,0.4646243155002594,0.1869279444217682,5.9820556640625,0.17324180901050568,0.4630517065525055,0.009914308786392212,0.23546168208122253,0.5028231143951416,0.00039999998989515007,0.807460606098175,0.7117332220077515,0.02708539366722107,4.329105377197266,0.2273520678281784,0.14088748395442963,0.08389928936958313,1.0044927597045898,0.023867342621088028,0.6288390159606934,0.7738361358642578,0.24187953770160675,0.43874192237854004,0.10800852626562119,0.0806613489985466,0.4200507402420044,0.25596383213996887,0.3893875181674957,0.1548389047384262,0.043317463248968124,0.5513768196105957,0.2528103291988373,0.5819516181945801,1.3383318185806274,0.47615402936935425,0.783693790435791,0.3945311903953552,0.06615740805864334,0.5061846375465393,0.24350886046886444,0.05980558693408966,0.9078301191329956,0.29994645714759827,0.4514366388320923,0.19178465008735657,0.6876055002212524,0.07792114466428757,0.09183382242918015,0.22389192879199982,0.5089702606201172,0.19176632165908813,0.32116761803627014,0.02991160936653614
0.03175019845366478,0.37802571058273315,0.5737320780754089,0.9691993594169617,1.0225507020950317,0.5685806274414062,0.4287400543689728,5.900733470916748,0.1591339260339737,0.4905286133289337,0.008530463092029095,0.46816569566726685,0.5578784942626953,0.00039999998989515007,0.6280885338783264,0.6866045594215393,0.0577191524207592,4.095013618469238,0.045666880905628204,0.035300664603710175,0.04573499783873558,0.817897617816925,0.13594019412994385,0.5177078247070312,1.1995606422424316,0.13228067755699158,0.2520613670349121,0.3108028471469879,0.2964932918548584,0.2895199656486511,0.27925342321395874,0.19865678250789642,0.32266107201576233,0.37430790066719055,0.8038865327835083,0.5560601949691772,0.5521448850631714,1.5872573852539062,0.6827998757362366,0.9050126671791077,0.46751487255096436,0.39796707034111023,0.5099771022796631,0.1433437466621399,0.06263692677021027,1.0271316766738892,0.5908308625221252,0.3472582697868347,0.3100548982620239,0.7121807932853699,0.009364906698465347,0.04177219793200493,0.012043651193380356,0.4719231128692627,0.41573986411094666,0.21373336017131805,0.05429824814200401
0.14077238738536835,0.4817124307155609,0.6890718340873718,0.8904578685760498,1.0304540395736694,0.4341875910758972,0.1298762559890747,5.551477909088135,0.4868239462375641,0.5609301328659058,0.19901008903980255,0.319803923368454,0.6653009057044983,0.00039999998989515007,0.5508179068565369,0.49371835589408875,0.011012339033186436,4.500128269195557,0.07044637203216553,0.05148964747786522,0.1530500203371048,0.8727073669433594,0.1311051845550537,0.7065556645393372,0.6878136396408081,0.1993214339017868,0.39405959844589233,0.03851569443941116,0.2363024652004242,0.3785436451435089,0.8326815962791443,0.3316294252872467,0.30581924319267273,0.13305450975894928,0.9440531134605408,0.19183588027954102,0.5825257301330566,1.3460170030593872,0.4859146773815155,0.8645021319389343,0.6926981806755066,0.07376689463853836,0.5394603610038757,0.46117401123046875,0.3482315242290497,1.108838438987732,0.6299494504928589,0.47917285561561584,0.06093796715140343,0.47790154814720154,0.029597695916891098,0.4667699337005615,0.5922490954399109,0.48848262429237366,0.22411581873893738,0.803229033946991,0.10247065871953964
0.11669660359621048,1.1324626207351685,0.637931764125824,1.6382368803024292,0.9034802317619324,0.7763581871986389,0.37091323733329773,4.786836624145508,0.7321245074272156,1.0364124774932861,0.2752281129360199,0.12707562744617462,0.07985402643680573,0.00039999998989515007,0.7941091656684875,0.8862138390541077,0.20983287692070007,4.078061580657959,0.20689745247364044,0.008786410093307495,0.2119218111038208,0.8583338856697083,0.01826612278819084,0.8599635362625122,1.2226201295852661,0.4962673783302307,0.08270630985498428,0.8614968061447144,0.3374760150909424,0.3780238628387451,0.09874332696199417,0.09407797455787659,0.04735476151108742,0.44025444984436035,1.3189432621002197,0.009751015342772007,0.48623713850975037,1.029143214225769,1.0008046627044678,1.1140110492706299,0.625446617603302,0.08552693575620651,0.5202519297599792,0.11824392527341843,0.1371234506368637,0.7045464515686035,1.1746702194213867,0.9540876746177673,0.7270419001579285,0.8512884378433228,0.7920467853546143,0.3257026672363281,0.4612205922603607,0.45015865564346313,0.28886181116104126,0.3998549282550812,0.08702399581670761
0.12009423226118088,0.568263053894043,0.6798785328865051,1.3375600576400757,0.7853812575340271,1.0443669557571411,0.42389047145843506,5.336726188659668,0.48749980330467224,0.8003919720649719,0.12722685933113098,0.6772002577781677,0.4900840222835541,0.00039999998989515007,0.5601910948753357,0.6893905997276306,0.0711834505200386,3.9429125785827637,0.18120001256465912,0.19420529901981354,0.028889000415802002,0.5683919191360474,0.3428703844547272,0.8007320761680603,1.3281033039093018,0.2112811654806137,0.16626621782779694,1.0110609531402588,0.2606273591518402,0.04662879928946495,0.380281001329422,0.12233471870422363,0.09474162757396698,0.5566508769989014,1.1671243906021118,0.23805712163448334,0.5308970808982849,1.555540680885315,0.8466821312904358,1.0853757858276367,0.3323969841003418,0.3812219798564911,0.4447413980960846,0.2355489581823349,0.01656917855143547,1.1895866394042969,1.011142611503601,0.47841256856918335,0.5421430468559265,0.5961969494819641,0.16934797167778015,0.18177245557308197,0.356435090303421,0.31221696734428406,0.4140758216381073,0.34645482897758484,0.03744058683514595
0.13972537219524384,0.9422223567962646,0.6096879243850708,1.4578839540481567,0.7413087487220764,1.1522763967514038,0.2159997820854187,5.043108940124512,0.5632717609405518,0.86360102891922,0.20338554680347443,0.10596095770597458,0.2892378568649292,0.00039999998989515007,0.8533703684806824,1.0409877300262451,0.07364414632320404,3.8034603595733643,0.26215261220932007,0.029721543192863464,0.0043738968670368195,0.5828408002853394,0.10331817716360092,0.7553009390830994,1.4238665103912354,0.5369219183921814,0.04162000119686127,0.9084196090698242,0.47367462515830994,0.436425119638443,0.07189355045557022,0.019548488780856133,0.4001862704753876,0.41556382179260254,1.0569030046463013,0.14648838341236115,0.6008849143981934,1.3734749555587769,1.3262929916381836,1.05097496509552,0.4174043834209442,0.22442121803760529,0.35101959109306335,0.04466785863041878,0.02185964584350586,0.9701599478721619,0.9919306635856628,0.7838843464851379,0.8663449883460999,0.8202661871910095,0.5128603577613831,0.37581130862236023,0.1590336561203003,0.3864551782608032,0.6300328373908997,0.5004247426986694,0.13292798399925232
0.10576137900352478,0.634967029094696,0.6252935528755188,1.132932424545288,1.0324485301971436,0.912226676940918,0.5708630084991455,5.389819622039795,0.22523245215415955,0.7078872323036194,0.16121548414230347,0.34072017669677734,0.8218059539794922,0.00039999998989515007,0.7669339179992676,0.8198935389518738,0.03061240166425705,3.719464063644409,0.08398180454969406,0.047693490982055664,0.03789546340703964,0.9478765726089478,0.06726082414388657,0.7192225456237793,1.515383005142212,0.3069065809249878,0.23962922394275665,0.587897539138794,0.35660430788993835,0.2385837286710739,0.09394066035747528,0.1907327026128769,0.22560274600982666,0.4332652986049652,0.6639291048049927,0.555431067943573,0.7858916521072388,1.6417346000671387,0.9443973302841187,1.1562049388885498,0.4813336431980133,0.38908281922340393,0.7460190653800964,0.28665319085121155,0.01848200149834156,1.023659110069275,0.8395676612854004,0.4936943054199219,0.5654090046882629,0.7785251140594482,0.014380349777638912,0.17167344689369202,0.15049363672733307,0.6007964015007019,0.5026100873947144,0.22507667541503906,0.18223293125629425
0.05645720288157463,0.8376060724258423,0.4295122027397156,1.074431300163269,1.3638924360275269,0.80389004945755,0.22610792517662048,5.418433666229248,0.19581910967826843,0.48638394474983215,0.21815434098243713,0.18059763312339783,0.4795254170894623,0.00039999998989515007,0.6000114679336548,0.8894097805023193,0.006157699506729841,3.893199920654297,0.07621639221906662,0.11306571215391159,0.04866213724017143,0.9239608645439148,0.2914937734603882,0.5746158957481384,1.3539376258850098,0.49890947341918945,0.22666606307029724,0.2673240900039673,0.17966923117637634,0.35146287083625793,0.25507012009620667,0.4103735685348511,0.4262399673461914,0.34942471981048584,0.6137595772743225,0.45565932989120483,0.8074034452438354,1.5723354816436768,0.9288371205329895,1.1222050189971924,0.5812075734138489,0.4636915326118469,0.6140806674957275,0.2408503293991089,0.11850826442241669,1.090815544128418,0.594898521900177,0.47246402502059937,0.5993889570236206,0.8888713121414185,0.2057121843099594,0.06618490070104599,0.1945929229259491,0.7131988406181335,0.469253808259964,0.18798518180847168,0.26714298129081726
0.19030903279781342,0.5703783631324768,0.3942422866821289,0.8233137726783752,0.9454976916313171,1.0840435028076172,0.4785131812095642,5.387372970581055,0.2735578715801239,0.34028100967407227,0.05163802579045296,0.7794500589370728,0.5056052803993225,0.00039999998989515007,0.4726584255695343,0.6296754479408264,0.4010964035987854,3.679295063018799,0.46258312463760376,0.12455473095178604,0.12724924087524414,0.03389090672135353,0.25041908025741577,0.3383426070213318,1.6670184135437012,0.2896250784397125,0.24706363677978516,0.8048701286315918,0.6557786464691162,0.04214395210146904,0.3474627137184143,0.044227246195077896,0.1805318146944046,0.567006528377533,0.9398649334907532,0.6993656754493713,0.46619194746017456,1.7738560438156128,1.247458577156067,0.8810532093048096,0.16706813871860504,0.687919557094574,0.6059006452560425,0.6570411324501038,0.3206908404827118,1.2942174673080444,0.6440020799636841,0.2578234076499939,0.5877562761306763,0.9464109539985657,0.12248274683952332,0.07669390738010406,0.046448733657598495,0.4227296710014343,0.8393997550010681,0.15899932384490967,0.13871504366397858
0.24858839809894562,0.3620484173297882,1.2467602491378784,1.5810810327529907,0.3694419264793396,0.798872709274292,0.21972553431987762,4.453364372253418,0.3682335615158081,1.5506432056427002,1.0660028457641602,0.08039329200983047,1.3856483697891235,0.00039999998989515007,1.4640121459960938,0.800595223903656,0.4958241581916809,3.2572124004364014,0.0017373703885823488,0.13729742169380188,0.015165382996201515,1.5574450492858887,0.5297864079475403,1.275596261024475,1.0473377704620361,0.6206368207931519,0.7255532741546631,0.00947562325745821,0.1237112358212471,0.6038867235183716,0.5339496731758118,0.5413959622383118,0.08236771821975708,0.2562407851219177,0.6996503472328186,0.3298724293708801,0.6209900379180908,1.0738489627838135,0.6218745112419128,1.0384095907211304,0.09614212810993195,0.3732187747955322,0.8152227997779846,0.10471457988023758,0.608616054058075,0.22282588481903076,1.3784765005111694,0.531444787979126,0.14100432395935059,0.4568614363670349,0.6831809282302856,0.9633650183677673,0.9887805581092834,0.3458731472492218,0.03179244324564934,0.9203788638114929,0.6588276624679565
0.2052067518234253,0.7428061962127686,0.5419636964797974,1.2097852230072021,1.0235384702682495,0.9012371301651001,0.3274697959423065,5.328434944152832,0.3656441271305084,0.678609311580658,0.06202029436826706,0.5171602368354797,0.45309776067733765,0.00039999998989515007,0.5524004101753235,0.592086911201477,0.1750069260597229,3.689448356628418,0.3872556686401367,0.007002381607890129,0.028477123007178307,0.7566227912902832,0.2531297504901886,0.6654652953147888,1.5501116514205933,0.39463698863983154,0.06631254404783249,0.702206552028656,0.37141281366348267,0.18259620666503906,0.029269082471728325,0.27642932534217834,0.33468636870384216,0.6090953350067139,1.0127207040786743,0.5526403188705444,0.5822935104370117,1.6222827434539795,0.8784522414207458,1.2909789085388184,0.6122688055038452,0.4498651921749115,0.547012984752655,0.13401545584201813,0.06688839942216873,1.1694854497909546,1.0004031658172607,0.3282054662704468,0.6773408055305481,0.6726395487785339,0.33802735805511475,0.2160811871290207,0.20122531056404114,0.5361300706863403,0.7205511927604675,0.1710267812013626,0.2747689187526703
0.26166126132011414,0.03247817978262901,1.1260039806365967,1.3692946434020996,0.2652038335800171,1.5824954509735107,0.32924598455429077,4.461591720581055,0.8634673953056335,1.2087196111679077,1.4147028923034668,0.1479932814836502,1.8188968896865845,0.00039999998989515007,0.866063117980957,1.0169310569763184,0.14086705446243286,2.8393049240112305,0.8236894607543945,0.8208721876144409,0.06150728091597557,0.8483260869979858,0.27382802963256836,1.0843441486358643,1.0871961116790771,0.47799742221832275,0.6254591345787048,0.26414361596107483,0.557538628578186,0.02492677792906761,0.6362684965133667,0.9999122619628906,0.4630105197429657,0.8616846799850464,1.2829954624176025,0.18217383325099945,0.3341127932071686,1.3479899168014526,0.35714682936668396,0.6077067852020264,0.4966002106666565,1.0066025257110596,1.3689268827438354,0.20432215929031372,0.9369505047798157,0.38722366094589233,1.0048130750656128,0.05756125971674919,0.1385864019393921,0.10665152966976166,0.38317838311195374,0.3203880786895752,1.0115255117416382,0.1159677505493164,0.48917943239212036,0.6136084198951721,0.36489102244377136
0.04510433226823807,0.688341498374939,0.733406662940979,1.1264011859893799,0.8959869146347046,0.7008776068687439,1.0449891090393066,4.624200344085693,0.8395025730133057,0.11759956181049347,0.22379279136657715,0.6758344173431396,0.6829210519790649,0.00039999998989515007,0.1348733752965927,0.17005278170108795,0.12155182659626007,3.630760908126831,0.0357542484998703,0.11881473660469055,0.22207960486412048,0.17064760625362396,0.5063818097114563,1.051588535308838,0.8366515040397644,0.5871866941452026,0.4062892198562622,1.0813169479370117,0.5403667092323303,0.5275185704231262,0.04630950093269348,0.23013383150100708,0.2321491241455078,0.23838278651237488,0.5260524749755859,0.049708858132362366,0.7043416500091553,2.1815359592437744,0.45979753136634827,1.0550487041473389,0.1444476842880249,0.26900339126586914,0.7936854958534241,0.3446808457374573,0.513560950756073,1.9883437156677246,0.7375938892364502,0.18051694333553314,1.1969530582427979,0.21837174892425537,1.2289708852767944,0.4320507049560547,1.133954405784607,0.8417891263961792,0.7883439064025879,0.003139060689136386,0.21997405588626862
0.15564073622226715,0.854989767074585,0.6449417471885681,0.9639037847518921,1.0782541036605835,0.9426632523536682,0.8003309965133667,5.337852478027344,0.14748048782348633,0.5520710349082947,0.26596513390541077,0.17680537700653076,0.7990484833717346,0.00039999998989515007,0.7102477550506592,0.8025516271591187,0.26084718108177185,3.6532647609710693,0.09215947985649109,0.04067406803369522,0.13518323004245758,0.7390568256378174,0.09967867285013199,0.5527111291885376,1.556793212890625,0.4104112684726715,0.12813228368759155,0.6425095200538635,0.4553818106651306,0.20889663696289062,0.06368932873010635,0.38234221935272217,0.1175076812505722,0.5687308311462402,0.642654299736023,0.8272885680198669,0.5713719725608826,1.7008882761001587,1.1610766649246216,0.9971467852592468,0.35481545329093933,0.587506115436554,0.7933903336524963,0.37790316343307495,0.16298449039459229,1.0727369785308838,0.7502695322036743,0.5335240960121155,0.537185788154602,0.8103711009025574,0.022176209837198257,0.06496256589889526,0.17860890924930573,0.6951038241386414,0.6855001449584961,0.11776810139417648,0.13332223892211914
0.2696048319339752,0.02564913220703602,0.5907715559005737,0.0737401470541954,1.4523710012435913,1.0363030433654785,0.2453707605600357,5.452757358551025,0.43461230397224426,0.2058626115322113,0.7315589189529419,0.7797073721885681,0.03137465938925743,0.00039999998989515007,0.1741856336593628,0.8111090064048767,0.23305363953113556,2.9093923568725586,0.38231298327445984,0.192125603556633,0.19498397409915924,0.1652013063430786,0.6539020538330078,0.5927984714508057,1.7674814462661743,0.4384709894657135,0.2986437678337097,0.4194294512271881,0.11744553595781326,0.019870838150382042,0.8979201912879944,0.9035664796829224,0.7589501142501831,1.407792329788208,0.7059289216995239,1.119239330291748,0.11243005841970444,0.9398188591003418,0.5753111839294434,1.0849027633666992,1.0553836822509766,1.0483261346817017,0.06244782730937004,0.1570921540260315,0.15804283320903778,0.8646207451820374,0.045679427683353424,0.01300874538719654,0.13990458846092224,0.9825686812400818,0.6586987972259521,0.9919446706771851,1.1403697729110718,0.4292582869529724,0.695896327495575,0.5476429462432861,0.42203405499458313
0.8310872316360474,0.6264796257019043,0.2673138678073883,0.34000104665756226,1.21703040599823,0.8381331562995911,0.8185077905654907,6.092910289764404,0.41642794013023376,0.07013129442930222,0.6405709981918335,0.9213962554931641,0.28265923261642456,0.00039999998989515007,0.18608173727989197,0.4767168462276459,0.7094547152519226,3.6861495971679688,0.03470321744680405,0.39339467883110046,0.4662226736545563,0.746874988079071,0.571654200553894,0.08611150830984116,0.7537071108818054,0.4354594945907593,0.7598963975906372,0.15406645834445953,0.5669233202934265,0.05389118939638138,0.8253772854804993,0.4639480710029602,0.834083080291748,0.45766809582710266,0.3863818943500519,0.34778866171836853,0.46623942255973816,1.044141411781311,0.2894356846809387,1.0329885482788086,0.8821755647659302,0.11654826253652573,0.294734388589859,0.3020472824573517,0.1595299243927002,1.2518694400787354,0.012962394393980503,0.2823367118835449,0.009229007177054882,0.35143280029296875,0.07613752782344818,0.08932344615459442,0.5288676619529724,0.4188995659351349,0.3645837903022766,0.04748370870947838,0.2259230762720108
0.06861279159784317,0.627516508102417,0.49073296785354614,1.0058881044387817,1.0529462099075317,0.7674010992050171,0.6485711336135864,5.5477118492126465,0.17819678783416748,0.48360514640808105,0.031884148716926575,0.30146145820617676,0.7023627758026123,0.00039999998989515007,0.7894290685653687,0.9731583595275879,0.008028638549149036,3.7351412773132324,0.14786334335803986,0.0912550762295723,0.09767190366983414,0.961051344871521,0.06863400340080261,0.4670012295246124,1.4877313375473022,0.18355658650398254,0.21812601387500763,0.39743611216545105,0.431328147649765,0.41726067662239075,0.1259404569864273,0.002011957811191678,0.4965294897556305,0.23238736391067505,0.40891599655151367,0.5825981497764587,0.9182426333427429,1.6714177131652832,1.0543105602264404,1.0139271020889282,0.5837952494621277,0.41970095038414,0.5423946976661682,0.25622060894966125,0.2349550575017929,1.0241144895553589,0.5984171628952026,0.45605355501174927,0.6828547716140747,0.9596254229545593,0.09044404327869415,0.008340226486325264,0.18795379996299744,0.6923547387123108,0.6027044057846069,0.0621613971889019,0.1771107167005539
0.0245523601770401,1.3632785081863403,0.48165756464004517,0.9242860674858093,1.4260237216949463,0.20307496190071106,1.4084864854812622,4.577070236206055,0.3398473560810089,0.03598800674080849,0.516383707523346,0.47808098793029785,0.43547311425209045,0.00039999998989515007,0.017409808933734894,0.14806817471981049,0.025166455656290054,3.585432767868042,0.005412160884588957,0.2732676565647125,0.39848649501800537,0.7351236939430237,0.7791281938552856,0.6615656614303589,0.9035893082618713,0.6690220832824707,0.5764601230621338,0.5457777976989746,0.3390824496746063,0.3618900775909424,0.18794433772563934,0.09595240652561188,0.4573724567890167,0.2675408720970154,0.018127581104636192,0.647311270236969,0.7107663750648499,2.052720546722412,0.42073854804039,0.8941243886947632,0.022272439673542976,0.8378232717514038,0.9710416793823242,0.35373637080192566,0.9621299505233765,1.6376644372940063,0.5040245056152344,0.11829578876495361,1.243628978729248,0.480724960565567,0.7944642305374146,0.11268599331378937,0.8010665774345398,1.0756970643997192,0.9330025315284729,0.7766342163085938,0.6763880848884583
0.5581965446472168,1.2006020545959473,0.0750218853354454,0.10104828327894211,1.0890635251998901,0.3887137770652771,1.9639246463775635,3.8944814205169678,0.48220816254615784,0.5620527863502502,0.39463526010513306,0.08029051125049591,1.0979888439178467,0.00039999998989515007,0.3098472058773041,0.5386688709259033,0.580570638179779,2.5247273445129395,0.3332439959049225,0.6907604932785034,0.7040277123451233,0.09266578406095505,0.31435391306877136,0.06809253245592117,1.5594663619995117,0.49055877327919006,0.09990759193897247,0.5535553693771362,1.407069206237793,0.3806958794593811,0.24205942451953888,0.46355903148651123,0.3239435851573944,0.3222343325614929,0.8472468852996826,1.1324559450149536,1.0526233911514282,2.021697521209717,1.7073860168457031,0.7207839488983154,0.665015697479248,0.6958582401275635,1.218153715133667,0.9496248960494995,0.8921155333518982,1.1227407455444336,0.3328968584537506,0.707227885723114,1.1418343782424927,0.8229645490646362,1.4382197856903076,0.23178093135356903,0.3192509114742279,1.217042326927185,0.9363855123519897,0.6728578805923462,0.13793474435806274
0.05341479182243347,0.2613658010959625,0.4071924388408661,0.9811237454414368,0.9184272885322571,0.7525596022605896,0.4011179804801941,5.767012119293213,0.40589356422424316,0.46772632002830505,0.30905085802078247,0.8160077333450317,0.44203224778175354,0.00039999998989515007,0.5550481081008911,0.5564924478530884,0.12133090198040009,3.9469380378723145,0.38046392798423767,0.10762838274240494,0.09392865002155304,0.818333625793457,0.24406763911247253,0.47473472356796265,1.340062141418457,0.13724374771118164,0.12501628696918488,0.5287097096443176,0.2369614839553833,0.2606791853904724,0.5007034540176392,0.013463837094604969,0.605925977230072,0.36348849534988403,0.7266510128974915,0.35940831899642944,0.803238570690155,1.59373939037323,0.7983645796775818,1.1349600553512573,0.8603159785270691,0.1780289113521576,0.21400780975818634,0.196724072098732,0.09128953516483307,1.1962417364120483,0.6498494744300842,0.27929601073265076,0.5096756219863892,0.8076391816139221,0.08963501453399658,0.07795392721891403,0.22164608538150787,0.46002525091171265,0.4034949243068695,0.19901104271411896,0.0061324117705225945
0.003221470396965742,0.3854008913040161,0.22620734572410583,1.0072046518325806,0.9011268019676208,0.6147575974464417,0.6939085721969604,5.619770526885986,0.06143569201231003,0.41136670112609863,0.12895670533180237,0.0757819265127182,0.5252110362052917,0.00039999998989515007,0.8247159719467163,1.2817416191101074,0.19939522445201874,3.930884599685669,0.09019734710454941,0.10945731401443481,0.18938985466957092,0.6515404582023621,0.17281286418437958,0.1478000283241272,1.3048710823059082,0.11825337260961533,0.47568657994270325,0.06744320690631866,0.7361530065536499,0.793765664100647,0.15528574585914612,0.07688019424676895,0.6606364250183105,0.20273107290267944,0.3025323450565338,0.7030705213546753,0.7222198843955994,1.4047776460647583,1.0830063819885254,0.8046392202377319,0.4986144006252289,0.13164323568344116,0.4945659935474396,0.050128232687711716,0.3450738787651062,0.8156609535217285,0.1711137592792511,0.7202794551849365,0.8081265091896057,1.1351147890090942,0.06326118856668472,0.035908106714487076,0.3945276737213135,1.0142165422439575,0.6584659218788147,0.001765824039466679,0.1581590473651886
0.11582588404417038,0.5339280962944031,0.3563637435436249,0.33593320846557617,1.424310564994812,0.8296332955360413,0.24752432107925415,5.559509754180908,0.34008699655532837,0.5350870490074158,0.4921298921108246,0.34472906589508057,0.16541431844234467,0.00039999998989515007,0.06298772990703583,0.6957484483718872,0.284464955329895,3.097412109375,0.5774090886116028,0.00641267467290163,0.2840445935726166,0.029172083362936974,0.6536714434623718,0.21841634809970856,1.7965342998504639,0.18817545473575592,0.050117556005716324,0.5291385054588318,0.7118233442306519,0.42633774876594543,0.037478942424058914,0.30723366141319275,0.7784517407417297,0.384575217962265,0.1875639110803604,0.9551186561584473,0.5629941821098328,1.470953345298767,0.6723105311393738,1.105577826499939,0.6457778215408325,1.0882868766784668,0.012205075472593307,0.02603292651474476,0.6281650066375732,1.1824257373809814,0.07875717431306839,0.1695796251296997,0.8374080657958984,0.795861542224884,0.12952876091003418,0.3756108582019806,0.9688160419464111,0.684921383857727,1.5015870332717896,1.0043330192565918,0.13521058857440948
0.4078495502471924,0.49935466051101685,0.05535951629281044,1.0014426708221436,1.2344155311584473,0.5863248109817505,0.5497379899024963,5.394035339355469,0.410426527261734,0.19530054926872253,0.5506174564361572,0.21850499510765076,0.23857492208480835,0.00039999998989515007,0.6614287495613098,1.0585083961486816,0.04941077157855034,3.8600807189941406,0.3977624475955963,0.03143603354692459,0.013793948106467724,0.9360443353652954,0.07825863361358643,0.31316742300987244,1.1123840808868408,0.1994876265525818,0.7363953590393066,0.11905653029680252,0.6715375781059265,0.7998211979866028,0.33253833651542664,0.09985049068927765,0.6828175783157349,0.06411419063806534,0.23348458111286163,0.29283639788627625,0.8969608545303345,1.3317681550979614,0.8639238476753235,1.0063241720199585,0.9397302865982056,0.02157994545996189,0.5177748799324036,0.326518177986145,0.260505348443985,0.9879155158996582,0.11811217665672302,0.8689755201339722,0.920842170715332,0.8672524690628052,0.44275715947151184,0.04986308142542839,0.40076592564582825,1.2454546689987183,0.8190193772315979,0.05613230913877487,0.4736022353172302
0.14448967576026917,0.019251655787229538,0.10642863810062408,0.7349722385406494,0.6412069797515869,0.8093679547309875,0.0257102083414793,5.669156074523926,0.4408290684223175,0.10895788669586182,0.7371180653572083,1.275680661201477,0.1779620349407196,0.00039999998989515007,0.3263043761253357,0.4551750421524048,0.21291005611419678,3.8486459255218506,0.8920465707778931,0.039099786430597305,0.06825252622365952,0.12836959958076477,0.3863407373428345,0.07759983837604523,1.4122928380966187,0.30055469274520874,0.3096427917480469,0.5648090243339539,0.5164450407028198,0.20096908509731293,0.7121424078941345,0.3563425540924072,0.7843032479286194,0.41321900486946106,1.174587607383728,0.3662111163139343,0.35060983896255493,1.5610922574996948,0.9988881349563599,0.6796759963035583,0.504253625869751,0.32700538635253906,0.3432483375072479,0.3905806839466095,0.380553662776947,1.2987569570541382,0.47963663935661316,0.040162138640880585,0.5357071161270142,1.0565717220306396,0.607384979724884,0.1156175285577774,0.6628497838973999,0.11311009526252747,0.8071902394294739,0.19541075825691223,0.02799716405570507
0.2539496123790741,0.22507517039775848,0.026027144864201546,1.0167449712753296,0.913179874420166,0.7936952710151672,0.36925238370895386,5.582339286804199,0.08023714274168015,0.33480194211006165,0.4175218641757965,0.028979124501347542,0.36127790808677673,0.00039999998989515007,0.7121390700340271,1.4706320762634277,0.024414844810962677,3.795130491256714,0.19302135705947876,0.002005813643336296,0.05472223833203316,0.6565626859664917,0.06597573310136795,0.02252334915101528,1.4226584434509277,0.030488288030028343,0.6771430969238281,0.018886970356106758,0.676270067691803,0.8932281136512756,0.1774051934480667,0.0023792239371687174,0.8644148707389832,0.3134869933128357,0.2526569962501526,0.6025345921516418,0.7032455801963806,1.2789196968078613,0.9659621715545654,0.8885749578475952,0.5854906439781189,0.15450569987297058,0.21647827327251434,0.17801301181316376,0.2441520392894745,0.8097044229507446,0.08887620270252228,0.7152687311172485,0.9072298407554626,1.1750632524490356,0.09689729660749435,0.08075927942991257,0.6781437993049622,1.03056001663208,0.8669613599777222,0.08760451525449753,0.35951167345046997
0.10433384031057358,0.13230696320533752,0.24863272905349731,0.9050893187522888,0.9245405793190002,0.9761538505554199,0.3208632171154022,5.767248630523682,0.16107359528541565,0.39234688878059387,0.5079153776168823,0.5718036890029907,0.4272913634777069,0.00039999998989515007,0.6646285057067871,0.9220080971717834,0.11815905570983887,3.7573628425598145,0.26670950651168823,0.06647498905658722,0.09749122709035873,0.7904541492462158,0.16183175146579742,0.20866353809833527,1.5077378749847412,0.3162229061126709,0.31788209080696106,0.4423433840274811,0.31432920694351196,0.47486281394958496,0.4556899964809418,0.028969168663024902,0.8559401035308838,0.38500767946243286,0.48144012689590454,0.4358975887298584,0.8214614987373352,1.5595582723617554,0.9191882610321045,1.0671690702438354,0.8548833727836609,0.24777726829051971,0.049571555107831955,0.10325393080711365,0.10310351848602295,1.1268224716186523,0.4735347032546997,0.3441392481327057,0.5814146399497986,0.9772234559059143,0.12757234275341034,0.052886903285980225,0.6499457359313965,0.5171799063682556,0.5841261148452759,0.1243295893073082,0.17009131610393524
0.06918984651565552,0.43683362007141113,0.4369504749774933,0.8685615062713623,0.9573461413383484,0.9082762598991394,0.4406552314758301,5.690646171569824,0.05970625951886177,0.3869580328464508,0.23760944604873657,0.3561958372592926,0.4113564193248749,0.00039999998989515007,0.8076686859130859,1.0486130714416504,0.24598436057567596,3.873831033706665,0.220651775598526,0.10062025487422943,0.05699959397315979,0.7149102687835693,0.12150648981332779,0.14014247059822083,1.4397609233856201,0.14432956278324127,0.17532378435134888,0.2869855463504791,0.31249529123306274,0.5275887250900269,0.35543522238731384,0.03816618770360947,0.7768849730491638,0.36970415711402893,0.4918712079524994,0.6383066177368164,0.7076241374015808,1.6661254167556763,1.1456354856491089,0.7724655270576477,0.5613855719566345,0.3982413113117218,0.01931559480726719,0.11509230732917786,0.2865388095378876,1.148181438446045,0.47257208824157715,0.37354856729507446,0.5891371369361877,1.127219796180725,0.2699778974056244,0.07203942537307739,0.5127686262130737,0.5338674783706665,0.5819752216339111,0.14761193096637726,0.015912853181362152
0.016306648030877113,0.138932466506958,0.7843281030654907,1.405109167098999,0.29332271218299866,0.9267955422401428,0.4404814839363098,4.8162689208984375,0.3072192668914795,1.1820616722106934,0.3829111158847809,0.23667459189891815,0.8798098564147949,0.00039999998989515007,1.4421578645706177,1.2080274820327759,0.678380012512207,3.1008384227752686,0.3797867000102997,0.2846527695655823,0.29393330216407776,1.4931334257125854,0.5776894688606262,0.4899660646915436,1.6001793146133423,0.04117010906338692,0.9786898493766785,0.28025075793266296,0.12326795607805252,1.0501044988632202,0.5936488509178162,0.28305909037590027,0.9784403443336487,0.41389769315719604,0.595454216003418,0.276704877614975,0.7879965901374817,1.0877794027328491,0.8369013071060181,1.1088937520980835,0.47110727429389954,0.35168254375457764,0.3002490997314453,0.27292606234550476,0.6285444498062134,0.32500454783439636,1.3019115924835205,0.23583665490150452,0.5098361968994141,0.9272358417510986,1.3309634923934937,0.8608366250991821,0.21409158408641815,0.09635662287473679,0.39456993341445923,0.7540038824081421,0.519909679889679
0.16863270103931427,0.06726837903261185,0.9107096791267395,1.23968505859375,0.42788398265838623,0.9029407501220703,0.07643018662929535,5.24389123916626,0.7484484910964966,1.0107184648513794,0.6559659242630005,0.05922914296388626,1.1437252759933472,0.00039999998989515007,1.3088918924331665,1.3202712535858154,0.464824378490448,3.422405481338501,0.09623371809720993,0.03491107374429703,0.0657520592212677,1.4612938165664673,0.2678318917751312,0.42285633087158203,1.452355146408081,0.19820788502693176,0.7038010954856873,0.428743839263916,0.3610958158969879,0.7423437237739563,0.3991885483264923,0.30050748586654663,0.725174069404602,0.29740169644355774,0.26155805587768555,0.5531119704246521,0.8724086284637451,1.434584379196167,0.6865499019622803,0.7476990818977356,0.09119663387537003,0.08928655087947845,0.1814335435628891,0.008185837417840958,0.3031158447265625,0.5966867804527283,1.0459750890731812,0.0038381461054086685,0.3830068111419678,1.0895754098892212,0.915377676486969,0.5155386924743652,0.12467075884342194,0.13908173143863678,0.35825997591018677,0.4420824348926544,0.6632335782051086
0.24359866976737976,0.8304248452186584,0.0753498300909996,0.7518860101699829,1.0503066778182983,0.7525452971458435,0.538634717464447,5.1029052734375,0.25980865955352783,0.24824343621730804,0.18106776475906372,0.4915335476398468,0.10302618145942688,0.00039999998989515007,0.06708203256130219,0.7083101272583008,0.4247356057167053,3.5689570903778076,0.2072591781616211,0.21022875607013702,0.357159823179245,0.20128291845321655,0.8537334203720093,0.02935635671019554,1.0259358882904053,0.1564479023218155,0.3017606735229492,0.43473881483078003,0.35459598898887634,0.22814373672008514,0.02467624843120575,0.4673597514629364,0.9059616327285767,0.2441478669643402,0.01466562133282423,0.5934386849403381,0.6717586517333984,2.109273910522461,0.6544639468193054,0.7355301976203918,0.17958037555217743,0.8899136781692505,0.23744598031044006,0.1392531841993332,0.944034218788147,1.9166548252105713,0.20821411907672882,0.11071924865245819,1.5141040086746216,0.6296729445457458,0.6222092509269714,0.026147598400712013,0.2991296947002411,0.9343492388725281,1.4367799758911133,0.5526357293128967,0.361207515001297
0.2961459159851074,0.4827736020088196,0.12034926563501358,0.9056565165519714,1.316672444343567,1.0629520416259766,0.5247800350189209,5.422976493835449,0.18765689432621002,0.27821090817451477,0.1321500837802887,0.17181828618049622,0.6158692240715027,0.00039999998989515007,0.6476501822471619,1.2054144144058228,0.20440495014190674,3.5428879261016846,0.019632766023278236,0.16326412558555603,0.05468335375189781,0.9362020492553711,0.2702283263206482,0.1917581707239151,1.63563871383667,0.11942176520824432,0.4331718981266022,0.2944304049015045,0.29412761330604553,0.5151805281639099,0.21131235361099243,0.22174611687660217,0.7177301049232483,0.26173484325408936,0.009049122221767902,0.5623700022697449,0.990781843662262,1.5813485383987427,0.9934408664703369,1.1639959812164307,0.5916310548782349,0.5068579912185669,0.20113332569599152,0.0517297089099884,0.25714489817619324,0.989184558391571,0.341060072183609,0.46641460061073303,0.7807056903839111,1.1594940423965454,0.01076908502727747,0.21081314980983734,0.5462793707847595,0.9024022817611694,0.8090019226074219,0.1948317289352417,0.0831492617726326
0.18776169419288635,0.016928236931562424,0.2104199230670929,1.1892458200454712,0.8329861164093018,1.0609434843063354,0.048626918345689774,5.456516265869141,0.4781155288219452,0.5334821343421936,0.8415687680244446,0.5767368078231812,0.1372309774160385,0.00039999998989515007,0.7135941386222839,0.7266932725906372,0.3626314103603363,3.6749935150146484,0.3587726354598999,0.10442468523979187,0.36549025774002075,0.8432855606079102,0.16860274970531464,0.3460724353790283,1.374455213546753,0.4057106375694275,0.45557570457458496,0.49177321791648865,0.1724802851676941,0.5947374105453491,0.5482020378112793,0.05959491804242134,1.1013070344924927,0.3452009856700897,0.7617788314819336,0.05451185256242752,0.8338015675544739,1.2627756595611572,0.8307791352272034,1.236911416053772,1.0842417478561401,0.15672363340854645,0.28437328338623047,0.24751055240631104,0.10896624624729156,1.0737941265106201,0.6604245901107788,0.4095849394798279,0.6760656237602234,0.9469170570373535,0.28931763768196106,0.226359024643898,0.6007997393608093,0.6296001672744751,0.6068794131278992,0.4040524661540985,0.26781877875328064
0.25818392634391785,0.24106012284755707,0.03185487166047096,0.9506170749664307,1.1274601221084595,1.1172608137130737,0.34166932106018066,5.5231828689575195,0.042336687445640564,0.2931559085845947,0.47974294424057007,0.45141956210136414,0.4132048189640045,0.00039999998989515007,0.5660449862480164,1.1234134435653687,0.31469202041625977,3.492791175842285,0.1368786096572876,0.13864949345588684,0.03257032856345177,0.77395099401474,0.3546159267425537,0.1206531897187233,1.6334916353225708,0.35878250002861023,0.3658624589443207,0.44190505146980286,0.30924493074417114,0.49314752221107483,0.37222740054130554,0.04464351013302803,0.9641605019569397,0.34593039751052856,0.2268027663230896,0.4829566776752472,0.9247925281524658,1.4957358837127686,0.9160645008087158,1.1841589212417603,0.6990807056427002,0.4519816040992737,0.0465129092335701,0.02570292539894581,0.2454155534505844,1.043737530708313,0.3791736960411072,0.3562449514865875,0.7815295457839966,1.148315191268921,0.03684048354625702,0.23076166212558746,0.7756099700927734,0.8119761943817139,0.870663583278656,0.14134438335895538,0.19177694618701935
0.2224009931087494,0.9175168871879578,0.19493848085403442,0.6245706081390381,1.6482748985290527,0.6097953915596008,0.8160014748573303,4.679663181304932,0.7368772029876709,0.37422648072242737,0.6969921588897705,1.109683871269226,0.6118643879890442,0.00039999998989515007,0.3399301767349243,0.14395150542259216,0.3053815960884094,3.5128262042999268,0.536476731300354,0.5791336894035339,0.18969714641571045,0.11946464329957962,1.2901833057403564,0.24048537015914917,1.105311393737793,0.11974497139453888,0.7841193079948425,1.056687593460083,0.4788256585597992,0.4743606448173523,0.9326229691505432,0.2407219111919403,0.09469383955001831,0.050019994378089905,0.663475751876831,0.34297892451286316,0.5038970708847046,1.4960718154907227,0.5353518724441528,1.0041699409484863,0.4293670952320099,0.8030067682266235,0.31072574853897095,0.2735960781574249,1.0678744316101074,1.5644662380218506,0.39076000452041626,0.011389722116291523,0.9246279001235962,0.8073105812072754,0.3153027892112732,0.449968159198761,0.036034584045410156,0.998297393321991,1.0502159595489502,1.031493067741394,0.0905476063489914
0.14989595115184784,1.0575764179229736,0.6959289908409119,0.3616170883178711,0.1743505597114563,0.9039307832717896,0.3354974687099457,4.543374538421631,0.11325967311859131,0.626211404800415,1.553629994392395,0.8205458521842957,0.0029592893552035093,0.00039999998989515007,0.3945516347885132,0.9170080423355103,0.20525604486465454,2.125260591506958,0.37300142645835876,0.3402097821235657,0.13130922615528107,0.47580254077911377,0.016983292996883392,0.9158273935317993,1.1842865943908691,1.1323015689849854,0.859130859375,0.0762694701552391,0.9209603071212769,0.9967988729476929,1.410408616065979,0.6630982756614685,2.500804901123047,0.34558671712875366,0.25443756580352783,0.6692706942558289,0.6774320006370544,0.8539873361587524,1.2184029817581177,0.22629639506340027,1.09134042263031,0.1475752890110016,0.7228697538375854,0.1502976417541504,0.3571871221065521,0.7046722769737244,0.8331360816955566,0.15281659364700317,0.014976057223975658,1.130872130393982,0.3558609187602997,0.5510197281837463,2.3844237327575684,0.5749325156211853,0.8847222328186035,0.17579436302185059,1.0513112545013428
0.0878407284617424,0.16145196557044983,0.17036324739456177,1.0352669954299927,0.9263589382171631,0.9354242086410522,0.19285047054290771,5.5795488357543945,0.4269019067287445,0.5252159833908081,0.7576090693473816,0.78469318151474,0.0714598298072815,0.00039999998989515007,0.5792503356933594,0.7796911001205444,0.05502534285187721,3.795448064804077,0.3646692931652069,0.017173944041132927,0.21778742969036102,0.6837648749351501,0.3410332202911377,0.22368226945400238,1.3803428411483765,0.5533906817436218,0.178161159157753,0.5582848191261292,0.14933335781097412,0.4218979775905609,0.7466171979904175,0.00657183863222599,1.0111360549926758,0.5261242389678955,0.8708206415176392,0.32330355048179626,0.6905604004859924,1.2547942399978638,0.8448978662490845,1.1197470426559448,0.9466162323951721,0.17754581570625305,0.1937972456216812,0.06810964643955231,0.11614354699850082,1.0235700607299805,0.6312100887298584,0.37136322259902954,0.4895114600658417,1.1089744567871094,0.34344643354415894,0.1139088049530983,0.6257703304290771,0.622585117816925,0.43914496898651123,0.26927319169044495,0.2699647843837738
0.16827969253063202,0.5571211576461792,0.21444126963615417,0.6331666707992554,0.7336997985839844,0.7194492816925049,0.5913617610931396,5.190545082092285,0.2816218137741089,0.07076656818389893,0.07529702037572861,1.263052225112915,0.010821769945323467,0.00039999998989515007,0.15119123458862305,0.19130566716194153,0.5495765805244446,3.8058149814605713,0.843169629573822,0.2089783251285553,0.24031895399093628,0.39926689863204956,0.5806090235710144,0.10392047464847565,1.284383773803711,0.16855891048908234,0.9885848760604858,0.5892202258110046,0.4055820405483246,0.33888867497444153,0.35500654578208923,0.45808714628219604,0.23015257716178894,0.12121862173080444,0.6068304777145386,0.6086995005607605,0.21496589481830597,1.8606250286102295,0.9931005239486694,0.4147105813026428,0.3354501724243164,0.7218432426452637,0.12629443407058716,0.7523435950279236,0.9631574749946594,1.5670801401138306,0.5058070421218872,0.33738863468170166,0.9752531051635742,1.2160969972610474,0.30971717834472656,0.2286166101694107,0.0745324045419693,0.31573957204818726,0.9203699827194214,0.7089401483535767,0.679569661617279
0.06380638480186462,0.25087347626686096,0.18112529814243317,1.2590125799179077,0.6626179814338684,0.9812375903129578,0.1053318902850151,5.350125789642334,0.7214041948318481,0.7564523816108704,0.8826261162757874,0.6887415647506714,0.12297454476356506,0.00039999998989515007,0.6086028814315796,0.7374445199966431,0.22555164992809296,3.710008144378662,0.6150107979774475,0.15998372435569763,0.3656753599643707,0.5877434015274048,0.21379363536834717,0.31329211592674255,1.434242606163025,0.45235803723335266,0.12208603322505951,0.6972541809082031,0.16908833384513855,0.5668567419052124,0.5894089341163635,0.09344474226236343,1.1390842199325562,0.5601595044136047,1.1707416772842407,0.08938049525022507,0.5451256036758423,1.0426024198532104,0.8730126023292542,1.2405421733856201,1.0664472579956055,0.03805768862366676,0.37023356556892395,0.2745407223701477,0.10249320417642593,0.9313700199127197,0.920045018196106,0.42461952567100525,0.6347727179527283,1.0276256799697876,0.6788033246994019,0.18511317670345306,0.5242368578910828,0.4737308621406555,0.44770926237106323,0.5068666934967041,0.18330326676368713
0.2629190981388092,0.0058237710036337376,0.1117464080452919,0.8825212121009827,0.8765609264373779,0.9558373093605042,0.201539546251297,5.581801891326904,0.4915580153465271,0.6740683913230896,0.883638322353363,0.6205338835716248,0.28065329790115356,0.00039999998989515007,0.6473482847213745,0.9899660348892212,0.3147033751010895,3.7685811519622803,0.3399234414100647,0.026093238964676857,0.6290040016174316,0.7655953764915466,0.06706077605485916,0.022175787016749382,1.368087649345398,0.8369117379188538,0.44162416458129883,0.38890132308006287,0.2846331298351288,0.6363233327865601,0.6804361939430237,0.017042143270373344,1.044327974319458,0.5512152910232544,0.8882753849029541,0.2796171307563782,0.5662378072738647,0.9865285158157349,0.4519312083721161,1.1622180938720703,1.166786789894104,0.09641126543283463,0.3828960657119751,0.21252837777137756,0.34366899728775024,0.9549139142036438,0.801740288734436,0.26891595125198364,0.39013639092445374,1.0316392183303833,0.2819423973560333,0.17237624526023865,0.6403881311416626,0.5736947655677795,0.15740442276000977,0.3709624707698822,0.3224406838417053
0.9001572132110596,0.22981980443000793,0.12369593977928162,0.8952080607414246,0.6193812489509583,0.4889383316040039,0.14414048194885254,5.263725280761719,0.02574290707707405,0.18174999952316284,0.3231968283653259,0.10809479653835297,0.21560397744178772,0.00039999998989515007,0.0015671568689867854,0.656480610370636,0.7180595397949219,3.86344575881958,0.5189370512962341,0.25121593475341797,0.010663257911801338,0.1884082704782486,0.40873539447784424,0.1801820546388626,0.5040547847747803,0.17710278928279877,0.1827526092529297,0.45991837978363037,0.12277945131063461,0.5654164552688599,0.17088529467582703,0.5317816734313965,0.7308273911476135,0.9131321907043457,0.5335717797279358,0.15874923765659332,0.5381413102149963,1.5939301252365112,0.022828826680779457,0.374896764755249,0.13969504833221436,0.23258748650550842,0.028137899935245514,0.7656121253967285,0.5134575963020325,1.8738306760787964,0.16669398546218872,0.11004533618688583,1.658904790878296,0.5209140181541443,1.1442821025848389,0.5117730498313904,0.14994876086711884,1.3966467380523682,1.4202831983566284,0.2730579376220703,0.19501712918281555
0.1135769784450531,0.2984693646430969,0.5113065242767334,0.9911777377128601,0.7534112930297852,0.752434253692627,0.44487255811691284,5.851286888122559,0.09952466189861298,0.59083491563797,0.11129146814346313,0.5039839148521423,0.46960020065307617,0.00039999998989515007,0.9003250002861023,0.9823510646820068,0.17924806475639343,4.154687404632568,0.018200518563389778,0.033559609204530716,0.0705871433019638,0.7285618782043457,0.13559769093990326,0.3601090610027313,1.1256881952285767,0.2824845612049103,0.13016322255134583,0.15700186789035797,0.0727398619055748,0.5157240629196167,0.4291720688343048,0.07561499625444412,0.7681766152381897,0.12551134824752808,0.48520076274871826,0.42430439591407776,0.7117795944213867,1.4798002243041992,0.95054692029953,0.6007664799690247,0.22409406304359436,0.22887922823429108,0.0645543560385704,0.054464615881443024,0.24970553815364838,0.9771585464477539,0.5552316308021545,0.34092652797698975,0.5202641487121582,1.2325596809387207,0.12257101386785507,0.04705674946308136,0.2754931151866913,0.6076306700706482,0.33481132984161377,0.3255123496055603,0.10957912355661392
0.2566850185394287,0.14985087513923645,0.5735645890235901,1.0874470472335815,0.7440871596336365,0.858193576335907,0.4419931471347809,5.720910549163818,0.21385052800178528,0.7624734044075012,0.37861788272857666,0.5451078414916992,0.5136712193489075,0.00039999998989515007,0.9523956775665283,0.942156970500946,0.133592888712883,4.16540002822876,0.10514957457780838,0.0357540063560009,0.13952885568141937,0.9073770046234131,0.09206488728523254,0.5898554921150208,1.0158029794692993,0.4348204433917999,0.2245156317949295,0.3053264915943146,0.09572560340166092,0.46995627880096436,0.6316330432891846,0.02891828678548336,0.6317319273948669,0.14551757276058197,0.5502802133560181,0.1800144910812378,0.8302086591720581,1.2868094444274902,0.8493603467941284,0.7348913550376892,0.46590906381607056,0.0009788119932636619,0.11011025309562683,0.00406666612252593,0.002935621188953519,0.9342691898345947,0.6175149083137512,0.5299333333969116,0.36925143003463745,1.1407294273376465,0.03755813091993332,0.11779452115297318,0.19611363112926483,0.5848751664161682,0.07559780031442642,0.5613778829574585,0.14013731479644775
0.03896430879831314,0.5684796571731567,0.13824903964996338,0.44421660900115967,1.137613296508789,0.9981720447540283,0.5230796933174133,5.394751071929932,0.02353007346391678,0.25598838925361633,0.2851383090019226,0.6849063634872437,0.21716153621673584,0.00039999998989515007,0.7111455202102661,1.0400266647338867,1.1966485977172852,3.8380355834960938,0.4195087254047394,0.10255876928567886,0.00921119749546051,0.033976174890995026,0.056821491569280624,0.22733652591705322,1.6531164646148682,0.35277095437049866,0.3912088871002197,0.47422221302986145,0.3375510275363922,0.12666065990924835,0.6551767587661743,0.15040142834186554,0.21918286383152008,0.5945327281951904,0.6090973019599915,0.7574465870857239,0.3241872191429138,1.295049786567688,1.475032091140747,0.41894590854644775,0.06838739663362503,0.6463636159896851,0.15218833088874817,0.6986860632896423,0.47438883781433105,0.8365427851676941,0.3443717658519745,0.3913290798664093,0.366292268037796,1.8747087717056274,0.6634340882301331,0.5436778664588928,0.5203410983085632,0.4263915717601776,0.310543417930603,0.3692934811115265,0.09693881869316101
0.5158594846725464,0.6799702048301697,0.18650120496749878,1.257718801498413,1.1996153593063354,0.5570955276489258,0.191521555185318,5.249185085296631,0.1540358066558838,0.7172995805740356,0.4387551248073578,0.11226420849561691,0.02933373674750328,0.00039999998989515007,0.6999297738075256,1.2888764142990112,0.14737442135810852,4.095493316650391,0.45361050963401794,0.1784677952528,0.25687894225120544,1.0229572057724,0.1659388542175293,0.15693335235118866,1.0749390125274658,0.23224656283855438,0.5439541339874268,0.14672864973545074,0.09124862402677536,0.8486249446868896,0.5889744162559509,0.2842405438423157,0.7160152792930603,0.4022546410560608,0.7500269412994385,0.5229393839836121,0.4560766816139221,0.899524450302124,0.5414981842041016,0.8121495246887207,0.6890409588813782,0.32489511370658875,0.18540041148662567,0.7404361963272095,0.1104251816868782,0.8230381608009338,0.5438181161880493,0.6937065124511719,0.5986222624778748,1.372741937637329,0.3703806400299072,0.07631941139698029,0.218435600399971,1.3772809505462646,0.40548452734947205,0.2940828502178192,0.30993667244911194
0.7905808687210083,1.1761808395385742,0.2367834895849228,0.6358551979064941,0.5101897120475769,0.7793552279472351,0.8372014760971069,5.609665393829346,0.3165871798992157,0.6170063614845276,0.8886079788208008,0.9667350649833679,0.3508344292640686,0.00039999998989515007,0.6560907363891602,0.4560655355453491,0.47449520230293274,3.5343644618988037,0.09141704440116882,0.2490627020597458,0.6311128735542297,0.9496000409126282,0.2266419678926468,0.2514190673828125,0.5670714974403381,1.1932405233383179,0.8592647910118103,0.5324434041976929,0.9498765468597412,0.5654247999191284,1.3157204389572144,0.2709413170814514,1.3279253244400024,0.31515929102897644,0.6216742396354675,0.10492553561925888,0.6222206950187683,0.6835795640945435,0.19402097165584564,0.6712602376937866,0.882534384727478,0.40276676416397095,0.5687869787216187,0.5969676375389099,0.47138816118240356,0.9610094428062439,0.24386011064052582,0.1890886425971985,0.43462035059928894,0.7856908440589905,0.230519637465477,0.16475044190883636,0.6136566400527954,0.41906020045280457,0.1949404925107956,0.883478581905365,0.37585002183914185
0.15744830667972565,0.27131304144859314,0.4975842833518982,1.3714709281921387,0.8496125340461731,0.9307489991188049,0.15259326994419098,5.069876194000244,0.6476395130157471,1.1785873174667358,0.7330556511878967,0.39788731932640076,0.2914474904537201,0.00039999998989515007,0.8987699151039124,0.9910908341407776,0.05585729330778122,3.7417044639587402,0.23120459914207458,0.0727553591132164,0.5418373942375183,1.0398404598236084,0.004580322653055191,0.5465274453163147,1.232507586479187,0.6274441480636597,0.2347124218940735,0.34161072969436646,0.2636844515800476,0.725567638874054,0.8780033588409424,0.05162292718887329,0.7754529714584351,0.2809183895587921,0.9358212351799011,0.11957032233476639,0.6637318730354309,0.8882759809494019,0.6613729596138,1.105574369430542,1.1065034866333008,0.12046665698289871,0.054236069321632385,0.5797479152679443,0.2627771198749542,0.9211753010749817,0.9734811782836914,0.6199215054512024,0.4085443317890167,1.229019045829773,0.16142454743385315,0.26459255814552307,0.10521756112575531,0.9813491702079773,0.06250496208667755,0.8301265835762024,0.20983731746673584
0.49011996388435364,0.0676678717136383,0.45583057403564453,1.1470000743865967,0.7123048901557922,0.91473788022995,0.06897573173046112,5.108621120452881,0.4707428514957428,1.2566176652908325,1.1650950908660889,0.6524380445480347,0.05346251651644707,0.00039999998989515007,0.736007809638977,0.6691161394119263,0.23375318944454193,3.8394627571105957,0.13750424981117249,0.22922693192958832,0.8999963402748108,0.9481890201568604,0.13096104562282562,0.46108028292655945,0.8049436211585999,0.9118138551712036,0.035040587186813354,0.09989092499017715,0.7463839054107666,0.40419095754623413,1.384511947631836,0.009585474617779255,0.6367088556289673,0.37083035707473755,1.3039029836654663,0.11017485707998276,0.47180259227752686,0.7869054675102234,0.4175277054309845,0.7123756408691406,1.130670428276062,0.01639050804078579,0.14593978226184845,0.46738892793655396,0.5351495146751404,0.9223315715789795,0.8373793363571167,0.42113468050956726,0.3008674383163452,1.1686811447143555,0.23825979232788086,0.043956220149993896,0.24136382341384888,0.46929147839546204,0.5601741671562195,1.0026161670684814,0.4617425501346588
0.23540979623794556,0.17013107240200043,0.6371840834617615,1.1792808771133423,0.7750402092933655,0.8716620206832886,0.28667116165161133,5.3581061363220215,0.36079540848731995,0.9888490438461304,0.4434540569782257,0.6212866306304932,0.4808415472507477,0.00039999998989515007,0.9229907393455505,1.0000052452087402,0.05363025888800621,3.925215005874634,0.008992323651909828,0.09278550744056702,0.26959455013275146,1.0151307582855225,0.16533559560775757,0.6021480560302734,1.1050746440887451,0.631549060344696,0.20536790788173676,0.22391687333583832,0.2892796993255615,0.5589394569396973,0.8646817803382874,0.022352026775479317,0.8298885226249695,0.23541459441184998,0.7715778350830078,0.23196671903133392,0.8803284168243408,1.2247812747955322,0.7796937823295593,0.8280059695243835,0.6790730357170105,0.07536176592111588,0.007186842150986195,0.25678449869155884,0.08258305490016937,1.025090217590332,0.8094891309738159,0.45789459347724915,0.301217257976532,1.2647570371627808,0.100996233522892,0.15929342806339264,0.18306754529476166,0.7206726670265198,0.02651134692132473,0.738706111907959,0.1066836342215538
0.17829185724258423,0.29577428102493286,0.9114350080490112,1.2882673740386963,0.0621110238134861,0.46349459886550903,0.3778470754623413,3.962144136428833,0.3301709294319153,1.3591276407241821,0.01435257401317358,0.8741713166236877,0.7361732125282288,0.00039999998989515007,1.7751199007034302,1.5294753313064575,0.22470854222774506,2.838747978210449,0.23660174012184143,0.3363878130912781,0.27334511280059814,1.4236257076263428,0.7952708005905151,0.5499173998832703,0.7929877638816833,0.1542447805404663,1.2474795579910278,0.9446951746940613,0.23813818395137787,1.8486857414245605,0.16619627177715302,0.26549965143203735,1.643458366394043,0.3325354754924774,0.611739993095398,0.14531290531158447,0.8149409890174866,0.5565680861473083,0.903714656829834,0.3561876118183136,0.7099400162696838,0.5432013273239136,0.121954545378685,1.1310218572616577,0.5764732360839844,0.2218235284090042,1.0109559297561646,0.6910058856010437,0.20934239029884338,1.1059784889221191,0.3066430389881134,1.0411145687103271,0.2205742597579956,0.9310916662216187,0.04945164918899536,1.689097285270691,0.13324861228466034
0.2040400356054306,0.13290822505950928,0.5061085224151611,1.226169466972351,0.7985456585884094,0.9478242993354797,0.3206588327884674,5.383325099945068,0.3482862710952759,0.9632297158241272,0.5391918420791626,0.6990726590156555,0.4616590142250061,0.00039999998989515007,0.8759090304374695,1.0182757377624512,0.09907324612140656,3.807283878326416,0.028988463804125786,0.143569678068161,0.2485610544681549,1.0353732109069824,0.2393224537372589,0.5994840264320374,1.2256495952606201,0.6700835824012756,0.23481717705726624,0.4245554804801941,0.16379939019680023,0.5313110947608948,0.7957396507263184,0.04879328981041908,0.8398716449737549,0.3074007034301758,0.7523006796836853,0.21219436824321747,0.9266672730445862,1.2089258432388306,0.7682482600212097,0.9862949848175049,0.7099225521087646,0.10818901658058167,0.02399061620235443,0.1335444152355194,0.05325933173298836,0.9496355056762695,0.8224344849586487,0.4821230173110962,0.3899872601032257,1.23038649559021,0.10786253958940506,0.06087571382522583,0.33427760004997253,0.7111814618110657,0.11674580723047256,0.580888569355011,0.17283380031585693
0.34339621663093567,0.13779328763484955,0.5279066562652588,1.1227632761001587,0.8065872192382812,0.9565526843070984,0.2571241855621338,5.420499324798584,0.15768097341060638,0.8960286974906921,0.4285137355327606,0.5207726955413818,0.518386960029602,0.00039999998989515007,0.9368318319320679,1.256871223449707,0.06601579487323761,3.9109432697296143,0.18750177323818207,0.23975487053394318,0.1295381784439087,1.003331184387207,0.2834903597831726,0.5547078847885132,1.0602667331695557,0.5764370560646057,0.29681524634361267,0.1854366511106491,0.24683405458927155,0.7044309973716736,0.971942126750946,0.057239580899477005,0.9238308072090149,0.2165619283914566,0.6185079216957092,0.22307905554771423,0.9610335230827332,1.171114206314087,0.884351909160614,0.7287780046463013,0.5232912302017212,0.1837364286184311,0.07150816917419434,0.31185394525527954,0.015487016178667545,0.9014756679534912,0.5870336890220642,0.5636584758758545,0.2418231964111328,1.337223768234253,0.04052900895476341,0.011670080944895744,0.3365356922149658,0.7421677112579346,0.033387690782547,0.6930456161499023,0.24310241639614105
0.08629504591226578,0.4163827896118164,0.004878716077655554,0.6113238334655762,1.161779761314392,1.3272885084152222,0.5604557394981384,5.248687267303467,0.044108930975198746,0.41757655143737793,0.7560563087463379,0.6714211702346802,0.2652757167816162,0.00039999998989515007,0.6370324492454529,1.2581881284713745,0.6746345162391663,3.395231008529663,0.3364409804344177,0.040735792368650436,0.1042468473315239,0.2305801510810852,0.16541384160518646,0.028199337422847748,1.8869484663009644,0.6118258833885193,0.1277557611465454,0.9418650269508362,0.38100361824035645,0.33024072647094727,0.724440336227417,0.275873601436615,0.5357819199562073,0.8095985651016235,0.5109408497810364,0.6624518632888794,0.6870948076248169,1.0840994119644165,1.39042067527771,0.9638406038284302,0.6190469861030579,0.6191919445991516,0.12635153532028198,0.5179281234741211,0.22651083767414093,0.7361299395561218,0.3790867328643799,0.6509317755699158,0.4293895661830902,1.7014148235321045,0.4724300503730774,0.5784929394721985,0.8979324102401733,0.5616645216941833,0.3573352098464966,0.23514020442962646,0.37509897351264954
0.2032298743724823,0.25969529151916504,0.5830497145652771,1.112579584121704,0.7691299319267273,0.9191834926605225,0.5617594122886658,5.539764404296875,0.09277471899986267,0.7296042442321777,0.11685775965452194,0.5090566277503967,0.6879692673683167,0.00039999998989515007,0.9960135817527771,1.0333973169326782,0.032732535153627396,3.946218252182007,0.14882127940654755,0.07747723907232285,0.046807460486888885,0.9368261098861694,0.14608816802501678,0.6505247950553894,1.1319661140441895,0.3650555908679962,0.22795899212360382,0.2969527542591095,0.04037252813577652,0.5975914597511292,0.4211488962173462,0.04234649986028671,0.7439987063407898,0.060937996953725815,0.31318792700767517,0.2973204553127289,1.0162392854690552,1.4881705045700073,0.988347589969635,0.7946391701698303,0.2859712839126587,0.11883154511451721,0.23242808878421783,0.07287877053022385,0.17122258245944977,0.9906021356582642,0.5949020981788635,0.49592262506484985,0.6091763377189636,1.1948540210723877,0.0761670172214508,0.0967789739370346,0.21353599429130554,0.7151957154273987,0.29664045572280884,0.4348903000354767,0.012451010756194592
0.011355283670127392,0.11228901147842407,0.547243595123291,1.1746066808700562,0.6915725469589233,0.7778728008270264,0.18126533925533295,5.389380931854248,0.6344484686851501,0.9144795536994934,0.3019866943359375,0.8263096809387207,0.5252501964569092,0.00039999998989515007,0.8471336960792542,0.542984127998352,0.3812357783317566,3.9117963314056396,0.337289959192276,0.10289733856916428,0.3779272437095642,1.0010807514190674,0.06967539340257645,0.6656677722930908,1.1512317657470703,0.6456210017204285,0.31258460879325867,0.4138637185096741,0.2501797378063202,0.543506920337677,0.5031769275665283,0.04497643932700157,0.8048574924468994,0.2938990592956543,0.8646364808082581,0.11420691758394241,0.874783456325531,1.2741559743881226,0.5784125924110413,1.2125191688537598,0.869482696056366,0.249325692653656,0.0007793082040734589,0.022515958175063133,0.23145873844623566,1.006879448890686,1.0685712099075317,0.30318203568458557,0.48256340622901917,0.8994652628898621,0.2265663594007492,0.48059043288230896,0.0026853529270738363,0.5427523851394653,0.005681485868990421,0.6582590341567993,0.008920966647565365
0.19791258871555328,0.681078314781189,0.6529658436775208,1.3561935424804688,0.6868320107460022,0.8483932614326477,0.8272821307182312,4.975722312927246,0.3430399000644684,0.6312982439994812,0.08533141016960144,1.1562080383300781,0.21172668039798737,0.00039999998989515007,0.23285064101219177,0.4417916536331177,0.15568149089813232,4.012935161590576,0.07594793289899826,0.5061635375022888,0.21324682235717773,0.501184344291687,1.0325675010681152,0.9132007956504822,0.7056229114532471,0.14375554025173187,0.897610604763031,0.9408058524131775,0.23544496297836304,0.31341850757598877,0.4347418248653412,0.28908291459083557,0.004499579779803753,0.12611228227615356,0.5085411667823792,0.04130684584379196,0.756270170211792,1.728892207145691,0.5371765494346619,0.6870146989822388,0.30263054370880127,0.5547440052032471,0.08751168847084045,0.1964976042509079,0.6360270380973816,1.587734341621399,0.8114838600158691,0.09521005302667618,1.0599960088729858,0.7962756752967834,0.2164609581232071,0.009324810467660427,0.5287062525749207,0.47671666741371155,0.5582721829414368,0.08142251521348953,0.4796846807003021
0.3547084629535675,0.1505284458398819,0.5075907707214355,1.2085355520248413,0.9173619151115417,0.9318992495536804,0.412180632352829,5.520050048828125,0.2071884274482727,0.7709510326385498,0.36959221959114075,0.5798037648200989,0.48675426840782166,0.00039999998989515007,0.944735586643219,0.9036588072776794,0.12341313064098358,3.951340436935425,0.22641535103321075,0.1940687894821167,0.10958307981491089,1.0777794122695923,0.29480499029159546,0.7531778216362,0.9943704009056091,0.4376116693019867,0.30895647406578064,0.3646353781223297,0.09371358901262283,0.5634904503822327,0.6463992595672607,0.04957770183682442,0.6737928986549377,0.10371726006269455,0.49360209703445435,0.11135987192392349,1.0189282894134521,1.2975105047225952,0.7855116128921509,0.9450737833976746,0.5025185346603394,0.025399772450327873,0.2349502146244049,0.0807330459356308,0.09488728642463684,0.9745551943778992,0.6119180917739868,0.555336594581604,0.5081859827041626,1.096594214439392,0.059496983885765076,0.0488099530339241,0.17097018659114838,0.7804487943649292,0.2173595279455185,0.5112500786781311,0.1862485110759735
0.3862830698490143,0.1602104753255844,0.2474460005760193,0.8830392360687256,1.3181272745132446,0.8832913041114807,0.7997410893440247,5.396721839904785,0.20804372429847717,0.446529358625412,0.2889667749404907,0.8540516495704651,0.5951584577560425,0.00039999998989515007,0.5207450985908508,0.6400706171989441,0.10855294018983841,3.8782341480255127,0.300070583820343,0.3642682135105133,8.55836842674762e-05,0.9770327806472778,0.5761727690696716,0.7711902260780334,0.9799993634223938,0.47201573848724365,0.2267480045557022,0.49998292326927185,0.05172435939311981,0.21915891766548157,0.968475878238678,0.21348613500595093,0.3893375098705292,0.0891212448477745,0.16119039058685303,0.17827542126178741,1.1699343919754028,1.4082424640655518,0.6680558323860168,1.1754341125488281,0.6508205533027649,0.13954134285449982,0.5768404603004456,0.011403076350688934,0.24274365603923798,1.0793263912200928,0.2608729302883148,0.5973095297813416,0.3979637920856476,0.9951611757278442,0.5204890370368958,0.26693636178970337,0.06206410005688667,1.0345085859298706,0.12396224588155746,0.14816077053546906,0.40197357535362244
0.15314634144306183,0.7027057409286499,0.24553564190864563,1.4039719104766846,1.081190824508667,0.9537539482116699,0.256792813539505,5.128018379211426,0.6487423777580261,0.7045519351959229,0.43478885293006897,0.28296422958374023,0.05734439566731453,0.00039999998989515007,0.7807518839836121,0.8432542085647583,0.3320171535015106,3.7506210803985596,0.04386449232697487,0.07200715690851212,0.08275020867586136,0.9515631794929504,0.39657896757125854,0.7489715218544006,1.2021732330322266,0.009971332736313343,0.30445536971092224,0.6255521178245544,0.2536003291606903,0.7528573274612427,0.4120628535747528,0.09226681292057037,0.8884556293487549,0.17520679533481598,0.7388476133346558,0.031057734042406082,0.9251044988632202,1.179823398590088,1.0175645351409912,1.327563762664795,0.8322244882583618,0.04836292192339897,0.2233908772468567,0.4576825201511383,0.1263456642627716,0.8797747492790222,0.7809637188911438,0.7874277830123901,0.899990975856781,0.9813079833984375,0.2859468460083008,0.16292919218540192,0.1289222091436386,0.9549670219421387,0.5682021379470825,0.4671824872493744,0.19508013129234314
0.13664139807224274,0.24069620668888092,0.6049489378929138,1.1199071407318115,0.9705101847648621,0.8654563426971436,0.6282682418823242,5.381596565246582,0.24311985075473785,0.9150111675262451,0.22944045066833496,0.7222525477409363,0.6134389042854309,0.00039999998989515007,1.004157304763794,0.8240927457809448,0.1945863962173462,3.8602142333984375,0.017742395401000977,0.0478505939245224,0.20682069659233093,1.1111397743225098,0.11360568553209305,0.7044318914413452,1.2194982767105103,0.6527880430221558,0.19244490563869476,0.44997933506965637,0.15896326303482056,0.4027509391307831,0.6254230737686157,0.18976083397865295,0.3899390995502472,0.4074271321296692,0.6647694110870361,0.35278448462486267,0.9508684277534485,1.2694406509399414,0.8502850532531738,1.010156512260437,0.6120660305023193,0.027942398563027382,0.331933856010437,0.27768856287002563,0.024868935346603394,0.8687719106674194,0.8383274078369141,0.5496565699577332,0.2896154522895813,1.277588129043579,0.20046086609363556,0.04347308352589607,0.09460406005382538,0.656005859375,0.08510540425777435,0.4599577486515045,0.11063549667596817
0.3789542317390442,0.07216235250234604,0.24855902791023254,1.170491337776184,0.7833058834075928,0.9288893342018127,0.7067065834999084,5.375495910644531,0.15707705914974213,0.722258985042572,0.31852665543556213,0.3120521605014801,0.5582745671272278,0.00039999998989515007,1.05081307888031,1.5449626445770264,0.208175927400589,3.929219961166382,0.6260269284248352,0.3459291160106659,0.21604348719120026,0.7126817107200623,0.0969449058175087,0.5002657771110535,0.8669816255569458,0.3285439908504486,0.41722938418388367,0.14811857044696808,0.38575392961502075,0.9127349257469177,0.6598247289657593,0.00612278375774622,0.716266930103302,0.053606633096933365,0.15119998157024384,0.3704611659049988,0.9253302812576294,1.094825267791748,1.0485435724258423,0.6099963188171387,0.12725378572940826,0.042075637727975845,0.5203691720962524,0.11773639172315598,0.40815407037734985,0.7371624112129211,0.0253283828496933,0.9658236503601074,0.6736744046211243,1.4149649143218994,0.25647830963134766,0.2316838502883911,0.35224249958992004,1.2431024312973022,0.319534033536911,0.32671722769737244,0.5425918698310852
0.01688964106142521,0.22747892141342163,0.5507336258888245,1.2003358602523804,0.8803960084915161,0.8026032447814941,0.5487117767333984,5.382411479949951,0.3810103237628937,0.9327091574668884,0.23570308089256287,0.8169503808021545,0.5065248608589172,0.00039999998989515007,0.9370255470275879,0.7359315752983093,0.006360268220305443,3.7962968349456787,0.1079372689127922,0.029811864718794823,0.1605922281742096,1.070116639137268,0.21104320883750916,0.711531937122345,1.2209739685058594,0.6651756763458252,0.1768350601196289,0.4781472086906433,0.09479603171348572,0.44587454199790955,0.6053826212882996,0.08629640936851501,0.6037587523460388,0.4047548174858093,0.8029289841651917,0.34196344017982483,0.9495847225189209,1.3119934797286987,0.8003694415092468,1.0837898254394531,0.6677007079124451,0.018953803926706314,0.24135079979896545,0.20379771292209625,0.07608570903539658,0.9443883299827576,0.9265313744544983,0.45080500841140747,0.3800094723701477,1.1963597536087036,0.23351210355758667,0.015629949048161507,0.13383588194847107,0.6581788659095764,0.02760506048798561,0.4895297884941101,0.08183786273002625
0.10520260781049728,0.4289811849594116,0.3818463087081909,1.4600214958190918,0.3465179204940796,1.1973686218261719,0.12328790873289108,4.961062908172607,0.6329520344734192,0.9060040712356567,0.3833732604980469,0.49456676840782166,0.28778156638145447,0.00039999998989515007,1.0054060220718384,0.8772043585777283,0.1728004813194275,3.9620978832244873,0.27212968468666077,0.13528309762477875,0.0388832688331604,0.502177357673645,0.09542252868413925,0.8329669833183289,1.012159824371338,0.20163142681121826,0.10919350385665894,0.7655218243598938,0.18611130118370056,0.9058046936988831,0.8031213283538818,0.11966711282730103,1.1946216821670532,0.1870383471250534,0.9388754367828369,0.21688659489154816,0.891979992389679,1.0434882640838623,1.391671061515808,0.9941840171813965,0.5985344648361206,0.3537653684616089,0.03873821720480919,0.3996158838272095,0.08056318759918213,0.8597076535224915,0.7805019021034241,0.8982166647911072,0.6274527311325073,1.0245965719223022,0.5960325002670288,0.4500906765460968,0.08038920909166336,0.4946604073047638,0.16666822135448456,1.074967384338379,0.33599889278411865
0.0528317429125309,0.02902906760573387,0.6737338900566101,1.124461054801941,0.6513606309890747,0.7418680191040039,0.5675047636032104,5.413672924041748,0.3371584415435791,0.9598760604858398,0.25224459171295166,0.9404654502868652,0.5766456127166748,0.00039999998989515007,1.036978840827942,0.7677739858627319,0.16188380122184753,3.8679802417755127,0.0046721515245735645,0.04038006067276001,0.07501903176307678,1.002118468284607,0.2184595912694931,0.7381023168563843,0.973993182182312,0.7921076416969299,0.13257353007793427,0.3548298180103302,0.17223168909549713,0.47367188334465027,0.819905698299408,0.05249452590942383,0.7064056396484375,0.30716079473495483,0.8350959420204163,0.34192702174186707,0.985752284526825,1.3459382057189941,0.826866090297699,0.7786247134208679,0.4967680275440216,0.010114404372870922,0.18652305006980896,0.27111977338790894,0.13102178275585175,1.0218151807785034,0.8238705992698669,0.3955102264881134,0.21551555395126343,1.223673701286316,0.09054900705814362,0.023740896955132484,0.17332737147808075,0.5528421998023987,0.11769288778305054,0.6752818822860718,0.13624754548072815
0.1592663824558258,0.09951896965503693,0.8820366263389587,1.6095079183578491,0.29701071977615356,0.850661039352417,0.17476586997509003,5.0928730964660645,0.2458885759115219,1.3295012712478638,0.43728944659233093,0.6717906594276428,1.0019598007202148,0.00039999998989515007,1.190307855606079,0.852558970451355,0.6271505355834961,3.5536394119262695,0.031015805900096893,0.2819772958755493,0.17985156178474426,1.3916914463043213,0.12047410011291504,1.1016813516616821,1.0488793849945068,0.621289074420929,0.3115159571170807,0.11987239867448807,0.6796239614486694,0.45004650950431824,0.10103762149810791,0.1694682389497757,0.34062090516090393,0.17069727182388306,0.6401174664497375,0.04145367071032524,1.10845947265625,1.218229055404663,0.38836073875427246,0.951946496963501,0.06801535934209824,0.15850044786930084,0.12675051391124725,0.20522050559520721,0.295936644077301,0.7194482684135437,1.3641526699066162,0.1307823210954666,0.3448526859283447,1.012571096420288,0.5811663269996643,0.5050395727157593,0.3580978214740753,0.19887007772922516,0.01949760504066944,0.6585348844528198,0.40897229313850403
0.32538798451423645,0.48308613896369934,0.03271690383553505,0.7942361235618591,1.3486162424087524,1.3507936000823975,0.75815749168396,5.163827896118164,0.1626890003681183,0.45914849638938904,0.4626671373844147,0.25957509875297546,0.6284149885177612,0.00039999998989515007,0.7759339809417725,1.4750851392745972,0.24743950366973877,3.2251410484313965,0.18809868395328522,0.192470520734787,0.03951095789670944,0.6709951758384705,0.16976988315582275,0.2719784677028656,1.7634507417678833,0.5220671892166138,0.2208855152130127,0.7333748936653137,0.34860968589782715,0.5467298626899719,0.435325562953949,0.3672362267971039,0.49126875400543213,0.5243842005729675,0.007840214297175407,0.565241813659668,1.0095500946044922,1.1881837844848633,1.2827824354171753,1.1389974355697632,0.5687708258628845,0.5702540874481201,0.4701867997646332,0.31569379568099976,0.23585423827171326,0.7969760298728943,0.25014975666999817,0.8391925096511841,0.6731740832328796,1.5789284706115723,0.021814778447151184,0.5868796706199646,0.7257938385009766,0.957608163356781,0.49658340215682983,0.20142018795013428,0.5152408480644226
0.7211937308311462,0.6755996942520142,0.20330145955085754,0.5450814366340637,0.7500714063644409,0.5304030776023865,0.022572562098503113,5.195972442626953,0.43588295578956604,0.18515585362911224,0.36658453941345215,1.7364951372146606,0.17460429668426514,0.00039999998989515007,0.5957679748535156,0.16210626065731049,1.2623099088668823,3.016347885131836,0.1437307596206665,0.9428608417510986,0.18685944378376007,0.4924067556858063,1.6884981393814087,0.3685200810432434,0.4071335196495056,0.9055895805358887,0.12943188846111298,0.13961561024188995,0.6842496395111084,0.3955947458744049,0.8714029788970947,0.0812414288520813,0.856792151927948,0.0927007794380188,0.06984821707010269,0.3040657937526703,0.7954471707344055,1.5870938301086426,0.7969710230827332,0.8037114143371582,0.048745423555374146,0.7173058986663818,0.27745282649993896,0.08168631792068481,0.69936203956604,1.8819875717163086,0.026019245386123657,0.9391348958015442,0.5864919424057007,0.19356971979141235,0.8136671781539917,0.424005925655365,0.29627570509910583,0.6571518778800964,0.9686555862426758,0.6350893974304199,0.13804832100868225
0.12475603073835373,0.026042602956295013,0.375266432762146,0.9229276180267334,0.5801616311073303,0.8386796116828918,0.7890120148658752,5.305892467498779,0.5501912236213684,0.6173847913742065,0.6344006657600403,0.47405439615249634,0.5918506383895874,0.00039999998989515007,1.1316683292388916,1.0744144916534424,0.17954351007938385,3.608217239379883,0.30604881048202515,0.098079152405262,0.13496945798397064,0.7578055262565613,0.02755703590810299,0.662980318069458,0.9101275205612183,0.5906633734703064,0.43974366784095764,0.41993945837020874,0.4899612069129944,0.9247609376907349,0.8876827359199524,0.44141244888305664,1.1211944818496704,0.1248670443892479,0.3636549115180969,0.18274211883544922,1.1992576122283936,1.2860409021377563,1.239546298980713,0.6518258452415466,0.6565418839454651,0.13508528470993042,0.40859556198120117,0.15914154052734375,0.25398939847946167,0.9433835744857788,0.26311078667640686,0.860991895198822,0.46498507261276245,1.1656455993652344,0.6678393483161926,0.014075212180614471,0.6385618448257446,0.9375278353691101,0.20364703238010406,0.7290465235710144,0.7077445983886719
0.29746025800704956,0.0968991219997406,0.3628741204738617,1.2612547874450684,0.7782531380653381,0.9366663098335266,0.2813916504383087,5.626626968383789,0.10411101579666138,0.8547776937484741,0.32226088643074036,0.6823397278785706,0.6142228245735168,0.00039999998989515007,0.9285650849342346,0.9125421643257141,0.44372594356536865,3.68217134475708,0.16220365464687347,0.2320118248462677,0.15720270574092865,1.108136534690857,0.2997806966304779,0.7368804216384888,1.1355798244476318,0.6775566935539246,0.45659950375556946,0.3225453495979309,0.14713893830776215,0.6197025179862976,0.575349748134613,0.0665832906961441,0.7962820529937744,0.19816803932189941,0.5189852118492126,0.11535020917654037,1.0737437009811401,1.231967806816101,0.6096664667129517,1.096774697303772,0.5152074694633484,0.0498594269156456,0.2187817394733429,0.0010783809702843428,0.03280963748693466,0.9513834118843079,0.7232993245124817,0.39376357197761536,0.44840604066848755,1.0773037672042847,0.03207777440547943,0.052994128316640854,0.28636911511421204,0.679633617401123,0.2360568344593048,0.46193253993988037,0.3009282052516937
0.14291173219680786,0.006721857003867626,0.27725347876548767,1.1306723356246948,0.17664259672164917,0.9019712209701538,0.3535163700580597,5.103664398193359,0.8625522255897522,0.7471315860748291,0.772007167339325,0.2523503303527832,0.4129621386528015,0.00039999998989515007,1.258049488067627,1.0358054637908936,0.1789054274559021,3.3347127437591553,0.0732070803642273,0.43127813935279846,0.020079199224710464,0.6216080188751221,0.29671987891197205,0.6447495222091675,1.1012156009674072,0.4381282925605774,0.6452367305755615,0.5047774910926819,0.7765939831733704,1.2821818590164185,0.519160807132721,0.5971016883850098,1.5776551961898804,0.08206118643283844,0.6294869780540466,0.06383401155471802,1.0803430080413818,1.0570003986358643,1.4137014150619507,0.8719242811203003,0.9006360769271851,0.5204507112503052,0.15047483146190643,0.03659301623702049,0.03447040915489197,0.699073314666748,0.5269730687141418,0.9268707036972046,0.6961696147918701,1.0111477375030518,0.20946407318115234,0.41038966178894043,0.7804052233695984,0.7384582161903381,0.3911077380180359,1.0098007917404175,0.6893653869628906
0.4442867934703827,0.18185020983219147,0.04002252221107483,1.155398964881897,1.198369026184082,0.866664469242096,0.662006139755249,5.605958938598633,0.16390393674373627,0.49239784479141235,0.1980198621749878,0.26099202036857605,0.509493887424469,0.00039999998989515007,0.7064882516860962,1.1703826189041138,0.3583488464355469,3.6665780544281006,0.5493893027305603,0.42327481508255005,0.10720562934875488,0.880702555179596,0.3409455120563507,0.545126736164093,1.0746387243270874,0.265733003616333,0.48717260360717773,0.25487250089645386,0.2919498085975647,0.6877040266990662,0.38579216599464417,0.21559017896652222,0.5103736519813538,0.0212127435952425,0.06161532923579216,0.293560653924942,0.9779659509658813,1.194136381149292,0.6453630328178406,1.1256061792373657,0.3532613515853882,0.14433804154396057,0.6490146517753601,0.15529121458530426,0.35334545373916626,0.900599479675293,0.13277462124824524,0.7286649346351624,0.8513793349266052,1.1191970109939575,0.39436936378479004,0.2808811664581299,0.23462282121181488,1.3627557754516602,0.5867006182670593,0.06638018041849136,0.5539027452468872
0.0027536924462765455,0.1444539874792099,0.5334817171096802,1.388034462928772,0.5646546483039856,0.957920253276825,0.980691134929657,5.175577163696289,0.5005667209625244,1.101570725440979,0.408546507358551,0.8131834864616394,0.5084496140480042,0.00039999998989515007,1.1189467906951904,0.9526755809783936,0.2391774207353592,3.936126470565796,0.1919211447238922,0.2966076731681824,0.18816666305065155,0.6990381479263306,0.2575250267982483,1.0252048969268799,0.5669673681259155,0.42877644300460815,0.14516066014766693,0.8101279139518738,0.1899872124195099,0.4864354431629181,1.0812993049621582,0.31505462527275085,0.4077678918838501,0.1110042855143547,0.6268386244773865,0.06747730076313019,0.9400535821914673,1.0878796577453613,1.0885593891143799,0.7538064122200012,0.31930190324783325,0.28584691882133484,0.4840887486934662,0.06409528106451035,0.30311787128448486,0.9057533740997314,0.5182321667671204,0.9893105030059814,0.3842611610889435,1.0552504062652588,0.3620862662792206,0.03291785717010498,0.11472000926733017,0.8122047185897827,0.21513859927654266,0.8301737308502197,0.5637609958648682
0.2677626609802246,0.08254991471767426,0.29914000630378723,0.964230477809906,0.45066094398498535,0.9172417521476746,0.765271008014679,5.451948165893555,0.24672387540340424,0.5569218993186951,0.5198803544044495,0.18590663373470306,0.6534605026245117,0.00039999998989515007,1.1455564498901367,1.441694736480713,0.22251318395137787,3.6912262439727783,0.524898111820221,0.025765880942344666,0.22375300526618958,0.5710656046867371,0.0735245943069458,0.5405646562576294,0.9292963147163391,0.38724231719970703,0.43193748593330383,0.30202969908714294,0.5997231602668762,1.0424895286560059,0.5929082632064819,0.3903341591358185,0.9891753792762756,0.19781611859798431,0.10366816818714142,0.17816005647182465,1.0876612663269043,1.2398122549057007,1.3222745656967163,0.4400534927845001,0.23539523780345917,0.045815568417310715,0.48758554458618164,0.14614541828632355,0.27343711256980896,0.8755093216896057,0.08002858608961105,0.9450221657752991,0.6989376544952393,1.2975852489471436,0.6118154525756836,0.01303938589990139,0.6090514659881592,0.9435286521911621,0.39016973972320557,0.5330005288124084,0.7158371806144714
0.06147909536957741,0.010857357643544674,0.3044406473636627,1.1997244358062744,0.6838102340698242,0.9118317365646362,0.4126000702381134,5.814240455627441,0.293738454580307,0.7120693325996399,0.43598026037216187,0.8486412763595581,0.3255873918533325,0.00039999998989515007,0.7330992221832275,0.724859893321991,0.28605738282203674,3.722517728805542,0.15260818600654602,0.0927853137254715,0.04998074471950531,0.703159749507904,0.3837646543979645,0.7298352122306824,1.22962486743927,0.6023207306861877,0.05584912747144699,0.6885296106338501,0.056871552020311356,0.43554776906967163,0.6530383229255676,0.01902751438319683,0.6972172856330872,0.24633032083511353,0.7330858707427979,0.15625333786010742,0.9781290888786316,1.2786961793899536,0.6919028162956238,1.0872092247009277,0.5077261328697205,0.13170473277568817,0.16527563333511353,0.21760870516300201,0.11226361989974976,1.10085928440094,0.7966746687889099,0.33260858058929443,0.5524813532829285,1.0503491163253784,0.07343120127916336,0.07388291507959366,0.2941155433654785,0.5623894333839417,0.33720922470092773,0.31958717107772827,0.37791574001312256
0.2525559365749359,0.22884950041770935,0.258184552192688,1.0089390277862549,0.6836562752723694,1.2216695547103882,0.6966506242752075,5.909730434417725,0.23127563297748566,0.5878950953483582,0.48705750703811646,0.7423872351646423,0.43570372462272644,0.00039999998989515007,0.6724912524223328,1.003095269203186,0.012473825365304947,3.6794538497924805,0.07960542291402817,0.37617364525794983,0.13852354884147644,0.29458311200141907,0.49692296981811523,0.6606109142303467,1.3504838943481445,0.43454429507255554,0.28248515725135803,0.7995721101760864,0.14322344958782196,0.3049328625202179,0.563015341758728,0.09090878069400787,0.4088161587715149,0.050199612975120544,0.4183688759803772,0.2503495216369629,0.972444474697113,1.3790295124053955,0.8489311337471008,0.7337597012519836,0.05951659753918648,0.5958439707756042,0.3099810779094696,0.47358593344688416,0.23445267975330353,1.0743107795715332,0.5990023612976074,0.20592941343784332,0.5037097334861755,1.1849162578582764,0.10813507437705994,0.1426454335451126,0.4789779484272003,0.34590235352516174,0.425168514251709,0.15891097486019135,0.42427489161491394
0.0384896844625473,0.12063528597354889,0.41906818747520447,1.0863192081451416,0.7936530709266663,0.8474318981170654,0.6202930808067322,5.588274002075195,0.32842960953712463,0.8746328353881836,0.3138144016265869,0.8893828392028809,0.5471499562263489,0.00039999998989515007,0.9016156196594238,0.777942419052124,0.0774967223405838,3.678647994995117,0.15627890825271606,0.02899259142577648,0.14291301369667053,0.8521908521652222,0.14901486039161682,0.6102311015129089,1.3127031326293945,0.7800731658935547,0.10417710989713669,0.5506478548049927,0.010667053051292896,0.42974913120269775,0.6156491041183472,0.05779507756233215,0.5945005416870117,0.4597720503807068,0.7422045469284058,0.4092262387275696,0.8884031772613525,1.3172240257263184,0.8584253191947937,1.0403369665145874,0.6297138929367065,0.0746934786438942,0.2814042866230011,0.39690694212913513,0.09333021938800812,1.0265852212905884,0.8206222653388977,0.432839959859848,0.3790200650691986,1.2684446573257446,0.17791804671287537,0.07236582040786743,0.268621563911438,0.5862685441970825,0.031285226345062256,0.38442638516426086,0.24505017697811127
0.07900521904230118,0.4087176024913788,0.1467791497707367,1.329317569732666,0.803604245185852,1.1857651472091675,0.4616767466068268,5.380887985229492,0.2686023712158203,0.7008503675460815,0.31225451827049255,0.2666419446468353,0.5325220823287964,0.00039999998989515007,0.8804280161857605,1.0995144844055176,0.5266377329826355,3.355112314224243,0.0659206435084343,0.012852273881435394,0.0179690420627594,0.7395740151405334,0.10777465999126434,0.659728467464447,1.5719681978225708,0.2686714231967926,0.31119582056999207,0.7124953269958496,0.47099727392196655,0.7951847314834595,0.011294345371425152,0.04240156710147858,0.8502922058105469,0.12989996373653412,0.27106958627700806,0.12068549543619156,1.042967438697815,1.3153823614120483,1.1066476106643677,1.3257396221160889,0.516652524471283,0.055037498474121094,0.33229801058769226,0.053907930850982666,0.07808393985033035,0.9542400240898132,0.7145438194274902,0.6380914449691772,1.1093388795852661,1.120584487915039,0.07260891795158386,0.13649731874465942,0.3919912278652191,0.8108733892440796,0.7489803433418274,0.17081303894519806,0.2676771283149719
0.5445213317871094,0.06229079142212868,0.591982901096344,1.4883264303207397,0.8977054953575134,0.9289633631706238,0.2983410060405731,5.161056995391846,0.3658669590950012,1.2013880014419556,0.1914796680212021,0.40832000970840454,0.948245644569397,0.00039999998989515007,1.1409399509429932,1.0754255056381226,0.5084569454193115,3.483036994934082,0.45987024903297424,0.5456710457801819,0.24286888539791107,1.5543971061706543,0.2845257520675659,1.0434434413909912,1.0408412218093872,0.5805954337120056,0.5643420219421387,0.08194831013679504,0.6857870817184448,0.5380948781967163,0.3387051522731781,0.46013665199279785,0.12054778635501862,0.20109955966472626,0.4170359671115875,0.05987821891903877,1.136310338973999,1.014140248298645,0.3455495238304138,1.0981189012527466,0.14867721498012543,0.034750647842884064,0.5126872658729553,0.013518438674509525,0.26606103777885437,0.6338651776313782,1.0530470609664917,0.41896185278892517,0.2261882722377777,1.1235449314117432,0.34335029125213623,0.13223716616630554,0.23935775458812714,0.5999135375022888,0.06899211555719376,0.44013071060180664,0.09991784393787384
0.12085142731666565,0.7128907442092896,0.13059288263320923,0.9864171743392944,1.3975356817245483,0.46081116795539856,1.103261947631836,5.205677032470703,0.4515695869922638,0.3001554608345032,0.14130228757858276,0.8728314638137817,0.22692300379276276,0.00039999998989515007,0.1627902388572693,0.02286929450929165,0.2994284927845001,3.3731062412261963,0.2526073753833771,0.09527730196714401,0.08810888230800629,0.7234716415405273,0.6635442972183228,0.694913923740387,1.2421693801879883,0.3262379467487335,0.33544328808784485,0.7508801817893982,0.17431701719760895,0.16467536985874176,0.21767549216747284,0.1511300802230835,0.03313886374235153,0.1777641773223877,0.32831013202667236,0.5550546646118164,0.8866759538650513,1.7141597270965576,0.39835691452026367,1.455611228942871,0.6454756259918213,0.5753479599952698,0.6042147874832153,0.4360399842262268,0.6604313850402832,1.54287588596344,0.7456753253936768,0.1738632470369339,1.0259262323379517,0.7927250862121582,0.3784528076648712,0.2358965128660202,0.2820149064064026,1.1703362464904785,0.6377803087234497,0.4109908938407898,0.07356321066617966
0.5974481701850891,0.00704597681760788,0.08416534215211868,1.0730202198028564,0.901598334312439,1.0718224048614502,0.18411469459533691,5.532618045806885,0.03471960872411728,0.4929446876049042,0.5972468256950378,0.18397028744220734,0.37669625878334045,0.00039999998989515007,0.9718937277793884,1.3278496265411377,0.32609453797340393,3.4339005947113037,0.5800756216049194,0.3196848928928375,0.10169556736946106,0.8487853407859802,0.4039327800273895,0.5714925527572632,0.9313086867332458,0.37199583649635315,0.6508667469024658,0.1818692833185196,0.2161417454481125,1.0729637145996094,0.7307329177856445,0.03193945437669754,1.2350815534591675,0.07479039579629898,0.1902029663324356,0.0786188542842865,1.1482526063919067,1.144758701324463,0.9531248211860657,0.8044366836547852,0.41653916239738464,0.08676595985889435,0.332017183303833,0.3659358322620392,0.22505749762058258,0.9745388031005859,0.117160364985466,0.684302031993866,0.6146385669708252,1.1423450708389282,0.32020342350006104,0.14678819477558136,0.7115991115570068,1.0085232257843018,0.6017161011695862,0.46683448553085327,0.7860600352287292
0.1382417380809784,0.10010300576686859,0.43075546622276306,1.0661559104919434,0.7506186962127686,0.8908559679985046,0.6815256476402283,5.528233528137207,0.25251755118370056,0.8110010623931885,0.21977971494197845,0.8255446553230286,0.5836731195449829,0.00039999998989515007,0.9545599818229675,0.7809486389160156,0.019397122785449028,3.4507288932800293,0.25809890031814575,0.10824435949325562,0.05096452310681343,0.7692978382110596,0.07988757640123367,0.6716817617416382,1.473506212234497,0.7550249695777893,0.08468331396579742,0.6258503198623657,0.16535121202468872,0.4940040111541748,0.5302081108093262,0.03734423220157623,0.6463280916213989,0.4131004214286804,0.6754222512245178,0.4781331717967987,1.0648179054260254,1.3821760416030884,0.9595251679420471,1.0983245372772217,0.5910449028015137,0.15940535068511963,0.3270825445652008,0.5628762245178223,0.14123722910881042,1.0333036184310913,0.8741426467895508,0.39931103587150574,0.47621122002601624,1.3056367635726929,0.1252886950969696,0.00148461339995265,0.3578189015388489,0.6176889538764954,0.17754966020584106,0.32062843441963196,0.3069669008255005
0.034424856305122375,0.9061076045036316,0.15056964755058289,0.5958338379859924,0.5117575526237488,0.2026447355747223,0.15318800508975983,4.725218296051025,1.1216070652008057,0.15684771537780762,1.255165934562683,1.519835114479065,0.3427785038948059,0.00039999998989515007,0.0894646942615509,0.5020893812179565,1.2604649066925049,2.749469518661499,0.2809177041053772,0.06067174673080444,0.37776684761047363,0.07215124368667603,0.9855936169624329,0.5439292192459106,0.14339785277843475,0.6976225972175598,0.25446829199790955,0.28586137294769287,0.5096310377120972,0.6440904140472412,1.1544504165649414,1.4043338298797607,2.3525218963623047,0.7565329074859619,0.5827628374099731,0.3099321722984314,0.8657150864601135,1.3283177614212036,0.014064151793718338,0.4509356617927551,0.6956948041915894,0.44114363193511963,0.5022021532058716,0.3540285527706146,0.591254711151123,1.7741910219192505,0.09752849489450455,0.36456331610679626,0.7962092757225037,0.27528196573257446,1.248081922531128,0.4813873767852783,0.8723323941230774,0.6351625323295593,1.0422179698944092,0.6535887122154236,0.5702246427536011
0.5573641061782837,0.5575316548347473,0.0973106175661087,0.6263405680656433,0.5729638934135437,0.7314853072166443,0.01181242149323225,5.562922954559326,0.4887857735157013,0.01062830351293087,0.3627314865589142,1.7401729822158813,0.17132790386676788,0.00039999998989515007,0.3822331428527832,0.05843701958656311,1.006299614906311,3.1486198902130127,0.06582958996295929,0.756378173828125,0.19806046783924103,0.2684343457221985,1.4629640579223633,0.2938438355922699,0.6357600092887878,0.8636227250099182,0.34482163190841675,0.27401334047317505,0.557623028755188,0.3045322597026825,0.7455084919929504,0.05353588983416557,0.8864123225212097,0.08510538935661316,0.10873483866453171,0.39305219054222107,0.6800251603126526,1.6458836793899536,0.3979567289352417,0.6942211389541626,0.21806436777114868,0.7673517465591431,0.29576927423477173,0.1317986398935318,0.6545127034187317,1.964499592781067,0.1174234077334404,0.8749858140945435,0.6529766917228699,0.472164511680603,0.38797980546951294,0.3723801076412201,0.3806436359882355,0.38848140835762024,0.9145234823226929,0.5640622973442078,0.1489943265914917
0.42365795373916626,0.13037775456905365,0.2866220474243164,1.0822123289108276,0.7129083275794983,1.2727047204971313,0.4736071228981018,5.559938430786133,0.165716290473938,0.7095474004745483,0.376733660697937,0.48252764344215393,0.7781112194061279,0.00039999998989515007,1.1054794788360596,1.2977789640426636,0.10471226274967194,3.6112492084503174,0.4196432828903198,0.2730036973953247,0.0906565859913826,0.6977590918540955,0.14132072031497955,0.7450863718986511,1.0020791292190552,0.48517704010009766,0.36526697874069214,0.39222538471221924,0.15157528221607208,0.8256997466087341,0.7458029389381409,0.06226150318980217,0.804817259311676,0.02967081032693386,0.08550839871168137,0.051223233342170715,1.198504090309143,1.2181178331375122,1.1291049718856812,0.796785831451416,0.19843515753746033,0.09443666785955429,0.47544172406196594,0.05167065188288689,0.0988309234380722,0.9782386422157288,0.1893974244594574,0.771731972694397,0.5113748908042908,1.2527308464050293,0.2689345180988312,0.06715566664934158,0.4034046530723572,0.7568197846412659,0.19768460094928741,0.5128171443939209,0.6995622515678406
0.7375698685646057,0.3429461121559143,0.1357271373271942,1.246768832206726,1.1192208528518677,1.4408595561981201,0.5571838617324829,5.114348888397217,0.25871387124061584,0.849230170249939,0.46434348821640015,0.42836451530456543,0.6122586131095886,0.00039999998989515007,0.7777571678161621,1.4705524444580078,0.03439353033900261,3.6026816368103027,0.6490784287452698,0.7669019103050232,0.06682928651571274,0.8680852651596069,0.6408202052116394,0.8988203406333923,0.9922270178794861,0.35019126534461975,0.11713767051696777,0.6302353143692017,0.23707008361816406,0.43678998947143555,1.0446308851242065,0.40486782789230347,0.19551044702529907,0.15391632914543152,0.26307687163352966,0.21945492923259735,1.234184741973877,1.0251178741455078,1.0246816873550415,0.9299057126045227,0.13564738631248474,0.3550349473953247,0.7139070630073547,0.10961616039276123,0.05790345370769501,0.7807343602180481,0.31010404229164124,1.002071499824524,0.276101678609848,1.343443751335144,0.0805770754814148,0.4432680010795593,0.16222211718559265,0.6852214932441711,0.018140338361263275,0.25583451986312866,0.898053765296936
0.05789480358362198,0.3879553973674774,0.5119005441665649,0.9948849678039551,0.6382650136947632,1.1421568393707275,0.7398333549499512,5.495924472808838,0.047107283025979996,0.7931118607521057,0.23376010358333588,0.8932510018348694,0.5093751549720764,0.00039999998989515007,0.8588728308677673,1.0146723985671997,0.4444315433502197,3.624589681625366,0.2532941997051239,0.020560549572110176,0.07768785953521729,0.3534875512123108,0.22507800161838531,0.49792972207069397,1.4227683544158936,0.6246753334999084,0.4301753044128418,0.8265184164047241,0.11810451000928879,0.3021485507488251,0.4788918197154999,0.07633700221776962,0.40287038683891296,0.4964938461780548,0.6671039462089539,0.5766212940216064,0.7486916780471802,1.4509623050689697,1.2159429788589478,0.6891473531723022,0.050132207572460175,0.4862979054450989,0.21946722269058228,0.6808785796165466,0.31113401055336,1.2368063926696777,0.7704592347145081,0.35884177684783936,0.5623846650123596,1.4681051969528198,0.34181955456733704,0.16545435786247253,0.2845061421394348,0.30423930287361145,0.2294054925441742,0.1227797120809555,0.11185948550701141
0.1010529100894928,0.49722811579704285,0.4704209566116333,1.1170514822006226,0.7319721579551697,0.8973931670188904,1.0214202404022217,5.44344425201416,0.002057022647932172,0.5503450632095337,0.15418997406959534,0.8230912685394287,0.6974011063575745,0.00039999998989515007,0.56768798828125,0.712984025478363,0.22049643099308014,3.6346044540405273,0.061704229563474655,0.2636096179485321,0.3031138777732849,0.5271042585372925,0.5033066868782043,0.7425673604011536,1.0581825971603394,0.2816535532474518,0.448821485042572,0.6599492430686951,0.13759081065654755,0.13389787077903748,0.07652577757835388,0.17443203926086426,0.18486745655536652,0.15797217190265656,0.01881321147084236,0.3774091899394989,0.9320884943008423,1.8215405941009521,0.7740930914878845,0.767374575138092,0.2672586143016815,0.5127382874488831,0.5178463459014893,0.5319609045982361,0.5710894465446472,1.5832293033599854,0.5940239429473877,0.16547487676143646,1.0859227180480957,0.9960325360298157,0.4571170508861542,0.05510386824607849,0.15798622369766235,0.674187183380127,0.5971603393554688,0.201447993516922,0.1958567351102829
0.2125449776649475,0.13920368254184723,0.3502129018306732,1.0702301263809204,0.8315266370773315,1.126510739326477,0.658007025718689,5.6164398193359375,0.060086578130722046,0.7699978351593018,0.2171228975057602,0.6532750129699707,0.764811098575592,0.00039999998989515007,0.9524945616722107,1.1718887090682983,0.027381103485822678,3.5811767578125,0.195273756980896,0.19438670575618744,0.034990664571523666,0.7791836857795715,0.1987050473690033,0.6413189768791199,1.2812485694885254,0.5847331285476685,0.14347732067108154,0.5223851203918457,0.09452793747186661,0.5799921154975891,0.5604382753372192,0.1390237659215927,0.5651199221611023,0.23207536339759827,0.2865804433822632,0.3155554234981537,1.087356686592102,1.3775575160980225,1.0424554347991943,0.9176691174507141,0.23348306119441986,0.2432926446199417,0.5128580331802368,0.3555927872657776,0.13396818935871124,1.050360918045044,0.513687252998352,0.5710389614105225,0.524486780166626,1.3459303379058838,0.07482930272817612,0.1858043372631073,0.3426634669303894,0.6539363265037537,0.199406698346138,0.23542143404483795,0.4257251024246216
0.12788841128349304,0.1248292401432991,0.44962263107299805,0.7780357599258423,0.6150896549224854,0.8644416928291321,0.7670722603797913,5.259314060211182,0.3746405243873596,0.8540675044059753,0.4362946152687073,0.40654006600379944,0.7227734327316284,0.00039999998989515007,1.42010498046875,1.1986395120620728,0.6479076743125916,3.3457870483398438,0.04678245261311531,0.3714214265346527,0.02255771867930889,0.7430358529090881,0.45124316215515137,0.44159531593322754,1.2707360982894897,0.7582134008407593,0.45657017827033997,0.33934974670410156,0.44708824157714844,1.033889651298523,0.730602502822876,0.05228302255272865,0.9266074299812317,0.36055058240890503,0.5948784947395325,0.5484946370124817,0.9891099333763123,1.1110725402832031,1.4890333414077759,0.6738916635513306,0.7539646029472351,0.10860132426023483,0.5207931399345398,0.5288853049278259,0.044249363243579865,0.6600918769836426,0.4982123076915741,0.9067160487174988,0.1346825808286667,1.5237741470336914,0.00752157112583518,0.10796519368886948,0.7071086764335632,0.6932571530342102,0.19550299644470215,0.7493480443954468,0.6743947267532349
0.3771761655807495,0.1789427548646927,0.32288679480552673,1.1518117189407349,0.9921727776527405,1.146317720413208,0.6791991591453552,5.524472236633301,0.2932337820529938,0.7753441333770752,0.037920739501714706,0.3321256637573242,0.893330991268158,0.00039999998989515007,1.0289028882980347,1.2978785037994385,0.15287169814109802,3.4439244270324707,0.4333745837211609,0.2936529219150543,0.0036282867658883333,0.9830063581466675,0.12591582536697388,0.7110850214958191,1.2713871002197266,0.4614768326282501,0.2964814603328705,0.40737926959991455,0.020130539312958717,0.6134113073348999,0.3777032196521759,0.30594781041145325,0.34489282965660095,0.14191466569900513,0.04249441623687744,0.2615847885608673,1.1834267377853394,1.3130531311035156,0.9574386477470398,0.9956040382385254,0.15265370905399323,0.2727007567882538,0.6772324442863464,0.3038686513900757,0.06703489273786545,0.9130898714065552,0.48958414793014526,0.6706287860870361,0.5841816067695618,1.3390783071517944,0.1470741629600525,0.21107663214206696,0.2329002022743225,0.8071524500846863,0.24858078360557556,0.16618746519088745,0.4353550374507904
0.3982967436313629,0.9675713181495667,0.3183548152446747,0.39905011653900146,0.38527706265449524,1.118850588798523,0.3031158745288849,5.830143928527832,0.22086985409259796,0.14412181079387665,1.0308382511138916,1.4149982929229736,0.07938682287931442,0.00039999998989515007,0.5049225687980652,0.8787838816642761,0.2733497619628906,3.2414231300354004,0.27672064304351807,0.4284578263759613,0.09240605682134628,0.29846665263175964,0.2741257846355438,0.22113986313343048,1.4170619249343872,1.0447744131088257,0.24977843463420868,0.17634455859661102,0.4096212089061737,0.5856249332427979,1.196098804473877,0.13321033120155334,1.0353367328643799,0.518037736415863,0.8683576583862305,0.46146368980407715,0.6156873106956482,0.8605327010154724,0.7271803617477417,0.45278605818748474,0.030729806050658226,0.22134214639663696,0.1210060641169548,0.7221035957336426,0.2364664077758789,1.0015815496444702,0.03341046720743179,0.14590762555599213,0.22012576460838318,1.7068132162094116,0.5148472785949707,0.3088231682777405,1.3215426206588745,0.302813321352005,0.6039312481880188,0.46732789278030396,0.7614449262619019
0.2814793884754181,0.49177610874176025,0.32566437125205994,1.224679946899414,0.7393129467964172,1.0630505084991455,0.4495585858821869,5.329786777496338,0.4181455075740814,0.9260408282279968,0.23636458814144135,0.5410385131835938,0.4384707808494568,0.00039999998989515007,1.0201196670532227,0.8960063457489014,0.015127457678318024,3.3636038303375244,0.4774215519428253,0.2920730710029602,0.16047419607639313,0.6449871063232422,0.1740560680627823,0.5106040239334106,1.6961618661880493,0.49184465408325195,0.07282757014036179,0.7523244619369507,0.3735617697238922,0.7142081260681152,0.07834342867136002,0.15134519338607788,0.698144257068634,0.5825000405311584,0.8067416548728943,0.4092898666858673,0.7579345107078552,1.2434577941894531,1.2665818929672241,1.2614822387695312,0.67225182056427,0.029311049729585648,0.2819778323173523,0.4205927550792694,0.003963136579841375,0.8967958688735962,1.0254091024398804,0.5755858421325684,0.770301103591919,1.3394439220428467,0.6604620218276978,0.10518651455640793,0.3245733082294464,0.5018512010574341,0.2920401394367218,0.3213430643081665,0.12482199817895889
0.39134374260902405,0.4773435890674591,0.17191797494888306,1.1705905199050903,1.3421040773391724,1.0875993967056274,0.60414057970047,5.4263715744018555,0.15002572536468506,0.7279441952705383,0.4745140075683594,0.5319643616676331,0.33276835083961487,0.00039999998989515007,0.7721360325813293,1.034671664237976,0.03744305670261383,3.591085195541382,0.26819708943367004,0.3521983027458191,0.11967325955629349,0.8914088010787964,0.4598029851913452,0.6486380696296692,1.2156559228897095,0.4547075927257538,0.09217435866594315,0.6829983592033386,0.012994786724448204,0.4534308910369873,0.7217555642127991,0.37042826414108276,0.2858392000198364,0.36309370398521423,0.5346570611000061,0.22693809866905212,0.9365578889846802,1.161981463432312,0.8940994143486023,1.1518137454986572,0.5394190549850464,0.3241051733493805,0.6056554317474365,0.09113806486129761,0.19118613004684448,1.0536296367645264,0.5733308792114258,0.7304032444953918,0.5491499900817871,1.2937968969345093,0.05449938774108887,0.37472519278526306,0.2091262936592102,0.9109693765640259,0.21786068379878998,0.1069171205163002,0.603549063205719
0.27930089831352234,0.058683112263679504,0.7263058423995972,1.3278014659881592,0.46997836232185364,1.1535838842391968,0.3873537480831146,5.298184394836426,0.7575688362121582,1.1752591133117676,0.5034580826759338,0.3183209300041199,1.285273551940918,0.00039999998989515007,1.3750605583190918,1.4144871234893799,0.24349962174892426,3.29612135887146,0.2608020305633545,0.2766838073730469,0.030012868344783783,1.128800630569458,0.1464279592037201,0.7672792673110962,1.3304516077041626,0.5344296097755432,0.3286927342414856,0.05277763307094574,0.39993587136268616,0.7303824424743652,0.13696491718292236,0.38985559344291687,0.2511579394340515,0.24426688253879547,0.13868433237075806,0.3848870098590851,1.0308363437652588,1.2402657270431519,0.8415123224258423,0.728624701499939,0.41156429052352905,0.13130135834217072,0.4720463454723358,0.47151297330856323,0.18763414025306702,0.6562117338180542,0.9628527164459229,0.31091976165771484,0.42182621359825134,1.4150199890136719,0.5446332693099976,0.16929595172405243,0.025953272357583046,0.2478654980659485,0.060350511223077774,0.3219834566116333,0.2203512340784073
0.2842053174972534,0.2612709403038025,0.11129909753799438,1.1973702907562256,0.9510015249252319,1.391858458518982,0.16380789875984192,5.446435451507568,0.16872067749500275,0.8534036874771118,0.6678335070610046,0.7357101440429688,0.3323275148868561,0.00039999998989515007,0.8607481718063354,1.240390419960022,0.12958212196826935,3.495690107345581,0.0621362067759037,0.23750248551368713,0.289995938539505,0.6402040719985962,0.30550625920295715,0.44079768657684326,1.4210360050201416,0.6682217717170715,0.08195232599973679,0.9275016784667969,0.06405846774578094,0.5312440991401672,0.5847609043121338,0.28794988989830017,0.6104374527931213,0.6602342128753662,0.8212165832519531,0.14699772000312805,0.8476507663726807,1.056840181350708,1.0009877681732178,1.1800686120986938,0.5118715167045593,0.2351522296667099,0.1577291041612625,0.2685563862323761,0.0913258045911789,0.9663628339767456,0.7977376580238342,0.6164980530738831,0.6012639403343201,1.333829641342163,0.5772854089736938,0.1604931801557541,0.5076720118522644,0.4072640538215637,0.2222534716129303,0.15305256843566895,0.551889181137085
0.31325915455818176,0.3878922462463379,0.24531099200248718,0.9369612336158752,1.0690218210220337,0.9273906350135803,1.0278762578964233,5.1460347175598145,0.45957162976264954,0.6196834444999695,0.6248273253440857,0.21510252356529236,0.547858476638794,0.00039999998989515007,1.1126443147659302,1.1929669380187988,0.3761357367038727,3.4558513164520264,0.5847856998443604,0.10722465813159943,0.09447713941335678,0.8306108713150024,0.07008171081542969,0.7092841267585754,0.9066359996795654,0.39337363839149475,0.3857590854167938,0.5431880354881287,0.4973253309726715,0.8759827017784119,0.9347165822982788,0.09450778365135193,0.5440608263015747,0.10003495961427689,0.25799560546875,0.16298654675483704,1.1733378171920776,1.1193028688430786,1.2745294570922852,0.7853850722312927,0.6427407264709473,0.026583973318338394,0.9247996211051941,0.1794310361146927,0.25849515199661255,0.8653824329376221,0.19484646618366241,1.1673847436904907,0.43460455536842346,1.2608035802841187,0.7040590643882751,0.29318684339523315,0.43545082211494446,1.1730010509490967,0.07779201120138168,0.4739746153354645,1.030433177947998
0.11025446653366089,0.39042991399765015,0.5480958223342896,0.9003042578697205,0.40650320053100586,0.8119786381721497,1.3767731189727783,5.292119979858398,0.473636656999588,0.5295127034187317,0.16014717519283295,0.7837928533554077,0.760632336139679,0.00039999998989515007,0.844325602054596,0.7678760886192322,0.2515445947647095,3.5678114891052246,0.11050214618444443,0.053147006779909134,0.4309441149234772,0.3204074800014496,0.13291141390800476,0.7321864366531372,0.8518186211585999,0.37191644310951233,0.35459470748901367,0.7357640266418457,0.6123657822608948,0.45662376284599304,0.4293539226055145,0.6228939890861511,0.4565315544605255,0.39060983061790466,0.07065123319625854,0.346126526594162,1.0576059818267822,1.7694603204727173,1.2292646169662476,0.468990296125412,0.0534350723028183,0.23872315883636475,0.7042635679244995,0.7677751779556274,0.597728967666626,1.4842208623886108,0.3463685214519501,0.5426817536354065,0.917332649230957,1.0501043796539307,0.9375974535942078,0.015379087068140507,0.12561403214931488,0.743074357509613,0.3696974217891693,0.16031590104103088,0.2131957858800888
0.10772204399108887,0.060571346431970596,0.3983042538166046,1.2190613746643066,0.6934742331504822,1.0720897912979126,0.5685948133468628,5.649650573730469,0.23518984019756317,0.6841323375701904,0.2688753306865692,0.5352723598480225,0.622071385383606,0.00039999998989515007,1.0982885360717773,1.0735646486282349,0.19345945119857788,3.612696886062622,0.18541903793811798,0.00796278566122055,0.03910597786307335,0.5691015124320984,0.041896555572748184,0.6834123730659485,1.1707522869110107,0.6125428676605225,0.08638063073158264,0.6602662801742554,0.2279113382101059,0.5505476593971252,0.6855265498161316,0.07277557253837585,0.5838532447814941,0.15193556249141693,0.5990580320358276,0.008995069190859795,1.125031590461731,1.366534948348999,1.0496231317520142,0.8793834447860718,0.3431132435798645,0.03157682716846466,0.3811973035335541,0.4180510342121124,0.10361256450414658,1.1117578744888306,0.6131179928779602,0.6875443458557129,0.6149492859840393,1.147821307182312,0.2076159566640854,0.07377071678638458,0.15189148485660553,0.67695552110672,0.06324881315231323,0.4865477979183197,0.6362813711166382
0.3647186756134033,0.8501768112182617,0.15105386078357697,0.6153987646102905,0.4221521019935608,0.9972391724586487,0.7065377831459045,6.042068004608154,0.2504071295261383,0.4341883361339569,0.7628828287124634,1.332842469215393,0.2421928346157074,0.00039999998989515007,0.5083674788475037,0.6239339709281921,0.7182105779647827,3.228607177734375,0.26488542556762695,0.17208313941955566,0.3129423260688782,0.46840399503707886,0.4391806125640869,0.042733315378427505,1.0565292835235596,1.1649277210235596,0.5281970500946045,0.14656467735767365,0.4301835596561432,0.6356225609779358,0.8232787847518921,0.2925850749015808,1.501120686531067,0.7463130950927734,0.8209530115127563,0.3784298002719879,0.5818506479263306,1.0445290803909302,0.1859990656375885,0.9147696495056152,0.5587089657783508,0.07243073731660843,0.4193315804004669,0.18006683886051178,0.1645938903093338,1.153761863708496,0.41938653588294983,0.31526869535446167,0.12350375205278397,0.8856530785560608,0.6351951360702515,0.08948283642530441,1.0219061374664307,0.07644601166248322,0.28940078616142273,0.1862986832857132,0.4420299828052521
0.5006653666496277,0.1165018230676651,0.4854848384857178,1.1663353443145752,0.8208327889442444,1.1573710441589355,0.3131599724292755,5.401524543762207,0.968070387840271,0.9671617150306702,0.40704935789108276,0.04410795494914055,1.1511187553405762,0.00039999998989515007,1.300352692604065,1.628490924835205,0.07936156541109085,3.247986078262329,0.4902932643890381,0.36970755457878113,0.06547164916992188,1.118284821510315,0.12616977095603943,0.48785775899887085,1.404962420463562,0.4916384220123291,0.5294039249420166,0.13108108937740326,0.3373030126094818,0.8620041012763977,0.07817532867193222,0.6731054782867432,0.2477419674396515,0.38281792402267456,0.003051766660064459,0.5389983654022217,0.9419674277305603,1.0922856330871582,0.8290365934371948,0.7291474342346191,0.3304482102394104,0.2785642743110657,0.5621398091316223,0.3043861389160156,0.13998296856880188,0.5337551236152649,0.6663512587547302,0.4267864227294922,0.3734285831451416,1.5805397033691406,0.590288519859314,0.10276434570550919,0.16413919627666473,0.5111096501350403,0.14697183668613434,0.10676287859678268,0.04208676517009735
0.07700503617525101,0.38832801580429077,0.32703039050102234,1.1722183227539062,1.0224575996398926,0.9034926891326904,0.892606258392334,5.44056510925293,0.5197041630744934,0.4314623177051544,0.08692316710948944,0.869674563407898,0.40562334656715393,0.00039999998989515007,0.34553390741348267,0.10820033401250839,0.14602144062519073,3.6853652000427246,0.08535360544919968,0.10380847007036209,0.06161519140005112,0.34940898418426514,0.4406590461730957,0.7871684432029724,1.0810081958770752,0.37453335523605347,0.41739702224731445,1.0351732969284058,0.17229081690311432,0.2180621176958084,0.3030751049518585,0.14220599830150604,0.1236681193113327,0.11388641595840454,0.533172607421875,0.06770219653844833,0.6841238737106323,1.6954721212387085,0.5686403512954712,1.2523273229599,0.3010149896144867,0.18512417376041412,0.4618265926837921,0.4783574640750885,0.34124520421028137,1.7501678466796875,0.8059712648391724,0.29754501581192017,1.0362179279327393,0.5380428433418274,0.39843758940696716,0.015291577205061913,0.5578349232673645,0.7793219089508057,0.4626314640045166,0.08027709275484085,0.2317744940519333
0.22623436152935028,0.17507979273796082,0.258205771446228,1.0797961950302124,0.8853400349617004,1.281335473060608,0.48851317167282104,5.6492133140563965,0.16513551771640778,0.753090500831604,0.32045823335647583,0.579964280128479,0.626556932926178,0.00039999998989515007,0.9565555453300476,1.2690935134887695,0.02783137559890747,3.4218297004699707,0.05339663848280907,0.18089169263839722,0.04905511066317558,0.6647828817367554,0.1435888707637787,0.43306243419647217,1.4919360876083374,0.6291025876998901,0.09301333129405975,0.5979576706886292,0.1362033188343048,0.6533662676811218,0.43326494097709656,0.2701781988143921,0.587985634803772,0.4403732717037201,0.3803638815879822,0.4049953818321228,0.9289109110832214,1.2997277975082397,1.1134089231491089,0.9614837169647217,0.22859877347946167,0.3360779583454132,0.37778279185295105,0.4199271500110626,0.11910002678632736,1.026178002357483,0.5670731067657471,0.521966814994812,0.6137528419494629,1.478949785232544,0.25124675035476685,0.25813549757003784,0.4985317885875702,0.5732857584953308,0.32381755113601685,0.0935516431927681,0.4038357436656952
0.43042877316474915,0.17251917719841003,0.5896404385566711,1.455044150352478,0.9313671588897705,0.9824432134628296,0.5158275365829468,5.315010070800781,0.43347349762916565,1.100005865097046,0.33391621708869934,0.26802873611450195,1.01446533203125,0.00039999998989515007,1.189656138420105,1.106534481048584,0.3958631753921509,3.393632411956787,0.42385444045066833,0.4595552980899811,0.1372784972190857,1.3957054615020752,0.13765829801559448,0.9865968823432922,1.1450287103652954,0.4901800751686096,0.4262404143810272,0.1767992377281189,0.46750375628471375,0.5844411849975586,0.21000665426254272,0.4860953688621521,0.051854707300662994,0.12899617850780487,0.27022936940193176,0.13950833678245544,1.1565775871276855,1.109057903289795,0.5227190256118774,1.074933648109436,0.004567632917314768,0.07058780640363693,0.7034309506416321,0.2352597415447235,0.19188407063484192,0.6592023372650146,1.010359764099121,0.4997475743293762,0.3494056463241577,1.1968309879302979,0.2576594054698944,0.08775198459625244,0.2728201150894165,0.6338018178939819,0.003180186962708831,0.29578012228012085,0.1595902442932129
0.2065090388059616,0.08569954335689545,0.32768818736076355,1.0749640464782715,0.7509118914604187,1.3089383840560913,0.5243737101554871,5.618111610412598,0.19506563246250153,0.7899138927459717,0.30046963691711426,0.6301826238632202,0.7209319472312927,0.00039999998989515007,1.021648645401001,1.3057186603546143,0.048263031989336014,3.390500545501709,0.05064357444643974,0.16647987067699432,0.019721301272511482,0.6420601606369019,0.09584125876426697,0.45106732845306396,1.470306396484375,0.6963856220245361,0.07695167511701584,0.5947436094284058,0.13890892267227173,0.6726768016815186,0.446653813123703,0.18985424935817719,0.6230958104133606,0.4024602770805359,0.3541223406791687,0.40342965722084045,0.9754379391670227,1.338848352432251,1.1554069519042969,0.879148006439209,0.14437122642993927,0.312582403421402,0.35106974840164185,0.510737419128418,0.11444748938083649,1.039893388748169,0.5714862942695618,0.5009313225746155,0.5951781272888184,1.497001051902771,0.19787779450416565,0.22230595350265503,0.5211750268936157,0.5081281065940857,0.29371193051338196,0.14639611542224884,0.3940063416957855
0.40926480293273926,1.3991889953613281,0.3953961133956909,0.8508995175361633,0.3583727180957794,0.8062416911125183,1.1994578838348389,5.165463924407959,1.05172860622406,1.0212970972061157,0.1504194140434265,1.2765562534332275,0.9589689373970032,0.00039999998989515007,0.9549537897109985,0.6429781317710876,1.167072057723999,2.6269021034240723,0.23481446504592896,0.33310404419898987,0.425665020942688,1.0118273496627808,0.1302221268415451,0.1965467482805252,0.8046402335166931,1.438653826713562,0.9012629985809326,0.6165629029273987,1.3590279817581177,0.7062812447547913,0.32502850890159607,0.48446211218833923,1.2738738059997559,0.7500900030136108,0.8051831722259521,0.33703693747520447,0.5936170816421509,0.7455397844314575,0.4094051718711853,0.5855510830879211,0.16480787098407745,0.2702651917934418,0.6869631409645081,0.2742766737937927,0.7231436967849731,0.5440992712974548,1.0443806648254395,0.8543850183486938,0.4453093409538269,0.7460115551948547,1.3445998430252075,0.4578102231025696,0.5342704653739929,0.6287339925765991,0.19893993437290192,0.5697826743125916,0.2979139983654022
0.046310316771268845,0.29086247086524963,0.12292806059122086,1.3327741622924805,0.90842205286026,1.2593003511428833,0.3458987772464752,5.491344451904297,0.3871413767337799,0.5974562168121338,0.4864511489868164,0.33294835686683655,0.20413139462471008,0.00039999998989515007,0.7475256323814392,1.035340428352356,0.22617603838443756,3.2287051677703857,0.1726580113172531,0.026696359738707542,0.19485968351364136,0.4264880418777466,0.05097667872905731,0.39958852529525757,1.596088171005249,0.4395690858364105,0.06320024281740189,0.9390866756439209,0.5445689558982849,0.5901671648025513,0.39220476150512695,0.20415671169757843,0.8329440951347351,0.4600510895252228,0.7358781695365906,0.06886367499828339,0.9116446375846863,1.290733814239502,1.1633285284042358,1.407811164855957,0.7781147360801697,0.2421942800283432,0.24726822972297668,0.21690304577350616,0.04558400437235832,0.972760021686554,0.6516377925872803,0.7977219820022583,0.9804990887641907,1.1027754545211792,0.16445714235305786,0.2785550057888031,0.44936874508857727,0.7922935485839844,0.5140119791030884,0.19049736857414246,0.7280517220497131
0.42866846919059753,0.8204547762870789,0.3006684184074402,0.1678696572780609,0.5059372782707214,0.9798531532287598,0.24719321727752686,5.682941436767578,0.16597653925418854,0.11161568760871887,1.1843445301055908,0.7685911655426025,0.16240550577640533,0.00039999998989515007,0.7708422541618347,1.1037933826446533,0.14451158046722412,2.8887386322021484,0.19304388761520386,0.01048088725656271,0.003724623704329133,0.2707839906215668,0.17336292564868927,0.2790665626525879,0.9157013297080994,1.0957341194152832,0.8069707751274109,0.05004240572452545,0.27035680413246155,1.2037650346755981,1.4245154857635498,0.11781910806894302,1.933776617050171,0.5051692128181458,0.4578613340854645,0.5582058429718018,0.7550614476203918,0.8461953997612,0.915121853351593,0.41625669598579407,0.804699182510376,0.11901657283306122,0.06670480966567993,0.0705079659819603,0.1493082195520401,0.868977963924408,0.41709646582603455,0.35209670662879944,0.16305479407310486,1.2511956691741943,0.07157107442617416,0.5764607787132263,1.673977255821228,0.6234757304191589,0.2568747103214264,0.4669773578643799,1.2311298847198486
0.21021994948387146,0.23893246054649353,0.2331141233444214,1.0208024978637695,0.917427659034729,1.2678704261779785,0.5553490519523621,5.679959297180176,0.10019359737634659,0.6588892936706543,0.363903284072876,0.5997148752212524,0.5328091382980347,0.00039999998989515007,0.8970136642456055,1.2353075742721558,0.12737108767032623,3.45676851272583,0.039416778832674026,0.15314820408821106,0.00020042769028805196,0.5643832087516785,0.19119969010353088,0.37508532404899597,1.4442929029464722,0.582148551940918,0.01013124082237482,0.646049976348877,0.21462875604629517,0.6285950541496277,0.48100247979164124,0.2334633618593216,0.5887985229492188,0.41671887040138245,0.3753971457481384,0.43586066365242004,0.8801917433738708,1.3410969972610474,1.1662532091140747,0.8996333479881287,0.22999383509159088,0.3956356942653656,0.3867570459842682,0.43817514181137085,0.2366666942834854,1.104153037071228,0.4849472641944885,0.5280376672744751,0.6580737829208374,1.474225640296936,0.15694069862365723,0.3253341615200043,0.5083281397819519,0.6250962615013123,0.36875349283218384,0.04630935192108154,0.44818440079689026
0.1142849400639534,0.20265361666679382,0.4991808831691742,0.9646360874176025,0.6615807414054871,1.282914400100708,0.5796254873275757,5.312417030334473,0.29799583554267883,1.0774887800216675,0.1590690165758133,0.7569273710250854,0.7586398124694824,0.00039999998989515007,1.1425238847732544,1.3647218942642212,0.7134135365486145,3.514460802078247,0.03969564288854599,0.15400275588035583,0.12047399580478668,0.6005978584289551,0.004012282006442547,0.4732712209224701,1.3350259065628052,0.7840225696563721,0.13760872185230255,0.4526747465133667,0.2121194452047348,0.5235888957977295,0.8489127159118652,0.4278358221054077,0.3474685251712799,0.696361780166626,0.7381269931793213,0.4391721785068512,0.8507924675941467,1.150908350944519,1.3791695833206177,0.5873426795005798,0.09905597567558289,0.3558591604232788,0.3974262773990631,0.6341521739959717,0.07087048143148422,0.7017925977706909,0.6517712473869324,0.645777702331543,0.0845533162355423,1.7744581699371338,0.6431894898414612,0.3794819414615631,0.3499334454536438,0.13240481913089752,0.4024186432361603,0.4322030544281006,0.421153724193573
0.34046363830566406,0.08528082072734833,0.3886394500732422,1.2567108869552612,0.6641865372657776,1.1565123796463013,0.700009822845459,5.457508563995361,0.7774407267570496,0.9191835522651672,0.3509257137775421,0.09607338905334473,1.2152382135391235,0.00039999998989515007,1.2288118600845337,1.623258352279663,0.1773056834936142,3.320375919342041,0.46891412138938904,0.32020407915115356,0.08027270436286926,0.9121896624565125,0.2383340299129486,0.5563896894454956,1.3862727880477905,0.37583526968955994,0.4370480477809906,0.09878513216972351,0.11042062193155289,0.8858930468559265,0.18376725912094116,0.3512710928916931,0.14627663791179657,0.15763640403747559,0.21424390375614166,0.4707014560699463,0.9739856719970703,1.1486878395080566,0.9122973680496216,0.8141782879829407,0.35980522632598877,0.11026986688375473,0.7860000729560852,0.45337003469467163,0.019771192222833633,0.5520917773246765,0.5195619463920593,0.6236987709999084,0.7141761183738708,1.4811100959777832,0.15414826571941376,0.055326640605926514,0.09107320755720139,0.7793298959732056,0.30392807722091675,0.04447512701153755,0.22754435241222382
0.18981802463531494,0.6308339834213257,0.18146899342536926,0.7101943492889404,1.4443527460098267,1.39486825466156,0.6302027702331543,5.266074180603027,0.08669393509626389,0.4064461588859558,0.5420715808868408,0.30369874835014343,0.3494024872779846,0.00039999998989515007,0.6967674493789673,1.362267255783081,0.4155663251876831,3.0473036766052246,0.09625396132469177,0.0555211678147316,0.12214495241641998,0.3995550274848938,0.10464991629123688,0.04166720062494278,1.8858146667480469,0.4987685978412628,0.03683850169181824,0.8886678218841553,0.43476352095603943,0.5723681449890137,0.3955758810043335,0.5746381282806396,0.42079997062683105,0.8021392226219177,0.25860533118247986,0.6689921617507935,0.7150180339813232,1.0728777647018433,1.3808938264846802,1.214996576309204,0.6561625599861145,0.6254019141197205,0.46656978130340576,0.46841177344322205,0.23671767115592957,0.8196085691452026,0.3268788754940033,0.8113207221031189,0.6787243485450745,1.6409250497817993,0.3858987092971802,0.6580954790115356,0.7614346146583557,0.8408236503601074,0.450724720954895,0.3584645688533783,0.6591009497642517
0.12145792692899704,0.7474631667137146,0.21410365402698517,0.8462327122688293,1.2156022787094116,1.4831615686416626,0.44645169377326965,5.241623401641846,0.07693595439195633,0.3697076737880707,0.4968257248401642,0.07299649715423584,0.27774494886398315,0.00039999998989515007,0.8016051650047302,1.5166510343551636,0.22550398111343384,2.9441254138946533,0.14089617133140564,0.08653426170349121,0.034650158137083054,0.2637577950954437,0.0659986361861229,0.008450123481452465,1.9622026681900024,0.18948394060134888,0.11529556661844254,0.8509669303894043,0.7254726886749268,0.896221399307251,0.003049620194360614,0.4645119309425354,0.7086143493652344,0.6314246654510498,0.1459072232246399,0.5467321276664734,0.6665298938751221,1.0434114933013916,1.5951379537582397,1.1722757816314697,0.5261531472206116,0.5203311443328857,0.38605642318725586,0.2668217122554779,0.21240352094173431,0.7273748517036438,0.29673144221305847,0.8745983839035034,1.010910153388977,1.6004570722579956,0.4996087849140167,0.4488770663738251,0.831135094165802,0.8181772232055664,0.7809532284736633,0.27567020058631897,0.5619392991065979
0.15023204684257507,0.08553562313318253,0.13483861088752747,0.9874675869941711,0.7998577356338501,1.276611566543579,0.6117321252822876,5.84872579574585,0.23748549818992615,0.5191660523414612,0.23782992362976074,0.48844289779663086,0.6066777110099792,0.00039999998989515007,0.8368207812309265,1.2707668542861938,0.02393435314297676,3.3340532779693604,0.06253167986869812,0.12073707580566406,0.06325489282608032,0.48268723487854004,0.11988451331853867,0.40457579493522644,1.511968731880188,0.5084539651870728,0.03468069061636925,0.7031970620155334,0.3256298005580902,0.590290904045105,0.4168662130832672,0.21938857436180115,0.5332567691802979,0.30790218710899353,0.16371241211891174,0.3618418574333191,1.0159409046173096,1.3553258180618286,1.1340879201889038,0.9381148815155029,0.1385480910539627,0.4967691898345947,0.45037010312080383,0.5817451477050781,0.22114726901054382,1.0221316814422607,0.38403043150901794,0.5527741312980652,0.7450307607650757,1.4323467016220093,0.04408892244100571,0.32363948225975037,0.5286434888839722,0.65500408411026,0.5206540822982788,0.05132697895169258,0.5488723516464233
0.032254915684461594,0.037760693579912186,0.21366457641124725,1.010278344154358,0.4910971224308014,0.9958111047744751,0.5711607336997986,5.673763275146484,0.43947362899780273,0.5676532983779907,0.58774733543396,0.23965761065483093,0.5668665766716003,0.00039999998989515007,1.228903889656067,1.1114200353622437,0.020694371312856674,3.3993144035339355,0.0895402729511261,0.2700902819633484,0.03153565898537636,0.67393958568573,0.2723880410194397,0.47467443346977234,1.1710389852523804,0.39938244223594666,0.5298690795898438,0.47007322311401367,0.6369232535362244,1.2604215145111084,0.45539093017578125,0.199225515127182,1.0625180006027222,0.01092345267534256,0.31397807598114014,0.13763365149497986,0.9726771116256714,1.1872656345367432,1.3445814847946167,0.7366523146629333,0.5660009384155273,0.2691483795642853,0.4791586101055145,0.28310734033584595,0.06014392152428627,0.7504732608795166,0.3122280538082123,0.8747540712356567,0.6895017623901367,1.2286795377731323,0.3656714856624603,0.10843164473772049,0.6736716032028198,0.8751631379127502,0.3750852644443512,0.52140212059021,0.7250059247016907
0.0587315671145916,0.3801681399345398,0.3604637086391449,0.9275244474411011,1.0023218393325806,0.9393945336341858,0.6573032140731812,5.738251209259033,0.12825912237167358,0.721782922744751,0.2004258781671524,0.7127883434295654,0.4197254180908203,0.00039999998989515007,0.903505265712738,0.9182026982307434,0.4580310583114624,3.600989580154419,0.2008647620677948,0.08365069329738617,0.0705019161105156,0.6062265038490295,0.06862271577119827,0.34641778469085693,1.436606526374817,0.6196571588516235,0.12624286115169525,0.5596598386764526,0.12675727903842926,0.5085227489471436,0.4860590100288391,0.31681954860687256,0.4015933573246002,0.6015939116477966,0.6871104836463928,0.6448119878768921,0.6517913341522217,1.324533224105835,1.0998597145080566,0.9005231857299805,0.4342549443244934,0.34255921840667725,0.38878026604652405,0.5652704238891602,0.26609888672828674,1.0507313013076782,0.6916291117668152,0.4401278495788574,0.43793800473213196,1.488911509513855,0.3695777356624603,0.29493364691734314,0.28666067123413086,0.5715967416763306,0.08095143735408783,0.12275886535644531,0.2408204823732376
0.09482445567846298,0.3323773145675659,0.23935750126838684,1.0834124088287354,0.9141409993171692,1.0815571546554565,0.4461643099784851,5.823176860809326,0.21322616934776306,0.6722947359085083,0.42773592472076416,0.7255997657775879,0.2583426535129547,0.00039999998989515007,0.7923480868339539,0.9520045518875122,0.11142464727163315,3.687704563140869,0.13550952076911926,0.06219107285141945,0.06732378900051117,0.5324001908302307,0.2819691300392151,0.41201239824295044,1.308167576789856,0.5100021958351135,0.13198046386241913,0.706408679485321,0.15110944211483002,0.5548301339149475,0.5310355424880981,0.18972088396549225,0.5638227462768555,0.4575355052947998,0.7078443169593811,0.353211373090744,0.6920850276947021,1.2958797216415405,1.0319948196411133,0.9480210542678833,0.3811160624027252,0.29448628425598145,0.2911343276500702,0.34800317883491516,0.25000888109207153,1.1614794731140137,0.6503788232803345,0.4559617340564728,0.656201183795929,1.3159105777740479,0.28955721855163574,0.20317114889621735,0.32189828157424927,0.5690839290618896,0.3071465790271759,0.13167251646518707,0.37241584062576294
0.48156824707984924,0.9780389070510864,0.4181828796863556,1.2820751667022705,1.0551574230194092,1.0313719511032104,1.2190284729003906,4.908258438110352,0.20297974348068237,0.4893333315849304,0.15993253886699677,0.5351817607879639,0.2460172027349472,0.00039999998989515007,0.4495137631893158,0.8927155137062073,0.21528688073158264,3.7318320274353027,0.48650839924812317,0.6351242661476135,0.3460940420627594,0.40821707248687744,0.9114612936973572,0.938291072845459,0.5701444149017334,0.11335565894842148,0.8408286571502686,0.9961516857147217,0.07583519071340561,0.019302813336253166,0.5046276450157166,0.10842791199684143,0.42365071177482605,0.37918683886528015,0.09733015298843384,0.061264026910066605,0.8543328642845154,1.4963802099227905,0.9112944602966309,0.5314930081367493,0.4785842299461365,0.6510655879974365,0.7761679291725159,0.2455451488494873,0.7534304857254028,1.5533127784729004,0.38995835185050964,0.6689934730529785,1.1211954355239868,0.997576892375946,0.6576907634735107,0.3018684983253479,0.545792281627655,0.8570021986961365,0.5284002423286438,0.21892262995243073,0.20226995646953583
0.5011179447174072,0.26501426100730896,0.9311739206314087,0.12506963312625885,1.025405764579773,1.2581793069839478,0.26195937395095825,5.302627086639404,0.8699954748153687,0.7329045534133911,0.46547892689704895,0.5656268000602722,0.30042827129364014,0.00039999998989515007,0.57143634557724,0.7681263089179993,0.6433802843093872,2.371945858001709,0.2903897166252136,0.4015805721282959,0.3296118676662445,0.5844061374664307,1.0263255834579468,0.6781821846961975,1.458290934562683,0.08577056974172592,0.33200258016586304,0.5082457065582275,0.36566826701164246,0.27226582169532776,0.13722161948680878,0.5279114246368408,1.125243902206421,0.48044532537460327,0.49501392245292664,0.7874193787574768,0.12122254818677902,1.2852736711502075,0.48921817541122437,0.8079684972763062,0.19089733064174652,1.2728385925292969,0.2591593563556671,0.01988975889980793,0.813776433467865,1.5127530097961426,0.5376779437065125,0.438989520072937,1.3469487428665161,0.8426702618598938,0.25628578662872314,0.8091551065444946,1.0742299556732178,0.606769859790802,1.7323228120803833,1.356972098350525,0.007638680748641491
0.1862598955631256,0.2138608992099762,0.04963086545467377,1.0529601573944092,1.199342966079712,1.1454071998596191,0.8285926580429077,5.5869598388671875,0.12322890758514404,0.4392518699169159,0.31097379326820374,0.519681990146637,0.4175492227077484,0.00039999998989515007,0.6628047227859497,1.1116145849227905,0.18288776278495789,3.39483380317688,0.23932485282421112,0.2224941998720169,0.014185567386448383,0.5423388481140137,0.31874093413352966,0.5090044140815735,1.3644040822982788,0.5374693274497986,0.1217791959643364,0.8993111848831177,0.29185906052589417,0.25722959637641907,0.7680667042732239,0.3258753716945648,0.2519075274467468,0.3535391688346863,0.3753121793270111,0.1710490584373474,1.0364621877670288,1.3425005674362183,0.9867224097251892,1.1342498064041138,0.4451524317264557,0.5204369425773621,0.5754826664924622,0.4525434970855713,0.3309457302093506,1.1246564388275146,0.3936964273452759,0.7652751803398132,0.708525538444519,1.2458566427230835,0.34785792231559753,0.5542542934417725,0.21894459426403046,0.9831824898719788,0.31594303250312805,0.040219418704509735,0.8080729842185974
0.23127441108226776,0.3330148458480835,0.24990445375442505,1.0065383911132812,0.9485805034637451,1.22411048412323,0.6547723412513733,5.762372016906738,0.07943554222583771,0.6059705018997192,0.28648385405540466,0.43861350417137146,0.501092791557312,0.00039999998989515007,0.8966683149337769,1.3120325803756714,0.19632403552532196,3.5477170944213867,0.1689302921295166,0.14483040571212769,0.06665441393852234,0.5478525161743164,0.19375170767307281,0.43719133734703064,1.3394445180892944,0.41313427686691284,0.05418975278735161,0.6159340739250183,0.25776416063308716,0.6465186476707458,0.4362955689430237,0.20094868540763855,0.4902023375034332,0.2690008878707886,0.2529063820838928,0.3741045594215393,0.8800187110900879,1.3290125131607056,1.1928044557571411,0.813420832157135,0.12855738401412964,0.41573360562324524,0.505868136882782,0.37190091609954834,0.3019145131111145,1.0815595388412476,0.3941669464111328,0.5925670862197876,0.7109434008598328,1.4466980695724487,0.013078236021101475,0.31688326597213745,0.39621108770370483,0.7058649063110352,0.3787286877632141,0.046971846371889114,0.4582754373550415
0.5637450218200684,0.5200541615486145,0.08702866733074188,0.5353675484657288,0.820719838142395,1.033596158027649,0.1999564915895462,6.183398723602295,0.4503878653049469,0.297953724861145,0.730713963508606,1.0579959154129028,0.10345810651779175,0.00039999998989515007,0.4714479148387909,0.9845820069313049,0.008793996647000313,3.457554817199707,0.2001204788684845,0.3865119218826294,0.05900192633271217,0.43419939279556274,0.6808317303657532,0.01270592026412487,0.9165934324264526,0.9130827784538269,0.18875008821487427,0.11930558830499649,0.30789899826049805,0.5418172478675842,1.2052468061447144,0.4373638927936554,1.0935245752334595,0.5866643190383911,0.5261903405189514,0.48313015699386597,0.6270127892494202,1.0838572978973389,0.49353256821632385,0.5461199283599854,0.2775379419326782,0.4954640865325928,0.00798898097127676,0.09448648244142532,0.2752305865287781,1.2155053615570068,0.025774506852030754,0.0008489664760418236,0.031067879870533943,1.2446434497833252,0.1861078292131424,0.6329041719436646,0.906348466873169,0.47765445709228516,0.26175427436828613,0.07346829026937485,0.7070082426071167
0.2373909056186676,0.6864669919013977,0.25744083523750305,0.9444307088851929,0.943859338760376,1.0144991874694824,1.1705282926559448,5.392550468444824,0.0326693169772625,0.3348759710788727,0.09545861929655075,0.53776615858078,0.421482652425766,0.00039999998989515007,0.5040916800498962,1.058754801750183,0.24198275804519653,3.599311590194702,0.28717827796936035,0.2626812160015106,0.3306203782558441,0.237711101770401,0.47106197476387024,0.521960437297821,1.063970923423767,0.15627601742744446,0.5269597172737122,0.7558006644248962,0.4336477518081665,0.26633864641189575,0.21925199031829834,0.07766472548246384,0.04644829034805298,0.08793684095144272,0.059924665838479996,0.4145994782447815,0.8083082437515259,1.6402134895324707,1.0572104454040527,0.6173378825187683,0.28176602721214294,0.6628395318984985,0.7395108938217163,0.5345064997673035,0.750961422920227,1.5269789695739746,0.23156486451625824,0.5103820562362671,1.2059550285339355,1.2304797172546387,0.5592440962791443,0.342380553483963,0.02174871787428856,0.9577335119247437,0.686452329158783,0.39855605363845825,0.24227064847946167
0.22574549913406372,0.46788346767425537,0.37731918692588806,0.979438304901123,0.956703782081604,1.2344330549240112,0.8284679055213928,5.4910478591918945,0.1065078154206276,0.662591278553009,0.17584474384784698,0.34665408730506897,0.5912296175956726,0.00039999998989515007,1.0339072942733765,1.4266655445098877,0.4337689280509949,3.499479293823242,0.2568320333957672,0.1270226538181305,0.10826139897108078,0.5701603889465332,0.11338731646537781,0.4924497604370117,1.3271592855453491,0.41005560755729675,0.1139834001660347,0.5927935838699341,0.26053088903427124,0.6517841219902039,0.43275919556617737,0.19764654338359833,0.363942950963974,0.24872367084026337,0.21395467221736908,0.44168153405189514,0.9261370897293091,1.3604052066802979,1.3488818407058716,0.6916838884353638,0.04000682756304741,0.4538237154483795,0.6183633804321289,0.4641159176826477,0.37559229135513306,1.0734308958053589,0.41925540566444397,0.7018435001373291,0.6983283758163452,1.5592708587646484,0.046903401613235474,0.33736735582351685,0.3148844242095947,0.7604379057884216,0.29306259751319885,0.10110004991292953,0.4494345188140869
0.19672039151191711,0.12107735127210617,0.26336053013801575,0.8745535612106323,0.7991244792938232,1.1703805923461914,0.8169023394584656,5.058004856109619,0.40155982971191406,0.7681088447570801,0.7732712626457214,0.22706690430641174,0.5809683203697205,0.00039999998989515007,1.3172775506973267,1.473097324371338,0.5140247344970703,3.1914641857147217,0.38318607211112976,0.08528506010770798,0.05552353337407112,0.749279797077179,0.20979097485542297,0.5804319977760315,1.182654857635498,0.659609317779541,0.4727135896682739,0.5883932113647461,0.5236025452613831,1.073142170906067,0.9878774881362915,0.053644850850105286,0.7773842811584473,0.1913089156150818,0.43059536814689636,0.18015961349010468,1.162388801574707,0.914997935295105,1.5142602920532227,0.774386465549469,0.7571727633476257,0.08413021266460419,0.7364422082901001,0.3396286070346832,0.06175738573074341,0.6172780394554138,0.28845152258872986,1.208024263381958,0.2690776586532593,1.495859146118164,0.35403355956077576,0.2735684812068939,0.7383676767349243,0.945398211479187,0.05419011041522026,0.6578047871589661,1.1942156553268433
0.23371343314647675,0.40376415848731995,0.32968729734420776,1.0432990789413452,1.0157091617584229,1.295891523361206,0.7054758667945862,5.385954856872559,0.0723460465669632,0.7558598518371582,0.4434092044830322,0.5982203483581543,0.38275909423828125,0.00039999998989515007,0.9292230606079102,1.3170123100280762,0.43391501903533936,3.496950149536133,0.1310783177614212,0.18035714328289032,0.034270528703927994,0.5780201554298401,0.27235347032546997,0.523300051689148,1.350272536277771,0.5828849077224731,0.19399406015872955,0.7852656841278076,0.14766475558280945,0.5122047662734985,0.7178279757499695,0.2499016523361206,0.36775821447372437,0.45435988903045654,0.5401703715324402,0.3523551821708679,0.9022746086120605,1.2581385374069214,1.286546230316162,0.8427596092224121,0.2727527618408203,0.4286389648914337,0.49968960881233215,0.4286794066429138,0.31385722756385803,1.1170706748962402,0.5382809042930603,0.7054264545440674,0.5915915369987488,1.5723503828048706,0.1252375990152359,0.4084569215774536,0.3536592721939087,0.7025686502456665,0.18961414694786072,0.1614120900630951,0.5921638011932373
0.24201901257038116,0.41566622257232666,0.3276214003562927,1.0423576831817627,1.0270670652389526,1.3132903575897217,0.7148252725601196,5.381372928619385,0.047308534383773804,0.7517983317375183,0.42829594016075134,0.5780524611473083,0.3921158015727997,0.00039999998989515007,0.9289761781692505,1.3399730920791626,0.42737290263175964,3.482698440551758,0.15118564665317535,0.19602380692958832,0.033784203231334686,0.5799870491027832,0.2758440673351288,0.5176381468772888,1.3619133234024048,0.5773454904556274,0.19120991230010986,0.7778818607330322,0.1491967886686325,0.5129007697105408,0.6994756460189819,0.2590969502925873,0.3569975793361664,0.44422411918640137,0.5087184309959412,0.35893434286117554,0.9079636335372925,1.2584755420684814,1.2833195924758911,0.843919038772583,0.25443506240844727,0.4406384825706482,0.5145252346992493,0.4231724441051483,0.31658414006233215,1.115670084953308,0.5263063311576843,0.7110059261322021,0.5977411866188049,1.5778493881225586,0.12337974458932877,0.42214375734329224,0.3493584394454956,0.7109541296958923,0.20685820281505585,0.1412278264760971,0.5873895883560181
0.21252933144569397,0.2655567228794098,0.3398854732513428,1.018576741218567,0.9053240418434143,1.4151121377944946,0.8512600660324097,5.2993669509887695,0.0705169066786766,0.7719569802284241,0.3060380518436432,0.5985621213912964,0.6999362707138062,0.00039999998989515007,1.0022485256195068,1.425980567932129,0.3699171245098114,3.324617624282837,0.1341392546892166,0.23255683481693268,0.025182845070958138,0.555977463722229,0.11198465526103973,0.5587291121482849,1.537743091583252,0.6380412578582764,0.16380378603935242,0.8167750239372253,0.24702472984790802,0.46707969903945923,0.5787692666053772,0.1306750476360321,0.2180752009153366,0.3376263380050659,0.2894864082336426,0.3255118131637573,1.0549700260162354,1.3156023025512695,1.346204161643982,0.8665618896484375,0.0839773491024971,0.4162212014198303,0.6282746195793152,0.7108357548713684,0.24655435979366302,1.0252076387405396,0.5501250624656677,0.7025058269500732,0.6454625129699707,1.6505767107009888,0.01650278829038143,0.37143465876579285,0.3708592355251312,0.6622400283813477,0.24157048761844635,0.007749896962195635,0.550139844417572
0.2466115951538086,0.3899216055870056,0.3397790789604187,1.0361055135726929,1.012652039527893,1.3098846673965454,0.7367843985557556,5.37953519821167,0.04910742864012718,0.7469687461853027,0.42254307866096497,0.5770456194877625,0.3932734727859497,0.00039999998989515007,0.9404982924461365,1.3678699731826782,0.45214205980300903,3.477466106414795,0.18003641068935394,0.19342519342899323,0.013114900328218937,0.5731505751609802,0.2780121862888336,0.5219821929931641,1.3243979215621948,0.5821290016174316,0.18672694265842438,0.7610535025596619,0.14893226325511932,0.5256941318511963,0.7188158631324768,0.24811182916164398,0.3815704882144928,0.42468827962875366,0.493370920419693,0.3578777015209198,0.9292368292808533,1.2711920738220215,1.2964749336242676,0.8194417357444763,0.23340478539466858,0.4459369480609894,0.5171703100204468,0.4182123839855194,0.3316589891910553,1.130301833152771,0.49611151218414307,0.7073279619216919,0.590937614440918,1.5820752382278442,0.08278359472751617,0.4308812916278839,0.36522066593170166,0.7107130885124207,0.19374766945838928,0.16040603816509247,0.5917763113975525
0.2733877897262573,0.35464566946029663,0.3288816511631012,1.0359079837799072,1.0009045600891113,1.313471794128418,0.6926729679107666,5.420203685760498,0.01923435553908348,0.7491256594657898,0.43275392055511475,0.5681063532829285,0.4052079916000366,0.00039999998989515007,0.9447510838508606,1.3682377338409424,0.4011459946632385,3.486100673675537,0.19246146082878113,0.2069115787744522,0.03373992070555687,0.6018165349960327,0.2768664062023163,0.5252079963684082,1.3316580057144165,0.5952968597412109,0.14758263528347015,0.7276401519775391,0.12551391124725342,0.5465582013130188,0.7209231853485107,0.2578687071800232,0.39541104435920715,0.42415618896484375,0.4907039999961853,0.339985728263855,0.9270039200782776,1.2551053762435913,1.2593554258346558,0.8242232799530029,0.24412328004837036,0.42402184009552,0.5119006633758545,0.3995586931705475,0.30517011880874634,1.112684726715088,0.5011192560195923,0.6980864405632019,0.5779557824134827,1.5693577527999878,0.09033995866775513,0.4147847890853882,0.37128522992134094,0.7126298546791077,0.19604000449180603,0.17266781628131866,0.6096779108047485
0.30854031443595886,0.12237748503684998,0.2903327941894531,1.1403834819793701,0.8910998702049255,1.3747881650924683,0.4665525257587433,5.506473064422607,0.04775172472000122,0.848784327507019,0.48050516843795776,0.5592876076698303,0.4936412572860718,0.00039999998989515007,1.005403995513916,1.406790018081665,0.10296625643968582,3.4091744422912598,0.1850174218416214,0.23076540231704712,0.15153318643569946,0.7487436532974243,0.21273517608642578,0.5693132877349854,1.4012072086334229,0.6820653676986694,0.08872322738170624,0.6608611345291138,0.04349374398589134,0.6601886749267578,0.6799386143684387,0.2909744083881378,0.5226929187774658,0.460841566324234,0.5148909687995911,0.21085713803768158,0.9862258434295654,1.1319379806518555,1.134109616279602,0.9660447835922241,0.3223952353000641,0.25958895683288574,0.4513993263244629,0.3119073510169983,0.08811470121145248,0.954470157623291,0.5906264185905457,0.6650184392929077,0.5199556946754456,1.51532781124115,0.20697052776813507,0.3053639829158783,0.4476560950279236,0.6450309157371521,0.19030524790287018,0.2583145499229431,0.6685110330581665
0.2515653371810913,0.6229327917098999,0.3652094304561615,0.9421669840812683,0.9360345602035522,1.1680115461349487,1.22395920753479,5.246487140655518,0.022251171991229057,0.4417939782142639,0.12304185330867767,0.6143343448638916,0.5008032917976379,0.00039999998989515007,0.610643208026886,1.1522279977798462,0.32099398970603943,3.488701581954956,0.29904550313949585,0.3113456964492798,0.3153524100780487,0.3106323778629303,0.5099062323570251,0.6193618178367615,1.073096513748169,0.3014618456363678,0.5787680745124817,0.8504637479782104,0.31070858240127563,0.21798035502433777,0.4066244661808014,0.0789213553071022,0.0604223795235157,0.07457459717988968,0.03277954086661339,0.3642204701900482,0.9475710988044739,1.6571123600006104,1.1594648361206055,0.6177775263786316,0.26381736993789673,0.6865427494049072,0.7034717202186584,0.579773485660553,0.7124190926551819,1.541094183921814,0.2886834442615509,0.525410532951355,1.058477759361267,1.2930660247802734,0.5811870098114014,0.3961992561817169,0.02836727723479271,0.8586587309837341,0.5368649363517761,0.2614675462245941,0.27925243973731995
0.12402384728193283,0.5488208532333374,0.0748697891831398,0.926672637462616,1.2116835117340088,1.0478795766830444,1.220648169517517,5.153946399688721,0.34295347332954407,0.35404253005981445,0.4864867925643921,0.9205490946769714,0.04061974585056305,0.00039999998989515007,0.2702101767063141,0.4411277770996094,0.19028079509735107,3.27042818069458,0.08288504928350449,0.40550801157951355,0.09164112061262131,0.24747523665428162,0.7917179465293884,0.8193562030792236,1.170935034751892,0.4263041615486145,0.7401926517486572,1.2437868118286133,0.3062571585178375,0.21687643229961395,1.022505760192871,0.044044412672519684,0.2221299260854721,0.09057168662548065,0.5943825840950012,0.15933223068714142,1.0456101894378662,1.4554587602615356,0.8234882950782776,1.1212738752365112,0.3557318150997162,0.8041424751281738,0.7957510948181152,0.7406334280967712,0.6053323149681091,1.4647305011749268,0.577751100063324,0.498431921005249,0.6959652900695801,1.091717004776001,0.555350661277771,0.5087277889251709,0.02948642708361149,0.9250468015670776,0.45428743958473206,0.3635462522506714,0.818560004234314
0.27171435952186584,0.3148963153362274,0.326599657535553,1.0283758640289307,0.987488329410553,1.3074029684066772,0.6742042303085327,5.4817352294921875,0.010638942942023277,0.7496568560600281,0.42324429750442505,0.5802387595176697,0.4001261293888092,0.00039999998989515007,0.9336947798728943,1.38297438621521,0.39569300413131714,3.4941070079803467,0.1922965943813324,0.206619992852211,0.03791830316185951,0.6031937003135681,0.2829453945159912,0.5050145387649536,1.3214313983917236,0.6167163848876953,0.1317920982837677,0.7093835473060608,0.09609764814376831,0.5323250889778137,0.7310727834701538,0.272714227437973,0.4138541519641876,0.43352922797203064,0.49558311700820923,0.3408820629119873,0.9168288707733154,1.253180742263794,1.2274649143218994,0.8282683491706848,0.24133671820163727,0.42099252343177795,0.4735977351665497,0.3769567906856537,0.2845369577407837,1.1107177734375,0.4972076117992401,0.6645317673683167,0.546992838382721,1.55935800075531,0.1071612536907196,0.4157934784889221,0.3789823651313782,0.6856490969657898,0.17359621822834015,0.1768958419561386,0.5938274264335632
0.21326181292533875,1.338683843612671,0.4706990718841553,0.31127452850341797,0.21382057666778564,1.0443708896636963,1.141171932220459,4.0361328125,0.8255910873413086,0.360449880361557,0.3892412781715393,0.1043338030576706,0.7253092527389526,0.00039999998989515007,1.6400166749954224,1.2817606925964355,0.6336185932159424,1.2105365991592407,0.8625797629356384,0.35331305861473083,0.15898564457893372,0.25850579142570496,1.3118199110031128,0.6823063492774963,1.9337161779403687,1.0355457067489624,1.585697054862976,0.5936114192008972,0.5496671199798584,1.7651207447052002,0.6626977920532227,0.33245307207107544,1.8375957012176514,0.8448824882507324,0.5477170348167419,0.7795947790145874,0.36576658487319946,0.4219869375228882,1.2975350618362427,0.43379828333854675,0.5361259579658508,0.776579737663269,0.2481895536184311,0.6886841058731079,0.6059651970863342,1.0959701538085938,0.19811277091503143,0.18817009031772614,0.9490941762924194,1.606972098350525,1.7211359739303589,0.1162942424416542,1.8581055402755737,0.1162271723151207,0.18889588117599487,0.3878270387649536,0.7261481881141663
0.17320317029953003,0.43176326155662537,0.21281471848487854,1.0508719682693481,0.9947102665901184,1.343907117843628,0.43769925832748413,5.400376319885254,0.1277952939271927,0.7674357295036316,0.7080765962600708,1.0036506652832031,0.08824525773525238,0.00039999998989515007,0.5537179708480835,0.9619801044464111,0.3440059721469879,3.4899911880493164,0.30354106426239014,0.2805483043193817,0.18246117234230042,0.33658498525619507,0.6290073990821838,0.4777389168739319,1.4436384439468384,0.6942139863967896,0.5695635676383972,1.0791127681732178,0.09573435038328171,0.14900608360767365,0.8580189943313599,0.3605000972747803,0.2814435660839081,0.7584100961685181,1.019574522972107,0.3310353755950928,0.637175440788269,1.1405400037765503,0.9810068607330322,0.9980789422988892,0.3727599084377289,0.620891273021698,0.1644963026046753,0.4153200685977936,0.2743750512599945,1.2311995029449463,0.8073225617408752,0.34460383653640747,0.47692322731018066,1.447135329246521,0.6127732992172241,0.43828144669532776,0.3556079864501953,0.3537099063396454,0.1940286010503769,0.030897144228219986,0.49130651354789734
0.39305379986763,0.3909645974636078,0.23697751760482788,1.1119178533554077,1.1702723503112793,1.230364441871643,0.500200092792511,5.597985744476318,1.4769774679734837e-05,0.7292693257331848,0.43804728984832764,0.6554645895957947,0.1925671249628067,0.00039999998989515007,0.6966745257377625,1.2093110084533691,0.19205954670906067,3.6815197467803955,0.20786824822425842,0.37354815006256104,0.1468723863363266,0.7038913369178772,0.5604874491691589,0.5432344079017639,1.2396063804626465,0.5597648620605469,0.2087336629629135,0.7153258323669434,0.1686871200799942,0.33939865231513977,0.738580584526062,0.45638710260391235,0.2331533432006836,0.5245503187179565,0.60960453748703,0.2553892433643341,0.7661532163619995,1.1764529943466187,0.8871544599533081,0.9700562953948975,0.2908168435096741,0.49263426661491394,0.4034596383571625,0.15547017753124237,0.26880404353141785,1.1577352285385132,0.5796055793762207,0.5416266322135925,0.5504220724105835,1.4027044773101807,0.2628971040248871,0.46344029903411865,0.17066502571105957,0.6891517639160156,0.19126681983470917,0.06475791335105896,0.5016427040100098
0.25185325741767883,0.7763650417327881,0.4637603163719177,1.0443181991577148,1.074597716331482,1.0286568403244019,1.1506383419036865,5.231386184692383,0.03806370496749878,0.5342506170272827,0.0838530957698822,0.8264182209968567,0.3724288046360016,0.00039999998989515007,0.42752453684806824,0.8981651663780212,0.3416327238082886,3.743633985519409,0.19883930683135986,0.4357556402683258,0.21497364342212677,0.4221029579639435,0.7594982981681824,0.708656370639801,0.9697679281234741,0.2980712354183197,0.8286628127098083,0.863301694393158,0.1201750710606575,0.14850012958049774,0.43356847763061523,0.15951219201087952,0.3130025863647461,0.1027025356888771,0.23609668016433716,0.34136834740638733,0.7433677911758423,1.6446870565414429,0.8328925371170044,0.6771215200424194,0.30802977085113525,0.7663081288337708,0.5900731086730957,0.48827433586120605,0.6933650374412537,1.6042661666870117,0.5549048185348511,0.33940625190734863,0.9269745349884033,1.179626703262329,0.258428692817688,0.4019354283809662,0.41981083154678345,0.7031222581863403,0.3161330223083496,0.29627636075019836,0.03352511301636696
0.3322494626045227,0.2856132984161377,0.22181515395641327,1.2288227081298828,1.2122375965118408,1.2603583335876465,0.74958336353302,5.4446611404418945,0.010740888305008411,0.8390299677848816,0.2454618513584137,0.7515321373939514,0.4764503836631775,0.00039999998989515007,0.6798743009567261,1.1713004112243652,0.02739228866994381,3.7022061347961426,0.27929583191871643,0.5364802479743958,0.0816916674375534,0.8322309255599976,0.5774356722831726,0.8060296177864075,1.1631429195404053,0.5282403826713562,0.1602172553539276,0.8138043880462646,0.1900375485420227,0.2470557540655136,0.8136224150657654,0.46311986446380615,0.003086320823058486,0.3874998688697815,0.4182632267475128,0.08603204786777496,0.9386553764343262,1.129031777381897,0.7732815146446228,1.2103612422943115,0.30874934792518616,0.2951739430427551,0.6202095150947571,0.10989748686552048,0.19863252341747284,0.9944921731948853,0.561747133731842,0.6905829906463623,0.5048748254776001,1.2399811744689941,0.0014099234249442816,0.4376998543739319,0.1131577119231224,0.8252572417259216,0.014478744007647038,0.0856587216258049,0.572067379951477
0.1374749094247818,0.1902860403060913,0.205089271068573,1.3853797912597656,1.123924732208252,1.2473193407058716,0.7094950079917908,5.392350196838379,0.2141476273536682,0.963036060333252,0.42659667134284973,1.0224360227584839,0.22005045413970947,0.00039999998989515007,0.6878981590270996,0.9776747822761536,0.10784388333559036,3.790118455886841,0.07477381080389023,0.5545555949211121,0.09778241068124771,0.6164054274559021,0.5954176783561707,0.7561782598495483,0.9760754108428955,0.616635262966156,0.4213215410709381,1.0133181810379028,0.14063429832458496,0.0947100967168808,1.0062226057052612,0.32456713914871216,0.08940407633781433,0.4429668188095093,0.7795815467834473,0.011036530137062073,0.7114871144294739,1.091471552848816,0.6975768208503723,1.207115888595581,0.4316185712814331,0.13032418489456177,0.38496851921081543,0.04234795272350311,0.33290234208106995,1.0965861082077026,0.6188842058181763,0.664456844329834,0.5027628540992737,1.0590990781784058,0.04161074012517929,0.5309423804283142,0.2098616063594818,0.8118382692337036,0.20227420330047607,0.24444782733917236,0.5670784115791321
0.2624007761478424,0.16966472566127777,0.1446937620639801,1.3834551572799683,1.1528793573379517,1.229297399520874,0.6040763258934021,5.367198944091797,0.27190640568733215,0.848591148853302,0.48940309882164,0.9395516514778137,0.19074071943759918,0.00039999998989515007,0.5377264618873596,0.997081458568573,0.2761152386665344,3.7760562896728516,0.2707462012767792,0.6508090496063232,0.22067159414291382,0.47631606459617615,0.7233816385269165,0.5870303511619568,0.9541722536087036,0.7285271883010864,0.39712774753570557,1.000077247619629,0.23460544645786285,0.11174949258565903,1.1375312805175781,0.4148617684841156,0.16277483105659485,0.5642843842506409,1.0853791236877441,0.17726412415504456,0.5954394936561584,1.2143781185150146,0.5104208588600159,1.101675271987915,0.4260333180427551,0.3552183210849762,0.229323610663414,0.05310003086924553,0.25673767924308777,1.177897334098816,0.6770893335342407,0.5570700168609619,0.3659686744213104,0.7724132537841797,0.1180356815457344,0.7443013787269592,0.25734469294548035,0.750816822052002,0.2843092083930969,0.23804114758968353,0.7771440148353577
0.18683820962905884,0.17442497611045837,0.0812026783823967,1.4381842613220215,0.9481876492500305,1.2436879873275757,1.115561604499817,5.33963680267334,0.18047183752059937,1.0562665462493896,0.06933386623859406,0.9073213338851929,0.32602763175964355,0.00039999998989515007,0.9281036853790283,1.0433882474899292,0.08185062557458878,3.996209144592285,0.20650319755077362,0.6847062110900879,0.4922802150249481,0.3907129764556885,0.40288299322128296,0.7522061467170715,0.40954896807670593,0.28491896390914917,0.5235615968704224,0.9810041189193726,0.16763077676296234,0.45575910806655884,1.1966592073440552,0.16505387425422668,0.24607296288013458,0.12756790220737457,0.2983931303024292,0.27818822860717773,0.4155418872833252,0.8611603379249573,0.8774837255477905,1.0125712156295776,0.1254652887582779,0.11754687875509262,0.5594789385795593,0.2850389778614044,0.7678918242454529,0.8464157581329346,0.034863680601119995,0.9861814379692078,0.4661678373813629,0.9516211152076721,0.15481193363666534,0.6504412293434143,0.29355883598327637,1.2716730833053589,0.27895817160606384,0.502480685710907,0.6284236907958984
0.3248876929283142,0.34500473737716675,0.3330536186695099,1.3775489330291748,1.2184425592422485,1.2999122142791748,0.7706984281539917,5.279073238372803,0.008823719806969166,0.7367627024650574,0.03990202769637108,0.6995635628700256,0.48353084921836853,0.00039999998989515007,0.6084840297698975,1.249743103981018,0.32643717527389526,3.8633341789245605,0.47926196455955505,0.7185067534446716,0.062113206833601,0.5039059519767761,0.7713508009910583,0.744782567024231,0.9661819934844971,0.43408140540122986,0.42078688740730286,0.9826186299324036,0.2847748100757599,0.0511380098760128,0.8688538074493408,0.6362923383712769,0.13315348327159882,0.448999285697937,0.6385136246681213,0.0375487245619297,0.684058427810669,1.2707668542861938,0.6722849607467651,0.9707255363464355,0.08459106832742691,0.41572707891464233,0.39512622356414795,0.0810355395078659,0.39063599705696106,1.179077386856079,0.6143237352371216,0.6457216739654541,0.579327404499054,0.8809205889701843,0.1074599027633667,0.5674774050712585,0.6061888933181763,0.8560339212417603,0.09373395144939423,0.11211951822042465,0.5192409753799438
0.4016075134277344,0.5120627284049988,0.034184932708740234,1.1484628915786743,1.5963784456253052,1.4047852754592896,0.6542124152183533,5.1671977043151855,0.0552879199385643,0.6398018002510071,0.4277151823043823,0.6564101576805115,0.16751126945018768,0.00039999998989515007,0.48655447363853455,1.4059715270996094,0.4596167206764221,3.5565855503082275,0.3125097453594208,0.6796572208404541,0.1480686366558075,0.488991379737854,0.7301546335220337,0.4306332767009735,1.333580493927002,0.5730141997337341,0.4432377815246582,1.0939433574676514,0.1933051347732544,0.01737377792596817,0.8909912705421448,0.7325258255004883,0.09215407818555832,0.7404565215110779,0.5626500248908997,0.1605861485004425,0.6480551362037659,1.0217673778533936,0.7519549131393433,1.20081627368927,0.37532076239585876,0.6493958830833435,0.34730690717697144,0.00806819275021553,0.4065379500389099,1.0163075923919678,0.4285440444946289,0.7439236640930176,0.599456250667572,1.2551132440567017,0.1616048663854599,0.9462228417396545,0.07158543169498444,0.9280402660369873,0.04892287403345108,0.22636349499225616,0.6382584571838379
0.5139986872673035,0.8764801025390625,0.10363482683897018,0.5951095223426819,0.6307594180107117,0.3067781329154968,0.5627535581588745,4.406777381896973,0.5932214260101318,0.5141705274581909,0.7857819199562073,0.41172218322753906,0.7272287607192993,0.00039999998989515007,0.07777490466833115,0.2573823630809784,0.8255138993263245,4.128211498260498,1.0166438817977905,0.19956429302692413,0.7450753450393677,0.2899027168750763,1.1225895881652832,0.09738419950008392,0.8070235848426819,0.3571476638317108,0.551993727684021,0.5622837543487549,0.22094041109085083,0.3837634325027466,2.17091703414917,0.5211463570594788,1.3133931159973145,0.3142055571079254,0.875040590763092,0.17379526793956757,0.020846793428063393,1.1209192276000977,0.332437664270401,0.6055721640586853,0.09495755285024643,0.9255305528640747,0.29596641659736633,0.823160707950592,1.2515933513641357,1.9059906005859375,0.4457430839538574,0.37493544816970825,0.22157564759254456,0.057135336101055145,0.8022329211235046,0.849589467048645,0.18114235997200012,1.1876155138015747,0.21262459456920624,0.6644630432128906,0.9498879313468933
0.0940600112080574,0.24765729904174805,0.20727311074733734,1.3799653053283691,1.2572088241577148,1.1397489309310913,0.4989669919013977,5.205653190612793,0.35715001821517944,0.9191715121269226,0.283835232257843,1.1993305683135986,0.12843891978263855,0.00039999998989515007,0.5561317205429077,0.862110435962677,0.12951616942882538,3.8215255737304688,0.023826828226447105,0.5881629586219788,0.18944409489631653,0.6147034168243408,0.7588685750961304,0.6834582686424255,0.9879411458969116,0.7132907509803772,0.48903486132621765,1.068928599357605,0.419506311416626,0.08962065726518631,0.9955593347549438,0.5260917544364929,0.034800492227077484,0.7072107791900635,1.074280858039856,0.001350678619928658,0.6077131032943726,1.0910651683807373,0.4447999894618988,1.3052982091903687,0.5082471370697021,0.1947479248046875,0.1809898018836975,0.015173765830695629,0.32702916860580444,1.1547555923461914,0.8529524207115173,0.482212096452713,0.4889988601207733,0.9125726222991943,0.30227628350257874,0.5375615358352661,0.44183146953582764,0.7156203389167786,0.3532104790210724,0.17273403704166412,0.3852389454841614
0.21772520244121552,0.015088235959410667,0.009886207059025764,1.5404208898544312,1.241287350654602,1.2955131530761719,0.2618033289909363,5.532140731811523,0.059635162353515625,0.8015889525413513,0.2684977352619171,0.8924823999404907,0.14516784250736237,0.00039999998989515007,0.5326184034347534,1.129581332206726,0.25930508971214294,3.7827413082122803,0.2094501107931137,0.7738707661628723,0.08197436481714249,0.5354292988777161,0.7850279808044434,0.6559091210365295,0.9757545590400696,0.5135307312011719,0.29446783661842346,0.9655765891075134,0.230265274643898,0.1304839849472046,0.8250342607498169,0.5664841532707214,0.3241039514541626,0.4909951388835907,0.736122190952301,0.22024346888065338,0.6247696876525879,1.0289924144744873,0.3453318774700165,1.3706589937210083,0.34937435388565063,0.11723001301288605,0.1429486721754074,0.4330827295780182,0.3667024075984955,1.079977035522461,0.5570815205574036,0.5099954009056091,0.7568453550338745,0.7169508337974548,0.10601042956113815,0.612372100353241,0.36096757650375366,0.937326192855835,0.06270206719636917,0.12174445390701294,0.5007940530776978
0.4341292977333069,0.4915538728237152,0.42524275183677673,0.6683770418167114,1.0383999347686768,0.8920556306838989,0.11050023138523102,5.34694766998291,0.5397013425827026,0.19556571543216705,1.0423791408538818,0.6971704363822937,0.1598210334777832,0.00039999998989515007,0.7043851017951965,1.2812081575393677,0.23170700669288635,3.6938769817352295,0.7980934977531433,0.5874330997467041,0.14576959609985352,0.16835609078407288,0.6555705666542053,0.20226384699344635,0.04870056360960007,0.6024624705314636,0.3995639383792877,0.5242921710014343,0.1403922289609909,0.8364571332931519,1.795257568359375,0.08719172328710556,1.38094961643219,0.09505529701709747,0.6510588526725769,0.2809535264968872,0.6505683660507202,0.6512938737869263,0.46440643072128296,0.6326917409896851,0.8686735033988953,0.2749321758747101,0.10509634763002396,0.7720965147018433,0.5616298317909241,0.8790380954742432,0.5354074239730835,0.9600453972816467,0.2178279161453247,0.3582204580307007,0.9156711101531982,0.7912798523902893,0.48368433117866516,1.3314778804779053,0.36277350783348083,0.6712442636489868,1.5226787328720093
0.33309414982795715,0.30961865186691284,0.03875242546200752,1.3008291721343994,1.1763949394226074,1.2763941287994385,0.38146284222602844,5.415926933288574,0.12007924169301987,0.8002172708511353,0.5565255880355835,1.0645723342895508,0.013992222025990486,0.00039999998989515007,0.2768070697784424,0.9609911441802979,0.21529114246368408,3.68786883354187,0.05995095148682594,0.6889065504074097,0.40101999044418335,0.3916656970977783,0.865733802318573,0.4327772855758667,1.1233630180358887,0.766406774520874,0.6829501390457153,0.9472478628158569,0.44090473651885986,0.2736594080924988,0.8711861968040466,0.46630337834358215,0.13088130950927734,0.7114384174346924,1.1141411066055298,0.161588653922081,0.5385738015174866,1.34464693069458,0.3933545649051666,1.0377914905548096,0.3546352982521057,0.7100881338119507,0.07652683556079865,0.07165499776601791,0.22362180054187775,1.3040302991867065,0.7213003635406494,0.2326207011938095,0.48514074087142944,0.9183862805366516,0.1762385070323944,0.8846363425254822,0.09974894672632217,0.44074490666389465,0.1986110359430313,0.1074381023645401,0.42927536368370056
0.37803056836128235,0.3416423201560974,0.00849207118153572,1.264480710029602,1.3052948713302612,1.3532031774520874,0.3981797397136688,5.500192642211914,0.06820870190858841,0.8559651970863342,0.4773569107055664,0.9441519379615784,0.055503182113170624,0.00039999998989515007,0.4665629267692566,1.067268967628479,0.28319936990737915,3.775826930999756,0.12691766023635864,0.7326011657714844,0.2124205231666565,0.677079439163208,0.8638685345649719,0.7137725949287415,0.986894965171814,0.48015570640563965,0.3749751150608063,1.042155385017395,0.36675432324409485,0.15471100807189941,0.7468178272247314,0.5397926568984985,0.010143972001969814,0.5605036616325378,0.6439201831817627,0.019566403701901436,0.6437456607818604,0.9799503087997437,0.4994596242904663,1.3332746028900146,0.38115206360816956,0.32607752084732056,0.3708258867263794,0.08608122915029526,0.2627728581428528,1.124518632888794,0.6106464862823486,0.5669523477554321,0.6929950714111328,1.0295199155807495,0.2779245972633362,0.47608983516693115,0.1468321532011032,0.7511140704154968,0.10263075679540634,0.06402947753667831,0.48934057354927063
0.2578677833080292,0.016794642433524132,0.4710061550140381,1.8026318550109863,1.026613712310791,1.1777945756912231,0.2469630092382431,5.047637462615967,0.2809024155139923,1.189596176147461,0.4714032709598541,0.9343375563621521,0.7114470601081848,0.00039999998989515007,0.739847719669342,1.0941663980484009,0.3859350085258484,3.662166118621826,0.25807055830955505,0.9365394711494446,0.23191547393798828,0.9644622206687927,0.6967964768409729,0.9706187844276428,0.8974306583404541,0.613564133644104,0.30304214358329773,0.7291222214698792,0.9561681747436523,0.1505827009677887,0.3734372556209564,0.7545257806777954,0.33232638239860535,0.5078054070472717,0.7868059873580933,0.2933591306209564,0.7062927484512329,1.0478336811065674,0.10947144776582718,1.2780089378356934,0.16717511415481567,0.04931609332561493,0.12907209992408752,0.1793898344039917,0.03195739537477493,0.8523967266082764,1.206026554107666,0.17686699330806732,0.5368562340736389,0.5994541645050049,0.4287389814853668,0.27391764521598816,1.0727970600128174,0.5089667439460754,0.4818394184112549,0.12456641346216202,0.1420087367296219
0.2695074677467346,0.2916003465652466,0.0761762335896492,1.5177600383758545,0.8565210103988647,1.2706804275512695,0.7056399583816528,4.9735283851623535,0.7329019904136658,0.7366223931312561,0.38631173968315125,0.5181516408920288,0.3523971736431122,0.00039999998989515007,1.0552563667297363,1.487865924835205,0.3548797369003296,3.5956966876983643,0.3851734399795532,0.5010551810264587,0.3217097520828247,0.011819050647318363,0.15961608290672302,0.6513732075691223,0.5485107898712158,0.3597046732902527,0.023920496925711632,1.200342059135437,0.71690833568573,0.6534122228622437,1.1902586221694946,0.016255317255854607,0.952968418598175,0.026861116290092468,0.727485179901123,0.6065474152565002,0.7234091758728027,0.8423749804496765,0.9262765645980835,1.118687629699707,0.6139069199562073,0.6435859203338623,0.19179175794124603,0.6561878323554993,0.5548213124275208,0.6901726722717285,0.06644221395254135,1.2866355180740356,0.7826719880104065,0.2660122513771057,0.840889036655426,0.5995142459869385,0.3215831518173218,1.395272970199585,0.5035504102706909,0.8157815933227539,1.130081295967102
0.2612781226634979,0.2525654435157776,0.2594235837459564,1.4190497398376465,1.3303793668746948,1.2201626300811768,0.2577851712703705,5.283579349517822,0.3011011481285095,0.6563241481781006,0.4761500656604767,0.9481351971626282,0.013862007297575474,0.00039999998989515007,0.06783489137887955,0.7304338812828064,0.14890199899673462,3.524730682373047,0.03891126438975334,0.8455418944358826,0.587092399597168,0.1366928219795227,0.8319383263587952,0.2464880496263504,1.2185380458831787,0.7545666694641113,0.593247652053833,0.9741413593292236,0.29849305748939514,0.5485621094703674,0.77618807554245,0.5120787024497986,0.11025670170783997,0.7225178480148315,1.4307745695114136,0.5516346096992493,0.3495543301105499,1.4619892835617065,0.03570841997861862,1.2841694355010986,0.5257680416107178,0.6534277200698853,0.023070232942700386,0.06756963580846786,0.1147516518831253,1.233762502670288,0.8485602140426636,0.11935380101203918,0.5347723960876465,0.32740354537963867,0.08190051466226578,1.0584462881088257,0.378184050321579,0.554143488407135,0.32426682114601135,0.2866397798061371,0.5806040167808533
0.22815126180648804,0.06144030764698982,0.12233497202396393,1.4519646167755127,1.28673255443573,1.2763692140579224,0.4624994993209839,5.405825614929199,0.17407962679862976,0.8186694383621216,0.26096275448799133,0.9810018539428711,0.28728681802749634,0.00039999998989515007,0.5091557502746582,1.1326433420181274,0.003613166743889451,3.693500280380249,0.1906077265739441,0.7175365686416626,0.20255446434020996,0.5923145413398743,0.7479419112205505,0.6885196566581726,1.1250523328781128,0.6936769485473633,0.36547160148620605,1.043778419494629,0.3046937584877014,0.03865251690149307,0.82412189245224,0.5737400650978088,0.05753881484270096,0.5847256779670715,0.8274000287055969,0.1927662193775177,0.7411931157112122,1.136770248413086,0.338456928730011,1.3391298055648804,0.37749186158180237,0.23768733441829681,0.22343946993350983,0.10522677004337311,0.289741575717926,1.1445517539978027,0.7262129187583923,0.4749238193035126,0.6716285347938538,0.808939516544342,0.010078665800392628,0.6331688761711121,0.4208776354789734,0.8233330249786377,0.20609170198440552,0.012413833290338516,0.4608282446861267
0.29818353056907654,0.050668902695178986,0.1221485286951065,1.1225717067718506,1.0622007846832275,1.0220006704330444,0.6560284495353699,5.371264934539795,0.7794094681739807,0.49473828077316284,0.6957684755325317,0.36629942059516907,0.40076494216918945,0.00039999998989515007,0.8939042687416077,1.4552967548370361,0.45687609910964966,3.6719157695770264,0.6678776741027832,0.2585756778717041,0.11893542110919952,0.5689038038253784,0.2739107012748718,0.6159694194793701,0.8964405655860901,0.6682814955711365,0.2949104905128479,0.7925955057144165,0.29868951439857483,0.6557183861732483,1.0887258052825928,0.07288583368062973,0.7044334411621094,0.13696302473545074,0.7266591191291809,0.4012584388256073,1.0795952081680298,1.07407808303833,0.7609360814094543,0.9181588292121887,0.778609573841095,0.08980007469654083,0.42779406905174255,0.15608662366867065,0.22380608320236206,0.9370480179786682,0.3188074827194214,0.9980819821357727,0.5725901126861572,0.7167371511459351,0.8716357350349426,0.4867886006832123,0.08526985347270966,1.1439259052276611,0.2594521641731262,0.5001071691513062,1.1234750747680664
0.27891188859939575,0.4915374517440796,0.2591315507888794,1.3733854293823242,1.0376648902893066,1.3072317838668823,0.9290236234664917,5.1860127449035645,0.05112843215465546,0.939597487449646,0.17310374975204468,1.2724897861480713,0.22201624512672424,0.00039999998989515007,0.1551893651485443,0.6555173993110657,0.28268101811408997,3.5839626789093018,0.06093771755695343,0.8792232275009155,0.05255502462387085,0.5196301937103271,1.0687062740325928,0.9874472618103027,0.8577696084976196,0.41888362169265747,1.0029219388961792,1.1471760272979736,0.40819716453552246,0.40292420983314514,0.5557358264923096,0.24739062786102295,0.5777300000190735,0.21522393822669983,0.44658759236335754,0.03831683471798897,0.6694366931915283,1.3636587858200073,0.3987942636013031,1.1409765481948853,0.16215534508228302,0.5731278657913208,0.5620930194854736,0.3164127469062805,0.42753779888153076,1.497505784034729,0.740710973739624,0.25001251697540283,0.8243896961212158,0.9320118427276611,0.029717952013015747,0.4629012942314148,0.5829747915267944,0.5211270451545715,0.1876962035894394,0.35620760917663574,0.010315626859664917
0.5341020822525024,0.4135842025279999,0.21230807900428772,1.1988576650619507,1.2581148147583008,1.203772783279419,0.21838362514972687,5.59326696395874,0.20307379961013794,0.6319293975830078,0.5468078851699829,1.3356579542160034,0.06896073371171951,0.00039999998989515007,0.04332345724105835,0.8584607839584351,0.374134361743927,3.5460400581359863,0.18548275530338287,1.015444040298462,0.35574254393577576,0.5232466459274292,1.2025468349456787,0.4457691013813019,0.8517952561378479,0.8967258334159851,0.2823638916015625,0.7524542808532715,0.7840777635574341,0.19360558688640594,1.16148841381073,0.8409966230392456,0.2792372703552246,0.8114928007125854,0.9238086938858032,0.1983884871006012,0.5002037286758423,0.8765750527381897,0.26493173837661743,1.279130458831787,0.4082423150539398,0.37223172187805176,0.083002008497715,0.38910484313964844,0.20207147300243378,1.1794813871383667,0.4588187038898468,0.025492534041404724,0.29991474747657776,0.6116855144500732,0.277553915977478,0.8447393178939819,0.14943040907382965,0.6035066246986389,0.15813949704170227,0.13792873919010162,0.5323155522346497
0.377342164516449,0.202279731631279,0.2896885275840759,1.1411488056182861,1.654296875,1.0062391757965088,0.3795919120311737,4.931891918182373,1.0566717386245728,0.7947523593902588,0.5772135853767395,1.05269455909729,0.3202432692050934,0.00039999998989515007,0.259016215801239,1.0062861442565918,0.2102573812007904,3.2692649364471436,0.17413803935050964,1.2718505859375,0.3610871732234955,0.6728072166442871,0.938932478427887,0.1165379136800766,0.8363500237464905,0.7762801051139832,0.20745721459388733,0.3742780089378357,1.5151063203811646,0.42404472827911377,0.555723249912262,1.6921435594558716,0.34322768449783325,1.3285303115844727,0.744474470615387,0.2846710681915283,0.04881618171930313,0.4618406593799591,0.8266772031784058,1.4438151121139526,0.11174038797616959,0.3883008360862732,0.28386250138282776,0.5199849009513855,0.15543325245380402,0.39929628372192383,0.6759042739868164,0.15576300024986267,0.06070142984390259,0.3969692587852478,1.129085659980774,1.0285242795944214,0.8656715154647827,0.551504373550415,0.8358692526817322,0.42441388964653015,0.17607364058494568
0.1761692613363266,0.014706630259752274,0.018693989142775536,0.9337158203125,0.694769561290741,1.3194464445114136,1.1852188110351562,5.17013692855835,0.08029310405254364,0.9278215765953064,0.5232470631599426,0.7526741623878479,0.48500287532806396,0.00039999998989515007,0.8178368210792542,1.315327763557434,0.2762293219566345,3.746206760406494,0.5131261944770813,0.7247481346130371,0.3246927559375763,0.36523568630218506,0.4746195375919342,1.026106834411621,0.1548992395401001,0.18873842060565948,0.22293733060359955,0.6553803086280823,0.27635708451271057,0.7458928227424622,1.6056768894195557,0.021878767758607864,0.40845900774002075,0.257460355758667,0.1100439801812172,0.3111370801925659,1.0123540163040161,0.8435438871383667,1.2678436040878296,0.6599019169807434,0.2820694148540497,0.18840552866458893,1.0732824802398682,0.21803665161132812,0.32898572087287903,0.5867809653282166,0.4570070505142212,1.3910479545593262,0.017690690234303474,1.0285805463790894,0.8788748383522034,0.6350668668746948,0.07486222684383392,0.9727145433425903,0.5165363550186157,0.7250276207923889,1.2383967638015747
0.4520127475261688,0.0958801880478859,0.8066585063934326,1.0968036651611328,1.5306121110916138,1.3856614828109741,0.5062495470046997,5.380268096923828,0.03086518682539463,0.2911381721496582,0.8787778615951538,0.8270688652992249,0.37775546312332153,0.00039999998989515007,0.2321597933769226,1.0388661623001099,0.23474673926830292,3.139497756958008,0.017836563289165497,0.8225103616714478,0.597238302230835,0.06931344419717789,0.9904630780220032,0.07507811486721039,1.4221967458724976,0.7754899263381958,0.17864668369293213,1.0325785875320435,0.3742612898349762,0.20073485374450684,0.8542195558547974,1.0193203687667847,0.5484337210655212,1.1643837690353394,1.0559333562850952,0.3590618669986725,0.2477588951587677,0.6888944506645203,0.1230483204126358,1.6078269481658936,0.8877406120300293,0.5676125884056091,0.3651488125324249,0.5441476702690125,0.03455615043640137,0.861823558807373,0.36837202310562134,0.2142077088356018,0.5457390546798706,0.4409262537956238,0.4985024034976959,1.1296350955963135,0.21919459104537964,0.6394586563110352,0.021637236699461937,0.4880429804325104,0.7755917906761169
0.017057349905371666,0.004323235712945461,0.415521502494812,1.7243943214416504,1.077633261680603,0.8931618928909302,0.2249969244003296,5.342245578765869,0.36167654395103455,1.1655495166778564,0.7503884434700012,0.9973467588424683,0.5422254204750061,0.00039999998989515007,0.6943452954292297,0.8141643404960632,0.26251789927482605,3.7928056716918945,0.032830510288476944,0.8214529752731323,0.11332982033491135,0.8475559949874878,0.6068275570869446,0.8129737973213196,0.7667706608772278,0.49211061000823975,0.41471898555755615,0.5185472965240479,0.9375565052032471,0.1556463986635208,0.2865636646747589,0.9137462973594666,0.3405363857746124,0.6195341944694519,0.8667693734169006,0.03512853756546974,0.33403271436691284,0.9465124011039734,0.25512659549713135,1.3032172918319702,0.12124381959438324,0.04275234416127205,0.08049196749925613,0.2791338264942169,0.22421401739120483,0.7648170590400696,1.120102047920227,0.034356143325567245,0.41915640234947205,0.4658550024032593,0.6504961848258972,0.30010151863098145,1.2512868642807007,0.5512532591819763,0.6036319136619568,0.15641464293003082,0.40425434708595276
0.45451998710632324,0.31920111179351807,0.21650566160678864,1.275341272354126,1.0691049098968506,1.2869296073913574,0.4939706325531006,5.5677170753479,0.1210070326924324,0.9817034602165222,0.6310001611709595,0.9865002036094666,0.11569446325302124,0.00039999998989515007,0.4081956744194031,0.9448795914649963,0.13822658360004425,3.709468126296997,0.08991193771362305,0.5995403528213501,0.3905859887599945,0.828761637210846,0.8275221586227417,0.8636229634284973,1.0783971548080444,0.6284775137901306,0.4306033253669739,0.9262433052062988,0.4562174379825592,0.07625751942396164,0.7973674535751343,0.41580966114997864,0.163213849067688,0.5305345058441162,0.8022311329841614,0.07490026205778122,0.7557138204574585,1.042778491973877,0.5215098857879639,1.1594889163970947,0.36042988300323486,0.43046921491622925,0.49405637383461,0.182901531457901,0.03824003040790558,1.1487778425216675,0.7923052906990051,0.4663751721382141,0.4544776678085327,1.1831209659576416,0.24280938506126404,0.4096447229385376,0.07857172191143036,0.4564281105995178,0.06697681546211243,0.02144124172627926,0.4695662558078766
0.46962904930114746,0.3861112594604492,0.581611156463623,1.176761507987976,1.444339394569397,1.5397839546203613,0.08156822621822357,5.647242546081543,0.5093298554420471,0.45333150029182434,0.597140908241272,1.032619595527649,0.01726359874010086,0.00039999998989515007,0.07011668384075165,1.3218287229537964,0.0036404754500836134,3.4201714992523193,0.2701229453086853,1.1446373462677002,0.28176480531692505,0.1951233446598053,1.0254954099655151,0.18624378740787506,0.9773572087287903,0.7034433484077454,0.3331642746925354,1.0015674829483032,0.5620689392089844,0.1724146157503128,1.151128888130188,1.0515995025634766,0.14854696393013,0.9217444062232971,0.5636960864067078,0.2892892062664032,0.35906994342803955,0.6624158024787903,0.010609334334731102,1.2410930395126343,0.2692889869213104,0.389937162399292,0.10232281684875488,0.4363844692707062,0.25746461749076843,0.7670416831970215,0.03564722463488579,0.4421834945678711,0.39681476354599,0.6884923577308655,0.10009340941905975,1.1820416450500488,0.022958582267165184,0.8417889475822449,0.1957494169473648,0.42178213596343994,0.7343671917915344
0.11479509621858597,0.1959269493818283,0.07405688613653183,1.184495449066162,0.8308312296867371,1.0775185823440552,0.9023516178131104,5.660482406616211,0.39867499470710754,0.7424052953720093,0.5064210295677185,0.5252260565757751,0.461223840713501,0.00039999998989515007,0.9863947629928589,1.4189037084579468,0.4402352273464203,3.816530466079712,0.6059916019439697,0.4897778332233429,0.13946284353733063,0.3803834021091461,0.21697714924812317,0.7084921598434448,0.4129878282546997,0.4576779901981354,0.00268320320174098,0.6883916854858398,0.3454975485801697,0.6727288365364075,1.1909384727478027,0.05547431856393814,0.5767168402671814,0.12188100069761276,0.4731946885585785,0.38720783591270447,0.8622205853462219,0.9715404510498047,0.8117265105247498,0.7392972707748413,0.4272400140762329,0.2568248212337494,0.5961930155754089,0.1985601782798767,0.4046439230442047,0.7678120136260986,0.061120547354221344,1.087419033050537,0.4021177291870117,0.6427248120307922,1.0235661268234253,0.5887085795402527,0.045212265104055405,1.1379523277282715,0.46807563304901123,0.6309186220169067,1.0433837175369263
0.31851455569267273,0.056174177676439285,0.0579109862446785,1.430734634399414,1.1779841184616089,1.2618367671966553,0.3730712831020355,5.79332160949707,0.04523221775889397,0.8385533094406128,0.34445977210998535,0.8933491110801697,0.2573431730270386,0.00039999998989515007,0.433064728975296,1.0833234786987305,0.12427472323179245,3.7439024448394775,0.2072289139032364,0.7122563719749451,0.3002943694591522,0.6052390933036804,0.7187135219573975,0.6736682653427124,1.054675579071045,0.6264713406562805,0.3470219671726227,0.8695899844169617,0.3467574119567871,0.012016240507364273,0.7238931655883789,0.5113605856895447,0.05166838690638542,0.5018796920776367,0.8061522245407104,0.28116539120674133,0.68941730260849,1.131072998046875,0.2771865427494049,1.2560092210769653,0.31437379121780396,0.3081669211387634,0.2998863458633423,0.06564860790967941,0.14908231794834137,1.082785964012146,0.6657401919364929,0.39350321888923645,0.5818167924880981,0.7653493285179138,0.03085886873304844,0.5888209939002991,0.2933300733566284,0.6608704328536987,0.13852570950984955,0.014359432272613049,0.4792249798774719
0.3179956376552582,0.07500530034303665,0.013093904592096806,1.2697428464889526,0.9976072311401367,1.525918960571289,0.7696657180786133,5.586559295654297,0.4391966462135315,1.0610941648483276,0.1978847086429596,0.9950535297393799,0.393728643655777,0.00039999998989515007,0.5502771735191345,1.1406928300857544,0.1898459643125534,3.837456226348877,0.2677079439163208,0.9896158576011658,0.10303027927875519,0.48682084679603577,0.7819516062736511,1.0620712041854858,0.4901018440723419,0.191399484872818,0.5721668004989624,0.7756339311599731,0.24588464200496674,0.2614161968231201,1.0862197875976562,0.47545599937438965,0.12427271902561188,0.1004558578133583,0.151048481464386,0.21454016864299774,0.7679123282432556,0.9259820580482483,0.7988091707229614,1.0643738508224487,0.05002303048968315,0.07699676603078842,0.8614264726638794,0.2185220718383789,0.3014359474182129,0.8605712652206421,0.019232504069805145,0.8643062114715576,0.3208666145801544,1.048071026802063,0.1576535999774933,0.6071475744247437,0.337676465511322,0.7500892877578735,0.2590903043746948,0.24486911296844482,0.6600059866905212
0.06369133293628693,0.26708680391311646,0.07137937098741531,1.1922205686569214,0.8898496031761169,1.1990567445755005,0.9474316835403442,5.441795349121094,0.3195149302482605,0.7721906304359436,0.4390254616737366,0.5873287916183472,0.5233154296875,0.00039999998989515007,1.0388426780700684,1.5143320560455322,0.3856608271598816,3.6644866466522217,0.5965269207954407,0.5669223666191101,0.28348401188850403,0.3662446439266205,0.23784372210502625,0.8075096011161804,0.43862447142601013,0.4216940402984619,0.02656916156411171,0.8357987999916077,0.43295952677726746,0.7457823753356934,1.2270578145980835,0.0014512448105961084,0.5310645699501038,0.1185581386089325,0.27763238549232483,0.2925998270511627,0.9202314019203186,0.8480207920074463,0.9208612442016602,0.8422313928604126,0.37920767068862915,0.36804303526878357,0.6838504672050476,0.2387135624885559,0.5221289396286011,0.7218002080917358,0.1652817577123642,1.2184081077575684,0.4998110234737396,0.7473969459533691,1.000701665878296,0.5807331204414368,0.07456065714359283,1.2906718254089355,0.4103514552116394,0.6171702146530151,1.0685030221939087
0.4336707890033722,0.10552171617746353,0.25971323251724243,1.3703818321228027,1.1671974658966064,1.2544347047805786,0.37263768911361694,5.585054874420166,0.1880926936864853,0.7606797814369202,0.2490643858909607,0.8169127702713013,0.48108822107315063,0.00039999998989515007,0.5402862429618835,1.2032320499420166,0.1989573985338211,3.6307566165924072,0.35026222467422485,0.6041914820671082,0.30134689807891846,0.7663174271583557,0.6945170164108276,0.8122101426124573,1.1628425121307373,0.6763630509376526,0.18776562809944153,0.9214798808097839,0.3792804777622223,0.11230424791574478,0.5334656238555908,0.43961572647094727,0.01101301796734333,0.42582786083221436,0.6726891994476318,0.25636905431747437,0.9693024754524231,1.2504271268844604,0.35193711519241333,1.229446291923523,0.23007738590240479,0.32137352228164673,0.38855302333831787,0.12266946583986282,0.09401113539934158,1.2146685123443604,0.8465961813926697,0.3943955600261688,0.7864607572555542,0.847072184085846,0.14122769236564636,0.32003548741340637,0.32064998149871826,0.6573817133903503,0.021636787801980972,0.052769601345062256,0.43859171867370605
0.2529909610748291,0.1467708945274353,0.23235470056533813,1.3771342039108276,1.2665995359420776,1.386038899421692,0.7522570490837097,5.47956657409668,0.08230158686637878,0.8247120380401611,0.01868598535656929,0.8042088150978088,0.5333203077316284,0.00039999998989515007,0.5786796808242798,1.2426071166992188,0.12199921905994415,3.6344590187072754,0.38163426518440247,0.7826217412948608,0.003886222140863538,0.5921729803085327,0.7224550247192383,0.8731566071510315,0.9989084601402283,0.4498112201690674,0.3949100077152252,1.0096721649169922,0.22364051640033722,0.09591174870729446,0.7510446310043335,0.6538621783256531,0.21528682112693787,0.424003928899765,0.4394567608833313,0.0721491128206253,0.7967298626899719,1.175352692604065,0.6190175414085388,1.152767539024353,0.0004664873122237623,0.26910337805747986,0.6054136157035828,0.002416833071038127,0.3438935875892639,1.0825624465942383,0.4854031205177307,0.671829879283905,0.6491782069206238,0.9302886724472046,0.24537093937397003,0.5531007051467896,0.5183746218681335,0.924106240272522,0.06127015873789787,0.018779363483190536,0.5047314763069153
0.2585163414478302,0.03158891201019287,0.00858556292951107,1.5038222074508667,1.2099653482437134,1.4364771842956543,0.5493754744529724,5.518452167510986,0.006080152001231909,0.9328514337539673,0.3315393626689911,0.9065072536468506,0.3333853781223297,0.00039999998989515007,0.48738470673561096,1.1657822132110596,0.049068719148635864,3.5822479724884033,0.3094707429409027,0.9169478416442871,0.18327507376670837,0.40031105279922485,0.7333274483680725,0.7395240068435669,0.9287700653076172,0.5929497480392456,0.5067302584648132,1.0268062353134155,0.17504115402698517,0.024291159585118294,0.9122470021247864,0.4736241400241852,0.021007301285862923,0.43386805057525635,0.8044666647911072,0.37596121430397034,0.6823594570159912,1.1823564767837524,0.43176862597465515,1.2226253747940063,0.23296841979026794,0.2937420606613159,0.4349480867385864,0.10275495797395706,0.2856447100639343,1.0774732828140259,0.4986273944377899,0.5957328081130981,0.5663316249847412,0.6598208546638489,0.32807251811027527,0.8111897706985474,0.3858838379383087,0.8214824199676514,0.2764522135257721,0.05559558793902397,0.7303763628005981
0.313740611076355,0.00177665741648525,0.13776639103889465,1.523765206336975,1.2190093994140625,1.4129674434661865,0.439956933259964,5.409460067749023,0.009752013720571995,0.9772366285324097,0.3105089068412781,0.9438766837120056,0.3768785297870636,0.00039999998989515007,0.6018745303153992,1.2532554864883423,0.023821469396352768,3.5448005199432373,0.32287079095840454,0.8744455575942993,0.19036626815795898,0.6148083209991455,0.7431824803352356,0.8661771416664124,0.9801708459854126,0.6407967209815979,0.41791921854019165,0.9922509789466858,0.2955203354358673,0.1046067550778389,0.8844123482704163,0.5071370005607605,0.007904648780822754,0.44572627544403076,0.7175412774085999,0.31583142280578613,0.8500963449478149,1.095255970954895,0.4592186212539673,1.2472659349441528,0.22490887343883514,0.22060245275497437,0.45854511857032776,0.09013974666595459,0.2712212800979614,1.0661859512329102,0.5879008769989014,0.6058734655380249,0.6154301762580872,0.8678995966911316,0.16237206757068634,0.6739242672920227,0.37877053022384644,0.8206580877304077,0.23390504717826843,0.09488984197378159,0.6222193241119385
0.0217308197170496,0.060229185968637466,0.08724134415388107,1.7354873418807983,1.0444927215576172,1.4679802656173706,0.28098931908607483,5.330920696258545,0.23675762116909027,1.0425217151641846,0.3243166506290436,1.0013786554336548,0.23127381503582,0.00039999998989515007,0.6630061864852905,1.1023136377334595,0.32553786039352417,3.54133939743042,0.03380459547042847,0.7685547471046448,0.08506203442811966,0.5168026685714722,0.6742880940437317,0.9862580299377441,0.9576480984687805,0.46397334337234497,0.4144361615180969,1.2109626531600952,0.06294038146734238,0.31337133049964905,0.7812957167625427,0.4086477756500244,0.24959103763103485,0.3991021513938904,0.7767653465270996,0.43695399165153503,0.777065634727478,0.9677135944366455,0.5882309079170227,1.439992904663086,0.3356137275695801,0.18212655186653137,0.34872710704803467,0.30830100178718567,0.3038786053657532,0.9987123608589172,0.6297471523284912,0.7237346172332764,0.895195722579956,0.7509890198707581,0.0002899387909565121,0.39969244599342346,0.4543452858924866,0.9161361455917358,0.0763411670923233,0.27002426981925964,0.5423691272735596
0.28657951951026917,0.0910969078540802,0.02949903905391693,1.400330901145935,1.3701456785202026,1.4276487827301025,0.3417452871799469,5.36123514175415,0.1268063485622406,0.8617023229598999,0.38036081194877625,1.0002809762954712,0.19083866477012634,0.00039999998989515007,0.539787232875824,1.1879072189331055,0.09666422009468079,3.541473627090454,0.2440766841173172,0.8540089130401611,0.12262974679470062,0.5073172450065613,0.8411740064620972,0.804993212223053,0.9400883913040161,0.5616465210914612,0.42454883456230164,1.1413849592208862,0.20370958745479584,0.17520356178283691,0.8966209292411804,0.548086941242218,0.09042637050151825,0.5133041739463806,0.7145410776138306,0.18702179193496704,0.7765389680862427,1.041091799736023,0.5303484201431274,1.346596121788025,0.33646103739738464,0.18384961783885956,0.4481860399246216,0.1584421545267105,0.39904290437698364,1.1724811792373657,0.5144498944282532,0.6607815027236938,0.7650019526481628,0.8570820093154907,0.07979114353656769,0.6172496676445007,0.3220006227493286,0.9376824498176575,0.07524362206459045,0.028913063928484917,0.672193706035614
0.12803786993026733,0.2712193727493286,0.4198778569698334,1.8660918474197388,0.9268221259117126,1.3545093536376953,0.42964401841163635,5.057876110076904,0.3831348121166229,1.2669013738632202,0.4864000678062439,0.9902517199516296,0.8630927801132202,0.00039999998989515007,0.8831131458282471,1.201056718826294,0.3488937318325043,3.5197949409484863,0.39456963539123535,1.1058269739151,0.08666380494832993,0.7484716176986694,0.634533166885376,1.262749195098877,0.599285900592804,0.4401952028274536,0.4173681139945984,0.764602541923523,0.5470014810562134,0.15433403849601746,0.6791119575500488,0.5672577023506165,0.18622177839279175,0.14855711162090302,0.4550141394138336,0.46385857462882996,0.8950358033180237,1.0212461948394775,0.24632030725479126,1.206936001777649,0.3015645444393158,0.24780809879302979,0.546492874622345,0.31017082929611206,0.28734132647514343,0.8071523904800415,0.6800346374511719,0.5508955717086792,0.589188814163208,0.585907518863678,0.14176353812217712,0.3733660876750946,1.0933018922805786,0.8285709023475647,0.5468540191650391,0.37171486020088196,0.22001966834068298
0.21586394309997559,0.004519862122833729,0.025395648553967476,1.5319291353225708,1.2700308561325073,1.5284403562545776,0.3885538876056671,5.244459629058838,0.09422741085290909,0.9353035092353821,0.3551558256149292,1.0169891119003296,0.26129084825515747,0.00039999998989515007,0.6212887167930603,1.2947425842285156,0.12569457292556763,3.4785540103912354,0.25674229860305786,0.9411367177963257,0.017687659710645676,0.4152294099330902,0.8063023686408997,0.8942891359329224,0.8630782961845398,0.5189490914344788,0.49394965171813965,1.2362169027328491,0.09478713572025299,0.21643804013729095,0.9435770511627197,0.44821205735206604,0.14119406044483185,0.3897712826728821,0.6380081176757812,0.32189688086509705,0.8294039964675903,1.005321741104126,0.6066820025444031,1.337354063987732,0.24252532422542572,0.05630233883857727,0.4597759544849396,0.2279839962720871,0.4610285758972168,1.1144217252731323,0.4296424686908722,0.7726620435714722,0.8452154397964478,0.8129646182060242,0.19729872047901154,0.6364626288414001,0.3771005868911743,0.9950502514839172,0.13041213154792786,0.10834432393312454,0.7173110842704773
0.21721918880939484,0.12908414006233215,0.048196982592344284,1.4987130165100098,1.0749248266220093,1.6398303508758545,0.5789198279380798,5.191679000854492,0.27312466502189636,1.152791142463684,0.24253679811954498,1.1652837991714478,0.42265841364860535,0.00039999998989515007,0.6309453248977661,1.0993311405181885,0.22631502151489258,3.5290658473968506,0.21691596508026123,1.0793002843856812,0.0603303387761116,0.4343809187412262,0.7760659456253052,1.1665326356887817,0.5959513783454895,0.38077521324157715,0.6126411557197571,1.0300039052963257,0.19422754645347595,0.21503762900829315,1.1553562879562378,0.4795733094215393,0.030490225180983543,0.2015320062637329,0.3525558114051819,0.3631165325641632,0.8633509874343872,0.9337310194969177,0.7323498129844666,1.2761114835739136,0.0875515565276146,0.11925985664129257,0.767036497592926,0.2664996087551117,0.3738531172275543,0.9596124887466431,0.14317236840724945,0.877690851688385,0.5029550194740295,0.9010465741157532,0.21455225348472595,0.6543412208557129,0.4816705584526062,0.8906112909317017,0.352098673582077,0.3108479976654053,0.754865825176239
0.16268867254257202,0.07897410541772842,0.19903621077537537,1.5619779825210571,1.132029414176941,1.519436001777649,0.6224897503852844,5.185599327087402,0.121540866792202,1.16323983669281,0.20639845728874207,1.095550775527954,0.4443812668323517,0.00039999998989515007,0.755767285823822,1.2237730026245117,0.10502193868160248,3.4788169860839844,0.2474578619003296,0.9675920009613037,0.05984615162014961,0.5857487320899963,0.7181222438812256,1.1054006814956665,0.7617850303649902,0.5026731491088867,0.5418803095817566,1.0922993421554565,0.16940952837467194,0.2444813847541809,1.023293137550354,0.44393834471702576,0.05099000409245491,0.2936021685600281,0.4630642533302307,0.20569103956222534,0.8715547323226929,0.9414039254188538,0.6877142786979675,1.27045738697052,0.11465076357126236,0.05776038393378258,0.6772976517677307,0.14992475509643555,0.44036227464675903,0.9823333024978638,0.382506787776947,0.8271819949150085,0.6092516183853149,0.9802606105804443,0.1768975555896759,0.6066097021102905,0.4696485996246338,0.9643062949180603,0.2744203209877014,0.2736067473888397,0.6367781758308411
0.5008950233459473,0.520268976688385,0.10145820677280426,1.3090840578079224,1.2617520093917847,1.3769186735153198,0.09591224789619446,5.3693695068359375,0.1597030758857727,0.8108896613121033,0.6252120137214661,1.4197425842285156,0.08941984176635742,0.00039999998989515007,0.2491305023431778,1.0187817811965942,0.2698333263397217,3.3110668659210205,0.29621386528015137,1.1061488389968872,0.2450985610485077,0.5361883640289307,1.1595884561538696,0.7178784012794495,0.7929623126983643,0.9406746029853821,0.3519100844860077,0.9270187616348267,0.5948377251625061,0.034978803247213364,1.368727445602417,0.6933821439743042,0.2608107626438141,0.6846199035644531,0.8359501957893372,0.2738008499145508,0.7669646143913269,0.8541441559791565,0.042243827134370804,1.2802410125732422,0.3677494525909424,0.2247416228055954,0.21455679833889008,0.2898671627044678,0.30412739515304565,1.1765960454940796,0.3528633415699005,0.31346607208251953,0.3390600085258484,0.7547454237937927,0.02763657458126545,0.8684275150299072,0.13096298277378082,0.7723104953765869,0.22033008933067322,0.02624364010989666,0.8093583583831787
0.017252886667847633,0.09965863078832626,0.5394617319107056,1.7763127088546753,1.0526524782180786,1.1678897142410278,0.5349130630493164,5.047059059143066,0.17579559981822968,1.3852561712265015,0.4464692175388336,1.007433295249939,0.7149698138237,0.00039999998989515007,0.879854679107666,0.962208092212677,0.23676492273807526,3.5201785564422607,0.07877928018569946,0.7657093405723572,0.08887942135334015,0.9906464219093323,0.5157697796821594,1.2065377235412598,0.9432970285415649,0.519989550113678,0.4267846643924713,0.7811840176582336,0.5966405272483826,0.11729446798563004,0.4931737184524536,0.6540597081184387,0.3723011910915375,0.45990070700645447,0.7084062695503235,0.08493363112211227,0.7830555438995361,0.9790322184562683,0.33720821142196655,1.3873651027679443,0.031173288822174072,0.10835892707109451,0.5809623003005981,0.029501644894480705,0.16310647130012512,0.7437061071395874,1.0597118139266968,0.48975223302841187,0.459872305393219,0.864271879196167,0.34661397337913513,0.2629186809062958,0.9996992349624634,0.6838856935501099,0.5042294263839722,0.3242678940296173,0.023182790726423264
0.32841747999191284,0.5095999836921692,0.10211597383022308,1.254732370376587,1.6099501848220825,1.5057485103607178,0.842311680316925,4.989927291870117,0.1816072314977646,0.5957231521606445,0.16382795572280884,0.9428965449333191,0.35013166069984436,0.00039999998989515007,0.10195285081863403,1.136069655418396,0.11489123851060867,3.1037755012512207,0.19797168672084808,0.9765697717666626,0.04182209447026253,0.23040156066417694,0.9736424684524536,0.6643111705780029,1.2644422054290771,0.48540306091308594,0.8889209032058716,1.3347156047821045,0.10731154680252075,0.4082544445991516,0.5544539093971252,0.5705263018608093,0.505577027797699,0.45400896668434143,0.24853593111038208,0.05031444877386093,0.7403625845909119,1.3366515636444092,0.5186188220977783,1.3451788425445557,0.01428117137402296,0.7757347822189331,0.5981656908988953,0.2446988970041275,0.5864941477775574,1.3587546348571777,0.4101831018924713,0.5195654630661011,1.014495849609375,0.8851614594459534,0.35422375798225403,0.9705448746681213,0.45959657430648804,0.9424089193344116,0.13900478184223175,0.7067995667457581,0.4038679301738739
0.0834280401468277,0.13920772075653076,0.20558911561965942,1.449721097946167,1.2999606132507324,1.2579255104064941,0.5565648674964905,5.292325019836426,0.24000923335552216,1.0247340202331543,0.31403860449790955,1.1428853273391724,0.25380033254623413,0.00039999998989515007,0.586666464805603,0.9724506139755249,0.16003955900669098,3.505178689956665,0.04231158643960953,0.6505390405654907,0.1995372176170349,0.6307055354118347,0.6799052357673645,0.8173360228538513,1.0893373489379883,0.7308855652809143,0.5234770178794861,1.0842920541763306,0.2532598674297333,0.001012391410768032,0.9466102719306946,0.5103415250778198,0.054312895983457565,0.6274080872535706,0.9345442056655884,0.07687436789274216,0.7555887699127197,1.0936455726623535,0.539774477481842,1.3560049533843994,0.4827139675617218,0.18797914683818817,0.44641417264938354,0.09163064509630203,0.3172371983528137,1.0955960750579834,0.7397915124893188,0.5815536975860596,0.509511411190033,0.9658530354499817,0.022493895143270493,0.6448612213134766,0.3923315405845642,0.7979812026023865,0.33934423327445984,0.1322813332080841,0.5321552157402039
0.28513622283935547,0.22031961381435394,0.04043549671769142,1.3064444065093994,1.1211035251617432,1.3009334802627563,0.2740858495235443,5.465489387512207,0.32655641436576843,0.8633148074150085,0.7422370910644531,1.138689398765564,0.02290440909564495,0.00039999998989515007,0.21539616584777832,0.7801110744476318,0.07785697281360626,3.4207072257995605,0.03826707601547241,0.5985828042030334,0.4935431182384491,0.40780743956565857,0.8431260585784912,0.5736780762672424,1.209481954574585,0.8372398018836975,0.6188046336174011,1.0769503116607666,0.29876938462257385,0.18561039865016937,0.8819534182548523,0.38949447870254517,0.13595499098300934,0.736595630645752,1.246321201324463,0.24154266715049744,0.6045211553573608,1.3008525371551514,0.4381552040576935,1.190004825592041,0.5420856475830078,0.5924863219261169,0.22785760462284088,0.2183530330657959,0.10160474479198456,1.335096836090088,0.8271127343177795,0.2815322279930115,0.4923962354660034,0.8288930654525757,0.04885174334049225,0.7233561277389526,0.02939370833337307,0.4173957407474518,0.07816588878631592,0.04528301954269409,0.6449272036552429
0.6059028506278992,0.08871965110301971,0.15070554614067078,1.3583890199661255,1.1831610202789307,1.3714667558670044,0.2168804556131363,5.5166497230529785,0.10677651315927505,0.8451606035232544,0.5640546083450317,0.8417755365371704,0.30676671862602234,0.00039999998989515007,0.4501037895679474,1.0705876350402832,0.10815222561359406,3.568132162094116,0.4025046229362488,0.7013832330703735,0.44231563806533813,0.7251923084259033,0.7810488939285278,0.903174638748169,1.0073556900024414,0.6566287279129028,0.23445306718349457,0.7913493514060974,0.4378455877304077,0.12538203597068787,0.9150914549827576,0.505021333694458,0.0575016625225544,0.4075864851474762,0.800653338432312,0.47465670108795166,0.9928265810012817,1.1779451370239258,0.47752493619918823,1.1675574779510498,0.38650110363960266,0.3033989667892456,0.5316577553749084,0.030823195353150368,0.04623112082481384,1.1847764253616333,0.6351754665374756,0.5387647151947021,0.47104570269584656,0.9116213917732239,0.15105950832366943,0.500586211681366,0.19850440323352814,0.5747650265693665,0.13432028889656067,0.14430950582027435,0.7873646020889282
0.339891642332077,0.015569580718874931,0.3465740382671356,1.709151268005371,0.8335286378860474,1.1785882711410522,0.710363507270813,5.175487041473389,0.7672813534736633,1.0341010093688965,0.7314454317092896,1.0318154096603394,0.9305382370948792,0.00039999998989515007,0.369463711977005,0.8962695598602295,0.5231347680091858,3.39019513130188,0.46154022216796875,1.306242823600769,0.1280861794948578,0.5379466414451599,0.910200297832489,1.1116204261779785,0.37335994839668274,0.2849072217941284,0.8236101865768433,0.5496483445167542,0.7385627627372742,0.4568117558956146,0.2796075642108917,0.34633001685142517,0.6517036557197571,0.2056414633989334,0.10581441223621368,0.4760584533214569,0.7056593894958496,1.4348058700561523,0.15699000656604767,0.9015700221061707,0.8656712770462036,0.3368901014328003,0.6198720932006836,0.00518389604985714,0.36842018365859985,1.1386594772338867,0.5869029760360718,0.05349886044859886,0.6766797304153442,0.28501397371292114,0.5352950692176819,0.4963066875934601,1.2480931282043457,0.5545752644538879,0.3149638772010803,0.22822444140911102,0.16149088740348816
0.16850495338439941,0.09914243221282959,0.18910355865955353,1.5317485332489014,1.095502257347107,1.4414787292480469,0.5522350668907166,5.42820930480957,0.17493371665477753,1.0102288722991943,0.3366495668888092,0.9804248809814453,0.33406275510787964,0.00039999998989515007,0.6450371742248535,1.2254347801208496,0.04580060392618179,3.5952084064483643,0.17446526885032654,0.7070204615592957,0.05084322392940521,0.5383002758026123,0.6784780621528625,0.9601543545722961,0.9511795043945312,0.49067437648773193,0.4675370156764984,1.150567650794983,0.08779648691415787,0.1951606571674347,0.9071153998374939,0.3660728335380554,0.02884642593562603,0.3411160707473755,0.6509703397750854,0.2864915728569031,0.858269989490509,1.0079289674758911,0.7430410981178284,1.278706669807434,0.2434559464454651,0.04546113312244415,0.5357726812362671,0.06632782518863678,0.2817783057689667,1.0388554334640503,0.5348883271217346,0.794775128364563,0.6845772862434387,0.9792025685310364,0.0944603979587555,0.45524486899375916,0.3516547381877899,0.7999604344367981,0.12977094948291779,0.2217784970998764,0.6425116062164307
0.21783457696437836,0.02640262246131897,0.13408967852592468,1.3960332870483398,1.1800888776779175,1.3728408813476562,0.5559725165367126,5.617088317871094,0.08233436942100525,0.8477689623832703,0.2247570902109146,0.9723804593086243,0.42549702525138855,0.00039999998989515007,0.5377774238586426,1.1567827463150024,0.16882658004760742,3.582423448562622,0.23063579201698303,0.6782335042953491,0.025315474718809128,0.5585801601409912,0.6947271227836609,0.9120154976844788,0.9917985796928406,0.4894139766693115,0.3582042157649994,1.0165730714797974,0.09020150452852249,0.18334349989891052,0.8189619183540344,0.42722412943840027,0.07573534548282623,0.3010193407535553,0.4496752917766571,0.20822745561599731,0.9255341291427612,1.1330318450927734,0.6481143236160278,1.3253505229949951,0.24336086213588715,0.1153656616806984,0.596725583076477,0.0456353984773159,0.28739801049232483,1.121523141860962,0.42857617139816284,0.6600589752197266,0.7062322497367859,0.925849974155426,0.24295783042907715,0.4612330496311188,0.30306485295295715,0.8499706387519836,0.05124843120574951,0.0911698192358017,0.6132611036300659
0.3792873024940491,0.46586015820503235,0.04444947466254234,1.2511887550354004,1.2696051597595215,1.2554773092269897,0.4552375078201294,5.63787841796875,0.12068789452314377,0.4495491087436676,0.40267589688301086,0.5327472686767578,0.07056298106908798,0.00039999998989515007,0.3832610249519348,0.9162003397941589,0.48280709981918335,3.5972607135772705,0.27834442257881165,0.6092444658279419,0.31117579340934753,0.32060855627059937,0.6714989542961121,0.2896765172481537,1.1505683660507202,0.6224324107170105,0.5638023018836975,0.9230510592460632,0.020081285387277603,0.150147944688797,0.6123379468917847,0.57606440782547,0.13113820552825928,0.7397387623786926,0.9284951090812683,0.04289115220308304,0.30139923095703125,1.266710638999939,0.6678537130355835,1.1794819831848145,0.3042179346084595,0.8002927303314209,0.37269073724746704,0.03873781859874725,0.5168825387954712,1.594637393951416,0.7744276523590088,0.3629094362258911,0.7425788640975952,0.7154465913772583,0.2979602515697479,0.6562761664390564,0.15612582862377167,0.7127646207809448,0.3968566656112671,0.19709140062332153,0.46203720569610596
0.1104559451341629,0.07611905038356781,0.009795110672712326,1.600782036781311,1.0339579582214355,1.2157150506973267,0.2279767245054245,5.674448013305664,0.527097761631012,0.9915452599525452,0.3745870888233185,0.9625666737556458,0.11594853550195694,0.00039999998989515007,0.5749825239181519,0.8392984867095947,0.2161945402622223,3.6748788356781006,0.14093370735645294,0.4491560161113739,0.2632714509963989,0.40910717844963074,0.47700756788253784,0.6730296015739441,1.0065582990646362,0.5376274585723877,0.3041532337665558,1.1215580701828003,0.03505969047546387,0.16571597754955292,0.7150063514709473,0.36190909147262573,0.38188835978507996,0.577213704586029,1.1916296482086182,0.3831644356250763,0.49699878692626953,1.0113463401794434,0.470300555229187,1.5291321277618408,0.6956175565719604,0.13364502787590027,0.17350038886070251,0.1840444654226303,0.09314479678869247,0.9279459118843079,0.8156206011772156,0.5900443196296692,0.6391267776489258,0.4741402566432953,0.1062798872590065,0.3444596230983734,0.35432347655296326,0.6867353320121765,0.2635694444179535,0.35483846068382263,0.6279566884040833
0.3576655089855194,0.2618510127067566,0.12382085621356964,1.3470590114593506,1.0257987976074219,1.3690623044967651,0.31583309173583984,5.658947467803955,0.17820850014686584,0.8515427112579346,0.623253345489502,0.9823461771011353,0.12725730240345,0.00039999998989515007,0.33559656143188477,1.0387910604476929,0.011584366671741009,3.479628562927246,0.06108488142490387,0.5586840510368347,0.4233936071395874,0.4616142511367798,0.7420684099197388,0.6356046199798584,1.237138271331787,0.7117226719856262,0.6038371324539185,1.0219043493270874,0.26323452591896057,0.07600073516368866,0.6601871252059937,0.30615073442459106,0.10226348787546158,0.5567632913589478,0.9423738121986389,0.26977109909057617,0.73724764585495,1.3415206670761108,0.5788754820823669,1.0899285078048706,0.30879083275794983,0.6178354024887085,0.30057966709136963,0.27495667338371277,0.09275998920202255,1.3132795095443726,0.7683634757995605,0.33894288539886475,0.6722537875175476,1.0003372430801392,0.026012221351265907,0.5971556305885315,0.017923226580023766,0.37224769592285156,0.06155197322368622,0.08766940981149673,0.5308189988136292
0.22100816667079926,0.16843535006046295,0.46679234504699707,1.0614936351776123,1.484523057937622,1.5837862491607666,0.5528912544250488,5.642507076263428,0.2028057724237442,0.6271724104881287,0.36973837018013,0.5595362782478333,0.36711135506629944,0.00039999998989515007,0.6208907961845398,1.4697248935699463,0.5237632393836975,3.3858203887939453,0.24153950810432434,0.639065682888031,0.042424868792295456,0.331241250038147,0.3371327221393585,0.5773553252220154,0.9675817489624023,0.1670953780412674,0.10991653800010681,1.200499415397644,0.29748475551605225,0.5287863612174988,0.39695632457733154,0.542637288570404,0.07255590707063675,0.2997276484966278,0.16172850131988525,0.032522644847631454,0.6927030682563782,0.7330461740493774,0.8223593235015869,1.6627190113067627,0.5212332606315613,0.012759136036038399,0.7257723808288574,0.13572286069393158,0.27301716804504395,0.6632980704307556,0.13701122999191284,1.157319188117981,0.9770655035972595,0.8708851933479309,0.24226048588752747,0.5465914607048035,0.08163338899612427,1.202818512916565,0.22565878927707672,0.25196781754493713,0.9657502174377441
0.26619356870651245,0.0811379998922348,0.0753689855337143,1.5061272382736206,1.1877508163452148,1.3256850242614746,0.354490727186203,5.703279495239258,0.09534654021263123,0.8712611794471741,0.39736947417259216,0.9179401993751526,0.3235478401184082,0.00039999998989515007,0.6031407117843628,1.2049758434295654,0.004026323091238737,3.5540645122528076,0.3207942247390747,0.7298534512519836,0.21693159639835358,0.5856970548629761,0.647661030292511,0.7217921018600464,0.9342771172523499,0.6478603482246399,0.2972515821456909,0.9337812066078186,0.21422983705997467,0.13023169338703156,0.9027867913246155,0.44763919711112976,0.16364061832427979,0.42372164130210876,0.748631477355957,0.35817673802375793,0.7783607244491577,1.1125510931015015,0.45416098833084106,1.2052090167999268,0.3520278334617615,0.13128837943077087,0.3772980868816376,0.10856983810663223,0.22781117260456085,1.0446240901947021,0.4844549298286438,0.6095199584960938,0.5881394743919373,0.7985312342643738,0.29213985800743103,0.6336721181869507,0.2393513172864914,0.854270339012146,0.21904227137565613,0.140855610370636,0.7282540202140808
0.5013972520828247,0.2960033118724823,0.14052532613277435,1.081008791923523,1.3385921716690063,1.3838062286376953,0.6080449223518372,5.577388286590576,0.32769304513931274,0.558194637298584,0.0433659628033638,1.0646066665649414,0.3705084025859833,0.00039999998989515007,0.2037195861339569,1.0894635915756226,0.5614376068115234,3.513261079788208,0.4121738374233246,1.0830708742141724,0.18125909566879272,0.3165567219257355,1.1111679077148438,0.7825787663459778,0.45705607533454895,0.1853102594614029,0.618259847164154,0.9940637350082397,0.27097630500793457,0.04708118736743927,0.555864691734314,0.3520764708518982,0.24016377329826355,0.0061166128143668175,0.139787495136261,0.07235673815011978,0.7253958582878113,1.2784359455108643,0.378314733505249,1.148182988166809,0.23861141502857208,0.4380728602409363,0.7469509840011597,0.02973386086523533,0.6071972846984863,1.4237083196640015,0.026570994406938553,0.49883851408958435,1.0074348449707031,0.6568057537078857,0.5627952814102173,0.5239320993423462,0.40121152997016907,0.9434099197387695,0.26762092113494873,0.483449786901474,0.4548982083797455
0.2902398407459259,0.045930083841085434,0.08805353939533234,1.4284247159957886,1.2692865133285522,1.3429126739501953,0.34605589509010315,5.564254283905029,0.188989520072937,0.8624783158302307,0.47589248418807983,0.9330685138702393,0.25250163674354553,0.00039999998989515007,0.5494580864906311,1.1751089096069336,0.01131122000515461,3.4662492275238037,0.25382000207901,0.6611223220825195,0.24102920293807983,0.6043367981910706,0.6849666833877563,0.7359942197799683,1.0870699882507324,0.6804724335670471,0.3135068118572235,1.0212475061416626,0.15862584114074707,0.12520171701908112,0.8890937566757202,0.4597744047641754,0.14539474248886108,0.5051222443580627,0.7724341750144958,0.24048766493797302,0.8229115009307861,1.0920947790145874,0.542133092880249,1.3131103515625,0.4762935936450958,0.2174893468618393,0.42982953786849976,0.043652329593896866,0.23595985770225525,1.1202468872070312,0.5795655250549316,0.6202415823936462,0.6250824928283691,0.9102075695991516,0.15556105971336365,0.6136296987533569,0.16034506261348724,0.8378376960754395,0.11069118231534958,0.09955479204654694,0.7544417977333069
0.5042296648025513,0.2168121486902237,0.12534192204475403,1.3344041109085083,1.1637638807296753,1.5883733034133911,0.16601966321468353,5.463881015777588,0.05892696604132652,0.9442622065544128,1.1306514739990234,0.941254734992981,0.1043756827712059,0.00039999998989515007,0.3492569327354431,1.1181716918945312,0.0008629270596429706,3.321300506591797,0.2700955867767334,0.6981390714645386,0.5734286308288574,0.5665444731712341,0.8784863948822021,0.7591766715049744,0.9986057877540588,0.7565775513648987,0.4912811517715454,1.0336054563522339,0.4847414493560791,0.136201873421669,1.149601936340332,0.2759544551372528,0.025355925783514977,0.5777662396430969,1.0898215770721436,0.31273001432418823,0.5954045653343201,1.086220145225525,0.6197147965431213,0.9378044009208679,0.525059163570404,0.3173336982727051,0.4992707371711731,0.15858256816864014,0.017301710322499275,0.9780202507972717,0.35981300473213196,0.8163853883743286,0.25498121976852417,1.1422796249389648,0.1486257165670395,0.8051767349243164,0.37981024384498596,0.34644627571105957,0.10561709105968475,0.024364221841096878,0.7617173790931702
0.24112308025360107,0.2578013837337494,0.19777537882328033,0.980255126953125,1.0946849584579468,1.2272452116012573,0.549808144569397,5.337032794952393,0.5250336527824402,0.5622746348381042,0.787891149520874,0.49605587124824524,0.4099774956703186,0.00039999998989515007,0.9480318427085876,1.533799171447754,0.13847793638706207,3.2648630142211914,0.6932538747787476,0.4803292453289032,0.05815957486629486,0.4042200744152069,0.24664436280727386,0.6081559062004089,0.5772280693054199,0.539567768573761,0.31989240646362305,0.868227481842041,0.520250678062439,0.8878117799758911,1.2025237083435059,0.006864162627607584,0.8545206189155579,0.005573118571192026,0.29048657417297363,0.32490435242652893,1.0329161882400513,0.8363942503929138,0.9116460680961609,1.0432207584381104,0.8246967792510986,0.31592342257499695,0.6987929344177246,0.2558414936065674,0.37297138571739197,0.7515953183174133,0.23726913332939148,1.268885612487793,0.5788179039955139,0.6875540614128113,1.121335506439209,0.5952369570732117,0.35906311869621277,1.3960483074188232,0.21745915710926056,0.49881821870803833,1.4788638353347778
0.36601343750953674,0.19209815561771393,0.0032514859922230244,1.339047908782959,1.2197344303131104,1.3695635795593262,0.18869291245937347,5.465688228607178,0.2125258594751358,0.903596818447113,0.7791186571121216,1.065198302268982,0.018890375271439552,0.00039999998989515007,0.3393156826496124,0.9892171621322632,0.10397400707006454,3.3483197689056396,0.09181801229715347,0.6659999489784241,0.4860651195049286,0.5004348754882812,0.8083348870277405,0.5687080025672913,1.144537091255188,0.8166205883026123,0.5299106240272522,0.9979733824729919,0.3045787513256073,0.0767705887556076,0.9592980146408081,0.43282994627952576,0.19543197751045227,0.69646817445755,1.1088974475860596,0.26665830612182617,0.6987159848213196,1.2051723003387451,0.5302789211273193,1.1939120292663574,0.5880822539329529,0.5439667105674744,0.3007386326789856,0.09025371074676514,0.11860997974872589,1.2269761562347412,0.6757069826126099,0.42341622710227966,0.45190948247909546,0.9719526171684265,0.034714892506599426,0.815284013748169,0.08825864642858505,0.522649347782135,0.14283499121665955,0.006285174749791622,0.7697514295578003
0.3281320035457611,0.2946263253688812,0.010925362817943096,1.227578043937683,1.194262981414795,1.446615219116211,0.7586411237716675,5.248034477233887,0.12314090132713318,0.7221530079841614,0.11613362282514572,1.3121109008789062,0.3941734731197357,0.00039999998989515007,0.08741474151611328,0.857326865196228,0.36346137523651123,3.379861354827881,0.18918851017951965,1.0337468385696411,0.1345047801733017,0.29187285900115967,1.1495047807693481,0.9920932650566101,0.6859666109085083,0.33572497963905334,0.8345417976379395,1.1107438802719116,0.19339528679847717,0.2514471113681793,0.8691374063491821,0.2998991906642914,0.2598916292190552,0.07236137241125107,0.16318251192569733,0.24255362153053284,0.9057539105415344,1.4200770854949951,0.5850995182991028,1.2118480205535889,0.08681972324848175,0.4674490988254547,0.8272305130958557,0.08858203142881393,0.5112156271934509,1.4646410942077637,0.20573709905147552,0.5261033773422241,0.8096213936805725,0.7843015193939209,0.5487494468688965,0.6235580444335938,0.47144848108291626,0.7955368161201477,0.08238481730222702,0.3105059266090393,0.5411725044250488
0.30189865827560425,0.25877317786216736,0.059453558176755905,1.5742688179016113,1.2270489931106567,1.3626378774642944,0.07180334627628326,5.30788516998291,0.5571039915084839,0.7838134169578552,0.664404571056366,0.6744189858436584,0.08107279986143112,0.00039999998989515007,0.4900877773761749,1.0968801975250244,0.2299303412437439,3.248791217803955,0.11310365796089172,0.42342329025268555,0.5260076522827148,0.675741970539093,0.6227198243141174,0.719453752040863,1.4327692985534668,0.6437657475471497,0.1247124969959259,1.1412981748580933,0.10258999466896057,0.2393210530281067,0.5334746837615967,0.47408172488212585,0.3333264887332916,0.6465804576873779,1.0581928491592407,0.48276346921920776,0.8670253157615662,1.0998725891113281,0.5829262733459473,1.4924856424331665,0.733893871307373,0.19480006396770477,0.23779579997062683,0.11566058546304703,0.038847412914037704,1.1177445650100708,0.9681529998779297,0.5939951539039612,0.9344061017036438,0.8528249859809875,0.12905307114124298,0.3455757200717926,0.08896200358867645,0.720730721950531,0.19952887296676636,0.07426606118679047,0.7247899174690247
0.3293822109699249,0.028494197875261307,0.03654084727168083,1.2676751613616943,1.1961663961410522,1.540386438369751,0.38130617141723633,5.373371124267578,0.04046343266963959,0.9439051747322083,0.45679375529289246,1.1145635843276978,0.3526744842529297,0.00039999998989515007,0.5508884787559509,1.2111907005310059,0.23873765766620636,3.5049941539764404,0.26776307821273804,0.8424695730209351,0.08277733623981476,0.5474221110343933,0.8109393119812012,0.9352350234985352,0.7771592736244202,0.5063621401786804,0.31312325596809387,1.0517035722732544,0.20275622606277466,0.2731733024120331,1.1784971952438354,0.4659043848514557,0.17225076258182526,0.38003623485565186,0.49646204710006714,0.27856022119522095,0.9622732996940613,0.9652363061904907,0.7921636700630188,1.3341495990753174,0.41289663314819336,0.05600293353199959,0.7075091004371643,0.14674188196659088,0.1985093206167221,0.9767480492591858,0.24167940020561218,0.8995535373687744,0.4545789957046509,0.9895267486572266,0.18523874878883362,0.5472413301467896,0.11295217275619507,0.8257880806922913,0.22721731662750244,0.22957968711853027,0.9816409945487976
0.01796020194888115,0.048387181013822556,0.14797848463058472,1.441259503364563,1.3153960704803467,1.2556077241897583,0.508144199848175,5.388644218444824,0.2795921862125397,0.9964061975479126,0.3138270974159241,1.1333428621292114,0.23725561797618866,0.00039999998989515007,0.6793824434280396,1.027126669883728,0.1809007078409195,3.451223134994507,0.028966452926397324,0.5779144167900085,0.11479197442531586,0.573520302772522,0.570965588092804,0.7384255528450012,1.0571523904800415,0.7098615169525146,0.43952497839927673,1.1179914474487305,0.09009899944067001,0.08911814540624619,0.9834758639335632,0.49943405389785767,0.0897991955280304,0.6251408457756042,0.8573645949363708,0.01995745114982128,0.6984875798225403,1.0099472999572754,0.63136887550354,1.4196892976760864,0.6048640012741089,0.03364310786128044,0.42594701051712036,0.004242622759193182,0.39757227897644043,1.032329797744751,0.6019133925437927,0.696399986743927,0.5348556041717529,0.9505739212036133,0.02118881791830063,0.6423132419586182,0.30913451313972473,0.949059247970581,0.3376619815826416,0.2230743020772934,0.6512914299964905
0.13558132946491241,0.1741977035999298,0.03537975624203682,1.6084363460540771,1.1957436800003052,1.3772985935211182,0.26974576711654663,5.557179927825928,0.20546291768550873,0.8987764120101929,0.3653968274593353,1.0205929279327393,0.26054292917251587,0.00039999998989515007,0.6413568258285522,1.0971781015396118,0.04712533950805664,3.4827115535736084,0.2364915907382965,0.7582393288612366,0.16495540738105774,0.3678849935531616,0.5903178453445435,0.7085389494895935,0.8201905488967896,0.6396560668945312,0.41576072573661804,1.0396065711975098,0.07393937557935715,0.05469447001814842,0.9734160900115967,0.3969336152076721,0.2708704173564911,0.3701891303062439,0.8344998955726624,0.48115965723991394,0.7222136855125427,1.134413719177246,0.4871560335159302,1.286864161491394,0.4347588121891022,0.05602361261844635,0.30330517888069153,0.2242695689201355,0.3398706614971161,1.1267812252044678,0.42117542028427124,0.643782913684845,0.6649139523506165,0.620960533618927,0.37491166591644287,0.6854062080383301,0.3743215799331665,0.9392257332801819,0.3558104336261749,0.2561803460121155,0.792300820350647
0.17107169330120087,0.13114796578884125,0.187669038772583,1.4880355596542358,1.0119036436080933,1.4854923486709595,0.5763178467750549,5.417888164520264,0.03127056732773781,1.2462114095687866,0.5377194881439209,1.176348090171814,0.15770135819911957,0.00039999998989515007,0.6929952502250671,0.8878446817398071,0.15920627117156982,3.529280185699463,0.009163686074316502,0.7501838207244873,0.09875617921352386,0.5924623012542725,0.6727824211120605,1.0675489902496338,0.703760027885437,0.4455854296684265,0.6500378251075745,1.0878338813781738,0.12625089287757874,0.19256581366062164,0.9840389490127563,0.26164814829826355,0.08667238801717758,0.26366597414016724,0.5893491506576538,0.14925314486026764,0.6960541605949402,0.9539456963539124,0.814170241355896,1.2499579191207886,0.3308890163898468,0.05117615684866905,0.7085996866226196,0.0036975289694964886,0.32846975326538086,1.0838960409164429,0.421861857175827,0.8014039397239685,0.5277867317199707,1.0785590410232544,0.033145591616630554,0.47743138670921326,0.2370762974023819,0.7818053364753723,0.14464756846427917,0.3341740071773529,0.6755691766738892
0.006441724486649036,0.2851666510105133,0.18034495413303375,1.3858561515808105,1.3541574478149414,1.2470591068267822,0.5451027750968933,5.3293962478637695,0.3523174226284027,1.000383734703064,0.26461872458457947,1.077435851097107,0.26626744866371155,0.00039999998989515007,0.6221921443939209,0.9185413718223572,0.023040998727083206,3.420715808868408,0.0631282702088356,0.46331843733787537,0.17929325997829437,0.7078140377998352,0.5673689842224121,0.8144222497940063,1.1925700902938843,0.6279525756835938,0.3895610272884369,1.1319695711135864,0.11691447347402573,0.12093881517648697,0.7529729604721069,0.4995768666267395,0.00034403763129375875,0.6271355748176575,0.7860780358314514,0.06048257648944855,0.7789950370788574,1.0819084644317627,0.6968487501144409,1.546730637550354,0.6601611375808716,0.10416796058416367,0.5464029312133789,0.11394248902797699,0.27009424567222595,1.0566918849945068,0.7643689513206482,0.6659111976623535,0.6182196736335754,1.0319615602493286,0.10684624314308167,0.4565926492214203,0.2846639156341553,0.8586945533752441,0.17977000772953033,0.12181928008794785,0.537912905216217
0.3351824879646301,0.06632420420646667,0.06784678250551224,1.3477065563201904,1.4088183641433716,1.4005463123321533,0.12447977811098099,5.574626445770264,0.14549224078655243,0.7658541798591614,0.48631149530410767,0.9107927680015564,0.17118075489997864,0.00039999998989515007,0.5297206044197083,1.2240781784057617,0.23194602131843567,3.389601707458496,0.27832549810409546,0.7253891229629517,0.19424782693386078,0.5590190291404724,0.7555238604545593,0.6750004291534424,1.0225294828414917,0.5742694139480591,0.23208215832710266,1.0768510103225708,0.11421138048171997,0.23547965288162231,0.8049191236495972,0.5307384729385376,0.250596821308136,0.5143941044807434,0.6182053089141846,0.17794965207576752,0.7865726947784424,1.0217055082321167,0.5493485331535339,1.4316819906234741,0.5195751190185547,0.17610128223896027,0.44449132680892944,0.18231703341007233,0.31679415702819824,1.1389822959899902,0.4376239478588104,0.6762024164199829,0.7935279011726379,0.869339108467102,0.12707817554473877,0.583392322063446,0.07949258387088776,0.9801479578018188,0.051721520721912384,0.00426010275259614,0.817446768283844
0.1596066802740097,0.19148005545139313,0.13668744266033173,1.4242498874664307,1.391737699508667,1.2124574184417725,0.24969691038131714,5.359376907348633,0.4094793200492859,0.8710160851478577,0.4719003438949585,1.023119568824768,0.1364242136478424,0.00039999998989515007,0.48586198687553406,0.9257214665412903,0.13849499821662903,3.3191685676574707,0.041492197662591934,0.4925464987754822,0.42322126030921936,0.6739704012870789,0.6483263969421387,0.6181832551956177,1.2959991693496704,0.8323389887809753,0.35205957293510437,1.056005835533142,0.2623698115348816,0.04459575191140175,0.8192968368530273,0.5678825378417969,0.0989309623837471,0.7679197192192078,1.0976051092147827,0.14741885662078857,0.7475305199623108,1.1652486324310303,0.47185438871383667,1.4296200275421143,0.7282153964042664,0.30057623982429504,0.2879493832588196,0.08140821754932404,0.15433573722839355,1.1584701538085938,0.8735334873199463,0.4685569405555725,0.5604100823402405,0.9291254281997681,0.07484802603721619,0.6301690340042114,0.20241408050060272,0.7435616254806519,0.20289361476898193,0.04231804981827736,0.6234846115112305
0.06067764759063721,0.0002203768235631287,0.033896416425704956,1.2833062410354614,0.8595017790794373,1.2827427387237549,0.6328621506690979,5.166593074798584,0.6630160808563232,0.8151339888572693,0.6146454215049744,0.3972046375274658,0.361385315656662,0.00039999998989515007,1.0397944450378418,1.3848673105239868,0.017013177275657654,3.2806973457336426,0.36737990379333496,0.30432385206222534,0.19430041313171387,0.3988768458366394,0.11764709651470184,0.9143103361129761,0.6951822638511658,0.22655482590198517,0.13368912041187286,1.0020662546157837,0.7681558728218079,1.031050443649292,0.9830421209335327,0.08789246529340744,0.8184630870819092,0.11660438776016235,0.3227011561393738,0.3922198414802551,1.0027225017547607,0.8021289110183716,1.2735369205474854,1.1771882772445679,0.7784695625305176,0.538122296333313,0.7996619343757629,0.36288440227508545,0.35568517446517944,0.6533856391906738,0.03901055455207825,1.433181643486023,0.7717650532722473,0.7969383001327515,0.8048291802406311,0.30718833208084106,0.13037018477916718,1.3413286209106445,0.08087372779846191,0.741306483745575,1.2393819093704224
0.4666768014431,0.8902443051338196,0.4018774628639221,0.6828873157501221,0.9355317950248718,1.0806396007537842,0.030748732388019562,5.446264266967773,0.3681766092777252,0.32850033044815063,0.9269652366638184,0.9716464281082153,0.31225526332855225,0.00039999998989515007,0.5765049457550049,1.2068053483963013,0.2533808648586273,3.1915104389190674,0.7660756707191467,0.6937195658683777,0.06605526804924011,0.3425285518169403,0.6500701308250427,0.5716504454612732,0.14803268015384674,0.7496826648712158,0.5269515514373779,0.5733652710914612,0.13937903940677643,0.8117405772209167,1.7234660387039185,0.10426069051027298,1.2064799070358276,0.0042903833091259,0.29864487051963806,0.4597219228744507,1.0723414421081543,0.7082185745239258,0.42647379636764526,0.9639057517051697,0.8660799264907837,0.4255736768245697,0.5224222540855408,0.5139204263687134,0.2852318584918976,0.8447765707969666,0.5714790225028992,0.9325340986251831,0.18650895357131958,0.38183069229125977,1.220861554145813,0.6187456250190735,0.4915795624256134,1.249002456665039,0.3292984664440155,0.5766391158103943,1.6659560203552246
0.3926476240158081,0.1900215893983841,0.12859757244586945,1.3062763214111328,1.3509501218795776,1.3730506896972656,0.08697234094142914,5.268393039703369,0.33127838373184204,0.7541621923446655,0.6779902577400208,1.0839842557907104,0.041237011551856995,0.00039999998989515007,0.3128434419631958,1.058563470840454,0.11982450634241104,3.2147812843322754,0.07622772455215454,0.5595475435256958,0.43973973393440247,0.5664499402046204,0.8644087314605713,0.6097633242607117,1.3868046998977661,0.8785855770111084,0.4543561339378357,1.2036144733428955,0.33177727460861206,0.1256105899810791,0.8641809225082397,0.5806690454483032,0.051764894276857376,0.8282807469367981,1.0320566892623901,0.13864311575889587,0.8080428242683411,1.1221531629562378,0.5342923402786255,1.3344852924346924,0.553677499294281,0.5296764969825745,0.22121889889240265,0.1667717695236206,0.15082666277885437,1.3299275636672974,0.8569231033325195,0.40370047092437744,0.6510109901428223,1.0920438766479492,0.21647605299949646,0.6168057918548584,0.02270667441189289,0.5626041293144226,0.059335969388484955,0.12170339375734329,0.6480541229248047
0.4398351311683655,0.244262233376503,0.08371402323246002,1.3350660800933838,1.2384825944900513,1.4875609874725342,0.36259838938713074,5.479681015014648,0.07343781739473343,1.0537209510803223,0.6498777866363525,0.9611383080482483,0.17132176458835602,0.00039999998989515007,0.5152283906936646,1.1284964084625244,0.1878422647714615,3.3440628051757812,0.1965494602918625,0.7591545581817627,0.2862183153629303,0.7698178887367249,0.7979782223701477,0.8879592418670654,1.0595872402191162,0.5695055723190308,0.4255148768424988,1.0021076202392578,0.26013123989105225,0.19916050136089325,0.8734389543533325,0.4731273353099823,0.07978083938360214,0.4959102272987366,0.5633968114852905,0.05935976654291153,0.8002293705940247,0.9659739136695862,0.713445246219635,1.2936537265777588,0.39690402150154114,0.3556534945964813,0.6936769485473633,0.04823163151741028,0.17133064568042755,1.057754635810852,0.510625422000885,0.7045941948890686,0.5200246572494507,1.2448251247406006,0.06855481117963791,0.6050572991371155,0.042482245713472366,0.7333790063858032,0.07903031259775162,0.03739127144217491,0.7513853311538696
0.24406805634498596,0.34283092617988586,0.0962696447968483,1.056719183921814,1.5062122344970703,1.5394939184188843,0.7716946601867676,5.263218879699707,0.21316735446453094,0.6387930512428284,0.029139194637537003,0.7087358236312866,0.5224148631095886,0.00039999998989515007,0.4522235691547394,1.3949172496795654,0.23279404640197754,3.3854832649230957,0.40475258231163025,0.8004522919654846,0.21901623904705048,0.3714223802089691,0.7658481597900391,0.8436146378517151,1.000032663345337,0.17770367860794067,0.34500637650489807,1.061758041381836,0.05670666694641113,0.259863942861557,1.0670140981674194,0.8464190363883972,0.14369024336338043,0.42509686946868896,0.042596712708473206,0.02688804641366005,0.8768101930618286,0.9766522645950317,1.1090881824493408,1.2849570512771606,0.1703372746706009,0.2843826115131378,0.9575461745262146,0.17327220737934113,0.4082180857658386,0.8358647227287292,0.0774158164858818,1.1483827829360962,0.49283403158187866,1.1399608850479126,0.2849074900150299,0.7243598699569702,0.30358725786209106,1.131848692893982,0.06285181641578674,0.031821709126234055,0.9393669962882996
0.24199794232845306,0.041987594217061996,0.019518408924341202,1.4333970546722412,1.0932284593582153,1.484848141670227,0.35175567865371704,5.705971717834473,0.17929306626319885,1.0505398511886597,0.47499987483024597,1.0453605651855469,0.23421034216880798,0.00039999998989515007,0.6181010603904724,1.1568915843963623,0.5456293225288391,3.466747760772705,0.15781402587890625,0.8358993530273438,0.01273017842322588,0.6148138642311096,0.7252735495567322,0.9517690539360046,0.7460187673568726,0.36936622858047485,0.37671396136283875,1.0454450845718384,0.038709141314029694,0.39835023880004883,0.8002805113792419,0.3685190975666046,0.0890122577548027,0.23860742151737213,0.28875795006752014,0.12017546594142914,0.7131233215332031,0.8374004364013672,0.6710444688796997,1.3778125047683716,0.26349544525146484,0.023708075284957886,0.6788585782051086,0.20573492348194122,0.3299759328365326,0.943658709526062,0.21615254878997803,0.8115466833114624,0.6904556155204773,0.9904766082763672,0.09042619913816452,0.4742155969142914,0.07372043281793594,0.9446492791175842,0.13900668919086456,0.12443900853395462,0.7385179400444031
0.4868990480899811,0.5527823567390442,0.20762953162193298,1.1255831718444824,1.3516995906829834,1.2220571041107178,0.21281905472278595,5.859724521636963,0.1781597137451172,0.434732049703598,0.3921991288661957,1.227046251296997,0.1917218714952469,0.00039999998989515007,0.08109267801046371,0.8835873603820801,0.24187836050987244,3.3331544399261475,0.43635252118110657,0.964613139629364,0.18535351753234863,0.43922048807144165,1.1363376379013062,0.48931747674942017,0.7874634265899658,0.8008888959884644,0.08719085901975632,0.7903552055358887,0.5150408744812012,0.0868929773569107,1.2487045526504517,0.9140110015869141,0.3021406829357147,0.708823561668396,0.6859128475189209,0.19997107982635498,0.5789430737495422,1.0001208782196045,0.047304797917604446,1.2506883144378662,0.3372921645641327,0.25341981649398804,0.1904737502336502,0.36409619450569153,0.2653103470802307,1.2158806324005127,0.17180728912353516,0.24963393807411194,0.31470292806625366,0.4718019366264343,0.29013270139694214,0.7865049242973328,0.19064973294734955,0.9135363698005676,0.026431098580360413,0.08733144402503967,0.9042810201644897
0.02878841757774353,0.3452351689338684,0.27716535329818726,1.7784013748168945,1.0993640422821045,1.2121294736862183,0.30332326889038086,5.516000747680664,0.014357643201947212,0.9250502586364746,0.5099693536758423,0.3803437054157257,0.714580774307251,0.00039999998989515007,0.7276214361190796,1.1423470973968506,0.5577533841133118,3.496919631958008,0.21029448509216309,0.5237881541252136,0.00986749678850174,0.7322818636894226,0.3766087293624878,1.0382555723190308,1.1583056449890137,0.07563883066177368,0.1152530163526535,0.8147026896476746,0.056003913283348083,0.36196261644363403,0.0447356216609478,0.5875194072723389,0.034946508705616,0.18222473561763763,0.3756423592567444,0.34935808181762695,0.7866937518119812,1.1417287588119507,0.5470052361488342,1.5411094427108765,0.06472322344779968,0.10486368834972382,0.5959762930870056,0.31221359968185425,0.0947890654206276,0.8035350441932678,0.8855653405189514,0.6409792900085449,1.040602445602417,0.5730983018875122,0.06161176413297653,0.004500347189605236,0.8830264210700989,0.8807123899459839,0.10644789040088654,0.15093709528446198,0.17984254658222198
0.18130017817020416,0.14156264066696167,0.012160560116171837,1.0929901599884033,1.1679877042770386,1.0676146745681763,0.8419187068939209,5.5131754875183105,0.3988397419452667,0.5110555291175842,0.3004789650440216,0.09460073709487915,0.4483663737773895,0.00039999998989515007,0.9093527793884277,1.5000824928283691,0.5299168825149536,3.502147912979126,0.8602625727653503,0.399946928024292,0.25528252124786377,0.26208609342575073,0.18782633543014526,0.5834556818008423,0.5985085964202881,0.22522172331809998,0.1677970588207245,0.7964436411857605,0.679633378982544,0.7885605692863464,0.8855602145195007,0.2258557379245758,0.43581631779670715,0.011989966966211796,0.3074861168861389,0.056735746562480927,0.6757934093475342,0.992896556854248,0.9962248206138611,0.8689647912979126,0.3972679078578949,0.118738554418087,0.8503162860870361,0.27938270568847656,0.556181788444519,0.8933746218681335,0.12595731019973755,1.291107177734375,0.7165396213531494,0.6254096031188965,1.0465177297592163,0.5293929576873779,0.13721463084220886,1.5606433153152466,0.012992669828236103,0.42670807242393494,1.2899084091186523
0.022916214540600777,0.15053719282150269,0.0522049181163311,1.152434229850769,0.7611110210418701,1.2879165410995483,0.7792656421661377,5.418905735015869,0.3135104477405548,0.9334955215454102,0.733258843421936,0.6418102383613586,0.2857668399810791,0.00039999998989515007,1.0133992433547974,1.292271614074707,0.06549659371376038,3.3433096408843994,0.38012000918388367,0.5041489601135254,0.30433332920074463,0.433419406414032,0.2671605944633484,0.9508793950080872,0.35676291584968567,0.22488011419773102,0.03809552639722824,0.8926463723182678,0.6487138867378235,1.0140215158462524,1.1676734685897827,0.16631807386875153,0.6595488786697388,0.2429015338420868,0.06670407950878143,0.16651330888271332,0.8495230078697205,0.689522385597229,1.1822868585586548,0.9970318675041199,0.5582651495933533,0.504443883895874,0.9276843667030334,0.29995155334472656,0.5048976540565491,0.6909741759300232,0.3374897539615631,1.3722844123840332,0.5737297534942627,0.9250958561897278,0.8664464354515076,0.42253461480140686,0.2605333924293518,1.3416290283203125,0.04201624169945717,0.7051560878753662,1.1939691305160522
0.4682537615299225,0.6034241914749146,0.27776336669921875,1.2046211957931519,1.2727545499801636,1.2243759632110596,0.3285978436470032,5.825278282165527,0.15905867516994476,0.5885902047157288,0.5471729040145874,1.3444981575012207,0.08062112331390381,0.00039999998989515007,0.11231125891208649,0.8837606906890869,0.44494643807411194,3.2705235481262207,0.2907732427120209,0.9760972261428833,0.26568663120269775,0.46442776918411255,1.0833418369293213,0.49823489785194397,0.7951716184616089,0.8805415630340576,0.16011853516101837,0.7328848242759705,0.5004335641860962,0.054229073226451874,1.237263560295105,0.7044656276702881,0.4832388460636139,0.6282411217689514,0.7535853385925293,0.3077796399593353,0.6544985175132751,0.9442331790924072,0.09964407235383987,1.3593913316726685,0.49618029594421387,0.21702636778354645,0.14012567698955536,0.3864796459674835,0.23313204944133759,1.1743992567062378,0.21761389076709747,0.17280195653438568,0.3328266739845276,0.5288715958595276,0.1605619192123413,0.8313167691230774,0.020558975636959076,0.7860320806503296,0.13582779467105865,0.031430281698703766,0.8581259846687317
0.04155968874692917,0.3580227792263031,0.015596229583024979,1.4776819944381714,1.0880167484283447,1.3732645511627197,0.6093012094497681,5.4209513664245605,0.20885564386844635,0.5812991857528687,0.25776490569114685,0.8436052799224854,0.5802474617958069,0.00039999998989515007,0.25620076060295105,0.9106432199478149,0.6466942429542542,3.3240883350372314,0.008392591960728168,0.594229519367218,0.21763107180595398,0.23188818991184235,0.7085824608802795,0.974618136882782,1.1642522811889648,0.09205774962902069,0.5188462734222412,1.2445719242095947,0.2894667088985443,0.05307807773351669,0.16369549930095673,0.27805981040000916,0.055625010281801224,0.022361567243933678,0.08362189680337906,0.3345782458782196,0.8957118988037109,1.456312656402588,0.7199344635009766,1.5822205543518066,0.031524114310741425,0.125921830534935,0.6550641655921936,0.06037519872188568,0.41369426250457764,1.3138713836669922,0.5120373964309692,0.5757104158401489,1.3851183652877808,0.5319163799285889,0.4105728566646576,0.1484304517507553,0.6584369540214539,0.9450128078460693,0.42202916741371155,0.24413743615150452,0.28596651554107666
0.48760688304901123,0.5670969486236572,0.20887391269207,1.1524810791015625,1.052765130996704,1.4061037302017212,0.3560290038585663,5.332581043243408,0.12622039020061493,1.1015629768371582,1.3166694641113281,1.16865873336792,0.42246687412261963,0.00039999998989515007,0.05007924512028694,0.5242018699645996,0.02522139810025692,3.204282760620117,0.151723250746727,0.7527173757553101,0.6975222826004028,0.47566401958465576,0.9819121360778809,0.5936523079872131,0.9228156805038452,0.6907997727394104,0.8485275506973267,0.9361426830291748,0.35475805401802063,0.19331276416778564,1.0947197675704956,0.20603637397289276,0.013543914072215557,0.6205478310585022,1.2159068584442139,0.24993859231472015,0.42405229806900024,1.1592657566070557,0.6078360676765442,1.0670782327651978,0.7149162292480469,0.818011462688446,0.5324035882949829,0.2467646598815918,0.02410115674138069,1.2195508480072021,0.5763410925865173,0.42719629406929016,0.1492474526166916,1.0804075002670288,0.12965425848960876,0.9532355666160583,0.42430391907691956,0.23733894526958466,0.026831256225705147,0.06395148485898972,0.8982815146446228
0.1970946043729782,0.4218951463699341,0.02407206781208515,1.1046230792999268,1.4355489015579224,0.9206565618515015,0.14374563097953796,5.253698825836182,0.6998792290687561,0.4351232051849365,0.25834646821022034,1.3553184270858765,0.061336297541856766,0.00039999998989515007,0.021257184445858,0.37517961859703064,0.4401445686817169,3.2771425247192383,0.1982378512620926,0.40640828013420105,0.4372286796569824,0.4861120283603668,0.9452637434005737,0.4431570768356323,1.1526000499725342,0.8129996657371521,0.4601481258869171,1.232811450958252,0.49223145842552185,0.4674690365791321,0.27259984612464905,0.38850247859954834,0.07136819511651993,0.7059983015060425,1.0495660305023193,0.036846794188022614,0.5866752862930298,1.4691166877746582,0.08144744485616684,1.5777642726898193,0.6266898512840271,0.47886577248573303,0.05254308506846428,0.38931459188461304,0.2331981509923935,1.6866350173950195,1.1857718229293823,0.08215000480413437,1.0531680583953857,0.3766769468784332,0.03167915716767311,0.18732762336730957,0.45332491397857666,0.5407388210296631,0.16693000495433807,0.5361214280128479,0.16689011454582214
0.3285048305988312,0.06727958470582962,0.03990904986858368,1.3501431941986084,1.326974868774414,1.3776471614837646,0.35394859313964844,5.625265598297119,0.08122745156288147,0.7749941945075989,0.25866588950157166,0.9026121497154236,0.4501437842845917,0.00039999998989515007,0.5362374782562256,1.1940699815750122,0.34845849871635437,3.3894002437591553,0.3089331090450287,0.7055081725120544,0.15568488836288452,0.6662107706069946,0.7098142504692078,0.8086715936660767,1.0755031108856201,0.5556489825248718,0.1948559284210205,1.0230392217636108,0.1554350107908249,0.1784915179014206,0.6671972274780273,0.4922434389591217,0.10167836397886276,0.38632941246032715,0.4339123070240021,0.18962614238262177,0.9156479835510254,1.1501415967941284,0.5241018533706665,1.4605482816696167,0.364629328250885,0.1806943565607071,0.5719819664955139,0.04230589419603348,0.22669439017772675,1.137282133102417,0.5228198766708374,0.6235493421554565,0.8102779388427734,0.8562973141670227,0.24480114877223969,0.431380033493042,0.2187315672636032,0.9171172380447388,0.06091626361012459,0.043726492673158646,0.6975175738334656
0.2401150017976761,0.16549815237522125,0.0021892653312534094,1.4487191438674927,1.2709492444992065,1.3783537149429321,0.2954176366329193,5.7031450271606445,0.0007051722495816648,0.8770649433135986,0.41160526871681213,1.0283125638961792,0.2694172263145447,0.00039999998989515007,0.5791859030723572,1.177851676940918,0.09191867709159851,3.4008939266204834,0.27040982246398926,0.7999485731124878,0.14849503338336945,0.5634456276893616,0.7178507447242737,0.7079440951347351,0.9449512362480164,0.6618077754974365,0.31464117765426636,0.9971907734870911,0.16453340649604797,0.13183200359344482,0.9685726761817932,0.534821629524231,0.1956748217344284,0.480587899684906,0.6385317444801331,0.2146480679512024,0.7138635516166687,1.0058656930923462,0.46131500601768494,1.3349456787109375,0.3970458507537842,0.09262894839048386,0.40111032128334045,0.1894138604402542,0.3276251256465912,1.0545778274536133,0.3710579574108124,0.6304985880851746,0.6003655195236206,0.855337917804718,0.20288142561912537,0.6881290674209595,0.1849505752325058,0.963202953338623,0.13362354040145874,0.10865239053964615,0.7741472125053406
0.3337758779525757,0.19023461639881134,0.0499068982899189,1.5112977027893066,1.2519707679748535,1.434193730354309,0.3445361256599426,5.4159369468688965,0.004281166009604931,0.6869230270385742,0.25903183221817017,1.1507540941238403,0.09573965519666672,0.00039999998989515007,0.14542578160762787,0.9917057752609253,0.2451002299785614,3.312140941619873,0.12689200043678284,0.932203471660614,0.004120322410017252,0.2266663759946823,1.1081756353378296,0.7939825654029846,0.9031304717063904,0.4326980412006378,0.8369700908660889,1.288814663887024,0.1749275028705597,0.30925771594047546,0.6329996585845947,0.43797412514686584,0.166462704539299,0.3074256181716919,0.5389567017555237,0.30595600605010986,0.6517603397369385,1.2628610134124756,0.4052076041698456,1.2797178030014038,0.06735271960496902,0.45461562275886536,0.32918620109558105,0.09830299764871597,0.536923885345459,1.5489904880523682,0.5133017301559448,0.36884838342666626,1.094299554824829,0.7161120772361755,0.1576109379529953,0.5775563716888428,0.5097939968109131,0.7735146284103394,0.3045448958873749,0.3347613215446472,0.3899945914745331
0.11701882630586624,0.24726350605487823,0.03751209005713463,1.5117288827896118,1.2991819381713867,1.2691048383712769,0.32075053453445435,5.684676647186279,0.17559921741485596,0.741068422794342,0.31355446577072144,0.9899443984031677,0.3225749135017395,0.00039999998989515007,0.6336027979850769,1.1811959743499756,0.024576108902692795,3.401876211166382,0.2806936502456665,0.6825427412986755,0.13463391363620758,0.523858904838562,0.6110866665840149,0.6530698537826538,0.9872666001319885,0.690189778804779,0.2300516963005066,1.0302815437316895,0.07136983424425125,0.13296863436698914,0.8872082233428955,0.5509100556373596,0.26039111614227295,0.48393386602401733,0.7180311679840088,0.3026639223098755,0.7369354963302612,1.1009914875030518,0.42125916481018066,1.3306474685668945,0.4356309473514557,0.007735113613307476,0.2858104407787323,0.2011614739894867,0.3647078573703766,1.0759389400482178,0.4181109368801117,0.6328446865081787,0.7306692600250244,0.7217543125152588,0.3608885109424591,0.6423376202583313,0.31011340022087097,1.0810552835464478,0.15777330100536346,0.09635866433382034,0.7491742372512817
0.2943859398365021,0.04965415224432945,0.09602174162864685,1.4407401084899902,1.3161817789077759,1.3240455389022827,0.29059046506881714,5.62034273147583,0.11718694865703583,0.8238030672073364,0.3579673767089844,0.9568805694580078,0.315786212682724,0.00039999998989515007,0.5384325385093689,1.153391718864441,0.08496640622615814,3.363238573074341,0.2886579632759094,0.705268919467926,0.22176384925842285,0.6362934112548828,0.7191764116287231,0.7323254346847534,1.1095082759857178,0.70626300573349,0.2749519348144531,0.9920364618301392,0.19375763833522797,0.07095741480588913,0.8436750769615173,0.5457477569580078,0.14618892967700958,0.5103174448013306,0.7131968140602112,0.2199464589357376,0.8152289390563965,1.1169686317443848,0.44501230120658875,1.3760437965393066,0.42762765288352966,0.20435556769371033,0.40721750259399414,0.10080786794424057,0.25779256224632263,1.1589287519454956,0.5834994316101074,0.5487029552459717,0.6695355772972107,0.8682257533073425,0.15989376604557037,0.5976498126983643,0.2357710599899292,0.8890992999076843,0.06448549777269363,0.05548359453678131,0.7153730392456055
0.2991672158241272,0.027890099212527275,0.37896278500556946,1.6987757682800293,1.2433197498321533,1.2661374807357788,0.35938340425491333,5.436452388763428,0.1420615315437317,0.8067217469215393,0.314016729593277,0.6235041618347168,0.8677446246147156,0.00039999998989515007,0.7111340761184692,1.2202516794204712,0.12888002395629883,3.3067545890808105,0.5252086520195007,0.7326850295066833,0.2596873641014099,0.9420108199119568,0.5715133547782898,0.9033206701278687,1.1779831647872925,0.5659281015396118,0.04619405418634415,0.8302534222602844,0.5422405004501343,0.0066185020841658115,0.3367559611797333,0.8417268395423889,0.2958361506462097,0.4829939603805542,0.5132713317871094,0.35113000869750977,0.8565617799758911,1.259007453918457,0.23649683594703674,1.2476871013641357,0.06335648149251938,0.09755440801382065,0.4208919405937195,0.04581074044108391,0.028897596523165703,0.9343301057815552,0.8960399031639099,0.4815550744533539,0.7647534608840942,0.6947920322418213,0.23750030994415283,0.28230419754981995,0.8345245122909546,0.9123244285583496,0.07261647284030914,0.048848945647478104,0.35228675603866577
0.325644314289093,0.056447289884090424,0.07156301289796829,1.441535472869873,1.3381253480911255,1.339461326599121,0.2645966708660126,5.604841709136963,0.10425398498773575,0.8139222264289856,0.40530139207839966,0.9328931570053101,0.2895025610923767,0.00039999998989515007,0.5338163375854492,1.1842288970947266,0.05935521051287651,3.32965350151062,0.31062793731689453,0.7228477001190186,0.2437370866537094,0.61911541223526,0.7275491952896118,0.7123246788978577,1.1216262578964233,0.7194826602935791,0.27347251772880554,0.9986793398857117,0.19299520552158356,0.06792822480201721,0.8530437350273132,0.5572062730789185,0.15990544855594635,0.5285981297492981,0.738494873046875,0.23864689469337463,0.8091949820518494,1.1147840023040771,0.4376748502254486,1.3623898029327393,0.43764325976371765,0.23425255715847015,0.39051249623298645,0.10847082734107971,0.25835612416267395,1.158538579940796,0.5802027583122253,0.5503819584846497,0.6709487438201904,0.86266028881073,0.17691728472709656,0.6360059380531311,0.20251858234405518,0.895679235458374,0.06527123600244522,0.041455697268247604,0.7579975128173828
0.33209115266799927,0.06405875831842422,0.07555241137742996,1.4430787563323975,1.3381716012954712,1.3502496480941772,0.25981566309928894,5.583815574645996,0.1066860556602478,0.8205100297927856,0.41178396344184875,0.9405998587608337,0.29491129517555237,0.00039999998989515007,0.5368511080741882,1.1932209730148315,0.046532031148672104,3.3197927474975586,0.3238230347633362,0.7354406118392944,0.25252360105514526,0.6198000907897949,0.7318815588951111,0.7068381309509277,1.1178463697433472,0.7360101342201233,0.27604758739471436,1.0012215375900269,0.20109494030475616,0.06009138748049736,0.8710771203041077,0.5587184429168701,0.16031022369861603,0.5322498679161072,0.7450900077819824,0.24849115312099457,0.811375081539154,1.11192786693573,0.4365461766719818,1.35621976852417,0.4385703206062317,0.23226414620876312,0.38514596223831177,0.11566049605607986,0.25419682264328003,1.1603251695632935,0.5724198222160339,0.5571819543838501,0.6636030673980713,0.8700796961784363,0.17770271003246307,0.6522277593612671,0.2062721997499466,0.8953744769096375,0.0769139900803566,0.0457875020802021,0.7693251967430115
0.38569164276123047,0.14970646798610687,0.3975205719470978,1.89077627658844,1.0005428791046143,1.448943853378296,0.03591608628630638,5.363870620727539,0.1491766721010208,1.0088552236557007,0.17858542501926422,0.684192419052124,0.7121982574462891,0.00039999998989515007,0.814572811126709,1.2525569200515747,0.3744765520095825,3.4152956008911133,0.4371054172515869,0.8020097017288208,0.24943844974040985,0.7768957018852234,0.5533172488212585,1.1079617738723755,0.9342665672302246,0.442048579454422,0.18641234934329987,0.8542196154594421,0.5276590585708618,0.11211718618869781,0.38554057478904724,0.6656311750411987,0.12295637279748917,0.2586219906806946,0.5616331696510315,0.6784626841545105,0.8995558619499207,1.070333480834961,0.32394835352897644,1.2801449298858643,0.11529334634542465,0.19668060541152954,0.33797863125801086,0.3020782768726349,0.014977405779063702,0.9688504338264465,0.8677973747253418,0.5420937538146973,0.8640162348747253,0.6469888091087341,0.012162256054580212,0.10498334467411041,0.8971806764602661,0.6993690729141235,0.14960713684558868,0.26645028591156006,0.36831554770469666
1.0026038885116577,1.3711843490600586,0.06296601891517639,1.0257247686386108,0.657474160194397,0.5823562741279602,0.7526687979698181,5.372670650482178,0.13133613765239716,0.37058037519454956,0.37653857469558716,0.2936507761478424,0.8129103779792786,0.00039999998989515007,0.812724232673645,1.4199954271316528,0.23711073398590088,2.924661874771118,1.4956302642822266,0.7979523539543152,0.40602636337280273,1.0296379327774048,0.4841844141483307,0.5445488095283508,0.13498324155807495,1.1104377508163452,1.2312366962432861,0.4746139645576477,0.7960177063941956,0.7722916007041931,1.265419602394104,0.4789295196533203,1.1510652303695679,0.04499829187989235,0.6537410616874695,0.8578528165817261,1.1052052974700928,0.640295147895813,0.6216774582862854,0.4818156361579895,0.4539778530597687,0.34622544050216675,0.11420231312513351,0.7839607000350952,0.29686522483825684,0.46609774231910706,0.10996551811695099,0.2749991714954376,0.2775857150554657,0.052376195788383484,1.0519589185714722,0.4763164520263672,0.015304003842175007,0.8664878606796265,0.6679695844650269,0.7958025932312012,1.2750989198684692
0.46827852725982666,0.035491541028022766,0.11584244668483734,1.3727929592132568,1.4079630374908447,1.281945824623108,0.11528277397155762,5.509347438812256,0.22761815786361694,0.6847345232963562,0.4808313548564911,0.8124198317527771,0.27924421429634094,0.00039999998989515007,0.44336268305778503,1.1640088558197021,0.1049298346042633,3.2141928672790527,0.35822564363479614,0.6045007705688477,0.402513325214386,0.7475780248641968,0.7620019912719727,0.6866714358329773,1.3421604633331299,0.8003815412521362,0.12161996960639954,0.967679500579834,0.26844051480293274,0.0664372444152832,0.7110117673873901,0.6170811653137207,0.15949369966983795,0.62237149477005,0.8102056980133057,0.24040614068508148,0.9159475564956665,1.173171043395996,0.37391307950019836,1.3974310159683228,0.5329532623291016,0.3752429485321045,0.3563178777694702,0.037321239709854126,0.12224382907152176,1.2472150325775146,0.7841407060623169,0.44120165705680847,0.7447910308837891,0.9057719707489014,0.10113131254911423,0.5329778790473938,0.13037925958633423,0.8235457539558411,0.10673127323389053,0.06921344250440598,0.742727518081665
0.5148867964744568,0.07302422821521759,0.10003767907619476,1.2750657796859741,1.3877589702606201,1.5150542259216309,0.18764488399028778,5.6160197257995605,0.1705271452665329,0.8540318608283997,0.4645632803440094,0.8715920448303223,0.2753511965274811,0.00039999998989515007,0.6889336705207825,1.4952499866485596,0.18980075418949127,3.399554967880249,0.5521458387374878,0.978667676448822,0.12325017899274826,0.5782297849655151,0.794177770614624,0.6838661432266235,0.6676665544509888,0.5372413992881775,0.19160111248493195,0.9520693421363831,0.2838882803916931,0.3229065537452698,0.9754679203033447,0.5795943737030029,0.21044333279132843,0.41160643100738525,0.4321729838848114,0.17949654161930084,0.762968897819519,0.8856539130210876,0.5406123995780945,1.2224997282028198,0.2779739201068878,0.1492164582014084,0.5315456390380859,0.2885107696056366,0.33025476336479187,0.9978281259536743,0.1607593297958374,0.8061481714248657,0.6100004315376282,0.9177853465080261,0.23400282859802246,0.6767404079437256,0.03176351636648178,0.9913210868835449,0.1070965901017189,0.0819583460688591,0.9612403512001038
0.4027206599712372,0.12639887630939484,0.02553829737007618,1.3374297618865967,1.2544203996658325,1.3568885326385498,0.1387900412082672,5.527023792266846,0.20640619099140167,0.7727936506271362,0.7344107031822205,1.0257019996643066,0.027394993230700493,0.00039999998989515007,0.2750828266143799,1.0055185556411743,0.11309906840324402,3.2343900203704834,0.1425214409828186,0.6676874756813049,0.5207386016845703,0.44009077548980713,0.8259770274162292,0.48175108432769775,1.2518645524978638,0.8757987022399902,0.5122716426849365,1.0201796293258667,0.3011343777179718,0.18980272114276886,0.8719058036804199,0.4776177704334259,0.21266759932041168,0.7235750555992126,1.128108024597168,0.32450661063194275,0.6679912805557251,1.2897074222564697,0.414615273475647,1.2031643390655518,0.5379889011383057,0.6258651614189148,0.19383986294269562,0.09090889990329742,0.12039421498775482,1.314424753189087,0.7240449786186218,0.32568812370300293,0.5662156343460083,0.8757507801055908,0.027484837919473648,0.8229418992996216,0.0425521656870842,0.5308765769004822,0.0658017247915268,0.10707472264766693,0.7681193947792053
0.3033720850944519,0.05249449238181114,0.3386336863040924,1.691933035850525,1.1232513189315796,1.3496203422546387,0.3247775435447693,5.503265380859375,0.4213782548904419,1.167813777923584,0.2509206235408783,0.7861018776893616,0.7360554933547974,0.00039999998989515007,0.7991206645965576,1.2511272430419922,0.4718078672885895,3.3598363399505615,0.39681196212768555,0.8931869864463806,0.10490042716264725,0.9723079800605774,0.6086837649345398,1.0793675184249878,0.9525972604751587,0.46152693033218384,0.2072022706270218,0.7125992178916931,0.4957405626773834,0.20059551298618317,0.4593244791030884,0.6824245452880859,0.1920205056667328,0.31923529505729675,0.3422291874885559,0.18460452556610107,0.8337605595588684,0.9789510369300842,0.33465954661369324,1.3648452758789062,0.048199184238910675,0.005946290213614702,0.6286447048187256,0.20534422993659973,0.13090480864048004,0.8122097849845886,0.7272911667823792,0.5372327566146851,0.6073142290115356,0.8885790109634399,0.08616694808006287,0.3297961950302124,0.6592923402786255,0.8149067163467407,0.14143286645412445,0.17055244743824005,0.3436431288719177
0.31150713562965393,0.2520275115966797,0.26476866006851196,0.7805274128913879,1.322258472442627,1.27956223487854,0.8183462023735046,5.228113174438477,0.5357314348220825,0.26466450095176697,0.9827207326889038,0.203246608376503,0.26116037368774414,0.00039999998989515007,0.5999976992607117,1.6587066650390625,1.0986710786819458,2.9895198345184326,0.6359967589378357,0.30854687094688416,0.21716845035552979,0.027408961206674576,0.19843630492687225,0.10985210537910461,1.2132154703140259,0.7171136736869812,0.12145011872053146,1.0249139070510864,0.6697600483894348,0.3567287027835846,1.04707670211792,0.15728823840618134,0.5947850346565247,0.3707132935523987,0.6545830965042114,0.2790950834751129,0.8144692182540894,1.2161625623703003,1.1291793584823608,0.7665731906890869,0.8075275421142578,0.5893301963806152,0.4813346266746521,0.16413673758506775,0.33581826090812683,0.9325173497200012,0.10163142532110214,1.1393147706985474,0.5487745404243469,0.8674916625022888,1.0707978010177612,1.1672791242599487,0.5395323634147644,1.0933568477630615,0.15998299419879913,0.01168296579271555,1.4899935722351074
0.19528214633464813,0.14097754657268524,0.19854843616485596,1.2339286804199219,1.0530033111572266,1.1383522748947144,0.6798195242881775,5.518155097961426,0.5693153738975525,0.6994103789329529,0.5160341858863831,0.47414320707321167,0.5039744973182678,0.00039999998989515007,1.033251166343689,1.2771222591400146,0.3368290364742279,3.417332172393799,0.581367015838623,0.3265785276889801,0.016899840906262398,0.5459097027778625,0.15580713748931885,0.8328481316566467,0.720967173576355,0.5322752594947815,0.11357973515987396,0.8080273270606995,0.3902719020843506,0.6713809370994568,0.9754625558853149,0.07360269874334335,0.5100679397583008,0.0457892119884491,0.46235278248786926,0.36936360597610474,1.0095629692077637,1.0793272256851196,0.888766348361969,1.0124104022979736,0.646478533744812,0.34723225235939026,0.6733034253120422,0.11992619186639786,0.3309014141559601,0.9904106855392456,0.1710282266139984,1.0764224529266357,0.6668649911880493,0.7373836636543274,0.9656573534011841,0.3842930793762207,0.1098487377166748,1.2453433275222778,0.24183820188045502,0.5908122062683105,1.1001490354537964
0.15858763456344604,0.14031381905078888,0.09754575788974762,1.3936210870742798,1.6117721796035767,1.483062982559204,0.6079385280609131,5.387139797210693,0.068476103246212,0.5315330624580383,0.1518167406320572,0.6594484448432922,0.5201325416564941,0.00039999998989515007,0.5695939660072327,1.384836196899414,0.20709113776683807,3.1248672008514404,0.3536633253097534,0.7068395018577576,0.1464296579360962,0.5931437015533447,0.5629599094390869,0.5914031863212585,1.357926368713379,0.48668235540390015,0.22957059741020203,1.1744731664657593,0.054709602147340775,0.10065867751836777,0.5850977897644043,0.8493837118148804,0.15533007681369781,0.6142536997795105,0.21745389699935913,0.1377730667591095,0.8005284070968628,1.1564754247665405,0.6846920251846313,1.3538835048675537,0.27972841262817383,0.21540166437625885,0.512641429901123,0.020149488002061844,0.3574189841747284,0.9112113118171692,0.2720215320587158,0.871594250202179,0.9711595177650452,1.051873803138733,0.4063989520072937,0.7394073009490967,0.3121500015258789,1.310206651687622,0.08549509197473526,0.3884912431240082,0.652674674987793
0.37986403703689575,0.560721218585968,0.27666059136390686,1.1684248447418213,1.2200846672058105,1.1469115018844604,0.011188453994691372,5.559433937072754,0.2625149190425873,0.3911247253417969,0.21598117053508759,1.6968364715576172,0.12298421561717987,0.00039999998989515007,0.2832690179347992,0.4932509660720825,0.5660427808761597,3.0763049125671387,0.17459549009799957,1.1973410844802856,0.02114543505012989,0.13273684680461884,1.4064209461212158,0.5430160760879517,0.5893630981445312,0.8088501691818237,0.6537467837333679,0.8759946823120117,0.5209013223648071,0.6269552111625671,1.1025145053863525,0.5616361498832703,0.16493508219718933,0.3811051845550537,0.5401632785797119,0.32002419233322144,0.5705118179321289,1.3099353313446045,0.3667962849140167,1.2700823545455933,0.06812971085309982,0.4271667003631592,0.13359566032886505,0.23420962691307068,0.5605422854423523,1.6210174560546875,0.16729284822940826,0.17457909882068634,0.6159812808036804,0.20303170382976532,0.5121681690216064,0.8876857757568359,0.42910516262054443,0.7776538133621216,0.005550245754420757,0.4399317502975464,0.525474488735199
0.3437419533729553,0.1342516541481018,0.1690119206905365,1.2457777261734009,1.2838059663772583,1.45974862575531,0.6614378690719604,5.45318603515625,0.15814867615699768,0.8120515942573547,0.049127645790576935,0.8257322311401367,0.5480260252952576,0.00039999998989515007,0.5696015954017639,1.3478925228118896,0.12644320726394653,3.454301118850708,0.4858819246292114,0.8229934573173523,0.10344735532999039,0.5285109281539917,0.7988436222076416,0.9354177713394165,0.9037643074989319,0.3919386863708496,0.3508153557777405,0.9568514823913574,0.1426607072353363,0.1681930273771286,1.027325987815857,0.7009854912757874,0.07598066329956055,0.37487733364105225,0.33051013946533203,0.0757051557302475,0.8864030838012695,1.0987447500228882,0.857840359210968,1.1635812520980835,0.04219118505716324,0.2765050232410431,0.7980793118476868,0.135157972574234,0.35481271147727966,1.0625368356704712,0.2543404698371887,0.8652121424674988,0.4989820122718811,1.04457426071167,0.2485429048538208,0.5874077081680298,0.3912259340286255,0.9381003379821777,0.07588017731904984,0.145888090133667,0.8289856910705566
0.36317235231399536,0.06751861423254013,0.11373084038496017,1.0960566997528076,1.143167495727539,1.0779582262039185,0.5199107527732849,5.521726608276367,0.6865839958190918,0.5306993126869202,0.7576338052749634,0.3744802474975586,0.3993617594242096,0.00039999998989515007,0.8580747246742249,1.4269574880599976,0.4274574816226959,3.293513536453247,0.6977792978286743,0.28646159172058105,0.1805972158908844,0.6250014901161194,0.2911131680011749,0.6420965790748596,0.9485654234886169,0.7070558071136475,0.27597278356552124,0.7728705406188965,0.3186596930027008,0.640227198600769,1.0577164888381958,0.12110698223114014,0.6510306000709534,0.15760138630867004,0.6658527255058289,0.3586849570274353,1.098487377166748,1.1028112173080444,0.8168300986289978,0.955869734287262,0.7945114374160767,0.005498862359672785,0.5812080502510071,0.06454728543758392,0.20599009096622467,1.0005271434783936,0.2747513949871063,0.9939180612564087,0.573508083820343,0.8217480182647705,0.9302036166191101,0.5118376612663269,0.2004314363002777,1.149694561958313,0.12705934047698975,0.44033893942832947,1.2427645921707153
0.2360907942056656,0.018158094957470894,0.18660952150821686,1.9215298891067505,1.0416420698165894,1.321394443511963,0.14728428423404694,5.633453845977783,0.15581969916820526,1.0664596557617188,0.16822019219398499,0.5621215105056763,0.5189114809036255,0.00039999998989515007,0.6897814273834229,1.1796150207519531,0.6739051938056946,3.3430874347686768,0.23046036064624786,0.7479614019393921,0.31475889682769775,0.8174225687980652,0.5265259146690369,0.9028522372245789,1.1583408117294312,0.40597444772720337,0.10283741354942322,0.7740867137908936,0.4296414256095886,0.16556362807750702,0.1314886212348938,0.6813554763793945,0.10446400195360184,0.43804988265037537,0.737105667591095,0.5176655650138855,0.6653991341590881,0.9793184399604797,0.15432827174663544,1.531114101409912,0.13349781930446625,0.05528872832655907,0.2366342842578888,0.42223769426345825,0.05705122649669647,0.7885478138923645,1.0396850109100342,0.37695038318634033,0.8718485832214355,0.5262462496757507,0.3287871479988098,0.18141338229179382,0.6966543197631836,0.6712052822113037,0.00880514644086361,0.17110122740268707,0.2594747543334961
0.023575641214847565,0.060743559151887894,0.04612729325890541,1.3025346994400024,1.0165451765060425,1.1323481798171997,0.4175839424133301,5.458238124847412,0.9619455933570862,0.5777704119682312,0.7293469309806824,0.32143181562423706,0.20787911117076874,0.00039999998989515007,0.9082609415054321,1.3485528230667114,0.26152658462524414,3.2722439765930176,0.3734596073627472,0.14861947298049927,0.05372411385178566,0.3406693935394287,0.11303102225065231,0.5976211428642273,0.9588618874549866,0.48663339018821716,0.23360610008239746,1.0159379243850708,0.6947015523910522,0.78190678358078,0.9076082706451416,0.013324214145541191,0.956358015537262,0.12627428770065308,0.7774755954742432,0.4971415400505066,0.9144214987754822,0.9478524327278137,0.9722761511802673,1.2026171684265137,0.9741694331169128,0.3698967695236206,0.39577028155326843,0.33723852038383484,0.2599572241306305,0.845285952091217,0.2535630166530609,1.144413948059082,0.83833247423172,0.6036429405212402,0.7582932114601135,0.373600572347641,0.13718751072883606,1.236282229423523,0.07179190963506699,0.5979052782058716,1.1888729333877563
0.4311862885951996,0.45253676176071167,0.15271171927452087,1.072227120399475,1.6896789073944092,1.3295133113861084,0.613669753074646,5.329960823059082,0.016086174175143242,0.28694742918014526,0.18929347395896912,0.8182485103607178,0.34200724959373474,0.00039999998989515007,0.05698780342936516,1.0499976873397827,0.08305259793996811,3.0015645027160645,0.27137771248817444,0.7467434406280518,0.1778682917356491,0.2856542766094208,0.9540851712226868,0.47738513350486755,1.471130132675171,0.5703732967376709,0.5795389413833618,1.1760048866271973,0.11059770733118057,0.49183425307273865,0.4698565602302551,0.6725629568099976,0.3076111972332001,0.5412875413894653,0.3239454925060272,0.05986090004444122,0.7898642420768738,1.4633049964904785,0.3879823684692383,1.4037635326385498,0.22089090943336487,0.8868505954742432,0.49348196387290955,0.22569501399993896,0.4154913127422333,1.4646223783493042,0.49306413531303406,0.34439221024513245,1.0003243684768677,0.7930225729942322,0.39612114429473877,0.8432556986808777,0.30483025312423706,0.8927739262580872,0.2974875867366791,0.7845637798309326,0.5181673169136047
0.4546487331390381,0.05176924541592598,0.07980041950941086,1.3415781259536743,1.348770260810852,1.2872079610824585,0.11517795920372009,5.6453351974487305,0.18090400099754333,0.7374892830848694,0.544933021068573,0.874014675617218,0.18727557361125946,0.00039999998989515007,0.3960028886795044,1.0822429656982422,0.1193566545844078,3.2852554321289062,0.27005940675735474,0.6153789162635803,0.42468926310539246,0.728834867477417,0.7873296737670898,0.6693924069404602,1.2837011814117432,0.7679834365844727,0.18879911303520203,0.9391443729400635,0.3217675983905792,0.011421618983149529,0.7627469897270203,0.6103123426437378,0.13786357641220093,0.6478781700134277,0.8682249784469604,0.21503382921218872,0.8222579956054688,1.1300169229507446,0.3627520203590393,1.3658480644226074,0.5286412239074707,0.3951531946659088,0.34328702092170715,0.030413970351219177,0.0893038734793663,1.2150644063949585,0.7632994651794434,0.40571463108062744,0.6367311477661133,0.9261066317558289,0.011454487219452858,0.5432483553886414,0.08102346211671829,0.719837486743927,0.082240030169487,0.05105813220143318,0.7114092707633972
0.08081573247909546,0.2851128578186035,0.00580008327960968,1.5749026536941528,1.1306543350219727,1.2273359298706055,0.1360362023115158,5.49888277053833,0.4644486904144287,0.9380074739456177,0.792932391166687,0.9668349623680115,0.2614087462425232,0.00039999998989515007,0.3300163745880127,0.8137896060943604,0.1490764170885086,3.41009521484375,0.2678617537021637,0.40896156430244446,0.5268243551254272,0.4113597571849823,0.6107586026191711,0.6340869665145874,1.2487812042236328,0.5884881615638733,0.5224320292472839,1.162765622138977,0.009969505481421947,0.01869095303118229,0.5755468010902405,0.44396984577178955,0.16563715040683746,0.6844357848167419,1.410138726234436,0.4241544306278229,0.46360114216804504,1.009382724761963,0.5327357649803162,1.4725499153137207,0.7665227651596069,0.30127814412117004,0.14461876451969147,0.1412011831998825,0.002683647209778428,1.0516140460968018,0.936825156211853,0.5221239924430847,0.6754503846168518,0.7809875011444092,0.4316314160823822,0.5081063508987427,0.12231705337762833,0.4863659143447876,0.10168807953596115,0.03641116991639137,0.683175265789032
0.36916619539260864,0.14280913770198822,0.34238171577453613,1.7161643505096436,1.128522276878357,1.2450834512710571,0.15278318524360657,5.6657209396362305,0.39029744267463684,1.0640429258346558,0.2662202715873718,0.7646750211715698,0.6963865756988525,0.00039999998989515007,0.7197760939598083,1.2323070764541626,0.3520968556404114,3.4011495113372803,0.44104576110839844,0.8854451179504395,0.2264097034931183,0.9233715534210205,0.6228741407394409,0.9157007932662964,0.9778861403465271,0.5794375538825989,0.18373827636241913,0.6291605234146118,0.6581289768218994,0.016373421996831894,0.42330288887023926,0.7359732985496521,0.17868833243846893,0.4204649329185486,0.5817046761512756,0.287004679441452,0.7424708604812622,1.0426371097564697,0.07112059742212296,1.280221700668335,0.07727084308862686,0.10572636872529984,0.3846251368522644,0.19931939244270325,0.07102488726377487,0.8788022398948669,0.8816678524017334,0.31243616342544556,0.5640063881874084,0.7018232941627502,0.10974286496639252,0.36517763137817383,0.7342100143432617,0.6860811710357666,0.23216024041175842,0.1144762858748436,0.26478639245033264
0.33719494938850403,0.001818126067519188,0.254916250705719,1.6090518236160278,1.175546407699585,1.3098803758621216,0.061814919114112854,5.534097194671631,0.3490085005760193,0.7740767598152161,0.44799870252609253,0.8431119918823242,0.2549564838409424,0.00039999998989515007,0.5672821998596191,1.1094096899032593,0.028557859361171722,3.352978229522705,0.23935922980308533,0.5403809547424316,0.45994096994400024,0.7805099487304688,0.6894820928573608,0.7616772651672363,1.236872911453247,0.7250633239746094,0.18281756341457367,1.051288366317749,0.41492748260498047,0.017174875363707542,0.6524090766906738,0.5999454259872437,0.06535946577787399,0.6315822601318359,1.0025588274002075,0.4517521858215332,0.8309710025787354,1.1547930240631104,0.39013659954071045,1.2341417074203491,0.3609103560447693,0.14630986750125885,0.15782131254673004,0.037043724209070206,0.009677030146121979,1.1718204021453857,0.9434196352958679,0.4667465388774872,0.8060183525085449,0.8899975419044495,0.026567906141281128,0.2996937930583954,0.34158384799957275,0.6989432573318481,0.05416484549641609,0.05422485992312431,0.5386400818824768
0.24778009951114655,0.016692951321601868,0.1384507268667221,1.5151172876358032,1.144674301147461,1.388596773147583,0.2740541696548462,5.601716041564941,0.16481542587280273,0.9662539958953857,0.41729214787483215,1.0543252229690552,0.20581704378128052,0.00039999998989515007,0.49454063177108765,1.0500928163528442,0.08383319526910782,3.442869186401367,0.13151806592941284,0.7185737490653992,0.24846601486206055,0.5616846680641174,0.7737565040588379,0.8095877170562744,1.0390273332595825,0.650722861289978,0.44091591238975525,1.0808324813842773,0.2694796323776245,0.038040630519390106,0.9134003520011902,0.5085774064064026,0.07992837578058243,0.5452179908752441,0.9227777123451233,0.3079579174518585,0.7114124894142151,1.0708354711532593,0.5003692507743835,1.3277599811553955,0.36104634404182434,0.18331997096538544,0.341560035943985,0.10501662641763687,0.17325454950332642,1.1479437351226807,0.7041934728622437,0.5426815152168274,0.5907216668128967,0.8678146600723267,0.05980358645319939,0.5074753165245056,0.30926409363746643,0.6742962598800659,0.11010649055242538,0.16394862532615662,0.670264720916748
0.19581075012683868,0.09393041580915451,0.03403790667653084,1.3616453409194946,1.2428221702575684,1.2525312900543213,0.5866765975952148,5.631648540496826,0.028523333370685577,0.6586053967475891,0.032024774700403214,1.2372028827667236,0.34885042905807495,0.00039999998989515007,0.12027016282081604,0.7441447973251343,0.3257804214954376,3.320598602294922,0.10542228072881699,0.8636051416397095,0.0070604742504656315,0.34768015146255493,0.9867454767227173,0.7936572432518005,0.9318452477455139,0.5035444498062134,0.7113154530525208,1.051506757736206,0.19281646609306335,0.40185773372650146,0.6384034752845764,0.4011237621307373,0.14604638516902924,0.2438836693763733,0.4272195100784302,0.20640607178211212,0.7161222100257874,1.4699952602386475,0.2582451105117798,1.3380368947982788,0.039000432938337326,0.41683685779571533,0.49188655614852905,0.043914590030908585,0.4858687222003937,1.5146857500076294,0.49331042170524597,0.23733150959014893,0.9014378786087036,0.5876730680465698,0.4237910509109497,0.5872138738632202,0.5581660270690918,0.8159103393554688,0.10964308679103851,0.3279235363006592,0.3532082736492157
0.489340215921402,0.09147964417934418,0.06001820042729378,1.3006614446640015,1.1897071599960327,1.6754939556121826,0.38450610637664795,5.691512584686279,0.24472779035568237,0.7872908115386963,0.32007843255996704,0.841511607170105,0.453245609998703,0.00039999998989515007,0.5087411999702454,1.0139480829238892,0.1533210426568985,3.5603439807891846,0.36342453956604004,0.8284842371940613,0.17239753901958466,0.3103857934474945,0.6001278162002563,0.9852190613746643,0.7162243723869324,0.2844527065753937,0.39043188095092773,0.8597126007080078,0.16558527946472168,0.06473609805107117,0.9633411169052124,0.6035910844802856,0.0202972199767828,0.11229297518730164,0.22881785035133362,0.5917943716049194,0.8610827922821045,1.1121504306793213,0.737518846988678,1.2686511278152466,0.201817587018013,0.10104735195636749,0.7187263369560242,0.2761329412460327,0.10074537992477417,1.118896484375,0.018294446170330048,0.8269971013069153,0.5592414736747742,0.7691229581832886,0.3677992522716522,0.5056283473968506,0.42752692103385925,0.7780183553695679,0.23709584772586823,0.22992226481437683,0.9341055750846863
0.12759993970394135,0.13173013925552368,0.012473197653889656,1.3231583833694458,0.9275521039962769,1.0461946725845337,0.41045814752578735,5.561115264892578,0.9946924448013306,0.5934637784957886,0.7579683661460876,0.45993033051490784,0.1465614140033722,0.00039999998989515007,0.9189993739128113,1.1719573736190796,0.2073877602815628,3.3757925033569336,0.23730430006980896,0.08806464076042175,0.06586483120918274,0.39476144313812256,0.1008925661444664,0.6417024731636047,0.8800494074821472,0.47991254925727844,0.21786059439182281,1.0055928230285645,0.6413358449935913,0.7979788780212402,0.9145573377609253,0.01009250245988369,0.9249953627586365,0.1457013040781021,0.8531275391578674,0.4867016673088074,0.8251078724861145,0.9386172890663147,0.9146737456321716,1.159271001815796,0.9850503206253052,0.49366357922554016,0.3426220118999481,0.3216126263141632,0.2561317980289459,0.8349981307983398,0.28230786323547363,1.1125434637069702,0.8146777749061584,0.5825455784797668,0.7131781578063965,0.26810112595558167,0.08360719680786133,1.2375673055648804,0.05895893648266792,0.6350002884864807,1.102081537246704
0.33336904644966125,0.17952436208724976,0.3479450047016144,1.7465437650680542,1.214674472808838,1.2348164319992065,0.057865507900714874,5.564601421356201,0.3162635266780853,0.9591724276542664,0.35888567566871643,0.7727859020233154,0.7048653364181519,0.00039999998989515007,0.6752837896347046,1.2582968473434448,0.21963298320770264,3.3368403911590576,0.4324808120727539,0.8727772831916809,0.23900364339351654,0.827470064163208,0.6284117102622986,0.8228848576545715,1.088498830795288,0.6529554128646851,0.20637337863445282,0.716518223285675,0.6874601244926453,0.17701154947280884,0.4033285975456238,0.8295862674713135,0.19207395613193512,0.5339652299880981,0.703633189201355,0.3348918855190277,0.7267427444458008,1.069729208946228,0.015032396651804447,1.3238416910171509,0.07736524194478989,0.1378689557313919,0.21530121564865112,0.21275420486927032,0.0950833112001419,0.930590808391571,0.9833468198776245,0.23659704625606537,0.6305443644523621,0.607835054397583,0.156547412276268,0.39591461420059204,0.8593105673789978,0.6777837872505188,0.2858560085296631,0.04755399376153946,0.2120351344347
0.07953247427940369,0.13403145968914032,0.05225009098649025,1.555539846420288,1.2309367656707764,1.2268435955047607,0.1599615067243576,5.54000186920166,0.5131353139877319,0.9207866787910461,0.4068278968334198,0.9730076789855957,0.01348478440195322,0.00039999998989515007,0.530792772769928,0.8379979729652405,0.10156504064798355,3.3631725311279297,0.20297333598136902,0.392668753862381,0.3079051971435547,0.5269026756286621,0.5398268699645996,0.6616469025611877,1.3087605237960815,0.6259304881095886,0.34893712401390076,1.169707179069519,0.04472566023468971,0.05816736817359924,0.649578869342804,0.5241269469261169,0.28986072540283203,0.7320547699928284,1.1484918594360352,0.20095831155776978,0.5456296801567078,1.009901523590088,0.5102790594100952,1.6156643629074097,0.769508421421051,0.003017243230715394,0.16141445934772491,0.15544208884239197,0.18505151569843292,1.063463807106018,0.9201840758323669,0.5193002223968506,0.770882785320282,0.7603834271430969,0.3185102641582489,0.3913722634315491,0.3013589382171631,0.7658205628395081,0.0676153376698494,0.19602176547050476,0.5144370794296265
0.2655872106552124,0.09774930030107498,0.09694796800613403,1.4713371992111206,1.285009503364563,1.3632656335830688,0.2834659516811371,5.682494163513184,0.05352035537362099,0.8864464163780212,0.3400145173072815,0.9934110641479492,0.2769342064857483,0.00039999998989515007,0.550452709197998,1.1477564573287964,0.058886103332042694,3.358955144882202,0.25442323088645935,0.7679152488708496,0.19094061851501465,0.5892432928085327,0.7283555865287781,0.7488934993743896,1.038722038269043,0.6724738478660583,0.34611842036247253,1.0010451078414917,0.22633709013462067,0.0007694346131756902,0.8829653859138489,0.556304395198822,0.12042462825775146,0.5064912438392639,0.748249888420105,0.22631558775901794,0.7556940913200378,1.0888705253601074,0.42953798174858093,1.3427432775497437,0.3546769917011261,0.18009376525878906,0.38087376952171326,0.14262472093105316,0.27800068259239197,1.1427644491195679,0.5712522268295288,0.5235788226127625,0.6238482594490051,0.8535025119781494,0.11258913576602936,0.6165918707847595,0.26952624320983887,0.8493369817733765,0.12155809998512268,0.08839944005012512,0.6784990429878235
0.051784709095954895,0.32382506132125854,0.06508152186870575,1.4948840141296387,1.0653046369552612,1.3992525339126587,0.6020810604095459,5.451011657714844,0.17806394398212433,0.641642153263092,0.277510404586792,0.8467874526977539,0.572775661945343,0.00039999998989515007,0.2793534994125366,0.8842228055000305,0.6478496193885803,3.2697014808654785,0.03342999145388603,0.6015649437904358,0.18564504384994507,0.26293280720710754,0.7036221623420715,1.0037175416946411,1.2104570865631104,0.11283661425113678,0.528566837310791,1.2633273601531982,0.23683741688728333,0.026750430464744568,0.137783482670784,0.34069687128067017,0.01862272247672081,0.09721288084983826,0.1646297425031662,0.29361164569854736,0.839705228805542,1.4479111433029175,0.6904320120811462,1.5926342010498047,0.005200786981731653,0.1256667673587799,0.6254377365112305,0.07098614424467087,0.3834354877471924,1.3283710479736328,0.6158656477928162,0.5337868332862854,1.3681200742721558,0.5412421226501465,0.29425105452537537,0.10883327573537827,0.698779284954071,0.9033077359199524,0.4426879286766052,0.2090468555688858,0.25916215777397156
0.2867179811000824,0.014256360940635204,0.12996003031730652,1.4972461462020874,1.3083609342575073,1.351412296295166,0.21983279287815094,5.614480018615723,0.1478203982114792,0.8328579664230347,0.3605113625526428,0.8942158222198486,0.2839656472206116,0.00039999998989515007,0.5439282059669495,1.1300550699234009,0.06339364498853683,3.3147799968719482,0.2373671978712082,0.6697800159454346,0.30609554052352905,0.678673267364502,0.696362316608429,0.7458167672157288,1.1996276378631592,0.6749522686004639,0.28403475880622864,1.0248081684112549,0.2624818682670593,0.007234699558466673,0.7276129722595215,0.598244845867157,0.07522115111351013,0.576567530632019,0.8027340173721313,0.2661699950695038,0.7837035059928894,1.1461482048034668,0.43739110231399536,1.3577529191970825,0.39711323380470276,0.21619053184986115,0.3450329899787903,0.08129354566335678,0.18655288219451904,1.1559137105941772,0.7230512499809265,0.515373170375824,0.7365571856498718,0.8896913528442383,0.05720774829387665,0.5215482711791992,0.28848007321357727,0.8344240784645081,0.017758289352059364,0.0219626035541296,0.6218799352645874
0.6063573956489563,0.3637124300003052,0.06381551921367645,1.135817527770996,1.6140131950378418,1.515883445739746,0.27678486704826355,5.401337146759033,0.043370336294174194,0.6514506936073303,0.5254659056663513,0.4749918580055237,0.35550203919410706,0.00039999998989515007,0.48705077171325684,1.4919836521148682,0.05333660915493965,3.0556740760803223,0.44249001145362854,0.639094889163971,0.39204666018486023,0.7611883282661438,0.6536354422569275,0.6376526355743408,1.5144803524017334,0.5742802023887634,0.06563583761453629,1.0585110187530518,0.17874330282211304,0.1902427226305008,0.5105735659599304,0.7494654655456543,0.07853347808122635,0.6714776754379272,0.3712393343448639,0.015140550211071968,0.9082835912704468,0.986871600151062,0.6719624400138855,1.4531618356704712,0.48734578490257263,0.5476641654968262,0.6177575588226318,0.0536576583981514,0.08002074807882309,0.9870980381965637,0.5625163912773132,0.753987729549408,0.803625226020813,1.2081304788589478,0.01463304553180933,0.6012364029884338,0.09802215546369553,0.9044246077537537,0.2732669711112976,0.3098022937774658,0.8190950751304626
0.17817677557468414,0.18831846117973328,0.2611441910266876,1.1634681224822998,1.2340340614318848,1.4348064661026,0.8711783289909363,5.151237487792969,0.7516568899154663,0.3565357029438019,0.38868191838264465,0.14893268048763275,0.4928251802921295,0.00039999998989515007,0.7602230906486511,1.4830083847045898,0.6092322468757629,2.9679830074310303,0.47760310769081116,0.21901191771030426,0.15970049798488617,0.13960349559783936,0.0018803176935762167,0.43908923864364624,1.2566207647323608,0.16926229000091553,0.20086459815502167,1.494150161743164,1.0995640754699707,0.5305092930793762,0.7108572125434875,0.4362570345401764,0.5177057981491089,0.3742806017398834,0.5145844221115112,0.2993815243244171,0.5018301606178284,0.9009072780609131,1.2576104402542114,1.3584684133529663,0.7376963496208191,0.22362567484378815,0.5242919921875,0.3125046491622925,0.32314756512641907,0.6406900882720947,0.09598086029291153,1.5135997533798218,0.933640718460083,0.2841687500476837,0.9469541907310486,0.5134648680686951,0.16475225985050201,1.5362075567245483,0.17003631591796875,0.3440518081188202,1.4871872663497925
0.26916712522506714,0.07402373850345612,0.2067205011844635,1.4925729036331177,1.3337804079055786,1.404695749282837,0.4014478921890259,5.540910720825195,0.04014963656663895,0.7647300958633423,0.1852729320526123,0.7999293804168701,0.48744791746139526,0.00039999998989515007,0.6140156388282776,1.223531723022461,0.03680667653679848,3.2732994556427,0.31676214933395386,0.6677364110946655,0.25122037529945374,0.7456308603286743,0.6433172821998596,0.7903655171394348,1.2647671699523926,0.6058468818664551,0.26878857612609863,1.0655896663665771,0.28606152534484863,0.013547454960644245,0.5901390314102173,0.6811046600341797,0.1269175261259079,0.5546551942825317,0.5591588616371155,0.2077302783727646,0.8402402997016907,1.2248014211654663,0.5340597033500671,1.2645059823989868,0.19399480521678925,0.22646331787109375,0.43213972449302673,0.036507103592157364,0.2047315090894699,1.1131231784820557,0.6768794059753418,0.5994749665260315,0.8412635922431946,0.9960199594497681,0.18164494633674622,0.4700070917606354,0.3946019411087036,0.9402548670768738,0.05914588272571564,0.11221630871295929,0.5179204940795898
0.4227481782436371,0.08335757255554199,0.05464478209614754,1.363543152809143,1.2123448848724365,1.6203269958496094,0.39704129099845886,5.501140117645264,0.25298789143562317,1.032299280166626,0.3870871663093567,0.9292522668838501,0.3864600658416748,0.00039999998989515007,0.6254403591156006,1.311668872833252,0.43069949746131897,3.2707202434539795,0.30247974395751953,0.9183622598648071,0.0860867127776146,0.7132099866867065,0.7899308204650879,1.0137159824371338,0.9397442936897278,0.4218188226222992,0.36090174317359924,1.0821043252944946,0.2080189287662506,0.26386842131614685,0.7627393007278442,0.5001131296157837,0.0682397410273552,0.3281487822532654,0.22656968235969543,0.09552671760320663,0.8640454411506653,0.9314281344413757,0.7118191719055176,1.36714506149292,0.1491943597793579,0.16529059410095215,0.7579916715621948,0.09100641310214996,0.2641824185848236,1.0169614553451538,0.3676046133041382,0.7960319519042969,0.7344437837600708,1.1374735832214355,0.0483863390982151,0.4639025926589966,0.11706873774528503,0.8855534791946411,0.15020813047885895,0.02129058912396431,0.7268301248550415
0.44429028034210205,0.31727999448776245,0.1623951941728592,1.1832590103149414,1.518099308013916,1.50337553024292,0.20452150702476501,5.485429763793945,0.01313124131411314,0.6531798839569092,0.6637823581695557,0.7734783887863159,0.06696037948131561,0.00039999998989515007,0.2376413494348526,1.2526379823684692,0.23856964707374573,3.0783119201660156,0.16331139206886292,0.6754281520843506,0.481814444065094,0.38893115520477295,0.7597933411598206,0.38644593954086304,1.539738416671753,0.7323644757270813,0.4915836453437805,1.1243821382522583,0.2046375423669815,0.20721584558486938,0.6908032298088074,0.7157654166221619,0.006974570453166962,0.8552824258804321,0.8198555707931519,0.11758103221654892,0.6339701414108276,1.1503843069076538,0.5756406784057617,1.3270033597946167,0.4993896186351776,0.7826002240180969,0.2905435264110565,0.10170749574899673,0.14900806546211243,1.1489735841751099,0.5865705609321594,0.4887244999408722,0.6623258590698242,1.0849205255508423,0.13942071795463562,0.927044689655304,0.1146361455321312,0.6418207883834839,0.08827505260705948,0.37199899554252625,0.7457514405250549
0.7307274341583252,0.10843989998102188,0.42754510045051575,1.0355149507522583,1.1644806861877441,1.6115705966949463,0.18283936381340027,5.506572246551514,0.33503833413124084,0.7558684349060059,1.3626662492752075,1.1401602029800415,0.32117173075675964,0.00039999998989515007,0.04500851780176163,1.0197362899780273,0.15151868760585785,2.991415500640869,0.20653146505355835,0.9877947568893433,0.6124960780143738,0.3932514190673828,1.1087936162948608,0.4290923774242401,0.9379110932350159,0.8882739543914795,0.514315128326416,0.9153181314468384,0.4712071120738983,0.06645084172487259,1.3098077774047852,0.5362242460250854,0.2631798982620239,0.7812923192977905,0.9064202308654785,0.24862340092658997,0.4870636761188507,0.856535017490387,0.4003785252571106,1.0887995958328247,0.5776734948158264,0.7193517088890076,0.3009749948978424,0.14264613389968872,0.08757928758859634,1.1453055143356323,0.14614707231521606,0.44827723503112793,0.1736593097448349,1.0552375316619873,0.24720509350299835,1.09932279586792,0.676846444606781,0.3958517014980316,0.12464682012796402,0.17253461480140686,1.0553762912750244
0.16072098910808563,0.1891499012708664,0.10942648351192474,1.565916895866394,1.2228295803070068,1.364302158355713,0.20993494987487793,5.6861348152160645,0.06902124732732773,0.8811222314834595,0.26371848583221436,1.0197944641113281,0.3132639527320862,0.00039999998989515007,0.6179667711257935,1.0975468158721924,0.17482486367225647,3.3560101985931396,0.2046610414981842,0.7527696490287781,0.15777823328971863,0.6342757940292358,0.6902384757995605,0.8096956610679626,1.008398175239563,0.6264829039573669,0.30395814776420593,1.0305370092391968,0.22537800669670105,0.07707753777503967,0.8105616569519043,0.5698235630989075,0.15564332902431488,0.480986088514328,0.6866284012794495,0.27936336398124695,0.7435099482536316,1.084213137626648,0.40980201959609985,1.363073706626892,0.31901252269744873,0.010737593285739422,0.33603379130363464,0.2085115611553192,0.3019736111164093,1.1121867895126343,0.560470461845398,0.5529278516769409,0.7588130235671997,0.8096778988838196,0.14101769030094147,0.5020057559013367,0.3725718855857849,0.9588316082954407,0.07478703558444977,0.12265554815530777,0.5900897979736328
0.3248688280582428,0.010197128169238567,0.14758320152759552,1.4498945474624634,1.3301901817321777,1.365099549293518,0.2150014042854309,5.6247358322143555,0.047278694808483124,0.870979905128479,0.3081790804862976,0.9296144843101501,0.3072431683540344,0.00039999998989515007,0.5319624543190002,1.1435312032699585,0.15289980173110962,3.2975547313690186,0.24885904788970947,0.7186170816421509,0.2426447570323944,0.704906702041626,0.7420926094055176,0.8037897944450378,1.173028826713562,0.6666691899299622,0.2901804745197296,1.0013633966445923,0.28349530696868896,0.02424531988799572,0.739939272403717,0.6099613308906555,0.04865008220076561,0.5409930348396301,0.6884928345680237,0.16901500523090363,0.8245807886123657,1.097389817237854,0.42875805497169495,1.4086816310882568,0.35424506664276123,0.23501408100128174,0.41915205121040344,0.09586906433105469,0.215593159198761,1.1652957201004028,0.6881393790245056,0.48845067620277405,0.6975125074386597,0.935316801071167,0.005178506951779127,0.514391303062439,0.2727718651294708,0.8237245082855225,0.0005010013119317591,0.018140288069844246,0.5948519706726074
0.2210879921913147,0.11701801419258118,0.16343051195144653,1.3527214527130127,1.1786543130874634,1.4914265871047974,0.5754364132881165,5.434324741363525,0.07408201694488525,1.0752185583114624,0.31163233518600464,1.1235883235931396,0.3303544223308563,0.00039999998989515007,0.5723268985748291,1.0669857263565063,0.21099478006362915,3.362635850906372,0.11166192591190338,0.7921288013458252,0.01657070778310299,0.6868544220924377,0.7941731214523315,1.073105812072754,0.9538055062294006,0.4650646150112152,0.5043795108795166,1.0752357244491577,0.1732107400894165,0.16900697350502014,0.9523900747299194,0.49415427446365356,0.09897253662347794,0.3779565989971161,0.4061536192893982,0.024769889190793037,0.8530604839324951,0.9960147142410278,0.7923932671546936,1.3652350902557373,0.2524479329586029,0.12735140323638916,0.7769054174423218,0.03412206470966339,0.32212695479393005,1.076034665107727,0.42358970642089844,0.7688373327255249,0.580019474029541,1.1954489946365356,0.005636153742671013,0.47502899169921875,0.24634981155395508,0.8449649810791016,0.014381217770278454,0.14941224455833435,0.6366477608680725
0.2686271667480469,0.11876142770051956,0.1010303869843483,1.547507643699646,1.2560032606124878,1.315488338470459,0.09611504524946213,5.695168972015381,0.11063067615032196,0.8368141055107117,0.34589698910713196,0.9779218435287476,0.25727689266204834,0.00039999998989515007,0.5106461048126221,1.0530669689178467,0.0754399523139,3.336454391479492,0.23354670405387878,0.7383075952529907,0.3430245816707611,0.6399978995323181,0.7297283411026001,0.704559326171875,1.0924608707427979,0.7266868352890015,0.3115360736846924,0.9564862251281738,0.3639274835586548,0.0746762678027153,0.7888810038566589,0.6025225520133972,0.12452753633260727,0.5777930617332458,0.9061810374259949,0.37103453278541565,0.7253561019897461,1.1813911199569702,0.28638920187950134,1.3021693229675293,0.36126193404197693,0.1849018931388855,0.2367434948682785,0.13915017247200012,0.17240959405899048,1.1635485887527466,0.7062430381774902,0.41293755173683167,0.6713347434997559,0.7609635591506958,0.10750292986631393,0.573189377784729,0.3484038710594177,0.7974057197570801,0.12998466193675995,0.047311361879110336,0.598641574382782
0.22283412516117096,0.04926195740699768,0.1725928634405136,1.5496939420700073,1.1853185892105103,1.4107251167297363,0.17265981435775757,5.512712001800537,0.16914696991443634,0.9548775553703308,0.41917338967323303,1.0993773937225342,0.18493735790252686,0.00039999998989515007,0.5564082264900208,1.0776094198226929,0.04285664111375809,3.3686904907226562,0.11099273711442947,0.7285019755363464,0.23697508871555328,0.5976336002349854,0.7774671316146851,0.8370108604431152,1.061718225479126,0.6852759718894958,0.4501746892929077,1.147392749786377,0.3102401793003082,0.022798681631684303,0.9075248837471008,0.547806441783905,0.05204767733812332,0.58547443151474,0.8954321146011353,0.28243234753608704,0.7296385169029236,1.0329217910766602,0.4906822741031647,1.3257704973220825,0.33552733063697815,0.10737422853708267,0.2842006981372833,0.10955880582332611,0.2417764961719513,1.1692155599594116,0.7193513512611389,0.5535863637924194,0.682511568069458,0.929370641708374,0.09010101109743118,0.48318901658058167,0.3485402464866638,0.7550812363624573,0.0943436473608017,0.14444348216056824,0.5902713537216187
0.6674909591674805,0.5664606690406799,0.05543298274278641,1.1630961894989014,1.222808599472046,1.1716630458831787,0.5521540641784668,5.637834548950195,0.006892139557749033,0.6202383041381836,0.7559822201728821,1.3164513111114502,0.02850891463458538,0.00039999998989515007,0.11712601780891418,0.8243222236633301,0.35933148860931396,3.1349902153015137,0.3091433346271515,0.8537093997001648,0.5130481719970703,0.7063389420509338,1.1525378227233887,0.5699523687362671,0.9507039785385132,1.0764716863632202,0.07118066400289536,0.7155275344848633,0.7766485810279846,0.1389562487602234,1.2212355136871338,0.7527711391448975,0.3939962089061737,0.8024929761886597,1.0611709356307983,0.29041415452957153,0.7301557660102844,0.908415675163269,0.193844273686409,1.2557669878005981,0.5528920292854309,0.3231298327445984,0.016080601140856743,0.27165502309799194,0.039963945746421814,1.2927879095077515,0.6065891981124878,0.019796103239059448,0.26804670691490173,0.6968918442726135,0.133442223072052,0.6424605250358582,0.03331945464015007,0.5522441267967224,0.043945249170064926,0.018773332238197327,0.7858616709709167
0.3264736235141754,0.10896999388933182,0.09392090886831284,1.3016763925552368,1.6047067642211914,1.499062418937683,0.3490333557128906,5.521758556365967,0.1246514618396759,0.6891979575157166,0.3278432786464691,0.7296613454818726,0.32813242077827454,0.00039999998989515007,0.4976961016654968,1.4291267395019531,0.22409871220588684,3.156529664993286,0.33544448018074036,0.7867013216018677,0.20184950530529022,0.48888036608695984,0.663232684135437,0.5575759410858154,1.3438977003097534,0.6169015765190125,0.3463742136955261,1.126916527748108,0.13365904986858368,0.042881205677986145,0.7670791745185852,0.7919079065322876,0.06492317467927933,0.6808866262435913,0.48213332891464233,0.08150894194841385,0.7266995310783386,1.0198373794555664,0.5825002193450928,1.402803659439087,0.36204445362091064,0.39979851245880127,0.427605003118515,0.07867163419723511,0.33810266852378845,1.0001765489578247,0.39200904965400696,0.7189505100250244,0.7338967323303223,1.031111240386963,0.10511570423841476,0.8536708950996399,0.1817714422941208,1.0266743898391724,0.047174517065286636,0.232563316822052,0.7357012033462524
0.4438323974609375,0.2246006727218628,0.4122977554798126,1.3608537912368774,0.9862526059150696,1.386232852935791,0.8537610769271851,5.59113073348999,0.10985957831144333,0.7289286851882935,1.047837257385254,1.1446260213851929,0.4662521481513977,0.00039999998989515007,0.09686952829360962,0.6772908568382263,0.5550559759140015,2.9995975494384766,0.17688407003879547,0.7506237030029297,0.7575211524963379,0.26265937089920044,1.025429129600525,0.3075500726699829,1.1719484329223633,0.8463067412376404,0.38298460841178894,0.9020689725875854,0.5211433172225952,0.1870509535074234,0.8239325284957886,0.6046998500823975,0.6989744305610657,0.9318554401397705,1.4416779279708862,0.5938501954078674,0.3478902280330658,0.9265350103378296,0.012226569466292858,1.3729257583618164,0.7200884222984314,0.48380246758461,0.2846677005290985,0.40275612473487854,0.17449840903282166,1.1480088233947754,0.7211852073669434,0.03499323129653931,0.482964426279068,0.532666802406311,0.5788262486457825,0.7238559722900391,0.29076308012008667,0.181814506649971,0.12081266194581985,0.0599898137152195,0.715700089931488
0.4459158480167389,0.026997726410627365,0.3140077292919159,1.6348214149475098,1.1909980773925781,1.3186495304107666,0.008609159849584103,5.576694488525391,0.4288720488548279,1.0777716636657715,0.20340272784233093,0.6889417171478271,0.6675662398338318,0.00039999998989515007,0.7301841378211975,1.2142338752746582,0.6096901297569275,3.272608757019043,0.4093872606754303,0.8648487329483032,0.2864668369293213,1.0816113948822021,0.6456074118614197,1.018693447113037,1.0726327896118164,0.4982961118221283,0.07490839064121246,0.6422950029373169,0.6848933696746826,0.15412072837352753,0.26331421732902527,0.7822110652923584,0.19004684686660767,0.42963725328445435,0.42093726992607117,0.19383351504802704,0.821559488773346,0.990710437297821,0.14337392151355743,1.4018577337265015,0.015486775897443295,0.10477567464113235,0.51363605260849,0.20914116501808167,0.0016576655907556415,0.8584117889404297,0.9095342755317688,0.3528774678707123,0.6742323040962219,0.8440341949462891,0.24038229882717133,0.2223363220691681,0.6154032349586487,0.7235113978385925,0.02244698442518711,0.04833926260471344,0.23869609832763672
0.42462295293807983,0.18683691322803497,0.31679075956344604,1.1400738954544067,1.5843216180801392,1.2793031930923462,0.15621589124202728,5.470395088195801,0.0003561290795914829,0.49490898847579956,0.8715033531188965,0.8324652910232544,0.43192553520202637,0.00039999998989515007,0.0008319346234202385,1.058628797531128,0.022630436345934868,3.087533950805664,0.022564228624105453,0.5509548187255859,0.5745769739151001,0.3309118151664734,0.8335369229316711,0.35270336270332336,1.4315263032913208,0.6493987441062927,0.46089306473731995,1.080752968788147,0.09844052791595459,0.09583789855241776,0.7009766697883606,0.9544376730918884,0.03511699661612511,0.9595776200294495,1.08243727684021,0.17863433063030243,0.5102653503417969,0.8757109642028809,0.4498567581176758,1.4775291681289673,0.7614283561706543,0.8020029067993164,0.1525496244430542,0.18675154447555542,0.09343398362398148,1.0766090154647827,0.49914005398750305,0.5292879939079285,0.6157939434051514,1.0527143478393555,0.518316924571991,0.9318269491195679,0.17106735706329346,0.6499969363212585,0.3856752812862396,0.4155541658401489,0.8981871008872986
0.369415283203125,0.03473168984055519,0.10416102409362793,1.2873402833938599,1.3454614877700806,1.4710264205932617,0.11019974946975708,5.718910217285156,0.037832148373126984,0.8162692785263062,0.3309394419193268,0.9498624801635742,0.3581474721431732,0.00039999998989515007,0.5809206366539001,1.2345459461212158,0.587372899055481,3.3042540550231934,0.2961224615573883,0.8264449834823608,0.1899813711643219,0.6530259251594543,0.7312803864479065,0.7704371809959412,0.9435584545135498,0.5360574722290039,0.16623792052268982,1.0807013511657715,0.24164140224456787,0.20997029542922974,0.6189579963684082,0.5134077072143555,0.16031315922737122,0.4223208725452423,0.37337586283683777,0.14999352395534515,0.8182287812232971,1.029197096824646,0.41850391030311584,1.5331660509109497,0.3675203323364258,0.11060360074043274,0.5164116024971008,0.11324519664049149,0.24244657158851624,1.1067739725112915,0.44692376255989075,0.6316991448402405,0.8904999494552612,0.8066316843032837,0.15432864427566528,0.40858396887779236,0.1264316588640213,0.9523034691810608,0.11217128485441208,0.07716883718967438,0.7254325151443481
0.11247656494379044,0.2404392510652542,0.05005307495594025,1.5710088014602661,1.1299378871917725,1.4143948554992676,0.31389814615249634,5.495975017547607,0.08262358605861664,0.7719320058822632,0.04424358159303665,1.050369381904602,0.22921651601791382,0.00039999998989515007,0.23224447667598724,0.8098862171173096,0.6272780299186707,3.2736682891845703,0.05826997011899948,0.7962085604667664,0.06589707732200623,0.3377734124660492,0.9322722554206848,0.9986159205436707,1.0274606943130493,0.24393533170223236,0.7057890892028809,1.2598110437393188,0.012394328601658344,0.1238529309630394,0.3648031949996948,0.3532068133354187,0.050722040235996246,0.17442312836647034,0.37231093645095825,0.3027067482471466,0.7119038701057434,1.3003032207489014,0.48905304074287415,1.519087553024292,0.023219741880893707,0.17789557576179504,0.4804894030094147,0.16953299939632416,0.4691854417324066,1.4473284482955933,0.6214340329170227,0.41489681601524353,1.2774053812026978,0.6418907046318054,0.11019524186849594,0.2704310715198517,0.6198325157165527,0.8621653914451599,0.40958839654922485,0.20841489732265472,0.23459570109844208
0.2165975272655487,0.1462608277797699,0.14120355248451233,1.5410155057907104,1.2359726428985596,1.3507349491119385,0.12830610573291779,5.682607173919678,0.04601292312145233,0.9266656637191772,0.23368851840496063,0.9736239314079285,0.3234209418296814,0.00039999998989515007,0.6184418201446533,1.1380130052566528,0.2039363831281662,3.344348192214966,0.218406543135643,0.7486796975135803,0.17384740710258484,0.6517738103866577,0.6892624497413635,0.8422447443008423,1.0659618377685547,0.6363319754600525,0.2930316925048828,0.987141489982605,0.23961091041564941,0.08288628607988358,0.7686219811439514,0.57094806432724,0.14791662991046906,0.4839976131916046,0.7135210037231445,0.24942553043365479,0.7751396298408508,1.0537923574447632,0.3975400924682617,1.4201639890670776,0.3286217153072357,0.05417487770318985,0.36953413486480713,0.2060479372739792,0.2718972861766815,1.1101658344268799,0.6453810930252075,0.5154431462287903,0.7250233888626099,0.8242696523666382,0.03536219522356987,0.48539480566978455,0.3746710419654846,0.8809690475463867,0.088375523686409,0.14850102365016937,0.5788190364837646
0.27528834342956543,0.14292606711387634,0.014512447640299797,1.6203863620758057,1.2064628601074219,1.4637846946716309,0.11364614963531494,5.597543716430664,0.19597677886486053,0.9087207317352295,0.4885970652103424,0.7213147282600403,0.1186165139079094,0.00039999998989515007,0.5112065076828003,1.1098474264144897,0.37903881072998047,3.2507407665252686,0.07230547815561295,0.6183587312698364,0.4146575331687927,0.6559664607048035,0.6590709686279297,0.7959491014480591,1.3282300233840942,0.5130453705787659,0.24635344743728638,1.0887045860290527,0.18202051520347595,0.17109857499599457,0.4912205934524536,0.5672183632850647,0.2196061611175537,0.5817477107048035,0.8654070496559143,0.4158027768135071,0.7244970798492432,1.0255032777786255,0.5139098763465881,1.522263765335083,0.48915764689445496,0.14053912460803986,0.28501251339912415,0.24739620089530945,0.027621952816843987,1.0417325496673584,0.8376215100288391,0.5577109456062317,0.9112351536750793,0.863896906375885,0.24036501348018646,0.3572457432746887,0.20290052890777588,0.7338434457778931,0.1859952062368393,0.06166652962565422,0.5794589519500732
0.4440980553627014,0.20604872703552246,0.18921130895614624,1.4611413478851318,1.491072177886963,1.4378223419189453,0.21898718178272247,5.437129974365234,0.5500974059104919,0.8647395968437195,0.3361946940422058,0.4477640986442566,0.8069305419921875,0.00039999998989515007,0.6471299529075623,1.5212565660476685,0.15907743573188782,3.125375270843506,0.46820828318595886,0.8273693919181824,0.23354926705360413,0.8685362339019775,0.5444057583808899,0.8066592216491699,1.460731029510498,0.4724125862121582,0.16142722964286804,0.789961576461792,0.5199041366577148,0.0016405136557295918,0.17104506492614746,0.9879721403121948,0.38155409693717957,0.5991132259368896,0.20739100873470306,0.046228859573602676,0.8366010785102844,1.0267077684402466,0.3658424913883209,1.4495619535446167,0.04588662460446358,0.40989723801612854,0.5537142157554626,0.059255704283714294,0.07624772191047668,0.7659485340118408,0.7760274410247803,0.5072187781333923,0.7428940534591675,1.007959008216858,0.21736977994441986,0.5029184818267822,0.5921331644058228,0.8111178278923035,0.04356000944972038,0.26098161935806274,0.26587289571762085
0.25072944164276123,0.027578461915254593,0.4038950800895691,1.643569827079773,0.9318543672561646,1.3606958389282227,0.2999889552593231,5.395443439483643,0.49384966492652893,1.3814445734024048,0.23114365339279175,1.0457963943481445,0.6721467971801758,0.00039999998989515007,0.8135511875152588,1.0614897012710571,0.754172682762146,3.4426498413085938,0.1771903932094574,0.9380748867988586,0.07836885750293732,1.0264053344726562,0.6554374694824219,1.3111573457717896,0.7070121169090271,0.36326146125793457,0.332415372133255,0.742790162563324,0.6136895418167114,0.2532201409339905,0.4558340311050415,0.6027219295501709,0.3453626036643982,0.2432941496372223,0.35338670015335083,0.1354682296514511,0.7834222316741943,0.8538158535957336,0.3649294376373291,1.3731712102890015,0.11622556298971176,0.11910896003246307,0.7356131672859192,0.17493745684623718,0.06203765794634819,0.7422762513160706,0.7790085077285767,0.5594850778579712,0.48963749408721924,0.9299269914627075,0.3276231288909912,0.11214959621429443,0.7215192317962646,0.6357238292694092,0.15848767757415771,0.2540770173072815,0.24120205640792847
0.23941896855831146,0.11059260368347168,0.2154536098241806,1.4459102153778076,1.2655260562896729,1.3950248956680298,0.3621642291545868,5.66798210144043,0.0032089517917484045,0.7925480604171753,0.1324925571680069,0.9041261076927185,0.5215636491775513,0.00039999998989515007,0.5707260370254517,1.118139624595642,0.01036212220788002,3.3100740909576416,0.34551873803138733,0.7418594360351562,0.18285931646823883,0.6587944030761719,0.7031562924385071,0.8006511330604553,1.1411174535751343,0.6598601937294006,0.26260730624198914,1.0690566301345825,0.29465022683143616,0.048409949988126755,0.7460815906524658,0.7110587954521179,0.10430195182561874,0.566760241985321,0.6177238821983337,0.161191925406456,0.7341676354408264,1.1972349882125854,0.4291764795780182,1.2703733444213867,0.15095943212509155,0.16912920773029327,0.41627201437950134,0.015423905104398727,0.22914241254329681,1.1463009119033813,0.6264611482620239,0.5435138940811157,0.6848468780517578,0.8186901211738586,0.2559996247291565,0.48810502886772156,0.4730190932750702,0.9433857798576355,0.0009495802805759013,0.004443636164069176,0.6080381274223328
0.0035241805016994476,0.09126891940832138,0.010121297091245651,1.3600938320159912,0.9386787414550781,1.213283896446228,0.3182184100151062,5.540366172790527,0.8063669204711914,0.698452889919281,0.6857894062995911,0.38253337144851685,0.22841405868530273,0.00039999998989515007,0.9516573548316956,1.3616548776626587,0.1680903285741806,3.328594923019409,0.3450658619403839,0.2695201635360718,0.006288626696914434,0.35661759972572327,0.16161681711673737,0.7468121647834778,0.8670915365219116,0.4206627607345581,0.124308742582798,1.0182877779006958,0.6055153608322144,0.7820817232131958,0.9214809536933899,0.010201258584856987,0.8637704849243164,0.0542580708861351,0.7078600525856018,0.5288395881652832,0.8973187208175659,0.9187408089637756,0.9764665365219116,1.1679767370224,0.8080105781555176,0.4314824640750885,0.44559866189956665,0.36339160799980164,0.2915845513343811,0.8417640328407288,0.24401381611824036,1.1614593267440796,0.8519001603126526,0.6354504227638245,0.699845016002655,0.31610584259033203,0.042668748646974564,1.2014576196670532,0.09385940432548523,0.654900312423706,1.0979079008102417
0.0793682336807251,0.019125301390886307,0.15166033804416656,1.4092841148376465,1.1682507991790771,1.2556825876235962,0.5160698294639587,5.532288551330566,0.10023148357868195,0.7399044036865234,0.06315228343009949,1.325661301612854,0.39658302068710327,0.00039999998989515007,0.2001899629831314,0.6541298031806946,0.2862223982810974,3.3185553550720215,0.05635340139269829,0.8424078822135925,0.06226557493209839,0.31114324927330017,0.9703488945960999,0.8907131552696228,0.8881760239601135,0.5520449280738831,0.7066347002983093,1.1762887239456177,0.19596664607524872,0.42005860805511475,0.7239019870758057,0.42325735092163086,0.1603773981332779,0.2999587655067444,0.5879319906234741,0.1941923052072525,0.6643491387367249,1.4298709630966187,0.25225159525871277,1.3839246034622192,0.03173520416021347,0.23854753375053406,0.43298694491386414,0.025620613247156143,0.4961247146129608,1.533851146697998,0.6269114017486572,0.25660887360572815,0.8613160848617554,0.464158296585083,0.39342308044433594,0.4555075168609619,0.753076434135437,0.8282636404037476,0.023587236180901527,0.1456197053194046,0.36416009068489075
0.22640369832515717,0.30407989025115967,0.09976440668106079,1.2068215608596802,1.6615415811538696,1.3209662437438965,0.5701623558998108,5.458896636962891,0.06611733883619308,0.4428546726703644,0.024536008015275,0.8925858736038208,0.36648863554000854,0.00039999998989515007,0.13164597749710083,1.0491843223571777,0.11644779145717621,3.0563225746154785,0.19153788685798645,0.7925595045089722,0.07171507179737091,0.2482885867357254,0.8278469443321228,0.5088362097740173,1.3645926713943481,0.5568046569824219,0.6673334240913391,1.198242425918579,0.0696115642786026,0.4782504737377167,0.4618847668170929,0.6385259032249451,0.3004549443721771,0.4908384382724762,0.3327207565307617,0.02909139171242714,0.6726270914077759,1.4066790342330933,0.3394327461719513,1.4427732229232788,0.16655369102954865,0.6567749977111816,0.42648473381996155,0.12979158759117126,0.5496094226837158,1.3994299173355103,0.46536391973495483,0.36376479268074036,1.029675841331482,0.728215217590332,0.3881312608718872,0.848544180393219,0.4872244596481323,1.006726861000061,0.12120112031698227,0.6443004608154297,0.3858228921890259
0.01431531086564064,0.4108312427997589,0.3946121633052826,1.3155466318130493,1.0158350467681885,1.346253752708435,0.4663084149360657,5.4611053466796875,0.23205706477165222,0.9257645010948181,0.7410634756088257,1.5089274644851685,0.316291868686676,0.00039999998989515007,0.1580236256122589,0.5680122375488281,0.4767337441444397,3.2639505863189697,0.37118998169898987,0.7475664019584656,0.28289279341697693,0.2787812054157257,0.9499492049217224,0.6343879699707031,0.8613842129707336,0.7026169300079346,0.3415287435054779,1.027845025062561,0.3212054371833801,0.09412471204996109,1.4124844074249268,0.6901641488075256,0.7346869707107544,0.8758459687232971,1.2447106838226318,0.37275099754333496,0.4161149859428406,0.6018904447555542,0.3035166263580322,1.6358400583267212,0.9308769702911377,0.1903340071439743,0.019823892042040825,0.6125640869140625,0.08343154937028885,0.8490596413612366,0.3915620744228363,0.46023547649383545,0.20568709075450897,0.6026808023452759,0.5602470636367798,0.6220813393592834,0.018360834568738937,0.5775966048240662,0.3199455738067627,0.4105144441127777,0.856880784034729
0.3950445055961609,0.05220820754766464,0.07299860566854477,1.38373863697052,1.1764744520187378,1.563347339630127,0.2716509997844696,5.510496139526367,0.18849945068359375,1.012043833732605,0.36914578080177307,1.0202183723449707,0.33168116211891174,0.00039999998989515007,0.5674952268600464,1.2962085008621216,0.07529415935277939,3.382416248321533,0.3457089066505432,0.963790237903595,0.0868576318025589,0.5820064544677734,0.8516998887062073,0.9701163172721863,0.8294755816459656,0.5165073871612549,0.4308813512325287,0.9509463310241699,0.3073582947254181,0.1460951417684555,1.148126244544983,0.5816275477409363,0.04718322679400444,0.3888845443725586,0.530726969242096,0.2917245030403137,0.8721375465393066,0.9643236398696899,0.6916731595993042,1.2020968198776245,0.1668027639389038,0.1713273525238037,0.6397488117218018,0.23216596245765686,0.24791035056114197,1.0071043968200684,0.29578712582588196,0.7778764963150024,0.4418746829032898,1.074402093887329,0.0907510370016098,0.6433272957801819,0.23509566485881805,0.7914724349975586,0.20392796397209167,0.22329136729240417,0.8211483955383301
0.09904932975769043,0.2274014949798584,0.0383547805249691,1.5374233722686768,1.2048726081848145,1.2936993837356567,0.20898164808750153,5.727882385253906,0.12873084843158722,0.6698811054229736,0.017447035759687424,1.2115155458450317,0.2676548957824707,0.00039999998989515007,0.2187357097864151,0.8458688259124756,0.6314641833305359,3.245291233062744,0.09349802881479263,0.9558586478233337,0.12470798939466476,0.25528499484062195,0.9313795566558838,0.8293285965919495,0.8145751953125,0.4178581237792969,0.6198217272758484,1.0937168598175049,0.03397246077656746,0.19693785905838013,0.5138199329376221,0.42891940474510193,0.07346091419458389,0.1463324874639511,0.34241777658462524,0.30703067779541016,0.6446593999862671,1.274509072303772,0.14187170565128326,1.4734206199645996,0.0004803049087058753,0.1149703785777092,0.3477937877178192,0.3192754089832306,0.5943834781646729,1.4287036657333374,0.363768607378006,0.2609819769859314,1.1203464269638062,0.40690600872039795,0.38332295417785645,0.5307442545890808,0.6217213273048401,1.0150498151779175,0.23410272598266602,0.2562398314476013,0.33770400285720825
0.14558500051498413,0.012871675193309784,0.2743888795375824,0.9714575409889221,1.392905592918396,1.3172646760940552,0.7814799547195435,5.467782497406006,0.31022727489471436,0.4868397116661072,0.5934404134750366,0.21854983270168304,0.4111711084842682,0.00039999998989515007,0.7955483794212341,1.6436793804168701,0.8769699931144714,3.1272454261779785,0.6635568141937256,0.5277515053749084,0.04044032841920853,0.07997946441173553,0.16101016104221344,0.34449777007102966,0.9385939240455627,0.5046774744987488,0.03139147534966469,0.9920589923858643,0.6031675338745117,0.3958631753921509,1.162371039390564,0.3178648054599762,0.47060027718544006,0.261243999004364,0.43510451912879944,0.2430059164762497,0.7124441862106323,0.9695998430252075,0.9955570697784424,1.0018314123153687,0.6786681413650513,0.09789706766605377,0.5967455506324768,0.1607123166322708,0.4541856646537781,0.7028499245643616,0.22666434943675995,1.2801483869552612,0.4800652265548706,0.6926375031471252,1.0754278898239136,1.0405504703521729,0.13653169572353363,1.373565912246704,0.38931453227996826,0.25089070200920105,1.401898980140686
0.3052437901496887,0.08891840279102325,0.12428410351276398,1.4472934007644653,1.2995986938476562,1.3577529191970825,0.13976527750492096,5.66165828704834,0.0388176403939724,0.8788477182388306,0.3256376087665558,0.9867729544639587,0.2924245297908783,0.00039999998989515007,0.5404510498046875,1.1357861757278442,0.11020144820213318,3.3164589405059814,0.2547371983528137,0.76044762134552,0.23056814074516296,0.6545473337173462,0.7483447194099426,0.7934927940368652,1.1058889627456665,0.6977013945579529,0.3251831829547882,0.9846216440200806,0.2917461693286896,0.009030087850987911,0.8299453258514404,0.5826444625854492,0.08370160311460495,0.5289309024810791,0.7314241528511047,0.2126198261976242,0.7900342345237732,1.0951653718948364,0.3941451907157898,1.3651504516601562,0.3460923433303833,0.19016195833683014,0.38683077692985535,0.12140817940235138,0.25830596685409546,1.1683390140533447,0.6313896775245667,0.49216514825820923,0.6658502221107483,0.8909761309623718,0.0650477260351181,0.5625143051147461,0.29911693930625916,0.8448549509048462,0.08523093163967133,0.06544774025678635,0.6177718639373779
0.08915253728628159,0.2710265517234802,0.3790820837020874,1.8513925075531006,0.875381588935852,1.0120950937271118,0.6559762954711914,5.290029048919678,0.2559296786785126,0.7563363909721375,0.5327109098434448,0.7355836033821106,0.5248354077339172,0.00039999998989515007,0.36594340205192566,0.6221207976341248,0.4522703289985657,3.1225855350494385,0.005615940783172846,0.5728829503059387,0.49395936727523804,0.4763810634613037,0.5952520370483398,0.6421422958374023,1.4138834476470947,0.6982288956642151,0.09434112161397934,0.8596159815788269,0.6975446939468384,0.48984667658805847,0.03013783134520054,0.8450551629066467,0.01183376181870699,0.801050066947937,1.4981313943862915,0.6115785837173462,0.3272228240966797,1.1133534908294678,0.396952360868454,1.4946134090423584,0.013677635230123997,0.007900183089077473,0.384246289730072,0.24443401396274567,0.24410775303840637,1.0071167945861816,1.725583553314209,0.2986581027507782,0.7775259017944336,0.08255989849567413,0.6535931825637817,0.11342449486255646,1.2381314039230347,0.23679980635643005,0.03846605122089386,0.07718686014413834,0.08743264526128769
0.18455693125724792,0.10787632316350937,0.07890037447214127,1.675680160522461,1.4728931188583374,1.4649274349212646,0.21538977324962616,5.522406101226807,0.549759566783905,0.8292830586433411,0.3305586576461792,0.5811665654182434,0.7424277663230896,0.00039999998989515007,0.777346670627594,1.524956226348877,7.63046700740233e-05,3.1696321964263916,0.4346782863140106,0.939283549785614,0.14413128793239594,0.7424337267875671,0.4772394895553589,0.7213168144226074,1.2070432901382446,0.4577506184577942,0.2070995718240738,0.9135801792144775,0.4688279628753662,0.00011506258306326345,0.3537749648094177,1.0441011190414429,0.32406285405158997,0.597705602645874,0.24609573185443878,0.22886987030506134,0.6634295582771301,0.9548681974411011,0.2931056618690491,1.3507626056671143,0.0927010104060173,0.051291514188051224,0.3403470814228058,0.25580936670303345,0.23979981243610382,0.6284298300743103,0.5103822946548462,0.6621730923652649,0.8053696751594543,0.8459364175796509,0.03827635571360588,0.6355777978897095,0.7497931718826294,1.118510127067566,0.21102696657180786,0.21511419117450714,0.2984907329082489
0.22110462188720703,0.14763109385967255,0.15707561373710632,0.9195292592048645,1.3799664974212646,1.3484138250350952,0.8457586765289307,5.361786365509033,0.11048007756471634,0.5601900815963745,0.4629358947277069,0.15790453553199768,0.5436924695968628,0.00039999998989515007,0.9375237226486206,1.7616448402404785,0.4268147945404053,3.1114606857299805,0.6636404395103455,0.49857157468795776,0.18035562336444855,0.4129009544849396,0.14362239837646484,0.6556233167648315,0.9349067211151123,0.2736763060092926,0.09954136610031128,0.91671222448349,0.6186409592628479,0.7811620831489563,0.8619390726089478,0.29385945200920105,0.3340895175933838,0.04127124696969986,0.12734590470790863,0.022642036899924278,0.9560993313789368,0.8296418786048889,1.1833982467651367,1.0973800420761108,0.5379549860954285,0.024201996624469757,0.9470693469047546,0.15646672248840332,0.4754989445209503,0.6156607270240784,0.2960157096385956,1.4248899221420288,0.6991055011749268,1.0572911500930786,0.9055092930793762,0.7179462313652039,0.1989806443452835,1.482682228088379,0.045855484902858734,0.17218555510044098,1.1911859512329102
0.34565842151641846,0.01727904938161373,0.13938510417938232,1.3768914937973022,1.2361607551574707,1.4427775144577026,0.18161019682884216,5.6507978439331055,0.0028292888309806585,0.9756832122802734,0.28334495425224304,1.0293151140213013,0.41289258003234863,0.00039999998989515007,0.6783026456832886,1.1124546527862549,0.41299599409103394,3.4018783569335938,0.22543002665042877,0.76691073179245,0.22090090811252594,0.7392582297325134,0.6800832152366638,0.918208122253418,0.9401046633720398,0.5906047821044922,0.2751368284225464,1.0464510917663574,0.35829275846481323,0.1419205516576767,0.6526402831077576,0.48169708251953125,0.011188723146915436,0.4090208411216736,0.5091376304626465,0.15065066516399384,0.8152074813842773,1.0511736869812012,0.4472174346446991,1.430985450744629,0.29109516739845276,0.02829289622604847,0.5176839828491211,0.0170904453843832,0.19897741079330444,1.140740990638733,0.634796679019928,0.5717765092849731,0.769091010093689,0.8895061016082764,0.04666357859969139,0.3026074171066284,0.3051897883415222,0.8153241276741028,0.038052044808864594,0.07073595374822617,0.5771008133888245
0.14392505586147308,0.02002369426190853,0.1846207082271576,1.2966450452804565,1.1940431594848633,1.4194563627243042,0.621886670589447,5.575201511383057,0.1402525007724762,0.7767260670661926,0.2698986530303955,0.9387511014938354,0.7875956892967224,0.00039999998989515007,0.4871675372123718,1.1460506916046143,0.25162968039512634,3.344766139984131,0.31880101561546326,0.7722300887107849,0.17475645244121552,0.5178254842758179,0.712954580783844,1.03270423412323,1.054500937461853,0.3883342444896698,0.3232881724834442,0.9760170578956604,0.07122157514095306,0.05370520055294037,0.7261776924133301,0.6037151217460632,0.03607258200645447,0.24583689868450165,0.14759282767772675,0.11356742680072784,0.9972264170646667,1.297677755355835,0.6932432651519775,1.3962281942367554,0.0053666396997869015,0.14771847426891327,0.793835461139679,0.06370607018470764,0.3204360604286194,1.1213624477386475,0.36975741386413574,0.6437879204750061,0.708116888999939,0.8300043940544128,0.3938129246234894,0.39322739839553833,0.5638064742088318,0.9365783929824829,0.02957574464380741,0.037597592920064926,0.5663427710533142
0.3095853924751282,0.06520387530326843,0.12397070229053497,1.433443546295166,1.3206534385681152,1.3526984453201294,0.13734546303749084,5.6805419921875,0.036510780453681946,0.8407149314880371,0.28926488757133484,0.9476282596588135,0.3162643015384674,0.00039999998989515007,0.529530942440033,1.1397699117660522,0.16178622841835022,3.301358222961426,0.2581109404563904,0.7379754185676575,0.2152044028043747,0.6755566596984863,0.73885178565979,0.8011941909790039,1.151065468788147,0.6697009801864624,0.2949903905391693,0.9850918054580688,0.264739066362381,0.030039392411708832,0.7499946355819702,0.5903254747390747,0.07200551778078079,0.5159046053886414,0.6592168807983398,0.18239107728004456,0.8112154603004456,1.1017186641693115,0.397780179977417,1.4029728174209595,0.3392774760723114,0.19943252205848694,0.41626888513565063,0.11588112264871597,0.2667478919029236,1.1808544397354126,0.6359376311302185,0.48464235663414,0.7344084978103638,0.9018406271934509,0.06821414083242416,0.521992564201355,0.29759669303894043,0.8753625750541687,0.009592272341251373,0.01949945092201233,0.5831397771835327
0.4693078100681305,0.7085423469543457,0.1683754175901413,1.3168703317642212,1.2057441473007202,1.2765284776687622,0.47699904441833496,5.783237934112549,0.2486104667186737,0.7065673470497131,0.5516613721847534,1.3771536350250244,0.04969509318470955,0.00039999998989515007,0.2121049016714096,0.9009644389152527,0.3846006691455841,3.1839773654937744,0.2874840795993805,1.0603179931640625,0.3340485394001007,0.5342088341712952,1.0816600322723389,0.5702115893363953,0.7474303841590881,0.9281764030456543,0.2349284440279007,0.7521123290061951,0.6708809733390808,0.1535232961177826,1.2263597249984741,0.7648534774780273,0.36961162090301514,0.6745861172676086,0.880812406539917,0.36986860632896423,0.5966905951499939,0.8994646072387695,0.18590211868286133,1.2527756690979004,0.358029305934906,0.1573706418275833,0.03185540437698364,0.4270789325237274,0.21223238110542297,1.151897668838501,0.3312126398086548,0.12955768406391144,0.3209931254386902,0.5690194964408875,0.052316270768642426,0.8069381713867188,0.13729041814804077,0.7417664527893066,0.19280457496643066,0.016025647521018982,0.7606468200683594
0.3349544107913971,0.029672062024474144,0.13797104358673096,1.3914560079574585,1.2856398820877075,1.434745192527771,0.23277327418327332,5.606202602386475,0.018227769061923027,0.910160481929779,0.23115114867687225,0.9357373714447021,0.424185186624527,0.00039999998989515007,0.5698272585868835,1.1738711595535278,0.3361404836177826,3.3035106658935547,0.26878228783607483,0.7670896053314209,0.17214424908161163,0.7493081092834473,0.741095781326294,0.929455041885376,1.0961332321166992,0.5650916695594788,0.26523062586784363,0.9988826513290405,0.2674964368343353,0.13576377928256989,0.7014560699462891,0.5511340498924255,0.01826205663383007,0.4117765426635742,0.4661966562271118,0.1582004427909851,0.9240806698799133,1.0971096754074097,0.5298137068748474,1.4446409940719604,0.2802717983722687,0.17131859064102173,0.5944123268127441,0.0839136466383934,0.2027367800474167,1.125107765197754,0.5900360345840454,0.5843925476074219,0.7400978803634644,0.9896708726882935,0.07259590923786163,0.4107181131839752,0.27213698625564575,0.8515671491622925,0.038359686732292175,0.022214723750948906,0.5939987897872925
0.3259940445423126,0.1171877384185791,0.2481721192598343,1.4351271390914917,1.3562052249908447,1.3506492376327515,0.29816392064094543,5.6116814613342285,0.012597796507179737,0.8003204464912415,0.18089407682418823,0.7796016931533813,0.41073891520500183,0.00039999998989515007,0.5930349826812744,1.147936224937439,0.0334879569709301,3.3152549266815186,0.3330748975276947,0.6842973828315735,0.24658885598182678,0.7801109552383423,0.703898549079895,0.8317059278488159,1.1994726657867432,0.5842587947845459,0.27983516454696655,0.9936822652816772,0.3466856777667999,0.021697256714105606,0.6233382821083069,0.7084451913833618,0.1784835010766983,0.5502123236656189,0.6084553003311157,0.12134094536304474,0.7868978381156921,1.1868520975112915,0.4927494525909424,1.2502765655517578,0.18016113340854645,0.2649703919887543,0.4821483790874481,0.0051248990930616856,0.2215660810470581,1.1553120613098145,0.7094887495040894,0.5520389676094055,0.750705361366272,0.9953564405441284,0.11221915483474731,0.43933552503585815,0.4233718514442444,0.9155842661857605,0.07170350104570389,0.05846717953681946,0.49942460656166077
0.5068423748016357,0.6069980263710022,0.09679765999317169,1.02616286277771,1.2990238666534424,1.5840157270431519,0.48222973942756653,5.366877555847168,0.23620080947875977,0.9811988472938538,0.9111184477806091,0.944275438785553,0.06517155468463898,0.00039999998989515007,0.2124912142753601,1.0594936609268188,0.25551190972328186,3.1124866008758545,0.010128611698746681,0.7415650486946106,0.5095698833465576,0.46733221411705017,0.8397650122642517,0.5818573832511902,1.3316882848739624,0.6305634379386902,0.8261318206787109,1.0822410583496094,0.3018456995487213,0.17352427542209625,0.8014352917671204,0.5321356654167175,0.30716586112976074,0.7625265121459961,0.7286691069602966,0.09567555785179138,0.5296314358711243,1.0962015390396118,0.8364330530166626,1.1048948764801025,0.3715198338031769,0.9705837368965149,0.615411102771759,0.37125495076179504,0.10848929733037949,1.0983668565750122,0.48956677317619324,0.5793861746788025,0.36199936270713806,1.4475972652435303,0.29498225450515747,0.9638849496841431,0.32159411907196045,0.3898891806602478,0.10270903259515762,0.3418354094028473,0.7077296376228333
0.22310948371887207,0.1247062236070633,0.13601984083652496,1.4637304544448853,1.2558009624481201,1.3256337642669678,0.08321406692266464,5.64997673034668,0.14434964954853058,0.8807114958763123,0.3685113191604614,1.1088080406188965,0.23381346464157104,0.00039999998989515007,0.5421077609062195,1.0166970491409302,0.1813807487487793,3.3511691093444824,0.14070603251457214,0.7128692865371704,0.26015493273735046,0.6741750836372375,0.7526530623435974,0.8011394739151001,1.0651805400848389,0.7221192717552185,0.3253075182437897,1.0514600276947021,0.3240947425365448,0.021038638427853584,0.8249925971031189,0.567339301109314,0.09568680077791214,0.5634822249412537,0.8182360529899597,0.2252040058374405,0.7558652758598328,1.072396159172058,0.359356164932251,1.3900678157806396,0.40402752161026,0.08704376220703125,0.3118497431278229,0.11223773658275604,0.23355376720428467,1.1686499118804932,0.6802701354026794,0.47577139735221863,0.6890847682952881,0.8653237819671631,0.00932220183312893,0.47005000710487366,0.3194501996040344,0.8334836959838867,0.06831174343824387,0.06921703368425369,0.5776911973953247
0.09549534320831299,0.1505521833896637,0.0007025154191069305,1.3093587160110474,1.6311599016189575,1.36703622341156,0.32538414001464844,5.396339416503906,0.09528204798698425,0.7829688191413879,0.30735090374946594,0.9086770415306091,0.20596963167190552,0.00039999998989515007,0.5410356521606445,1.2052466869354248,0.444587767124176,3.188119649887085,0.06171426922082901,0.592300295829773,0.28154852986335754,0.5544498562812805,0.5838820934295654,0.49901247024536133,1.4387881755828857,0.7552109360694885,0.4009733200073242,1.1906930208206177,0.25763580203056335,0.12598839402198792,0.8381028771400452,0.8814815878868103,0.1085469201207161,0.9456174969673157,0.8168951272964478,0.06988678872585297,0.6081534028053284,0.9456904530525208,0.5631322264671326,1.4819042682647705,0.5814726948738098,0.30726855993270874,0.2628806531429291,0.018730273470282555,0.2960699200630188,0.932953953742981,0.6277830004692078,0.6493520140647888,0.5616621375083923,1.1015052795410156,0.21103280782699585,0.8044047355651855,0.25788524746894836,0.9246969819068909,0.2658572494983673,0.13345544040203094,0.5676909685134888
0.4446631968021393,0.058617133647203445,0.06327858567237854,1.4709103107452393,1.202978253364563,1.6385098695755005,0.08024294674396515,5.462880611419678,0.0057817790657281876,0.9709985256195068,0.5179287791252136,0.9279173016548157,0.270544171333313,0.00039999998989515007,0.6196702718734741,1.4177870750427246,0.3232153058052063,3.3209962844848633,0.2791023254394531,0.8796420693397522,0.2252807766199112,0.5642006397247314,0.7799100875854492,0.9119148850440979,0.9791996479034424,0.5288610458374023,0.3838311731815338,1.260134220123291,0.2432709038257599,0.16270646452903748,0.7336574792861938,0.46890076994895935,0.009782752953469753,0.42191705107688904,0.5933932662010193,0.3472731411457062,0.840778112411499,0.9172019362449646,0.6265151500701904,1.3600420951843262,0.19364354014396667,0.15997090935707092,0.4556249678134918,0.12422351539134979,0.17645327746868134,1.071930170059204,0.5796878933906555,0.7712591886520386,0.8456010222434998,0.9794419407844543,0.03798273578286171,0.40596240758895874,0.19347083568572998,0.7529758810997009,0.09160961955785751,0.01866648532450199,0.7664074897766113
0.3436169922351837,0.17909005284309387,0.33118724822998047,1.6921191215515137,1.0547338724136353,1.4016417264938354,0.10854888707399368,5.551914691925049,0.48477789759635925,1.131202220916748,0.351832777261734,0.7885429859161377,0.8189771771430969,0.00039999998989515007,0.8398733139038086,1.33281409740448,0.5890322923660278,3.3065185546875,0.46896108984947205,1.006225347518921,0.05149916186928749,0.8865802884101868,0.6137444972991943,1.113688349723816,0.8211563229560852,0.43146249651908875,0.21372003853321075,0.7361408472061157,0.5565453171730042,0.14875279366970062,0.36734849214553833,0.6062754392623901,0.16985897719860077,0.1988164782524109,0.2506251335144043,0.29338422417640686,0.8572325110435486,1.0177044868469238,0.22561368346214294,1.3116337060928345,0.24005988240242004,0.06599769741296768,0.5631544589996338,0.2334548830986023,0.17647407948970795,0.8667069673538208,0.7113897800445557,0.4709681272506714,0.7523146867752075,0.7253034114837646,0.05162443593144417,0.23684349656105042,0.7598279118537903,0.8175069689750671,0.15878832340240479,0.1480233371257782,0.26538074016571045
0.20406216382980347,0.018506450578570366,0.21034790575504303,1.646440863609314,1.097831130027771,1.4178760051727295,0.33561620116233826,5.432012557983398,0.0903770923614502,0.8084188103675842,0.0019465744262561202,1.2069307565689087,0.3977648615837097,0.00039999998989515007,0.35730865597724915,0.9304301142692566,0.27419498562812805,3.2377772331237793,0.16194778680801392,0.9828879833221436,0.011610276997089386,0.42244523763656616,0.9659115672111511,0.9652857780456543,0.8465340733528137,0.4873712658882141,0.7826433181762695,1.2018464803695679,0.35810449719429016,0.36023184657096863,0.5660732984542847,0.4112114906311035,0.2945771813392639,0.21590809524059296,0.4479215443134308,0.39932215213775635,0.7345337867736816,1.3683041334152222,0.28207889199256897,1.1939760446548462,0.26101529598236084,0.2113671451807022,0.35480937361717224,0.008058741688728333,0.485734224319458,1.4562488794326782,0.6148219108581543,0.33250918984413147,1.0831142663955688,0.6643090844154358,0.3500474989414215,0.43913963437080383,0.7721858024597168,0.8336227536201477,0.1098780557513237,0.23964321613311768,0.20365914702415466
0.07677629590034485,0.19470159709453583,0.1347850263118744,1.5306038856506348,1.178054928779602,1.359161615371704,0.22134636342525482,5.685729503631592,0.06110411137342453,0.9835376143455505,0.2229776233434677,1.1569710969924927,0.253481388092041,0.00039999998989515007,0.618683397769928,0.896156907081604,0.17377328872680664,3.4574549198150635,0.05049159750342369,0.7365074157714844,0.09453334659337997,0.4907439649105072,0.6361095309257507,0.9103037714958191,0.8701977729797363,0.5724909901618958,0.48390501737594604,1.0385223627090454,0.16399049758911133,0.028114166110754013,0.8660420775413513,0.5036803483963013,0.08953649550676346,0.3844941258430481,0.7110575437545776,0.26406505703926086,0.6690294146537781,1.0537267923355103,0.4512256681919098,1.4236754179000854,0.35313957929611206,0.14270246028900146,0.39381808042526245,0.21958157420158386,0.36108270287513733,1.1616995334625244,0.5163557529449463,0.5573657751083374,0.6826844215393066,0.7419575452804565,0.07774831354618073,0.47243234515190125,0.5087058544158936,0.8931681513786316,0.21873696148395538,0.2483370155096054,0.559157133102417
0.26596373319625854,0.07919500023126602,0.1704464703798294,1.524214744567871,1.2790571451187134,1.3220261335372925,0.05469685420393944,5.656871318817139,0.13652203977108002,0.7937228083610535,0.3124050498008728,0.93869549036026,0.31588834524154663,0.00039999998989515007,0.557561457157135,1.0749391317367554,0.05667733773589134,3.291107416152954,0.2313222438097,0.6718129515647888,0.3548735976219177,0.7426329255104065,0.7031131982803345,0.7562901973724365,1.1914423704147339,0.7258685231208801,0.265834242105484,0.9895628690719604,0.4001055359840393,0.017633875831961632,0.6939386129379272,0.6313610672950745,0.0506240651011467,0.5918864607810974,0.8148542642593384,0.3193287253379822,0.8047080039978027,1.2044932842254639,0.3423168659210205,1.2870012521743774,0.3224535584449768,0.16720139980316162,0.2637644410133362,0.05431206524372101,0.15990056097507477,1.1640713214874268,0.7505336403846741,0.4331524074077606,0.7610365152359009,0.8834333419799805,0.10940069705247879,0.4704720377922058,0.35637322068214417,0.8401174545288086,0.04612404480576515,0.012433282099664211,0.5024378299713135
0.3852127194404602,0.18450085818767548,0.06891961395740509,1.3494914770126343,1.3724976778030396,1.4063963890075684,0.12268130481243134,5.730298042297363,0.019613279029726982,0.7603981494903564,0.4477089047431946,0.9917963147163391,0.21662333607673645,0.00039999998989515007,0.43841058015823364,1.1657661199569702,0.3906330168247223,3.239314317703247,0.2574988603591919,0.8078581094741821,0.28060290217399597,0.6216322183609009,0.8088251948356628,0.7047286033630371,1.1198009252548218,0.6991451382637024,0.18553465604782104,1.0158270597457886,0.28687024116516113,0.0969807505607605,0.7748730182647705,0.6484304070472717,0.22296886146068573,0.5835754871368408,0.6510798931121826,0.21743619441986084,0.7741546034812927,0.9902220368385315,0.29035577178001404,1.502265453338623,0.45037350058555603,0.18402528762817383,0.33445894718170166,0.23560404777526855,0.21210476756095886,1.1321512460708618,0.527125895023346,0.47425663471221924,0.7374210953712463,0.8126018047332764,0.019166916608810425,0.5570312738418579,0.12649482488632202,0.8859127759933472,0.06866221129894257,0.05844883993268013,0.7306551933288574
0.11937486380338669,0.11452683061361313,0.09289310872554779,1.466741681098938,1.1925667524337769,1.235776424407959,0.3286519944667816,5.559264659881592,0.04853034019470215,1.1960786581039429,0.40064623951911926,1.1225963830947876,0.009917732328176498,0.00039999998989515007,0.6100436449050903,0.7811692953109741,0.4148365557193756,3.393137216567993,0.33116382360458374,0.4968809187412262,0.19708801805973053,0.7289473414421082,0.510676383972168,0.9469429850578308,1.1295764446258545,0.4676143229007721,0.440834105014801,1.0520824193954468,0.010043011046946049,0.34178417921066284,0.6066578030586243,0.6014734506607056,0.008629602380096912,0.6119393706321716,0.8097854256629944,0.10302127152681351,0.5122582912445068,0.7605361938476562,0.647953450679779,1.6779474020004272,0.6982815861701965,0.04279928654432297,0.5528519153594971,0.185657799243927,0.2206273227930069,0.8105932474136353,0.6752759218215942,0.7013981938362122,0.5606893301010132,1.0841158628463745,0.5343805551528931,0.41073742508888245,0.21773619949817657,0.8398604989051819,0.06216884404420853,0.1836710274219513,0.5149325132369995
0.28653720021247864,0.10322854667901993,0.20554107427597046,1.4215059280395508,1.2112234830856323,1.3425081968307495,0.4527073800563812,5.511582374572754,0.16781705617904663,0.7842521071434021,0.09431798756122589,1.0895030498504639,0.5248242020606995,0.00039999998989515007,0.3454703390598297,0.9110127091407776,0.5142726898193359,3.199564218521118,0.21450175344944,0.9026513695716858,0.04558160528540611,0.5748477578163147,0.917061984539032,1.026618480682373,0.9604871273040771,0.4379338324069977,0.6133559942245483,1.0567728281021118,0.25009575486183167,0.1912594437599182,0.403484046459198,0.3836546540260315,0.27963435649871826,0.1297735571861267,0.16772669553756714,0.12951502203941345,0.8588092923164368,1.3936947584152222,0.32443320751190186,1.3606719970703125,0.14277777075767517,0.30921947956085205,0.6412841081619263,0.0670381635427475,0.48367470502853394,1.4651319980621338,0.5920231938362122,0.30776292085647583,1.0795313119888306,0.7489961385726929,0.3723871111869812,0.358697772026062,0.6186308860778809,0.8947184681892395,0.2567219138145447,0.2991096079349518,0.22050656378269196
0.24121621251106262,0.00626608869060874,0.2251676321029663,1.4110171794891357,1.3144041299819946,1.3540289402008057,0.3493756353855133,5.669694423675537,0.001721797278150916,0.7772104740142822,0.0624053068459034,0.849183201789856,0.47885316610336304,0.00039999998989515007,0.5693830847740173,1.116259217262268,0.017763487994670868,3.346029758453369,0.3425940275192261,0.7236177921295166,0.11299989372491837,0.646984875202179,0.7182337641716003,0.8439128398895264,1.1128288507461548,0.5588511824607849,0.3009701073169708,1.0138386487960815,0.2518528401851654,0.007244342006742954,0.7030566930770874,0.702482283115387,0.10018947720527649,0.5033876299858093,0.5648297667503357,0.11450713872909546,0.7580640316009521,1.227432370185852,0.5050793290138245,1.2655075788497925,0.13097238540649414,0.19488485157489777,0.501950204372406,0.05356745421886444,0.30442720651626587,1.1841167211532593,0.5986260771751404,0.5630306005477905,0.733759343624115,0.8607752919197083,0.23903465270996094,0.4625140428543091,0.5006780028343201,0.9730648398399353,0.027288533747196198,0.0050258636474609375,0.554121732711792
0.12296056002378464,0.06326638162136078,0.027764759957790375,1.6578953266143799,1.1624466180801392,1.401889681816101,0.14739975333213806,5.638678073883057,0.3076075315475464,0.8582124710083008,0.4131164848804474,0.866192638874054,0.13235031068325043,0.00039999998989515007,0.5570663213729858,1.0594931840896606,0.3004554212093353,3.2896921634674072,0.04502115398645401,0.6185603737831116,0.2930188775062561,0.5443214774131775,0.6424537897109985,0.7798423171043396,1.200069546699524,0.578001081943512,0.2733220160007477,1.1469745635986328,0.1264282912015915,0.1457195281982422,0.6302214860916138,0.5118241310119629,0.33990246057510376,0.5473954677581787,0.9294100403785706,0.46129459142684937,0.7063837051391602,1.0487152338027954,0.4560876786708832,1.5008658170700073,0.49267882108688354,0.03943837061524391,0.17065511643886566,0.30710798501968384,0.1673697680234909,1.093733787536621,0.7677433490753174,0.5443407893180847,0.9431992173194885,0.7169619798660278,0.0770789235830307,0.35969477891921997,0.3130534589290619,0.8456259369850159,0.05832282453775406,0.1578490287065506,0.5745521187782288
0.4693814218044281,0.0024447068572044373,0.3522683382034302,1.80454421043396,1.1201369762420654,1.2346222400665283,0.20478470623493195,5.529763221740723,0.2361404448747635,1.0255589485168457,0.15679562091827393,0.5814850330352783,0.6239580512046814,0.00039999998989515007,0.645610511302948,1.1573039293289185,0.2679020166397095,3.2450454235076904,0.44756945967674255,0.8289473652839661,0.552967369556427,0.9637932181358337,0.5947450995445251,0.8488155007362366,1.1523406505584717,0.6648867726325989,0.17218589782714844,0.5588350892066956,0.8375921845436096,0.1510988473892212,0.253082275390625,0.7312813997268677,0.17828093469142914,0.5023146867752075,0.9343733191490173,0.585388720035553,0.773368775844574,1.2213833332061768,0.0466003455221653,1.2020478248596191,0.007975163869559765,0.2781951129436493,0.2216198444366455,0.15897053480148315,0.1801108419895172,0.9104914665222168,1.1773974895477295,0.1574403941631317,0.5927086472511292,0.6142467260360718,0.13196785748004913,0.35042062401771545,0.7632214426994324,0.4850868582725525,0.2907320559024811,0.05921259522438049,0.2129005640745163
0.3932187855243683,0.19807671010494232,0.011603564955294132,1.3282557725906372,1.5272154808044434,1.5722590684890747,0.23490820825099945,5.368209362030029,0.04826992750167847,0.7988921999931335,0.4396493136882782,0.7749711871147156,0.253096342086792,0.00039999998989515007,0.5067980885505676,1.4426723718643188,0.23186418414115906,3.1445136070251465,0.2774735987186432,0.7747970819473267,0.2453751564025879,0.5218469500541687,0.7326390743255615,0.6783993244171143,1.376570224761963,0.6392589211463928,0.4334077835083008,1.2264606952667236,0.20468580722808838,0.03453304246068001,0.8134506344795227,0.7434540390968323,0.13366343080997467,0.7095975279808044,0.6042748689651489,0.09997405111789703,0.7770132422447205,0.952110230922699,0.6802660226821899,1.3867855072021484,0.3358343541622162,0.4282356798648834,0.43033716082572937,0.02677331306040287,0.2808472216129303,1.044009804725647,0.5483521819114685,0.7417272329330444,0.7202446460723877,1.1667677164077759,0.09575604647397995,0.742551326751709,0.16935861110687256,0.8703854084014893,0.010596555657684803,0.15518005192279816,0.7168276309967041
0.13782335817813873,0.2979235351085663,0.047473106533288956,1.549237608909607,0.947722315788269,1.5775197744369507,0.23727163672447205,5.445483684539795,0.19808979332447052,1.2760379314422607,0.731133222579956,1.0146958827972412,0.07324301451444626,0.00039999998989515007,0.5239090323448181,0.8312109708786011,0.3746197521686554,3.3066492080688477,0.1781453937292099,0.6897627115249634,0.2816588580608368,0.5561434626579285,0.7483444213867188,1.0367928743362427,1.0112226009368896,0.39911365509033203,0.601349949836731,1.2543176412582397,0.05625100061297417,0.21654358506202698,0.7997874617576599,0.33184969425201416,0.08140247315168381,0.4880383014678955,0.9057565331459045,0.23290236294269562,0.5437864065170288,0.9098484516143799,0.8369092345237732,1.455843448638916,0.48985984921455383,0.082709901034832,0.5690909624099731,0.12576930224895477,0.1304125189781189,1.0482096672058105,0.7089378833770752,0.7639340758323669,0.6617494225502014,1.0138996839523315,0.31152933835983276,0.37245112657546997,0.10119418054819107,0.6344648003578186,0.15868337452411652,0.30645883083343506,0.7088978290557861
0.30438530445098877,0.09234517812728882,0.1338789016008377,1.4554920196533203,1.2912817001342773,1.3536325693130493,0.07085484266281128,5.637287139892578,0.0724145919084549,0.8872302174568176,0.34464746713638306,1.0015299320220947,0.2700987458229065,0.00039999998989515007,0.5325184464454651,1.0997642278671265,0.13866110146045685,3.2887749671936035,0.2311350703239441,0.7523291110992432,0.2529870569705963,0.6712203621864319,0.7624544501304626,0.8123517036437988,1.1215206384658813,0.7167257070541382,0.32268643379211426,0.989410400390625,0.3080900311470032,0.01776071824133396,0.825922966003418,0.5776394009590149,0.1070127785205841,0.5407180190086365,0.7736037373542786,0.22691898047924042,0.8054646849632263,1.100540041923523,0.38354846835136414,1.383040428161621,0.37455660104751587,0.18444836139678955,0.3754817545413971,0.12766806781291962,0.24442602694034576,1.1847608089447021,0.6747472286224365,0.46738162636756897,0.6735363602638245,0.8882099986076355,0.044280171394348145,0.5388298630714417,0.29430797696113586,0.8315545320510864,0.0748889371752739,0.07941975444555283,0.6132142543792725
0.23670163750648499,0.21928748488426208,0.1015179455280304,1.5178115367889404,1.0803569555282593,1.5320407152175903,0.08803731203079224,5.438444137573242,0.1655816286802292,1.1416378021240234,0.6340510845184326,0.9639080762863159,0.024679524824023247,0.00039999998989515007,0.5588852763175964,0.9876764416694641,0.43398433923721313,3.2629446983337402,0.07613099366426468,0.6591958403587341,0.2763606011867523,0.7150962948799133,0.7537586688995361,1.035685658454895,1.1515859365463257,0.4658591151237488,0.43381616473197937,1.1831610202789307,0.14212490618228912,0.2957741618156433,0.7078230381011963,0.42648160457611084,0.10414490103721619,0.5021433234214783,0.7405499219894409,0.1838078796863556,0.7324947714805603,0.8837977647781372,0.7533853650093079,1.5004748106002808,0.4809788465499878,0.07164046913385391,0.5399925708770752,0.14924542605876923,0.14416314661502838,1.0671688318252563,0.738712728023529,0.7039799094200134,0.7873939871788025,1.1348161697387695,0.34954679012298584,0.2965179979801178,0.09619815647602081,0.7205360531806946,0.23049290478229523,0.20151230692863464,0.5989152789115906
0.36258530616760254,0.1581803560256958,0.28433921933174133,1.4063628911972046,1.3799808025360107,1.2654602527618408,0.1506519466638565,5.565785884857178,0.1102205440402031,0.7388168573379517,0.24480411410331726,0.8311870694160461,0.3199295997619629,0.00039999998989515007,0.5539413094520569,1.092477798461914,0.08849624544382095,3.2962796688079834,0.2814207077026367,0.6011142730712891,0.355544775724411,0.8479968309402466,0.7378206849098206,0.7767255306243896,1.2716953754425049,0.6779046654701233,0.2860550880432129,0.931921124458313,0.46948784589767456,0.0015710752923041582,0.5812482833862305,0.7090645432472229,0.1323990374803543,0.6237571835517883,0.7301748991012573,0.13271281123161316,0.8325826525688171,1.2538409233093262,0.432345986366272,1.1939685344696045,0.24569062888622284,0.3413984775543213,0.37304919958114624,0.0609971359372139,0.19286894798278809,1.237963318824768,0.8149803280830383,0.42501214146614075,0.7842773795127869,1.0768921375274658,0.010772627778351307,0.4216141402721405,0.37449637055397034,0.8296335339546204,0.07095930725336075,0.11750789731740952,0.37684887647628784
0.07899987697601318,0.19794626533985138,0.11963974684476852,1.4828888177871704,1.1720620393753052,1.4522435665130615,0.45033344626426697,5.5865044593811035,0.14224520325660706,1.0740176439285278,0.10279709845781326,1.0453410148620605,0.48324450850486755,0.00039999998989515007,0.8213514685630798,1.242260217666626,0.18216532468795776,3.346006393432617,0.27275800704956055,0.9141960144042969,0.12108215689659119,0.5664066076278687,0.5989466905593872,0.9706181287765503,0.7378501296043396,0.49431678652763367,0.4120616018772125,1.038718819618225,0.06593810766935349,0.23853018879890442,0.9140452146530151,0.4184269905090332,0.08039485663175583,0.23081809282302856,0.3329542279243469,0.1241886243224144,0.7655500173568726,0.9658556580543518,0.6023823022842407,1.338058590888977,0.17165744304656982,0.1659996658563614,0.6313030123710632,0.21802261471748352,0.5051147937774658,0.9741624593734741,0.2759312391281128,0.7963047623634338,0.6912990808486938,0.8725504875183105,0.3238963782787323,0.5563867092132568,0.4147215187549591,1.1178867816925049,0.23205475509166718,0.2550998330116272,0.6518195867538452
0.3764406442642212,0.21734297275543213,0.14489328861236572,1.3877428770065308,1.2175155878067017,1.5076842308044434,0.2413930594921112,5.529219150543213,0.21317802369594574,0.9786950349807739,0.2777995467185974,1.0267739295959473,0.4545823037624359,0.00039999998989515007,0.6625864505767822,1.345778226852417,0.0782599151134491,3.2966935634613037,0.4152891933917999,0.9548631310462952,0.05065071955323219,0.6593959927558899,0.7888015508651733,0.9627048373222351,0.877683699131012,0.6321258544921875,0.3350343704223633,0.9525544047355652,0.30949151515960693,0.15875577926635742,1.0904643535614014,0.5913561582565308,0.04290158301591873,0.3903484642505646,0.4431762397289276,0.20144519209861755,0.9153269529342651,0.9588831067085266,0.5774332284927368,1.2368199825286865,0.14747491478919983,0.09596016258001328,0.5986236929893494,0.1911969631910324,0.32263249158859253,1.0286604166030884,0.33852362632751465,0.7148191332817078,0.5036737322807312,1.0407774448394775,0.18618619441986084,0.6207156777381897,0.2747601866722107,0.9145955443382263,0.1955121010541916,0.19793391227722168,0.7687242031097412
0.2283562421798706,0.4424707591533661,0.5054856538772583,1.5402101278305054,0.7546786069869995,1.0462079048156738,0.4643223285675049,5.524474143981934,0.05981985107064247,1.0303183794021606,0.2786567509174347,0.3012823760509491,1.0747686624526978,0.00039999998989515007,1.3284919261932373,1.5741292238235474,0.1697160303592682,3.3965933322906494,0.9281995892524719,0.7038750052452087,0.13297608494758606,0.8418123126029968,0.09545233845710754,1.0754261016845703,0.40848326683044434,0.4879836142063141,0.2519955635070801,0.3607220947742462,0.14465117454528809,0.6269347071647644,0.7864202857017517,0.22771868109703064,0.2692592144012451,0.20333035290241241,0.33400052785873413,0.48178720474243164,1.0069890022277832,0.9625489115715027,0.4550018310546875,0.7609179019927979,0.03844664618372917,0.48375338315963745,0.6716536283493042,0.3095332384109497,0.20343226194381714,0.5518051385879517,0.38061487674713135,0.8985595703125,0.3537486791610718,0.4876115620136261,0.8967187404632568,0.2620338499546051,0.686371386051178,1.0976171493530273,0.652923047542572,0.8105287551879883,0.7103396058082581
0.47289133071899414,0.5496065616607666,0.3182450532913208,1.3066970109939575,1.2206003665924072,1.2224042415618896,0.9294377565383911,5.643039703369141,0.04262685775756836,0.5583326816558838,0.7945699691772461,1.225820541381836,0.282084196805954,0.00039999998989515007,0.032347116619348526,0.7197437882423401,0.8079853653907776,3.0038864612579346,0.015603732317686081,0.8042065501213074,0.531676173210144,0.4910080134868622,1.0988267660140991,0.5104496479034424,1.0990568399429321,0.8591251969337463,0.07297873497009277,0.8602573871612549,0.4891982078552246,0.007973051629960537,0.8645673990249634,0.8023180365562439,0.6167032122612,0.825608491897583,1.1138648986816406,0.4389851689338684,0.5484530329704285,0.7802615761756897,0.21883748471736908,1.585548996925354,0.7166978716850281,0.19399046897888184,0.13725849986076355,0.5926871299743652,0.011827436275780201,1.1710560321807861,0.6058169603347778,0.020001905038952827,0.590142011642456,0.4764428734779358,0.392842561006546,0.5649922490119934,0.050295714288949966,0.6135344505310059,0.2564661204814911,0.093241386115551,0.7527652382850647
0.19924305379390717,0.31789690256118774,0.12910299003124237,1.4546754360198975,1.1671726703643799,1.3538942337036133,0.04259020462632179,5.6688361167907715,0.1395176351070404,0.7919779419898987,0.3282756209373474,1.209382176399231,0.2292482852935791,0.00039999998989515007,0.48257341980934143,1.105776309967041,0.003435795195400715,3.3047597408294678,0.15238845348358154,0.7564573884010315,0.17275181412696838,0.4062789976596832,0.8044939041137695,0.6836410760879517,1.073332667350769,0.839836597442627,0.45899903774261475,1.0946404933929443,0.29705286026000977,0.12129732966423035,0.9431470036506653,0.5310602188110352,0.2710132896900177,0.6032396554946899,0.916763961315155,0.287272572517395,0.7299501895904541,1.1411621570587158,0.3228253126144409,1.2778857946395874,0.28450462222099304,0.16059835255146027,0.10841554403305054,0.12479928135871887,0.35862675309181213,1.2988485097885132,0.6313706636428833,0.3397134244441986,0.7140348553657532,0.7625827193260193,0.054573144763708115,0.5944728851318359,0.3241490423679352,0.7463185787200928,0.16153593361377716,0.09472431242465973,0.5625856518745422
0.3117879033088684,0.10300201922655106,0.1354362666606903,1.446580410003662,1.3021297454833984,1.36888587474823,0.1011616662144661,5.626081466674805,0.03783150389790535,0.8889622688293457,0.3270312547683716,0.9997866153717041,0.2964019477367401,0.00039999998989515007,0.5461531281471252,1.1281511783599854,0.13163897395133972,3.2757322788238525,0.2562077045440674,0.7760140299797058,0.22729943692684174,0.672670304775238,0.7655727863311768,0.8264128565788269,1.1086479425430298,0.7107569575309753,0.325079083442688,0.9910936951637268,0.3006581664085388,0.02930203452706337,0.8380236625671387,0.5843402147293091,0.09012765437364578,0.5246436595916748,0.723065972328186,0.21095101535320282,0.8185984492301941,1.0954197645187378,0.39791613817214966,1.3765463829040527,0.34892529249191284,0.18253296613693237,0.4048055410385132,0.1284405142068863,0.267316997051239,1.1795952320098877,0.6395189762115479,0.48936885595321655,0.6755062341690063,0.9049538969993591,0.07367642968893051,0.5534437894821167,0.29873737692832947,0.8607780337333679,0.07539944350719452,0.07301018387079239,0.6239010691642761
0.07241081446409225,0.03459341451525688,0.23049722611904144,1.4241201877593994,1.3696544170379639,1.1289302110671997,0.20944450795650482,5.570789813995361,0.2819405496120453,0.8793108463287354,0.18562103807926178,1.0664969682693481,0.27082809805870056,0.00039999998989515007,0.5797490477561951,0.9009811878204346,0.04485270008444786,3.3201210498809814,0.05391256883740425,0.5256906747817993,0.26848286390304565,0.7214550375938416,0.6138567328453064,0.7386932969093323,1.2485451698303223,0.8076748847961426,0.30394190549850464,0.9682158827781677,0.2886526882648468,0.04487697407603264,0.7555291056632996,0.6280496716499329,0.06947077810764313,0.682399570941925,0.977912962436676,0.06036420539021492,0.7341708540916443,1.1374927759170532,0.3253318965435028,1.477940559387207,0.577404797077179,0.1264047473669052,0.3021408021450043,0.016138840466737747,0.26066911220550537,1.153567910194397,0.8752042055130005,0.3830205500125885,0.5991876721382141,0.8531972765922546,0.06699603796005249,0.4911039173603058,0.4306539297103882,0.8418054580688477,0.23516766726970673,0.10976700484752655,0.46313175559043884
0.3100309669971466,0.0707230344414711,0.14246071875095367,1.4501643180847168,1.3141365051269531,1.3447864055633545,0.08659631013870239,5.623902797698975,0.08303142338991165,0.8580038547515869,0.3156369626522064,0.9836661219596863,0.29520249366760254,0.00039999998989515007,0.5164632201194763,1.0942257642745972,0.13858097791671753,3.263490915298462,0.24908360838890076,0.7460113167762756,0.26183226704597473,0.6758124828338623,0.7641207575798035,0.8018786311149597,1.1550908088684082,0.7283936738967896,0.3195657730102539,0.9913450479507446,0.3064150810241699,0.006642394233494997,0.7881322503089905,0.5783604979515076,0.09039832651615143,0.5331294536590576,0.7621225714683533,0.2286190390586853,0.8239201307296753,1.1402053833007812,0.36276549100875854,1.3902781009674072,0.3688555061817169,0.21829736232757568,0.3776406943798065,0.10953187197446823,0.24320994317531586,1.212074875831604,0.6929307579994202,0.4446503818035126,0.7050104737281799,0.8780866861343384,0.07354316115379333,0.5417901277542114,0.31469666957855225,0.840512752532959,0.05432755500078201,0.037745919078588486,0.5993207097053528
0.4696325659751892,0.7505511045455933,0.13614696264266968,1.2925703525543213,1.265457034111023,1.285204291343689,0.5065256357192993,5.681939125061035,0.19417601823806763,0.6484526991844177,0.4994834363460541,1.3975228071212769,0.09654287248849869,0.00039999998989515007,0.2216096818447113,0.9292654395103455,0.359427273273468,3.1011016368865967,0.3167971968650818,1.053032398223877,0.29062095284461975,0.5495592951774597,1.1144452095031738,0.5943784117698669,0.8143075704574585,0.980276346206665,0.19801634550094604,0.8151810765266418,0.6716456413269043,0.15062737464904785,1.2466243505477905,0.8044534921646118,0.3796544075012207,0.7083147764205933,0.8348174095153809,0.3243570923805237,0.6718608140945435,0.9047651886940002,0.18554887175559998,1.2993942499160767,0.3661399185657501,0.1279963254928589,0.02449142560362816,0.41661450266838074,0.2716599106788635,1.212209939956665,0.3558480143547058,0.12746603786945343,0.40033724904060364,0.5928022861480713,0.07986956089735031,0.7743624448776245,0.17558087408542633,0.8211960792541504,0.16448912024497986,0.0025250930339097977,0.7483742237091064
0.7581854462623596,0.2523125410079956,0.28982114791870117,1.536331295967102,1.2113250494003296,1.3346160650253296,0.0852230116724968,5.356595516204834,0.950615406036377,1.0319013595581055,0.2462879717350006,0.28456664085388184,0.5396542549133301,0.00039999998989515007,0.8331348896026611,1.6891827583312988,0.024949364364147186,3.5028488636016846,0.963510274887085,1.0924886465072632,0.045395005494356155,0.8835406303405762,0.6493250727653503,0.8665767312049866,0.6406803727149963,0.28516098856925964,0.23242349922657013,0.3704438805580139,0.6947274804115295,0.36921143531799316,0.5270413756370544,0.8930363059043884,0.4069814085960388,0.37389251589775085,0.20661062002182007,0.06977105885744095,0.5827163457870483,0.7631498575210571,0.387172669172287,0.772217869758606,0.5399047136306763,0.39458391070365906,0.7778716087341309,0.42268112301826477,0.33135661482810974,0.8139244318008423,0.40077441930770874,0.6866874694824219,0.5524662733078003,1.224083662033081,0.3442170321941376,0.5391069054603577,0.5916288495063782,0.9832636117935181,0.013862808234989643,0.050890903919935226,0.4281100630760193
0.5693161487579346,0.10267460346221924,0.16219481825828552,1.2710095643997192,1.2060887813568115,1.63185715675354,0.2283645123243332,5.54899787902832,0.2931884825229645,1.040779709815979,0.41738781332969666,0.9483799338340759,0.4937776029109955,0.00039999998989515007,0.7962390184402466,1.3085558414459229,0.2835249900817871,3.3306708335876465,0.44614335894584656,0.9199820756912231,0.1989792138338089,0.7590229511260986,0.6770488619804382,1.0328369140625,0.7791011929512024,0.5641841888427734,0.2748064696788788,0.9680295586585999,0.40828415751457214,0.2753993272781372,0.8427936434745789,0.5122931599617004,0.1120278388261795,0.29200226068496704,0.23616385459899902,0.14653801918029785,0.9091094732284546,0.9294171333312988,0.6136388778686523,1.2292823791503906,0.13196256756782532,0.021411212161183357,0.715081512928009,0.024693690240383148,0.19992634654045105,1.0683486461639404,0.3473227918148041,0.7587534189224243,0.6099469661712646,1.099351406097412,0.16248521208763123,0.40694424510002136,0.1772756278514862,0.8427417874336243,0.0770546942949295,0.14494651556015015,0.7701746225357056
0.45340296626091003,0.6032178401947021,0.16141965985298157,1.1925017833709717,1.2330560684204102,1.1709665060043335,0.28086790442466736,5.550042629241943,0.2910415828227997,0.4540145993232727,0.23466819524765015,1.671345591545105,0.09900706261396408,0.00039999998989515007,0.2130182832479477,0.519159734249115,0.617807149887085,2.9688189029693604,0.18054336309432983,1.2000197172164917,0.09018425643444061,0.2754771411418915,1.4194375276565552,0.6279233694076538,0.6823302507400513,0.8732739686965942,0.617280900478363,0.8955593705177307,0.6631933450698853,0.6138035655021667,1.0012688636779785,0.6127040982246399,0.09363973140716553,0.44734373688697815,0.5694131851196289,0.2595376968383789,0.5947210788726807,1.2346305847167969,0.4511670768260956,1.2899843454360962,0.023097356781363487,0.403758704662323,0.07686147093772888,0.23407384753227234,0.536559522151947,1.659135103225708,0.3444523811340332,0.2549331784248352,0.6853291392326355,0.29705244302749634,0.33825597167015076,0.7697702646255493,0.4600091278553009,0.7569667100906372,0.08400962501764297,0.43034088611602783,0.39719435572624207
0.38383397459983826,0.08647540956735611,0.21342743933200836,1.3779746294021606,1.3012747764587402,1.2079188823699951,0.21421678364276886,5.499776363372803,0.11688776314258575,0.6184660196304321,0.12669970095157623,1.1176197528839111,0.3405759036540985,0.00039999998989515007,0.17245827615261078,0.796413242816925,0.28886809945106506,3.1562376022338867,0.20638035237789154,0.7707775235176086,0.20323772728443146,0.5661243796348572,1.0040229558944702,0.8366231322288513,1.1514925956726074,0.6947957277297974,0.5549833178520203,1.0378366708755493,0.3830496072769165,0.3801383078098297,0.5030866265296936,0.4513641595840454,0.18255476653575897,0.3588704466819763,0.6072860956192017,0.23316028714179993,0.8558869361877441,1.4846487045288086,0.13035964965820312,1.3241033554077148,0.08596045523881912,0.48898014426231384,0.3749327063560486,0.1176963597536087,0.3623524308204651,1.631920337677002,0.8285561203956604,0.09927327930927277,0.997485339641571,0.6762804388999939,0.30519580841064453,0.43122124671936035,0.5612719058990479,0.7515255212783813,0.21523161232471466,0.34711897373199463,0.2748701274394989
0.2881256341934204,0.14404134452342987,0.1485983431339264,1.543507695198059,1.222953200340271,1.4873933792114258,0.11083774268627167,5.518827438354492,0.026439879089593887,0.9437319040298462,0.335589736700058,1.015302300453186,0.29574981331825256,0.00039999998989515007,0.6136631369590759,1.2603483200073242,0.07106584310531616,3.2801685333251953,0.2709137499332428,0.8623954653739929,0.13435237109661102,0.5473118424415588,0.7796404361724854,0.8870237469673157,1.0121690034866333,0.6570629477500916,0.42733603715896606,1.1254318952560425,0.24482713639736176,0.037911925464868546,0.9232835173606873,0.5359556078910828,0.08567749708890915,0.46228736639022827,0.7146912813186646,0.31859156489372253,0.8180628418922424,1.0221352577209473,0.5004038214683533,1.3213227987289429,0.2234894335269928,0.09476952254772186,0.3705650866031647,0.19469265639781952,0.33033207058906555,1.1526849269866943,0.580997109413147,0.6121519207954407,0.7341745495796204,0.8980523943901062,0.0856340229511261,0.5518418550491333,0.36642467975616455,0.8689921498298645,0.11152583360671997,0.14776484668254852,0.6695727705955505
0.22649838030338287,0.005839379038661718,0.17595410346984863,1.451305866241455,1.2592016458511353,1.2764570713043213,0.33061012625694275,5.512852191925049,0.030044779181480408,0.7216750383377075,0.038281023502349854,1.2281051874160767,0.35341325402259827,0.00039999998989515007,0.2503361701965332,0.8029583096504211,0.2841930389404297,3.196282148361206,0.14475949108600616,0.8706466555595398,0.05882600322365761,0.46404576301574707,0.9732280373573303,0.8694475889205933,1.0024007558822632,0.6262269616127014,0.6785752177238464,1.1048957109451294,0.29678627848625183,0.365872859954834,0.594465970993042,0.42465895414352417,0.17740678787231445,0.29980239272117615,0.5290163159370422,0.22056357562541962,0.7712046504020691,1.422467589378357,0.18910598754882812,1.339448094367981,0.02473415806889534,0.3383926749229431,0.40324667096138,0.035634830594062805,0.4919792711734772,1.5552936792373657,0.6661573648452759,0.20314407348632812,0.9931290745735168,0.6513830423355103,0.3481576442718506,0.5067742466926575,0.6423359513282776,0.8524395823478699,0.10659593343734741,0.2741781175136566,0.27418220043182373
0.30630192160606384,0.11225038021802902,0.031878869980573654,1.3216098546981812,1.1937435865402222,1.5046659708023071,0.33295300602912903,5.527541160583496,0.1811698079109192,0.9685714244842529,0.2614801228046417,1.1170246601104736,0.3922041654586792,0.00039999998989515007,0.5099496245384216,1.1666829586029053,0.13095107674598694,3.3556134700775146,0.3151875138282776,0.9783985614776611,0.013724150136113167,0.5439389944076538,0.8686249256134033,0.9981045126914978,0.784279465675354,0.522487223148346,0.43357962369918823,0.8985191583633423,0.26229384541511536,0.13000096380710602,1.209556221961975,0.5655795335769653,0.11041885614395142,0.3305017054080963,0.4786713421344757,0.28211918473243713,0.9203988909721375,1.0637571811676025,0.6564242243766785,1.2511906623840332,0.2134203314781189,0.1399499773979187,0.7156839370727539,0.2437390685081482,0.3000890612602234,1.0349785089492798,0.21267375349998474,0.7368648648262024,0.40249767899513245,0.9819263219833374,0.2559053301811218,0.6766190528869629,0.27968257665634155,0.8603084683418274,0.2804522216320038,0.2211504876613617,0.8415031433105469
0.3970561921596527,0.0678710862994194,0.16892090439796448,1.3644341230392456,1.0445301532745361,1.4794410467147827,0.3369452953338623,5.691209316253662,0.30773821473121643,0.8143187165260315,0.3673649728298187,0.8751266598701477,0.42586514353752136,0.00039999998989515007,0.7148807048797607,1.1410552263259888,0.31128767132759094,3.385221481323242,0.327478289604187,0.8582029342651367,0.34949132800102234,0.6930379867553711,0.6266164183616638,0.625969409942627,0.9679297804832458,0.7701475024223328,0.5877121090888977,0.7166346907615662,0.4194086790084839,0.011675958521664143,0.8409159779548645,0.47268131375312805,0.06575757265090942,0.5199714303016663,0.5792996287345886,0.17293140292167664,0.7159000039100647,1.3372691869735718,0.7275412082672119,0.9368751645088196,0.06549253314733505,0.5692270994186401,0.5147405862808228,0.05974799767136574,0.36908039450645447,1.3049660921096802,0.5139147043228149,0.4432925879955292,0.5397332310676575,1.149499535560608,0.03730305656790733,0.7200044393539429,0.03896566107869148,0.6670663356781006,0.033046357333660126,0.030915023759007454,0.39310958981513977
0.4883432984352112,0.5888879299163818,0.2955211400985718,1.325545310974121,1.1621423959732056,1.3227691650390625,0.9490705132484436,5.664185523986816,0.021119041368365288,0.6367558836936951,0.6785619258880615,1.2014870643615723,0.12759950757026672,0.00039999998989515007,0.06920062750577927,0.7890580296516418,0.8939783573150635,2.9853782653808594,0.07495488971471786,0.8632133603096008,0.4710659384727478,0.5773113965988159,1.0997945070266724,0.609652042388916,1.0913807153701782,0.8330481052398682,0.00230603595264256,0.8382405042648315,0.5674440860748291,0.07336369156837463,0.8949693441390991,0.8004181981086731,0.6749319434165955,0.7959189414978027,0.9484343528747559,0.4191012382507324,0.6390048265457153,0.7695860266685486,0.1605476588010788,1.6066522598266602,0.6430257558822632,0.08739184588193893,0.05695078894495964,0.594357967376709,0.0025047522503882647,1.1304172277450562,0.5865519046783447,0.060055699199438095,0.6102192997932434,0.5300627946853638,0.3724071979522705,0.4815901219844818,0.034508440643548965,0.644919753074646,0.20975254476070404,0.010480117984116077,0.7168291211128235
0.25337928533554077,0.5261884927749634,0.011648192070424557,1.457978367805481,1.163130760192871,1.3672881126403809,0.05206606164574623,5.402625560760498,0.2523326277732849,0.7933315634727478,0.5427625179290771,1.1119688749313354,0.2208394557237625,0.00039999998989515007,0.035421885550022125,0.510534405708313,0.5168430805206299,3.121811628341675,0.2603111267089844,0.6494815349578857,0.3671613037586212,0.3851740062236786,1.085065484046936,0.8227687478065491,1.2131023406982422,0.4441467225551605,0.8535301685333252,1.2393392324447632,0.26305443048477173,0.30708789825439453,0.35024648904800415,0.3351038992404938,0.07878796756267548,0.47523072361946106,0.9070062041282654,0.2691687345504761,0.5449925065040588,1.394711971282959,0.3962230384349823,1.4305073022842407,0.31083473563194275,0.5609655380249023,0.31739556789398193,0.03746983781456947,0.24723227322101593,1.595356822013855,0.897327184677124,0.17365387082099915,1.0893036127090454,0.7765037417411804,0.2541033923625946,0.38400799036026,0.27270111441612244,0.4566793143749237,0.48376956582069397,0.34818312525749207,0.18463470041751862
0.22595356404781342,0.13115458190441132,0.11348865181207657,1.4808496236801147,1.293768048286438,1.36094331741333,0.06164659559726715,5.594583988189697,0.13478930294513702,0.8709984421730042,0.3258841931819916,1.092542052268982,0.2659611701965332,0.00039999998989515007,0.5323486328125,1.0247024297714233,0.1998227834701538,3.2706458568573,0.16062898933887482,0.7408611178398132,0.26213422417640686,0.6886023283004761,0.772972047328949,0.814682126045227,1.0888566970825195,0.7248259782791138,0.30582794547080994,1.0557273626327515,0.3529519736766815,0.019364023581147194,0.8157170414924622,0.6048508882522583,0.1158500462770462,0.5773230791091919,0.7799485921859741,0.2423156350851059,0.8038301467895508,1.115730881690979,0.3623100519180298,1.420724630355835,0.40010711550712585,0.0896434560418129,0.32659682631492615,0.12794221937656403,0.2296430915594101,1.1797735691070557,0.6777635216712952,0.4653172492980957,0.7220678329467773,0.8637275695800781,0.05264729633927345,0.479156494140625,0.3277894854545593,0.8671453595161438,0.07983095198869705,0.04854487627744675,0.5689691305160522
0.318744421005249,0.14497993886470795,0.12988443672657013,1.4872989654541016,1.2990005016326904,1.4091205596923828,0.13853652775287628,5.631719589233398,0.06571026891469955,0.8803356289863586,0.29527828097343445,0.9675191640853882,0.3654671907424927,0.00039999998989515007,0.5950820446014404,1.1944392919540405,0.08856359869241714,3.2548160552978516,0.32772937417030334,0.8382043838500977,0.2315601110458374,0.6945774555206299,0.7452032566070557,0.8278400301933289,1.0582478046417236,0.6937978863716125,0.32205551862716675,0.9698571562767029,0.34360605478286743,0.03748616203665733,0.8287382125854492,0.6193922162055969,0.035117633640766144,0.49559539556503296,0.6440665125846863,0.2667234241962433,0.8244462609291077,1.1251176595687866,0.39793452620506287,1.2867918014526367,0.2482994794845581,0.16742214560508728,0.4141237735748291,0.13053947687149048,0.26594793796539307,1.1234875917434692,0.5564762353897095,0.5355042815208435,0.6810766458511353,0.9182620048522949,0.18492643535137177,0.6005204319953918,0.3263443410396576,0.9162465333938599,0.10193005204200745,0.03245636448264122,0.6249415874481201
0.4854877293109894,0.15797945857048035,0.262411892414093,1.3993556499481201,1.2386329174041748,1.5545868873596191,0.2665121257305145,5.521137714385986,0.3218557834625244,1.0733622312545776,0.2870786190032959,0.8887629508972168,0.4892069697380066,0.00039999998989515007,0.8217592835426331,1.2463881969451904,0.0706242099404335,3.328397750854492,0.43580347299575806,0.8794079422950745,0.16677099466323853,0.7784894704818726,0.6164413690567017,1.073923110961914,0.8484319448471069,0.5651425123214722,0.31628772616386414,0.8738502860069275,0.38326334953308105,0.21368367969989777,0.8990365266799927,0.6355335116386414,0.1782299429178238,0.32006317377090454,0.3142147362232208,0.16188259422779083,0.8722350597381592,0.9066239595413208,0.6011233329772949,1.2278379201889038,0.13308103382587433,0.044011395424604416,0.6911370158195496,0.12849527597427368,0.2471943497657776,1.0372753143310547,0.3826456069946289,0.7467160224914551,0.529000997543335,1.1139874458312988,0.10067807883024216,0.48401281237602234,0.37255311012268066,0.9037290215492249,0.18132509291172028,0.2558995187282562,0.6902539134025574
0.1798684000968933,0.2072109878063202,0.024901174008846283,1.2288777828216553,1.676519513130188,1.3300089836120605,0.3141539692878723,5.414897918701172,0.07036969065666199,0.7849681973457336,0.3361242115497589,0.8826807141304016,0.19396884739398956,0.00039999998989515007,0.464581698179245,1.1501277685165405,0.35601183772087097,3.1268184185028076,0.08934223651885986,0.5998600125312805,0.32612743973731995,0.5832924842834473,0.6219044327735901,0.5015538930892944,1.483151912689209,0.7808783650398254,0.38568127155303955,1.0970343351364136,0.24591287970542908,0.1308436244726181,0.8007672429084778,0.8513526916503906,0.08358980715274811,0.9175170063972473,0.8115679621696472,0.11099956184625626,0.6452053785324097,1.0083961486816406,0.5189465880393982,1.530562162399292,0.6508781313896179,0.4375365674495697,0.3543436527252197,0.0402984544634819,0.27311429381370544,0.9977949857711792,0.6532132625579834,0.5678226947784424,0.5245826244354248,1.0912915468215942,0.19098685681819916,0.8453101515769958,0.18210570514202118,0.8842990398406982,0.22903494536876678,0.1690046340227127,0.6088363528251648
0.31080564856529236,0.017165251076221466,0.16031360626220703,1.5092946290969849,1.3199498653411865,1.305963397026062,0.0246793981641531,5.5683135986328125,0.22450539469718933,0.777811586856842,0.37442681193351746,0.9182839393615723,0.2489325851202011,0.00039999998989515007,0.49215632677078247,1.0298999547958374,0.08666905015707016,3.2200324535369873,0.20758795738220215,0.6406068205833435,0.4220329225063324,0.7398005723953247,0.7422676682472229,0.7507702708244324,1.276556134223938,0.7647542357444763,0.2557692527770996,1.0060136318206787,0.39899247884750366,0.04492134973406792,0.6731843948364258,0.6318962574005127,0.07780243456363678,0.6351546049118042,0.9278358817100525,0.3419458568096161,0.8268715143203735,1.2133150100708008,0.3142046630382538,1.3554542064666748,0.4207397699356079,0.23734968900680542,0.24476993083953857,0.0590495839715004,0.11624973267316818,1.2162586450576782,0.8595160841941833,0.38324248790740967,0.7734137177467346,0.862220287322998,0.035042643547058105,0.45753782987594604,0.33214667439460754,0.7847484350204468,0.012432423420250416,0.026247460395097733,0.5345563292503357
0.546055018901825,0.6106107234954834,0.1138080358505249,1.3280035257339478,1.210213303565979,1.3547857999801636,0.5627350807189941,5.558847427368164,0.11965968459844589,0.7324768900871277,0.6421942710876465,1.3922325372695923,0.016923408955335617,0.00039999998989515007,0.17343342304229736,0.9446865320205688,0.30807721614837646,3.101158857345581,0.26398080587387085,1.0551677942276,0.374949187040329,0.4887525141239166,1.168914794921875,0.6147375106811523,0.8579128384590149,0.987899124622345,0.3162013590335846,0.8945497870445251,0.6970338225364685,0.21771162748336792,1.2749006748199463,0.7455735206604004,0.3383635878562927,0.7486218810081482,1.0190765857696533,0.4005303382873535,0.6574956774711609,0.8757377862930298,0.1089048832654953,1.2801012992858887,0.37193790078163147,0.2384561151266098,0.006481695920228958,0.37806272506713867,0.1948661059141159,1.2514721155166626,0.49336227774620056,0.13473103940486908,0.37532633543014526,0.6492000222206116,0.1021692305803299,0.7627705931663513,0.13928286731243134,0.6319760680198669,0.1579209566116333,0.031013892963528633,0.7820765376091003
0.30739161372184753,0.11119328439235687,0.13360969722270966,1.4491137266159058,1.3029206991195679,1.3706685304641724,0.10234761238098145,5.613734722137451,0.033720098435878754,0.894417405128479,0.32646265625953674,1.0028616189956665,0.30115807056427,0.00039999998989515007,0.5581943392753601,1.135871171951294,0.1283528208732605,3.2547237873077393,0.26068055629730225,0.7773247957229614,0.2287132889032364,0.675853967666626,0.7620475888252258,0.8326165080070496,1.1079044342041016,0.7162536382675171,0.3227730095386505,0.992824137210846,0.29883188009262085,0.035799089819192886,0.8402121067047119,0.5912976264953613,0.09445912390947342,0.5305221676826477,0.7180107831954956,0.21152587234973907,0.8241930603981018,1.0951248407363892,0.40723302960395813,1.384392499923706,0.35051217675209045,0.18390506505966187,0.4116721749305725,0.12736563384532928,0.27285653352737427,1.179111123085022,0.6334549784660339,0.4999017119407654,0.6808260083198547,0.9118536114692688,0.07472839951515198,0.5627754330635071,0.29678940773010254,0.8685494065284729,0.07642276585102081,0.0778278186917305,0.6333884596824646
0.3217267096042633,0.07805991172790527,0.17524488270282745,1.4057658910751343,1.1895650625228882,1.2766731977462769,0.03447377309203148,5.834039211273193,0.09426979720592499,0.7048779726028442,0.47465431690216064,0.8428528904914856,0.09016341716051102,0.00039999998989515007,0.17414741218090057,0.8559339642524719,0.059083450585603714,3.1563174724578857,0.27133455872535706,0.7708535194396973,0.5507946610450745,0.2575044631958008,0.7500746250152588,0.3948080837726593,1.089308738708496,0.8138682842254639,0.49621278047561646,0.8521747589111328,0.2992976903915405,0.4265601634979248,0.8458576798439026,0.5319827198982239,0.25485682487487793,0.6264528632164001,1.2581582069396973,0.5880905389785767,0.5306283831596375,1.4604624509811401,0.13457421958446503,1.1932657957077026,0.4607100188732147,0.639907717704773,0.11809875071048737,0.04441845417022705,0.05265357717871666,1.2741137742996216,0.6470136046409607,0.225744366645813,0.4751160740852356,0.39794790744781494,0.35899466276168823,0.9477120637893677,0.2053002119064331,0.5656282901763916,0.21560946106910706,0.02480834349989891,0.8640087246894836
0.1880260854959488,0.1272919625043869,0.11044246703386307,1.5281083583831787,1.2342461347579956,1.3541169166564941,0.12500952184200287,5.6214985847473145,0.22057309746742249,0.8820098638534546,0.3354451656341553,0.9935674667358398,0.24582964181900024,0.00039999998989515007,0.5164841413497925,1.0431151390075684,0.04766146093606949,3.305454730987549,0.21400754153728485,0.7450822591781616,0.24470335245132446,0.44822394847869873,0.7181151509284973,0.7264259457588196,1.065695881843567,0.7393161058425903,0.40636569261550903,1.0906901359558105,0.2054353505373001,0.11752834171056747,0.9128968119621277,0.5355077385902405,0.16267816722393036,0.5630937814712524,1.0244783163070679,0.3665733337402344,0.6741541028022766,1.1715766191482544,0.37569403648376465,1.3411381244659424,0.3931453227996826,0.1537996381521225,0.2488279640674591,0.1558135449886322,0.2532135546207428,1.2067838907241821,0.7094178199768066,0.483066201210022,0.6323546171188354,0.6458662152290344,0.17505790293216705,0.6080477237701416,0.41596004366874695,0.8081337213516235,0.21758346259593964,0.17789702117443085,0.7259780168533325
0.21949268877506256,0.005385488737374544,0.13150852918624878,1.6132407188415527,1.085959553718567,1.5957322120666504,0.12954838573932648,5.544370174407959,0.103191077709198,1.1430360078811646,0.2830524146556854,0.8103689551353455,0.3200640082359314,0.00039999998989515007,0.7825534343719482,1.0927470922470093,0.5574734210968018,3.2951200008392334,0.11133398860692978,0.7581610679626465,0.10895606130361557,0.685224711894989,0.5512596368789673,1.155106782913208,0.9576885104179382,0.3043803572654724,0.33133065700531006,1.0599433183670044,0.07066574692726135,0.40951424837112427,0.5490509271621704,0.4772300720214844,0.07389084249734879,0.24031004309654236,0.3439018428325653,0.2702542841434479,0.7742388844490051,0.8797683119773865,0.7184244394302368,1.5238773822784424,0.26904839277267456,0.2448458969593048,0.6474254727363586,0.3159853518009186,0.23404797911643982,0.9871505498886108,0.5129395723342896,0.7910725474357605,0.9222607612609863,0.959162175655365,0.08919250965118408,0.2245730608701706,0.3653751313686371,0.945622980594635,0.13364078104496002,0.2942751348018646,0.5659496188163757
0.32022109627723694,0.09033086150884628,0.13505114614963531,1.4412740468978882,1.3321647644042969,1.3756165504455566,0.1017565056681633,5.610642433166504,0.03346554562449455,0.8584783673286438,0.2965657413005829,0.9652168154716492,0.32550179958343506,0.00039999998989515007,0.5473256707191467,1.1412606239318848,0.16898751258850098,3.2390079498291016,0.2700333297252655,0.7676339149475098,0.22025924921035767,0.6955398917198181,0.7581273913383484,0.8378726243972778,1.1540566682815552,0.6967251300811768,0.29402175545692444,0.9959143996238708,0.2790199816226959,0.053459689021110535,0.7778550982475281,0.6003512740135193,0.07774511724710464,0.518564760684967,0.6621138453483582,0.19348777830600739,0.8453825116157532,1.1020578145980835,0.40660780668258667,1.4101873636245728,0.3454849421977997,0.18753720819950104,0.43436887860298157,0.127358078956604,0.274567574262619,1.188393473625183,0.6426568627357483,0.49370694160461426,0.7379271984100342,0.9227133393287659,0.07891906052827835,0.5269927978515625,0.3007362484931946,0.8978205919265747,0.01492993999272585,0.03297452628612518,0.6056320071220398
0.2551088035106659,0.12114357948303223,0.17759212851524353,1.5590500831604004,1.266031265258789,1.3597041368484497,0.0658404529094696,5.605996131896973,0.1018776074051857,0.8444845676422119,0.2748378813266754,0.947327733039856,0.35208752751350403,0.00039999998989515007,0.6108015179634094,1.1287063360214233,0.07453441619873047,3.2555627822875977,0.2623700797557831,0.7294081449508667,0.2994179129600525,0.7183813452720642,0.7017390131950378,0.8142499327659607,1.1426913738250732,0.7127213478088379,0.28401026129722595,1.0066330432891846,0.36092036962509155,0.019641121849417686,0.7278820276260376,0.6155124306678772,0.06783567368984222,0.5448097586631775,0.7757713198661804,0.34047791361808777,0.8280314207077026,1.1818671226501465,0.37705540657043457,1.306979775428772,0.2879575490951538,0.12094485759735107,0.3067791759967804,0.1022917777299881,0.20798705518245697,1.1539512872695923,0.7138152122497559,0.48484373092651367,0.7780371904373169,0.8731797337532043,0.13932901620864868,0.48752352595329285,0.39448124170303345,0.8825480937957764,0.075932078063488,0.04205574467778206,0.5413482189178467
0.34687310457229614,0.135732039809227,0.2373458594083786,1.3694030046463013,1.1832391023635864,1.4711641073226929,0.3628365993499756,5.4050750732421875,0.022302864119410515,1.1283491849899292,0.51041579246521,1.1105716228485107,0.2158588469028473,0.00039999998989515007,0.5880204439163208,1.0412991046905518,0.14272916316986084,3.269782543182373,0.13011914491653442,0.7861120700836182,0.2050172984600067,0.7945685386657715,0.8296478986740112,1.0452659130096436,1.0219719409942627,0.6237909197807312,0.5111653208732605,1.0694993734359741,0.319401353597641,0.12902528047561646,0.9288739562034607,0.47465771436691284,0.14281421899795532,0.4755144715309143,0.6107882857322693,0.021988902240991592,0.8239384889602661,0.9921607971191406,0.6829071044921875,1.2977584600448608,0.300586074590683,0.23435115814208984,0.6727659702301025,0.04809347167611122,0.26268473267555237,1.1622018814086914,0.6243064403533936,0.6509433388710022,0.560233473777771,1.2511050701141357,0.10001274198293686,0.48090100288391113,0.16777591407299042,0.7588034868240356,0.024307874962687492,0.13040751218795776,0.614851713180542
0.25081807374954224,0.016736581921577454,0.2190951406955719,1.4994598627090454,1.1081485748291016,1.4906657934188843,0.24497708678245544,5.452033519744873,0.04530727490782738,1.1269123554229736,0.4856017827987671,1.1590672731399536,0.22286240756511688,0.00039999998989515007,0.6531504988670349,0.9658723473548889,0.29750609397888184,3.2615346908569336,0.08152149617671967,0.7981077432632446,0.23024818301200867,0.8963744044303894,0.8099461197853088,1.0896281003952026,0.955081045627594,0.5838197469711304,0.41796937584877014,1.0683790445327759,0.3959059715270996,0.22564199566841125,0.8754675984382629,0.545867919921875,0.09305254369974136,0.4899143576622009,0.5682923793792725,0.11451974511146545,0.7952901124954224,0.9669132232666016,0.6226916313171387,1.2922029495239258,0.26717591285705566,0.010212580673396587,0.5927930474281311,0.0491175577044487,0.22345221042633057,1.0740504264831543,0.584222137928009,0.664194643497467,0.6464352607727051,1.2202516794204712,0.08354348689317703,0.37758326530456543,0.2216092348098755,0.8628731966018677,0.07708459347486496,0.14557187259197235,0.5357236862182617
0.27570533752441406,0.04283839464187622,0.21864131093025208,1.074549674987793,0.9483869671821594,1.3030380010604858,0.78424072265625,5.342829704284668,0.3301253020763397,0.9967193007469177,0.7640590071678162,0.6510045528411865,0.37597745656967163,0.00039999998989515007,1.0166147947311401,1.3393670320510864,0.2863047122955322,3.2879316806793213,0.4887523949146271,0.5183342099189758,0.053246352821588516,0.7206523418426514,0.3724462389945984,1.0611958503723145,0.6298498511314392,0.4821251630783081,0.08846068382263184,0.863490104675293,0.28266245126724243,0.7875491380691528,1.231260895729065,0.00026271550450474024,0.3074902296066284,0.029050029814243317,0.3014832139015198,0.08873103559017181,1.0391716957092285,0.8744152188301086,1.1610912084579468,0.8969235420227051,0.5242801904678345,0.16190360486507416,0.9947744011878967,0.010440179146826267,0.3628036379814148,0.8693808913230896,0.049826644361019135,1.2488304376602173,0.4182950556278229,1.2350820302963257,0.722612738609314,0.450897216796875,0.1954692304134369,1.1376410722732544,0.13472668826580048,0.5959217548370361,1.1116093397140503
0.06889393925666809,0.36917170882225037,0.09792886674404144,1.6462379693984985,1.159032940864563,1.41285240650177,0.07025714218616486,5.621954917907715,0.0539582334458828,0.914959728717804,0.24559655785560608,1.1003988981246948,0.32595720887184143,0.00039999998989515007,0.714023232460022,1.120069980621338,0.15099453926086426,3.2889339923858643,0.20265750586986542,0.8350210785865784,0.1064988225698471,0.5992408394813538,0.6787104606628418,0.8656519055366516,0.8825448751449585,0.6408257484436035,0.31884145736694336,1.0748449563980103,0.24403026700019836,0.13858014345169067,0.914024293422699,0.5751655101776123,0.21672363579273224,0.4557620584964752,0.6805503368377686,0.3814176917076111,0.7408919334411621,1.0357619524002075,0.40953803062438965,1.3177411556243896,0.2624342143535614,0.2058480679988861,0.27883806824684143,0.3040890693664551,0.36652636528015137,1.0507175922393799,0.4605916738510132,0.623964250087738,0.7875275611877441,0.7735912203788757,0.2367827296257019,0.5104452967643738,0.44958117604255676,1.066191554069519,0.17369577288627625,0.20921511948108673,0.5988346338272095
0.1733473241329193,0.2852899432182312,0.28464025259017944,1.3399263620376587,1.2320141792297363,1.2957267761230469,0.4474523365497589,5.329158306121826,0.11761622130870819,1.1951111555099487,0.45768091082572937,1.1949901580810547,0.13377179205417633,0.00039999998989515007,0.5783880352973938,0.7867175340652466,0.004769671708345413,3.286280632019043,0.09744302183389664,0.5963869094848633,0.3298759460449219,0.8779832720756531,0.7339115738868713,0.9589046835899353,1.1514874696731567,0.7084566354751587,0.5559282898902893,1.0268840789794922,0.4120911955833435,0.0161686223000288,0.8561325073242188,0.5453823208808899,0.22922731935977936,0.6873875260353088,0.8724912405014038,0.1328240931034088,0.6884562969207764,1.0164741277694702,0.6251845955848694,1.3818421363830566,0.5090462565422058,0.2754558026790619,0.6005113124847412,0.19380882382392883,0.19677577912807465,1.1112940311431885,0.8571531772613525,0.538088321685791,0.4148648977279663,1.273521065711975,0.34667664766311646,0.4794483184814453,0.2273557335138321,0.6475023627281189,0.12767086923122406,0.13386927545070648,0.453256219625473
0.24082939326763153,0.20366431772708893,0.17032192647457123,1.506793737411499,1.2395474910736084,1.4077023267745972,0.22441907227039337,5.613195419311523,0.16596154868602753,1.0197879076004028,0.1860341876745224,1.0384702682495117,0.402193158864975,0.00039999998989515007,0.6765074133872986,1.1948529481887817,0.21701842546463013,3.2986416816711426,0.28291797637939453,0.8852280378341675,0.07518747448921204,0.6864666938781738,0.7122892141342163,0.9514495730400085,0.9328832030296326,0.6167771220207214,0.36230579018592834,0.9562885165214539,0.24880391359329224,0.1394054889678955,0.8562009930610657,0.5810245275497437,0.032718099653720856,0.3958396017551422,0.5293161273002625,0.16992181539535522,0.80644690990448,1.005159854888916,0.4530143439769745,1.362468957901001,0.21201330423355103,0.03702601417899132,0.5302653312683105,0.21435318887233734,0.3541404902935028,1.0570329427719116,0.48825204372406006,0.6028562784194946,0.6374919414520264,0.9235953688621521,0.11642169952392578,0.5621997714042664,0.386948823928833,0.9598793387413025,0.13332438468933105,0.15785054862499237,0.6195570826530457
0.13500334322452545,0.4822083115577698,0.09066342562437057,1.677302360534668,1.0862388610839844,1.3079440593719482,0.09514089673757553,5.629610061645508,0.04569954797625542,0.6546682715415955,0.249954491853714,1.1851861476898193,0.3165197968482971,0.00039999998989515007,0.358145534992218,0.9327259659767151,0.44712185859680176,3.1197736263275146,0.1071535050868988,0.9205965399742126,0.20119372010231018,0.08754273504018784,0.7684072256088257,0.7820625305175781,0.7643955945968628,0.4935504198074341,0.7001386880874634,1.1874721050262451,0.013976599089801311,0.28696322441101074,0.7037638425827026,0.4556121230125427,0.22923427820205688,0.20914942026138306,0.4781016707420349,0.4917612075805664,0.6872968077659607,1.2921950817108154,0.1857333928346634,1.4763493537902832,0.01755613461136818,0.03653745725750923,0.1653819978237152,0.31170979142189026,0.6873467564582825,1.3724943399429321,0.32906970381736755,0.4062963128089905,1.1929312944412231,0.30144432187080383,0.48844850063323975,0.6088327765464783,0.7958183288574219,1.1221225261688232,0.0059792171232402325,0.0012554648565128446,0.4088258445262909
0.3431074023246765,0.1079813539981842,0.11456692963838577,1.4544278383255005,1.3101903200149536,1.3738447427749634,0.029217790812253952,5.626347541809082,0.03827659785747528,0.8748824000358582,0.37800881266593933,0.9787074327468872,0.27538958191871643,0.00039999998989515007,0.5299562215805054,1.1101230382919312,0.1474236696958542,3.2392568588256836,0.26221364736557007,0.7711526155471802,0.3087179362773895,0.7187879681587219,0.7703240513801575,0.7996351718902588,1.1410964727401733,0.7416710257530212,0.28456467390060425,0.9599495530128479,0.35893312096595764,0.036419641226530075,0.8209463357925415,0.6220086812973022,0.10472619533538818,0.5739032626152039,0.768869936466217,0.24783247709274292,0.8150109648704529,1.1010302305221558,0.36210474371910095,1.3691550493240356,0.38676148653030396,0.20940212905406952,0.3762245774269104,0.13688746094703674,0.2046433538198471,1.1655300855636597,0.6644657254219055,0.46334657073020935,0.663840115070343,0.9161566495895386,0.05093453824520111,0.5597890019416809,0.2589152157306671,0.8408248424530029,0.0633300319314003,0.05179160088300705,0.6338133215904236
0.3129432499408722,0.11687982827425003,0.15933550894260406,1.5094091892242432,1.279840350151062,1.3852128982543945,0.0776403546333313,5.605185031890869,0.042325492948293686,0.8809539675712585,0.31552380323410034,0.9689434766769409,0.32957473397254944,0.00039999998989515007,0.5835562944412231,1.146449089050293,0.1101449728012085,3.257443904876709,0.28533023595809937,0.7844125032424927,0.266796737909317,0.7024698853492737,0.7503172755241394,0.8365563154220581,1.1013904809951782,0.71332848072052,0.3092765212059021,0.9956084489822388,0.3513122797012329,0.02720477618277073,0.8061432838439941,0.5974624752998352,0.06827539950609207,0.5182136297225952,0.7442709803581238,0.29580363631248474,0.8372872471809387,1.1309869289398193,0.38326674699783325,1.3220884799957275,0.29917794466018677,0.16086965799331665,0.36714884638786316,0.12463249266147614,0.2276948094367981,1.1620193719863892,0.6699802875518799,0.4949207901954651,0.7069265246391296,0.8913356065750122,0.12141075730323792,0.5274931192398071,0.3425517976284027,0.8640078902244568,0.08692360669374466,0.06461620330810547,0.6079419255256653
0.31514284014701843,0.12127784639596939,0.1337110996246338,1.4499868154525757,1.3035506010055542,1.3751391172409058,0.09249456971883774,5.615808010101318,0.03050052933394909,0.8941684365272522,0.3294146656990051,1.0002665519714355,0.3028969466686249,0.00039999998989515007,0.5576112866401672,1.1390446424484253,0.1235988661646843,3.2580647468566895,0.2695026993751526,0.7861430048942566,0.22967858612537384,0.6735497117042542,0.7632082104682922,0.8274883031845093,1.1021934747695923,0.7230873703956604,0.32136574387550354,0.98661208152771,0.3034662902355194,0.03581045940518379,0.8560445308685303,0.5893287062644958,0.1003517135977745,0.525854766368866,0.7260857224464417,0.22120821475982666,0.8259106874465942,1.0932484865188599,0.39969348907470703,1.371872901916504,0.351541131734848,0.1795242726802826,0.4050135016441345,0.1362476646900177,0.26736801862716675,1.1752991676330566,0.6308416128158569,0.49734094738960266,0.6669541597366333,0.9067492485046387,0.08391784876585007,0.5663883090019226,0.2961464822292328,0.8673081994056702,0.09144914150238037,0.08539527654647827,0.6426510214805603
0.30573591589927673,0.09684685617685318,0.16483159363269806,1.4244612455368042,1.326112151145935,1.3473700284957886,0.06419117748737335,5.543271541595459,0.12015904486179352,0.8333507776260376,0.25358062982559204,1.0321708917617798,0.3412117660045624,0.00039999998989515007,0.4812873899936676,1.0805366039276123,0.15666191279888153,3.2490828037261963,0.23723584413528442,0.7264229655265808,0.24793027341365814,0.7000741362571716,0.8033915758132935,0.8471018075942993,1.1846723556518555,0.7433263659477234,0.2708798050880432,0.9895954132080078,0.35073593258857727,0.006898354273289442,0.8505469560623169,0.6476056575775146,0.10783286392688751,0.5696202516555786,0.764633059501648,0.24099214375019073,0.9167417287826538,1.1364614963531494,0.3946034610271454,1.442042589187622,0.3893132209777832,0.20036448538303375,0.39325353503227234,0.13120155036449432,0.18846675753593445,1.2033870220184326,0.7109822034835815,0.4439946115016937,0.6516307592391968,0.9065200686454773,0.01592468097805977,0.49123692512512207,0.3437085747718811,0.7974774837493896,0.08854910731315613,0.06281491369009018,0.6043750047683716
0.023389244452118874,0.3293958306312561,0.12176015973091125,1.3689854145050049,1.5706332921981812,1.3609178066253662,0.03556298837065697,5.3231329917907715,0.3631751835346222,0.7525542974472046,0.49452468752861023,0.7635538578033447,0.01716930978000164,0.00039999998989515007,0.44455981254577637,1.0248881578445435,0.12681551277637482,3.0595436096191406,0.17887824773788452,0.38507211208343506,0.4632803201675415,0.5597716569900513,0.53199303150177,0.4851219058036804,1.6966825723648071,0.6633405685424805,0.29427266120910645,1.2725447416305542,0.10845645517110825,0.027995625510811806,0.5428397059440613,0.8411617875099182,0.10540008544921875,1.0313217639923096,0.9994405508041382,0.037313807755708694,0.544070839881897,0.9035199284553528,0.6032455563545227,1.7204229831695557,0.8694894313812256,0.25689196586608887,0.17071698606014252,0.07746557891368866,0.12681442499160767,0.9117571711540222,0.8495436906814575,0.6286332607269287,0.8065915107727051,1.0372883081436157,0.49658042192459106,0.5915663242340088,0.13559085130691528,0.854320228099823,0.03269703686237335,0.13939203321933746,0.545402467250824
0.27499479055404663,0.24161982536315918,0.11002971976995468,1.5267008543014526,1.08230459690094,1.5332571268081665,0.04140009358525276,5.40985631942749,0.17088571190834045,1.1405583620071411,0.6577234864234924,0.9343252182006836,0.020849931985139847,0.00039999998989515007,0.5524972081184387,0.9935171604156494,0.43881434202194214,3.223109245300293,0.05794905871152878,0.6454657912254333,0.3357309103012085,0.7480154633522034,0.7597405314445496,1.0366549491882324,1.1905571222305298,0.4880865514278412,0.41051357984542847,1.1699353456497192,0.18600624799728394,0.2880651652812958,0.6743054986000061,0.44816339015960693,0.0965561494231224,0.5338510870933533,0.7826547622680664,0.2103651463985443,0.7479613423347473,0.8959444761276245,0.7402562499046326,1.5022854804992676,0.48873305320739746,0.11579316109418869,0.5273652076721191,0.13356906175613403,0.0941920205950737,1.0718458890914917,0.7932890057563782,0.6851105690002441,0.7872374057769775,1.145011067390442,0.39162635803222656,0.2883984446525574,0.08230191469192505,0.6749627590179443,0.24777628481388092,0.18921896815299988,0.6019986867904663
0.2873668968677521,0.05051793158054352,0.25130385160446167,1.5289705991744995,1.1802518367767334,1.3580058813095093,0.31892675161361694,5.389411926269531,0.005253637209534645,0.8171562552452087,0.06256987899541855,1.2280024290084839,0.3569146692752838,0.00039999998989515007,0.2943577170372009,0.8993319869041443,0.20734773576259613,3.2139644622802734,0.1635686308145523,0.9281131625175476,0.06261533498764038,0.43963009119033813,1.007798671722412,0.9418624639511108,0.9562765955924988,0.6120619177818298,0.779359757900238,1.1700670719146729,0.3705744445323944,0.40482985973358154,0.6397184729576111,0.40620237588882446,0.2747616469860077,0.2923394739627838,0.5891329646110535,0.2964633107185364,0.7804723978042603,1.3772372007369995,0.262658953666687,1.2535203695297241,0.11055229604244232,0.362881064414978,0.3816222846508026,0.0563741996884346,0.4616047739982605,1.5462805032730103,0.7432295680046082,0.25272634625434875,0.9645504355430603,0.7041925191879272,0.24942472577095032,0.4767017960548401,0.7015978693962097,0.7338404655456543,0.06301817297935486,0.21346382796764374,0.2694530785083771
0.0056580789387226105,0.2604126036167145,0.006739920005202293,1.7552193403244019,1.1029868125915527,1.364675760269165,0.1521855741739273,5.708480358123779,0.26336854696273804,0.8931169509887695,0.21854153275489807,0.9339690208435059,0.18992365896701813,0.00039999998989515007,0.5997772812843323,0.9628004431724548,0.30873236060142517,3.321357011795044,0.06390741467475891,0.7128252983093262,0.20133405923843384,0.33452510833740234,0.5589390993118286,0.7615711092948914,0.9706231951713562,0.5572662949562073,0.36631762981414795,1.060961127281189,0.056394048035144806,0.040147922933101654,0.6578503251075745,0.4417688846588135,0.4392856955528259,0.3854459226131439,0.9556819796562195,0.6251665949821472,0.6168976426124573,1.1130205392837524,0.3049543797969818,1.5117954015731812,0.44317251443862915,0.21656838059425354,0.11081939190626144,0.45606499910354614,0.27114981412887573,1.1305997371673584,0.6538389325141907,0.4771132171154022,0.9394734501838684,0.39638736844062805,0.12329980731010437,0.44740554690361023,0.5526466965675354,0.8885987997055054,0.19024820625782013,0.2895795404911041,0.5792344212532043
0.45800554752349854,0.38482344150543213,0.04494495689868927,1.2468397617340088,1.4208958148956299,1.6764161586761475,0.3960890769958496,5.179378509521484,0.19768020510673523,1.0202770233154297,0.6198205947875977,0.8754723072052002,0.15316125750541687,0.00039999998989515007,0.511188805103302,1.3660060167312622,0.14641109108924866,3.107487678527832,0.1714659482240677,0.8297027945518494,0.24899624288082123,0.6357571482658386,0.8231623768806458,0.8690124750137329,1.2697759866714478,0.5404126048088074,0.5801777839660645,1.2449007034301758,0.26184147596359253,0.07834693789482117,0.8953662514686584,0.7050811648368835,0.3198193907737732,0.6871712803840637,0.4840121269226074,0.05514140799641609,0.7547718286514282,0.8176944851875305,0.9047025442123413,1.3347580432891846,0.28822723031044006,0.4965546429157257,0.6755902171134949,0.06593803316354752,0.24756015837192535,0.9814205169677734,0.4828994572162628,0.8771361112594604,0.574297308921814,1.468421220779419,0.3099002540111542,0.7160031795501709,0.018482133746147156,0.7580060958862305,0.09249448776245117,0.11784768849611282,0.7355316281318665
0.2710897624492645,0.003925992175936699,0.24706988036632538,1.4820464849472046,1.3243008852005005,1.3285481929779053,0.18348875641822815,5.6031174659729,0.12295559793710709,0.6925910115242004,0.13306039571762085,0.7974351048469543,0.4967648684978485,0.00039999998989515007,0.5621116161346436,1.1260170936584473,0.02204275317490101,3.201683521270752,0.3110276460647583,0.6127095222473145,0.3095678389072418,0.7505223155021667,0.6542770266532898,0.7718197703361511,1.3470815420150757,0.6984373331069946,0.21489939093589783,1.0353184938430786,0.33392879366874695,0.03114214912056923,0.48855340480804443,0.6840953826904297,0.0686274841427803,0.5852544903755188,0.6624737977981567,0.2310006469488144,0.847693145275116,1.3120464086532593,0.3868512809276581,1.2939696311950684,0.2092469334602356,0.2471373826265335,0.3351399600505829,0.053491391241550446,0.1743946224451065,1.215100646018982,0.811818540096283,0.42997267842292786,0.903030514717102,0.8795810341835022,0.20667482912540436,0.3916323482990265,0.44931915402412415,0.9067668318748474,0.0994289219379425,0.13284291326999664,0.44081178307533264
0.21729566156864166,0.15666355192661285,0.06736733764410019,1.5003626346588135,1.2466059923171997,1.3640785217285156,0.14597178995609283,5.697322368621826,0.08481742441654205,0.9059006571769714,0.3174748122692108,1.0028607845306396,0.273141473531723,0.00039999998989515007,0.5122101902961731,1.0381579399108887,0.03398013859987259,3.298600435256958,0.24875350296497345,0.8149322271347046,0.22861143946647644,0.4842641353607178,0.7326903343200684,0.7373923659324646,1.0084983110427856,0.7158443331718445,0.40077540278434753,1.0093318223953247,0.22481995820999146,0.08751099556684494,0.9174124002456665,0.544516384601593,0.15880416333675385,0.5178940892219543,0.9101942777633667,0.3324262201786041,0.6697913408279419,1.1748288869857788,0.3470000922679901,1.3380125761032104,0.36486655473709106,0.1711622029542923,0.32536232471466064,0.17856533825397491,0.27037110924720764,1.1811295747756958,0.6107874512672424,0.4731738865375519,0.5917298793792725,0.6591265797615051,0.22776168584823608,0.6655518412590027,0.37556296586990356,0.8448247909545898,0.21934984624385834,0.1533997356891632,0.7374707460403442
0.5116933584213257,0.6685957312583923,0.16649103164672852,1.2444487810134888,1.280339002609253,1.292936086654663,0.5107091665267944,5.690140247344971,0.19470421969890594,0.6910297870635986,0.5720089077949524,1.3695333003997803,0.04699791967868805,0.00039999998989515007,0.19268913567066193,0.9014699459075928,0.4037173390388489,3.086320400238037,0.29010605812072754,1.0389113426208496,0.32974857091903687,0.5615532994270325,1.116808533668518,0.5941866040229797,0.8603507280349731,0.9754647612571716,0.20334629714488983,0.7858726978302002,0.6385390162467957,0.12382598966360092,1.241037368774414,0.7755143046379089,0.3985842168331146,0.7168814539909363,0.8555625081062317,0.2797621190547943,0.6654138565063477,0.8869218826293945,0.14479701220989227,1.351850986480713,0.4463307559490204,0.20021848380565643,0.09078148752450943,0.4042295217514038,0.23937785625457764,1.2168643474578857,0.380433052778244,0.12361065298318863,0.35688263177871704,0.6378353834152222,0.0031130339484661818,0.7907393574714661,0.08043714612722397,0.7670706510543823,0.13437913358211517,0.007909025996923447,0.7908979654312134
0.527366578578949,0.08565294742584229,0.24121898412704468,1.690369725227356,0.9426550269126892,1.608705997467041,0.26370134949684143,5.217343807220459,0.3150372803211212,1.2668596506118774,0.05351042002439499,0.9869973659515381,0.6973404884338379,0.00039999998989515007,0.9091084599494934,1.4578981399536133,0.9593858122825623,3.382009506225586,0.3897397816181183,1.1250650882720947,0.30494964122772217,0.8345030546188354,0.7086628675460815,1.1054627895355225,0.5366485714912415,0.48498082160949707,0.19802691042423248,1.0829323530197144,0.883167028427124,0.16967333853244781,0.2920268476009369,0.5098062753677368,0.23618769645690918,0.3206412196159363,0.5746421217918396,0.5320351123809814,0.7898011207580566,0.7721444964408875,0.13045643270015717,1.366356372833252,0.20811887085437775,0.16517241299152374,0.32821083068847656,0.18097802996635437,0.11739213764667511,0.7785745859146118,0.984660267829895,0.5783303380012512,0.8106272220611572,0.5641264319419861,0.30971580743789673,0.08117441087961197,0.714989960193634,0.4605585038661957,0.2103874832391739,0.12349944561719894,0.4247995913028717
0.21389378607273102,0.1397920548915863,0.14066268503665924,1.5360493659973145,1.1985386610031128,1.4160650968551636,0.21363253891468048,5.656214714050293,0.11766514182090759,0.9986161589622498,0.17384465038776398,0.941906750202179,0.40383899211883545,0.00039999998989515007,0.6648455262184143,1.1686328649520874,0.40693438053131104,3.2905924320220947,0.2496931105852127,0.8286542296409607,0.059802062809467316,0.6977638602256775,0.6721501350402832,1.0054762363433838,0.9721260666847229,0.5039077401161194,0.30372846126556396,0.9583896994590759,0.12946240603923798,0.2520092725753784,0.6925624012947083,0.5208141207695007,0.09895389527082443,0.3048229217529297,0.4392034411430359,0.20898376405239105,0.8357958793640137,1.0287227630615234,0.5050264596939087,1.436106562614441,0.23670227825641632,0.011412404477596283,0.5936176180839539,0.26191791892051697,0.3249576985836029,1.0527169704437256,0.48894113302230835,0.6340231895446777,0.786573052406311,0.8929670453071594,0.1381176859140396,0.44703784584999084,0.36507943272590637,0.9963577389717102,0.02352936379611492,0.14565688371658325,0.5968759059906006
0.17836229503154755,0.21931838989257812,0.14323818683624268,1.2156407833099365,1.1051901578903198,1.1952553987503052,0.5349964499473572,5.565896987915039,0.47855767607688904,0.7315847277641296,0.5199494957923889,0.5882598161697388,0.4540044665336609,0.00039999998989515007,0.9544187784194946,1.4282114505767822,0.3952588140964508,3.303133249282837,0.5923898816108704,0.4957052767276764,0.04443058371543884,0.5206990838050842,0.3179311752319336,0.797166645526886,0.7427223324775696,0.623766303062439,0.03289611265063286,0.8625814318656921,0.3049399256706238,0.5753034949302673,1.1592339277267456,0.12154235690832138,0.5512005090713501,0.05714407563209534,0.5232222676277161,0.3235951066017151,1.0372339487075806,1.0491141080856323,0.8463728427886963,0.9970566630363464,0.5697968006134033,0.19682563841342926,0.6236117482185364,0.16580447554588318,0.3974476456642151,0.9622687101364136,0.12796548008918762,1.0385433435440063,0.5721150040626526,0.8224778771400452,0.9212058186531067,0.5544863939285278,0.024678239598870277,1.225509762763977,0.30749014019966125,0.5285471677780151,1.0880202054977417
0.199364572763443,0.18719293177127838,0.12069997191429138,1.5069631338119507,1.2287002801895142,1.3815261125564575,0.13020892441272736,5.687295913696289,0.004695425741374493,0.850799560546875,0.047784749418497086,0.9169389009475708,0.47980353236198425,0.00039999998989515007,0.6094983816146851,1.0456581115722656,0.4393561780452728,3.3040390014648438,0.24931657314300537,0.7466400861740112,0.0702257826924324,0.6353390216827393,0.6422051191329956,0.9954536557197571,1.0184011459350586,0.48888206481933594,0.2220173180103302,0.9267609715461731,0.1331716775894165,0.18601998686790466,0.6442729830741882,0.5560824871063232,0.17750459909439087,0.27401772141456604,0.4118478298187256,0.31369298696517944,0.9041714668273926,1.1469218730926514,0.44821885228157043,1.5119926929473877,0.28090474009513855,0.10887870192527771,0.5442644953727722,0.28407081961631775,0.2880634069442749,1.1522551774978638,0.5063598155975342,0.555481493473053,0.8750117421150208,0.733947217464447,0.2363913208246231,0.3443606197834015,0.49569812417030334,1.005950689315796,0.010645928792655468,0.15530072152614594,0.5624751448631287
0.3871636390686035,0.10477598011493683,0.1881166696548462,1.2599918842315674,1.342004418373108,1.4527088403701782,0.4271816611289978,5.430694580078125,0.26789459586143494,0.8688889145851135,0.007630130276083946,0.8530310988426208,0.5382102727890015,0.00039999998989515007,0.6188563704490662,1.3509758710861206,0.01819826290011406,3.3685550689697266,0.4712793827056885,0.9018813371658325,0.07577583938837051,0.6846920847892761,0.8188289403915405,1.0444533824920654,0.889258086681366,0.3800537586212158,0.34612467885017395,0.8246779441833496,0.291151225566864,0.22908547520637512,0.9809870719909668,0.7269135117530823,0.10133882611989975,0.3140767812728882,0.22774076461791992,0.09701355546712875,0.9964258670806885,1.0721840858459473,0.7873818874359131,1.1790177822113037,0.02093442529439926,0.21230250597000122,0.8437629342079163,0.20706678926944733,0.3629593551158905,1.0265157222747803,0.2501718997955322,0.8161724805831909,0.5354065895080566,1.1741509437561035,0.17623719573020935,0.5501253604888916,0.42577940225601196,0.966758668422699,0.13386555016040802,0.12386801838874817,0.6609480977058411
0.22052767872810364,0.1275615692138672,0.15757140517234802,1.459192156791687,1.2527077198028564,1.3461322784423828,0.10789569467306137,5.5874714851379395,0.17738841474056244,0.907167375087738,0.3365430533885956,1.0979914665222168,0.2676040232181549,0.00039999998989515007,0.5596604943275452,1.0203993320465088,0.14015530049800873,3.3047659397125244,0.16258160769939423,0.7229518890380859,0.22089096903800964,0.638439953327179,0.7604542374610901,0.8335201144218445,1.070982575416565,0.7401291728019714,0.3397713601589203,1.0895485877990723,0.2948538064956665,0.0113983778283,0.8707929253578186,0.5558622479438782,0.11221513897180557,0.5690513253211975,0.8439675569534302,0.20956312119960785,0.762581467628479,1.0881649255752563,0.3938056230545044,1.4101243019104004,0.40521249175071716,0.08619802445173264,0.33403143286705017,0.10581433773040771,0.2660042643547058,1.2069875001907349,0.7156548500061035,0.4859837293624878,0.6870255470275879,0.8306214809417725,0.04394586756825447,0.46369677782058716,0.3528560996055603,0.8457483053207397,0.10219856351613998,0.13532352447509766,0.6225684285163879
0.4488462209701538,0.386902391910553,0.626072108745575,1.1692909002304077,1.5270329713821411,1.51161527633667,0.7418964505195618,5.554439067840576,0.13374027609825134,0.46563994884490967,0.8194243907928467,0.9671090841293335,0.2289310097694397,0.00039999998989515007,0.020486274734139442,1.1241449117660522,0.3859217166900635,2.8392064571380615,0.10476604104042053,0.9144550561904907,0.41211676597595215,0.23972821235656738,0.9980791807174683,0.2754603326320648,1.306626558303833,0.7706035375595093,0.1360643208026886,1.090032696723938,0.2821926176548004,0.008694959804415703,0.9975290298461914,0.9735996127128601,0.5901294350624084,0.9929341673851013,0.8083252310752869,0.29485198855400085,0.4636053740978241,0.6223495006561279,0.09795307368040085,1.6716569662094116,0.7682016491889954,0.2926221489906311,0.07666683942079544,0.609164297580719,0.1780651956796646,0.9475266933441162,0.24183018505573273,0.3825334310531616,0.6416809558868408,0.6509497165679932,0.3271975517272949,0.9346610307693481,0.2199918031692505,0.8720018267631531,0.14268934726715088,0.2420448362827301,0.9565311074256897
0.45959317684173584,0.8759444952011108,0.3311289846897125,1.0355126857757568,0.8909592628479004,1.371346354484558,0.20968036353588104,5.461145401000977,0.017823152244091034,0.6287546157836914,1.010669231414795,0.8440160155296326,0.04266918823122978,0.00039999998989515007,0.7606048583984375,1.595890760421753,0.06074019894003868,3.17207407951355,0.7273622751235962,0.99033522605896,0.13896949589252472,0.13522596657276154,0.6655229330062866,0.6431083083152771,0.06829781085252762,0.5901378393173218,0.10037219524383545,0.7846885919570923,0.17702515423297882,0.7797987461090088,1.7520909309387207,0.24513791501522064,0.969825029373169,0.05077755078673363,0.47524788975715637,0.5761948227882385,0.758419394493103,0.40714243054389954,0.5962086915969849,0.7810578346252441,0.469145804643631,0.4159672260284424,0.34782275557518005,0.7955938577651978,0.4600907266139984,0.6932535767555237,0.5914450287818909,1.1319764852523804,0.2688358426094055,0.5921317934989929,0.7892255187034607,0.8233665227890015,0.3297188878059387,1.2161413431167603,0.2992464601993561,0.6459847688674927,1.577426791191101
0.3480631709098816,0.0401998907327652,0.20970527827739716,1.4085224866867065,1.3900362253189087,1.3624377250671387,0.2573772668838501,5.637366771697998,0.0948638990521431,0.7828014492988586,0.12746506929397583,0.795285165309906,0.43872782588005066,0.00039999998989515007,0.6082131266593933,1.2199366092681885,0.010796173475682735,3.268561840057373,0.3969986140727997,0.7648652791976929,0.17696480453014374,0.7410881519317627,0.72343909740448,0.8242966532707214,1.1444734334945679,0.5843802690505981,0.2947307229042053,0.9345195293426514,0.3201536238193512,0.06105617806315422,0.6425390243530273,0.7070032954216003,0.10941353440284729,0.49115657806396484,0.4931032359600067,0.10782788693904877,0.8138651847839355,1.1995025873184204,0.47987887263298035,1.23617684841156,0.13034659624099731,0.26941534876823425,0.5122267603874207,0.06070075184106827,0.31804901361465454,1.1752277612686157,0.5811619162559509,0.5430147647857666,0.7837611436843872,0.9975355863571167,0.1863248348236084,0.5237644910812378,0.4071715176105499,0.9865633845329285,0.0515863411128521,0.07430052012205124,0.5067986845970154
0.17610782384872437,0.041899777948856354,0.3394905626773834,1.1953456401824951,0.913398265838623,1.3748770952224731,0.8535643815994263,5.341876983642578,0.25289708375930786,0.7088857889175415,0.04711758345365524,0.5089181661605835,0.9606998562812805,0.00039999998989515007,0.8823873996734619,1.5372368097305298,0.3166520297527313,3.348696708679199,0.6733134388923645,0.5571778416633606,0.2855082154273987,0.40528905391693115,0.3726791441440582,1.0816564559936523,0.8321129083633423,0.37010297179222107,0.07489926367998123,0.9562686085700989,0.29119372367858887,0.458638072013855,0.9663370847702026,0.23125331103801727,0.21734388172626495,0.07243692129850388,0.1673540472984314,0.3497087061405182,1.200917363166809,1.2383614778518677,1.1124684810638428,0.9402230978012085,0.02466951496899128,0.08280734717845917,0.8894703984260559,0.01780311018228531,0.3079819083213806,0.9548413157463074,0.18305827677249908,1.125474214553833,0.6388424634933472,0.8141458034515381,0.9534428715705872,0.29165709018707275,0.42795756459236145,1.0553206205368042,0.20513564348220825,0.471975177526474,0.9672581553459167
0.3485689163208008,0.19198577105998993,0.006215168163180351,1.4052413702011108,1.3780065774917603,1.3702706098556519,0.0522666797041893,5.740353107452393,0.05225374922156334,0.7747754454612732,0.3051183223724365,0.964116632938385,0.25224974751472473,0.00039999998989515007,0.550631582736969,1.2439829111099243,0.3170950412750244,3.3307182788848877,0.336611270904541,0.8642851710319519,0.1716693490743637,0.5593063235282898,0.7744676470756531,0.7475255727767944,0.9354526996612549,0.6097761988639832,0.24043403565883636,0.9805770516395569,0.23269350826740265,0.14593470096588135,0.756811261177063,0.6281730532646179,0.1916131228208542,0.45034778118133545,0.6344404220581055,0.2686954736709595,0.759572446346283,1.027434229850769,0.322527140378952,1.4027882814407349,0.3168884217739105,0.11923247575759888,0.3661194443702698,0.31833070516586304,0.3216126561164856,1.1367604732513428,0.4574410617351532,0.5430636405944824,0.7817195653915405,0.7474587559700012,0.1284966915845871,0.5569707751274109,0.287691205739975,0.9657028913497925,0.00015395123045891523,0.00633481377735734,0.7222821712493896
0.2214346081018448,0.0073381285183131695,0.10142028331756592,1.5452497005462646,1.0935840606689453,1.6002999544143677,0.09121446311473846,5.55896520614624,0.0754040777683258,1.0035723447799683,0.48164045810699463,0.8421044945716858,0.12744423747062683,0.00039999998989515007,0.5466830134391785,1.1832631826400757,0.46846848726272583,3.307560920715332,0.09666255861520767,0.7931733727455139,0.1508183628320694,0.5037304759025574,0.7421347498893738,0.9780580997467041,1.0102869272232056,0.3505442142486572,0.2888966202735901,1.0730067491531372,0.04082372039556503,0.39893633127212524,0.8766014575958252,0.5250516533851624,0.4197171926498413,0.40431809425354004,0.6671344041824341,0.4693349301815033,0.8004258871078491,0.8786572217941284,0.769892156124115,1.5069175958633423,0.45264241099357605,0.06790357083082199,0.5053447484970093,0.5000714659690857,0.14145606756210327,0.9185226559638977,0.42728880047798157,0.829044759273529,0.7556520700454712,0.8971786499023438,0.13166138529777527,0.41230347752571106,0.1535845696926117,0.836996853351593,0.0501369945704937,0.3230905532836914,0.8271240592002869
0.3281756043434143,0.07457975298166275,0.1398899406194687,1.4712748527526855,1.2850713729858398,1.3633102178573608,0.03681321442127228,5.610860824584961,0.08407816290855408,0.8956320881843567,0.3759586811065674,0.9819128513336182,0.2593482434749603,0.00039999998989515007,0.5298783779144287,1.093007206916809,0.15408611297607422,3.2572195529937744,0.2316392958164215,0.7418308854103088,0.3048207759857178,0.7053390145301819,0.7659152150154114,0.819239616394043,1.1534628868103027,0.7305479645729065,0.3065725862979889,0.9838607311248779,0.3382914364337921,0.027205049991607666,0.8018617033958435,0.5909420847892761,0.10357106477022171,0.5629995465278625,0.8079103827476501,0.2534931004047394,0.815950334072113,1.1063591241836548,0.38113680481910706,1.3811429738998413,0.38795965909957886,0.20251186192035675,0.3676609396934509,0.12249697744846344,0.19738662242889404,1.183141827583313,0.7185835242271423,0.4589982330799103,0.6797130107879639,0.9100046157836914,0.011994419619441032,0.519102156162262,0.28061413764953613,0.805792510509491,0.05446822941303253,0.07416358590126038,0.6174849271774292
0.3812118172645569,0.1619403213262558,0.25614264607429504,1.3114571571350098,1.1606518030166626,1.312730073928833,0.1413649171590805,5.434441566467285,0.24475866556167603,1.001302719116211,0.5649058818817139,1.064538836479187,0.18032214045524597,0.00039999998989515007,0.49160313606262207,0.8870258927345276,0.35156503319740295,3.3101911544799805,0.06233415752649307,0.5567144751548767,0.37526461482048035,0.9228054285049438,0.8105254769325256,1.0414093732833862,1.1740998029708862,0.6754904985427856,0.25523898005485535,0.9861958622932434,0.3649170696735382,0.21534554660320282,0.7903071045875549,0.4986269772052765,0.014230177737772465,0.5507163405418396,0.8208281993865967,0.11125612258911133,0.9278550744056702,1.038138747215271,0.5872634053230286,1.4173027276992798,0.5363173484802246,0.21873058378696442,0.5887720584869385,0.04019204527139664,0.020801512524485588,1.1769293546676636,0.8600848913192749,0.5307883620262146,0.5730414986610413,1.1618493795394897,0.23463736474514008,0.23559048771858215,0.1175704300403595,0.6235490441322327,0.13013708591461182,0.14502806961536407,0.6199190616607666
0.28773176670074463,0.18686966598033905,0.07512390613555908,1.4679292440414429,1.3190416097640991,1.4181852340698242,0.07002170383930206,5.659429550170898,0.0376075841486454,0.8472318053245544,0.3193172812461853,0.9728901386260986,0.3151429295539856,0.00039999998989515007,0.5814718008041382,1.1813960075378418,0.18671371042728424,3.238481044769287,0.28865137696266174,0.8199060559272766,0.2014910876750946,0.6825540065765381,0.7465901374816895,0.8218702077865601,1.0805039405822754,0.6640895009040833,0.2664087116718292,0.9991371035575867,0.2684619724750519,0.11890407651662827,0.8231534361839294,0.6449413895606995,0.11456259340047836,0.5091912746429443,0.5999751687049866,0.23624517023563385,0.8101716637611389,1.044192910194397,0.41078656911849976,1.3780251741409302,0.32032984495162964,0.09560582786798477,0.41206443309783936,0.21411176025867462,0.2875915765762329,1.1038544178009033,0.5006628632545471,0.5666614174842834,0.7411382794380188,0.9264643788337708,0.12833084166049957,0.5683069229125977,0.283779114484787,0.9850462079048157,0.013782082125544548,0.0347159206867218,0.6517500281333923
0.4475797712802887,0.1346043050289154,0.07717752456665039,1.3558249473571777,1.2803982496261597,1.3666648864746094,0.1043015792965889,5.5557861328125,0.12166938185691833,0.8838256597518921,0.623275637626648,1.046933889389038,0.08119381219148636,0.00039999998989515007,0.32349899411201477,0.9392143487930298,0.08645753562450409,3.215752601623535,0.16433921456336975,0.7520010471343994,0.4434497356414795,0.6412001252174377,0.8999425172805786,0.7645979523658752,1.1601704359054565,0.7567209005355835,0.48849403858184814,0.989358127117157,0.3878794312477112,0.13969647884368896,0.8442329168319702,0.4947492480278015,0.0026875631883740425,0.5800546407699585,0.9322075247764587,0.2681335508823395,0.7727929353713989,1.2226886749267578,0.3980182707309723,1.2878245115280151,0.4257625937461853,0.49387091398239136,0.40832650661468506,0.04307160526514053,0.1413317620754242,1.3220553398132324,0.7404978275299072,0.37044620513916016,0.5992394089698792,0.9709736108779907,0.014899483881890774,0.6344377398490906,0.12160676717758179,0.6164219975471497,0.004837031476199627,0.06662757694721222,0.6593711972236633
0.13714991509914398,0.09777438640594482,0.1823275238275528,1.7734627723693848,1.103182315826416,1.4031730890274048,0.15882283449172974,5.551251411437988,0.46673211455345154,0.8244067430496216,0.12082498520612717,0.760379433631897,0.3484056293964386,0.00039999998989515007,0.6813489198684692,0.8592614531517029,0.13636785745620728,3.2899668216705322,0.027112791314721107,0.47840020060539246,0.21149122714996338,0.48999813199043274,0.45516401529312134,0.8568320870399475,1.1834319829940796,0.4697025418281555,0.20563212037086487,1.3229987621307373,0.009935599751770496,0.09085354954004288,0.4865444302558899,0.633220911026001,0.13207459449768066,0.5559892058372498,0.9261546730995178,0.4553913176059723,0.5654544830322266,1.1466678380966187,0.5276992917060852,1.4969675540924072,0.381857305765152,0.33200329542160034,0.17115049064159393,0.24921025335788727,0.1432042121887207,1.0630635023117065,0.853687047958374,0.6613830924034119,1.0179412364959717,0.4824616312980652,0.1473488062620163,0.1387307196855545,0.7079778909683228,1.021681785583496,0.07031296193599701,0.24560029804706573,0.5337794423103333
0.28174248337745667,0.17595773935317993,0.05138999968767166,1.2718048095703125,1.5886564254760742,1.419318437576294,0.5292451977729797,5.428947448730469,0.229060098528862,0.5350280404090881,0.025081833824515343,0.9308432340621948,0.4515630304813385,0.00039999998989515007,0.22637096047401428,1.178931713104248,0.05800677463412285,3.0342280864715576,0.2905529737472534,0.9403547644615173,0.02793457917869091,0.2687595784664154,0.8757479190826416,0.6399406790733337,1.2183597087860107,0.5319072008132935,0.7006477117538452,1.2057406902313232,0.12053730338811874,0.40798211097717285,0.5400818586349487,0.6296162605285645,0.33340737223625183,0.3992396593093872,0.1913159042596817,0.0620650015771389,0.7216094136238098,1.3392375707626343,0.37281379103660583,1.375664234161377,0.01986619457602501,0.5705075860023499,0.48860296607017517,0.06345498561859131,0.6142686009407043,1.377959132194519,0.37476348876953125,0.4363674819469452,1.0365999937057495,0.772016704082489,0.4393775463104248,0.8314489722251892,0.5389164686203003,1.0500962734222412,0.1023726761341095,0.5627180933952332,0.4039997160434723
0.212561696767807,0.23569519817829132,0.12366337329149246,1.1888625621795654,1.0965696573257446,1.1849559545516968,0.4977528750896454,5.602537631988525,0.4293384552001953,0.724704384803772,0.5353769659996033,0.5607999563217163,0.4702739715576172,0.00039999998989515007,0.9634730219841003,1.4273337125778198,0.3338421881198883,3.3008792400360107,0.6126922369003296,0.5063255429267883,0.03354476019740105,0.5580410957336426,0.3145584762096405,0.8094387650489807,0.746967613697052,0.6142152547836304,0.08153174817562103,0.8173061013221741,0.29676124453544617,0.6260485649108887,1.1431591510772705,0.1299877017736435,0.5655988454818726,0.04905082657933235,0.48598992824554443,0.3168005347251892,1.0312801599502563,1.0254262685775757,0.8212499618530273,0.9992615580558777,0.5791668891906738,0.20426960289478302,0.6487928628921509,0.18129009008407593,0.38643231987953186,0.9308962225914001,0.11072524636983871,1.036027193069458,0.5704873204231262,0.8200581669807434,0.92818284034729,0.5385025143623352,0.0029103083070367575,1.2497880458831787,0.2792431116104126,0.5287110209465027,1.1157715320587158
0.4889078736305237,0.6773555874824524,0.18768544495105743,1.2607123851776123,1.2473293542861938,1.242323637008667,0.48912957310676575,5.741106986999512,0.20841094851493835,0.7002879977226257,0.5365749001502991,1.3836058378219604,0.05088132992386818,0.00039999998989515007,0.15939640998840332,0.8342464566230774,0.4013519883155823,3.1043174266815186,0.29419752955436707,1.0575459003448486,0.3489556908607483,0.5234463214874268,1.1076490879058838,0.5605873465538025,0.7922427654266357,0.9785240888595581,0.23997242748737335,0.7115827798843384,0.6580599546432495,0.1903318166732788,1.2326934337615967,0.7356432676315308,0.41847243905067444,0.6755552887916565,0.9115422368049622,0.34048357605934143,0.6280781030654907,0.9690356254577637,0.22282806038856506,1.3074562549591064,0.4350818395614624,0.22653129696846008,0.07347940653562546,0.40346863865852356,0.22688399255275726,1.2259974479675293,0.37098002433776855,0.05897236615419388,0.3110864758491516,0.5329715609550476,0.09148435294628143,0.8435635566711426,0.11960596591234207,0.7336797714233398,0.22138285636901855,0.012524341233074665,0.7836064100265503
0.2644912898540497,0.1760370433330536,0.1433887481689453,1.522822380065918,1.282971978187561,1.3717782497406006,0.08377647399902344,5.626439094543457,0.06458085775375366,0.8761778473854065,0.293241947889328,1.0077180862426758,0.3172563314437866,0.00039999998989515007,0.5828151702880859,1.1321467161178589,0.08252996951341629,3.263732671737671,0.2711077034473419,0.7888868451118469,0.23885716497898102,0.6617451310157776,0.7421948909759521,0.8076668381690979,1.061953067779541,0.7248966693878174,0.317434161901474,0.9976557493209839,0.33062419295310974,0.007841385900974274,0.8489705324172974,0.5955631136894226,0.11212248355150223,0.5158374905586243,0.7643170356750488,0.3053276538848877,0.8207686543464661,1.1328176259994507,0.3696991503238678,1.329781174659729,0.3113057017326355,0.11976603418588638,0.3315446376800537,0.157974973320961,0.2540205121040344,1.1617918014526367,0.6302531957626343,0.4840537905693054,0.6900704503059387,0.855911374092102,0.14973069727420807,0.5600025653839111,0.3554352819919586,0.8818432688713074,0.13700617849826813,0.08523600548505783,0.6039273142814636
0.1926148533821106,0.2349264919757843,0.14383138716220856,1.6154934167861938,1.2059296369552612,1.4470720291137695,0.18779027462005615,5.668381690979004,0.04169069230556488,0.9331218004226685,0.10700355470180511,0.8956851959228516,0.44305574893951416,0.00039999998989515007,0.740213930606842,1.1669883728027344,0.08443716168403625,3.3613853454589844,0.31325265765190125,0.8364170789718628,0.0837073102593422,0.4577099084854126,0.5529946088790894,0.8989273905754089,0.8729323148727417,0.5388492345809937,0.40419724583625793,0.9932560324668884,0.14331336319446564,0.04834534600377083,0.7618962526321411,0.4987102746963501,0.09336471557617188,0.26034629344940186,0.5746699571609497,0.4349830448627472,0.7608111500740051,1.1195329427719116,0.4429098069667816,1.3281053304672241,0.1780601590871811,0.13369238376617432,0.40211424231529236,0.2725781202316284,0.36432692408561707,1.1286606788635254,0.4676724672317505,0.6164605021476746,0.8111167550086975,0.6617910861968994,0.3239423334598541,0.5167269110679626,0.5917094945907593,0.9836013913154602,0.26146364212036133,0.23287732899188995,0.6183793544769287
0.3118433356285095,0.09311455488204956,0.12328576296567917,1.4443658590316772,1.3449156284332275,1.3523938655853271,0.0800907239317894,5.636083602905273,0.056866977363824844,0.820303201675415,0.29704156517982483,0.9574692845344543,0.31835925579071045,0.00039999998989515007,0.5234833359718323,1.1160213947296143,0.1553400307893753,3.2316179275512695,0.2651897966861725,0.7420511245727539,0.25757497549057007,0.7012655138969421,0.7546465992927551,0.800214409828186,1.180655837059021,0.7144119143486023,0.2766335606575012,0.9868161678314209,0.3043363094329834,0.02534371241927147,0.7497363686561584,0.6238047480583191,0.08586321771144867,0.54755699634552,0.6967626214027405,0.21646642684936523,0.8330923914909363,1.1357920169830322,0.36415064334869385,1.4030256271362305,0.3633975088596344,0.20194154977798462,0.387951135635376,0.11916295439004898,0.2494385987520218,1.1946125030517578,0.662040650844574,0.45997199416160583,0.7492219805717468,0.8950637578964233,0.09871978312730789,0.5307366251945496,0.308450311422348,0.8942767977714539,0.01736707054078579,0.001757433987222612,0.590056836605072
0.03007841296494007,0.03906680643558502,0.32277753949165344,1.4392796754837036,1.3697925806045532,1.1521333456039429,0.3892064690589905,5.582278728485107,0.17833541333675385,0.835247814655304,0.0008480676915496588,0.9821594953536987,0.37610289454460144,0.00039999998989515007,0.6394645571708679,0.8773268461227417,0.2613952159881592,3.359304904937744,0.14019130170345306,0.5490577816963196,0.21705181896686554,0.740658164024353,0.6162676811218262,0.7396370768547058,1.173145055770874,0.7077253460884094,0.34975916147232056,0.9861268997192383,0.3801349401473999,0.09691976755857468,0.6972436904907227,0.78562992811203,0.15964823961257935,0.7272071838378906,0.8860424160957336,0.02252337709069252,0.6030735373497009,1.2371838092803955,0.3926505148410797,1.279175877571106,0.32240161299705505,0.13802945613861084,0.33195826411247253,0.049885641783475876,0.3131876587867737,1.1617451906204224,0.8278101682662964,0.4410948157310486,0.6166209578514099,0.8706443309783936,0.04303987696766853,0.46602359414100647,0.6240977644920349,0.945203423500061,0.18420179188251495,0.056962769478559494,0.36517828702926636
0.25008437037467957,0.029405318200588226,0.13461878895759583,1.3622082471847534,1.5701881647109985,1.5282137393951416,0.16663119196891785,5.56716251373291,0.1493494212627411,0.7054489254951477,0.35066765546798706,0.8020778298377991,0.28423628211021423,0.00039999998989515007,0.5210862755775452,1.3536585569381714,0.018180230632424355,3.100862741470337,0.2531275749206543,0.7990387082099915,0.20571503043174744,0.5590399503707886,0.6709498167037964,0.6289955973625183,1.3189563751220703,0.5952107310295105,0.28149518370628357,1.1433475017547607,0.1450243592262268,0.096375472843647,0.7346358299255371,0.8453896641731262,0.01502978429198265,0.6933495402336121,0.43791937828063965,0.11023341864347458,0.7147772312164307,0.9511938095092773,0.5494224429130554,1.4797718524932861,0.40211954712867737,0.22465407848358154,0.40535277128219604,0.197450190782547,0.3300185799598694,0.9413158297538757,0.34021270275115967,0.7333182692527771,0.8095391988754272,1.0380735397338867,0.06631385535001755,0.7697228789329529,0.17096295952796936,1.1208605766296387,0.03763480857014656,0.21350671350955963,0.7032380104064941
0.3560391068458557,0.11880950629711151,0.21232451498508453,1.3800408840179443,1.1820569038391113,1.4608721733093262,0.2937970757484436,5.457930088043213,0.0304277241230011,1.122199296951294,0.5224964022636414,1.0984278917312622,0.19708143174648285,0.00039999998989515007,0.5720760822296143,1.0110816955566406,0.2059721201658249,3.269413709640503,0.11718011647462845,0.7793889045715332,0.249098002910614,0.8219347596168518,0.8275747895240784,1.0293266773223877,1.0419933795928955,0.6241170167922974,0.47148022055625916,1.0326650142669678,0.3450208008289337,0.14048807322978973,0.8938098549842834,0.4958900511264801,0.11206299811601639,0.4934646189212799,0.6330739259719849,0.042987365275621414,0.8089944124221802,0.9891195893287659,0.6388729810714722,1.3228952884674072,0.3282420039176941,0.2279592752456665,0.6497389078140259,0.02185022458434105,0.2203391045331955,1.145933747291565,0.6438544392585754,0.6138646602630615,0.5590639114379883,1.2325294017791748,0.13550812005996704,0.4665358364582062,0.149526447057724,0.7434767484664917,0.04507432505488396,0.12162481248378754,0.6052921414375305
0.26634103059768677,0.10533247888088226,0.08006506413221359,1.4334853887557983,1.076206922531128,1.2379785776138306,0.12933959066867828,5.6869587898254395,0.22371920943260193,0.8287820219993591,0.659523606300354,1.211314082145691,0.04934334382414818,0.00039999998989515007,0.25963035225868225,0.7698829174041748,0.08529989421367645,3.3044135570526123,0.03777199983596802,0.6285209059715271,0.5419984459877014,0.45521071553230286,0.8267080187797546,0.5917918682098389,1.137286901473999,0.8812441229820251,0.5280693173408508,0.9754867553710938,0.39671817421913147,0.21506915986537933,0.7929157018661499,0.49976953864097595,0.2099756896495819,0.7078980803489685,1.333164930343628,0.4139981269836426,0.5679575800895691,1.2562652826309204,0.21650105714797974,1.2003222703933716,0.4749625623226166,0.43550804257392883,0.03541738539934158,0.022780053317546844,0.050840213894844055,1.304674506187439,0.8517404198646545,0.1578187197446823,0.5308675169944763,0.7213516235351562,0.12724772095680237,0.6175792217254639,0.15273624658584595,0.42103779315948486,0.06127273291349411,0.012362110428512096,0.5987027883529663
0.39868807792663574,0.3201417922973633,0.2741885185241699,1.6374800205230713,1.0304685831069946,1.5041989088058472,0.15148721635341644,5.4541120529174805,0.7210837602615356,1.262990951538086,0.22290755808353424,0.8593482971191406,0.7601866722106934,0.00039999998989515007,0.8815554976463318,1.4381576776504517,0.36293086409568787,3.2760822772979736,0.5669531226158142,1.1972978115081787,0.02156522311270237,0.8577352166175842,0.6865421533584595,1.1644670963287354,0.6142857074737549,0.4472366273403168,0.27893248200416565,0.6221514344215393,0.6021899580955505,0.24108564853668213,0.8188850283622742,0.7082521319389343,0.1460273116827011,0.21914425492286682,0.22476255893707275,0.2827969491481781,0.8309335708618164,0.8178814053535461,0.35606589913368225,1.1540113687515259,0.2541694939136505,0.08980780094861984,0.6877514123916626,0.3978831171989441,0.22958174347877502,0.6931803226470947,0.3897069990634918,0.6596097946166992,0.3910732865333557,0.9028657078742981,0.05034622922539711,0.5075772404670715,0.6530153155326843,0.8608128428459167,0.38754990696907043,0.3408815860748291,0.5012297630310059
0.6319320797920227,0.11491675674915314,0.11986783146858215,1.0308191776275635,0.9710898399353027,1.4202297925949097,0.25531893968582153,5.50615930557251,0.23724119365215302,0.9583287239074707,1.1339967250823975,1.5396137237548828,0.32637542486190796,0.00039999998989515007,0.02306424267590046,0.6433058381080627,0.26438260078430176,3.097776174545288,0.07251700758934021,0.9257130026817322,0.6021136045455933,0.5050841569900513,1.2316888570785522,0.6134055256843567,0.90406733751297,0.9466127753257751,0.7109016180038452,0.8473712205886841,0.7281582951545715,0.2258414775133133,1.2138558626174927,0.5177909135818481,0.13533850014209747,0.8065915107727051,1.0899693965911865,0.12153667956590652,0.4878111779689789,0.9727323055267334,0.2330842912197113,1.021788239479065,0.4150604009628296,0.7481043934822083,0.23780977725982666,0.06836606562137604,0.03315393626689911,1.30699622631073,0.48837047815322876,0.07900912314653397,0.10366237908601761,1.1193512678146362,0.41813817620277405,0.8603522777557373,0.38915401697158813,0.1586633324623108,0.05618703365325928,0.11345651000738144,0.7337029576301575
0.510877788066864,0.6717870831489563,0.16552245616912842,1.2408356666564941,1.2796688079833984,1.2908265590667725,0.5088928937911987,5.697147846221924,0.19625122845172882,0.6878299117088318,0.5693554282188416,1.368948221206665,0.04781440645456314,0.00039999998989515007,0.18872517347335815,0.9036387205123901,0.40625959634780884,3.086211919784546,0.2926400303840637,1.0326273441314697,0.32665929198265076,0.5598847270011902,1.1172372102737427,0.5937814116477966,0.8591839671134949,0.9747440814971924,0.2008252888917923,0.7858281135559082,0.6391722559928894,0.12468837201595306,1.2375823259353638,0.7799372673034668,0.403393030166626,0.7169713377952576,0.8507287502288818,0.2774015963077545,0.6656025052070618,0.8881500959396362,0.14967899024486542,1.3504616022109985,0.44680139422416687,0.19945605099201202,0.08645366877317429,0.40625953674316406,0.23814326524734497,1.218206524848938,0.3748754858970642,0.1223999559879303,0.35823437571525574,0.633542537689209,0.004838306922465563,0.7901376485824585,0.08205243200063705,0.7677134275436401,0.1357283890247345,0.009589740075170994,0.7922664880752563
0.29821521043777466,0.1116185262799263,0.1376204937696457,1.4575836658477783,1.2921786308288574,1.357326865196228,0.0747479647397995,5.6248369216918945,0.07527680695056915,0.8902368545532227,0.3454650640487671,1.0102859735488892,0.2828320562839508,0.00039999998989515007,0.5437560677528381,1.092342734336853,0.13887308537960052,3.2615303993225098,0.2391355335712433,0.7569347023963928,0.25962069630622864,0.6850297451019287,0.7613769173622131,0.8166983127593994,1.1194664239883423,0.7359644770622253,0.3160632848739624,0.9919366836547852,0.31293347477912903,0.026507416740059853,0.8385733962059021,0.581411600112915,0.11307863146066666,0.5406212210655212,0.7745989561080933,0.2354373186826706,0.8114513158798218,1.1060320138931274,0.3797608017921448,1.3831627368927002,0.3841722905635834,0.17234385013580322,0.3731451630592346,0.1339133232831955,0.24131038784980774,1.1826598644256592,0.663788378238678,0.4708605408668518,0.6767469048500061,0.8959723114967346,0.0631096214056015,0.544100821018219,0.29642611742019653,0.8483547568321228,0.08228816837072372,0.08266104012727737,0.6256942749023438
0.023077158257365227,0.04055749252438545,0.22729909420013428,1.5318106412887573,1.2661633491516113,1.1940199136734009,0.11127028614282608,5.48594331741333,0.37506183981895447,0.892149806022644,0.31487005949020386,1.151337742805481,0.17530733346939087,0.00039999998989515007,0.5700839161872864,0.7811301350593567,0.02889697626233101,3.287255048751831,0.0511457622051239,0.5109127759933472,0.38964223861694336,0.774387776851654,0.6580069661140442,0.7531605958938599,1.2251896858215332,0.8188942074775696,0.3434828221797943,1.0628684759140015,0.42120739817619324,0.06180799752473831,0.7651965022087097,0.6440362334251404,0.046625860035419464,0.7618618011474609,1.0940444469451904,0.19473357498645782,0.6816337704658508,1.1448686122894287,0.3282770812511444,1.4001017808914185,0.5672050714492798,0.03508741036057472,0.1749863475561142,0.002067695604637265,0.1701953411102295,1.1474566459655762,0.9252387881278992,0.39294445514678955,0.6652266979217529,0.8993900418281555,0.12703251838684082,0.40833455324172974,0.4399412274360657,0.8015770316123962,0.18438465893268585,0.09961914271116257,0.39302101731300354
0.09896043688058853,0.4585323929786682,0.05034782737493515,1.5676907300949097,1.2083580493927002,1.3498839139938354,0.046962909400463104,5.791003227233887,0.08140330016613007,0.852973997592926,0.1890726089477539,1.0934858322143555,0.2693428695201874,0.00039999998989515007,0.5487529039382935,1.0791722536087036,0.48573851585388184,3.2708771228790283,0.18694941699504852,0.8970741033554077,0.017171166837215424,0.45405492186546326,0.7160026431083679,0.8177008032798767,0.8708804845809937,0.5771270990371704,0.2911205291748047,0.9766417741775513,0.055842652916908264,0.16095367074012756,0.8094393014907837,0.5522511601448059,0.37092670798301697,0.34623056650161743,0.5829322338104248,0.34206804633140564,0.693702757358551,0.9908012747764587,0.2635713219642639,1.5131915807724,0.3282095789909363,0.14343573153018951,0.32162266969680786,0.4882351756095886,0.42467421293258667,1.0802719593048096,0.3554713726043701,0.5016360282897949,0.8129549026489258,0.5719257593154907,0.21295076608657837,0.5762298703193665,0.39191627502441406,1.080003023147583,0.04771392047405243,0.14157485961914062,0.6689095497131348
0.20827403664588928,0.23595167696475983,0.12193265557289124,1.1949938535690308,1.094284176826477,1.188955545425415,0.49336811900138855,5.603521347045898,0.42890286445617676,0.728167712688446,0.5328750014305115,0.5599310398101807,0.46897968649864197,0.00039999998989515007,0.9631396532058716,1.4358251094818115,0.3386857509613037,3.301417589187622,0.6140691637992859,0.5068596601486206,0.02592303231358528,0.5571389198303223,0.31006014347076416,0.8009021878242493,0.7479037046432495,0.617309033870697,0.07757873833179474,0.8119770884513855,0.29290443658828735,0.6219614148139954,1.1423207521438599,0.13307876884937286,0.56538325548172,0.053111493587493896,0.48585280776023865,0.3195326030254364,1.027584433555603,1.0256569385528564,0.8217567205429077,0.9949273467063904,0.5777209401130676,0.20417770743370056,0.6470393538475037,0.1832195520401001,0.3839225471019745,0.9325418472290039,0.1090640276670456,1.0429975986480713,0.568074643611908,0.8235884308815002,0.9225015044212341,0.5466316342353821,0.0022349946666508913,1.2470484972000122,0.28191235661506653,0.5324347019195557,1.108719825744629
0.3707178831100464,0.21712183952331543,0.2960326075553894,1.458127498626709,1.118411898612976,1.5186948776245117,0.30436399579048157,5.292669773101807,0.05154528468847275,1.1456302404403687,0.6045407652854919,1.0780909061431885,0.1683880090713501,0.00039999998989515007,0.6074056625366211,1.0424890518188477,0.059973910450935364,3.2590079307556152,0.09040724486112595,0.7413050532341003,0.33698493242263794,0.8534734845161438,0.8327425718307495,1.060932993888855,1.0752668380737305,0.6287863254547119,0.5334174633026123,1.1369175910949707,0.44159749150276184,0.10001572966575623,0.8815721869468689,0.5029723644256592,0.2358720302581787,0.5512208938598633,0.7486480474472046,0.13807903230190277,0.8200858235359192,0.9923962354660034,0.7202256321907043,1.2032458782196045,0.2550659775733948,0.24716085195541382,0.5764032602310181,0.10986136645078659,0.13521751761436462,1.1290379762649536,0.7621665000915527,0.6682655811309814,0.5851406455039978,1.3311750888824463,0.20768848061561584,0.395381897687912,0.18804454803466797,0.6496157050132751,0.052464086562395096,0.11069981008768082,0.5612272620201111
0.24862033128738403,0.23995058238506317,0.06220051273703575,1.0847820043563843,1.1831623315811157,1.1733908653259277,0.3151087164878845,5.690690517425537,0.38077422976493835,0.5848722457885742,0.5893731713294983,0.4877941608428955,0.31813356280326843,0.00039999998989515007,0.9202945232391357,1.4883925914764404,0.140886589884758,3.3328847885131836,0.6464988589286804,0.5391823053359985,0.08253174275159836,0.449147492647171,0.34299805760383606,0.7027866840362549,0.598448634147644,0.46474510431289673,0.17867149412631989,0.789317786693573,0.4009900987148285,0.7960203289985657,1.058415412902832,0.1830696165561676,0.7208340764045715,0.007558855228126049,0.3774283230304718,0.30167102813720703,0.9373629689216614,0.9216298460960388,0.8036338686943054,1.0350587368011475,0.6231313943862915,0.2499147653579712,0.6340205669403076,0.3943519592285156,0.45206695795059204,0.9000060558319092,0.1076003760099411,1.106868863105774,0.6832776069641113,0.7194984555244446,0.9089096188545227,0.5368649363517761,0.10554799437522888,1.3664473295211792,0.11533713340759277,0.4529390037059784,1.204272747039795
0.29726988077163696,0.05726970359683037,0.45057323575019836,1.6508164405822754,1.2129842042922974,1.2410341501235962,0.19568394124507904,5.493644714355469,0.37449678778648376,0.943394124507904,0.4681279957294464,0.7493553757667542,0.8052025437355042,0.00039999998989515007,0.7793487310409546,1.2243108749389648,0.15349966287612915,3.305171251296997,0.47682061791419983,0.8637381196022034,0.1246120035648346,0.9550172090530396,0.6295909285545349,1.0124245882034302,0.9917852282524109,0.5135091543197632,0.24502849578857422,0.6526351571083069,0.679277241230011,0.0041258689016103745,0.37339869141578674,0.8079908490180969,0.3152359426021576,0.3685455024242401,0.3999749720096588,0.23107869923114777,0.8578441143035889,1.2106114625930786,0.21522125601768494,1.1518378257751465,0.23863783478736877,0.09304876625537872,0.4844715893268585,0.12850269675254822,0.2057013213634491,0.9674776196479797,0.8084399700164795,0.3769688606262207,0.717258095741272,0.8387805819511414,0.0706680491566658,0.31009554862976074,0.9102038741111755,0.8611667156219482,0.20961999893188477,0.02394627220928669,0.10579142719507217
0.387809157371521,0.09989544004201889,0.057716429233551025,1.3485063314437866,1.2301545143127441,1.5154930353164673,0.21995723247528076,5.5606160163879395,0.21091628074645996,0.9822998046875,0.32770925760269165,1.008912444114685,0.3634299337863922,0.00039999998989515007,0.5674121379852295,1.2485082149505615,0.1542828232049942,3.3159050941467285,0.36382952332496643,0.9570179581642151,0.08926167339086533,0.6406217813491821,0.8411421179771423,0.9721976518630981,0.8632243275642395,0.5452114343643188,0.3570959270000458,0.8894123435020447,0.29697924852371216,0.1898026466369629,1.1072380542755127,0.6077718138694763,0.09499259293079376,0.3817459046840668,0.4740395247936249,0.23980015516281128,0.8995255827903748,1.0003643035888672,0.6333757638931274,1.2606377601623535,0.21912463009357452,0.15697993338108063,0.6744587421417236,0.25156283378601074,0.2677798271179199,1.02447509765625,0.28874093294143677,0.7279647588729858,0.4590400159358978,1.0481288433074951,0.15098777413368225,0.6438584923744202,0.22009429335594177,0.8729692697525024,0.17346985638141632,0.19975371658802032,0.8191730380058289
0.323252409696579,0.10891830921173096,0.11553408950567245,1.4498933553695679,1.3163394927978516,1.3672488927841187,0.09349994361400604,5.656711101531982,0.0018933323444798589,0.8789440989494324,0.30431804060935974,0.9653856158256531,0.32143014669418335,0.00039999998989515007,0.5429048538208008,1.1383665800094604,0.15165476500988007,3.2528131008148193,0.28292134404182434,0.7916497588157654,0.2407759577035904,0.6770119667053223,0.7537763118743896,0.8105874061584473,1.116263508796692,0.7083830237388611,0.30926358699798584,0.9557433128356934,0.3020772337913513,0.029119344428181648,0.8058226704597473,0.5943024158477783,0.09893979132175446,0.5106202960014343,0.6987218260765076,0.22869092226028442,0.8187416791915894,1.119890809059143,0.3727085292339325,1.3791435956954956,0.34234654903411865,0.20338629186153412,0.41287288069725037,0.1431495100259781,0.2571934759616852,1.1724443435668945,0.6259118318557739,0.4743064343929291,0.682559609413147,0.8816696405410767,0.1118432953953743,0.5759791731834412,0.3003250062465668,0.8737428784370422,0.07888779044151306,0.0534190759062767,0.629619836807251
0.36687028408050537,0.00026081089163199067,0.0933494120836258,1.3403851985931396,1.1916109323501587,1.3452657461166382,0.0011719361646100879,5.6988139152526855,0.06474967300891876,0.8183804154396057,0.5573927164077759,1.0957649946212769,0.10853322595357895,0.00039999998989515007,0.3162066340446472,0.9929555654525757,0.034972235560417175,3.2547526359558105,0.10035431385040283,0.6842964887619019,0.45494261384010315,0.5082898736000061,0.8202102184295654,0.6148867011070251,1.2489372491836548,0.8468929529190063,0.5228636860847473,0.9719805717468262,0.3716464042663574,0.17315718531608582,0.7439960241317749,0.5199339985847473,0.1251901090145111,0.6655399799346924,1.0198414325714111,0.2565307021141052,0.6939992904663086,1.2674092054367065,0.3461378812789917,1.2156062126159668,0.3698376417160034,0.5555437803268433,0.2137342393398285,0.0625261515378952,0.12990272045135498,1.313266396522522,0.7485572099685669,0.23840710520744324,0.6028990149497986,0.9244658946990967,0.08255945891141891,0.6760241985321045,0.08505206555128098,0.49874693155288696,0.007566550746560097,0.10916639119386673,0.5773351192474365
0.22711916267871857,0.15196086466312408,0.14136455953121185,1.4695971012115479,1.263263463973999,1.3365169763565063,0.06598228961229324,5.603022575378418,0.14164049923419952,0.8912655711174011,0.365055114030838,1.1149907112121582,0.24844205379486084,0.00039999998989515007,0.5635966658592224,1.0189439058303833,0.18060287833213806,3.29911732673645,0.15101458132266998,0.7247411608695984,0.2570377588272095,0.6952141523361206,0.7594362497329712,0.8308887481689453,1.0674196481704712,0.7415372133255005,0.3157768249511719,1.0547542572021484,0.3359380066394806,0.04678266867995262,0.8438747525215149,0.5817609429359436,0.11061851680278778,0.5733119249343872,0.8146503567695618,0.2282925844192505,0.7790918350219727,1.0799967050552368,0.3692986071109772,1.3960460424423218,0.41161084175109863,0.07152102887630463,0.3215528130531311,0.11976876854896545,0.24651585519313812,1.1758902072906494,0.6863390207290649,0.4799269139766693,0.7018147110939026,0.8773066401481628,0.031941890716552734,0.46598440408706665,0.3220948874950409,0.8637324571609497,0.08094754070043564,0.09041847288608551,0.592506468296051
0.16273455321788788,0.21357865631580353,0.12851157784461975,1.3708032369613647,1.5423482656478882,1.4134583473205566,0.5162667632102966,5.457652568817139,0.056963562965393066,0.5197867751121521,0.07414600253105164,0.9147268533706665,0.33127549290657043,0.00039999998989515007,0.15243810415267944,1.0095999240875244,0.27532967925071716,3.063518524169922,0.1971239596605301,0.8923841118812561,0.13557927310466766,0.10517515242099762,0.8316464424133301,0.47265252470970154,1.2253546714782715,0.5733522176742554,0.7816216349601746,1.28253972530365,0.13479289412498474,0.6006004214286804,0.5816792845726013,0.6550061106681824,0.31298550963401794,0.5462404489517212,0.5884476900100708,0.2558060586452484,0.506539523601532,1.451425313949585,0.3146066665649414,1.3035457134246826,0.07195045053958893,0.5966776013374329,0.27800825238227844,0.07701555639505386,0.49793511629104614,1.3550938367843628,0.4782375395298004,0.3993702828884125,0.9462245106697083,0.5473662614822388,0.49102482199668884,0.9276816248893738,0.6073583364486694,0.9546491503715515,0.0411006323993206,0.5363171696662903,0.4820837080478668
