E_0,L_0,P_0,M_s_0,M_e_0,M_i_0,H_s_0,H_e_0,H_i_0,H_r_0,C,sigma,gamma,mu_H,beta_M,beta_H,theta_M,theta_H,alpha_b,alpha_E,alpha_L,alpha_P,a_b,a_E,a_L,a_P,c_E,c_L,c_P,c_M,d_E,d_L,d_P,d_M,T_b_max,T_E_max,T_L_max,T_P_max,T_E_min,T_L_min,T_P_min,T_M_min,R_b,R_E,R_L,R_P,r_b,r_E,r_L,r_P,s_b,s_E,s_L,s_P,e_E,e_L,e_P
0.4855964779853821,0.7443291544914246,0.9352371692657471,0.9470031261444092,0.13589544594287872,0.6673353314399719,0.437560111284256,1.0763977766036987,0.14167003333568573,2.029824733734131,1.5809950828552246,0.25103357434272766,2.897977828979492,0.00039999998989515007,0.04735739156603813,0.8347417116165161,0.2724831700325012,0.5375508069992065,0.15200629830360413,1.5664336681365967,0.10626881569623947,0.05989646911621094,0.7309163808822632,0.8714548349380493,0.38229644298553467,0.4459642469882965,1.058100938796997,0.7049857378005981,1.7109105587005615,0.391038715839386,1.3674336671829224,0.6119363903999329,0.15234361588954926,1.2475659847259521,0.5382142066955566,1.8760762214660645,1.341841697692871,0.4509066045284271,1.359081506729126,0.96810382604599,0.1153317242860794,0.674577534198761,1.3965290784835815,1.4003055095672607,0.9107590913772583,1.0380531549453735,1.6570475101470947,0.12012126296758652,0.8495653867721558,0.5706680417060852,1.0154476165771484,0.12109987437725067,1.3861688375473022,0.15749198198318481,0.1928943246603012,0.7170673608779907,0.7581185698509216
1.1590631008148193,0.30818966031074524,0.7883625030517578,0.04273350536823273,0.06426952034235,0.20062567293643951,0.9028922319412231,0.16550959646701813,0.33155593276023865,1.8008135557174683,0.9975659251213074,1.2574694156646729,2.691126823425293,0.00039999998989515007,0.2773383855819702,0.00563112972304225,0.10589394718408585,1.580217719078064,0.02963610738515854,1.5352394580841064,0.09552658349275589,0.13176409900188446,1.2418482303619385,1.232492446899414,0.4368076026439667,1.0869388580322266,0.805270254611969,0.28019046783447266,1.9847830533981323,0.716515064239502,1.7269558906555176,0.17359521985054016,0.48064878582954407,1.0103635787963867,0.7272773385047913,1.8045703172683716,1.3083505630493164,0.8038454651832581,1.1538194417953491,0.8842246532440186,0.05625538155436516,0.43942588567733765,1.2556344270706177,1.1889309883117676,0.706716001033783,0.9300476312637329,0.6304134130477905,0.3694077730178833,0.14555102586746216,0.5052080154418945,1.3367774486541748,0.45541930198669434,1.520033836364746,0.4864990711212158,1.4353737831115723,0.43005305528640747,0.796574056148529
0.7574059963226318,0.7564435005187988,0.10594561696052551,1.1522068977355957,0.19765035808086395,1.3228583335876465,1.014288067817688,0.6134654879570007,0.07855971157550812,0.973149299621582,2.359710931777954,0.04141230881214142,2.0762059688568115,0.00039999998989515007,0.520258903503418,0.7292997241020203,0.8536635041236877,0.6429997086524963,1.3190799951553345,1.4919588565826416,1.7935538291931152,0.43714845180511475,0.8156880736351013,1.5930259227752686,0.494678795337677,1.4008798599243164,1.355987548828125,0.48602983355522156,1.0756418704986572,0.9407001733779907,0.5320686101913452,0.14436976611614227,0.26070839166641235,1.0100291967391968,0.46034398674964905,1.7735439538955688,1.0558102130889893,0.7806587815284729,1.384337306022644,0.7419182658195496,0.7408163547515869,0.07038161903619766,1.4560481309890747,0.37650877237319946,0.23356688022613525,0.7842932939529419,0.6811627149581909,0.8080072999000549,0.006411450449377298,0.3566669523715973,0.34898608922958374,0.8592607975006104,1.1496047973632812,0.8767709136009216,0.3748041093349457,0.8290459513664246,1.7884265184402466
0.4737633168697357,0.416968435049057,0.3607187569141388,0.7702686190605164,0.015356361865997314,1.0923796892166138,0.5384287238121033,1.2668519020080566,0.17136122286319733,1.7929468154907227,1.704025149345398,0.2043897956609726,2.800950050354004,0.00039999998989515007,0.024406440556049347,1.0607967376708984,0.09031639993190765,0.17699410021305084,0.3927467167377472,1.1347213983535767,1.2064555883407593,0.202834814786911,0.6336504220962524,0.7936471700668335,0.4981660842895508,0.8527717590332031,1.7066519260406494,0.8306615948677063,1.6327606439590454,0.24222485721111298,1.1751441955566406,0.06712046265602112,0.2756347060203552,1.268393874168396,0.5956969261169434,2.3835325241088867,1.1672425270080566,0.30987027287483215,0.6902781128883362,0.7868466973304749,0.5379139184951782,0.4971033036708832,1.6634900569915771,1.0388777256011963,0.022348135709762573,1.1860287189483643,1.3610764741897583,0.23624654114246368,0.6959545016288757,0.6437710523605347,0.8227118253707886,0.9511319994926453,1.4016177654266357,0.03433716669678688,0.1588405817747116,0.8047642111778259,0.9248153567314148
0.04355064034461975,0.29823869466781616,0.15629103779792786,1.2680968046188354,0.17801837623119354,1.1001533269882202,0.36285877227783203,2.1045875549316406,0.11749990284442902,2.112435817718506,1.0025997161865234,0.09992808103561401,2.5773561000823975,0.00039999998989515007,0.7700819969177246,1.591185212135315,0.24574816226959229,0.202225461602211,0.178566575050354,1.0038620233535767,1.4995334148406982,0.48766180872917175,0.39010924100875854,0.43203598260879517,0.6128086447715759,0.057663701474666595,1.193759560585022,1.1656708717346191,1.0988000631332397,0.20968937873840332,0.7515010833740234,0.7917033433914185,0.7789949178695679,0.8276116847991943,0.36248505115509033,1.4700851440429688,0.42821723222732544,0.7979114651679993,0.9333323240280151,1.2976025342941284,0.1447417438030243,0.3953660726547241,1.8905746936798096,0.6848747730255127,0.3215846121311188,1.8402377367019653,1.9755308628082275,0.37072452902793884,1.2577972412109375,0.022174224257469177,0.6422533988952637,0.7732012271881104,1.1022183895111084,0.2812735438346863,0.4147440791130066,0.9365708231925964,0.18141821026802063
0.09890344738960266,0.6538616418838501,1.7394661903381348,0.6813101172447205,0.27211257815361023,1.6920453310012817,0.2185722291469574,1.3125470876693726,0.11945295333862305,1.213142991065979,1.6439050436019897,0.19350817799568176,1.6178300380706787,0.00039999998989515007,0.06323064863681793,1.277795672416687,0.5848870873451233,0.2618598937988281,0.18583783507347107,0.3465227484703064,0.5149848461151123,0.28324079513549805,0.13626320660114288,0.4134429097175598,0.0909058153629303,1.3733683824539185,1.6001125574111938,1.2773587703704834,1.2739880084991455,0.5655565857887268,0.4567345976829529,0.4619111716747284,0.38766369223594666,2.258927345275879,0.7899985909461975,2.418217897415161,1.0787932872772217,0.8860823512077332,0.5961847901344299,0.32945576310157776,0.3737701177597046,0.18280485272407532,0.8101967573165894,1.4501500129699707,0.5196294188499451,1.231359839439392,1.514739751815796,0.6886222958564758,0.25400301814079285,0.5480248928070068,0.858942985534668,1.1210741996765137,1.8031295537948608,0.5048485994338989,0.25284603238105774,0.026776563376188278,1.3382781744003296
0.29096996784210205,0.30403220653533936,1.4171661138534546,1.279238224029541,0.14097805321216583,1.534451961517334,0.0238491278141737,1.3137463331222534,0.5672675371170044,2.177996873855591,1.195351481437683,0.411382257938385,2.2584638595581055,0.00039999998989515007,0.8572507500648499,0.9975934028625488,0.4191941022872925,0.2385016679763794,0.4150795638561249,1.1970983743667603,0.0016978721832856536,0.3140135407447815,0.09258998930454254,0.18578173220157623,0.4022185802459717,0.25312331318855286,1.3772830963134766,0.9057730436325073,1.2174959182739258,0.2789114713668823,1.110144853591919,0.1809326857328415,0.028547756373882294,1.763986349105835,1.423051118850708,1.5663965940475464,0.4357377886772156,0.8816355466842651,0.8030635118484497,1.4023817777633667,0.07261144369840622,0.4962644577026367,1.2970576286315918,1.1948988437652588,0.30856847763061523,1.939088225364685,1.728735089302063,0.36547887325286865,0.6702612638473511,0.9107891917228699,0.7656060457229614,0.27881330251693726,1.1524630784988403,0.8359459042549133,0.10702689737081528,0.1474234014749527,1.1615077257156372
0.7089551091194153,0.846156656742096,0.9187137484550476,0.5632667541503906,0.13243882358074188,0.49154776334762573,0.64390629529953,0.5368300080299377,0.013529559597373009,1.471478819847107,1.7201639413833618,0.006693644914776087,2.556856632232666,0.00039999998989515007,0.28072673082351685,0.6479210257530212,0.024019157513976097,0.3731634318828583,0.5108814239501953,1.517651081085205,0.2814355790615082,0.03524128347635269,0.5197333693504333,1.4341140985488892,0.2294507771730423,0.9398163557052612,1.2003213167190552,0.07637569308280945,2.3419549465179443,0.18707066774368286,1.402158260345459,0.1033598780632019,0.08918601274490356,1.4286619424819946,0.9928393363952637,2.1634371280670166,1.0970966815948486,0.2359848916530609,0.8082767128944397,0.7783632874488831,0.3916454017162323,0.4739518463611603,1.7871037721633911,0.7782639265060425,0.15597006678581238,1.1941962242126465,1.516343593597412,0.2648589313030243,0.12233325839042664,1.0518244504928589,1.1149470806121826,0.5778108835220337,1.6959624290466309,0.09818446636199951,0.8679370284080505,0.3776988387107849,0.8962892889976501
1.4731682538986206,0.3699394762516022,0.07253061980009079,0.7015973329544067,0.23068253695964813,0.40213578939437866,0.59956955909729,0.08188745379447937,1.362264633178711,0.6028817892074585,1.8920892477035522,0.47032997012138367,1.9484808444976807,0.00039999998989515007,0.5876152515411377,1.3951133489608765,0.036686815321445465,0.5212169885635376,0.13839812576770782,1.4122697114944458,1.3520314693450928,0.25541213154792786,1.2403721809387207,0.44487202167510986,0.4452700614929199,1.4733713865280151,1.5505908727645874,0.27848386764526367,1.0704734325408936,0.8805304169654846,0.06134342774748802,0.22069871425628662,0.250516414642334,1.6970044374465942,1.0407750606536865,3.0023064613342285,0.7813620567321777,0.127040296792984,0.11197579652070999,0.06901891529560089,0.0991816371679306,0.7986767292022705,0.6466882228851318,1.2876898050308228,0.027684682980179787,0.033666130155324936,0.6915623545646667,0.1481064110994339,0.14525091648101807,0.3649349510669708,0.9553102254867554,1.2241530418395996,1.5710935592651367,0.12704792618751526,0.9617446064949036,1.5383583307266235,1.5876363515853882
0.5169377326965332,0.569423258304596,0.7950260639190674,0.18270428478717804,0.03555994853377342,0.838834285736084,0.12444844096899033,0.9663934111595154,0.7855876684188843,2.22314715385437,1.7424418926239014,0.06505882740020752,2.4502041339874268,0.00039999998989515007,0.1117759719491005,1.3802769184112549,0.09926432371139526,0.052291568368673325,0.24444235861301422,1.325657844543457,0.633902370929718,0.46021363139152527,0.6266914010047913,0.2899252772331238,0.5362324714660645,0.9577237963676453,1.752267599105835,1.1246997117996216,1.695466160774231,0.2782401442527771,1.169629454612732,0.3049616813659668,0.25056853890419006,1.11870539188385,0.9468362927436829,2.371708869934082,1.0938349962234497,0.11880464851856232,0.006765076424926519,0.7738510370254517,1.00911545753479,0.6201815605163574,1.4912419319152832,0.5173229575157166,0.6415312886238098,1.1887067556381226,1.4642584323883057,0.27759748697280884,0.6986363530158997,0.8892555832862854,0.9322888851165771,0.9070201516151428,1.3111387491226196,0.11610328406095505,0.38588133454322815,0.4700571596622467,1.0461176633834839
0.9069201350212097,0.5019417405128479,0.37941622734069824,0.14669863879680634,0.738976776599884,0.533218502998352,0.4811546504497528,0.6000626683235168,0.857193648815155,1.2373979091644287,1.4423242807388306,0.17123210430145264,2.7049214839935303,0.00039999998989515007,0.18823638558387756,1.1488755941390991,0.34962400794029236,0.09494269639253616,0.06404733657836914,0.9940688014030457,1.1212427616119385,0.425266295671463,0.874065637588501,0.052270762622356415,0.09233875572681427,1.0329616069793701,1.9758883714675903,0.18424907326698303,1.5049703121185303,0.40341901779174805,0.7418488264083862,0.032926689833402634,0.937163770198822,1.5285677909851074,0.8602074384689331,3.0287318229675293,0.5608527660369873,0.4256015717983246,0.4778611361980438,0.28534072637557983,0.38266751170158386,1.2044477462768555,1.5509523153305054,1.416114330291748,0.16280268132686615,0.5537883639335632,1.1819101572036743,0.41271311044692993,0.535499095916748,0.5472150444984436,1.0557005405426025,1.05829918384552,1.3583146333694458,0.44913607835769653,0.21895503997802734,1.348270058631897,0.645733654499054
1.563255786895752,0.7319749593734741,0.20735687017440796,0.93990558385849,1.2218173742294312,0.2563523054122925,0.9182102084159851,0.0893159806728363,0.3097052276134491,0.5141288638114929,1.0118868350982666,0.9182185530662537,2.1309235095977783,0.00039999998989515007,0.7493398785591125,0.6693885326385498,0.7874186635017395,1.443853497505188,0.11378961056470871,1.6430952548980713,1.2376456260681152,0.7682284712791443,1.5979098081588745,0.10710463672876358,0.45792311429977417,1.3288220167160034,0.09577784687280655,0.7361301183700562,0.9187430143356323,0.36614447832107544,0.18575407564640045,0.7545080780982971,0.8775060176849365,0.34901565313339233,0.33480799198150635,2.4021122455596924,0.9005495309829712,1.310607671737671,0.18889202177524567,0.7661871910095215,0.3867448568344116,1.4137967824935913,0.7953776121139526,1.9756592512130737,0.8321768641471863,0.7070446610450745,0.28436994552612305,0.2621464431285858,0.3609677851200104,0.298494428396225,0.6887272596359253,0.43572232127189636,1.7730828523635864,1.3119585514068604,0.2312311828136444,1.9155442714691162,0.5661497116088867
0.03734348341822624,0.07332633435726166,0.6410092711448669,0.9387804865837097,0.10998954623937607,1.17756187915802,0.1740102916955948,1.8537952899932861,0.23861145973205566,2.219099998474121,1.2310075759887695,0.27652427554130554,2.927309989929199,0.00039999998989515007,0.22624605894088745,1.189976453781128,0.323365181684494,0.02902316488325596,0.23174677789211273,0.833643913269043,0.746577799320221,0.38801535964012146,0.2579284906387329,0.30292749404907227,0.5495472550392151,0.3092818260192871,1.4220049381256104,1.2408720254898071,1.3696569204330444,0.19910967350006104,1.4488552808761597,0.5018997192382812,0.4291306734085083,1.0111453533172607,0.45779818296432495,1.7701607942581177,1.2220115661621094,0.9518612027168274,1.0055772066116333,1.0038764476776123,0.13846705853939056,0.44265177845954895,1.5931884050369263,1.2667001485824585,0.08723066747188568,1.5303057432174683,1.5715608596801758,0.24373593926429749,1.1783818006515503,0.46858635544776917,0.9551935195922852,0.6691001057624817,1.2027784585952759,0.015877198427915573,0.25453540682792664,0.6786837577819824,0.4757964313030243
0.37302178144454956,0.5080865025520325,1.5860165357589722,0.5408188104629517,0.2627287805080414,1.3923389911651611,0.4332056939601898,0.43002286553382874,1.3161896467208862,1.5842591524124146,0.969719648361206,0.21498903632164001,1.8802815675735474,0.00039999998989515007,0.4702342748641968,0.05995776876807213,0.6203505396842957,0.8304128050804138,0.3249143064022064,1.6263238191604614,0.15080778300762177,0.2813345491886139,0.4146133363246918,1.1415315866470337,0.24462921917438507,1.2369502782821655,1.6882036924362183,0.2782779633998871,1.570288062095642,0.8554639220237732,0.8236896395683289,1.2283053398132324,0.4910198748111725,2.1589298248291016,1.4256294965744019,2.0809988975524902,0.5116564035415649,0.12169597297906876,0.049085527658462524,0.7471606135368347,1.0218254327774048,0.4686809480190277,1.0496770143508911,0.6926937103271484,0.8206636905670166,1.4004863500595093,1.1072502136230469,0.011680671945214272,0.9227713942527771,0.4553983509540558,0.4840129315853119,0.4643838703632355,1.5550975799560547,0.5894829630851746,0.9175081849098206,0.13729184865951538,1.4802566766738892
0.47525814175605774,0.07014983147382736,0.9246411323547363,0.7407309412956238,0.005559602752327919,0.9183570742607117,0.5248879194259644,1.123579740524292,0.04105408489704132,2.0348799228668213,1.4792414903640747,0.5438718199729919,2.505640983581543,0.00039999998989515007,0.10208218544721603,0.7080461978912354,0.0710597112774849,0.8106142282485962,0.2042195200920105,0.9012017250061035,0.5267767906188965,0.014718979597091675,0.705967366695404,1.1180740594863892,0.5252570509910583,0.9403278827667236,1.3391320705413818,0.49414169788360596,1.9421979188919067,0.06709255278110504,1.4856148958206177,0.28580018877983093,0.14097370207309723,1.434354543685913,0.6731385588645935,2.1130781173706055,1.3464308977127075,0.7446935772895813,1.2929511070251465,0.9652533531188965,0.22123995423316956,0.423691064119339,1.1403331756591797,1.2306705713272095,0.2776426374912262,1.4544415473937988,1.467038631439209,0.37294629216194153,0.44148701429367065,0.6579834222793579,1.0598108768463135,0.8681877255439758,1.539548635482788,0.13425244390964508,0.6140211224555969,0.34382325410842896,0.9673449397087097
0.6462538838386536,0.33945828676223755,0.8593775629997253,0.7215828895568848,0.07328706234693527,1.0007646083831787,0.5313187837600708,1.0363670587539673,0.20036479830741882,1.8444041013717651,1.620162844657898,0.25905442237854004,2.4914469718933105,0.00039999998989515007,0.08865533024072647,1.0067121982574463,0.21752311289310455,0.62342768907547,0.3622143268585205,1.1421186923980713,0.737116813659668,0.050562791526317596,0.7889904379844666,0.9599862694740295,0.42528054118156433,1.1107051372528076,1.479612112045288,0.7233602404594421,1.9426237344741821,0.21883772313594818,1.1161136627197266,0.19153280556201935,0.03512047976255417,1.5902907848358154,0.6771935820579529,2.425452470779419,1.1864415407180786,0.381062388420105,0.9070420861244202,0.7762443423271179,0.43968990445137024,0.44199052453041077,1.3707935810089111,1.1010692119598389,0.05069095268845558,1.190748929977417,1.5286790132522583,0.053342241793870926,0.375888466835022,0.556889533996582,0.9268115758895874,0.8108028173446655,1.6320483684539795,0.02306000515818596,0.466400146484375,0.43083658814430237,1.0987379550933838
1.376977562904358,0.34200865030288696,0.80404132604599,0.11459853500127792,0.19782286882400513,0.5061222314834595,0.3507775068283081,0.2824644148349762,0.4610126316547394,0.7221179008483887,2.1469242572784424,0.8599885106086731,1.7999191284179688,0.00039999998989515007,0.8368538022041321,0.7834768295288086,0.6953140497207642,1.7214889526367188,0.012945562601089478,1.4102710485458374,0.5001004338264465,0.9538456201553345,1.6553778648376465,1.062272548675537,0.24346508085727692,1.9239137172698975,0.5551462769508362,0.20132547616958618,1.2350338697433472,0.7375420331954956,0.28757500648498535,0.276635080575943,0.4480530917644501,1.627835988998413,0.40290746092796326,2.3122100830078125,1.336763858795166,0.5343737006187439,1.76858389377594,0.11086820811033249,0.17799539864063263,0.12524640560150146,0.6490052938461304,1.3689922094345093,0.6488152742385864,0.3712388277053833,0.7481645345687866,0.06112605333328247,0.16811040043830872,0.14812634885311127,1.1862363815307617,0.728722095489502,1.822051763534546,0.07268525660037994,0.7732656598091125,0.21342125535011292,1.5558061599731445
0.33192887902259827,0.04246923327445984,0.948205292224884,0.6957069635391235,0.5525301098823547,2.5189871788024902,0.2861725091934204,1.9623405933380127,0.363474577665329,1.9161568880081177,1.0120363235473633,0.7397367358207703,2.0259058475494385,0.00039999998989515007,0.15981920063495636,1.4985359907150269,0.41545888781547546,0.5489633083343506,0.8371419310569763,0.8824500441551208,1.2051143646240234,0.4474480450153351,0.8636776804924011,0.03423558175563812,0.46131184697151184,1.0264215469360352,1.7101041078567505,2.0627307891845703,0.644524335861206,0.413958877325058,0.652564525604248,0.004131041932851076,0.8486348986625671,0.9076254963874817,0.2699163258075714,1.8351725339889526,0.6575518846511841,0.24370601773262024,0.33601993322372437,0.2910955846309662,1.4918906688690186,0.03157947212457657,1.501600980758667,0.584206759929657,0.8340865969657898,0.4003525972366333,1.0724616050720215,0.16751953959465027,0.6254526376724243,0.20555216073989868,0.04770087078213692,0.6093961596488953,1.1218483448028564,0.5536364912986755,1.263447880744934,1.136633276939392,0.8836028575897217
0.48647212982177734,0.18819577991962433,0.5515234470367432,0.8295817375183105,0.03193053975701332,1.0879443883895874,0.46694234013557434,1.5409430265426636,0.24943029880523682,1.9876679182052612,1.567205786705017,0.41369301080703735,2.7023367881774902,0.00039999998989515007,0.1081637442111969,1.0979880094528198,0.008140929974615574,0.41894030570983887,0.07935578376054764,0.9900468587875366,0.9232879281044006,0.24792709946632385,0.7695966362953186,0.6675341725349426,0.5446817874908447,0.7711302042007446,1.610190987586975,0.9038769602775574,1.5992100238800049,0.1515592336654663,1.1821211576461792,0.13427940011024475,0.09513185173273087,1.3313326835632324,0.5730543732643127,2.2857868671417236,1.1718913316726685,0.6108577251434326,0.9462593793869019,0.930840253829956,0.3617418110370636,0.4407649040222168,1.434590220451355,1.1579915285110474,0.0898665115237236,1.3845943212509155,1.5187441110610962,0.06672438234090805,0.7049906253814697,0.5815186500549316,0.905631959438324,0.8687614798545837,1.4413189888000488,0.13812820613384247,0.21650411188602448,0.5553579330444336,0.9004197716712952
0.5592038035392761,0.13026316463947296,1.3101869821548462,0.1628091186285019,0.04064633324742317,0.9666434526443481,0.10390547662973404,1.060922622680664,0.04938384145498276,1.0921422243118286,1.755232572555542,0.2959842383861542,2.175898790359497,0.00039999998989515007,0.36674460768699646,0.9719858765602112,0.47205355763435364,1.067692756652832,0.05608956515789032,0.9258649349212646,0.4086366593837738,0.5074906349182129,0.6806725263595581,0.9809163212776184,0.09885404258966446,1.768328070640564,1.0023658275604248,0.7620590925216675,1.7214221954345703,0.12259575724601746,0.9046781063079834,0.04234393313527107,0.09003429114818573,1.9145984649658203,0.4361977279186249,2.6587908267974854,1.356855869293213,1.0632233619689941,1.0675179958343506,0.23318873345851898,0.1806432008743286,0.03687988966703415,1.2852058410644531,1.324343204498291,0.06572312116622925,1.0235928297042847,1.0579453706741333,0.6344434022903442,0.3433682322502136,0.615532398223877,1.1452080011367798,1.115282416343689,1.921882152557373,0.43953317403793335,0.21501730382442474,0.22465108335018158,0.9805506467819214
0.902815580368042,0.07036275416612625,0.7239937782287598,0.8394574522972107,0.4494614601135254,1.5824458599090576,0.9469451904296875,1.309341311454773,0.09839008748531342,0.7019906640052795,1.6743345260620117,0.5047698616981506,2.146127223968506,0.00039999998989515007,0.24663861095905304,0.661687970161438,0.3984224796295166,0.4674139618873596,1.0643068552017212,0.9889028668403625,0.7572095990180969,0.2853908836841583,0.3245946168899536,1.2993521690368652,0.29749441146850586,1.0363022089004517,1.7213760614395142,0.734348475933075,1.817311406135559,0.0010238862596452236,0.5109983086585999,0.5649160146713257,0.11106721311807632,1.8235417604446411,0.23043400049209595,2.840510845184326,1.0377800464630127,0.41157451272010803,0.27608925104141235,0.4583994448184967,0.762762725353241,0.5892943739891052,1.4954642057418823,0.4021187722682953,0.09838953614234924,1.1206506490707397,1.1936460733413696,0.6928832530975342,0.1941833347082138,0.4319640100002289,0.29281651973724365,1.4287148714065552,1.7725868225097656,0.14023078978061676,0.6282514333724976,0.22687099874019623,1.0347522497177124
0.41458573937416077,0.25634661316871643,0.5660141706466675,1.4967517852783203,0.08405156433582306,1.5213725566864014,0.34881219267845154,2.615858793258667,0.21124130487442017,1.8960485458374023,1.1656872034072876,0.11557355523109436,1.8678845167160034,0.00039999998989515007,0.8512467741966248,1.4523063898086548,0.6756407618522644,0.02391563542187214,0.20395363867282867,0.7354766726493835,1.4413223266601562,0.2262931764125824,0.045480500906705856,0.520524799823761,0.5174921751022339,0.03519556671380997,1.104659914970398,1.0882458686828613,0.7822690010070801,0.32634711265563965,0.33114224672317505,0.4728657305240631,0.8368296027183533,1.2198618650436401,0.36737048625946045,1.3900209665298462,0.30619436502456665,1.172452449798584,0.9519134163856506,1.3423070907592773,0.016070952638983727,0.1593436598777771,1.310320258140564,0.6535984873771667,0.22683507204055786,2.2301175594329834,2.101069688796997,0.09357579797506332,1.2586549520492554,0.20039188861846924,0.20948132872581482,1.182092547416687,1.1057311296463013,0.5087243914604187,0.7071067690849304,0.6502519845962524,0.36080893874168396
0.3829125761985779,0.3006150424480438,1.0460951328277588,0.6250078678131104,0.48966556787490845,0.8569839000701904,0.11091471463441849,1.641384243965149,0.17555969953536987,1.180584192276001,1.3014051914215088,0.16032586991786957,2.270263671875,0.00039999998989515007,0.5446993708610535,1.7088781595230103,0.25608503818511963,0.5395463705062866,0.4736410975456238,0.17159153521060944,1.0832113027572632,0.12875916063785553,0.00855248887091875,0.10839454084634781,0.2223244458436966,0.550085723400116,1.5020294189453125,0.6523373126983643,1.0461558103561401,0.579676628112793,0.08974037319421768,0.23045462369918823,1.798055648803711,1.4288605451583862,0.4265476167201996,2.735630512237549,0.5932303071022034,1.1964129209518433,0.33563101291656494,0.5185877084732056,0.14747783541679382,0.7604706287384033,1.2871743440628052,1.7149543762207031,0.14843128621578217,1.1638730764389038,1.5698895454406738,0.1313047856092453,0.6086001396179199,0.6914730668067932,0.822621762752533,1.038000464439392,1.308402419090271,1.044267177581787,1.0194947719573975,1.43025541305542,0.4482608139514923
0.17220927774906158,0.3250921666622162,1.3520451784133911,0.6185345649719238,0.07137182354927063,1.7725189924240112,0.06527954339981079,1.7625179290771484,0.15112057328224182,1.9405401945114136,1.5844454765319824,0.08992022275924683,1.8343819379806519,0.00039999998989515007,0.20306167006492615,1.4426075220108032,0.7164517045021057,0.48610907793045044,0.3684461712837219,0.7821877002716064,0.8466697931289673,0.34640204906463623,0.17538031935691833,0.5906067490577698,0.46127980947494507,1.3106515407562256,1.6060646772384644,1.4730082750320435,1.2657904624938965,0.505162239074707,0.6762199997901917,0.27785012125968933,0.049069371074438095,1.707610845565796,0.44961729645729065,2.333772897720337,1.2650372982025146,0.539057731628418,0.6971923112869263,0.5621885061264038,0.7763142585754395,0.09086260944604874,0.7603811025619507,0.888827383518219,0.36513552069664,1.3789796829223633,1.5573804378509521,0.5737158060073853,0.4796491265296936,0.22062237560749054,0.2675459384918213,1.1790188550949097,1.5025196075439453,0.12757092714309692,0.17599166929721832,0.32696184515953064,1.3600038290023804
0.8507193922996521,1.2254770994186401,1.4586808681488037,1.0788965225219727,0.1949242204427719,2.3596904277801514,1.078689694404602,1.7454893589019775,0.48071402311325073,0.21558506786823273,1.0380668640136719,1.1139799356460571,1.9387321472167969,0.00039999998989515007,0.33446112275123596,0.8409307599067688,0.2809162735939026,0.4198666512966156,0.3435436189174652,1.2481927871704102,0.6934128403663635,0.6077194213867188,0.4039269983768463,1.276515245437622,0.09381096065044403,0.7716249227523804,2.073782444000244,0.4554688334465027,0.5932425260543823,0.5100282430648804,0.4587358236312866,0.8963156938552856,0.17820794880390167,2.041621208190918,0.366327702999115,1.8293193578720093,0.5793997049331665,0.19063037633895874,0.23978617787361145,0.5643559098243713,1.2122220993041992,0.5940163135528564,1.0851885080337524,0.658902108669281,0.36203640699386597,0.6172871589660645,0.7845781445503235,0.9107153415679932,1.5071183443069458,0.37099865078926086,0.3900960385799408,0.44257673621177673,1.760208249092102,0.9242077469825745,0.6606253385543823,0.6993259191513062,0.9163967967033386
1.2659441232681274,0.5643061399459839,0.2730083465576172,0.7290753722190857,0.10763589292764664,0.7682738900184631,0.9497887492179871,0.7620111703872681,0.37083446979522705,1.375704288482666,2.110253095626831,1.0325535535812378,2.3238213062286377,0.00039999998989515007,0.6012793183326721,0.5086113810539246,0.5047187209129333,1.3859204053878784,0.6872146725654602,1.6448389291763306,0.7007384300231934,0.5619469881057739,1.334739327430725,1.3106812238693237,0.41404321789741516,1.114068865776062,0.9399198889732361,0.10884734988212585,1.3988726139068604,0.9756430387496948,0.7718790769577026,0.2668745219707489,0.6702343821525574,0.9604157209396362,0.309513658285141,1.948250412940979,1.3173614740371704,0.05824172869324684,1.671152949333191,0.8782428503036499,0.21670249104499817,0.133861243724823,0.9381800889968872,0.7302615642547607,1.003623127937317,0.6506796479225159,0.9265040755271912,0.22832375764846802,0.022308027371764183,0.22937996685504913,0.9053502082824707,0.7279478907585144,1.4602683782577515,0.9026424288749695,1.042105793952942,0.7808358073234558,1.3881243467330933
0.4932335317134857,0.7294283509254456,0.4090295732021332,1.2082198858261108,0.3960556089878082,0.45436906814575195,1.1482758522033691,0.30710557103157043,0.4978805482387543,1.1585688591003418,1.3179283142089844,0.3192833960056305,2.13965106010437,0.00039999998989515007,0.26529794931411743,0.21460124850273132,0.8495152592658997,1.6375981569290161,0.6561337113380432,1.6022707223892212,0.8517114520072937,0.034461162984371185,1.3876196146011353,1.4808212518692017,0.5390740633010864,1.0823901891708374,0.8126249313354492,0.27399441599845886,1.8643269538879395,1.6384220123291016,0.6754462122917175,0.6673228144645691,0.7565873265266418,1.7617534399032593,0.30040231347084045,1.8715533018112183,0.8679232597351074,0.22719617187976837,1.392662525177002,0.9779646396636963,0.061647191643714905,0.14009806513786316,1.520260214805603,0.5024071931838989,0.04356909543275833,1.517885684967041,0.9160737991333008,1.5302103757858276,0.07945912331342697,0.20800907909870148,0.24815703928470612,0.5495955348014832,1.0992698669433594,0.726743221282959,0.8635550737380981,0.3037024140357971,1.0434461832046509
0.2054232507944107,0.4853654205799103,1.1582310199737549,0.46919605135917664,0.448798805475235,0.5553892254829407,0.33927783370018005,1.658233880996704,0.03932122513651848,1.7666362524032593,1.2132465839385986,1.0890874862670898,1.750075340270996,0.00039999998989515007,0.012959114275872707,1.012974500656128,0.453794002532959,1.1109453439712524,0.8008447289466858,0.30614399909973145,0.6348513960838318,0.20797526836395264,0.6155174970626831,1.080749750137329,0.35335689783096313,0.7260413765907288,0.7753040194511414,0.3512442708015442,1.067603588104248,0.5669553279876709,0.9064528942108154,0.3801846206188202,0.23551996052265167,1.942611575126648,0.2920176684856415,1.8450626134872437,1.6090174913406372,1.456337809562683,2.06935715675354,1.0604057312011719,0.7155835628509521,0.12095791846513748,0.13738569617271423,1.753028154373169,0.7033217549324036,2.068209409713745,1.3174744844436646,0.7944498062133789,0.7452433705329895,0.42936936020851135,0.5820683240890503,1.1776524782180786,1.1889572143554688,0.07633209973573685,0.13507859408855438,0.2748412787914276,0.9545790553092957
0.7770039439201355,0.33071672916412354,0.41676464676856995,1.3442504405975342,0.5204243063926697,1.9354323148727417,1.1811606884002686,2.269183397293091,0.4027451276779175,1.7461332082748413,1.156860113143921,0.9309030175209045,2.478365182876587,0.00039999998989515007,0.033940330147743225,0.5181390643119812,0.137299045920372,0.6369380950927734,0.873965859413147,0.7849172353744507,0.9294924139976501,0.616873562335968,0.355712890625,0.5610869526863098,0.6015101075172424,0.35024088621139526,1.4491894245147705,0.8023171424865723,1.383739709854126,0.1251349300146103,0.648781418800354,0.29263144731521606,0.5297048091888428,0.998326301574707,0.31380534172058105,2.2996127605438232,0.9906921982765198,0.5397334694862366,0.7759553790092468,0.7388405203819275,0.4762764871120453,0.2946148216724396,0.9412102699279785,1.1464606523513794,1.1857672929763794,0.48134127259254456,1.4980686902999878,0.36934855580329895,0.26860833168029785,0.31802743673324585,0.4734596312046051,0.9712791442871094,1.6351239681243896,0.12823747098445892,0.023862075060606003,1.4861648082733154,0.4838632047176361
0.5340226292610168,0.04747747257351875,1.6328192949295044,0.2410895675420761,0.2612333297729492,1.602957010269165,0.47250983119010925,0.4886680245399475,0.7224974632263184,0.5449539422988892,1.4402896165847778,0.3749731779098511,1.2458277940750122,0.00039999998989515007,0.1734403669834137,0.11312738060951233,1.8523576259613037,1.8944839239120483,0.8357465267181396,2.285857677459717,0.3646222651004791,1.2640153169631958,0.21389305591583252,1.7230300903320312,0.2120385318994522,1.8618978261947632,0.5035867094993591,0.23386169970035553,0.7509611248970032,1.2975248098373413,0.2464912235736847,0.32803481817245483,1.0169520378112793,1.5124680995941162,0.748878002166748,1.5932077169418335,0.6441043019294739,0.26063817739486694,0.46501633524894714,0.6375524997711182,0.6191170811653137,0.659191370010376,0.42668604850769043,0.12156082689762115,0.032958291471004486,0.6374329328536987,0.01346394419670105,0.5244148969650269,1.2147753238677979,0.3301657438278198,0.11534662544727325,0.6152466535568237,1.6450464725494385,1.634417176246643,1.0782493352890015,0.3135986626148224,1.9192111492156982
0.6540538668632507,0.7804420590400696,0.7061092853546143,1.2971714735031128,0.327147513628006,0.5552440881729126,0.6598945260047913,1.3388087749481201,0.22457633912563324,2.0109357833862305,1.5707241296768188,0.11965154111385345,1.9851475954055786,0.00039999998989515007,0.3589254915714264,0.41089412569999695,0.8198916912078857,1.4118549823760986,0.09177280962467194,1.6156760454177856,0.12391536682844162,0.11558908224105835,1.2159672975540161,1.2521623373031616,0.5739889144897461,0.9961541295051575,0.44023653864860535,0.057771164923906326,1.4773244857788086,0.7969042062759399,1.2120912075042725,0.42413678765296936,0.4631931781768799,0.8143029808998108,0.957029402256012,1.0560052394866943,0.5999515056610107,0.4165932834148407,2.1475677490234375,1.4272196292877197,0.004522913135588169,0.5725747346878052,1.167042851448059,0.9864855408668518,0.5810124278068542,1.4281435012817383,1.5151257514953613,0.48280420899391174,0.05943836271762848,0.9475167989730835,1.0463171005249023,0.34657108783721924,1.4629099369049072,1.2059872150421143,0.5626073479652405,0.07199329137802124,1.219594120979309
0.7372269034385681,0.018354780972003937,0.6599515080451965,0.77393639087677,0.07637438923120499,1.164965033531189,0.6680724024772644,1.5807123184204102,0.2034519761800766,1.8113319873809814,1.5031452178955078,0.9193903803825378,2.640718936920166,0.00039999998989515007,0.11556172370910645,0.5160202980041504,0.20756492018699646,1.3408496379852295,0.30034133791923523,1.1993484497070312,0.43717077374458313,0.2487749457359314,0.9981114268302917,1.2619754076004028,0.5859913229942322,1.0773440599441528,1.2479619979858398,0.6700943112373352,1.587180256843567,0.406170517206192,1.2270647287368774,0.07106247544288635,0.507159948348999,1.2917474508285522,0.2958080768585205,2.229590892791748,1.3704931735992432,0.6664302945137024,1.42134428024292,0.8249413371086121,0.32513996958732605,0.03705783560872078,1.1589668989181519,1.0954411029815674,0.49862197041511536,1.213340401649475,1.0712883472442627,0.2220136523246765,0.20787972211837769,0.35368266701698303,0.7766974568367004,0.7019429802894592,1.5145645141601562,0.43773984909057617,0.5519841313362122,0.21794289350509644,1.0339152812957764
0.7158729434013367,0.2804713547229767,1.0063587427139282,1.0278140306472778,0.17867235839366913,1.159842610359192,0.4209572970867157,1.8922266960144043,0.5704492330551147,1.8338780403137207,1.881291151046753,0.6644672751426697,1.9453314542770386,0.00039999998989515007,0.04697650298476219,1.012977957725525,0.4068717360496521,0.4954884350299835,0.18936103582382202,0.5405738949775696,0.22854359447956085,0.3900049924850464,0.8133957386016846,0.6993951797485352,0.5108544230461121,0.5827229619026184,1.7495059967041016,0.7283810377120972,1.4054054021835327,0.028319427743554115,0.8551000952720642,0.11892788857221603,0.5093835592269897,1.4058457612991333,0.7239716649055481,2.04498291015625,1.1984785795211792,0.5248888731002808,1.100172996520996,1.2824513912200928,0.32665520906448364,0.31555312871932983,0.49667420983314514,1.005854845046997,0.3877902925014496,1.4724420309066772,1.7831662893295288,0.26853376626968384,0.2289554476737976,0.9041684865951538,1.0728542804718018,0.906894862651825,1.599516749382019,0.8420945405960083,0.7348149418830872,0.12325629591941833,1.341162919998169
0.7275018095970154,0.48738574981689453,1.2217332124710083,0.8263100981712341,0.14344727993011475,1.6334246397018433,0.38141459226608276,2.2117607593536377,0.35280123353004456,1.533922791481018,1.6124736070632935,1.0260852575302124,2.186673641204834,0.00039999998989515007,0.03617151454091072,0.286506712436676,0.4250589907169342,0.8112486004829407,0.24610505998134613,0.759059727191925,0.19641518592834473,0.10199346393346786,0.352957159280777,0.882368266582489,0.5360492467880249,0.7993662357330322,1.6301177740097046,0.8345529437065125,1.4794303178787231,0.10986842960119247,1.0509610176086426,0.147808238863945,0.4064209461212158,1.4099286794662476,0.2051287740468979,2.2245635986328125,1.1728787422180176,0.809374988079071,0.7215157151222229,1.0789508819580078,0.766266405582428,0.39175885915756226,1.0538930892944336,0.5583003759384155,0.4632564187049866,1.3374321460723877,1.3030647039413452,0.9471177458763123,0.03991887345910072,0.5378382802009583,0.9115224480628967,1.1822540760040283,1.7122632265090942,0.7774816155433655,0.6167091131210327,0.08008995652198792,0.7737923860549927
0.5859219431877136,0.12187422811985016,0.5918090343475342,0.7613147497177124,0.11709189414978027,1.3522005081176758,0.5786248445510864,2.030904531478882,0.1613965928554535,1.8541568517684937,1.365334153175354,0.9036200046539307,2.567661762237549,0.00039999998989515007,0.00662457849830389,0.5994532108306885,0.29456543922424316,1.497238039970398,0.2406337559223175,1.078287124633789,0.49718406796455383,0.24324865639209747,0.9297866821289062,1.237502932548523,0.688664972782135,1.1130176782608032,1.2072850465774536,0.8655536770820618,1.357248067855835,0.2506885826587677,1.2048301696777344,0.02298564650118351,0.554929256439209,1.2420352697372437,0.11439727246761322,2.2394421100616455,1.3369441032409668,0.9048354029655457,1.4909530878067017,0.7902050018310547,0.31122416257858276,0.23725832998752594,1.076212763786316,1.0780508518218994,0.456145703792572,1.340415120124817,0.9728521704673767,0.3941425681114197,0.35324642062187195,0.31099724769592285,0.48744887113571167,0.7367755770683289,1.4115198850631714,0.4721335470676422,0.27337437868118286,0.020755745470523834,1.0069835186004639
0.5583803057670593,0.593766987323761,0.6737455129623413,0.6601142883300781,0.4973839521408081,1.4819459915161133,0.49463072419166565,1.2592767477035522,0.3960212171077728,1.647750735282898,1.3782671689987183,1.6271597146987915,2.0313918590545654,0.00039999998989515007,0.34605953097343445,0.1558951437473297,0.9126569628715515,1.8667422533035278,1.0616790056228638,0.8132080435752869,0.40118083357810974,0.5132637619972229,0.7185017466545105,1.2616300582885742,0.8301436901092529,1.2358951568603516,1.037211537361145,0.6017603278160095,1.3984055519104004,0.6612955331802368,1.1458395719528198,0.7675636410713196,1.3567527532577515,0.9416812658309937,0.1429411619901657,1.73320472240448,1.419526219367981,0.43612945079803467,1.401615858078003,1.0327978134155273,0.8059712648391724,0.6303824186325073,0.784646213054657,0.06290721148252487,0.12875106930732727,1.3206653594970703,0.3168965280056,0.40921103954315186,0.18777891993522644,0.1472359150648117,0.700524628162384,1.5357894897460938,1.1911423206329346,1.0482914447784424,1.1190106868743896,0.1249711737036705,0.9648434519767761
0.31080955266952515,0.37483692169189453,0.23825208842754364,0.06283049285411835,0.31943008303642273,1.0045440196990967,0.12685450911521912,1.5011142492294312,0.3024033010005951,0.9000623226165771,0.2053544819355011,0.9494120478630066,2.2033274173736572,0.00039999998989515007,0.3051379323005676,0.38329094648361206,0.3162664473056793,2.5509109497070312,0.319536417722702,0.737189769744873,0.4736698269844055,0.3771499693393707,1.6069260835647583,1.2887223958969116,0.5854758024215698,1.7306761741638184,0.5767474174499512,1.4786126613616943,0.7729575037956238,0.6681770086288452,0.8135419487953186,0.2183956503868103,0.9691290259361267,1.668453574180603,0.6623502969741821,2.3905134201049805,1.2068674564361572,1.4813672304153442,1.5813268423080444,0.19362986087799072,0.16691407561302185,1.157600998878479,1.1735609769821167,1.281855821609497,0.13902737200260162,1.170937418937683,0.3290289640426636,0.015861384570598602,0.5377541184425354,0.43667539954185486,0.39559146761894226,0.3507922291755676,0.8024067282676697,0.3082178235054016,0.4083123207092285,1.5310026407241821,0.6391334533691406
0.24768169224262238,0.2999238073825836,0.00656328909099102,0.6469607949256897,0.5000850558280945,1.1530938148498535,0.5740305781364441,0.7073857188224792,0.5676767230033875,0.9288323521614075,0.46403050422668457,0.553682804107666,2.52610182762146,0.00039999998989515007,0.06795603036880493,0.028396455571055412,0.26104894280433655,2.59844970703125,0.6084696054458618,1.4677430391311646,1.5970159769058228,1.0713860988616943,0.9057355523109436,1.932763695716858,0.6063807606697083,1.3707915544509888,0.10623588413000107,0.2502015233039856,0.1389346569776535,1.2886313199996948,1.2721011638641357,0.7060462832450867,0.5709282159805298,0.2124781608581543,0.17529736459255219,0.38862887024879456,1.688557505607605,0.2745208144187927,2.5583906173706055,0.2343822866678238,0.21893015503883362,0.12816567718982697,1.1677206754684448,1.7282569408416748,0.030800843611359596,0.08001941442489624,0.7644007205963135,1.3500854969024658,0.5758153200149536,0.22727598249912262,0.3841870427131653,0.6525140404701233,0.9054288268089294,0.004074822645634413,0.6260843873023987,0.6844807863235474,1.4321643114089966
1.0448169708251953,0.3768399655818939,0.36809042096138,1.0272425413131714,0.03690918907523155,0.6221189498901367,1.0677225589752197,1.621047019958496,0.19851051270961761,1.1374261379241943,1.6771701574325562,1.148996353149414,1.7775124311447144,0.00039999998989515007,0.2645723521709442,0.3609401285648346,0.8665710687637329,2.2228891849517822,0.00978043396025896,1.938785195350647,0.1446978896856308,0.6535542607307434,1.2989057302474976,1.7749537229537964,0.3517732620239258,1.1932445764541626,0.06864091753959656,0.36759209632873535,0.5469105243682861,1.0911496877670288,0.7378464341163635,0.5818914175033569,1.0079816579818726,0.2790185511112213,0.4054805338382721,0.6833785176277161,0.9728004336357117,0.3801613748073578,2.434831380844116,0.9389306902885437,0.041723158210515976,0.08285776525735855,0.5342214107513428,0.7552845478057861,1.1641345024108887,0.9866860508918762,0.5292642116546631,0.1117556095123291,0.7295512557029724,0.5413482785224915,0.6023344993591309,0.38806411623954773,1.4229954481124878,1.7273192405700684,0.8775853514671326,0.13589045405387878,1.443753957748413
0.3634231984615326,0.3632626533508301,0.5371108651161194,0.754999041557312,0.2565770149230957,1.5039644241333008,0.6400008797645569,2.8232455253601074,0.14264030754566193,1.5891367197036743,1.1483349800109863,1.0001336336135864,2.3299126625061035,0.00039999998989515007,0.1821054071187973,0.36197012662887573,0.4496721029281616,1.8669768571853638,0.05945691093802452,1.0117675065994263,0.3892049789428711,0.35910576581954956,0.6932492256164551,1.3887982368469238,0.6689082384109497,1.0676223039627075,1.00150728225708,0.742232084274292,0.9166111946105957,0.036857396364212036,1.048292636871338,0.13570617139339447,0.5326356291770935,1.1658821105957031,0.17574834823608398,2.061494827270508,1.2237166166305542,1.2293167114257812,1.6253798007965088,0.7592423558235168,0.19351617991924286,0.6984946727752686,0.807899534702301,0.9676533341407776,0.5979267358779907,1.569332480430603,0.7706038951873779,0.7735547423362732,0.2999849021434784,0.30030718445777893,0.016965307295322418,0.7745653986930847,1.3240958452224731,0.7642297148704529,0.023193471133708954,0.21305492520332336,0.8641337752342224
0.7088963389396667,0.7143824696540833,0.8799489736557007,0.8642351031303406,0.531639575958252,1.195435643196106,0.4160882234573364,3.5002036094665527,0.05427978187799454,1.2018933296203613,0.6368626356124878,0.16487276554107666,1.4879155158996582,0.00039999998989515007,0.8268963694572449,1.0294233560562134,0.40356171131134033,0.4088646471500397,0.6747366189956665,0.013159719295799732,0.8556967973709106,0.10361674427986145,0.4023158550262451,0.33925798535346985,0.2679066061973572,0.03832682594656944,1.0947318077087402,0.5881201028823853,0.7939913272857666,1.114410400390625,0.4683508276939392,0.02374665066599846,0.9955518841743469,1.7920308113098145,0.23413078486919403,1.614447832107544,0.6669458746910095,1.4772309064865112,1.0504618883132935,1.0709964036941528,0.3839259147644043,0.5166589021682739,0.5426073670387268,0.8106645941734314,0.18773072957992554,2.4189326763153076,1.8773188591003418,1.1255747079849243,1.0412673950195312,0.1591947078704834,0.20939989387989044,1.5344901084899902,1.111332654953003,0.2507894039154053,0.5684900283813477,0.01582682877779007,0.1282007098197937
0.3403915762901306,1.4249908924102783,1.3280034065246582,0.7430086731910706,0.27351653575897217,1.679174780845642,0.26792794466018677,2.725797653198242,0.21875347197055817,1.3004450798034668,0.8899105191230774,0.8133375644683838,1.4609696865081787,0.00039999998989515007,0.011046820320189,1.268832802772522,0.7054347395896912,1.221247673034668,0.7054699063301086,0.3740944564342499,0.6639699935913086,0.34013086557388306,0.32196617126464844,0.11142715811729431,0.11880875378847122,0.9434013962745667,0.8642154335975647,1.6928625106811523,0.528905987739563,0.6595261096954346,0.2826879918575287,0.15608516335487366,0.12614376842975616,1.7622231245040894,0.33804795145988464,1.5853265523910522,1.3127468824386597,1.6111482381820679,1.7265733480453491,0.44324588775634766,0.28142601251602173,0.5193270444869995,0.3067687451839447,1.3200626373291016,0.36284175515174866,1.7148438692092896,1.2024729251861572,0.9504369497299194,0.7021470665931702,0.6550593972206116,0.5482234954833984,1.3423432111740112,1.30191969871521,0.4079982042312622,0.524864673614502,0.41565635800361633,0.5529005527496338
0.14742109179496765,0.2762276828289032,0.8625763058662415,0.661608874797821,0.4808214604854584,1.3574925661087036,0.7765095829963684,2.9960012435913086,0.2234548181295395,1.1162420511245728,0.5142784118652344,0.08122953027486801,2.3290960788726807,0.00039999998989515007,0.43664485216140747,0.3583117425441742,0.007490175776183605,1.1387691497802734,0.4884827435016632,1.4372000694274902,0.3285970091819763,0.4322657585144043,0.16536067426204681,1.6725329160690308,0.5865346789360046,0.45146268606185913,0.9405452609062195,0.8556139469146729,1.599402666091919,0.47598573565483093,0.9663044810295105,0.06306187063455582,0.017209112644195557,1.577202558517456,0.3725922703742981,2.378883123397827,0.763978898525238,0.9500242471694946,0.5919253826141357,0.4485599100589752,0.4327855706214905,1.2381865978240967,1.5980182886123657,0.19796983897686005,0.522419273853302,1.5858502388000488,1.2982101440429688,1.343345046043396,0.27789658308029175,0.3068828582763672,0.8736785650253296,0.379883348941803,1.2732592821121216,0.15032587945461273,0.28489863872528076,0.5860366821289062,0.05246734246611595
0.18064458668231964,0.981705904006958,1.5455427169799805,1.2123726606369019,0.8389460444450378,1.871569037437439,0.7020272612571716,2.4727888107299805,0.6099516749382019,0.7024186849594116,1.6806236505508423,1.382983922958374,1.3181031942367554,0.00039999998989515007,0.6992449760437012,0.05644362047314644,1.3409342765808105,1.6893798112869263,0.5127795338630676,0.6061775088310242,0.12140127271413803,0.7764870524406433,0.38304629921913147,1.3094515800476074,0.08824212849140167,0.9977047443389893,0.6460854411125183,0.6358293294906616,0.6729272603988647,0.04743059352040291,0.33036962151527405,0.39437103271484375,0.7672100067138672,0.986732542514801,0.28653207421302795,0.9110561609268188,1.6099640130996704,0.5914902687072754,1.691396713256836,0.8959317207336426,0.3908323347568512,0.9586530923843384,0.08905600011348724,0.192523792386055,0.4814450144767761,1.4319312572479248,0.6979441046714783,1.130118489265442,0.6837854981422424,0.08902297168970108,0.5498400926589966,1.331639289855957,1.7163805961608887,1.2061551809310913,0.8283533453941345,0.07606546580791473,1.1553279161453247
0.5557346343994141,0.3644096553325653,0.44568052887916565,0.7152828574180603,0.21419034898281097,1.674879789352417,0.5512252449989319,2.680633068084717,0.2878572642803192,1.2424495220184326,1.080585241317749,1.4605728387832642,1.6368725299835205,0.00039999998989515007,0.022883202880620956,0.46222880482673645,1.2045143842697144,2.76485013961792,0.7954981327056885,1.1484410762786865,0.047268111258745193,1.0165828466415405,0.613185703754425,1.5577419996261597,0.78968745470047,1.2450042963027954,0.35930952429771423,0.40197449922561646,0.5757501721382141,0.5633127093315125,0.7052028775215149,0.06880681961774826,1.2962610721588135,0.5760911107063293,0.6997689604759216,1.5076016187667847,0.9615625143051147,0.6988844275474548,1.7874332666397095,0.8679605722427368,0.5822110772132874,1.2619656324386597,0.37198907136917114,0.008015674538910389,0.8928361535072327,1.0268937349319458,0.04510956630110741,0.7215428948402405,0.32013633847236633,0.17141197621822357,0.15744329988956451,0.8576292991638184,1.1092007160186768,1.4855114221572876,0.39197850227355957,0.44448134303092957,0.8261351585388184
0.15235015749931335,0.7463231682777405,0.5748942494392395,0.4914672076702118,0.2245575189590454,1.8048439025878906,0.5324898362159729,3.8553991317749023,0.015560764819383621,0.9829854369163513,0.8348077535629272,0.5830962657928467,1.3524385690689087,0.00039999998989515007,0.25521767139434814,0.41339123249053955,0.722379207611084,1.9843337535858154,0.01736358553171158,0.4670664072036743,0.5200937390327454,0.623354971408844,0.047386541962623596,1.3828961849212646,0.4905657470226288,1.0772836208343506,0.80665123462677,0.6655206680297852,0.14391858875751495,0.8997993469238281,0.474172979593277,0.02711394429206848,0.13925498723983765,1.2543656826019287,0.552565336227417,1.9270496368408203,0.9537061452865601,1.4962735176086426,1.3244235515594482,0.38644254207611084,0.11238141357898712,1.313215732574463,0.004206412471830845,0.7736263871192932,0.6120205521583557,1.6320313215255737,0.5917090773582458,1.5095616579055786,0.34386640787124634,0.28827470541000366,0.9605353474617004,1.0873671770095825,1.0673664808273315,0.648526668548584,0.6741659641265869,0.4070014953613281,0.7615254521369934
0.9364214539527893,0.11332728713750839,0.35942643880844116,0.09092632681131363,0.10790570825338364,0.9600982069969177,1.1082698106765747,2.867570161819458,0.35989537835121155,0.8421533107757568,0.7565652132034302,1.2332475185394287,0.8775084018707275,0.00039999998989515007,0.22938844561576843,1.3708854913711548,0.9323579668998718,2.800086259841919,0.244187131524086,1.6142939329147339,0.9802283048629761,0.8186529278755188,0.04066379368305206,2.0228312015533447,0.23033803701400757,1.4806627035140991,0.011940186843276024,0.9000082612037659,0.5405372381210327,0.3137933015823364,0.28333836793899536,0.5857982635498047,0.5103157162666321,0.8699108362197876,0.4861202836036682,1.2872087955474854,0.2214280366897583,1.1591652631759644,0.641907274723053,0.077860027551651,0.07659880816936493,1.8466485738754272,0.19648246467113495,0.23213128745555878,1.2556779384613037,0.6636826992034912,0.6127499938011169,1.4443328380584717,1.0706228017807007,0.43910977244377136,0.808698296546936,0.11470572650432587,1.1656148433685303,1.8340599536895752,0.33102574944496155,0.5438373684883118,0.5594869256019592
0.5878243446350098,0.7068710923194885,0.07535213977098465,0.5017089247703552,0.41088035702705383,1.6257774829864502,0.8259264230728149,3.5095674991607666,0.6907208561897278,0.4731066823005676,0.9119135737419128,1.3424497842788696,1.6345665454864502,0.00039999998989515007,0.31272101402282715,0.3440990149974823,0.5037972331047058,2.3952784538269043,0.33275148272514343,0.7316231727600098,0.13154909014701843,0.535576343536377,0.6551594138145447,1.5453431606292725,0.6381712555885315,0.810142993927002,0.9552555084228516,0.3976770341396332,0.2338446080684662,0.011868198402225971,0.37865474820137024,0.01121019572019577,0.8293840885162354,1.1931569576263428,0.7732892036437988,2.171428680419922,0.7394800186157227,1.0994527339935303,1.21084463596344,0.4849461019039154,0.31429338455200195,1.6950225830078125,0.4104236960411072,0.15874072909355164,0.9237760305404663,1.3117173910140991,0.13299044966697693,1.2036422491073608,0.1193435862660408,0.03421607241034508,0.8209405541419983,1.0819554328918457,0.897858738899231,1.2413352727890015,0.02803448960185051,0.720956027507782,0.5579038858413696
0.38735929131507874,0.16676415503025055,0.3624916672706604,0.5868632793426514,0.34987714886665344,1.6081361770629883,0.5949072241783142,3.515573740005493,0.10335890203714371,1.0171719789505005,1.1087851524353027,1.2647095918655396,1.5811702013015747,0.00039999998989515007,0.026745924726128578,0.10080693662166595,1.3130550384521484,2.9534168243408203,0.5974681377410889,1.2245947122573853,0.1966460794210434,1.0332536697387695,0.29896458983421326,1.2861274480819702,0.4997958540916443,1.132885456085205,0.0415884330868721,0.31494539976119995,0.33072569966316223,0.3683050274848938,0.38613778352737427,0.4116227328777313,0.8558962941169739,0.5398445129394531,0.8272669911384583,1.480927586555481,0.8758159875869751,0.8640767931938171,1.7678847312927246,0.8007318377494812,0.21654412150382996,1.357595443725586,0.32105132937431335,0.05360635742545128,0.9108505249023438,1.0891637802124023,0.16185104846954346,0.8793149590492249,0.041851263493299484,0.2359800487756729,0.2960209250450134,1.0273138284683228,1.180159091949463,1.4259018898010254,0.1552811712026596,0.13852089643478394,0.6340011358261108
0.09116263687610626,0.25150397419929504,0.04126394912600517,0.15031656622886658,0.19328904151916504,1.1513534784317017,0.8100574612617493,3.4781064987182617,0.15179789066314697,1.3233081102371216,0.7983134984970093,1.1835204362869263,1.7396948337554932,0.00039999998989515007,0.02859286218881607,0.21602122485637665,0.8026334643363953,3.390794038772583,0.1504286229610443,1.0772038698196411,0.5171720385551453,0.5697640776634216,0.5315153002738953,1.6924220323562622,0.5627300143241882,1.447684407234192,0.12267914414405823,0.05195910483598709,0.1724472939968109,0.12648701667785645,0.9159404635429382,0.11434666812419891,0.8488173484802246,0.45021623373031616,0.4172620475292206,1.5042544603347778,1.0965137481689453,1.2894145250320435,1.7879765033721924,0.4919973909854889,0.04046192392706871,0.8125970959663391,0.017405705526471138,0.6871986389160156,0.6205915808677673,1.402890682220459,0.24015596508979797,0.6927987337112427,0.08491943031549454,0.33178794384002686,0.5220564603805542,0.7997416853904724,0.9225081205368042,1.1534360647201538,0.052560824900865555,0.1277933567762375,0.8792732357978821
0.705226719379425,0.9565520882606506,0.7771346569061279,0.6241475343704224,0.8659414649009705,2.0131232738494873,0.7250316143035889,3.654472827911377,0.33513280749320984,0.625725507736206,1.057675838470459,0.8327635526657104,1.2145928144454956,0.00039999998989515007,0.6414189338684082,0.6384721398353577,0.688668429851532,2.451174020767212,0.33089473843574524,0.313834547996521,0.6831094026565552,0.31863516569137573,0.20494572818279266,0.13522827625274658,0.31352218985557556,2.180161952972412,0.9160614013671875,0.6693019866943359,0.6145736575126648,0.698085367679596,0.3014858067035675,0.15842704474925995,0.5240151882171631,0.9201095700263977,0.012453998439013958,2.0610153675079346,0.9303605556488037,1.473718285560608,0.18096962571144104,0.45885756611824036,0.22096683084964752,0.39782989025115967,0.147309347987175,1.5743887424468994,0.07650315016508102,0.12223850935697556,0.33217787742614746,1.2438348531723022,0.0050496929325163364,0.024459749460220337,0.08450369536876678,0.9966723322868347,1.4795397520065308,0.08869580924510956,0.5325279235839844,0.9557094573974609,1.1961791515350342
0.6660434603691101,0.08787386864423752,0.00023622634762432426,0.4336819648742676,0.09459704905748367,0.2648220956325531,1.6853411197662354,3.096585512161255,0.38482263684272766,0.40497884154319763,0.6150177121162415,0.5779265761375427,0.27736562490463257,0.00039999998989515007,0.22935505211353302,0.8089776039123535,0.7538976073265076,3.0638816356658936,0.5807444453239441,1.2559349536895752,0.28849413990974426,0.45429348945617676,0.7938928604125977,2.3485090732574463,0.08207610249519348,1.1042197942733765,0.2851009964942932,1.323769450187683,0.3374945819377899,0.13708385825157166,0.1807023584842682,0.15576153993606567,0.6000587344169617,0.7201335430145264,0.2704547047615051,0.8818002939224243,0.1542109251022339,1.2487268447875977,1.6639703512191772,0.05568084120750427,0.5877499580383301,0.8655329942703247,0.7031692266464233,0.7738838791847229,1.1278167963027954,1.3605787754058838,0.1520874947309494,0.8929993510246277,1.1951522827148438,1.1448724269866943,1.223466157913208,0.4451230764389038,1.1358675956726074,1.5259119272232056,0.3695818781852722,0.6735104322433472,1.2623752355575562
0.8206951022148132,0.06207279860973358,0.7432050108909607,0.04125504195690155,0.05442747101187706,0.0631265640258789,0.6815001964569092,4.157968997955322,0.05171025171875954,0.18298932909965515,0.31540361046791077,0.09904316067695618,0.6069446206092834,0.00039999998989515007,0.4510542154312134,0.36233454942703247,0.692436695098877,1.9422228336334229,0.5183667540550232,1.0449235439300537,0.10750895738601685,0.860699474811554,0.6403080224990845,1.5683571100234985,0.01695484109222889,0.8034715056419373,0.24140621721744537,0.8958026766777039,0.40961018204689026,1.3818944692611694,0.33710625767707825,0.10556012392044067,0.9989106059074402,1.61923348903656,0.3629816770553589,1.5378155708312988,0.4403238594532013,1.40738844871521,1.11936616897583,0.3479084074497223,0.34518003463745117,1.0573674440383911,0.13330478966236115,0.45732584595680237,1.007855772972107,2.0398507118225098,1.157647967338562,1.6416690349578857,0.32173117995262146,0.7851810455322266,1.4604125022888184,0.8341478109359741,1.117309331893921,0.298092782497406,0.6079850792884827,0.538944661617279,0.40110161900520325
0.08647670596837997,0.5141270160675049,0.539635956287384,0.2062903791666031,0.306414932012558,0.5500962138175964,1.2309439182281494,4.3690080642700195,0.212448850274086,0.4381747245788574,0.12885192036628723,0.25752347707748413,0.7566680908203125,0.00039999998989515007,0.736346960067749,0.09130033850669861,0.5025599002838135,2.1358118057250977,0.22198668122291565,1.3176980018615723,0.33476391434669495,0.733267605304718,0.5611192584037781,1.3033612966537476,0.3415735363960266,0.24457967281341553,0.47370830178260803,0.6345475316047668,0.6563244462013245,0.9162837862968445,0.45459794998168945,0.5931484699249268,0.9067597985267639,1.4001374244689941,0.5925077199935913,1.8646762371063232,0.3084580898284912,1.5686875581741333,0.33392930030822754,0.009961008094251156,0.6822298765182495,1.4249109029769897,0.49731484055519104,0.05058592930436134,0.963598906993866,1.3850281238555908,1.2235673666000366,1.7390097379684448,0.04199573025107384,0.3832012116909027,1.5460280179977417,0.36049145460128784,1.4047313928604126,0.23242443799972534,0.4541268050670624,0.3813949227333069,0.5187619924545288
0.7016598582267761,0.004906798247247934,0.1322070211172104,0.5110058784484863,0.05754471942782402,0.9990465044975281,1.121161937713623,4.236735820770264,0.33642691373825073,0.7358304858207703,0.8629851341247559,0.838306188583374,0.6744635701179504,0.00039999998989515007,0.30287379026412964,1.131792426109314,0.8470039367675781,3.092541217803955,0.32432448863983154,1.3416987657546997,0.6953102946281433,0.681969404220581,0.2527291774749756,1.8570945262908936,0.25498688220977783,0.9080138802528381,0.23852139711380005,0.8011296987533569,0.48857811093330383,0.22841528058052063,0.45759573578834534,0.6711315512657166,0.41114678978919983,0.4221167266368866,0.3894517421722412,1.200352430343628,0.12849517166614532,1.0171749591827393,1.0577298402786255,0.14532066881656647,0.10581830888986588,1.1931257247924805,0.20758552849292755,0.23103585839271545,1.3441920280456543,0.6543108224868774,0.14552336931228638,0.8341643214225769,1.0831975936889648,0.9010867476463318,0.717109203338623,0.03336142376065254,1.4331191778182983,1.6588243246078491,0.09322445094585419,0.48921167850494385,0.6690220236778259
0.9385716915130615,0.7464850544929504,1.5187561511993408,0.022324545308947563,0.23804467916488647,1.265344500541687,0.27452656626701355,4.396507740020752,0.32607877254486084,0.9552804827690125,0.47795355319976807,0.4236585795879364,0.3372575044631958,0.00039999998989515007,0.05436641350388527,0.9058278203010559,1.4671765565872192,2.5379767417907715,0.5927501320838928,0.18404975533485413,0.4686356484889984,0.7159715294837952,0.7390062808990479,0.12942707538604736,0.2010691612958908,0.9624908566474915,0.23185858130455017,0.8051100969314575,0.02520592510700226,1.0335450172424316,0.32737213373184204,0.08813704550266266,0.395791232585907,1.2401447296142578,0.924010157585144,1.1675387620925903,1.0185439586639404,1.3848410844802856,1.1048920154571533,0.4077540934085846,0.49843335151672363,0.7510024905204773,0.8702408671379089,0.48207685351371765,0.011303669773042202,1.4996587038040161,0.8423989415168762,1.0368603467941284,0.9003260135650635,0.5445422530174255,0.33028796315193176,1.7979402542114258,1.1024342775344849,0.045721385627985,0.6521838903427124,0.06589304655790329,0.053195301443338394
0.001890519168227911,1.793412208557129,0.7371808886528015,1.3240325450897217,0.28865566849708557,0.3093392252922058,0.24261094629764557,3.141735076904297,0.7022655010223389,0.17222869396209717,0.09242204576730728,0.06927862018346786,1.1394673585891724,0.00039999998989515007,0.3163192868232727,0.9771327376365662,0.3688153028488159,2.92006516456604,0.06164045259356499,2.7322797775268555,0.39101749658584595,0.46246567368507385,0.13394302129745483,1.5476503372192383,0.0427415706217289,1.1837005615234375,1.1418263912200928,0.8270492553710938,0.4580324590206146,0.5746610760688782,0.43695300817489624,1.5868210792541504,0.37225285172462463,0.6757896542549133,0.6102526783943176,1.0817785263061523,0.18895502388477325,0.8707205653190613,0.43631622195243835,0.4545322060585022,0.3350580632686615,1.3397307395935059,0.9869846105575562,0.9265313744544983,0.2831393778324127,0.4876086711883545,1.2943037748336792,0.26838037371635437,0.22248466312885284,1.013633131980896,1.6500160694122314,0.22864361107349396,0.18656222522258759,1.1875979900360107,0.5046588778495789,0.41809362173080444,0.4690813422203064
0.633185088634491,1.2966638803482056,0.3907647728919983,0.6760225892066956,0.05236349627375603,1.0152655839920044,0.29587045311927795,3.4862101078033447,0.3929483890533447,0.9003481864929199,0.9698148965835571,1.8264702558517456,0.9667325615882874,0.00039999998989515007,0.510137677192688,0.8151100277900696,0.5113354921340942,2.6915156841278076,0.9832099676132202,0.8604943156242371,0.411896675825119,1.2982375621795654,0.42404311895370483,0.8255980610847473,0.1882009357213974,1.3637974262237549,1.0925614833831787,0.7384926080703735,0.4995546042919159,0.027138393372297287,0.3657324016094208,0.3705262243747711,0.7654126286506653,0.6410488486289978,0.014681349508464336,1.9461774826049805,1.2540624141693115,1.6748623847961426,0.4036896824836731,0.11663269251585007,0.38056671619415283,0.12604022026062012,1.0914438962936401,1.422910213470459,0.6147506237030029,0.6080988645553589,0.38359183073043823,0.26395896077156067,0.45308783650398254,0.27673768997192383,1.0017648935317993,1.7037196159362793,0.9377574324607849,0.3966561555862427,0.634277880191803,0.4982435703277588,0.9692751169204712
0.35164588689804077,1.708052158355713,0.6969897150993347,0.8369967341423035,0.08634839206933975,0.09943874180316925,0.20084385573863983,3.8116769790649414,1.0952950716018677,0.1605585217475891,0.46315306425094604,0.38645413517951965,0.9682691693305969,0.00039999998989515007,0.344535768032074,0.6650446057319641,0.9095575213432312,2.9881062507629395,0.08680412173271179,2.648632526397705,0.3608745038509369,0.8818285465240479,0.2533852159976959,0.5461333394050598,0.0683169886469841,0.8376685380935669,1.2304342985153198,0.4549199938774109,0.7429376840591431,1.094650149345398,0.22451643645763397,2.1165106296539307,0.3708966374397278,0.8692106604576111,0.9418697953224182,0.8467327952384949,0.3827642500400543,0.2695344388484955,0.14940829575061798,0.11972571164369583,0.3903650939464569,1.1171237230300903,0.7372071146965027,1.2110334634780884,0.7781553864479065,0.057915955781936646,0.7846435308456421,0.23317860066890717,0.34619763493537903,0.21823006868362427,0.9153454899787903,0.050208888947963715,0.3145208954811096,1.593347191810608,0.5419769287109375,0.02202824503183365,0.5216419100761414
0.720170259475708,0.3166182339191437,0.16041383147239685,1.2262457609176636,0.44859015941619873,1.0461190938949585,1.7578747272491455,4.1061177253723145,0.19576969742774963,0.44954806566238403,0.07107312977313995,0.8372682332992554,0.44360291957855225,0.00039999998989515007,0.3915692865848541,0.7150262594223022,0.5204156637191772,3.722172737121582,0.24504366517066956,1.2842282056808472,0.8274340033531189,0.3854905962944031,0.021344754844903946,0.4387730062007904,0.260460764169693,1.7167071104049683,0.11661798506975174,0.6592651009559631,0.9187391400337219,0.25137802958488464,0.4820699095726013,0.29912060499191284,0.8191238045692444,0.48905619978904724,0.25465038418769836,0.9664922952651978,0.3526071608066559,1.3333467245101929,0.8296982645988464,1.06533944606781,0.25336983799934387,0.8460092544555664,0.030757473781704903,0.5311102271080017,0.16376683115959167,0.06788916140794754,1.7500215768814087,0.7080303430557251,0.02424396015703678,0.7297725677490234,1.0631576776504517,0.8291900753974915,1.0985679626464844,0.6869878172874451,0.20366163551807404,0.9191182255744934,0.4730673134326935
0.25313135981559753,0.33354347944259644,0.37115880846977234,0.1385689079761505,0.2249191552400589,1.1878241300582886,0.7807915210723877,5.51820707321167,0.11271755397319794,0.36106109619140625,0.013294112868607044,0.25682497024536133,0.257510781288147,0.00039999998989515007,0.4236925542354584,0.4205405116081238,0.3981665074825287,2.9737651348114014,0.3208686411380768,0.403079092502594,0.39972570538520813,0.6090617775917053,0.3854302763938904,1.0151207447052002,0.08624444156885147,0.5673947334289551,0.24023906886577606,0.39926308393478394,1.0469839572906494,0.9360345005989075,0.6035128831863403,0.49135199189186096,0.5381288528442383,0.4052197337150574,0.8659691214561462,1.3738843202590942,0.049400605261325836,1.461275339126587,0.45114845037460327,0.2717735469341278,0.4086757004261017,1.2142976522445679,0.7581222057342529,0.4052934944629669,0.9679709672927856,0.7375121712684631,0.1774907112121582,1.2795480489730835,0.1269877403974533,0.3175189793109894,1.614066243171692,0.6831705570220947,0.5917098522186279,0.5763029456138611,1.0929149389266968,0.051810864359140396,0.025361884385347366
0.3562573790550232,0.13575084507465363,0.17513638734817505,0.5959117412567139,0.5425788760185242,0.6668000221252441,1.1345990896224976,5.3588666915893555,0.5326052308082581,1.0485754013061523,0.05184421315789223,0.14898692071437836,0.05971477925777435,0.00039999998989515007,1.1098870038986206,0.7306497693061829,0.3098453879356384,2.446101188659668,0.8889765739440918,1.0181480646133423,0.5047956705093384,0.44113218784332275,0.10640420764684677,0.6409494876861572,0.49515724182128906,0.1415320485830307,0.4862573742866516,0.8853745460510254,0.7460438013076782,0.2701050639152527,1.3238451480865479,0.9392944574356079,0.9555552005767822,0.7150070071220398,0.4330306351184845,1.1844192743301392,0.9871208071708679,1.2836147546768188,0.30111396312713623,0.027952726930379868,0.7377879619598389,0.7110639214515686,0.19647261500358582,0.362836629152298,1.4016640186309814,0.5967409014701843,0.7199390530586243,0.6551318168640137,0.447879433631897,0.6546151041984558,1.2141789197921753,0.31420573592185974,1.0811166763305664,0.8731915950775146,0.8690847158432007,0.22383321821689606,0.3412790298461914
0.1382812261581421,0.47821739315986633,0.2192607969045639,0.12540724873542786,0.2791946232318878,0.1345972865819931,1.1023386716842651,4.282794952392578,0.12996335327625275,0.16774944961071014,0.13815031945705414,0.6818241477012634,0.2766047418117523,0.00039999998989515007,0.39100146293640137,1.1116260290145874,1.187759280204773,4.755806922912598,0.25160184502601624,0.9680835604667664,0.2131243497133255,0.3170904815196991,0.4916917085647583,1.3645000457763672,0.10113832354545593,1.2110066413879395,1.1898995637893677,1.0384979248046875,0.3280348777770996,0.5624571442604065,0.015843462198972702,0.32205408811569214,0.6102321743965149,0.017364809289574623,0.660016655921936,0.708314836025238,0.008305911906063557,1.0657429695129395,1.2444063425064087,0.3048219382762909,0.7256515622138977,0.715460479259491,0.666476845741272,0.24395546317100525,0.820273756980896,0.7275890111923218,0.6113303899765015,0.16881710290908813,0.21715699136257172,0.36419785022735596,0.7776631712913513,0.019275741651654243,0.6223999261856079,1.2678617238998413,0.0919988751411438,0.516931414604187,0.17901813983917236
0.8139998912811279,0.3225734531879425,0.6840194463729858,0.45443761348724365,0.6134039759635925,1.0173717737197876,1.1657058000564575,5.067663192749023,0.9087190628051758,1.0810518264770508,0.16429969668388367,0.3946535587310791,0.18125295639038086,0.00039999998989515007,0.982835590839386,0.662481963634491,0.15822839736938477,2.378685235977173,0.4909491240978241,0.5332444310188293,0.3701348900794983,0.6473742723464966,0.6836557984352112,0.6624839901924133,0.11687912791967392,0.32250261306762695,0.13456088304519653,0.2511593699455261,0.8133499026298523,0.2472306489944458,1.5069395303726196,0.6048686504364014,0.5200996994972229,0.9912533760070801,1.0478507280349731,1.8520503044128418,0.7986014485359192,0.850875735282898,0.2871357798576355,0.3618725836277008,0.44904303550720215,1.2755942344665527,0.4136858880519867,0.2601478397846222,1.697601556777954,0.05451099947094917,0.5335679054260254,0.7841048836708069,0.44864851236343384,0.24805580079555511,1.6524031162261963,0.16608038544654846,0.6728424429893494,0.46837541460990906,0.9315959811210632,0.3825047016143799,0.3723590672016144
1.4380242824554443,0.5705720782279968,0.9135966897010803,0.41388943791389465,0.054832980036735535,0.8784887790679932,0.3890914022922516,4.828000545501709,0.023254862055182457,0.779262363910675,0.16189143061637878,0.12221570312976837,0.007030871696770191,0.00039999998989515007,0.1556798815727234,0.8681644797325134,0.8374193906784058,2.027839183807373,0.717082679271698,0.5213196873664856,0.8466759324073792,0.5715221762657166,0.9754816293716431,0.33341875672340393,0.18220111727714539,0.397197425365448,0.08141368627548218,0.5440425276756287,0.5027466416358948,1.4491099119186401,0.5020085573196411,0.10058175027370453,1.048366665840149,1.218284010887146,1.1087419986724854,1.0934761762619019,0.7275488972663879,0.9810752868652344,0.6019911170005798,0.1887233555316925,0.5814531445503235,0.5470458269119263,1.2169944047927856,0.3856160044670105,0.14659863710403442,1.3537325859069824,0.8330103158950806,0.8479406833648682,1.4337202310562134,0.5938190221786499,0.9295409917831421,1.9183577299118042,0.3110988736152649,0.37023016810417175,1.279707670211792,0.25617608428001404,0.4866639971733093
0.6852812170982361,0.19899997115135193,1.0799983739852905,0.07082504034042358,0.4076455533504486,1.0367263555526733,1.0149900913238525,4.9100823402404785,0.8957201242446899,0.9122077226638794,0.2065453827381134,0.7427395582199097,0.33719974756240845,0.00039999998989515007,0.42499494552612305,0.9029994606971741,0.13526535034179688,3.157172203063965,0.028920043259859085,0.6529593467712402,0.0018540374003350735,0.7688491940498352,0.5947408080101013,0.9998552799224854,0.03691598027944565,0.23220254480838776,0.13189171254634857,0.44836893677711487,1.055012583732605,0.1327335089445114,1.0070717334747314,0.722550094127655,0.00432107038795948,0.4996720552444458,1.139426827430725,1.6871916055679321,0.4107620418071747,0.854590117931366,0.6321126222610474,0.32502028346061707,0.3708750605583191,1.694751501083374,0.4415326714515686,0.104645736515522,1.5301499366760254,0.10548418015241623,0.3680269420146942,1.0232033729553223,0.2168515920639038,0.17578311264514923,1.554447054862976,0.3870023787021637,0.3161882758140564,0.9619174003601074,0.722705602645874,0.3087623417377472,0.1448444426059723
1.168466567993164,0.01240906398743391,0.6442241072654724,0.8462123274803162,0.09038718044757843,1.069994330406189,1.819808840751648,4.899972438812256,0.12159086763858795,1.3957515954971313,0.7460645437240601,0.1699945330619812,0.46999260783195496,0.00039999998989515007,1.197287917137146,0.11896112561225891,0.07025516033172607,2.2723355293273926,0.34534522891044617,0.3445664942264557,0.5177657604217529,0.39530590176582336,0.3532647490501404,0.3994588553905487,0.336868017911911,0.51719069480896,0.09618028253316879,0.04259726032614708,0.051622048020362854,0.23255188763141632,1.5613322257995605,0.8529037833213806,0.25005775690078735,0.7045429348945618,0.7290950417518616,2.0506105422973633,1.0677367448806763,1.4067922830581665,0.48160749673843384,0.2575206458568573,0.9982902407646179,1.309037446975708,0.2458147555589676,0.32845401763916016,0.975163459777832,0.058144159615039825,0.5174424648284912,0.6430900692939758,0.7051169872283936,0.27282822132110596,1.1688599586486816,0.5331529378890991,1.3076478242874146,0.312041312456131,0.2826290726661682,0.5523436069488525,0.24706152081489563
0.6467441320419312,0.8494334816932678,0.5949302315711975,0.739580512046814,0.13867191970348358,1.9041926860809326,1.4100215435028076,5.092146396636963,0.6479736566543579,1.1989587545394897,0.7149643301963806,0.3874375522136688,0.5701799392700195,0.00039999998989515007,0.849146842956543,0.1822250783443451,0.206034854054451,2.1138525009155273,0.005134041421115398,0.44412216544151306,0.25120270252227783,0.20073959231376648,0.24312599003314972,0.44193553924560547,0.17701344192028046,0.19307292997837067,0.2691590487957001,0.5411810278892517,0.39294132590293884,0.5648773312568665,1.0272644758224487,0.2850876450538635,0.3697890639305115,0.6192546486854553,0.9430872797966003,2.0185606479644775,0.6197206377983093,1.7566288709640503,0.4955490231513977,0.5816738605499268,0.5793275237083435,1.5892918109893799,0.14811302721500397,0.5463470220565796,0.6540034413337708,0.04142410680651665,0.03301680088043213,1.39711594581604,0.5327154994010925,0.0743553414940834,1.1190232038497925,0.00790333840996027,1.0214983224868774,0.14017213881015778,0.8340824246406555,0.4936998188495636,0.2966242730617523
0.4353742003440857,0.0924677848815918,0.9059374928474426,0.6953511238098145,0.7948095202445984,1.4284495115280151,0.710624635219574,4.825926780700684,0.18167397379875183,0.5056833028793335,0.970737099647522,0.8012219667434692,0.4779316484928131,0.00039999998989515007,0.44872844219207764,0.31622225046157837,1.5426219701766968,2.0777313709259033,0.06205103546380997,0.3703623116016388,1.3861762285232544,0.5846042037010193,1.241195797920227,0.2940027117729187,0.6948263645172119,1.587112307548523,0.06092406436800957,0.11655918508768082,0.77637779712677,1.0862963199615479,1.362969160079956,0.08873454481363297,1.8453928232192993,0.18559004366397858,0.3866245746612549,0.874734103679657,0.12120973318815231,0.31744304299354553,1.0176336765289307,0.43924498558044434,0.5298298597335815,0.14758573472499847,0.24046801030635834,0.2433849424123764,0.5283460021018982,0.2454114854335785,0.2538536489009857,0.11417125910520554,0.328354150056839,0.6229487657546997,0.6116548180580139,1.793062448501587,1.3122435808181763,0.06784042716026306,1.0758389234542847,0.9276515245437622,0.2794643044471741
0.028655273839831352,0.33803442120552063,0.9167668223381042,0.18767711520195007,0.6103509664535522,1.1032564640045166,0.7385044097900391,5.236120700836182,0.7074320316314697,0.8802133202552795,0.21966782212257385,0.06397394090890884,0.3233908712863922,0.00039999998989515007,0.88792484998703,0.45961058139801025,0.27806857228279114,2.227437973022461,0.5131735801696777,0.241642028093338,0.24163581430912018,0.6010148525238037,0.030632993206381798,0.7305304408073425,0.14730492234230042,0.02990299090743065,0.05295355245471001,0.2899150252342224,1.1179836988449097,0.9263659119606018,1.0352975130081177,0.6690926551818848,0.9065385460853577,0.7554177045822144,1.1136353015899658,1.7899978160858154,0.5716660022735596,1.238855004310608,0.17441467940807343,0.5443355441093445,0.5287603735923767,1.3944708108901978,0.41915687918663025,0.3073073625564575,1.2497150897979736,0.3807331323623657,0.03132164850831032,1.254145622253418,0.20402449369430542,0.05873750150203705,1.7768614292144775,0.46807026863098145,0.29771900177001953,0.27429628372192383,1.492272138595581,0.2588246166706085,0.550053060054779
0.17555643618106842,0.21364633738994598,0.30209770798683167,0.00914175808429718,0.6539431214332581,0.5414037704467773,0.542093813419342,5.385401725769043,0.7001103758811951,0.7392945885658264,0.14177612960338593,0.27060461044311523,0.08711192011833191,0.00039999998989515007,1.1893608570098877,0.34413665533065796,0.375822514295578,2.050614356994629,0.9391692280769348,0.2197255641222,0.07680995762348175,0.5590938329696655,0.3310529887676239,0.45094799995422363,0.4337404668331146,0.26820677518844604,0.3670990467071533,0.9653074145317078,0.7911784052848816,0.915665328502655,1.081292986869812,1.040007472038269,1.326496958732605,0.8821219801902771,1.0073747634887695,1.3166851997375488,0.7604268789291382,0.9986539483070374,0.45025527477264404,0.2863438129425049,0.9337790012359619,0.9499804377555847,0.7144867181777954,0.16680721938610077,1.666444182395935,0.6117361187934875,0.7418756484985352,0.9811241030693054,0.45400354266166687,0.3800019323825836,1.0571930408477783,0.7019361853599548,0.6258958578109741,0.7978114485740662,1.155938744544983,0.14283642172813416,0.8378406167030334
0.3222635090351105,0.01387488842010498,0.6698600053787231,0.17305541038513184,0.9240561127662659,0.6346116662025452,0.8647234439849854,5.215005874633789,0.7410979270935059,1.0102561712265015,0.25538909435272217,0.018391922116279602,0.22843244671821594,0.00039999998989515007,1.1994355916976929,0.7652886509895325,0.2979414165019989,2.2943596839904785,0.9691982269287109,0.02512487955391407,0.3008328974246979,0.2614838480949402,0.12954401969909668,0.6083090901374817,0.304715633392334,0.09386825561523438,0.19267453253269196,0.9896125793457031,1.0912487506866455,0.7255492806434631,0.9933937788009644,1.0091361999511719,0.9269998669624329,0.7729654908180237,0.9526795744895935,1.258775234222412,0.8866392970085144,1.0690600872039795,0.5231863856315613,0.21636967360973358,0.907949686050415,1.1187124252319336,0.7876049280166626,0.3428491950035095,1.8332664966583252,0.3778190612792969,0.4007551968097687,0.8435845375061035,0.1522267609834671,0.5205852389335632,0.9880626797676086,0.3189709782600403,0.4937130808830261,1.1055206060409546,1.0539112091064453,0.48656919598579407,0.5442180633544922
0.20243288576602936,0.7695767879486084,0.18967407941818237,0.3823588192462921,1.211897373199463,1.1962413787841797,0.9989233016967773,4.339104652404785,0.595637857913971,1.4395798444747925,0.6570862531661987,1.3543246984481812,0.2105625867843628,0.00039999998989515007,0.6466885209083557,0.12631359696388245,0.8316245079040527,1.7680799961090088,0.10725998133420944,1.1774616241455078,0.9063218235969543,0.6430858373641968,0.5528221726417542,0.2527986168861389,0.8208793997764587,0.7950088977813721,0.27071985602378845,0.5770102739334106,0.9026896357536316,0.5179935097694397,2.0304911136627197,0.258615642786026,1.7364798784255981,0.6520941853523254,0.1032550260424614,1.8172492980957031,0.9958690404891968,0.42334556579589844,1.4660840034484863,0.6005631685256958,0.11688771098852158,0.4085094928741455,0.28032758831977844,0.11835954338312149,0.26927611231803894,0.009818465448915958,0.11997531354427338,0.019075525924563408,0.06281334906816483,1.167903184890747,1.5401450395584106,0.6633660197257996,1.0015524625778198,0.2554345428943634,1.5421360731124878,0.4362674951553345,0.13686935603618622
0.7475097179412842,1.329962134361267,0.7484596967697144,0.7723594903945923,0.6398947238922119,1.150598168373108,1.9980312585830688,4.166642189025879,0.11605259031057358,1.509011149406433,1.0401281118392944,0.49942508339881897,0.0123386075720191,0.00039999998989515007,0.8932551145553589,0.6005295515060425,0.46292856335639954,1.5454083681106567,0.5532302856445312,0.20871414244174957,0.12020938843488693,0.044163018465042114,0.5405474901199341,0.6326431632041931,0.06353076547384262,0.09535638988018036,0.37391483783721924,0.07510621100664139,0.7079625129699707,0.7779476046562195,1.432127594947815,0.3664892911911011,0.7517415285110474,0.9012883305549622,0.6309187412261963,1.8022961616516113,0.595644474029541,1.6378775835037231,0.12051628530025482,1.0181255340576172,0.5395177006721497,1.2392733097076416,0.43843069672584534,1.1990389823913574,1.028267741203308,0.21786290407180786,0.07668676972389221,1.1316059827804565,0.9154770970344543,0.31009265780448914,1.9168543815612793,0.5613675713539124,1.0637738704681396,0.45397481322288513,0.9054893255233765,0.6312304735183716,0.07322607189416885
0.21406957507133484,0.7649465799331665,1.132673740386963,1.1462981700897217,0.7293254733085632,0.40648889541625977,0.11105237901210785,4.678224086761475,0.984058678150177,0.4551229774951935,0.574552595615387,0.2815627455711365,0.48635876178741455,0.00039999998989515007,1.0239709615707397,0.30561113357543945,0.1371302604675293,2.196441173553467,0.7921631336212158,1.2517797946929932,0.22706492245197296,0.4112674295902252,0.0035885032266378403,0.26057636737823486,0.07075987011194229,0.41247132420539856,0.61146080493927,0.11460084468126297,1.439462661743164,0.4353852868080139,0.7323032021522522,1.548671841621399,0.8732485175132751,0.15266983211040497,1.2733699083328247,1.439440131187439,0.7285972237586975,1.1774559020996094,0.6306836009025574,0.7228361964225769,0.2605358362197876,1.2103019952774048,0.11744239926338196,0.18019218742847443,0.7403918504714966,0.13285590708255768,0.7590773701667786,0.37083306908607483,0.9189992547035217,0.28311195969581604,1.985832929611206,0.09993799775838852,0.102853924036026,0.32742124795913696,1.9214551448822021,0.28745248913764954,0.9738907814025879
1.6500059366226196,0.677152156829834,0.1557156890630722,1.613033413887024,0.09896720200777054,0.446527898311615,1.004113793373108,4.434810161590576,0.2922077476978302,0.47676634788513184,0.013545590452849865,0.3478819727897644,0.3793782591819763,0.00039999998989515007,0.1180325448513031,0.44849053025245667,0.7942625284194946,2.0144495964050293,0.6533704400062561,0.8704196810722351,0.8807204961776733,0.5631064176559448,1.3632155656814575,0.45381656289100647,0.35093140602111816,0.9486098885536194,0.8937963843345642,0.3829668462276459,1.303592562675476,0.7634010314941406,0.3474799394607544,1.2805052995681763,1.049806833267212,0.35309138894081116,1.3907451629638672,0.6819347143173218,0.47640106081962585,0.8060373663902283,0.608529269695282,0.35233432054519653,0.026647524908185005,0.611221432685852,0.3832876682281494,0.49145862460136414,0.34692129492759705,0.6355796456336975,0.8218950629234314,0.09787692129611969,1.7332435846328735,0.030746137723326683,1.14089035987854,1.6444369554519653,0.07691483944654465,0.032077010720968246,1.781841516494751,0.5133785605430603,0.9721233248710632
1.5330225229263306,0.25955039262771606,0.3333756923675537,0.06476205587387085,0.8136778473854065,1.5218240022659302,2.7354726791381836,3.4860846996307373,0.394145131111145,1.970062017440796,0.447586327791214,0.0487055629491806,0.29485949873924255,0.00039999998989515007,0.17810286581516266,1.1592371463775635,0.39402997493743896,1.8086283206939697,0.4591967463493347,0.7376982569694519,0.058395497500896454,0.07267174124717712,0.049297794699668884,0.7609529495239258,0.05660277232527733,0.5117056965827942,0.5534042716026306,0.4554915726184845,0.33665910363197327,0.662102460861206,1.1778091192245483,0.06679895520210266,1.294135332107544,0.567798912525177,0.21681557595729828,1.1146163940429688,0.7922263145446777,1.05195152759552,1.6029436588287354,1.4480327367782593,0.574288010597229,1.4340441226959229,1.268491268157959,0.073531873524189,0.1308392733335495,0.5831432342529297,1.3075233697891235,1.151305913925171,0.8955140709877014,1.1307289600372314,1.3935580253601074,0.27030619978904724,1.1294887065887451,0.4191964268684387,0.46607473492622375,0.07932011038064957,0.027296312153339386
0.4311201572418213,0.17029526829719543,0.72091144323349,0.2553626596927643,0.7937984466552734,0.3517356514930725,1.4191352128982544,4.372129440307617,0.7776343822479248,1.5763046741485596,0.32611531019210815,0.18712782859802246,0.33806219696998596,0.00039999998989515007,1.302088737487793,0.8779231309890747,0.04661114141345024,2.1151368618011475,1.001749038696289,0.913519561290741,0.45370373129844666,0.4574233293533325,0.2595045268535614,0.7101061344146729,0.6229681372642517,0.3116742670536041,0.7060503959655762,1.2411646842956543,1.107809066772461,0.36298316717147827,1.6856303215026855,0.9740468859672546,0.9713937044143677,0.6180306673049927,0.6751716732978821,1.1309484243392944,1.2899218797683716,1.2759782075881958,0.04784798249602318,0.41963157057762146,1.1420782804489136,0.8359197974205017,0.6297001242637634,0.3480134904384613,1.5948173999786377,0.3560139238834381,0.3478296399116516,0.6031205058097839,0.5119438767433167,0.5918697714805603,1.708774447441101,0.42493483424186707,0.7091953158378601,0.7737153768539429,0.9974384307861328,0.2969847023487091,0.46365925669670105
0.5012344717979431,0.3903927505016327,0.8702327609062195,0.06923568248748779,0.5529759526252747,0.1214245855808258,1.1880583763122559,4.278289794921875,0.8362299799919128,1.4538917541503906,0.10803564637899399,0.034195441752672195,0.6027222871780396,0.00039999998989515007,1.029937982559204,0.39439278841018677,0.4085620641708374,2.323151111602783,1.0849626064300537,0.6387090086936951,0.16933301091194153,0.49327269196510315,0.39677590131759644,0.7234883308410645,0.5571340322494507,0.09971806406974792,0.7405825853347778,1.1631529331207275,1.4061199426651,0.2896121144294739,1.7319352626800537,1.3573955297470093,0.6168729066848755,0.5030403733253479,1.0663011074066162,1.1479229927062988,0.9144688844680786,0.9330759644508362,0.3658866882324219,0.27075788378715515,1.308159351348877,1.0538394451141357,1.3664970397949219,0.3685390055179596,1.92563796043396,0.06947170943021774,0.18276731669902802,0.4137091338634491,0.16711363196372986,0.3214836120605469,1.7281608581542969,0.13202349841594696,0.48768743872642517,0.9840745329856873,0.873677134513855,0.1731185019016266,0.2026357650756836
0.08549804240465164,0.0960516482591629,0.7133790254592896,0.4122265577316284,0.5409088730812073,0.648384153842926,0.8490363359451294,5.000528335571289,0.560926616191864,0.8524507880210876,0.5062088370323181,0.20082835853099823,0.1086815819144249,0.00039999998989515007,0.8700330257415771,0.5062595009803772,0.19592148065567017,2.892000913619995,0.7758322358131409,0.436614453792572,0.01380885299295187,0.5368618369102478,0.012487546540796757,0.7501102685928345,0.2883538007736206,0.2800699770450592,0.6473661661148071,0.557620108127594,1.2385709285736084,0.7767713069915771,1.112775206565857,0.8310990929603577,0.5318493247032166,0.547016441822052,1.230324149131775,1.426959753036499,0.5304015278816223,1.466742753982544,0.22164630889892578,0.554122269153595,0.9482022523880005,1.3277266025543213,1.010374665260315,0.31407275795936584,1.1198961734771729,0.5227043032646179,0.19369934499263763,0.9338335394859314,0.12440771609544754,0.017518576234579086,1.9027490615844727,0.32082635164260864,0.32360923290252686,0.39738190174102783,1.2320053577423096,0.37372997403144836,0.48234832286834717
0.17270101606845856,0.10894285142421722,0.518166184425354,0.5673493146896362,0.6929235458374023,0.24131709337234497,0.9696111679077148,4.826447010040283,0.6331957578659058,0.5622422695159912,0.586995542049408,0.27326858043670654,0.3374011218547821,0.00039999998989515007,0.8715921640396118,0.9599370360374451,0.5052342414855957,3.339630365371704,0.8499773740768433,0.7060592770576477,0.20797820389270782,0.5676481127738953,0.012840586714446545,0.8746796250343323,0.20564262568950653,0.4917275905609131,1.0472356081008911,1.0956186056137085,1.1464930772781372,0.7199649214744568,0.8415087461471558,0.6889347434043884,0.446432888507843,0.275745153427124,1.045746088027954,0.9058348536491394,0.5800952315330505,1.495952844619751,0.37637579441070557,0.2645602524280548,0.9513635039329529,1.0827445983886719,1.147297739982605,0.14766275882720947,1.1418287754058838,0.7629042267799377,0.2387622892856598,0.7785494923591614,0.05507718399167061,0.19830724596977234,1.7649036645889282,0.24867387115955353,0.33558890223503113,0.7520283460617065,0.9258204102516174,0.39380717277526855,0.5207101106643677
0.19016878306865692,0.8039923310279846,1.136488437652588,1.003751277923584,0.6231669187545776,0.00681816041469574,0.3196329176425934,4.566129684448242,1.0714523792266846,0.6773938536643982,0.6161457300186157,0.1516558676958084,0.07096025347709656,0.00039999998989515007,1.0240496397018433,0.4933053255081177,0.049530722200870514,2.5297579765319824,1.0764116048812866,1.4300745725631714,0.02684805355966091,0.46908828616142273,0.19841548800468445,0.4780326187610626,0.26277902722358704,0.40981438755989075,1.0298738479614258,0.6110179424285889,1.6551556587219238,0.2158956527709961,0.9770111441612244,1.6456806659698486,0.6319193840026855,0.20352347195148468,1.1313139200210571,1.0692899227142334,0.809790849685669,1.180944800376892,0.26173898577690125,0.7092638611793518,0.6439156532287598,0.9836247563362122,0.4960609972476959,0.005077993031591177,0.8778259754180908,0.21573138236999512,0.6362234950065613,0.13534221053123474,0.4872531592845917,0.2755526304244995,2.065805673599243,0.23346441984176636,0.048962969332933426,0.5479316711425781,1.6134122610092163,0.22761858999729156,0.7416017651557922
0.09306169301271439,0.4637458026409149,0.3379613161087036,0.29939982295036316,0.5230672359466553,0.1811300814151764,1.1777760982513428,4.6305365562438965,0.23506677150726318,1.1870105266571045,0.5472237467765808,0.29891443252563477,0.1492065042257309,0.00039999998989515007,0.891054630279541,0.9131466150283813,0.022151092067360878,2.527674674987793,0.807835578918457,0.9858988523483276,0.6941929459571838,0.6320106983184814,0.3639758229255676,1.3557137250900269,0.5391030311584473,0.09158740937709808,0.9707350134849548,1.197862148284912,0.7443084120750427,0.9507786631584167,0.942858874797821,0.847150444984436,0.8688662052154541,0.6535244584083557,0.8583812713623047,1.1444071531295776,0.7531961798667908,1.3326663970947266,0.14774321019649506,0.5379624962806702,1.0554521083831787,1.2082773447036743,0.6570478081703186,0.1712813675403595,1.3245760202407837,0.6629243493080139,0.2608838975429535,1.2314878702163696,0.2836446166038513,0.4422816038131714,1.910685658454895,0.264421671628952,0.6003751158714294,0.3891078531742096,0.989529013633728,0.4592994153499603,0.666212260723114
0.4456856846809387,0.26361986994743347,0.5932919383049011,0.3009682595729828,0.7795374989509583,0.3290572762489319,1.2337710857391357,4.610905170440674,0.3037770986557007,1.362436294555664,0.19263982772827148,0.01308458298444748,0.6503781676292419,0.00039999998989515007,1.172133207321167,0.6935037970542908,0.5425164699554443,2.357783555984497,1.1338363885879517,0.4207066297531128,0.6023827791213989,0.3181244730949402,0.10645980387926102,0.4431367516517639,0.6135073900222778,0.12240789830684662,1.0384440422058105,1.1983258724212646,1.231272578239441,0.44437116384506226,1.4402108192443848,1.3630311489105225,0.7785734534263611,0.35198885202407837,0.8766701221466064,0.7436599731445312,1.1795780658721924,1.3592289686203003,0.41775670647621155,0.04572596400976181,1.429149866104126,0.9460373520851135,1.0532302856445312,0.41891536116600037,1.7267793416976929,0.20107969641685486,0.4009515345096588,0.661253809928894,0.2837222218513489,0.37563860416412354,1.1651151180267334,0.3628059923648834,0.7062126398086548,0.9789146184921265,0.8493981957435608,0.3216328024864197,0.45669662952423096
0.11445561796426773,0.15808695554733276,0.9268615245819092,0.17656157910823822,0.7018625140190125,0.5677051544189453,1.147741436958313,4.906756401062012,0.7201255559921265,0.9055260419845581,0.3277544677257538,0.6459515690803528,0.12741658091545105,0.00039999998989515007,0.9366344809532166,1.3084896802902222,0.246304452419281,3.046640634536743,0.7753761410713196,0.5169094204902649,0.34199628233909607,0.43706709146499634,0.17609864473342896,0.8337262868881226,0.21571214497089386,0.2198357731103897,0.7699620127677917,0.9986215233802795,1.3575035333633423,0.49541041254997253,0.8896310329437256,0.8327313661575317,0.32164430618286133,0.27212655544281006,1.1680933237075806,0.9507907032966614,0.6827878952026367,1.373252272605896,0.4659516513347626,0.23055441677570343,0.9188541769981384,1.2791125774383545,0.9530025124549866,0.09653255343437195,1.317846417427063,0.5890383720397949,0.27115577459335327,0.7931196093559265,0.18938717246055603,0.011303870938718319,1.525800347328186,0.18231454491615295,0.2812129259109497,0.9768864512443542,0.8607987761497498,0.4027639329433441,0.593399703502655
0.06216524541378021,0.17607109248638153,0.5591680407524109,0.379336953163147,0.5570330619812012,0.45062217116355896,0.8841618299484253,4.667076110839844,0.5582427978515625,0.8505553603172302,0.5364317297935486,0.19486434757709503,0.33814480900764465,0.00039999998989515007,0.9157047271728516,0.6667799353599548,0.5117903351783752,3.0088958740234375,0.836582601070404,0.6990560293197632,0.3519795835018158,0.7314996123313904,0.005670991726219654,0.8792524337768555,0.3849884569644928,0.3173694908618927,1.0998574495315552,0.8771430850028992,1.1814528703689575,0.5831947922706604,1.1997791528701782,1.0092438459396362,0.3519855737686157,0.39848941564559937,1.2447699308395386,1.186829686164856,0.6293676495552063,1.3673689365386963,0.3960058391094208,0.41786128282546997,1.1475334167480469,1.2564970254898071,1.3025240898132324,0.22026047110557556,1.3344457149505615,0.43383345007896423,0.0987936481833458,0.8430883884429932,0.06412719190120697,0.021886015310883522,1.8301104307174683,0.10051408410072327,0.45987436175346375,0.6087579727172852,1.0207273960113525,0.40926963090896606,0.4412413537502289
0.433917760848999,0.8082143068313599,1.2820043563842773,0.4461524486541748,0.7173061370849609,0.012551866471767426,0.8099421858787537,3.8923232555389404,1.1505018472671509,1.3272777795791626,0.35622093081474304,0.23126253485679626,0.09110716730356216,0.00039999998989515007,1.0666143894195557,1.2454218864440918,0.10173696279525757,2.2990994453430176,0.9951651096343994,1.7415481805801392,0.5616269111633301,0.6075836420059204,0.4577193856239319,0.6947668194770813,0.4773089587688446,0.1498473584651947,1.2143182754516602,1.123362421989441,1.7222200632095337,0.3701474964618683,1.3291374444961548,1.7615777254104614,0.38508275151252747,0.45031389594078064,1.0007675886154175,0.6837419271469116,1.1530019044876099,0.8772276639938354,0.08640735596418381,0.5920342206954956,0.6791715621948242,0.9261384010314941,0.4678141474723816,0.15559397637844086,1.392456293106079,0.19361408054828644,0.6083124279975891,0.025656456127762794,0.3968121111392975,0.3282884955406189,1.6788514852523804,0.7647649049758911,0.2691827118396759,1.1191869974136353,1.0731284618377686,0.17140783369541168,0.6088865399360657
0.10969424992799759,0.4721106290817261,0.6238654851913452,0.39274629950523376,0.5703141689300537,0.05311550199985504,1.4066976308822632,4.134189128875732,0.52207350730896,1.2296158075332642,0.6274839639663696,0.008852416649460793,0.30948561429977417,0.00039999998989515007,0.9356396794319153,1.1779272556304932,0.1707698404788971,2.6660408973693848,0.8884105086326599,1.1161012649536133,0.6729221343994141,0.6572700142860413,0.03741442412137985,1.3822314739227295,0.4679490625858307,0.16109956800937653,1.1800894737243652,1.4538049697875977,0.9626298546791077,0.6546629071235657,1.0443469285964966,0.9064992070198059,0.5862135291099548,0.37054386734962463,0.8852044939994812,0.9309900403022766,0.8490126132965088,1.3307592868804932,0.24841389060020447,0.4562387466430664,1.1954851150512695,1.1923365592956543,0.8883787393569946,0.1136130765080452,1.5078752040863037,0.5694191455841064,0.03049662709236145,1.0248048305511475,0.40242570638656616,0.4091113209724426,1.9388312101364136,0.3581536114215851,0.5411754846572876,0.7244595289230347,0.7805802226066589,0.4957127273082733,0.5278000831604004
0.17028959095478058,0.4439271092414856,1.011820912361145,0.10261228680610657,1.009251356124878,0.9290409088134766,0.9151121973991394,4.818159580230713,0.8302095532417297,1.0599207878112793,0.1503247320652008,0.39698925614356995,0.08517102152109146,0.00039999998989515007,1.2250807285308838,1.0804709196090698,0.1557542085647583,2.1107535362243652,0.9419305324554443,0.17215654253959656,0.34531721472740173,0.46992969512939453,0.25515010952949524,0.576633870601654,0.22214096784591675,0.20270895957946777,0.20740079879760742,0.673478901386261,1.3392479419708252,0.8303988575935364,0.9923306107521057,0.8371732831001282,0.7863678336143494,0.7941824793815613,1.3501560688018799,1.2975213527679443,0.8211965560913086,1.2013362646102905,0.5557407140731812,0.1695690006017685,1.0003315210342407,1.3300933837890625,0.8725903630256653,0.3852365016937256,1.7289152145385742,0.3104739487171173,0.13947489857673645,1.00051748752594,0.09827526658773422,0.2121535688638687,1.3124761581420898,0.2649676501750946,0.1981530785560608,0.6639313101768494,1.3107671737670898,0.5978595614433289,0.8011134266853333
0.019725628197193146,0.05628577247262001,0.8000193238258362,0.5423147082328796,0.8215445280075073,0.30384254455566406,0.8046190738677979,4.043028354644775,0.9546120166778564,0.5233235955238342,0.7605310082435608,0.7083153128623962,0.47390806674957275,0.00039999998989515007,1.0998700857162476,1.238189697265625,0.688142716884613,3.4435582160949707,0.8365011215209961,0.5572880506515503,0.38492316007614136,0.6921863555908203,0.3910958766937256,0.8089830279350281,0.11819307506084442,0.5600191354751587,1.3028076887130737,1.1665494441986084,1.2510865926742554,0.3223651945590973,0.8719011545181274,0.7013581991195679,0.11955700069665909,0.11155082285404205,1.25032639503479,0.9044802784919739,0.7482160329818726,1.5468720197677612,0.5979613065719604,0.2248668521642685,1.0986648797988892,1.1742234230041504,1.477536916732788,0.12552189826965332,1.1842817068099976,0.5527011156082153,0.495616614818573,0.6516749858856201,0.12547439336776733,0.09993276745080948,1.6145631074905396,0.21109335124492645,0.21027790009975433,0.9219546318054199,0.7487679123878479,0.672999382019043,0.538589596748352
0.04857667163014412,0.1544531136751175,0.8836755752563477,0.2696334421634674,0.6449236869812012,0.6883721351623535,0.9983037114143372,4.654171943664551,0.9109516739845276,0.8959597945213318,0.5824836492538452,0.4253862500190735,0.13471205532550812,0.00039999998989515007,1.0954002141952515,0.7730277180671692,0.18452690541744232,2.6507530212402344,0.906944990158081,0.5453879237174988,0.26165837049484253,0.6359447240829468,0.27448180317878723,0.7767605781555176,0.25319454073905945,0.08067401498556137,0.7123204469680786,0.6635386347770691,1.3202474117279053,0.5031171441078186,1.302354097366333,0.9074129462242126,0.3546715974807739,0.5374154448509216,1.363837718963623,1.3727761507034302,0.6780794262886047,1.3113375902175903,0.3534117043018341,0.4434492290019989,1.0754157304763794,1.2991825342178345,1.1926027536392212,0.2624052166938782,1.409212350845337,0.4357020854949951,0.08924391120672226,0.7589830160140991,0.06742308288812637,0.21699950098991394,1.9131428003311157,0.13805502653121948,0.3361136317253113,0.5873667597770691,1.1429691314697266,0.4767898917198181,0.5156977772712708
0.6997209787368774,0.22985197603702545,1.801082968711853,0.4917755126953125,0.6633850932121277,0.5975592136383057,0.8310953378677368,3.5049197673797607,1.0752005577087402,0.8658512830734253,1.3464128971099854,0.7063003182411194,0.18337805569171906,0.00039999998989515007,1.5040504932403564,1.2627313137054443,0.03740360960364342,2.817343235015869,0.5046142935752869,0.8721991777420044,0.5710279941558838,0.06786183267831802,0.8768724799156189,0.5958939790725708,0.1841370314359665,0.32685577869415283,0.8722560405731201,0.4360438585281372,1.2983694076538086,0.6956734657287598,0.7822242975234985,1.0927906036376953,0.644649088382721,0.6761698126792908,1.16453218460083,1.3874444961547852,1.2980540990829468,1.4948762655258179,0.6857430934906006,0.6568020582199097,0.5359646081924438,1.2885241508483887,0.30621179938316345,0.007675189059227705,0.7610099911689758,0.4287239611148834,1.4161157608032227,0.03313359618186951,0.4090902805328369,0.2552998960018158,1.6620919704437256,0.7830527424812317,0.05592414736747742,0.7773274779319763,0.8707024455070496,0.9776493906974792,0.5655240416526794
0.25911590456962585,0.24677598476409912,1.144457459449768,0.14240802824497223,0.7613775730133057,0.9661984443664551,1.1516072750091553,4.734704494476318,0.7609151005744934,0.9111559987068176,0.03400386497378349,0.9826223254203796,0.15011557936668396,0.00039999998989515007,0.7666898965835571,1.5794187784194946,0.19708727300167084,2.906491279602051,0.5415723919868469,0.4408220648765564,0.39532363414764404,0.5121755003929138,0.23289915919303894,0.8434557914733887,0.06501732021570206,0.21694515645503998,0.5806747674942017,0.7187197208404541,1.4880094528198242,0.32243669033050537,0.7726433873176575,0.9162066578865051,0.10002387315034866,0.1291981190443039,1.4856761693954468,0.9849746823310852,0.47940436005592346,1.0970053672790527,0.5460212826728821,0.14565421640872955,0.7881044149398804,1.546974778175354,0.7940760254859924,0.10789599269628525,1.5387881994247437,0.32471510767936707,0.594476044178009,0.7855839729309082,0.10837939381599426,0.31929004192352295,1.3311976194381714,0.35182255506515503,0.1338600367307663,1.1846524477005005,0.8806440830230713,0.4231850206851959,0.6050153970718384
0.34235823154449463,0.12386730313301086,0.9073163270950317,0.25544434785842896,0.6586785912513733,0.3235524296760559,1.214893102645874,4.1318254470825195,1.0866855382919312,1.003609538078308,0.20067065954208374,0.7723154425621033,0.2736012935638428,0.00039999998989515007,0.9178343415260315,1.4030122756958008,0.5982650518417358,3.025111198425293,0.8462933897972107,0.9339584708213806,0.5168408155441284,0.708836555480957,0.45575541257858276,0.972424328327179,0.28514260053634644,0.21517978608608246,1.1157397031784058,1.380742073059082,1.3138561248779297,0.04362688586115837,1.1792500019073486,1.0355491638183594,0.052470214664936066,0.09356214106082916,1.1473140716552734,0.7581359148025513,0.7398780584335327,1.080376386642456,0.7448559403419495,0.02761140838265419,1.1263371706008911,1.1780287027359009,1.18411386013031,0.09204191714525223,1.6664135456085205,0.4262259602546692,0.31614869832992554,0.5727396607398987,0.4074552357196808,0.012472073547542095,1.3932793140411377,0.08860184997320175,0.44008079171180725,1.3959695100784302,0.47843337059020996,0.4111858606338501,0.3946482241153717
0.20124708116054535,0.6657776832580566,1.222680687904358,0.9872685074806213,0.7219186425209045,0.05392085760831833,0.43437767028808594,4.275555610656738,1.0631424188613892,0.7579413652420044,0.6434632539749146,0.14054739475250244,0.022353241220116615,0.00039999998989515007,1.1420737504959106,0.9841507077217102,0.16710126399993896,2.4995996952056885,1.1720020771026611,1.1797568798065186,0.27067139744758606,0.3636505603790283,0.18000267446041107,0.5953630208969116,0.20498687028884888,0.4997864067554474,1.1434015035629272,0.8079858422279358,1.6971464157104492,0.22909915447235107,0.717359721660614,1.5944538116455078,0.42690548300743103,0.1810038536787033,1.2965422868728638,0.9628259539604187,0.8287572860717773,1.3727872371673584,0.16748563945293427,0.5333415865898132,0.860002338886261,1.1824283599853516,0.6512101888656616,0.008159754797816277,1.0222620964050293,0.3178050220012665,0.7744652032852173,0.2717089056968689,0.4775865972042084,0.21634851396083832,1.86703360080719,0.12183073163032532,0.1244509220123291,0.7864981293678284,1.477699875831604,0.5589853525161743,0.8927913904190063
0.10557887703180313,0.4930890202522278,0.9353257417678833,0.29915785789489746,0.7055442333221436,0.5207975506782532,1.2721468210220337,4.357641220092773,1.0035393238067627,0.7285930514335632,0.6044081449508667,0.5390136241912842,0.27636224031448364,0.00039999998989515007,0.8992353081703186,0.8288177251815796,0.04140230640769005,2.6123099327087402,1.0445952415466309,0.46004605293273926,0.0025043280329555273,0.6008304357528687,0.46662893891334534,0.8915917277336121,0.18551161885261536,0.16323816776275635,0.6220124959945679,0.7404657006263733,1.5083026885986328,0.7173100113868713,1.2354347705841064,0.5610653758049011,0.3298647403717041,0.7148374915122986,1.1947271823883057,1.1072719097137451,0.48793575167655945,1.343261480331421,0.6808063387870789,0.6009545922279358,1.1668342351913452,1.1118605136871338,1.5129756927490234,0.48858776688575745,1.2170658111572266,0.8513288497924805,0.04393072798848152,0.7448488473892212,0.13141603767871857,0.43676427006721497,2.2179646492004395,0.10625186562538147,0.08918578922748566,0.4489896893501282,1.1283596754074097,0.3760354220867157,0.3079569637775421
0.6025441884994507,0.29458242654800415,0.4172239899635315,0.05371386557817459,0.9485425353050232,0.6989109516143799,0.6567407250404358,5.056119441986084,0.5024027824401855,0.21537578105926514,0.2769039571285248,0.10673363506793976,0.2546481490135193,0.00039999998989515007,1.2323695421218872,0.2080828994512558,0.33713334798812866,1.8346617221832275,1.2752107381820679,0.15337666869163513,0.08970040082931519,0.5499182939529419,0.21988116204738617,0.1649058312177658,0.3100031018257141,0.1868184357881546,0.636696994304657,0.6561722159385681,1.1844803094863892,1.2072718143463135,0.9800266027450562,0.9334657192230225,1.2663488388061523,0.8156158924102783,1.1715511083602905,0.8150835037231445,0.6264320015907288,1.298784613609314,0.9578505754470825,0.1301727443933487,1.3596217632293701,0.7008543610572815,1.2962901592254639,0.6079308390617371,1.3485316038131714,0.9406848549842834,0.8552706837654114,0.8778662085533142,0.6006323099136353,0.3265111744403839,1.2593783140182495,0.4897622764110565,0.30247950553894043,0.37758010625839233,1.5248740911483765,0.13476194441318512,0.796787440776825
0.27322250604629517,0.47327131032943726,0.9078781604766846,0.20267580449581146,0.9771348237991333,0.7353290915489197,1.3532541990280151,4.439146518707275,1.025557279586792,0.8255472183227539,0.24151094257831573,0.8628373742103577,0.2906683087348938,0.00039999998989515007,1.0930311679840088,1.6706510782241821,0.3886840343475342,2.818467855453491,0.9481983780860901,0.5768490433692932,0.5761733651161194,0.5287228226661682,0.5013596415519714,0.9895485043525696,0.20816271007061005,0.16417142748832703,0.7784052491188049,1.2168008089065552,1.5137436389923096,0.1388629823923111,1.1039589643478394,0.6632046103477478,0.049611229449510574,0.13390187919139862,0.9379097819328308,0.5795373916625977,0.7864006757736206,1.170269250869751,0.8814639449119568,0.07927507162094116,0.9326161742210388,0.8511530160903931,1.3503605127334595,0.293007493019104,1.4688184261322021,0.5463720560073853,0.1421070545911789,0.4774141311645508,0.8022087812423706,0.003850641893222928,1.315711259841919,0.21755163371562958,0.4746531844139099,1.295520305633545,0.6424683928489685,0.4006631672382355,0.20141421258449554
0.49705976247787476,0.42449042201042175,0.9104653596878052,0.13672932982444763,0.9443088173866272,0.9164448380470276,0.6763722896575928,4.151661396026611,1.4731056690216064,0.997180700302124,0.11561322212219238,0.8760281801223755,0.046785272657871246,0.00039999998989515007,1.0205250978469849,1.1189621686935425,0.2596665322780609,2.574063301086426,0.7590371966362,0.5013299584388733,0.5660452842712402,1.0854885578155518,0.7978999018669128,0.638523280620575,0.20960068702697754,0.015631647780537605,0.5829790830612183,0.6014132499694824,1.2797328233718872,0.18520373106002808,1.4600276947021484,0.8740265965461731,0.104316845536232,0.6948126554489136,1.5109236240386963,1.4374487400054932,0.7133302688598633,0.9487594962120056,0.8824861645698547,0.2827323079109192,0.9038951396942139,1.4718559980392456,1.0405536890029907,0.007664372678846121,1.7650662660598755,0.08929287642240524,0.08410322666168213,0.8384209275245667,0.30555203557014465,0.6942430734634399,1.4016964435577393,0.2646290063858032,0.3597620129585266,0.8180214762687683,0.944137454032898,0.7057952284812927,0.549780547618866
0.10923053324222565,0.20860344171524048,0.8175135254859924,0.40757033228874207,0.7439025640487671,0.5759260058403015,1.0967007875442505,4.555791854858398,0.7774234414100647,0.736357569694519,0.5119619965553284,0.48627984523773193,0.3013962209224701,0.00039999998989515007,0.992547869682312,0.9367936849594116,0.4136369824409485,2.723386764526367,1.0182068347930908,0.34397923946380615,0.18545418977737427,0.5325199961662292,0.1568322628736496,0.7926565408706665,0.17619803547859192,0.2728461027145386,0.8581050634384155,0.9134892821311951,1.4237116575241089,0.7350677251815796,1.0099482536315918,0.8225776553153992,0.3913063704967499,0.4084545373916626,1.3062891960144043,1.0144022703170776,0.5543192625045776,1.4878264665603638,0.5310512781143188,0.23740924894809723,1.2660287618637085,1.2512203454971313,1.3951349258422852,0.3140624165534973,1.4191540479660034,0.6802635192871094,0.20388810336589813,0.8795978426933289,0.11683091521263123,0.14043547213077545,1.7839990854263306,0.33734560012817383,0.21912898123264313,0.7783403992652893,1.0525825023651123,0.48324769735336304,0.4860214293003082
0.21628133952617645,0.45015546679496765,0.6376973986625671,0.1901862919330597,1.1609838008880615,0.11484793573617935,1.5125024318695068,4.090144634246826,0.9248707294464111,1.1433982849121094,0.10089240968227386,0.7325832843780518,0.5195712447166443,0.00039999998989515007,0.7398794889450073,1.8678357601165771,0.11564996838569641,2.4747045040130615,1.4881396293640137,0.5664508938789368,0.6282954812049866,0.48404228687286377,0.5547482371330261,0.8516708016395569,0.3641010820865631,0.32181769609451294,0.8194761276245117,1.3304845094680786,1.701156735420227,0.7807676792144775,0.9363342523574829,0.5727311968803406,0.6917845606803894,0.5396772623062134,0.8429571390151978,0.1499319076538086,0.622198224067688,1.352019190788269,0.9190400838851929,0.31288811564445496,1.1307621002197266,0.9117317199707031,1.068572759628296,0.3775959014892578,1.4726674556732178,0.9684085845947266,0.05193649232387543,0.7415316104888916,0.4310252070426941,0.19515259563922882,1.4470243453979492,0.22505758702754974,0.2027752846479416,0.956072211265564,0.8291735649108887,0.5644176006317139,0.5000405311584473
0.7080791592597961,0.13751749694347382,1.1132780313491821,0.913077712059021,0.7517096996307373,0.18057796359062195,0.19018743932247162,4.663764953613281,1.3732537031173706,0.2847113311290741,0.6368025541305542,0.16125935316085815,0.14838162064552307,0.00039999998989515007,1.214775562286377,0.23777247965335846,0.27022334933280945,1.748734474182129,1.4594621658325195,0.7619370818138123,0.3328503370285034,0.40159207582473755,0.22541502118110657,0.2968886196613312,0.14936406910419464,0.14107903838157654,0.5481630563735962,0.3480781614780426,1.6943738460540771,0.7993246912956238,0.8518213033676147,1.2586179971694946,0.9742912650108337,0.5217170715332031,1.1867547035217285,1.1999672651290894,0.58575838804245,1.2754098176956177,0.15480004251003265,0.6225880980491638,0.8850134611129761,0.8353357315063477,0.8186058402061462,0.40073031187057495,0.748454749584198,0.8602575659751892,0.020184768363833427,0.3649600148200989,0.886663556098938,0.18358279764652252,2.1653966903686523,0.20744329690933228,0.33760079741477966,0.1323259174823761,1.976172924041748,0.333604633808136,0.9101245403289795
0.3839073181152344,0.1940237134695053,1.1086857318878174,0.17121924459934235,1.0612338781356812,0.275028258562088,1.2769806385040283,3.9371981620788574,0.8248514533042908,1.3685150146484375,0.39344480633735657,0.11109133809804916,0.21383076906204224,0.00039999998989515007,1.2580950260162354,1.3548896312713623,0.23869147896766663,1.901618480682373,0.8812902569770813,0.5896135568618774,0.7596690058708191,0.5178451538085938,0.3280928432941437,1.0662555694580078,0.2623455822467804,0.16215838491916656,0.7437821626663208,1.366315245628357,0.9913455843925476,0.8748486042022705,0.7986564040184021,0.9604371786117554,0.8402642011642456,0.7430040240287781,0.8754343390464783,1.130178689956665,1.2595927715301514,1.4345639944076538,0.37846124172210693,0.3253609538078308,1.2775967121124268,1.436630129814148,0.3951805531978607,0.1977567970752716,1.7880010604858398,0.47159427404403687,0.1765279620885849,1.3555424213409424,0.08385314047336578,0.269172340631485,1.6919598579406738,0.3575907051563263,0.14634257555007935,0.6976351737976074,1.1260535717010498,0.910849392414093,0.8520631194114685
0.2292012721300125,0.3322941064834595,0.7863304615020752,0.28859952092170715,0.7137112021446228,0.6012831926345825,1.0148742198944092,4.73184871673584,0.5661055445671082,0.761513888835907,0.37420445680618286,0.6251798272132874,0.2934269607067108,0.00039999998989515007,0.9397886991500854,1.1557458639144897,0.46077653765678406,2.7354695796966553,0.9581164717674255,0.17051124572753906,0.26276126503944397,0.4171728789806366,0.05501791834831238,0.7861732244491577,0.22055411338806152,0.34896013140678406,0.8704828023910522,0.9808676242828369,1.4458049535751343,0.8029999136924744,0.7494531273841858,0.7942858338356018,0.3554723262786865,0.4357469379901886,1.3092221021652222,0.864686906337738,0.49623292684555054,1.6022659540176392,0.6093223094940186,0.1626167595386505,1.2442349195480347,1.3057312965393066,1.3467923402786255,0.3098601996898651,1.2617769241333008,0.824398398399353,0.21390549838542938,0.9725160002708435,0.06191961467266083,0.1473301351070404,1.5308756828308105,0.47050395607948303,0.16306883096694946,0.8484293222427368,0.9838963747024536,0.4775357246398926,0.6020079255104065
0.010372118093073368,0.20676057040691376,0.6797189712524414,0.5129652619361877,1.0351065397262573,0.8094039559364319,1.3544821739196777,5.185455322265625,0.49346500635147095,0.9983004927635193,0.0706913098692894,0.2727583646774292,0.4984503388404846,0.00039999998989515007,0.4834008812904358,0.9789578914642334,0.7147431373596191,2.9106245040893555,0.9984989166259766,0.3679790496826172,0.28246593475341797,0.33196893334388733,0.06069481372833252,0.5665388703346252,0.28577911853790283,0.8938617706298828,0.7715361714363098,0.7963075041770935,1.7601277828216553,0.8039739727973938,1.1990265846252441,0.5002471804618835,0.6923325657844543,0.0070923506282269955,0.8783538341522217,0.6584026217460632,0.38772347569465637,1.326053500175476,0.000619110360275954,0.3317064940929413,0.8662930130958557,0.76268470287323,1.148329734802246,0.3190859258174896,0.8935977220535278,0.5287438035011292,0.5365419983863831,0.38743579387664795,0.08118109405040741,0.18429239094257355,1.5315965414047241,0.4138074517250061,0.4830799102783203,0.7652020454406738,1.0808439254760742,0.17971444129943848,0.059256259351968765
0.03486529737710953,0.02286897599697113,0.3970552384853363,0.1389826536178589,0.7352914214134216,0.46138858795166016,1.021494746208191,4.779250621795654,0.6456983685493469,1.0430594682693481,0.20039424300193787,0.30592021346092224,0.5750452876091003,0.00039999998989515007,1.1452995538711548,0.9370958805084229,0.7942158579826355,2.3872668743133545,1.3483933210372925,0.2276245802640915,0.4441445767879486,0.39788931608200073,0.08989688009023666,0.6243888735771179,0.4518282413482666,0.12363621592521667,0.9136826992034912,1.2197989225387573,1.389655590057373,0.6028457880020142,1.246755599975586,1.0144327878952026,0.6942256689071655,0.37166813015937805,1.148022174835205,0.7270877957344055,0.645832896232605,1.3065221309661865,0.4388173520565033,0.19804975390434265,1.3900423049926758,0.9046559929847717,1.5204414129257202,0.3932096064090729,1.7620172500610352,0.48226693272590637,0.05458134412765503,0.5986687541007996,0.010245759971439838,0.30739927291870117,1.1852686405181885,0.34880271553993225,0.6388563513755798,1.1230077743530273,0.8249748945236206,0.377807080745697,0.4446270167827606
0.093120276927948,0.4499928057193756,0.6879574656486511,0.4265826940536499,0.9620049595832825,0.5249519944190979,0.9763308167457581,4.336979866027832,0.9224057197570801,0.4946984350681305,0.6304123401641846,0.8173139691352844,0.5260871052742004,0.00039999998989515007,1.0657975673675537,1.4095960855484009,0.7788795828819275,3.1628148555755615,1.0287693738937378,0.24179761111736298,0.29718339443206787,0.5284824967384338,0.31235194206237793,0.7432568669319153,0.05678264796733856,0.5630809664726257,1.0744067430496216,1.181201457977295,1.4173957109451294,0.5157988667488098,0.8156505227088928,0.45161372423171997,0.06912209838628769,0.14967571198940277,1.1607989072799683,0.6683431267738342,0.6069201827049255,1.618915319442749,0.6768227815628052,0.017739510163664818,1.1360795497894287,0.9998135566711426,1.5919716358184814,0.3084414005279541,1.2562549114227295,0.7135162353515625,0.4771285951137543,0.6637977957725525,0.15995922684669495,0.0561385452747345,1.4289387464523315,0.37879207730293274,0.27300602197647095,1.0148199796676636,0.7387054562568665,0.6141871809959412,0.40748581290245056
0.07683181017637253,0.35862189531326294,0.8802707195281982,0.38495591282844543,0.649695634841919,0.6891992688179016,1.2751545906066895,4.277013778686523,0.5258612632751465,1.0045806169509888,0.20130684971809387,0.9062456488609314,0.44902503490448,0.00039999998989515007,0.5387516021728516,1.2579647302627563,0.7503314018249512,2.903646945953369,0.8252602219581604,0.34491851925849915,0.09412216395139694,0.5511158108711243,0.10080812871456146,0.866671085357666,0.23079708218574524,0.5687844753265381,0.9926742911338806,1.0361460447311401,1.7301316261291504,0.5283867120742798,1.0263727903366089,0.7802122235298157,0.08182039856910706,0.035531118512153625,1.3198158740997314,0.6396512985229492,0.32571521401405334,1.4322657585144043,0.6168712377548218,0.2241840362548828,1.2167222499847412,1.3386579751968384,1.5542904138565063,0.22540131211280823,1.4607681035995483,0.4844624102115631,0.6971355676651001,0.8225105404853821,0.19327102601528168,0.15488538146018982,1.555493712425232,0.46335530281066895,0.2434096336364746,1.126625657081604,0.7298423647880554,0.25949782133102417,0.1602698117494583
0.005167349241673946,0.43610867857933044,0.867319643497467,0.3390520513057709,0.7627125382423401,0.7843515872955322,1.2735283374786377,4.573794364929199,0.6567760109901428,0.8246923089027405,0.4132297933101654,0.8235626816749573,0.30622220039367676,0.00039999998989515007,0.7877618074417114,1.2435933351516724,0.6070481538772583,2.8320517539978027,0.9078487157821655,0.35055670142173767,0.12670044600963593,0.4714687764644623,0.1433802843093872,0.820071816444397,0.14170406758785248,0.4571065604686737,0.8608734607696533,0.9071767926216125,1.626327395439148,0.5669745802879333,1.0109186172485352,0.6631168127059937,0.17570514976978302,0.12946532666683197,1.2992198467254639,0.802848219871521,0.4218590557575226,1.4859031438827515,0.4873436689376831,0.21588315069675446,1.1323026418685913,1.2307543754577637,1.4347615242004395,0.2742307782173157,1.3658782243728638,0.5960967540740967,0.5413498878479004,0.7549276351928711,0.16925591230392456,0.1507200300693512,1.6682517528533936,0.37985968589782715,0.27938053011894226,0.9818453788757324,0.8691517114639282,0.34786051511764526,0.27842170000076294
0.3097352683544159,0.24597077071666718,0.7616531848907471,0.349345326423645,0.7666754722595215,0.6123173236846924,0.919386088848114,4.76999044418335,0.7165687680244446,0.7224640250205994,0.43741148710250854,0.38303306698799133,0.2680136263370514,0.00039999998989515007,1.0887527465820312,0.8364430069923401,0.49250155687332153,2.3904919624328613,1.1119319200515747,0.23621082305908203,0.12959972023963928,0.4313102960586548,0.042410217225551605,0.7667946219444275,0.24348010122776031,0.30781540274620056,0.7698899507522583,0.8695416450500488,1.4351130723953247,0.829203724861145,0.9514896273612976,0.8493470549583435,0.506537139415741,0.576000452041626,1.3352203369140625,1.122267246246338,0.5248889327049255,1.5069066286087036,0.48261454701423645,0.21036696434020996,1.2589436769485474,1.1989470720291138,1.4350743293762207,0.4191531836986542,1.3067811727523804,0.7964593172073364,0.053938642144203186,0.8319628238677979,0.15974955260753632,0.06781746447086334,1.7490512132644653,0.46167150139808655,0.210666686296463,0.7138157486915588,1.1978497505187988,0.46651023626327515,0.5490883588790894
0.23691320419311523,0.44254446029663086,0.7651458382606506,0.39728519320487976,0.6306504011154175,0.6964091062545776,1.114404559135437,4.501782417297363,0.8105545043945312,0.6116080284118652,0.5625566840171814,0.5732698440551758,0.334098219871521,0.00039999998989515007,0.8699795603752136,0.6152995228767395,0.6125667095184326,2.616981029510498,1.0058155059814453,0.33465591073036194,0.15282775461673737,0.6009263396263123,0.18468151986598969,0.7744143605232239,0.1871260106563568,0.3617886006832123,0.8177095055580139,0.7348383665084839,1.4962800741195679,0.6916722059249878,1.2611706256866455,0.6340026259422302,0.2562897503376007,0.512646496295929,1.3332279920578003,1.130109429359436,0.3487842082977295,1.4382853507995605,0.6120366454124451,0.3428124487400055,1.3023325204849243,1.1329395771026611,1.7431317567825317,0.4539852440357208,1.24357271194458,0.782416582107544,0.1599794328212738,0.7262490391731262,0.005369183141738176,0.3168298006057739,2.025156259536743,0.4897172749042511,0.2525179386138916,0.618502140045166,1.0509064197540283,0.2865322530269623,0.20172050595283508
0.20698833465576172,0.33763089776039124,0.7486962080001831,0.5706459283828735,0.6586411595344543,0.8696499466896057,1.0070918798446655,4.475705623626709,0.6541867256164551,0.5421189665794373,0.5230407118797302,0.714196503162384,0.252387672662735,0.00039999998989515007,0.7348349094390869,0.7788466215133667,0.8489307761192322,2.8281681537628174,0.7878040075302124,0.39290425181388855,0.07699554413557053,0.6820536851882935,0.021895302459597588,0.7069312334060669,0.1165984645485878,0.5624035000801086,1.0086017847061157,0.6760912537574768,1.4745837450027466,0.6267722845077515,1.0829079151153564,0.7323799729347229,0.11868362873792648,0.19460813701152802,1.5076817274093628,1.0686535835266113,0.2851736843585968,1.4859607219696045,0.4881412982940674,0.2518196702003479,1.2086660861968994,1.3427003622055054,1.5757967233657837,0.193661168217659,1.2418231964111328,0.6138988137245178,0.5312111377716064,0.837313175201416,0.12423840910196304,0.34634387493133545,1.8245856761932373,0.6820493936538696,0.269477516412735,0.780019223690033,1.0007987022399902,0.3190890848636627,0.29055339097976685
0.021598340943455696,0.22470897436141968,1.2966958284378052,0.9547956585884094,0.7712832689285278,0.44360390305519104,0.9420969486236572,4.110652923583984,1.078597903251648,0.6609048843383789,0.5946893095970154,0.7513285875320435,0.006615384016185999,0.00039999998989515007,0.7179560661315918,1.2626280784606934,0.55755215883255,2.699082851409912,0.8744272589683533,1.354103922843933,0.02592034637928009,0.5580530762672424,0.3519834876060486,0.6914914846420288,0.01189643144607544,0.7043805718421936,1.1710259914398193,0.7662830948829651,1.936891794204712,0.003822359489277005,0.9638230800628662,1.1600013971328735,0.04829039052128792,0.5669683814048767,1.3522818088531494,0.7111458778381348,0.517656683921814,1.2279928922653198,0.01074952445924282,0.5035064220428467,0.7320277094841003,1.14790678024292,0.9242891669273376,0.12792782485485077,1.0905945301055908,0.28459712862968445,1.1742697954177856,0.15021410584449768,0.03404415398836136,0.12432146817445755,2.030669927597046,0.0440770722925663,0.03614731505513191,1.0443471670150757,1.14373779296875,0.18221139907836914,0.41098639369010925
0.3051852583885193,0.31273871660232544,0.5354465246200562,0.38606134057044983,0.7976458668708801,0.668366014957428,0.9887157082557678,4.498447418212891,0.705157995223999,0.6596013903617859,0.4549279808998108,0.4293339252471924,0.42112022638320923,0.00039999998989515007,0.9932536482810974,0.7607607245445251,0.7997810244560242,2.4183430671691895,1.1799033880233765,0.3108230531215668,0.08993582427501678,0.6341838240623474,0.02525762841105461,0.7589666247367859,0.3091641962528229,0.42897486686706543,0.967109203338623,0.8981558680534363,1.4535324573516846,0.8193002343177795,1.1717820167541504,0.7579059600830078,0.47327932715415955,0.5220828652381897,1.32164466381073,1.002150297164917,0.4326513409614563,1.4935215711593628,0.6173385381698608,0.2067546248435974,1.361266016960144,1.095677375793457,1.7018886804580688,0.46563053131103516,1.357056736946106,0.7833244800567627,0.05923479422926903,0.8194036483764648,0.04054345190525055,0.12586861848831177,1.7598209381103516,0.48332279920578003,0.39063382148742676,0.7075824737548828,1.113791584968567,0.39597031474113464,0.3458864986896515
0.19745633006095886,0.12448940426111221,1.1898757219314575,1.045227289199829,1.1371424198150635,0.31670162081718445,0.5579959154129028,4.011703014373779,1.310579538345337,0.26991042494773865,0.6328275203704834,0.7684983015060425,0.1946679800748825,0.00039999998989515007,1.0971834659576416,1.5820448398590088,0.801982581615448,2.7761921882629395,1.1111723184585571,0.9575303196907043,0.08047888427972794,0.4353278875350952,0.36537259817123413,0.46950292587280273,0.09247177094221115,0.8873603940010071,1.280073642730713,1.0223435163497925,1.8938348293304443,0.13309118151664734,0.5135930180549622,1.0458072423934937,0.0869729146361351,0.5820673704147339,1.2933801412582397,0.476175457239151,0.6822928786277771,1.4565606117248535,0.15271568298339844,0.16442075371742249,0.7244364023208618,0.9555999636650085,1.0243096351623535,0.056176722049713135,0.9692767858505249,0.4863068461418152,1.1785187721252441,0.10061430931091309,0.28932639956474304,0.05181876942515373,1.561120867729187,0.25570592284202576,0.15437458455562592,1.2063692808151245,1.179324984550476,0.5042647123336792,0.681160032749176
0.05095925182104111,0.4597972333431244,1.2700296640396118,0.956986665725708,0.7553157210350037,0.17533047497272491,0.8234521150588989,3.9825541973114014,1.1165721416473389,0.7517185211181641,0.4095778465270996,0.4684058427810669,0.25704512000083923,0.00039999998989515007,0.8861600756645203,1.0283814668655396,0.7922564148902893,2.436279773712158,1.106462001800537,1.1785972118377686,0.058127351105213165,0.5082125663757324,0.2769019901752472,0.6544245481491089,0.1874954104423523,0.6804898977279663,1.2900984287261963,1.0580092668533325,1.964316487312317,0.11531654745340347,0.9970806241035461,1.454079270362854,0.23974350094795227,0.3694595992565155,1.3298994302749634,0.695709228515625,0.628667950630188,1.222593069076538,0.14506599307060242,0.3720232844352722,1.0532350540161133,1.1224932670593262,1.2015186548233032,0.02473418042063713,1.2888689041137695,0.3104744851589203,0.9191161394119263,0.17345628142356873,0.2514413893222809,0.08587698638439178,1.9217044115066528,0.13892211019992828,0.07304465025663376,1.1476887464523315,1.1851164102554321,0.21829579770565033,0.4398026466369629
0.16906221210956573,0.6767967939376831,0.810693085193634,0.06683840602636337,0.6799271702766418,1.1468522548675537,1.288780689239502,4.6419806480407715,0.7052122354507446,0.8266695141792297,0.3575916588306427,0.883789598941803,0.11180594563484192,0.00039999998989515007,1.1331708431243896,1.2233045101165771,0.7225269675254822,2.3382153511047363,0.8462660312652588,0.1558690071105957,0.07850033044815063,0.5690195560455322,0.11865921318531036,0.8436369299888611,0.3043535649776459,0.15133444964885712,0.7216560244560242,0.9799444079399109,1.456647515296936,0.44679567217826843,1.2200573682785034,0.577098548412323,0.3214152753353119,0.33143967390060425,1.418901801109314,0.9930271506309509,0.45702728629112244,1.371608853340149,0.6026748418807983,0.053590912371873856,1.2186779975891113,1.1075650453567505,1.575718879699707,0.3582514226436615,1.4538404941558838,0.6230679750442505,0.2578701376914978,0.7733713388442993,0.401899129152298,0.19188715517520905,1.437371015548706,0.6456149816513062,0.5379499197006226,1.002663016319275,0.8310532569885254,0.13748928904533386,0.37997788190841675
1.0281506776809692,0.3086812496185303,0.7722021341323853,0.1390836387872696,1.4709010124206543,1.0426579713821411,1.9453221559524536,3.9871182441711426,1.3611527681350708,1.491701602935791,0.3566162586212158,0.5517655611038208,0.7740577459335327,0.00039999998989515007,0.9484895467758179,1.9366960525512695,0.9886592030525208,2.0366575717926025,0.8455502390861511,0.6139832735061646,0.12451472878456116,0.47104865312576294,0.6371638774871826,0.4204696714878082,0.30289459228515625,0.45934388041496277,0.46463149785995483,1.5439366102218628,1.5957930088043213,0.09368287771940231,1.6489094495773315,0.6184330582618713,0.83133864402771,0.3002109229564667,0.6226248145103455,0.3433109521865845,1.0951435565948486,0.6405009627342224,0.08321239054203033,0.08290564268827438,0.49347177147865295,0.5812429189682007,0.831588089466095,0.11327920109033585,1.5347057580947876,0.2894632816314697,0.6545616388320923,0.028347400948405266,0.8440130949020386,0.6531497240066528,0.8302129507064819,0.12887685000896454,0.8727137446403503,1.6803913116455078,0.47055429220199585,0.04889789968729019,0.06634778529405594
0.13726772367954254,0.19784750044345856,0.38055557012557983,0.2116023451089859,1.0224977731704712,0.4757019579410553,1.366959571838379,4.045773983001709,0.9217386245727539,0.7229153513908386,0.3035527765750885,0.663227379322052,0.7882475852966309,0.00039999998989515007,1.2435847520828247,1.5609558820724487,1.3811087608337402,2.531473159790039,1.3648614883422852,0.30972230434417725,0.44780242443084717,0.44179946184158325,0.16352981328964233,0.6525732278823853,0.28066980838775635,0.4176674485206604,1.177707552909851,1.614587426185608,1.4405498504638672,0.3971804082393646,1.1385917663574219,0.642677366733551,0.41060671210289,0.024508792906999588,0.9766957759857178,0.22286075353622437,0.7084910869598389,1.3304078578948975,0.597300112247467,0.4481535851955414,1.3370614051818848,0.6561703681945801,1.727131724357605,0.33108556270599365,1.8009639978408813,0.5294908881187439,0.26220282912254333,0.3742188811302185,0.32675284147262573,0.386184424161911,0.9706382751464844,0.3023250102996826,0.697345495223999,1.520112156867981,0.4492797255516052,0.4139244258403778,0.22929468750953674
0.07465986907482147,0.594321608543396,0.7062432765960693,0.6146559119224548,0.9616782665252686,1.1103811264038086,1.731547236442566,4.675056457519531,0.5801212787628174,0.9192323088645935,0.1740979254245758,0.5900105834007263,0.49589022994041443,0.00039999998989515007,0.5010128021240234,1.237384557723999,1.0999982357025146,2.595944881439209,1.0750499963760376,0.11536261439323425,0.34805408120155334,0.19272136688232422,0.06701328605413437,0.5144703984260559,0.22797048091888428,1.0125333070755005,0.6457961201667786,0.7444602847099304,1.8854479789733887,0.9061295390129089,1.1407982110977173,0.33370205760002136,0.575533390045166,0.17354966700077057,1.0466738939285278,0.6670352220535278,0.3142494261264801,1.4710830450057983,0.006973485928028822,0.32563450932502747,1.0328054428100586,1.00627863407135,1.2822401523590088,0.4123847484588623,0.9407389163970947,0.6202200651168823,0.7655831575393677,0.511357843875885,0.1285608559846878,0.05260876566171646,1.5406663417816162,0.5885708332061768,0.41988664865493774,0.8022805452346802,0.9740719795227051,0.28574061393737793,0.07461632043123245
0.3892524242401123,0.07746527343988419,0.5573595762252808,0.5548902153968811,1.1655436754226685,0.8221672177314758,0.8198260068893433,5.418638706207275,0.9581558704376221,0.19876116514205933,0.2275882065296173,0.11107427626848221,0.03414376452565193,0.00039999998989515007,0.9321742653846741,0.979908287525177,0.4622804522514343,1.948293924331665,1.5258158445358276,0.8203008770942688,0.05792760103940964,0.3647179901599884,0.05729169398546219,0.15710170567035675,0.11350302398204803,0.42514821887016296,0.6199544072151184,0.2324378341436386,2.0162181854248047,0.9227718710899353,0.9763884544372559,1.0549030303955078,0.9978266954421997,0.1319090723991394,1.1381748914718628,0.4918179512023926,0.3842006325721741,1.06103515625,0.17845401167869568,0.3143813908100128,0.6366374492645264,0.6165688633918762,0.9251425862312317,0.3516292870044708,1.0732221603393555,0.6447092890739441,0.04502135515213013,0.08251088857650757,0.42337268590927124,0.19749565422534943,1.7824229001998901,0.06930570304393768,0.06014270707964897,0.5527617931365967,1.807605266571045,0.13908925652503967,0.5493550300598145
0.04882830008864403,0.746447741985321,0.7943297028541565,0.18273165822029114,0.6531722545623779,1.3009611368179321,1.498750925064087,4.706356048583984,0.6686959266662598,0.7202820181846619,0.27598631381988525,0.8729782104492188,0.12724409997463226,0.00039999998989515007,0.7895190119743347,1.254279613494873,0.7460861802101135,2.473663806915283,0.8061800003051758,0.16182982921600342,0.02686537243425846,0.5371584892272949,0.027171390131115913,0.7991541624069214,0.15319526195526123,0.34581878781318665,0.5873947739601135,0.677682101726532,1.6064773797988892,0.858180046081543,1.139196515083313,0.4759819507598877,0.2485358864068985,0.3801382780075073,1.3575644493103027,0.9338087439537048,0.2507336139678955,1.3806794881820679,0.567772626876831,0.24052903056144714,1.091160774230957,1.3181532621383667,1.4744458198547363,0.352221816778183,1.3823367357254028,0.6238296031951904,0.374297559261322,0.8890373110771179,0.2323770970106125,0.3563145101070404,1.6664551496505737,0.5744513869285583,0.3373357355594635,0.8378259539604187,0.9252305626869202,0.22219684720039368,0.1834750473499298
0.023309782147407532,0.5426725745201111,0.7695488929748535,0.08402795344591141,0.7661289572715759,1.115314245223999,1.343700647354126,4.6007513999938965,0.8001939654350281,0.5467435717582703,0.1878976672887802,1.1267749071121216,0.040074363350868225,0.00039999998989515007,0.7926579117774963,1.7454850673675537,1.0433517694473267,2.7795724868774414,0.7218259572982788,0.14460454881191254,0.2903023958206177,0.5036301612854004,0.0794328898191452,0.8611201643943787,0.11382536590099335,0.4508846700191498,0.7098608613014221,0.9695029258728027,1.4678658246994019,0.6534180641174316,0.7126217484474182,0.6166115403175354,0.006939684972167015,0.4039810597896576,1.4561156034469604,0.7012587189674377,0.20725230872631073,1.104142189025879,1.0385639667510986,0.18267083168029785,1.074446678161621,1.3679262399673462,1.3948802947998047,0.08061420917510986,1.5098631381988525,0.7286893129348755,0.3301945626735687,0.6993274092674255,0.18392705917358398,0.42939144372940063,1.077796459197998,0.7319627404212952,0.21015618741512299,1.3486509323120117,0.6208897233009338,0.3839353621006012,0.3789525032043457
0.28328219056129456,0.7748705744743347,0.6850835680961609,0.3923988938331604,0.6963028907775879,1.3440213203430176,1.3510981798171997,4.745781421661377,0.5101512670516968,0.4593360722064972,0.2846333682537079,0.7555311918258667,0.12962162494659424,0.00039999998989515007,0.7261654734611511,1.1148427724838257,0.8541021347045898,2.4261693954467773,0.8871448040008545,0.09840323776006699,0.18396545946598053,0.44820210337638855,0.1280546337366104,0.6398928761482239,0.06865940988063812,0.4977209270000458,0.5831530094146729,0.5336405038833618,1.5959852933883667,1.2252763509750366,0.8655524253845215,0.44025006890296936,0.3778678774833679,0.42267271876335144,1.384535789489746,0.8693860769271851,0.11316167563199997,1.544150710105896,0.5911223888397217,0.1681506633758545,1.1371357440948486,1.3504048585891724,1.4558054208755493,0.40663596987724304,1.224926471710205,0.8086395859718323,0.386644184589386,1.0236055850982666,0.16761325299739838,0.38869041204452515,1.5888365507125854,0.7911930680274963,0.2037186175584793,0.6941396594047546,1.1015613079071045,0.31257322430610657,0.2601030766963959
0.2302028387784958,0.3892354369163513,0.48595094680786133,0.10360287129878998,0.586237370967865,0.7566572427749634,1.847237467765808,4.103396892547607,0.6602910161018372,1.249875783920288,0.01891930401325226,0.7261356115341187,0.5778710246086121,0.00039999998989515007,1.0016881227493286,1.681283712387085,1.098250150680542,2.2296323776245117,1.2409400939941406,0.35584890842437744,0.4613840878009796,0.37691718339920044,0.02827780693769455,1.0341764688491821,0.5410287976264954,0.22863039374351501,0.8547466993331909,1.5255719423294067,1.5351811647415161,0.6054379343986511,1.355634093284607,0.6772165298461914,0.3743365705013275,0.31815171241760254,0.9122387766838074,0.3781627416610718,0.5144248008728027,1.1808661222457886,0.6554023027420044,0.05290917307138443,1.3555238246917725,0.9017564654350281,1.6781010627746582,0.5080502033233643,1.7716907262802124,0.4957779049873352,0.1374237835407257,0.5354928374290466,0.7546228170394897,0.3232828676700592,1.1468565464019775,0.1244501993060112,0.7639597058296204,1.3902310132980347,0.36036407947540283,0.23102149367332458,0.0015001018764451146
0.4767170548439026,0.7938420176506042,0.32602784037590027,0.6566274166107178,0.6724222898483276,1.9838072061538696,1.9385136365890503,4.97276496887207,0.3551173508167267,0.9732241034507751,0.3567420542240143,0.43976879119873047,0.2023017555475235,0.00039999998989515007,1.192468523979187,0.8733877539634705,0.9373136758804321,1.8889037370681763,0.8986738920211792,0.5954853892326355,0.5466078519821167,0.09942632913589478,0.1902640014886856,0.4770810902118683,0.249309703707695,0.07906074076890945,0.24470701813697815,0.16438992321491241,1.133557677268982,0.8798217177391052,1.3899991512298584,0.5093113780021667,0.3607846796512604,0.3913743197917938,1.1324478387832642,1.0415204763412476,0.5496634244918823,1.4041091203689575,0.10212664306163788,0.11956814676523209,1.280961275100708,1.0982860326766968,1.2589155435562134,0.7924548387527466,1.6744717359542847,0.014242025092244148,0.08548932522535324,0.7557927370071411,0.5450485944747925,0.08232320845127106,0.9091113209724426,0.10185611248016357,1.0652923583984375,0.7047723531723022,0.7560586929321289,0.4955536723136902,0.10289574414491653
0.11051593720912933,0.749108612537384,0.9093453288078308,0.09224050492048264,0.7283364534378052,1.2079272270202637,1.735252857208252,4.595210552215576,0.8927512764930725,0.7942739129066467,0.04348541796207428,1.0081843137741089,0.12620748579502106,0.00039999998989515007,0.922189474105835,1.8446226119995117,0.7708205580711365,2.467308759689331,0.9502744078636169,0.26294559240341187,0.2704285681247711,0.3011776804924011,0.25403428077697754,1.03998863697052,0.17681239545345306,0.350376158952713,0.5012017488479614,0.9979471564292908,1.722726821899414,0.679311215877533,0.9868190884590149,0.5267091989517212,0.014876470901072025,0.3653416931629181,1.0750080347061157,0.6241631507873535,0.3593161404132843,1.1841585636138916,0.8619700074195862,0.10700026899576187,0.9974582195281982,1.1114959716796875,1.473340630531311,0.4224616587162018,1.409347414970398,0.7058680653572083,0.2735290229320526,0.5468780994415283,0.6460002064704895,0.13775251805782318,1.3638124465942383,0.17691770195960999,0.33334431052207947,1.2596269845962524,0.6780749559402466,0.328518807888031,0.026503335684537888
0.02773549221456051,0.6905087232589722,0.8932993412017822,0.35199061036109924,0.6059579253196716,1.2996941804885864,1.6836857795715332,4.4561991691589355,0.8008612394332886,0.6760741472244263,0.2071886658668518,0.894861102104187,0.19757845997810364,0.00039999998989515007,0.6437746286392212,1.3137565851211548,0.9056322574615479,2.480578899383545,0.7956716418266296,0.2639762759208679,0.194843590259552,0.6237221956253052,0.156654953956604,0.8048021793365479,0.09465961903333664,0.3963876962661743,0.6592933535575867,0.7834954261779785,1.7185920476913452,0.9408364295959473,1.2060697078704834,0.5003379583358765,0.2128482311964035,0.2872180640697479,1.3091464042663574,0.7717032432556152,0.21596679091453552,1.275155782699585,0.6996537446975708,0.22096677124500275,1.1301815509796143,1.3133416175842285,1.5693655014038086,0.3141060173511505,1.5085357427597046,0.5678519606590271,0.45213940739631653,0.8443583250045776,0.1859489530324936,0.43883123993873596,1.7138919830322266,0.5639928579330444,0.26247790455818176,0.9372449517250061,0.8624230623245239,0.11361566185951233,0.03928609937429428
0.0907619297504425,0.7915728688240051,0.5998263359069824,0.13243070244789124,0.8364958167076111,1.1298469305038452,1.5182360410690308,4.441132068634033,0.9357415437698364,0.5668942332267761,0.3271373510360718,0.8547826409339905,0.41548317670822144,0.00039999998989515007,1.099348545074463,1.7481988668441772,1.0421370267868042,2.5914950370788574,1.055281162261963,0.13450348377227783,0.21787206828594208,0.544628381729126,0.1695156991481781,0.8770042657852173,0.15903040766716003,0.4358298182487488,0.7915766835212708,1.1611906290054321,1.5477943420410156,0.882480800151825,1.0344111919403076,0.2847135365009308,0.20426149666309357,0.37909644842147827,1.0536818504333496,0.5516072511672974,0.47141969203948975,1.4147964715957642,0.8622176647186279,0.02412402629852295,1.1081326007843018,0.9467929601669312,1.719207763671875,0.4987449049949646,1.4025627374649048,0.7335390448570251,0.2176966667175293,0.7005895972251892,0.5007794499397278,0.13696619868278503,1.3397926092147827,0.345102459192276,0.44628584384918213,1.044427752494812,0.7188148498535156,0.38222870230674744,0.15398694574832916
0.06096214801073074,0.7465803027153015,0.6521706581115723,0.3928041160106659,0.8774661421775818,1.5146968364715576,1.224553108215332,4.826728343963623,0.8251144289970398,0.5290851593017578,0.20561549067497253,0.5209636092185974,0.029394298791885376,0.00039999998989515007,0.9096919894218445,1.1253530979156494,0.6139811873435974,2.0495383739471436,0.9317426085472107,0.1267627775669098,0.006217676680535078,0.6482419967651367,0.0823960155248642,0.5130019187927246,0.020292000845074654,0.2593650221824646,0.35823342204093933,0.3824537992477417,1.4084957838058472,1.4116580486297607,0.9847018122673035,0.4823739528656006,0.6837713718414307,0.7394325137138367,1.3869322538375854,1.1088166236877441,0.3313632905483246,1.3809819221496582,0.6378058195114136,0.14884573221206665,1.028529167175293,1.4688833951950073,1.0805659294128418,0.36056655645370483,1.5328423976898193,0.5816556811332703,0.05788583308458328,1.2120543718338013,0.27582523226737976,0.5412394404411316,1.4786982536315918,0.6561406254768372,0.24327951669692993,0.5038865208625793,1.321452021598816,0.5329068303108215,0.4686754047870636
0.45990079641342163,0.7442530393600464,0.48755723237991333,0.36489009857177734,0.6831867694854736,1.4194661378860474,1.1354950666427612,5.043585777282715,0.79080730676651,0.3533160090446472,0.3058449923992157,0.33115774393081665,0.0026038833893835545,0.00039999998989515007,1.0323423147201538,0.7904976010322571,0.6210557818412781,1.8804099559783936,1.090729832649231,0.15443478524684906,0.19605106115341187,0.5220561027526855,0.14777271449565887,0.5109933018684387,0.09850368648767471,0.18276701867580414,0.30968520045280457,0.3782523274421692,1.3640884160995483,1.4794676303863525,1.0212092399597168,0.432548463344574,0.8221449255943298,0.8473551273345947,1.2940547466278076,1.1389484405517578,0.2113099843263626,1.3996299505233765,0.5793054699897766,0.1362050324678421,1.1014045476913452,1.1835405826568604,1.3105895519256592,0.5222427845001221,1.2839857339859009,0.8751086592674255,0.16363169252872467,1.0583574771881104,0.3652973473072052,0.3990723788738251,1.5995670557022095,0.7798716425895691,0.28487229347229004,0.36805424094200134,1.3847424983978271,0.3443840742111206,0.4467078745365143
0.04855743795633316,0.5269151926040649,0.7991124987602234,0.466089129447937,0.6048159003257751,1.0882717370986938,1.645194411277771,4.502073287963867,0.8085052371025085,0.6236709356307983,0.16489966213703156,0.5959451198577881,0.3579910099506378,0.00039999998989515007,0.6627387404441833,1.0457711219787598,1.0044652223587036,2.3406238555908203,0.966838002204895,0.1573864221572876,0.30048999190330505,0.59554523229599,0.16307108104228973,0.724578857421875,0.10691916942596436,0.3853733241558075,0.6994125843048096,0.8809480667114258,1.6737416982650757,1.1615678071975708,1.2134473323822021,0.5870362520217896,0.44369688630104065,0.4391005337238312,1.2201790809631348,0.7225516438484192,0.2424306720495224,1.2776620388031006,0.799338161945343,0.13462688028812408,1.3045841455459595,1.2519642114639282,1.6657277345657349,0.41178953647613525,1.6047166585922241,0.6606524586677551,0.21586619317531586,0.8764447569847107,0.0902392789721489,0.3443831205368042,1.7269012928009033,0.5932711362838745,0.20851446688175201,0.8748422265052795,0.9527497887611389,0.14069002866744995,0.03694920614361763
0.45778772234916687,0.48471206426620483,0.5453623533248901,0.5282979011535645,0.378339558839798,1.0309418439865112,1.3522403240203857,4.453533172607422,0.3812716007232666,0.5739948153495789,0.227462038397789,0.7008385062217712,0.29942965507507324,0.00039999998989515007,0.5551315546035767,1.2000786066055298,1.167650580406189,2.5808284282684326,0.8166145086288452,0.1927819401025772,0.09141314774751663,0.5830723643302917,0.30502137541770935,0.9213549494743347,0.24968171119689941,0.6838055849075317,0.9761792421340942,0.9115152359008789,1.5158921480178833,1.1783521175384521,0.8352890014648438,0.5912527441978455,0.21541254222393036,0.49104395508766174,1.3516401052474976,0.7636735439300537,0.03192666172981262,1.5193448066711426,0.7500763535499573,0.3084162175655365,1.2980798482894897,1.4384360313415527,1.7283505201339722,0.38313087821006775,1.1100578308105469,0.8851174712181091,0.3745579421520233,1.0387135744094849,0.03805827721953392,0.3191702663898468,1.6542212963104248,0.7991993427276611,0.19150424003601074,0.7396203279495239,0.8743619322776794,0.20598654448986053,0.2444125860929489
0.27071529626846313,0.8215429186820984,0.6797274947166443,0.305562824010849,0.5243052244186401,1.5146446228027344,1.4886826276779175,4.977135181427002,0.668928325176239,0.47877195477485657,0.27174606919288635,0.710632860660553,0.03565334156155586,0.00039999998989515007,0.7537244558334351,1.0882731676101685,0.7724172472953796,2.2784605026245117,0.8316002488136292,0.005476655904203653,0.22086654603481293,0.4992089569568634,0.060119859874248505,0.6750388145446777,0.06217683479189873,0.3145665228366852,0.43502718210220337,0.4535108804702759,1.5392497777938843,1.2234338521957397,1.0760135650634766,0.3868787884712219,0.3888351023197174,0.5812018513679504,1.3447428941726685,0.9933136701583862,0.10489565879106522,1.36454176902771,0.6124747395515442,0.22263969480991364,1.0704572200775146,1.3071719408035278,1.469469428062439,0.42067769169807434,1.261768102645874,0.7630860209465027,0.1819877177476883,0.9339978694915771,0.03719335421919823,0.5015256404876709,1.6816655397415161,0.7234134078025818,0.2641133666038513,0.6020108461380005,1.0793983936309814,0.17816871404647827,0.20954906940460205
0.9761130809783936,0.9547802209854126,0.22100332379341125,0.578683078289032,0.13522027432918549,1.5899088382720947,0.8375898003578186,4.332680702209473,0.04240266978740692,0.26544100046157837,0.09539158642292023,0.9163278937339783,0.20200759172439575,0.00039999998989515007,0.11595839262008667,0.3600141406059265,1.7127015590667725,2.536651134490967,0.4587500989437103,0.3054376244544983,0.5306184887886047,0.8181038498878479,0.7085154056549072,0.23654596507549286,0.11824289709329605,0.7825830578804016,0.8435081839561462,0.05628156289458275,1.247397780418396,1.3576138019561768,0.859405517578125,0.1089097112417221,0.05269044637680054,0.5246520042419434,1.6488348245620728,0.6400213837623596,0.7693597674369812,1.2175225019454956,0.8917906284332275,0.07151957601308823,1.0943928956985474,1.250769019126892,2.06003475189209,0.1706203818321228,0.6175336837768555,1.041374683380127,0.2429644614458084,0.9786920547485352,0.5070919990539551,1.0900051593780518,1.2997462749481201,1.664182424545288,0.2545006573200226,0.30990758538246155,0.8133659362792969,0.17100593447685242,0.06816383451223373
0.42807313799858093,0.25806090235710144,0.22003501653671265,0.4114339351654053,0.6857517957687378,1.014466404914856,1.3996106386184692,4.914267063140869,0.5804579257965088,0.5124342441558838,0.32123181223869324,0.29432767629623413,0.0023889667354524136,0.00039999998989515007,0.9548942446708679,0.9320839047431946,0.2878400385379791,1.572819471359253,0.9927809238433838,0.24904756247997284,0.17342939972877502,0.6997020840644836,0.3672862946987152,1.0085738897323608,0.19623273611068726,0.03404228389263153,0.4557586908340454,0.876578152179718,0.805070698261261,1.83902108669281,0.8354040384292603,0.3512799143791199,1.2761971950531006,1.1060540676116943,0.8920261859893799,1.0465593338012695,0.39668118953704834,1.2485586404800415,0.6119880080223083,0.1291903704404831,1.162279486656189,1.1642497777938843,0.8571279048919678,0.3759833872318268,1.5091346502304077,1.0195223093032837,0.6618484258651733,1.5374698638916016,0.23561863601207733,0.06439478695392609,1.7201248407363892,0.3901332914829254,0.4236254096031189,0.18481679260730743,1.2739337682724,0.4197399616241455,0.6027981638908386
0.2365226298570633,0.1753060519695282,0.2668188512325287,0.47510114312171936,0.3573582172393799,1.0080028772354126,2.013559579849243,4.791319370269775,0.45781412720680237,0.4379260838031769,0.5768773555755615,0.27442821860313416,0.12247996777296066,0.00039999998989515007,0.6132990121841431,1.2612130641937256,0.8950476050376892,2.5925943851470947,0.6023308038711548,0.8018249869346619,0.0841076672077179,0.7704287171363831,0.27243566513061523,1.2745003700256348,0.07805775105953217,0.2644524872303009,0.9632167816162109,1.1539875268936157,0.8672196269035339,1.2829351425170898,0.9959802627563477,0.29073598980903625,0.5265629291534424,0.45963823795318604,0.9506096839904785,0.7511139512062073,0.20285646617412567,1.2404382228851318,0.591620922088623,0.20150189101696014,1.1621659994125366,1.2213778495788574,1.3043380975723267,0.15729916095733643,1.3358001708984375,0.9239563345909119,0.030177101492881775,1.2014849185943604,0.21230435371398926,0.07856331765651703,1.9936221837997437,0.36531731486320496,0.5423607230186462,0.6596100330352783,0.629002571105957,0.05797627568244934,0.19149556756019592
0.09896551072597504,0.49674463272094727,0.5308336615562439,0.4255578815937042,0.5115435123443604,1.5553016662597656,1.2574859857559204,4.943654537200928,0.7425124049186707,0.37053319811820984,0.053454864770174026,0.8157455921173096,0.11481214314699173,0.00039999998989515007,0.4300149381160736,1.069444179534912,1.2976664304733276,2.557988405227661,0.5287653207778931,0.29084262251853943,0.14725501835346222,0.9172121286392212,0.058513008058071136,0.5470385551452637,0.04931441321969032,0.3896830081939697,0.7594290375709534,0.5292270183563232,1.499030590057373,1.0361065864562988,1.2175174951553345,0.6441720128059387,0.21820056438446045,0.2802260220050812,1.5099109411239624,0.8134300708770752,0.02477169968187809,0.9775472283363342,0.8331394195556641,0.02890073135495186,0.9757724404335022,1.3947454690933228,1.5445148944854736,0.0051454808562994,1.5870764255523682,0.39696967601776123,0.29765626788139343,0.8847729563713074,0.08642351627349854,0.6811308264732361,1.4070054292678833,0.91693115234375,0.3475414514541626,0.9417486786842346,0.8675013184547424,0.04295511543750763,0.14897291362285614
0.3164674639701843,0.5985440611839294,0.4645146131515503,0.17788562178611755,0.5804390907287598,1.248499870300293,1.3296961784362793,5.212786674499512,0.7812243700027466,0.5571787357330322,0.058441802859306335,0.32212767004966736,0.26902854442596436,0.00039999998989515007,1.0833399295806885,0.8799341917037964,0.8971728086471558,1.824802279472351,1.2111886739730835,0.23934340476989746,0.17590689659118652,0.3657115399837494,0.1492605358362198,0.5136162638664246,0.21222059428691864,0.06260447204113007,0.3659490644931793,0.7870057821273804,1.4584225416183472,1.3803303241729736,1.1762371063232422,0.5818701982498169,0.8448424339294434,0.718351423740387,1.1278434991836548,0.8311210870742798,0.28882989287376404,1.2386386394500732,0.6677474975585938,0.17508766055107117,1.2461546659469604,0.9577101469039917,1.5845770835876465,0.5718159675598145,1.592565894126892,0.7645935416221619,0.25391656160354614,0.8029663562774658,0.21265748143196106,0.07320795208215714,1.2879612445831299,0.7517995834350586,0.43500301241874695,0.8066360354423523,1.078392744064331,0.14110663533210754,0.2626165449619293
0.32859504222869873,0.4803405702114105,0.413396418094635,0.4400283992290497,0.5119774341583252,1.0342860221862793,2.093283176422119,4.845567226409912,0.4003911018371582,0.5200613141059875,0.450263112783432,0.23466737568378448,0.01652909629046917,0.00039999998989515007,0.4532686471939087,1.388057827949524,0.38467153906822205,2.1344852447509766,0.7886948585510254,0.5999154448509216,0.016476361081004143,0.5906446576118469,0.2130606323480606,1.2882325649261475,0.0745868980884552,0.2561371624469757,0.6068573594093323,0.9053535461425781,1.1469444036483765,1.6353471279144287,0.8665334582328796,0.050656016916036606,0.7476087212562561,0.7187323570251465,0.8334676623344421,0.6648567318916321,0.11523395031690598,1.2883567810058594,0.6192904710769653,0.4127940237522125,1.0556092262268066,1.1162374019622803,1.0940378904342651,0.32518646121025085,1.210598349571228,1.1996203660964966,0.19045156240463257,1.2659907341003418,0.25320225954055786,0.2721020579338074,2.1336355209350586,0.18947358429431915,0.3098697066307068,0.3444500267505646,0.947880208492279,0.10768623650074005,0.18208710849285126
0.13474366068840027,0.39133402705192566,0.6986567378044128,0.033995795994997025,0.8514987826347351,1.5709675550460815,1.7032862901687622,5.294464588165283,0.10311883687973022,0.41685447096824646,0.011953736655414104,0.33681872487068176,0.015584917739033699,0.00039999998989515007,0.7326794862747192,1.333237648010254,0.9549618363380432,2.430732011795044,0.7870688438415527,0.05731029808521271,0.04214640334248543,0.38792183995246887,0.13185736536979675,0.8348973393440247,0.04692217707633972,0.4392111599445343,0.7013129591941833,0.6644724011421204,1.5051815509796143,1.2084956169128418,0.705277144908905,0.6342081427574158,0.587349534034729,0.20186075568199158,1.1469115018844604,0.494539737701416,0.24759389460086823,1.1961065530776978,1.0283715724945068,0.042575255036354065,1.1956661939620972,1.0025444030761719,1.2175825834274292,0.6627088189125061,1.5794148445129395,0.4090328812599182,0.2200753390789032,0.6744853258132935,0.01773049496114254,0.1676589399576187,1.1291007995605469,0.08610063791275024,0.3678446412086487,0.8260201215744019,1.1708279848098755,0.11270394176244736,0.06601422280073166
0.7277742028236389,0.4115116000175476,0.7807371616363525,0.5670706629753113,0.7993417382240295,1.5404820442199707,0.29779309034347534,5.427406311035156,0.13691744208335876,0.5857604146003723,0.08262599259614944,0.11141499876976013,0.5056367516517639,0.00039999998989515007,0.5788942575454712,0.41554656624794006,1.2008169889450073,2.282583475112915,0.4730476140975952,0.7894200682640076,0.38166457414627075,0.6490247249603271,0.3466630280017853,0.038238465785980225,0.1874733567237854,0.6910999417304993,1.0283058881759644,0.39040607213974,1.7331531047821045,0.6567543148994446,0.5156385898590088,1.4968557357788086,0.3983202874660492,0.3882085084915161,1.7449740171432495,0.6612277030944824,0.01981377974152565,0.6603760123252869,0.5459687113761902,0.1477760672569275,0.5487078428268433,0.912095308303833,0.8772864937782288,0.05787428840994835,0.8571388721466064,0.03649076074361801,0.5076205134391785,0.18885590136051178,0.9468188285827637,0.8085681796073914,1.4076237678527832,0.27142447233200073,0.2222071886062622,0.4724912643432617,1.9508342742919922,0.3542867600917816,0.5522609353065491
0.3574450612068176,0.3737882077693939,0.4245089590549469,0.7853310704231262,0.6773306727409363,1.2163668870925903,1.4789313077926636,4.967573165893555,0.7242211103439331,0.1890563815832138,0.5404412150382996,0.40725475549697876,0.12984246015548706,0.00039999998989515007,0.7427079081535339,1.153279185295105,1.1511763334274292,2.434303045272827,1.0677647590637207,0.45939868688583374,0.1977834552526474,0.5918405055999756,0.043022673577070236,0.6001741886138916,0.06726476550102234,0.5804805755615234,0.8961002230644226,0.6306654810905457,1.4496873617172241,1.3300937414169312,0.9726266264915466,0.4514581859111786,0.5972554087638855,0.28497445583343506,1.1738516092300415,0.6933509111404419,0.16548144817352295,1.4683952331542969,0.4786006808280945,0.09705609828233719,1.0951732397079468,1.0523667335510254,1.3178718090057373,0.3031507730484009,1.2401738166809082,0.8504330515861511,0.30465245246887207,0.779988169670105,0.2980799078941345,0.29327696561813354,1.7525439262390137,0.5370513796806335,0.3426506221294403,0.6131805181503296,1.1507158279418945,0.22826749086380005,0.2447054237127304
0.34851711988449097,0.5229986906051636,0.4717883765697479,0.06326683610677719,0.6275941729545593,0.9444832801818848,1.5246840715408325,4.624439239501953,0.6682505011558533,0.6253925561904907,0.058700140565633774,0.3340655565261841,0.48392215371131897,0.00039999998989515007,1.0663775205612183,0.922444760799408,1.0294612646102905,1.7178373336791992,1.3142653703689575,0.09120839089155197,0.07161908596754074,0.39348775148391724,0.06539992243051529,0.7218995094299316,0.30241987109184265,0.17644096910953522,0.5908581614494324,0.9964263439178467,1.532677173614502,1.3153104782104492,1.2192646265029907,0.6648765802383423,0.7100269794464111,0.9016079902648926,1.1309586763381958,0.7366725206375122,0.3220648467540741,1.235598087310791,0.9269628524780273,0.014419211074709892,1.4583152532577515,0.9287444353103638,1.9271982908248901,0.7380317449569702,1.557345986366272,0.9373237490653992,0.4703892469406128,0.6859176754951477,0.010703397914767265,0.20490829646587372,1.543130874633789,0.4678357243537903,0.3366716504096985,0.7776974439620972,1.0435844659805298,0.12332237511873245,0.17462047934532166
0.2813505232334137,0.5694445967674255,0.6353985667228699,0.19840016961097717,0.7310805916786194,1.6348193883895874,1.0900743007659912,4.838276386260986,0.6517240405082703,0.5422062873840332,0.155725359916687,0.7896910309791565,0.04686644300818443,0.00039999998989515007,0.8914703726768494,1.4478402137756348,1.02041494846344,1.8272535800933838,0.7402030825614929,0.012369231320917606,0.15126146376132965,0.7122128009796143,0.29424330592155457,0.561292290687561,0.11071133613586426,0.2792830765247345,0.5408920645713806,0.5361050963401794,1.5075188875198364,1.237835168838501,0.8968395590782166,0.8341898918151855,0.4895451068878174,0.6187602281570435,1.7035218477249146,1.001420497894287,0.2141599953174591,1.1344506740570068,0.7532569169998169,0.004463279154151678,0.9665457606315613,1.5367587804794312,1.291346549987793,0.12766321003437042,1.575303077697754,0.5568377375602722,0.07160896062850952,0.9996584057807922,0.17995983362197876,0.6950580477714539,1.2127594947814941,0.891608476638794,0.22994627058506012,0.8934761881828308,1.2049282789230347,0.1975635290145874,0.6540851593017578
0.465276300907135,0.6007206439971924,0.3502122759819031,0.33250924944877625,0.7119119167327881,1.3065202236175537,1.1467351913452148,4.773166656494141,0.5359331965446472,0.45034536719322205,0.015021369792521,0.33970028162002563,0.3274478316307068,0.00039999998989515007,0.9335141777992249,0.7928786873817444,1.1656662225723267,1.611547589302063,1.3386825323104858,0.3767164945602417,0.2381819784641266,0.4275948405265808,0.23754435777664185,0.3198886215686798,0.18643160164356232,0.3238847851753235,0.5146287083625793,0.5609956979751587,1.5848420858383179,1.5618202686309814,1.0613534450531006,0.7284290194511414,0.9001321196556091,0.7646626234054565,1.3398324251174927,0.7825043797492981,0.14443178474903107,1.3632477521896362,0.774700939655304,0.1033482551574707,1.3547800779342651,1.0693196058273315,1.6581999063491821,0.6420186758041382,1.5094070434570312,0.8194345831871033,0.17104202508926392,0.8473072648048401,0.5341639518737793,0.3205867409706116,1.2310999631881714,0.8625136613845825,0.3191773593425751,0.6748671531677246,1.3196372985839844,0.21253518760204315,0.3284735083580017
0.5043328404426575,0.007450840435922146,1.045369029045105,1.0728155374526978,0.725324273109436,1.211585521697998,0.735209584236145,4.806750774383545,0.9064317345619202,0.2489130198955536,0.2923760712146759,0.42321741580963135,0.24421674013137817,0.00039999998989515007,0.7690338492393494,1.1607645750045776,0.8717620968818665,1.9320147037506104,1.0850520133972168,0.7221226692199707,0.35152414441108704,0.47349512577056885,0.07344116270542145,0.2783055603504181,0.1046159416437149,0.7616048455238342,0.8278323411941528,0.20542012155056,2.026808738708496,1.0348483324050903,0.6959688067436218,1.2427581548690796,0.582304835319519,0.06814945489168167,1.5305403470993042,0.8106028437614441,0.20237773656845093,1.3245794773101807,0.1430584043264389,0.40592601895332336,0.7328974008560181,1.2774125337600708,0.8301891088485718,0.1271752417087555,0.9772225022315979,0.48015913367271423,0.861706554889679,0.39104756712913513,0.7831084132194519,0.4266613721847534,1.7283271551132202,0.5091830492019653,0.1987464278936386,0.6460675001144409,1.7755908966064453,0.153428316116333,0.6292145252227783
1.080214023590088,0.9400700926780701,0.03370850905776024,0.6278121471405029,0.4275360405445099,1.6202837228775024,0.715923547744751,4.398629665374756,0.1065412312746048,0.42590072751045227,0.02402665838599205,0.6900662183761597,0.12200573086738586,0.00039999998989515007,0.13028408586978912,0.31322574615478516,1.5238114595413208,1.9313411712646484,0.7270957231521606,0.544745683670044,0.7466787695884705,0.6893431544303894,0.6243882775306702,0.04424433037638664,0.058234915137290955,0.7017516493797302,0.6021764278411865,0.12421678006649017,1.3776054382324219,1.6985994577407837,0.6717882752418518,0.2401401847600937,0.46469417214393616,0.6205028891563416,1.6271227598190308,0.6388252377510071,0.6506913304328918,1.2624837160110474,0.9572725892066956,0.04922597110271454,1.0809581279754639,1.1280466318130493,1.8787007331848145,0.3214283287525177,0.7239701747894287,1.16150963306427,0.11532549560070038,0.9538571834564209,0.9194726943969727,1.0395339727401733,1.2280986309051514,1.6498826742172241,0.057365283370018005,0.2864101529121399,1.2402790784835815,0.1364082545042038,0.22426249086856842
0.15769635140895844,0.6894230842590332,0.7396939396858215,0.22041308879852295,0.5839022397994995,1.4553632736206055,1.9946320056915283,4.4366230964660645,0.6519051790237427,0.7358269691467285,0.1622380018234253,1.1161785125732422,0.122778981924057,0.00039999998989515007,0.5715901255607605,1.9836777448654175,1.067446231842041,2.5397558212280273,0.699612021446228,0.48523375391960144,0.0720716267824173,0.6134316921234131,0.1642221212387085,0.97825688123703,0.005386908072978258,0.5330070853233337,0.7679241895675659,0.9530516862869263,1.6159089803695679,0.8610167503356934,1.0256239175796509,0.49682384729385376,0.06984815746545792,0.07083526253700256,1.1985467672348022,0.47871875762939453,0.16689029335975647,1.2402423620224,0.7667670845985413,0.25969767570495605,0.923816978931427,1.3259645700454712,1.3917012214660645,0.27761489152908325,1.3669402599334717,0.506340742111206,0.6930298209190369,0.7188854813575745,0.4901595115661621,0.30884137749671936,1.4434138536453247,0.33994102478027344,0.408962219953537,1.204174280166626,0.6073326468467712,0.06761258840560913,0.002667665248736739
0.5231514573097229,0.977676510810852,0.5641489624977112,0.06720729917287827,0.7462598085403442,1.640871286392212,1.1582162380218506,4.529240131378174,0.7179620265960693,0.7856605648994446,0.33243823051452637,1.1618947982788086,0.4154340624809265,0.00039999998989515007,0.2568281888961792,1.10574471950531,2.123706817626953,2.4567630290985107,0.6256511807441711,0.023710384964942932,0.24630996584892273,1.101622462272644,0.1749485582113266,0.15532734990119934,0.12174259126186371,0.290463387966156,0.861994206905365,0.5571846961975098,1.1116752624511719,1.0556522607803345,1.0851858854293823,0.10253971070051193,0.2957838177680969,0.09855356812477112,1.2299400568008423,0.33816832304000854,0.38915640115737915,0.4530518352985382,1.6675348281860352,0.7844955325126648,0.7371081113815308,0.35420939326286316,2.1404190063476562,0.0693327859044075,1.160306692123413,0.9309794902801514,0.33321914076805115,0.30304792523384094,0.09316589683294296,1.0280439853668213,0.4205878674983978,1.3240894079208374,0.6283107995986938,1.2886375188827515,0.3260233998298645,0.6298269033432007,0.003182939952239394
0.4606902003288269,0.5526463389396667,0.792265772819519,0.44120076298713684,0.6827276945114136,1.3249619007110596,1.2439756393432617,5.105443000793457,0.6092251539230347,0.07520505040884018,0.27995097637176514,0.5512804985046387,0.04867285490036011,0.00039999998989515007,0.8662295341491699,0.9975968599319458,0.9783510565757751,2.179966449737549,0.8410837650299072,0.06291458755731583,0.3960321843624115,0.4428651034832001,0.06365295499563217,0.4950837194919586,0.14351196587085724,0.4311768114566803,0.6414026021957397,0.5837691426277161,1.5347635746002197,1.4416941404342651,0.7092980146408081,0.5778369903564453,0.49033987522125244,0.4553929567337036,1.3323118686676025,0.8217786550521851,0.19327451288700104,1.4493343830108643,0.8147672414779663,0.015783896669745445,1.1125763654708862,1.1851824522018433,1.4482991695404053,0.378086119890213,1.1782702207565308,0.9390102028846741,0.14794284105300903,0.8544637560844421,0.4211602807044983,0.4832104444503784,1.5513603687286377,0.7740210294723511,0.020068975165486336,0.6777299046516418,1.2548385858535767,0.10264768451452255,0.36920344829559326
0.8144081830978394,0.7462703585624695,0.9317689538002014,0.3762784004211426,0.49773120880126953,2.3718838691711426,2.5845112800598145,4.654513359069824,0.06319680064916611,1.0371819734573364,0.24160200357437134,1.0293383598327637,0.5595636367797852,0.00039999998989515007,0.4712735414505005,2.1075992584228516,0.2994242012500763,1.869019627571106,0.18282920122146606,0.3852355182170868,0.5006901025772095,0.42829257249832153,0.0601862333714962,1.118814468383789,0.21132193505764008,0.19960173964500427,0.11506538093090057,0.30696821212768555,0.9849436283111572,0.8516228795051575,1.0727460384368896,0.12065432965755463,0.03472059965133667,0.05882977694272995,1.1587048768997192,0.9318817257881165,0.36649441719055176,0.8610700368881226,0.050278786569833755,0.1361498087644577,0.4729233980178833,1.5664458274841309,0.265015184879303,0.18227078020572662,1.7374235391616821,0.12539860606193542,0.5415109992027283,1.1210590600967407,1.0458872318267822,0.44992712140083313,1.2507092952728271,0.13149422407150269,0.7805522680282593,0.9243139624595642,0.40492841601371765,0.048901308327913284,0.03601199761033058
0.3560848534107208,0.34526148438453674,0.698173999786377,0.3349735140800476,0.5563497543334961,1.2806823253631592,1.2282534837722778,5.193515300750732,0.4978508949279785,0.4291660189628601,0.26792168617248535,0.4606366753578186,0.06098456308245659,0.00039999998989515007,0.91599041223526,1.0725305080413818,0.9498603343963623,2.2166600227355957,0.8185994625091553,0.15332195162773132,0.0599026158452034,0.49490004777908325,0.1320924013853073,0.7356238961219788,0.048936884850263596,0.4216137230396271,0.7292647957801819,0.6303540468215942,1.4708393812179565,1.2727688550949097,0.8817910552024841,0.7378449440002441,0.3946373760700226,0.5648415684700012,1.376131296157837,1.033460021018982,0.26114845275878906,1.3871150016784668,0.6662799119949341,0.19709637761116028,1.1254630088806152,1.3096725940704346,1.4388396739959717,0.39648911356925964,1.2633095979690552,0.7186429500579834,0.13026408851146698,0.8250461220741272,0.13005633652210236,0.343779981136322,1.6253423690795898,0.5372721552848816,0.18957315385341644,0.6388176679611206,1.200521469116211,0.1933908313512802,0.3714894950389862
0.05785025656223297,0.13194066286087036,0.6468199491500854,0.34622207283973694,0.6302438378334045,1.403882384300232,1.551879644393921,4.941778659820557,0.35078245401382446,0.41949447989463806,0.3955029547214508,0.37223103642463684,0.2004656195640564,0.00039999998989515007,0.7245238423347473,1.1472527980804443,1.3120503425598145,2.517106771469116,0.6544305682182312,0.6302564740180969,0.007642690092325211,0.7567580342292786,0.011087601073086262,0.9015913009643555,0.0023271345999091864,0.5617354512214661,1.1080700159072876,0.7826703786849976,1.4881641864776611,1.0025670528411865,1.1544702053070068,0.7756307125091553,0.21210022270679474,0.02387496829032898,1.1478933095932007,0.7314867973327637,0.3771146833896637,1.2848868370056152,0.6874856352806091,0.19320429861545563,1.0819836854934692,1.1362234354019165,1.5104588270187378,0.33057552576065063,1.4692164659500122,0.33770751953125,0.36723217368125916,0.7269549369812012,0.25343215465545654,0.15575985610485077,1.6850762367248535,0.05954611301422119,0.49493443965911865,0.8354511260986328,1.0186808109283447,0.025217479094862938,0.07601286470890045
0.03380170091986656,0.3471917510032654,0.7142484784126282,0.25896182656288147,0.7312348484992981,1.517842411994934,1.1858956813812256,5.394772529602051,0.9712041616439819,0.4474391043186188,0.15132683515548706,0.2462189495563507,0.048391129821538925,0.00039999998989515007,1.158631443977356,0.8639916181564331,0.858221173286438,1.851508378982544,0.9183257222175598,0.013926459476351738,0.18768763542175293,0.6535291075706482,0.13154825568199158,0.45303136110305786,0.02206253632903099,0.009112909436225891,0.43298813700675964,0.6413735151290894,1.3861174583435059,1.2846245765686035,1.263318419456482,0.755806565284729,0.7885276675224304,0.4737015664577484,1.213848352432251,1.0599374771118164,0.4923883080482483,1.0678019523620605,0.6696915626525879,0.18952301144599915,1.0469456911087036,1.0525342226028442,1.268796682357788,0.3467023968696594,1.833047866821289,0.32003268599510193,0.054683491587638855,0.7948708534240723,0.23760508000850677,0.17170007526874542,1.3007391691207886,0.5588140487670898,0.45220035314559937,0.8130801916122437,1.2213447093963623,0.11003557592630386,0.27487942576408386
0.19308961927890778,0.1142035499215126,0.5850299596786499,1.0207332372665405,0.6940391063690186,1.2757973670959473,1.7044379711151123,4.8813958168029785,0.27068957686424255,0.1179540604352951,0.52568119764328,0.569191575050354,0.022878803312778473,0.00039999998989515007,0.22660599648952484,1.59077787399292,1.377895474433899,2.6496055126190186,0.780610203742981,0.7808824181556702,0.33006247878074646,0.5486299395561218,0.05743837729096413,0.5626612305641174,0.3186061978340149,0.9628757834434509,1.1750502586364746,0.5874727368354797,1.6482309103012085,1.2572965621948242,0.656579315662384,0.47790899872779846,0.4365972578525543,0.4638769328594208,1.0727977752685547,0.20422755181789398,0.0020100907422602177,1.459244966506958,0.30704665184020996,0.07536229491233826,0.8124474287033081,1.064897060394287,0.9374181032180786,0.061762116849422455,1.1671302318572998,0.6146185398101807,1.0211279392242432,0.6312351226806641,0.3011808693408966,0.14632801711559296,1.590652585029602,0.3311772644519806,0.29646775126457214,0.8333163857460022,1.0393035411834717,0.034086041152477264,0.05693060904741287
0.5864031910896301,0.24617207050323486,0.22975437343120575,0.20266376435756683,0.8991925120353699,1.823938250541687,1.3929029703140259,4.585221767425537,1.1541364192962646,0.33398768305778503,0.3889353275299072,0.45492076873779297,0.22929076850414276,0.00039999998989515007,0.20031413435935974,0.8885841369628906,2.0245156288146973,2.387272596359253,0.4083581864833832,0.09063258022069931,0.13473162055015564,1.0075697898864746,0.6491194367408752,0.38977137207984924,0.09170330315828323,0.8441141843795776,1.3068444728851318,0.15852847695350647,1.4906665086746216,1.1736913919448853,0.7688223123550415,0.675443708896637,0.4239291548728943,0.13987529277801514,1.4942046403884888,0.3030863106250763,0.466749906539917,0.6139806509017944,1.6214174032211304,0.1742248386144638,1.0739202499389648,0.6307270526885986,1.878922462463379,0.4752505421638489,1.3977237939834595,0.3021823763847351,0.03458123281598091,0.25765421986579895,0.08116348832845688,0.9387276768684387,0.7611016035079956,0.2778436541557312,0.5027906894683838,0.6993818283081055,1.1495620012283325,0.6658622622489929,0.24951328337192535
0.5522831678390503,0.20741549134254456,1.1235042810440063,1.1867318153381348,0.6090580224990845,1.4052730798721313,0.7119884490966797,5.139249801635742,1.0358551740646362,0.06425802409648895,0.5629908442497253,0.2233918458223343,0.5437707304954529,0.00039999998989515007,0.8512678146362305,0.9570159316062927,0.8055478930473328,1.9112821817398071,0.8141478896141052,1.037384271621704,0.5835893750190735,0.595984160900116,0.07276482880115509,0.30417343974113464,0.31393954157829285,0.6092669367790222,0.8299558758735657,0.14835841953754425,1.8104761838912964,0.9157232642173767,0.7370688319206238,1.1693147420883179,0.6095482110977173,0.4271544814109802,1.3719125986099243,0.8975285291671753,0.2356351763010025,1.1484383344650269,0.05852961912751198,0.30023425817489624,0.5053838491439819,1.0602359771728516,0.6010826230049133,0.05738767609000206,0.9221667647361755,0.3463704586029053,1.003466248512268,0.2877649962902069,0.7851217985153198,0.22244977951049805,1.8040701150894165,0.4653295874595642,0.07060053199529648,0.6294664740562439,1.7662168741226196,0.11911151558160782,0.5204988718032837
0.30369722843170166,1.345192313194275,0.9837918877601624,0.012056986801326275,0.4951533079147339,2.2157304286956787,2.28084659576416,4.584290504455566,0.047219168394804,0.6841318011283875,0.6247878074645996,0.9478034973144531,0.18175731599330902,0.00039999998989515007,0.4850914180278778,1.1207643747329712,0.40795767307281494,1.9383985996246338,0.5408046841621399,0.3885694146156311,0.3499492108821869,0.11038491129875183,0.35910654067993164,0.6511902809143066,0.2635749280452728,0.3052122890949249,0.009395199827849865,0.263797402381897,1.5371980667114258,1.1924930810928345,1.179133653640747,0.04920486360788345,0.03140551224350929,0.38853371143341064,1.1659584045410156,1.1295684576034546,0.054874349385499954,1.5517582893371582,0.31274518370628357,0.6030043959617615,0.9390106201171875,1.4027197360992432,1.1108297109603882,0.7472718954086304,1.0354416370391846,0.41498300433158875,0.5814195871353149,0.9152846932411194,0.43403226137161255,0.6536737084388733,1.7531154155731201,0.09342464059591293,0.37775516510009766,0.20522251725196838,1.0033427476882935,0.2639051079750061,0.34140515327453613
0.05111919716000557,0.05763038247823715,0.3103456497192383,0.7538401484489441,1.3884543180465698,0.7749047875404358,1.935364007949829,3.927561044692993,0.39889684319496155,0.18412016332149506,0.09770442545413971,0.5990290641784668,0.6176369190216064,0.00039999998989515007,0.1843489557504654,2.513291358947754,1.790205478668213,2.8796024322509766,0.6849244236946106,0.02479119971394539,0.31866222620010376,0.3004365861415863,0.021203694865107536,0.5634706616401672,0.2454187124967575,1.471674919128418,1.4965105056762695,1.219859004020691,1.234405755996704,1.5292917490005493,0.15416985750198364,0.19176144897937775,0.42250603437423706,0.006058571394532919,1.1084386110305786,0.23064886033535004,0.3140707314014435,1.4852651357650757,0.7845754623413086,0.14006535708904266,1.0664680004119873,1.0629369020462036,0.9368696212768555,0.12554995715618134,1.10279381275177,0.754697859287262,0.6279742121696472,0.6054858565330505,0.1966686099767685,0.35082879662513733,0.7153006792068481,0.22229959070682526,0.061385128647089005,0.8682682514190674,0.7137108445167542,0.5884383916854858,0.473806232213974
0.16041140258312225,0.2684517502784729,0.8916577696800232,0.4492824375629425,0.7772828340530396,1.508428931236267,1.6560801267623901,4.8122944831848145,0.9375057220458984,0.4035899341106415,0.07461653649806976,0.8140137195587158,0.08807547390460968,0.00039999998989515007,0.6755497455596924,1.6239211559295654,1.2596467733383179,2.227169990539551,0.6790516376495361,0.5292460322380066,0.17002259194850922,0.7988412976264954,0.2611907422542572,0.580390453338623,0.20170333981513977,0.3666580021381378,0.8244847059249878,0.8164807558059692,1.6947697401046753,0.9504461884498596,1.1581085920333862,0.7607373595237732,0.3349812626838684,0.08933429419994354,1.3332133293151855,0.547547459602356,0.32749143242836,0.9451892375946045,0.7605909109115601,0.14192189276218414,0.8852182626724243,1.1753511428833008,1.3217109441757202,0.00022257181990426034,1.8377424478530884,0.29250577092170715,0.49617278575897217,0.5673061609268188,0.011328250169754028,0.41609856486320496,1.375937581062317,0.4639739692211151,0.3125680685043335,1.2603130340576172,0.9150524139404297,0.11985936760902405,0.12199239432811737
0.5814894437789917,0.33058568835258484,1.22971773147583,1.1074024438858032,0.7256932854652405,1.0321389436721802,0.7407746911048889,4.937514305114746,0.7991848587989807,0.03768248111009598,0.4130307734012604,0.3247338533401489,0.2729969620704651,0.00039999998989515007,0.9074608683586121,1.2737995386123657,0.9813129305839539,1.9969998598098755,0.921242892742157,0.7750107645988464,0.36189010739326477,0.25402969121932983,0.08820927888154984,0.32044270634651184,0.31832998991012573,0.8395287394523621,0.9898664951324463,0.3922296464443207,1.9393138885498047,0.9584718346595764,0.2986202836036682,1.3503845930099487,0.4115038514137268,0.3195360004901886,1.440496563911438,0.6838970184326172,0.3169730603694916,1.3374103307724,0.11236558854579926,0.23085561394691467,0.6846697926521301,1.2236448526382446,0.7841720581054688,0.0316280797123909,0.8437966704368591,0.5631101131439209,0.9485694169998169,0.20711342990398407,0.8877697587013245,0.16877631843090057,1.6666451692581177,0.3918536305427551,0.3895243704319,0.8315677046775818,1.7075138092041016,0.10511913895606995,0.6858522891998291
0.18183162808418274,0.10710092633962631,0.5454456806182861,0.8981823325157166,0.5014626383781433,1.1179996728897095,1.9791946411132812,4.498396396636963,0.2750977873802185,0.43540695309638977,0.5296666622161865,0.36895275115966797,0.08389253914356232,0.00039999998989515007,0.2975888252258301,1.6234612464904785,1.3023076057434082,2.413374900817871,0.6588606834411621,1.0297354459762573,0.11639884859323502,0.8244991898536682,0.1979265958070755,1.163379430770874,0.10497123003005981,0.7448310256004333,1.3459810018539429,1.1164158582687378,1.3600691556930542,1.2448655366897583,0.846632182598114,0.5461686849594116,0.4533536732196808,0.2002427577972412,0.970927357673645,0.35572975873947144,0.14214138686656952,1.3480225801467896,0.5288650393486023,0.18399809300899506,1.0759077072143555,1.181336522102356,1.1304700374603271,0.03905453160405159,1.4013159275054932,0.7074121832847595,0.6805415749549866,0.989558756351471,0.09997449815273285,0.01607600413262844,1.7943068742752075,0.20727424323558807,0.4522849917411804,0.8845735788345337,0.8142204284667969,0.07383307069540024,0.00207377877086401
0.3623422384262085,0.09672646969556808,0.48315465450286865,0.6809974908828735,0.7608300447463989,1.118447184562683,1.6857004165649414,4.7591657638549805,0.8833803534507751,0.051378559321165085,0.8213534951210022,0.3466222286224365,0.05461113154888153,0.00039999998989515007,1.0580742359161377,1.9028879404067993,1.1913225650787354,2.478224039077759,0.7134726047515869,0.8742469549179077,0.1111195906996727,0.8563074469566345,0.06737343221902847,1.176658034324646,0.2340225875377655,0.4894973337650299,1.2464137077331543,1.3989094495773315,1.0008279085159302,1.147283673286438,0.7001323103904724,0.2193676233291626,0.45343074202537537,0.0032212333753705025,0.847076952457428,0.49614837765693665,0.4996425211429596,1.3685601949691772,0.6707114577293396,0.12684845924377441,0.9206014275550842,0.8334534764289856,1.192821741104126,0.0629970133304596,1.353058934211731,0.9108699560165405,0.3079506754875183,0.8822969794273376,0.2526160776615143,0.1347181648015976,1.598593831062317,0.23280969262123108,0.5380474925041199,0.9306062459945679,0.7725995779037476,0.1509985327720642,0.3054743707180023
0.16864421963691711,0.6436470150947571,1.1441773176193237,0.9779711365699768,0.5692717432975769,0.9013431072235107,0.9866928458213806,4.832306861877441,1.2644740343093872,0.44632723927497864,0.19280584156513214,0.1440877914428711,0.05156731605529785,0.00039999998989515007,0.9571828246116638,1.1020461320877075,1.1963070631027222,1.7140138149261475,1.124704360961914,1.2360880374908447,0.4105629622936249,0.5897727012634277,0.10345599800348282,0.3483676612377167,0.034763649106025696,0.41053062677383423,1.0826016664505005,0.8645657896995544,2.0299856662750244,0.5525819063186646,1.2047975063323975,1.6122220754623413,0.6988966464996338,0.5816597938537598,1.1782022714614868,0.4843774139881134,0.5152617692947388,0.797572135925293,0.116996169090271,0.031581681221723557,0.8015844821929932,0.7876954674720764,0.9954057335853577,0.03749680146574974,1.599514126777649,0.03531679883599281,0.802085280418396,0.13080716133117676,0.4985297620296478,0.20672672986984253,1.515784502029419,0.2044522613286972,0.15277303755283356,1.2884013652801514,1.3659393787384033,0.3550202548503876,0.2984866797924042
0.16564902663230896,0.1591288298368454,0.5062159299850464,0.417224645614624,0.7173739671707153,1.5013254880905151,1.4063737392425537,5.515089988708496,0.6517024636268616,0.38406091928482056,0.1900939792394638,0.311224102973938,0.0796799510717392,0.00039999998989515007,1.0099736452102661,1.226340651512146,1.2402594089508057,1.8562252521514893,1.0901117324829102,0.21335622668266296,0.07627162337303162,0.45382100343704224,0.10597074031829834,0.3693484663963318,0.06096743047237396,0.2825566232204437,0.7008435130119324,0.641718327999115,1.5355408191680908,1.2447575330734253,1.070160984992981,0.8709200024604797,0.7890635132789612,0.14372479915618896,1.2079224586486816,0.6599879264831543,0.3412487208843231,1.1960405111312866,0.4460057318210602,0.2915329337120056,1.020376205444336,0.9713677763938904,1.2123253345489502,0.2919345498085022,1.6819357872009277,0.46897611021995544,0.16665059328079224,0.5426015257835388,0.3175497055053711,0.014307551085948944,1.156808853149414,0.4971405267715454,0.5161463618278503,1.0129257440567017,1.1806483268737793,0.03280562907457352,0.28297245502471924
0.2618845999240875,1.004638910293579,0.9941627383232117,0.007582709193229675,0.4370758831501007,2.3848037719726562,2.1348204612731934,5.200192928314209,0.09064654260873795,0.557434618473053,0.7545222043991089,0.7194080352783203,0.3290499150753021,0.00039999998989515007,0.8744964003562927,1.0332857370376587,0.5916030406951904,1.897412896156311,0.4857364892959595,0.3779168426990509,0.26538994908332825,0.032533276826143265,0.15528537333011627,0.525831401348114,0.35576769709587097,0.15317265689373016,0.0497465580701828,0.24423162639141083,1.3427003622055054,1.067432165145874,1.100702166557312,0.22078488767147064,0.10249977558851242,0.14137785136699677,1.1903131008148193,1.3032357692718506,0.25300243496894836,1.575989842414856,0.0037471323739737272,0.24345600605010986,0.9047543406486511,1.3881739377975464,0.9115521311759949,0.6068403720855713,1.1551488637924194,0.22458674013614655,0.6231809854507446,0.8171340227127075,0.2121526598930359,0.26575684547424316,1.5245431661605835,0.16402597725391388,0.5355362296104431,0.41284817457199097,1.024060845375061,0.26105213165283203,0.16569890081882477
0.09160713851451874,0.21798856556415558,0.28960180282592773,0.19236084818840027,0.9517930746078491,1.6214814186096191,1.678532361984253,5.459895610809326,0.10882696509361267,0.6124011874198914,0.21314477920532227,0.059699710458517075,0.5045562386512756,0.00039999998989515007,0.5711758732795715,1.232223391532898,1.543562889099121,1.77468740940094,1.1009438037872314,0.12107034027576447,0.12597446143627167,0.17893283069133759,0.2877994775772095,0.29551962018013,0.13853956758975983,0.8033453822135925,0.6941537261009216,0.5483344197273254,1.7830097675323486,1.5065062046051025,1.0197256803512573,0.7814398407936096,0.8954858779907227,0.14285725355148315,0.9367535710334778,0.33224740624427795,0.31298941373825073,1.2332308292388916,0.3915655016899109,0.05530697852373123,0.9666178822517395,0.7576111555099487,1.3296228647232056,0.6088151335716248,1.2772718667984009,0.39205455780029297,0.1327766478061676,0.37650007009506226,0.03337384760379791,0.17897780239582062,0.924764096736908,0.20564301311969757,0.609254777431488,0.8252622485160828,1.2703341245651245,0.0007692459039390087,0.11221916228532791
0.3049520254135132,0.1902398020029068,0.4636763036251068,0.6318185925483704,0.6302981972694397,1.4630513191223145,1.4256162643432617,5.2881574630737305,0.8248376846313477,0.16827605664730072,0.604275643825531,0.3188169598579407,0.00181921711191535,0.00039999998989515007,0.9648556113243103,1.1296660900115967,1.2480781078338623,2.180298328399658,0.917775571346283,0.5906329154968262,0.14989793300628662,0.7691110968589783,0.004738583229482174,0.6225330829620361,0.14755740761756897,0.41011038422584534,0.9377985000610352,0.6420624852180481,1.3428146839141846,1.13992178440094,1.1540523767471313,0.6138709783554077,0.577907919883728,0.17432333528995514,1.1927926540374756,0.8693506717681885,0.2971709966659546,1.2983065843582153,0.518040120601654,0.016593901440501213,1.0092002153396606,0.9916724562644958,1.3129687309265137,0.2547144591808319,1.4244635105133057,0.6234374642372131,0.2368750125169754,0.6641872525215149,0.1391313523054123,0.16164179146289825,1.6378775835037231,0.4375719726085663,0.5338212251663208,0.7087801098823547,1.1588611602783203,0.041492778807878494,0.21204474568367004
0.20500722527503967,0.12759844958782196,0.6726086139678955,0.6849285364151001,0.5039591789245605,1.4174715280532837,1.4088884592056274,4.681477069854736,0.6025587916374207,0.3365980088710785,0.3141854405403137,0.5158197283744812,0.16802878677845,0.00039999998989515007,0.49671322107315063,0.9930384755134583,1.518729567527771,2.3136096000671387,0.6465195417404175,0.6541866064071655,0.30697351694107056,0.9754447340965271,0.0049780141562223434,0.7353627681732178,0.058803144842386246,0.6576821208000183,1.1737914085388184,0.7035633325576782,1.6112539768218994,0.9994077086448669,1.2112805843353271,0.8660677671432495,0.23943974077701569,0.00910243485122919,1.3431991338729858,0.7493796944618225,0.12857192754745483,1.2133197784423828,0.7973257303237915,0.16223683953285217,1.1256484985351562,1.299088478088379,1.6223876476287842,0.1959673911333084,1.4817452430725098,0.41159772872924805,0.5319597125053406,0.7570880651473999,0.07006547600030899,0.34384727478027344,1.7131633758544922,0.5134876370429993,0.3666507303714752,0.8523261547088623,1.0620568990707397,0.14116467535495758,0.06133541464805603
0.4949800670146942,0.15316152572631836,0.9500674605369568,1.1942484378814697,1.011400818824768,0.923958420753479,0.788659393787384,4.850921630859375,1.6245712041854858,0.44623032212257385,0.9247435331344604,0.2879711091518402,0.05331326276063919,0.00039999998989515007,1.3860727548599243,1.5041371583938599,1.2031358480453491,2.2740437984466553,1.202818751335144,0.9686915278434753,0.31963932514190674,0.5150591135025024,0.40391385555267334,0.22820255160331726,0.532929539680481,0.7415942549705505,1.1458940505981445,0.7427545189857483,1.6979390382766724,0.7172021269798279,0.5819299221038818,0.8150102496147156,0.4607221186161041,0.4727743864059448,1.0356227159500122,0.4670731723308563,0.6160158514976501,1.3238544464111328,0.2579265236854553,0.09933061897754669,0.5913732051849365,0.5517193078994751,0.9819695353507996,0.10041770339012146,0.9549661874771118,0.6293509006500244,0.8052263259887695,0.10231224447488785,0.6021789908409119,0.036413658410310745,1.5845975875854492,0.20432081818580627,0.05401765927672386,0.9202017188072205,1.4741047620773315,0.2105623483657837,0.5404233336448669
0.4974367320537567,0.4029666781425476,0.8194141387939453,1.1759532690048218,0.6792383193969727,1.271309494972229,0.801548182964325,4.950051784515381,0.9567086100578308,0.07729171961545944,0.629621148109436,0.12537747621536255,0.2402852326631546,0.00039999998989515007,0.817014217376709,0.963446319103241,1.2913315296173096,2.01126766204834,0.9010307788848877,1.284314751625061,0.32388314604759216,0.8343162536621094,0.029205316677689552,0.3782021701335907,0.2565409243106842,0.7783394455909729,1.2495921850204468,0.31795766949653625,1.7559516429901123,0.7842198014259338,0.9235333800315857,1.2733399868011475,0.5031479001045227,0.41729864478111267,1.3434990644454956,0.7607597708702087,0.2966836988925934,1.1579022407531738,0.16570676863193512,0.27072301506996155,0.6751806735992432,1.0250293016433716,0.9235443472862244,0.0015658404445275664,1.0625873804092407,0.323108971118927,0.8056071996688843,0.22614248096942902,0.591061532497406,0.19920922815799713,1.8516688346862793,0.2304779291152954,0.1213425025343895,0.67539381980896,1.6699005365371704,0.09410936385393143,0.3772861659526825
0.13599424064159393,0.16141943633556366,0.7999720573425293,0.4303419291973114,0.5517621040344238,1.5347627401351929,1.3858143091201782,4.963955402374268,0.4886937737464905,0.699623167514801,0.025252345949411392,0.5699923038482666,0.40634605288505554,0.00039999998989515007,0.641296923160553,1.9444670677185059,0.848372220993042,1.8101091384887695,0.2734970450401306,1.0506902933120728,0.4676797389984131,0.9527673125267029,0.4046498239040375,1.0949294567108154,0.0060097998939454556,0.35444924235343933,0.9454676508903503,0.7662357091903687,1.2962820529937744,0.9941819310188293,0.7063042521476746,1.0742504596710205,0.3850846290588379,0.18428221344947815,1.526475191116333,0.955037534236908,0.3225584626197815,0.9394618272781372,0.4638095796108246,0.22252632677555084,0.6583464741706848,1.761889934539795,0.6178191900253296,0.3199770152568817,1.5673909187316895,0.34779053926467896,0.37053820490837097,1.076901912689209,0.17913967370986938,0.37774458527565,1.5047789812088013,0.3270292580127716,0.2794492840766907,0.9442772269248962,1.1065269708633423,0.012716149911284447,0.7153809070587158
0.6393746137619019,0.02338128723204136,0.9030898213386536,1.367285132408142,1.0535130500793457,0.7594301104545593,0.7399176359176636,4.46891450881958,1.097310185432434,0.5339240431785583,0.8511964082717896,0.6006612777709961,0.04551003873348236,0.00039999998989515007,0.8129016757011414,1.741652250289917,1.511564016342163,2.353342294692993,1.035707950592041,0.8366048336029053,0.4806286096572876,0.500184178352356,0.27171945571899414,0.08327250927686691,0.6752313375473022,1.2784874439239502,1.3627763986587524,0.592628002166748,1.7979857921600342,0.9037476778030396,0.0988909974694252,0.629682719707489,0.33257991075515747,0.5969897508621216,1.1083112955093384,0.19029758870601654,0.24751834571361542,1.5768026113510132,0.3864251375198364,0.01991414651274681,0.475245863199234,0.8237888216972351,0.9099341034889221,0.10482285171747208,0.7071458101272583,0.8040087819099426,1.1475212574005127,0.09783369302749634,0.7872278690338135,0.11730935424566269,1.4859826564788818,0.38605841994285583,0.2202034592628479,0.7665531635284424,1.4435856342315674,0.30314961075782776,0.5835105776786804
0.2094128578901291,0.2436162680387497,0.4650160074234009,0.5997290015220642,0.8095056414604187,1.1745860576629639,1.8160724639892578,4.922243118286133,0.8378159403800964,0.34970247745513916,0.5416209697723389,0.10514158755540848,0.005517801735550165,0.00039999998989515007,0.769037127494812,1.2424696683883667,0.4605790972709656,1.6030874252319336,0.9394301176071167,0.6474118232727051,0.07154088467359543,0.9100244641304016,0.12008657306432724,1.0506047010421753,0.14787107706069946,0.16623541712760925,0.6595249176025391,0.8575763702392578,1.0901033878326416,1.6937659978866577,0.9765704274177551,0.2949247658252716,1.075969934463501,0.7104489207267761,0.797119140625,0.8154464960098267,0.3787364363670349,1.1794730424880981,0.7966728806495667,0.24095706641674042,1.0149080753326416,1.0490204095840454,0.9259482622146606,0.36147478222846985,1.5596263408660889,0.9473563432693481,0.321562796831131,1.2620668411254883,0.024543864652514458,0.16138209402561188,1.9843965768814087,0.06160527467727661,0.36146780848503113,0.29601263999938965,1.289981484413147,0.16710880398750305,0.25014185905456543
0.20897537469863892,0.14835475385189056,0.5866178870201111,0.09735576063394547,0.6016721725463867,1.345543622970581,1.2861990928649902,5.179355144500732,0.7322314977645874,0.6152876019477844,0.07968691736459732,0.557092547416687,0.18647253513336182,0.00039999998989515007,1.1485604047775269,1.4999597072601318,1.3383339643478394,1.775773525238037,0.9016362428665161,0.235371932387352,0.2066270112991333,0.589186429977417,0.2198837548494339,0.6560275554656982,0.14556172490119934,0.1845986247062683,0.8173218369483948,1.0603926181793213,1.509259819984436,0.9635028839111328,1.063550353050232,1.025002121925354,0.5104593634605408,0.3384192883968353,1.3619532585144043,0.7239954471588135,0.43114814162254333,1.0171360969543457,0.7638680934906006,0.3090028762817383,1.0959243774414062,1.1423776149749756,1.5499012470245361,0.22765307128429413,1.793273687362671,0.4634001851081848,0.006167078856378794,0.5772826075553894,0.07066799700260162,0.03466452658176422,1.0369396209716797,0.6016849279403687,0.47390174865722656,1.277721881866455,0.9207606911659241,0.037757329642772675,0.4241686165332794
0.27319785952568054,0.17619965970516205,0.07825705409049988,0.8735929131507874,0.7642319202423096,1.3983222246170044,2.1462225914001465,5.434101581573486,0.18276135623455048,0.45128121972084045,0.38110169768333435,0.3806805908679962,0.09018108993768692,0.00039999998989515007,0.33321794867515564,1.3871897459030151,1.2276321649551392,1.745741844177246,0.8554571270942688,0.906749427318573,0.24757814407348633,0.5705366730690002,0.43141427636146545,0.8216629028320312,0.03812369704246521,0.77778160572052,0.906975269317627,0.8065274357795715,1.1447479724884033,1.711482286453247,0.9786051511764526,0.25777843594551086,1.2848069667816162,0.10931660979986191,0.5905419588088989,0.4700847566127777,0.2422579675912857,1.1454217433929443,0.058816712349653244,0.135623037815094,0.7486168742179871,0.6733087301254272,0.5946367979049683,0.12683871388435364,1.047719120979309,0.8154001832008362,0.15005697309970856,0.741552472114563,0.006965437904000282,0.33299827575683594,1.6227704286575317,0.18943381309509277,0.7985749244689941,0.4126094877719879,1.1617157459259033,0.09815507382154465,0.0091787064447999
0.629367470741272,0.9141140580177307,0.0787876546382904,0.8311237692832947,0.523095965385437,2.028903007507324,1.4146530628204346,4.987590789794922,0.10859361290931702,0.2895410358905792,0.10259570181369781,0.6124950647354126,0.23900403082370758,0.00039999998989515007,0.3585350811481476,0.4900062084197998,1.7960262298583984,2.0980148315429688,0.6939901113510132,0.38009604811668396,1.0377999544143677,0.3607994318008423,0.3285757005214691,0.2679872512817383,0.2302536964416504,1.1672227382659912,0.54642254114151,0.4901272654533386,1.6767525672912598,1.6175891160964966,0.9232710003852844,0.02492639236152172,0.4720042943954468,0.04019762948155403,1.2376022338867188,0.3292918801307678,0.7025883197784424,1.243119478225708,0.3351856768131256,0.10819463431835175,0.7225161790847778,0.7823939323425293,1.5426883697509766,0.349099725484848,0.3320464789867401,0.8426638245582581,0.66054767370224,0.3634239137172699,0.6176916360855103,0.7262441515922546,1.171675205230713,1.283395528793335,0.32503417134284973,0.20157121121883392,1.1651767492294312,0.3233760893344879,0.37800800800323486
0.2769642472267151,0.5458499193191528,0.3482343554496765,0.7435998320579529,0.8530345559120178,1.6023015975952148,1.7533375024795532,5.478241443634033,0.5368115305900574,0.17441816627979279,0.27643686532974243,0.11685376614332199,0.27114638686180115,0.00039999998989515007,0.37001633644104004,0.9296321868896484,1.2262545824050903,1.932193398475647,1.0870519876480103,0.07779000699520111,0.7341432571411133,0.3499082922935486,0.09966155886650085,0.20459391176700592,0.1781628429889679,0.8567503094673157,0.4971487522125244,0.2090434432029724,1.6917705535888672,1.6489322185516357,1.10166335105896,0.1826152801513672,0.9341676831245422,0.2739086449146271,0.8543378710746765,0.5612320899963379,0.043777529150247574,1.3040153980255127,0.30685675144195557,0.19008572399616241,0.8069235682487488,0.6679763793945312,1.197906255722046,0.5384265780448914,0.8543071150779724,0.8056698441505432,0.2807009816169739,0.41316333413124084,0.30781903862953186,0.176827073097229,1.5663325786590576,0.5211387872695923,0.3867119252681732,0.3195950984954834,1.3924615383148193,0.033048443496227264,0.20174597203731537
0.1777937412261963,0.6011319160461426,1.0114622116088867,0.17122505605220795,0.8714531064033508,0.8375611305236816,0.753868818283081,5.779514312744141,1.2190219163894653,0.07655403017997742,0.1849740743637085,0.033729638904333115,0.5580796599388123,0.00039999998989515007,1.4204063415527344,1.3145633935928345,0.6618057489395142,1.0678999423980713,1.0576186180114746,1.2262917757034302,0.10698986798524857,0.4181738495826721,0.022563353180885315,0.20797540247440338,0.020989803597331047,0.3050181269645691,0.8731276392936707,0.8717614412307739,1.418613314628601,0.6707373261451721,0.6876418590545654,1.8195754289627075,1.3142023086547852,0.16399915516376495,0.9041637778282166,0.16566674411296844,1.028915286064148,0.6323123574256897,0.6619006395339966,0.5530025362968445,0.5711987614631653,0.5691501498222351,0.16859032213687897,0.3496577739715576,1.3470990657806396,0.5460246205329895,0.5053839087486267,0.06903651356697083,0.45457300543785095,0.20908084511756897,0.616003692150116,0.013878507539629936,0.16312985122203827,1.2423714399337769,1.3945971727371216,0.39361071586608887,1.2298160791397095
0.11125022917985916,0.34030383825302124,0.4330956041812897,0.8097591996192932,0.7384651303291321,1.5680913925170898,1.7079683542251587,5.406585216522217,0.4382858872413635,0.1951870173215866,0.54213947057724,0.5126535296440125,0.01248936913907528,0.00039999998989515007,0.4828960597515106,1.592698097229004,1.280161738395691,2.3236517906188965,0.9394404888153076,0.5169087052345276,0.19420237839221954,0.48360082507133484,0.037149883806705475,0.4510703682899475,0.31937533617019653,0.7706171274185181,0.8930919766426086,0.40353918075561523,1.5952353477478027,1.260940432548523,0.8061841726303101,0.43248865008354187,0.5491427183151245,0.21503689885139465,1.0553297996520996,0.39109715819358826,0.08291076123714447,1.4485225677490234,0.29077279567718506,0.0034369288478046656,0.7838567495346069,1.051074504852295,0.920601487159729,0.2554786801338196,1.2689597606658936,0.5534908771514893,0.7442784905433655,0.6215282082557678,0.21315905451774597,0.0813673809170723,1.4233258962631226,0.31824570894241333,0.43973052501678467,0.7593439221382141,1.1291099786758423,0.12810739874839783,0.04953815042972565
0.8445440530776978,0.4399299919605255,0.7167364358901978,1.0288200378417969,0.6389143466949463,1.3431025743484497,1.2112727165222168,5.11424446105957,0.15654654800891876,0.6667218804359436,0.3663828372955322,0.24727188050746918,0.4359056055545807,0.00039999998989515007,0.11541211605072021,0.7350044846534729,2.065342903137207,1.9567586183547974,1.4460386037826538,0.010632604360580444,0.6649947762489319,0.38521480560302734,0.472830206155777,0.3798788785934448,0.2685127556324005,0.8443745374679565,0.9664123058319092,0.17334365844726562,1.4583426713943481,1.611633539199829,0.7999769449234009,0.0928119346499443,1.0235563516616821,0.2724650204181671,0.8586490154266357,0.4439099133014679,0.5649626851081848,1.1871719360351562,0.4075435400009155,0.6501243114471436,0.9143951535224915,0.06222845986485481,1.5720263719558716,0.34613728523254395,0.9118461608886719,1.0741851329803467,0.3233136534690857,0.14256884157657623,0.9424682259559631,0.056236494332551956,0.7460428476333618,1.0992276668548584,0.6229249238967896,0.688576340675354,0.9955066442489624,0.3166233003139496,0.17278163135051727
0.7563262581825256,0.7131842374801636,0.8956495523452759,0.12260014563798904,0.5607281923294067,2.400874376296997,2.32716703414917,5.172168254852295,0.13226184248924255,0.6905345320701599,0.6241593360900879,0.6526511907577515,0.07598311454057693,0.00039999998989515007,1.124029278755188,1.232037901878357,1.1143649816513062,1.838092565536499,0.4748622179031372,0.48338472843170166,0.04878300428390503,0.10700386017560959,0.2374500036239624,0.3840100169181824,0.44656768441200256,0.046739913523197174,0.1582498401403427,0.159626305103302,1.1411144733428955,0.8091865181922913,1.2371900081634521,0.39071986079216003,0.11478672176599503,0.22244955599308014,1.085030198097229,1.0749725103378296,0.5634227395057678,1.3316096067428589,0.10896274447441101,0.41398105025291443,0.9975018501281738,1.2674795389175415,0.8856568932533264,0.4594409167766571,1.8556807041168213,0.26428690552711487,0.6240186095237732,0.6631873250007629,0.23527182638645172,0.18467400968074799,0.9144259095191956,0.14393673837184906,0.8818038702011108,1.049312710762024,0.6140099167823792,0.3172909915447235,0.3014816641807556
0.8138124346733093,0.7816256880760193,0.4671923518180847,0.8723597526550293,0.5038838386535645,1.6788349151611328,1.2039461135864258,4.907544136047363,0.2920328974723816,0.7388924360275269,0.5130590796470642,0.612445592880249,0.30540817975997925,0.00039999998989515007,0.08171088248491287,0.49821123480796814,2.0402204990386963,2.242872476577759,0.9570908546447754,0.06681618094444275,0.7787367105484009,0.7097903490066528,0.2771533727645874,0.16863401234149933,0.356070876121521,0.8223538994789124,0.9080870747566223,0.10685116797685623,1.3306243419647217,1.421576976776123,1.0135911703109741,0.07059579342603683,0.4776836633682251,0.0513768196105957,1.255460262298584,0.17606490850448608,0.6430661678314209,1.1658560037612915,0.6910025477409363,0.3250584006309509,0.9449741840362549,0.5263382792472839,1.9067628383636475,0.30692413449287415,0.8166763186454773,1.048827052116394,0.29253560304641724,0.36887434124946594,0.7087928056716919,0.6680328845977783,1.2093569040298462,1.287742018699646,0.5035251975059509,0.43785345554351807,0.9735782742500305,0.2823408246040344,0.24424584209918976
0.3166036009788513,0.47633516788482666,0.4470727741718292,0.6853110790252686,0.6582655906677246,1.4228086471557617,1.5750689506530762,5.164254188537598,0.8068044781684875,0.05178527161478996,0.7326139211654663,0.279867947101593,0.1974746137857437,0.00039999998989515007,0.8694266080856323,0.8993473649024963,1.3024955987930298,2.1388697624206543,1.0780574083328247,0.346052885055542,0.511981725692749,0.6318449974060059,0.18149007856845856,0.5693046450614929,0.2586272954940796,0.5476285219192505,0.8038842678070068,0.5615082383155823,1.4693305492401123,1.2024993896484375,1.2064576148986816,0.3458503186702728,0.570419430732727,0.2065817415714264,1.0245877504348755,0.7605420351028442,0.18727262318134308,1.3782657384872437,0.5753054618835449,0.04470046982169151,1.0907336473464966,0.8071141839027405,1.560127854347229,0.5815199017524719,1.326047658920288,0.7394995093345642,0.2716082036495209,0.5713441371917725,0.1919928938150406,0.08690755814313889,1.7709449529647827,0.4426005780696869,0.475986510515213,0.5886995196342468,1.205159068107605,0.07804520428180695,0.17133598029613495
0.33205458521842957,0.4005994498729706,0.4527883231639862,0.9423446655273438,0.7050212621688843,1.3047596216201782,1.6989929676055908,4.997679710388184,0.4681594967842102,0.08475721627473831,0.771251380443573,0.4601958096027374,0.19112181663513184,0.00039999998989515007,0.5294152498245239,1.438723087310791,1.492609977722168,2.2684097290039062,1.0535013675689697,0.5472692251205444,0.5023790597915649,0.520587682723999,0.04283812642097473,0.5644594430923462,0.3799298107624054,0.9491390585899353,1.0536115169525146,0.6044163703918457,1.6111096143722534,1.2170244455337524,0.8213539719581604,0.29329293966293335,0.5275647044181824,0.18754403293132782,0.9711587429046631,0.3998967111110687,0.03595373407006264,1.5580813884735107,0.3720942437648773,0.06693357229232788,0.9271132349967957,0.9011712670326233,1.250656247138977,0.4766187369823456,1.1747099161148071,0.7754200100898743,0.7723403573036194,0.5762627720832825,0.24290551245212555,0.060313597321510315,1.6601022481918335,0.3845662772655487,0.43278446793556213,0.6859530806541443,1.1403716802597046,0.1439599245786667,0.12316659837961197
0.6327558755874634,0.03678380325436592,0.8658505082130432,1.1685656309127808,0.812411904335022,1.1720572710037231,0.7953701019287109,5.325158596038818,0.979715883731842,0.31488659977912903,0.6227371096611023,0.22550249099731445,0.132239431142807,0.00039999998989515007,0.9102269411087036,1.0793572664260864,1.0996079444885254,1.9396685361862183,1.1486759185791016,0.5518088340759277,0.6423768997192383,0.27925944328308105,0.07073494046926498,0.12941569089889526,0.4923267960548401,0.8348388075828552,0.7743169665336609,0.22967399656772614,1.883383870124817,1.0852166414260864,0.48469194769859314,0.8743386268615723,0.6124216914176941,0.2306859791278839,1.2382949590682983,0.6057376265525818,0.1785665899515152,1.3003450632095337,0.11902265250682831,0.08189418166875839,0.633685290813446,0.8670748472213745,0.9517143368721008,0.29056763648986816,0.8723184466362,0.6742289662361145,0.7957451343536377,0.11295102536678314,0.9525228142738342,0.07149188965559006,1.6479976177215576,0.5256000757217407,0.20670880377292633,0.6728972792625427,1.7497798204421997,0.14994055032730103,0.3631923198699951
0.4835547208786011,0.3057568669319153,0.13495151698589325,1.0265576839447021,0.5648007392883301,1.4167205095291138,1.8729544878005981,4.7767653465271,0.08050569146871567,0.17664989829063416,0.8438661694526672,0.35703596472740173,0.04046791046857834,0.00039999998989515007,0.3229537606239319,1.6529664993286133,1.4215118885040283,2.275503396987915,0.8844003677368164,0.650444746017456,0.06200435012578964,0.5133730173110962,0.4634864032268524,1.0046067237854004,0.2654443681240082,1.0527708530426025,1.1671216487884521,0.669185221195221,1.3345704078674316,1.4092453718185425,0.44291433691978455,0.24840767681598663,0.4517209231853485,0.016987673938274384,0.9688518643379211,0.38746607303619385,0.09097949415445328,1.6009944677352905,0.25615188479423523,0.2151794284582138,1.0429837703704834,1.2401264905929565,1.0803883075714111,0.3918600082397461,0.9526036977767944,0.9358651638031006,0.7727421522140503,1.0802452564239502,0.09271669387817383,0.001968860160559416,1.6577425003051758,0.2974635362625122,0.4243030846118927,0.5906844735145569,1.0055668354034424,0.22389356791973114,0.05420142412185669
0.017741229385137558,0.10568402707576752,0.524002194404602,0.7506506443023682,0.7537093162536621,1.3027845621109009,2.078961133956909,4.81084680557251,0.8460232615470886,0.12098811566829681,0.9545315504074097,0.04201091080904007,0.053779277950525284,0.00039999998989515007,0.8443999290466309,1.0364774465560913,0.9961904287338257,1.9252172708511353,0.7614678740501404,0.8394750356674194,0.314692884683609,0.8925772309303284,0.312505841255188,1.007460117340088,0.4732537567615509,0.2978596091270447,0.8443055748939514,0.7539187073707581,0.9359935522079468,1.316257357597351,1.1898807287216187,0.26494792103767395,0.7016554474830627,0.3688982427120209,0.9095697402954102,1.003894567489624,0.42647990584373474,1.139337182044983,0.5199341773986816,0.10466930270195007,1.08219575881958,1.0609928369522095,1.0627155303955078,0.3133305609226227,1.7067046165466309,0.6935345530509949,0.043971579521894455,0.9886912703514099,0.090275838971138,0.1138731837272644,2.1895132064819336,0.043700411915779114,0.5097405314445496,0.4557744264602661,1.1285160779953003,0.22165192663669586,0.10015217214822769
0.1325521320104599,0.5451380610466003,0.4609101116657257,0.7523940801620483,0.7815742492675781,1.3908872604370117,2.1561062335968018,4.399313926696777,0.47540566325187683,0.528046727180481,0.26219531893730164,0.5297524929046631,0.7082206010818481,0.00039999998989515007,0.2713510990142822,1.275112271308899,1.8550249338150024,1.929978847503662,1.2914167642593384,0.12181800603866577,0.7829775214195251,0.33634153008461,0.31230419874191284,0.31698352098464966,0.2372858077287674,0.9632073640823364,0.8437139391899109,0.7102127075195312,2.0057501792907715,1.1261564493179321,1.379865050315857,0.3640270233154297,0.5900141596794128,0.22332191467285156,0.8648602366447449,0.08658467233181,0.0545770488679409,1.2378770112991333,0.43340176343917847,0.04376205801963806,1.1567718982696533,0.6531558036804199,1.7032864093780518,0.6802558302879333,1.480371117591858,0.47920116782188416,0.7355939745903015,0.18689723312854767,0.08889729529619217,0.09484916925430298,1.322338342666626,0.43993571400642395,0.5537469983100891,1.0418977737426758,0.9040566682815552,0.07954949885606766,0.6961091160774231
0.37375494837760925,0.9144519567489624,0.7938757538795471,0.19882336258888245,0.4252222776412964,1.8759074211120605,2.1381866931915283,4.587578773498535,0.0877743735909462,1.146828293800354,0.5041431188583374,0.8921697735786438,0.16425731778144836,0.00039999998989515007,0.8957602977752686,1.6231132745742798,1.0061382055282593,1.984956979751587,0.678123414516449,0.14215229451656342,0.21326902508735657,0.161271870136261,0.16836017370224,0.9569846987724304,0.01697019301354885,0.3991176187992096,0.4715403914451599,0.45230525732040405,1.4723533391952515,0.7045754194259644,1.2916820049285889,0.3543500602245331,0.13995161652565002,0.35001522302627563,1.171433687210083,1.0903526544570923,0.39908716082572937,1.4895354509353638,0.3018931746482849,0.40154045820236206,1.1086008548736572,1.4476667642593384,1.4038879871368408,0.781165599822998,1.4039465188980103,0.12108910828828812,0.5545052886009216,0.736234188079834,0.8355644345283508,0.05585023760795593,1.3844515085220337,0.06504014879465103,0.6954655647277832,0.7429787516593933,0.6899210214614868,0.4429077208042145,0.2623394727706909
0.22963593900203705,0.2527860105037689,0.5515981316566467,1.4358856678009033,0.856309711933136,1.421517252922058,1.6747140884399414,4.759872913360596,0.6928094029426575,0.02816678024828434,0.6678484678268433,0.292590469121933,0.15988771617412567,0.00039999998989515007,0.2176079899072647,1.2502570152282715,1.5160565376281738,1.9134212732315063,1.26624596118927,0.6825956106185913,1.0219839811325073,0.31366589665412903,0.23347996175289154,0.025042125955224037,0.5895307660102844,1.2408171892166138,0.8385871052742004,0.12931331992149353,2.0269792079925537,1.1565765142440796,0.8956105709075928,0.47810304164886475,0.7882026433944702,0.6092227101325989,0.918356716632843,0.16105352342128754,0.08547676354646683,1.301119327545166,0.1593882143497467,0.2555517256259918,0.6039415597915649,0.6636362075805664,0.8785708546638489,0.40979981422424316,0.8034530878067017,0.555780827999115,1.2192034721374512,0.0007278528064489365,0.7686499357223511,0.03348608687520027,1.6538212299346924,0.446321964263916,0.1879023015499115,0.6377798914909363,1.496846318244934,0.02570280432701111,0.29421305656433105
0.16107293963432312,0.585838794708252,0.4652779698371887,0.9166718125343323,0.8347934484481812,1.6061217784881592,1.4058321714401245,4.968492031097412,0.8424422740936279,0.03532252833247185,0.6846993565559387,0.39857053756713867,0.18675769865512848,0.00039999998989515007,0.673079252243042,0.968453586101532,1.3719439506530762,2.1271719932556152,0.9999118447303772,0.13126002252101898,0.5779915452003479,0.7380682826042175,0.3229981064796448,0.32275715470314026,0.4819173216819763,0.7150494456291199,0.7369658946990967,0.2743164002895355,1.4849259853363037,1.3150715827941895,1.053175687789917,0.3229466676712036,0.5560916066169739,0.17444993555545807,1.1992157697677612,0.8006972074508667,0.10955901443958282,1.3902586698532104,0.5933254361152649,0.008225932717323303,0.9904071092605591,1.1023129224777222,1.337161898612976,0.478554368019104,1.4476333856582642,0.5553795099258423,0.4921448528766632,0.7698545455932617,0.5406908988952637,0.3159240484237671,1.5956496000289917,0.6438308358192444,0.3267560601234436,0.5438346862792969,1.3333446979522705,0.31253960728645325,0.10442489385604858
0.041791632771492004,0.5208153128623962,0.3734475076198578,0.5045537948608398,0.7153635025024414,1.240882158279419,2.018519878387451,4.6762495040893555,0.8950670957565308,0.2896462678909302,0.5617772936820984,0.5339599251747131,0.5218955874443054,0.00039999998989515007,0.658518373966217,1.3887752294540405,1.4116458892822266,2.3020687103271484,1.080319881439209,0.5694354176521301,0.36753591895103455,0.7774062156677246,0.4335134029388428,0.705305814743042,0.2375747561454773,0.5931825041770935,0.9230242967605591,0.932417094707489,1.5899271965026855,0.9595680832862854,1.349708914756775,0.40531495213508606,0.44922134280204773,0.047318704426288605,0.8705624341964722,0.32347261905670166,0.209344282746315,1.130963683128357,0.8465667366981506,0.17239046096801758,1.0447967052459717,0.8262271285057068,1.7772244215011597,0.6458073854446411,1.4934849739074707,0.53028404712677,0.3612312376499176,0.45840656757354736,0.13534319400787354,0.017810912802815437,1.7324994802474976,0.16510552167892456,0.5036460161209106,0.9529094696044922,0.8581766486167908,0.048926644027233124,0.3854855000972748
0.410641074180603,0.019048573449254036,0.6577255129814148,1.295741081237793,0.7333852052688599,1.2628906965255737,1.153353214263916,5.151688098907471,0.8966429829597473,0.16783541440963745,0.8192970156669617,0.297919362783432,0.052222445607185364,0.00039999998989515007,0.6895651817321777,1.2258025407791138,1.3560751676559448,2.1563289165496826,1.1610217094421387,0.8458703756332397,0.5705779194831848,0.4497804641723633,0.14012093842029572,0.20672450959682465,0.5085660219192505,0.9620401263237,1.0006965398788452,0.2321425825357437,1.8436366319656372,0.8975922465324402,0.7902117371559143,0.7547006011009216,0.518196702003479,0.45647746324539185,1.1549562215805054,0.4933874309062958,0.10829786211252213,1.3214786052703857,0.003829245688393712,0.12821832299232483,0.6765981316566467,0.8333216309547424,0.9566326141357422,0.27065977454185486,1.0243016481399536,0.4857220947742462,1.0190925598144531,0.09264126420021057,0.7291783094406128,0.027936656028032303,1.7048101425170898,0.36952635645866394,0.11251749843358994,0.7036119699478149,1.528503179550171,0.14050301909446716,0.10599638521671295
0.48231109976768494,0.526918351650238,0.31754249334335327,1.4519083499908447,0.677825391292572,0.9205562472343445,1.4453351497650146,5.1243896484375,0.5581418871879578,0.0714954063296318,0.9987137913703918,0.23304177820682526,0.14275577664375305,0.00039999998989515007,0.6026430130004883,1.3926583528518677,1.2241345643997192,1.9723657369613647,1.1248396635055542,1.4446176290512085,0.21825265884399414,0.5766966938972473,0.21986737847328186,0.6480299234390259,0.4258679747581482,0.8882287740707397,1.2954896688461304,0.5970708727836609,1.3798593282699585,1.1081198453903198,0.6319667100906372,0.7431472539901733,0.8915629982948303,0.43324169516563416,0.8584688901901245,0.35784661769866943,0.1882256269454956,1.2363572120666504,0.20924235880374908,0.15717555582523346,0.7004322409629822,0.7744485139846802,0.5004727840423584,0.0746227279305458,1.1018370389938354,0.6537979245185852,0.7352458834648132,0.3955921232700348,0.6334972977638245,0.3101545572280884,1.8978304862976074,0.005913927219808102,0.3220754861831665,0.5594489574432373,1.4423725605010986,0.15317605435848236,0.2582949995994568
0.3586079180240631,0.20534773170948029,0.12314321100711823,0.8584107756614685,0.5596637725830078,1.3759489059448242,1.877776026725769,5.090296745300293,0.511935830116272,0.19663995504379272,0.9214784502983093,0.1414174735546112,0.06417486816644669,0.00039999998989515007,0.6892268657684326,1.478332757949829,1.3272794485092163,2.1532764434814453,0.9106280207633972,0.8478653430938721,0.14774590730667114,0.8373609185218811,0.20443515479564667,1.017950177192688,0.25592485070228577,0.6082813739776611,1.1128321886062622,0.8928310871124268,1.0920476913452148,1.224907636642456,1.0375207662582397,0.1759311854839325,0.6924733519554138,0.044294293969869614,0.8492288589477539,0.5978973507881165,0.15792357921600342,1.348583698272705,0.3619564473628998,0.0286032073199749,0.9981277585029602,0.8699221611022949,1.1522291898727417,0.31935328245162964,1.4255794286727905,0.7730523347854614,0.37282678484916687,0.9121735692024231,0.0399637296795845,0.1951562762260437,1.7412384748458862,0.30334749817848206,0.7733906507492065,0.6202518939971924,0.9550749063491821,0.13318803906440735,0.04669411852955818
0.6429580450057983,0.8726685047149658,0.044377826154232025,1.0402506589889526,0.37298765778541565,1.7466702461242676,1.4952226877212524,4.063991069793701,0.0820353627204895,0.5665491819381714,0.423779159784317,1.1331342458724976,0.2961845397949219,0.00039999998989515007,0.4299823045730591,1.0347964763641357,2.2192845344543457,2.48740291595459,0.5277588963508606,0.033921461552381516,0.9080665707588196,0.7458318471908569,0.25871801376342773,0.09563252329826355,0.5257331728935242,1.2014884948730469,1.114274263381958,0.03568555414676666,1.6029070615768433,1.1044851541519165,0.74539715051651,0.0801815614104271,0.09431491047143936,0.41831257939338684,1.3657346963882446,0.06428861618041992,0.8261175751686096,1.2200255393981934,0.7594842314720154,0.16291604936122894,0.8809971213340759,0.9567790031433105,1.930551290512085,0.12389225512742996,0.7737074494361877,0.8698168992996216,1.0709327459335327,0.5039567351341248,0.5513355731964111,0.7592756152153015,1.2096967697143555,1.3799359798431396,0.24503999948501587,0.7739991545677185,0.6806686520576477,0.345122367143631,0.4385007917881012
0.3913516104221344,0.3339777886867523,0.23839505016803741,0.33248838782310486,1.0109200477600098,1.2076570987701416,1.0629467964172363,5.065577030181885,0.49661821126937866,0.24015387892723083,0.43166059255599976,0.4282104969024658,0.5847393870353699,0.00039999998989515007,1.0873175859451294,1.3580845594406128,1.789082407951355,2.4923441410064697,0.98508620262146,0.12860091030597687,0.11347504705190659,0.5015977025032043,0.07388173788785934,0.3794122040271759,0.2804638147354126,0.804756760597229,1.1060904264450073,0.7475541234016418,1.4114378690719604,1.0721099376678467,0.6309221982955933,0.5433288216590881,0.1750669777393341,0.26906582713127136,1.2345243692398071,0.46698835492134094,0.3766891360282898,1.350010871887207,0.9933527708053589,0.2815168797969818,1.0912421941757202,0.8930063843727112,1.9088654518127441,0.5741925239562988,1.3571510314941406,0.6036818027496338,0.05869999900460243,0.41805779933929443,0.2589089572429657,0.16184045374393463,1.113757610321045,0.3613749146461487,0.2253360152244568,0.8894948959350586,1.1099190711975098,0.44044584035873413,0.17626136541366577
0.38261938095092773,0.3273659944534302,0.33698076009750366,0.9017642736434937,0.5847684144973755,1.5020060539245605,1.4912757873535156,4.881707668304443,0.5896062254905701,0.03719671070575714,0.8093230724334717,0.42837628722190857,0.1944493055343628,0.00039999998989515007,0.6360669732093811,1.0610188245773315,1.7086375951766968,2.372467041015625,0.852432370185852,0.5254276990890503,0.3952384889125824,0.8090943098068237,0.018476368859410286,0.5983277559280396,0.35499924421310425,0.865940511226654,1.1561412811279297,0.49780604243278503,1.434792160987854,1.0172706842422485,1.0714266300201416,0.43943721055984497,0.2716839611530304,0.0238049179315567,1.2218047380447388,0.7170105576515198,0.03613228350877762,1.4214221239089966,0.5486985445022583,0.06064343824982643,1.0670360326766968,1.0832970142364502,1.5877125263214111,0.39067205786705017,1.2758986949920654,0.6028208136558533,0.6054001450538635,0.6438170075416565,0.2818700969219208,0.1866694986820221,1.7247068881988525,0.5553219318389893,0.4763362407684326,0.6452233791351318,1.1177059412002563,0.14943505823612213,0.13571783900260925
0.29893118143081665,0.559721052646637,0.44083544611930847,0.9010787606239319,0.8449252247810364,1.3114053010940552,1.567470669746399,4.6772847175598145,1.0540745258331299,0.2814229428768158,0.9678967595100403,0.6337213516235352,0.3577582538127899,0.00039999998989515007,0.9470740556716919,1.5424764156341553,1.689629077911377,2.5329487323760986,1.0638996362686157,0.31173375248908997,0.40168535709381104,0.6029617190361023,0.3747786283493042,0.47176218032836914,0.5764694213867188,0.8756888508796692,1.0773348808288574,0.7738583087921143,1.481179118156433,0.927140474319458,0.8649591207504272,0.09836152195930481,0.1968858689069748,0.15643523633480072,0.9934337139129639,0.3926004469394684,0.23119103908538818,1.4846010208129883,0.6480149030685425,0.19876602292060852,0.9711616635322571,0.7248384952545166,1.6539114713668823,0.46302470564842224,1.2512102127075195,0.7631121873855591,0.6853198409080505,0.3739331066608429,0.23192819952964783,0.05723927542567253,1.485792875289917,0.5083362460136414,0.35397911071777344,0.8967323899269104,0.935071587562561,0.3254891037940979,0.10001042485237122
0.5884709358215332,0.5250906944274902,0.49409011006355286,1.4148818254470825,0.6179153323173523,1.0361024141311646,1.3464888334274292,5.056848526000977,0.8382399082183838,0.03201422467827797,1.1083698272705078,0.2673870325088501,0.31817957758903503,0.00039999998989515007,0.8699946999549866,1.4661316871643066,1.0594969987869263,1.7736066579818726,1.0198488235473633,1.5856447219848633,0.21981213986873627,0.7236133217811584,0.265967458486557,0.8341938853263855,0.42191582918167114,0.7314262390136719,1.2550609111785889,0.7575701475143433,1.3071742057800293,0.9517317414283752,0.7045774459838867,0.7579997777938843,0.8993169069290161,0.46446728706359863,0.834120512008667,0.5559607744216919,0.32471367716789246,1.1847881078720093,0.22279642522335052,0.17162437736988068,0.6251976490020752,0.7458603978157043,0.4692557156085968,0.04667656496167183,1.1435643434524536,0.5924255847930908,0.7838150262832642,0.4645182490348816,0.49299976229667664,0.4551836848258972,1.933380126953125,0.04707920551300049,0.3959541916847229,0.6047205924987793,1.4547088146209717,0.10697486251592636,0.35217714309692383
0.22740891575813293,1.1041733026504517,0.6476066708564758,0.3076380491256714,0.4290807247161865,2.4467811584472656,2.233100414276123,4.8708906173706055,0.33816030621528625,0.4638611972332001,1.1000124216079712,0.7505605816841125,0.14367428421974182,0.00039999998989515007,0.9162101149559021,1.2099231481552124,1.0926936864852905,1.980455994606018,0.630157470703125,0.15259091556072235,0.3371030390262604,0.30125316977500916,0.23411929607391357,0.5799239277839661,0.49613043665885925,0.39709585905075073,0.355650395154953,0.06092899292707443,1.2458465099334717,0.816741406917572,1.3289413452148438,0.014436720870435238,0.07626773416996002,0.06445959210395813,1.1077005863189697,1.180803894996643,0.1934080421924591,1.6230559349060059,0.020379163324832916,0.21804897487163544,0.9357255101203918,1.2913973331451416,1.1622395515441895,0.726568341255188,1.2285010814666748,0.14450259506702423,0.8994447588920593,0.8104148507118225,0.23649923503398895,0.04960540309548378,1.5225039720535278,0.30040013790130615,0.8301437497138977,0.4935464560985565,0.8803244233131409,0.3426314890384674,0.3732382357120514
0.33951908349990845,0.3236081302165985,0.29465898871421814,1.2700791358947754,0.7966405749320984,1.7530001401901245,1.7665821313858032,4.965671539306641,0.3522583544254303,0.0750848799943924,0.6642992496490479,0.35830315947532654,0.1262451857328415,0.00039999998989515007,0.28066983819007874,1.3278104066848755,1.9323434829711914,2.07534122467041,0.9732761383056641,0.4930265247821808,0.7919496893882751,0.5110254883766174,0.15429529547691345,0.31803083419799805,0.44249582290649414,1.393953800201416,1.0105295181274414,0.2458132654428482,1.6749989986419678,1.1964356899261475,0.8960790038108826,0.11561059206724167,0.6171648502349854,0.2725985646247864,0.9327301383018494,0.5086693167686462,0.1634688675403595,1.3317556381225586,0.09869305789470673,0.020866794511675835,0.7474777102470398,0.9008933305740356,1.057167649269104,0.4066375494003296,0.8027649521827698,0.6149059534072876,1.0817675590515137,0.37045636773109436,0.4436706006526947,0.008337347768247128,1.4308176040649414,0.7137430310249329,0.5302964448928833,0.5917012691497803,1.2063263654708862,0.06439794600009918,0.2267083078622818
0.20647285878658295,0.49026599526405334,0.3771933615207672,0.7514159679412842,0.7684401869773865,1.601762294769287,1.6109247207641602,5.089023113250732,0.8695197105407715,0.02596678026020527,0.5698612928390503,0.6505681872367859,0.1626901775598526,0.00039999998989515007,0.7593020796775818,1.5607120990753174,1.6538662910461426,2.25791072845459,0.9675127267837524,0.3247932493686676,0.25695422291755676,0.6723366379737854,0.19124652445316315,0.47528570890426636,0.46956151723861694,0.7392435073852539,0.9010052680969238,0.5843859910964966,1.5116853713989258,0.9986738562583923,0.9717180132865906,0.34456866979599,0.3378075659275055,0.04167860373854637,1.181612491607666,0.5178344249725342,0.09359931945800781,1.241470217704773,0.646331250667572,0.2576426565647125,0.9241185188293457,0.9833435416221619,1.458862543106079,0.3334154188632965,1.5278844833374023,0.5887264013290405,0.576331377029419,0.5048351287841797,0.26785507798194885,0.14720819890499115,1.31797456741333,0.6256193518638611,0.46709930896759033,1.0027315616607666,0.9875825643539429,0.25011274218559265,0.03835436329245567
0.18351665139198303,0.7421289682388306,0.1652965396642685,0.3385874032974243,0.7610428333282471,1.7110161781311035,1.6721575260162354,5.409974098205566,1.0279868841171265,0.035796478390693665,0.6231771111488342,0.5658432245254517,0.18923445045948029,0.00039999998989515007,1.1433069705963135,1.3966422080993652,1.1944386959075928,1.9791120290756226,1.0731184482574463,0.12338172644376755,0.18455183506011963,0.6272233128547668,0.2401808351278305,0.3440377116203308,0.391803115606308,0.35590776801109314,0.4785628914833069,0.4782111942768097,1.2752381563186646,1.100940465927124,1.076216697692871,0.463604211807251,0.6563387513160706,0.36439600586891174,1.1748403310775757,0.7569505572319031,0.1869158148765564,1.1782066822052002,0.6461780667304993,0.04653515666723251,0.8135229349136353,1.0959354639053345,1.4943149089813232,0.672636091709137,1.2807658910751343,0.5612239837646484,0.1768248975276947,0.5741679668426514,0.35262155532836914,0.07595495879650116,1.4444620609283447,0.5955890417098999,0.4697401225566864,0.8258363008499146,1.1157336235046387,0.1963789016008377,0.18283987045288086
0.1781625747680664,0.5578420162200928,0.3052493631839752,0.7326943874359131,0.8348551988601685,1.6612409353256226,1.7119879722595215,4.997241020202637,0.929454505443573,0.18285556137561798,0.6782235503196716,0.6277793645858765,0.23204787075519562,0.00039999998989515007,0.8706408739089966,1.4806268215179443,1.5902599096298218,2.1532464027404785,0.9319079518318176,0.218214750289917,0.3599925935268402,0.7104470133781433,0.23334570229053497,0.35212549567222595,0.6125805377960205,0.6452447772026062,0.8124524354934692,0.587408721446991,1.3624438047409058,1.1261342763900757,0.8820644617080688,0.39980390667915344,0.48437708616256714,0.03194238618016243,1.2059754133224487,0.5117382407188416,0.11570731550455093,1.2532236576080322,0.6800875067710876,0.19792014360427856,0.8907212018966675,1.1160242557525635,1.4848579168319702,0.4160933494567871,1.4338116645812988,0.5894621014595032,0.5378314256668091,0.6446179747581482,0.5262298583984375,0.12658317387104034,1.3935050964355469,0.7362194657325745,0.36774078011512756,0.997252881526947,1.0320544242858887,0.19677729904651642,0.06795378774404526
1.1150424480438232,0.3122066855430603,0.1508561074733734,1.5868513584136963,0.5937517285346985,1.5438357591629028,0.5817188024520874,4.546878814697266,0.7111625671386719,1.0484933853149414,0.6442800760269165,0.5341678261756897,0.07479361444711685,0.00039999998989515007,0.12858037650585175,0.8441359996795654,1.9055181741714478,1.7776376008987427,1.0543091297149658,0.5732754468917847,0.9652345776557922,0.7195345163345337,0.3517087399959564,0.48685264587402344,0.6789804697036743,1.1854850053787231,1.039093017578125,0.2816416621208191,1.7064895629882812,1.074524164199829,0.4502587914466858,0.5661983489990234,0.6474193930625916,0.6942842602729797,1.3587284088134766,0.10752688348293304,0.692731499671936,1.015559196472168,0.2020307183265686,0.0925026684999466,0.38002926111221313,0.6355562806129456,1.2505227327346802,0.07607334107160568,0.35401472449302673,0.7851213812828064,1.1733587980270386,0.003623075084760785,1.4810587167739868,0.421588659286499,1.1754705905914307,1.354455590248108,0.010472584515810013,0.6274240612983704,1.4826799631118774,0.30612850189208984,0.24111272394657135
0.9340144991874695,0.8291656970977783,0.46148064732551575,0.9804959893226624,0.5128777027130127,1.7495732307434082,1.2104634046554565,4.502789497375488,0.6141121983528137,0.741636335849762,0.734997570514679,0.6114635467529297,0.3012508749961853,0.00039999998989515007,0.42591798305511475,0.682089626789093,2.0920653343200684,1.9844703674316406,0.9890592098236084,0.03268147632479668,0.7730545401573181,0.9561786651611328,0.2618196904659271,0.014193066395819187,0.4660166800022125,0.8599044680595398,1.0022913217544556,0.19629447162151337,1.1980022192001343,1.304025411605835,0.9562128782272339,0.06466789543628693,0.5538288354873657,0.042868804186582565,1.280829668045044,0.29864755272865295,0.5536168217658997,1.2651735544204712,0.8128088116645813,0.2170283943414688,0.9786216616630554,0.7489821910858154,2.017517566680908,0.46500256657600403,0.8063994646072388,1.0322877168655396,0.4651823043823242,0.6138402223587036,0.8299330472946167,0.4046294391155243,1.2682594060897827,1.445708990097046,0.5274274349212646,0.5688495635986328,1.0073044300079346,0.1591474413871765,0.09371341019868851
0.18763886392116547,0.5115471482276917,0.318098783493042,0.5763055086135864,0.7523437738418579,1.453680396080017,1.7828067541122437,4.9464497566223145,0.8020411729812622,0.20261943340301514,0.6047822833061218,0.486216276884079,0.3962031900882721,0.00039999998989515007,1.0567073822021484,1.4549591541290283,1.5744452476501465,1.9175549745559692,1.2182116508483887,0.13528671860694885,0.23167791962623596,0.5110459327697754,0.16963084042072296,0.4986637830734253,0.3456615209579468,0.6104710698127747,0.8256441950798035,0.8383904099464417,1.4948086738586426,1.0851738452911377,1.030670404434204,0.5249237418174744,0.5901093482971191,0.10159551352262497,1.065565824508667,0.4768722653388977,0.23810230195522308,1.372583270072937,0.6291729807853699,0.17329323291778564,1.116905927658081,0.9772648811340332,1.6421611309051514,0.6833303570747375,1.5186549425125122,0.616025984287262,0.41753119230270386,0.5578721761703491,0.2992057502269745,0.19285807013511658,1.3237172365188599,0.5500206351280212,0.5150747895240784,1.05207359790802,1.004113793373108,0.26318392157554626,0.0294972974807024
0.4893122613430023,0.37997522950172424,0.09738042950630188,0.955394983291626,1.014477252960205,0.772280752658844,1.5505746603012085,4.4495134353637695,1.2566553354263306,0.3477548360824585,0.9689522981643677,0.23316393792629242,0.6445423364639282,0.00039999998989515007,1.1674951314926147,1.5094386339187622,1.7089272737503052,2.057882070541382,1.5879542827606201,0.427753746509552,0.2859073579311371,0.5875131487846375,0.4284876883029938,0.4552600383758545,0.45953479409217834,0.8074908256530762,1.170213222503662,1.1701059341430664,1.4376813173294067,1.1102077960968018,0.8898828625679016,0.055035289376974106,0.687215268611908,0.057520728558301926,0.6361719965934753,0.007323101162910461,0.3450489640235901,1.3818854093551636,0.7884198427200317,0.35732579231262207,1.098564624786377,0.19952067732810974,1.7829194068908691,0.6712446808815002,1.3181853294372559,1.0907635688781738,0.19404208660125732,0.18903900682926178,0.2955508828163147,0.23780979216098785,1.4359130859375,0.31449657678604126,0.42164257168769836,0.8715317845344543,0.9827383160591125,0.3826024830341339,0.054975658655166626
0.16848482191562653,0.44875583052635193,0.3908613920211792,0.5322568416595459,0.7352307438850403,1.4222962856292725,1.7262301445007324,5.0641937255859375,0.6831961870193481,0.30509814620018005,0.5327838659286499,0.4484975039958954,0.3815307021141052,0.00039999998989515007,1.0211313962936401,1.4311095476150513,1.5741838216781616,1.912978172302246,1.210518717765808,0.10802147537469864,0.13353431224822998,0.4349542558193207,0.14233484864234924,0.5311622619628906,0.2497587502002716,0.5940216779708862,0.8528581857681274,0.798900842666626,1.5779095888137817,1.060713529586792,1.091933250427246,0.4838479459285736,0.5140259265899658,0.14369037747383118,1.0705981254577637,0.5203168392181396,0.28364098072052,1.364577293395996,0.5751585960388184,0.23608602583408356,1.1740580797195435,0.8949138522148132,1.6395602226257324,0.6313644647598267,1.6302834749221802,0.5880694389343262,0.34342053532600403,0.49656304717063904,0.14265266060829163,0.14184562861919403,1.3024181127548218,0.44722792506217957,0.5459833741188049,0.9892153739929199,1.0029621124267578,0.3111763596534729,0.06162106990814209
0.139256089925766,0.09817730635404587,0.8076505064964294,0.7678326964378357,0.8637807369232178,1.091125726699829,1.3248860836029053,5.365055084228516,1.2570469379425049,0.09064269810914993,0.4933561682701111,0.5697039365768433,0.0751483142375946,0.00039999998989515007,1.1873444318771362,2.0783660411834717,0.9496603608131409,2.2110300064086914,1.2174211740493774,0.732044517993927,0.018284549936652184,0.18707309663295746,0.4890410006046295,0.431241512298584,0.4610058069229126,0.7884389162063599,0.6997030377388,0.682572603225708,1.744917631149292,0.6417956948280334,0.38990816473960876,1.0292081832885742,0.41730567812919617,0.2088598608970642,1.0698940753936768,0.4034423828125,0.3645462691783905,1.1540205478668213,0.34870707988739014,0.2038384974002838,0.5069067478179932,1.0901591777801514,0.8383519053459167,0.4918155074119568,0.9416957497596741,0.41726288199424744,0.9433615803718567,0.03710586205124855,0.5091035962104797,0.29963117837905884,1.3466655015945435,0.12129237502813339,0.07996991276741028,1.194478154182434,1.2889765501022339,0.46460869908332825,0.4438430964946747
0.2458411157131195,0.6782508492469788,0.38750016689300537,0.6991702318191528,0.9015851020812988,1.3088527917861938,1.590694785118103,4.753210067749023,1.2613372802734375,0.24937090277671814,0.8970158100128174,0.6372971534729004,0.4000602662563324,0.00039999998989515007,1.29392671585083,1.773914098739624,1.4255566596984863,2.3976402282714844,1.0644642114639282,0.1606268286705017,0.23844636976718903,0.5984873175621033,0.4662347733974457,0.5468413829803467,0.5570764541625977,0.697356641292572,0.8825996518135071,1.1031709909439087,1.2605233192443848,1.0272603034973145,0.6326512098312378,0.22356000542640686,0.39606136083602905,0.03019857034087181,0.87906414270401,0.36128467321395874,0.37150511145591736,1.495094895362854,0.8241838216781616,0.10867077857255936,0.8835936188697815,0.8951333165168762,1.6346827745437622,0.6578071117401123,1.1076091527938843,0.7640479803085327,0.6437668800354004,0.6089616417884827,0.2799047827720642,0.2730630338191986,1.3331654071807861,0.5917468667030334,0.2915192246437073,1.0702505111694336,0.868205726146698,0.4127987027168274,0.1166626363992691
0.9224269986152649,1.0044392347335815,0.27916285395622253,0.6792604923248291,0.6845516562461853,1.3187510967254639,1.2250373363494873,4.783721446990967,0.31120824813842773,0.6168835759162903,0.37376829981803894,0.6169033050537109,0.5057103633880615,0.00039999998989515007,0.33452728390693665,0.8652693629264832,1.677077054977417,1.978812575340271,1.1800683736801147,0.5233931541442871,0.5157673358917236,0.38987433910369873,0.12459782510995865,0.054965078830718994,0.2912985384464264,0.9085779786109924,0.7187107801437378,0.20926448702812195,1.4854254722595215,1.619719386100769,0.5728610754013062,0.1620837301015854,0.46986842155456543,0.5039819478988647,1.1297290325164795,0.05225934460759163,0.5137680172920227,1.378727912902832,1.0362361669540405,0.20315147936344147,1.0637117624282837,0.6092365980148315,2.1162354946136475,0.6785202622413635,0.7169924378395081,1.4025400876998901,0.037294622510671616,0.5106247663497925,0.6221256852149963,0.5150427222251892,1.188952922821045,1.129777193069458,0.12569788098335266,0.4075903594493866,1.0630009174346924,0.13552193343639374,0.07628609240055084
0.05152120813727379,0.6858147382736206,0.1832907497882843,0.761570394039154,0.9710007905960083,1.5772143602371216,2.051746129989624,5.363101005554199,1.0649852752685547,0.003523268038406968,0.597727358341217,0.23672346770763397,0.3560999035835266,0.00039999998989515007,0.8740541934967041,1.4644197225570679,1.0959076881408691,1.9404557943344116,1.1516149044036865,0.1854451447725296,0.5783110857009888,0.4162345230579376,0.503515899181366,0.2551698386669159,0.48667508363723755,0.7908658981323242,0.3614369034767151,0.6233851909637451,1.3367490768432617,1.461094617843628,0.8424489498138428,0.27500811219215393,1.0701504945755005,0.1514173150062561,0.6910787224769592,0.38607361912727356,0.1823025792837143,1.2694696187973022,0.38656508922576904,0.34396809339523315,0.5673709511756897,0.8863299489021301,1.1510809659957886,0.8137462735176086,0.7091656923294067,0.6829631328582764,0.5392974615097046,0.4967353045940399,0.5371868014335632,0.3463957905769348,1.5179388523101807,0.5546004176139832,0.35045909881591797,0.6817532181739807,1.2062506675720215,0.23190127313137054,0.016972940415143967
0.8152373433113098,0.9061465859413147,0.9627490639686584,0.270260214805603,0.8208916187286377,1.9957871437072754,1.9795092344284058,4.838011264801025,1.0066035985946655,0.7169209122657776,0.03891347348690033,1.2430920600891113,0.24488641321659088,0.00039999998989515007,1.0971812009811401,2.2755637168884277,0.9585124850273132,2.158582925796509,0.5429527759552002,0.15581713616847992,0.5149039030075073,0.23259206116199493,0.9285877346992493,0.6923945546150208,0.43806183338165283,0.23961839079856873,0.15039724111557007,0.42463594675064087,1.2150893211364746,0.3592468798160553,0.9287290573120117,0.33455929160118103,0.3055832087993622,0.2763683795928955,1.134584903717041,0.9361416101455688,0.5141315460205078,0.9278614521026611,0.8653131723403931,0.25921809673309326,0.7073975205421448,1.410861611366272,0.7869282364845276,0.3756992220878601,1.784631609916687,0.037803683429956436,0.5157845616340637,0.4269479215145111,0.6204756498336792,0.2460414618253708,0.5805503129959106,0.02517480030655861,0.5524635314941406,1.3272935152053833,0.4422815144062042,0.8253193497657776,0.029421722516417503
0.0195588618516922,0.31684213876724243,0.5321802496910095,0.2589915990829468,0.9467999935150146,1.4866912364959717,1.7186254262924194,5.09194803237915,0.3895910084247589,0.19544729590415955,0.4108637571334839,0.43108895421028137,0.3151954710483551,0.00039999998989515007,1.1618387699127197,1.5556204319000244,1.5558512210845947,2.1121249198913574,1.0160496234893799,0.006715747993439436,0.19421015679836273,0.29216498136520386,0.2934274673461914,0.6208405494689941,0.3445966839790344,0.6988261938095093,0.9005771279335022,0.7606508135795593,1.4127651453018188,1.0154609680175781,0.7050341367721558,0.722985029220581,0.27416837215423584,0.14172589778900146,1.1117875576019287,0.5537914037704468,0.4555847942829132,1.4241604804992676,0.8396762609481812,0.1938968300819397,1.1751394271850586,1.1397749185562134,1.4980859756469727,0.7198507189750671,1.552116870880127,0.4583626985549927,0.31408798694610596,0.5442491769790649,0.11277226358652115,0.1725691258907318,1.1272618770599365,0.09921591728925705,0.40435734391212463,1.0603446960449219,1.0439544916152954,0.5820403695106506,0.01999790593981743
0.13157448172569275,0.1515253335237503,0.8518288135528564,0.41079947352409363,0.8352704048156738,1.0601657629013062,1.3924974203109741,5.140657901763916,2.142488718032837,0.19019900262355804,0.37328022718429565,0.671705424785614,0.12043047696352005,0.00039999998989515007,1.518018364906311,2.0203335285186768,0.4912407100200653,1.8430633544921875,1.050903558731079,1.2161436080932617,0.08505639433860779,0.6582556962966919,0.9320427775382996,0.5411380529403687,0.4540880620479584,0.2248646318912506,0.35570448637008667,0.8681674003601074,1.4823479652404785,0.3853508234024048,0.8855498433113098,1.2603029012680054,0.5202869772911072,0.10678409785032272,1.0966933965682983,0.7049597501754761,0.5510787963867188,0.5235694646835327,0.5894357562065125,0.5366111993789673,0.20677651464939117,1.1845136880874634,0.9420720934867859,0.4401353895664215,1.0664629936218262,0.23412756621837616,0.4819760024547577,0.09677260369062424,0.2770319879055023,0.1329270303249359,1.7173422574996948,0.05334807559847832,0.08435450494289398,1.3142024278640747,1.1928935050964355,0.20143777132034302,0.5748603940010071
0.24081069231033325,0.25718387961387634,0.2231757640838623,0.47507792711257935,0.9853560924530029,1.5371211767196655,2.0951156616210938,5.272005081176758,0.8921026587486267,0.17585983872413635,0.598594069480896,0.3465732932090759,0.08723478764295578,0.00039999998989515007,1.1873940229415894,2.056715488433838,1.0190484523773193,1.818498969078064,0.8703746795654297,0.5457156896591187,0.33965370059013367,0.6419205665588379,0.36164870858192444,0.7291117906570435,0.5659498572349548,0.2970525920391083,0.6274787783622742,0.9988431930541992,0.900053858757019,1.2988277673721313,0.6605611443519592,0.5357670187950134,0.859484851360321,0.11169398576021194,0.9038673639297485,0.4748760163784027,0.48867177963256836,1.0950798988342285,0.5345763564109802,0.10003773123025894,0.6855877637863159,1.2588926553726196,0.8309535384178162,0.38485848903656006,1.6455578804016113,0.45647454261779785,0.26902711391448975,0.9483290314674377,0.22642023861408234,0.3651564121246338,1.2950392961502075,0.2003803253173828,0.520767867565155,1.1035839319229126,0.8946502208709717,0.48664557933807373,0.3892260789871216
0.22942662239074707,0.24610474705696106,0.40278729796409607,0.6845159530639648,0.7247265577316284,1.476511836051941,1.444737434387207,4.985654354095459,0.681890606880188,0.1582249253988266,0.658676028251648,0.3507213890552521,0.22080139815807343,0.00039999998989515007,1.00607430934906,1.165773630142212,1.600621223449707,2.0059549808502197,0.9628693461418152,0.4569438695907593,0.024035941809415817,0.7346452474594116,0.17487551271915436,0.6725532412528992,0.2605804204940796,0.7351256608963013,1.0629056692123413,0.6434094905853271,1.392836570739746,1.0525490045547485,1.073521375656128,0.6526662707328796,0.35741105675697327,0.1940932720899582,1.2432421445846558,0.8422712087631226,0.2895694375038147,1.3998818397521973,0.6266615390777588,0.06160261854529381,1.1177304983139038,1.152913212776184,1.603171467781067,0.529298722743988,1.447723627090454,0.5380846858024597,0.38596585392951965,0.6744940280914307,0.14418604969978333,0.016728194430470467,1.6121491193771362,0.39075708389282227,0.5015893578529358,0.7301772236824036,1.1780214309692383,0.4009547531604767,0.026732072234153748
0.06917283684015274,0.5459638237953186,0.5495280623435974,0.6637963056564331,0.8047365546226501,1.550656795501709,1.6139498949050903,4.961955547332764,0.8372653722763062,0.20253925025463104,0.669270932674408,0.546394407749176,0.20376338064670563,0.00039999998989515007,1.1019649505615234,1.468536615371704,1.2587692737579346,1.9953633546829224,1.0174075365066528,0.15188466012477875,0.11283663660287857,0.5181935429573059,0.4082973301410675,0.5855563282966614,0.42603185772895813,0.7050097584724426,0.7431935667991638,0.6656544208526611,1.416280746459961,1.1756117343902588,0.8045490980148315,0.5842593908309937,0.4393236041069031,0.17678482830524445,1.158898115158081,0.7613507509231567,0.29777470231056213,1.5322277545928955,0.6179918050765991,0.1668737679719925,0.9926812052726746,1.3235679864883423,1.4089795351028442,0.6956647634506226,1.28253972530365,0.5521506667137146,0.634362518787384,0.7954164743423462,0.3071141242980957,0.12096701562404633,1.489783763885498,0.4726914167404175,0.30907773971557617,0.8228567838668823,1.1504311561584473,0.5426077246665955,0.1232566311955452
0.16274915635585785,0.3188295364379883,0.15701472759246826,0.6149367094039917,0.7895432114601135,1.1780503988265991,2.044278621673584,4.981179714202881,0.9693531394004822,0.2668502926826477,0.8906111717224121,0.02738087624311447,0.15824396908283234,0.00039999998989515007,1.1557098627090454,1.5759645700454712,0.8462713360786438,1.6657429933547974,1.15752112865448,0.7986942529678345,0.10198403894901276,0.7678398489952087,0.3161099851131439,1.058468222618103,0.2957829236984253,0.3690604567527771,0.7755337953567505,1.1048887968063354,0.9633839130401611,1.3648500442504883,0.9925101399421692,0.28175920248031616,0.9810692071914673,0.4564211964607239,0.6520639657974243,0.6282131671905518,0.41572752594947815,1.2709624767303467,0.6118098497390747,0.27661994099617004,0.9439771771430969,0.8822567462921143,1.167065143585205,0.6948041319847107,1.3602713346481323,0.879417896270752,0.004167509265244007,0.9271891117095947,0.05240217223763466,0.3909611701965332,1.8711342811584473,0.019798770546913147,0.6167165637016296,0.5722125768661499,1.0467522144317627,0.39862194657325745,0.14078845083713531
0.6468890905380249,0.863151490688324,0.47523850202560425,0.033883754163980484,0.6260160207748413,1.942848563194275,2.906690835952759,4.6035075187683105,0.14436320960521698,0.8123188614845276,1.0995254516601562,0.727865993976593,0.04131379723548889,0.00039999998989515007,1.1414040327072144,2.2252557277679443,0.7580329179763794,1.6102226972579956,0.5143714547157288,0.307889461517334,0.2887375056743622,0.2561923563480377,0.42774027585983276,0.9671626687049866,0.623918354511261,0.3044397532939911,0.40831682085990906,0.7349255681037903,0.6198076605796814,0.9675534963607788,0.7529172301292419,0.1848723441362381,0.49954769015312195,0.055903397500514984,0.6745191216468811,0.833857536315918,0.47037962079048157,1.573811411857605,0.09518512338399887,0.4274091422557831,0.6310408115386963,1.6214170455932617,0.5527045726776123,0.8857191801071167,1.2496166229248047,0.12862752377986908,0.8089877367019653,1.207322120666504,0.45325639843940735,0.6951684355735779,1.419281244277954,0.2639491558074951,0.9620059132575989,0.7532013654708862,0.48241761326789856,0.6260071396827698,0.08040229976177216
0.08867232501506805,0.06157379597425461,0.795132040977478,1.044872760772705,0.9005259871482849,1.367762804031372,1.1598443984985352,5.299254417419434,1.1859047412872314,0.028305653482675552,0.7131994366645813,0.36496132612228394,0.16347572207450867,0.00039999998989515007,1.1565134525299072,1.5754013061523438,1.1792360544204712,1.8928203582763672,1.0861855745315552,0.9100797176361084,0.024732565507292747,0.47709739208221436,0.4833584427833557,0.3089185357093811,0.5189729928970337,0.7723211050033569,0.8673185110092163,0.367146372795105,1.6732406616210938,0.7750847339630127,0.7708107233047485,0.9795610308647156,0.4701281189918518,0.28564947843551636,1.235994815826416,0.7157837748527527,0.44101330637931824,1.2070653438568115,0.06176105514168739,0.15411584079265594,0.5572366714477539,1.0826457738876343,0.8113850355148315,0.27725762128829956,1.233949899673462,0.23899532854557037,0.8939772844314575,0.13742749392986298,0.5329340696334839,0.07140358537435532,1.5755916833877563,0.16037996113300323,0.14171157777309418,0.8614325523376465,1.4923940896987915,0.4840151369571686,0.40134796500205994
0.054228462278842926,0.30194270610809326,0.8785991072654724,0.5564658045768738,0.8733893036842346,1.2860910892486572,1.512190580368042,4.999595642089844,0.9140552878379822,0.02085261419415474,0.37779030203819275,0.6191011071205139,0.12016341090202332,0.00039999998989515007,1.1869239807128906,1.618615984916687,1.4177089929580688,2.266429901123047,0.8996544480323792,0.021076561883091927,0.01695011369884014,0.2404133528470993,0.5339339971542358,0.697895348072052,0.5068761110305786,0.7442531585693359,0.77837073802948,0.8514798879623413,1.3907780647277832,0.9750515222549438,0.4567643404006958,0.6084851026535034,0.06200011074542999,0.20770466327667236,1.2068697214126587,0.7336676716804504,0.3802696168422699,1.378088355064392,0.9150088429450989,0.29116421937942505,1.1214498281478882,1.247532606124878,1.431834101676941,0.49861860275268555,1.4830125570297241,0.6729037165641785,0.5348234176635742,0.4924301207065582,0.3241419196128845,0.07227145880460739,1.2000662088394165,0.4689480662345886,0.07699254155158997,1.1626923084259033,0.973603367805481,0.7100508809089661,0.13079380989074707
0.350446879863739,0.13953398168087006,0.5779147148132324,0.5832597613334656,0.5766797661781311,0.9195893406867981,1.4964896440505981,5.0290632247924805,0.10646242648363113,0.692224383354187,0.4729035496711731,0.23810312151908875,0.11051478236913681,0.00039999998989515007,0.9030933380126953,1.8689415454864502,1.1908496618270874,1.8043396472930908,0.7993488311767578,0.6664184331893921,0.4427092969417572,0.4172269105911255,0.27899879217147827,1.1758192777633667,0.04122399166226387,0.8571761250495911,1.1824339628219604,1.0717631578445435,1.2540080547332764,1.1674937009811401,0.40256980061531067,0.8301389217376709,0.4303821921348572,0.3575814962387085,1.1402186155319214,0.8148263096809387,0.37199866771698,1.532313346862793,0.41484618186950684,0.2708047926425934,1.038388729095459,1.5393141508102417,1.0354620218276978,0.4343937337398529,1.2900863885879517,0.7148804664611816,0.3885517120361328,0.9846122860908508,0.04801354557275772,0.35536959767341614,1.5962241888046265,0.0981074869632721,0.31740912795066833,0.697022020816803,1.1036454439163208,0.6162716150283813,0.47814300656318665
0.0152365081012249,0.4805558919906616,0.6433929204940796,0.6425750851631165,0.7434549927711487,1.5013295412063599,1.5999277830123901,5.117498397827148,0.9788979291915894,0.20003435015678406,0.7048295140266418,0.4823497235774994,0.18006426095962524,0.00039999998989515007,1.142844319343567,1.3139969110488892,1.226434350013733,2.095345973968506,1.0061088800430298,0.20449839532375336,0.14024029672145844,0.48898449540138245,0.5345340371131897,0.5671809315681458,0.3731410801410675,0.639235258102417,0.7194643616676331,0.569164514541626,1.4159950017929077,1.038888692855835,0.9753081202507019,0.5736772418022156,0.3311125338077545,0.24228030443191528,1.1445236206054688,0.8971627950668335,0.3700188100337982,1.4738922119140625,0.5816314816474915,0.16402480006217957,1.0123224258422852,1.2502596378326416,1.4437055587768555,0.6592976450920105,1.3031104803085327,0.4885048270225525,0.5182541012763977,0.6274932026863098,0.23330561816692352,0.004948463756591082,1.6231160163879395,0.35710981488227844,0.3079169988632202,0.7327622175216675,1.1601049900054932,0.521274209022522,0.05490977317094803
0.1315220296382904,0.09780427813529968,0.038618896156549454,0.49148598313331604,0.8510345220565796,1.4462279081344604,1.6641995906829834,5.623157501220703,0.23490814864635468,0.23244595527648926,0.4548826813697815,0.06116336211562157,0.07177718728780746,0.00039999998989515007,0.9376372694969177,1.5139678716659546,1.279882788658142,1.7375413179397583,0.9279648661613464,0.5798097848892212,0.5607175230979919,0.5682081580162048,0.10623221099376678,0.8063161373138428,0.18774783611297607,0.5224133133888245,0.9369307160377502,0.6264386773109436,1.0133470296859741,1.38082754611969,0.7725675106048584,0.6527205109596252,0.7330693006515503,0.3753109574317932,1.0421949625015259,0.6845336556434631,0.3864721953868866,1.2091262340545654,0.433383971452713,0.09697983413934708,0.9411719441413879,1.1261848211288452,0.9947150945663452,0.34352943301200867,1.5997467041015625,0.5611429810523987,0.1250929981470108,0.8610623478889465,0.09378799051046371,0.1282782107591629,1.4161345958709717,0.009870031848549843,0.6295639872550964,0.6276699304580688,1.1974273920059204,0.5209155678749084,0.2939446270465851
0.24402257800102234,1.4143296480178833,0.7502002716064453,0.6036062836647034,0.7878747582435608,2.474583864212036,1.8421669006347656,4.622926235198975,1.1258103847503662,0.322343111038208,1.349258303642273,1.0996097326278687,0.15663325786590576,0.00039999998989515007,1.2690863609313965,1.693597435951233,1.0779316425323486,2.406268358230591,0.6314539909362793,0.3979366421699524,0.4249427616596222,0.1445031464099884,0.887487530708313,0.14647990465164185,0.9287679195404053,0.6244444251060486,0.25292831659317017,0.058821726590394974,1.168914794921875,0.6744837164878845,0.7459255456924438,0.29702088236808777,0.20389121770858765,0.5207712650299072,0.896628201007843,0.7665937542915344,0.3178234100341797,1.755334734916687,0.13077929615974426,0.05161166191101074,0.45239144563674927,1.003515601158142,1.0764011144638062,0.695502758026123,0.6356312036514282,0.15064164996147156,1.4708242416381836,0.473514586687088,0.03037182055413723,0.002937614219263196,1.1135765314102173,0.45791158080101013,0.4681292474269867,0.6898672580718994,0.7818896770477295,0.6204470992088318,0.2030573934316635
0.16437067091464996,0.3417688310146332,0.5350747108459473,0.7324842810630798,0.8121619820594788,1.4213515520095825,1.9078651666641235,5.025274753570557,1.2269119024276733,0.042062632739543915,0.6820347309112549,0.644869863986969,0.23547399044036865,0.00039999998989515007,1.0529059171676636,1.7294976711273193,1.363505482673645,2.3755242824554443,0.9019577503204346,0.5300688147544861,0.11807811260223389,0.5685176253318787,0.728515625,0.5076160430908203,0.5669634938240051,0.6461353898048401,0.8202060461044312,0.8044627904891968,1.3089098930358887,0.9027859568595886,0.8387671113014221,0.611549973487854,0.29892948269844055,0.10481864959001541,1.042301058769226,0.4768703877925873,0.3473829925060272,1.2486263513565063,0.6493204236030579,0.03972157835960388,0.7976581454277039,1.207693338394165,1.3762824535369873,0.4507491886615753,1.2849843502044678,0.4324343204498291,0.7000458836555481,0.45339158177375793,0.313202440738678,0.06518803536891937,1.5531500577926636,0.35623207688331604,0.25365856289863586,1.1210074424743652,0.8867675065994263,0.3459981679916382,0.07192575186491013
0.3093862235546112,0.31009411811828613,1.161483645439148,0.12769243121147156,0.7960889935493469,1.5954546928405762,1.4358034133911133,5.263491153717041,0.7392176985740662,0.8400092124938965,0.5738454461097717,0.543204128742218,0.1536806970834732,0.00039999998989515007,1.6660282611846924,1.835504174232483,0.739862859249115,1.5259324312210083,1.2108871936798096,0.2608449459075928,0.4599407911300659,0.2703889310359955,0.5736499428749084,0.2997673451900482,0.225045308470726,0.4828122556209564,0.4833240509033203,0.21113750338554382,1.7562516927719116,0.39544877409935,0.8441039323806763,1.2858896255493164,0.19603218138217926,0.014683455228805542,1.1489707231521606,0.9719120860099792,0.9038515686988831,1.5092259645462036,0.06970854848623276,0.377839595079422,0.741109311580658,1.3325661420822144,0.5897268056869507,0.7693424224853516,1.0280636548995972,0.08485542982816696,0.7077677249908447,0.04083593562245369,0.06096413731575012,0.20156629383563995,1.1421771049499512,0.4846535921096802,0.25913378596305847,0.8653439879417419,1.3871499300003052,0.8138585090637207,0.43394434452056885
0.04019543156027794,0.5871621370315552,0.8003671169281006,0.3515811562538147,0.9878054857254028,1.5945971012115479,1.2727917432785034,5.158370018005371,1.1373350620269775,0.30696019530296326,0.26547425985336304,0.5481191873550415,0.16809356212615967,0.00039999998989515007,1.2291948795318604,1.5447074174880981,1.0552722215652466,1.7882294654846191,0.9540236592292786,0.026839377358555794,0.07728548347949982,0.5656668543815613,0.5808063745498657,0.5613391995429993,0.33394116163253784,0.506182849407196,0.49354124069213867,0.549688994884491,1.5653102397918701,1.067444086074829,0.9133301377296448,0.6266870498657227,0.3293842077255249,0.47754809260368347,1.2512975931167603,0.9409908652305603,0.5096467733383179,1.2284520864486694,0.8531388640403748,0.0010480020428076386,0.8770679235458374,1.2925232648849487,1.393997311592102,0.5740886926651001,1.6187511682510376,0.3772006332874298,0.21401701867580414,0.6580114364624023,0.11438032239675522,0.22698570787906647,1.3400816917419434,0.3229542374610901,0.18269045650959015,0.836830198764801,1.3143707513809204,0.6239463686943054,0.17751841247081757
0.03349835053086281,0.06172989308834076,0.22081081569194794,0.6350610256195068,0.804654598236084,1.2552598714828491,1.9663925170898438,5.341696262359619,0.9815050363540649,0.21772365272045135,0.6700969338417053,0.16809868812561035,0.1503642052412033,0.00039999998989515007,1.2034560441970825,1.8620072603225708,1.107397437095642,1.9404650926589966,1.0396589040756226,0.7142486572265625,0.30428171157836914,0.5959670543670654,0.37628087401390076,0.8376902341842651,0.3543388545513153,0.44583451747894287,0.8350397944450378,1.0309431552886963,0.9753033518791199,1.1791776418685913,0.785553514957428,0.6095538139343262,0.7555813193321228,0.2433275282382965,0.8578219413757324,0.5625416040420532,0.4896578788757324,1.2124462127685547,0.5131906867027283,0.016803447157144547,0.8529453873634338,1.1308685541152954,1.0368497371673584,0.4417497515678406,1.4420360326766968,0.6030454635620117,0.17972610890865326,0.7471488118171692,0.17133046686649323,0.3291592001914978,1.5395147800445557,0.10920023918151855,0.5031701326370239,0.9166380167007446,0.9684184193611145,0.4810636639595032,0.3099231719970703
0.04456232115626335,0.41227445006370544,0.643169105052948,0.6813768148422241,0.7778488993644714,1.582293152809143,1.5628412961959839,5.165956020355225,0.9863966703414917,0.1451796442270279,0.5040808320045471,0.6387764811515808,0.12692853808403015,0.00039999998989515007,0.9930940866470337,1.5756425857543945,1.4241912364959717,2.081751585006714,0.939130425453186,0.28623640537261963,0.05939888209104538,0.5259464383125305,0.47837895154953003,0.537398099899292,0.40573498606681824,0.7155950665473938,0.7913598418235779,0.5318101644515991,1.550652027130127,0.9605448246002197,0.9332972168922424,0.5551537871360779,0.2138616442680359,0.11901690065860748,1.2621387243270874,0.7399667501449585,0.2922341525554657,1.3370312452316284,0.5915229916572571,0.06221337616443634,0.9216716885566711,1.2075086832046509,1.430389642715454,0.4130801260471344,1.4451533555984497,0.48763030767440796,0.566530168056488,0.4824826717376709,0.1901034265756607,0.1750044822692871,1.454563021659851,0.4481937885284424,0.30024731159210205,0.9154676795005798,1.1173611879348755,0.4605140686035156,0.06858406215906143
0.26270121335983276,1.007328748703003,0.1757158637046814,0.7076165676116943,0.8662324547767639,1.5590112209320068,1.3023470640182495,4.8340163230896,1.3991856575012207,0.8291116952896118,0.3274822533130646,0.7249282002449036,0.4555726945400238,0.00039999998989515007,0.5341467261314392,0.7550703883171082,1.4097907543182373,2.086574077606201,0.942757785320282,0.2510795295238495,0.6204237341880798,0.9248449802398682,0.7949830293655396,0.2305658757686615,0.582304835319519,0.5069650411605835,0.4109801650047302,0.09374746680259705,1.1706138849258423,1.448155164718628,0.953471839427948,0.08753595501184464,0.5362728834152222,0.5345628261566162,1.209829568862915,0.317599356174469,0.3070105314254761,0.8657942414283752,1.3383930921554565,0.0815499871969223,0.7380446195602417,0.8992205858230591,1.9896934032440186,0.5080780982971191,0.9772307276725769,0.8740692734718323,0.022867033258080482,0.5188231468200684,0.8548905253410339,0.8213052153587341,1.3585474491119385,1.1686742305755615,0.04484033212065697,0.5491272211074829,1.0314189195632935,0.08651940524578094,0.004864465910941362
0.10793486982584,0.37802451848983765,0.6033526659011841,0.9088402986526489,0.8820637464523315,1.2149882316589355,1.6458622217178345,4.744452476501465,1.5144213438034058,0.17230701446533203,0.9560863375663757,0.62677401304245,0.2249561995267868,0.00039999998989515007,1.3310202360153198,2.077540159225464,1.4769445657730103,2.27785062789917,0.990331768989563,0.6726512908935547,0.23305895924568176,0.6615769267082214,0.6874926090240479,0.6079837679862976,0.6376654505729675,0.7859184145927429,1.0264662504196167,1.197074055671692,1.2556376457214355,0.764478862285614,0.6529329419136047,0.3590781092643738,0.38069888949394226,0.37054887413978577,0.7795177698135376,0.3407648503780365,0.4939207434654236,1.4128408432006836,0.6111286878585815,0.12395302951335907,0.6454773545265198,0.8413874506950378,1.3049694299697876,0.4702080488204956,1.1742340326309204,0.5627864599227905,0.9225093126296997,0.4050770103931427,0.1890869438648224,0.43011799454689026,1.3887053728103638,0.39746662974357605,0.38956546783447266,1.1761223077774048,0.8411980867385864,0.40230435132980347,0.168961301445961
0.03092927113175392,0.6243743300437927,0.5770009756088257,0.43997490406036377,0.9730665683746338,1.4542632102966309,1.6030970811843872,4.819896697998047,1.581740140914917,0.04767894372344017,0.6460195183753967,0.7918434739112854,0.3210412263870239,0.00039999998989515007,1.4406338930130005,1.9003612995147705,1.3948493003845215,2.17236590385437,1.0474299192428589,0.3241361975669861,0.0057016583159565926,0.6452890634536743,0.8233964443206787,0.5324428677558899,0.5159460306167603,0.5627934336662292,0.7385344505310059,0.8995519280433655,1.4186840057373047,0.7083576917648315,0.9882933497428894,0.42866402864456177,0.16769814491271973,0.10056071728467941,1.060957670211792,0.574466347694397,0.5302093029022217,1.2020143270492554,0.8646392822265625,0.09107296913862228,0.7690706849098206,0.9160031676292419,1.682075023651123,0.570397138595581,1.3668885231018066,0.49674004316329956,0.4203193783760071,0.24935024976730347,0.014068477787077427,0.06001473218202591,1.3811615705490112,0.3228045105934143,0.3187590539455414,1.1524542570114136,0.9301521182060242,0.43496498465538025,0.09205394238233566
0.2075042724609375,0.4511259198188782,0.6262997984886169,0.8302479386329651,0.9211464524269104,1.2980496883392334,1.7857136726379395,4.342456340789795,1.4552289247512817,0.12858371436595917,0.5947321653366089,0.9432896971702576,0.43301087617874146,0.00039999998989515007,1.028315544128418,2.078321695327759,1.6118621826171875,2.4603993892669678,0.8785226941108704,0.3943939208984375,0.12584470212459564,0.647320032119751,0.9333897829055786,0.47885972261428833,0.676186203956604,0.8459411859512329,0.9739081859588623,1.0561532974243164,1.416839599609375,0.760979950428009,0.655698299407959,0.5168581008911133,0.052611079066991806,0.2788901627063751,1.0399348735809326,0.19880139827728271,0.37005695700645447,1.2643908262252808,0.8943073749542236,0.11566264182329178,0.7816390991210938,1.190930962562561,1.560030460357666,0.37621551752090454,1.2917022705078125,0.43828386068344116,0.945001482963562,0.4013727605342865,0.2729947865009308,0.013094906695187092,1.2594943046569824,0.5043795704841614,0.1168505921959877,1.3865725994110107,0.6917788982391357,0.4316979944705963,0.041307348757982254
0.2444821000099182,0.4424080550670624,0.0858541950583458,0.9439831376075745,0.5784736275672913,1.4591691493988037,1.5632754564285278,4.568253040313721,0.8216529488563538,0.4718799591064453,0.3362654745578766,0.8607007265090942,0.5242061018943787,0.00039999998989515007,0.3652629256248474,1.078265905380249,2.183607578277588,2.3713748455047607,0.8257712721824646,0.13459521532058716,0.4762691855430603,0.7203536629676819,0.4148399531841278,0.07110780477523804,0.464531272649765,0.9272133111953735,1.1116212606430054,0.5034558176994324,1.476960301399231,1.0252490043640137,0.9186778664588928,0.49418219923973083,0.08155766129493713,0.1704128384590149,1.3462669849395752,0.07456260919570923,0.2775220572948456,1.104055643081665,0.9841704368591309,0.2874530851840973,1.0475407838821411,1.040251612663269,2.1358895301818848,0.2649531364440918,1.1563904285430908,0.6745508909225464,0.6871123909950256,0.3077097237110138,0.6221234202384949,0.42411401867866516,1.2270630598068237,1.100056767463684,0.2184724360704422,1.1119025945663452,0.7140735387802124,0.010112203657627106,0.1990596354007721
0.11554422229528427,0.6840380430221558,0.2715010643005371,0.6274227499961853,0.9193210601806641,1.7634919881820679,1.109411597251892,5.192242622375488,1.1522517204284668,0.5019833445549011,0.0634809210896492,0.6894087195396423,0.44601625204086304,0.00039999998989515007,0.7952368855476379,1.096709966659546,1.7962039709091187,1.8624228239059448,1.0427623987197876,0.3614881932735443,0.16930420696735382,0.7862086296081543,0.5068860054016113,0.37223803997039795,0.47724485397338867,0.4988265037536621,0.5366377234458923,0.21874265372753143,1.2031067609786987,1.3416004180908203,0.9010905027389526,0.5252953767776489,0.6514912843704224,0.302825391292572,1.3891990184783936,0.27631109952926636,0.11511507630348206,0.8738518953323364,1.0494039058685303,0.5038788318634033,0.7721817493438721,1.0411609411239624,1.76412832736969,0.3562270998954773,1.4056166410446167,0.48346734046936035,0.12985646724700928,0.4745604991912842,0.9235605001449585,0.4555525779724121,0.6807240843772888,1.2472087144851685,0.3333083987236023,1.00046968460083,0.9934835433959961,0.27559763193130493,0.23886807262897491
0.21492458879947662,0.373279333114624,0.5516775250434875,0.1893755942583084,0.915029764175415,1.6762490272521973,1.8786269426345825,5.230386734008789,0.8670259714126587,0.30020076036453247,0.20613431930541992,0.6666717529296875,0.11531728506088257,0.00039999998989515007,1.0978569984436035,1.8001315593719482,1.214633822441101,1.8971021175384521,0.8926811814308167,0.22401998937129974,0.1667238175868988,0.565672755241394,0.6068167090415955,0.5103815197944641,0.3826019763946533,0.4434458613395691,0.5848007798194885,0.5408593416213989,1.4177732467651367,0.8715456128120422,0.9431814551353455,0.8225110173225403,0.4160451292991638,0.3116779029369354,1.3901171684265137,0.6759846806526184,0.34300410747528076,0.975450336933136,0.8728571534156799,0.014907114207744598,0.8864946961402893,1.3489314317703247,1.3360404968261719,0.5602303743362427,1.6770806312561035,0.22645047307014465,0.25364696979522705,0.3570418059825897,0.1963721662759781,0.290021687746048,1.2847265005111694,0.22972868382930756,0.29102763533592224,1.0445314645767212,1.1219899654388428,0.3478447496891022,0.22165757417678833
0.3043207824230194,0.13970476388931274,0.7680226564407349,0.6102118492126465,0.9025742411613464,0.859477698802948,1.8325129747390747,4.475264549255371,1.130357265472412,0.4742638170719147,0.21408669650554657,0.20968160033226013,0.4044148921966553,0.00039999998989515007,1.073349952697754,1.9148699045181274,1.2329416275024414,1.9276643991470337,0.8927397727966309,0.5273956060409546,0.3363284170627594,0.6288313269615173,0.6893581748008728,1.1490768194198608,0.3580557107925415,0.5905640125274658,0.9804820418357849,1.495121717453003,1.1636784076690674,1.049616813659668,0.6127926707267761,0.8543211817741394,0.3735581040382385,0.31651541590690613,0.8236145377159119,0.547843337059021,0.6907536387443542,1.11298668384552,1.0859917402267456,0.1429588943719864,1.146022081375122,1.4043383598327637,1.2416640520095825,0.3780725598335266,1.8667285442352295,0.4907585382461548,0.22522085905075073,0.9159618020057678,0.06863270699977875,0.3584195673465729,1.3645261526107788,0.019390791654586792,0.17738063633441925,1.28255295753479,0.8086819052696228,0.7129457592964172,0.09133253246545792
0.02460055612027645,0.3288741707801819,0.4385080933570862,0.7524994015693665,0.8389067053794861,1.526918888092041,1.6571176052093506,5.193499565124512,1.2480459213256836,0.02168014459311962,0.6215153336524963,0.5199541449546814,0.18110239505767822,0.00039999998989515007,1.17915940284729,1.638175368309021,1.4071766138076782,2.013828754425049,1.0739684104919434,0.41468554735183716,0.024845579639077187,0.5985761880874634,0.6350309252738953,0.43038758635520935,0.4980022609233856,0.6384087800979614,0.78216552734375,0.6464018821716309,1.3505456447601318,0.963469386100769,0.9182946681976318,0.6611930131912231,0.4478263556957245,0.09478701651096344,1.154257893562317,0.651917576789856,0.3593490421772003,1.281086802482605,0.5928098559379578,0.05366368219256401,0.8479743599891663,1.178741455078125,1.353318691253662,0.47494080662727356,1.3861135244369507,0.46252724528312683,0.5119238495826721,0.4603709280490875,0.3922184109687805,0.0006083998014219105,1.4291037321090698,0.4468899071216583,0.3463444411754608,0.9828628897666931,1.1016871929168701,0.4650139808654785,0.1904570311307907
0.05358804017305374,0.4058806300163269,0.5672429800033569,0.6811528205871582,0.7738903164863586,1.5236377716064453,1.6359201669692993,5.154171943664551,1.146907091140747,0.12789399921894073,0.5498644709587097,0.5862502455711365,0.1858188807964325,0.00039999998989515007,1.1175520420074463,1.633076548576355,1.4031091928482056,1.9881614446640015,1.042113184928894,0.3235434591770172,0.07586652785539627,0.5434347987174988,0.5412364602088928,0.5332218408584595,0.4232962429523468,0.6735475659370422,0.774787962436676,0.6656821370124817,1.4888980388641357,0.9431740641593933,0.9367590546607971,0.6055806875228882,0.33926960825920105,0.13918611407279968,1.1832749843597412,0.6856328845024109,0.3264235258102417,1.3270787000656128,0.6287633776664734,0.04635274037718773,0.9168382883071899,1.1694608926773071,1.4695757627487183,0.501433789730072,1.4020973443984985,0.5226477980613708,0.5275854468345642,0.4586038887500763,0.2509182393550873,0.04070589318871498,1.44841468334198,0.46579495072364807,0.31877562403678894,0.9732810258865356,1.1000477075576782,0.42911556363105774,0.10987072438001633
0.22738374769687653,0.08160325139760971,0.4743116796016693,0.5063399076461792,0.5943390130996704,1.1761415004730225,1.6538159847259521,5.12026834487915,0.626632571220398,0.4987446069717407,0.38811707496643066,0.3388879895210266,0.10225261002779007,0.00039999998989515007,1.0255694389343262,1.8894833326339722,1.27621591091156,1.843553066253662,0.7622909545898438,0.6931974291801453,0.4828759431838989,0.6267301440238953,0.03322400152683258,1.1605408191680908,0.12937304377555847,0.600170373916626,1.0611344575881958,1.0748234987258911,1.1736572980880737,1.0196536779403687,0.70964515209198,0.7610665559768677,0.3256789445877075,0.4549870193004608,1.24213445186615,0.8437570929527283,0.4075438678264618,1.220149040222168,0.6123088002204895,0.039762891829013824,1.0487920045852661,1.4480297565460205,1.2836952209472656,0.2488800585269928,1.5201927423477173,0.6857807040214539,0.13101106882095337,0.8283849358558655,0.09537723660469055,0.04026808217167854,1.5803420543670654,0.25327223539352417,0.3563727140426636,0.9082414507865906,0.9797669649124146,0.4617830514907837,0.38307860493659973
0.1754698008298874,0.4130783975124359,0.5781364440917969,0.6078029870986938,0.8779958486557007,1.4048572778701782,1.4871693849563599,5.290538311004639,1.0333209037780762,0.04969778284430504,0.5316650867462158,0.4786851108074188,0.21429020166397095,0.00039999998989515007,1.2622686624526978,1.5819971561431885,1.3752574920654297,1.839640498161316,1.1608872413635254,0.0696873813867569,0.009696433320641518,0.3489658832550049,0.45780959725379944,0.43128255009651184,0.4236076772212982,0.636734664440155,0.7421935200691223,0.6744849681854248,1.485155463218689,1.0860487222671509,0.7629647254943848,0.5472754240036011,0.43355292081832886,0.29469072818756104,1.1570258140563965,0.6633166074752808,0.4233786165714264,1.429645299911499,0.6547132730484009,0.22423920035362244,1.0139747858047485,1.0532052516937256,1.4367344379425049,0.5415672063827515,1.4204686880111694,0.7059251666069031,0.27560243010520935,0.4629417061805725,0.3456765115261078,0.05066431313753128,1.3067171573638916,0.4576663076877594,0.2417900413274765,0.8980696201324463,1.1906205415725708,0.5590560436248779,0.2466696947813034
0.5597584247589111,0.7855575084686279,0.6999220848083496,0.5184352993965149,0.6610916256904602,2.2981374263763428,2.464246988296509,5.027888298034668,0.6531105041503906,0.42618998885154724,0.917106568813324,0.8059861063957214,0.13762149214744568,0.00039999998989515007,1.015525460243225,1.9917490482330322,1.0496987104415894,1.9422158002853394,0.7673562169075012,0.07830655574798584,0.026382554322481155,0.049798935651779175,0.7326185703277588,0.4444045424461365,0.6947788000106812,0.5950559973716736,0.3616951107978821,0.0748695433139801,1.292995810508728,0.7543203830718994,0.876088559627533,0.36350399255752563,0.12127624452114105,0.3324882984161377,0.9961815476417542,0.7447330355644226,0.35158392786979675,1.5906522274017334,0.0805409699678421,0.17000873386859894,0.6469536423683167,1.4623340368270874,0.7262287139892578,0.6076475381851196,1.144606113433838,0.011545814573764801,1.2030279636383057,0.5683638453483582,0.018283147364854813,0.14048950374126434,1.2681255340576172,0.055088724941015244,0.5716217756271362,0.8631930351257324,0.8576905131340027,0.6069043278694153,0.10171304643154144
0.25627413392066956,0.5982223749160767,0.42385998368263245,0.4201112985610962,1.09196138381958,1.5783284902572632,1.5723916292190552,5.272829532623291,1.2368745803833008,0.23754924535751343,0.23960842192173004,0.5290334820747375,0.3171738386154175,0.00039999998989515007,1.2460864782333374,1.9090007543563843,1.013807773590088,1.709873914718628,1.183436632156372,0.11256778240203857,0.17578183114528656,0.4451847970485687,0.7693060636520386,0.2617283761501312,0.48081791400909424,0.481940895318985,0.36203232407569885,0.6259765028953552,1.4040651321411133,1.2135764360427856,0.6962471008300781,0.7040254473686218,0.6994704604148865,0.36537808179855347,1.067908525466919,0.5220457911491394,0.4725824296474457,1.20452880859375,0.7918722629547119,0.060390014201402664,0.7200646996498108,1.3221694231033325,1.1570945978164673,0.6658722162246704,1.5233190059661865,0.3169628977775574,0.2950979769229889,0.6530237197875977,0.4632719159126282,0.03392782807350159,1.0141452550888062,0.3687798082828522,0.18954625725746155,1.027194619178772,1.1967947483062744,0.6595533490180969,0.34645751118659973
0.06494243443012238,0.44921478629112244,0.6266880035400391,0.6679299473762512,0.7513351440429688,1.5937696695327759,1.6361838579177856,5.20451021194458,1.0838072299957275,0.15864022076129913,0.5420265793800354,0.600770890712738,0.13939152657985687,0.00039999998989515007,1.0784920454025269,1.6299939155578613,1.3682725429534912,1.9550327062606812,0.9947893619537354,0.27208763360977173,0.0980922132730484,0.5082989931106567,0.5036192536354065,0.5523163080215454,0.42786088585853577,0.6722066402435303,0.743236243724823,0.6105135679244995,1.5213005542755127,0.9537656903266907,0.923961877822876,0.5637546181678772,0.30507221817970276,0.13519544899463654,1.200121283531189,0.724483072757721,0.31077104806900024,1.3516267538070679,0.5941938757896423,0.04793707653880119,0.9171143770217896,1.1954271793365479,1.4408955574035645,0.4873690605163574,1.4146127700805664,0.5157839059829712,0.5567668676376343,0.4914645254611969,0.22364172339439392,0.07511425763368607,1.449198842048645,0.4813685417175293,0.30682095885276794,0.9381521344184875,1.1156716346740723,0.41872072219848633,0.09552986919879913
0.1899486482143402,0.006557198241353035,0.46751680970191956,0.7063385844230652,0.6791032552719116,1.2791802883148193,2.115248918533325,4.995448112487793,1.0502479076385498,0.3845199644565582,0.4656686782836914,0.43089747428894043,0.20673352479934692,0.00039999998989515007,0.8617517352104187,1.9886250495910645,1.3490464687347412,1.979654312133789,0.8393677473068237,0.9061471819877625,0.1708684116601944,0.7622089982032776,0.4741719663143158,0.9264113903045654,0.3578151762485504,0.5514258146286011,1.0030301809310913,1.1302118301391602,1.2409476041793823,0.9175270199775696,0.9673600196838379,0.7112632989883423,0.4688816964626312,7.096939953044057e-05,0.9795430898666382,0.4331122934818268,0.3959675431251526,1.0403701066970825,0.6357417106628418,0.025284968316555023,0.8886385560035706,1.2509980201721191,1.2204331159591675,0.23595286905765533,1.680912971496582,0.4133787453174591,0.46737417578697205,0.6482415199279785,0.0005154288373887539,0.1441068798303604,1.545947551727295,0.20043514668941498,0.45203936100006104,1.1863853931427002,0.7829532027244568,0.23681201040744781,0.10271506011486053
0.12948372960090637,0.36591991782188416,0.6985084414482117,0.954878032207489,0.9082759618759155,1.1851564645767212,1.7685573101043701,4.5192670822143555,1.549425482749939,0.07622913271188736,0.7044028639793396,0.7351670861244202,0.38986316323280334,0.00039999998989515007,1.0851781368255615,2.0922327041625977,1.5025639533996582,2.2920169830322266,1.055083990097046,0.5381181836128235,0.22103522717952728,0.5782659649848938,0.9245885014533997,0.5044834017753601,0.6494512557983398,0.848798930644989,0.9919602870941162,1.134382963180542,1.5188367366790771,0.7500991225242615,0.6935749053955078,0.49553942680358887,0.2433563768863678,0.3770992159843445,0.8449559211730957,0.1204352080821991,0.44609305262565613,1.3074626922607422,0.7435154914855957,0.11753086000680923,0.7563987374305725,0.9554409980773926,1.4351657629013062,0.4345029890537262,1.3000555038452148,0.45625343918800354,0.9951525926589966,0.2964688241481781,0.26320111751556396,0.2161678522825241,1.3024910688400269,0.37833186984062195,0.15779995918273926,1.3292453289031982,0.7952167391777039,0.3809649348258972,0.03163059800863266
0.07090669870376587,0.06947056949138641,0.29329630732536316,0.9374626278877258,0.8068216443061829,1.4910000562667847,1.7218925952911377,5.0353522300720215,1.0041474103927612,0.11902770400047302,0.5006337761878967,0.6697731614112854,0.08729705214500427,0.00039999998989515007,0.7444450855255127,2.2723724842071533,1.685662031173706,2.1822757720947266,0.8268623948097229,0.9133488535881042,0.3134329319000244,0.8147110342979431,0.40234386920928955,0.6519824862480164,0.45970892906188965,0.8618870377540588,1.1814316511154175,0.8530606627464294,1.3292913436889648,0.832068920135498,0.7712536454200745,0.5467508435249329,0.2915191352367401,0.29223060607910156,1.1235673427581787,0.24973315000534058,0.2631300389766693,1.1327482461929321,0.4875081777572632,0.2102908343076706,0.6569072604179382,1.1568986177444458,1.0656824111938477,0.010453462600708008,1.5454766750335693,0.3581957221031189,0.8098404407501221,0.4871889054775238,0.05450917035341263,0.025327498093247414,1.1722912788391113,0.3642542362213135,0.509602427482605,1.1983047723770142,0.8075206875801086,0.3829883933067322,0.22059252858161926
0.36335209012031555,0.693973958492279,0.6543303728103638,0.6000802516937256,0.7321068644523621,1.4559446573257446,1.5548888444900513,5.197194576263428,1.3457468748092651,0.03922290354967117,0.6334000825881958,0.5338099002838135,0.11473163217306137,0.00039999998989515007,1.1590896844863892,1.4606609344482422,1.1372689008712769,1.8506020307540894,1.0499272346496582,0.2241799533367157,0.32309114933013916,0.5863780379295349,0.5011299848556519,0.7124853730201721,0.39991819858551025,0.5467554330825806,0.6094488501548767,0.7320861220359802,1.4897689819335938,1.0481593608856201,0.970173180103302,0.21148891746997833,0.37647897005081177,0.37980255484580994,1.0278414487838745,0.7547261118888855,0.26615384221076965,1.2964730262756348,0.8331185579299927,0.021708589047193527,0.9194868803024292,0.8589006662368774,1.6722161769866943,0.5963624119758606,1.2827644348144531,0.8930050730705261,0.24465948343276978,0.4893922507762909,0.0787399634718895,0.1471119225025177,1.6626018285751343,0.5441839694976807,0.2531450092792511,0.7460363507270813,1.1523395776748657,0.2908341884613037,0.01649278774857521
0.1548910290002823,0.384971022605896,0.5975346565246582,0.7450520992279053,0.7331214547157288,1.5109517574310303,1.9871313571929932,4.909073829650879,1.392534852027893,0.003229097230359912,0.6614021062850952,0.7564818263053894,0.19596567749977112,0.00039999998989515007,1.0483176708221436,1.904200792312622,1.435478925704956,2.1967384815216064,0.8621112704277039,0.6153980493545532,0.17071639001369476,0.6559146046638489,0.7643651962280273,0.5800699591636658,0.6026455760002136,0.6497071981430054,0.840849757194519,0.8879144787788391,1.3604726791381836,0.7521758675575256,0.8990421295166016,0.6009253263473511,0.23732110857963562,0.1960020661354065,1.0543662309646606,0.4401789605617523,0.32003629207611084,1.1840248107910156,0.674016535282135,0.005908540915697813,0.7544016242027283,1.2054202556610107,1.4359568357467651,0.39224132895469666,1.3366668224334717,0.40698620676994324,0.7943738102912903,0.4029378592967987,0.21534767746925354,0.0378773957490921,1.5001060962677002,0.4488486051559448,0.2929569482803345,1.2392159700393677,0.8116138577461243,0.2185768485069275,0.04808175563812256
0.2758876383304596,0.3014456033706665,0.6818651556968689,1.0997004508972168,1.1368905305862427,1.6343713998794556,1.6799029111862183,4.895327568054199,0.5059123039245605,0.2702155113220215,0.394418329000473,1.0754348039627075,0.35914531350135803,0.00039999998989515007,0.37566980719566345,1.76630437374115,1.3319429159164429,2.2287368774414062,0.8398923873901367,0.06274627894163132,0.12059549987316132,0.23633088171482086,0.8023070096969604,0.1750151515007019,0.8294574618339539,1.065435767173767,0.7152857184410095,0.008133312687277794,1.6288484334945679,0.9951798915863037,0.3410143256187439,0.5976861119270325,0.2459356188774109,0.527948796749115,1.492266297340393,0.4498633146286011,0.05170491710305214,1.517917513847351,0.40611883997917175,0.07970650494098663,0.7412115335464478,1.046678900718689,0.867405891418457,0.38294366002082825,1.4069043397903442,0.13473471999168396,1.1439094543457031,0.2801693379878998,0.7591712474822998,0.6351052522659302,0.8856104612350464,0.49291205406188965,0.06215081736445427,0.734534502029419,1.2027885913848877,0.2150888442993164,0.3184475600719452
0.014673801138997078,0.3976154625415802,0.580051839351654,0.734355628490448,0.7758715748786926,1.620038628578186,1.7189877033233643,5.189239501953125,1.1667755842208862,0.08718570321798325,0.6047632098197937,0.6047379970550537,0.12140113115310669,0.00039999998989515007,1.0838024616241455,1.6816881895065308,1.4264216423034668,1.946570634841919,0.982458770275116,0.3824700117111206,0.09043972939252853,0.5638428330421448,0.5862891674041748,0.5072788000106812,0.5150972604751587,0.6690499782562256,0.7779804468154907,0.6228778958320618,1.4470195770263672,0.9236202239990234,0.9275062680244446,0.588533341884613,0.3352400064468384,0.027282707393169403,1.1786110401153564,0.6677936911582947,0.319109171628952,1.3081728219985962,0.567681610584259,0.07454656809568405,0.8617111444473267,1.2005257606506348,1.3777515888214111,0.4365268647670746,1.4385361671447754,0.4569331109523773,0.6123383641242981,0.4721825122833252,0.27783340215682983,0.060821935534477234,1.4374867677688599,0.4705784320831299,0.33879223465919495,0.9940063953399658,1.0729494094848633,0.39216646552085876,0.11816564202308655
0.4383655786514282,0.5976016521453857,0.6022963523864746,0.22659900784492493,0.6001184582710266,2.4098503589630127,2.093545436859131,4.926082134246826,0.4154762923717499,0.46349331736564636,0.7897292375564575,0.569145679473877,0.00789023656398058,0.00039999998989515007,0.9989163279533386,1.136496663093567,1.5252817869186401,1.7587779760360718,0.5849396586418152,0.11563598364591599,0.11234064400196075,0.48227593302726746,0.5036312937736511,0.5567253232002258,0.44024911522865295,0.4775892198085785,0.6501083374023438,0.09770867973566055,1.2425919771194458,0.6358754634857178,1.495863437652588,0.5304444432258606,0.10501346737146378,0.02214752696454525,1.307258129119873,1.2446074485778809,0.40800562500953674,1.39469313621521,0.2377605140209198,0.07229568809270859,1.0138949155807495,1.4284355640411377,1.331900954246521,0.5690001845359802,1.5970267057418823,0.16402660310268402,0.5581303238868713,0.5982310175895691,0.27039384841918945,0.2963354289531708,1.5003453493118286,0.012187320739030838,0.8432236909866333,0.6010636687278748,1.0021741390228271,0.4597269296646118,0.34158506989479065
0.5336984992027283,0.3349185585975647,0.400500625371933,0.3254554271697998,0.7017273902893066,1.8854459524154663,0.8861613273620605,5.591766834259033,0.5460057258605957,0.06552423536777496,0.08406674861907959,0.11461849510669708,0.029637543484568596,0.00039999998989515007,1.014838457107544,0.8365660309791565,1.3093478679656982,1.2998731136322021,0.8001506328582764,0.010756227187812328,0.10709358006715775,0.7537945508956909,0.22536268830299377,0.5435676574707031,0.13440953195095062,0.4693748950958252,0.6127389669418335,0.3432416021823883,1.4610649347305298,1.283033013343811,0.9322593212127686,0.9008873701095581,0.6360065340995789,0.4299272894859314,1.3690341711044312,0.9944614768028259,0.1943400800228119,1.1170196533203125,0.8247259855270386,0.05593835934996605,0.9224691987037659,1.2194162607192993,1.595985770225525,0.5373679399490356,1.465177297592163,0.4640304446220398,0.02373286336660385,0.856986939907074,0.3600957691669464,0.1305237114429474,1.3047065734863281,0.6738255023956299,0.3570305407047272,0.6496003866195679,1.5900007486343384,0.11426851898431778,0.1672673523426056
0.03309467434883118,0.4064747393131256,0.5512443780899048,0.6268134117126465,0.7611446976661682,1.5755075216293335,1.7730203866958618,5.19605827331543,1.3923051357269287,0.02247305028140545,0.6317110657691956,0.6410126090049744,0.13836568593978882,0.00039999998989515007,1.203890085220337,1.6675221920013428,1.3895611763000488,1.947929859161377,0.9696974754333496,0.4769682288169861,0.10541878640651703,0.6311702728271484,0.6775624752044678,0.5087534189224243,0.533881664276123,0.530153751373291,0.7289597988128662,0.7029829621315002,1.3600645065307617,0.8134936094284058,1.038027048110962,0.6014848351478577,0.33154717087745667,0.0846347063779831,1.1752663850784302,0.7078545093536377,0.35785359144210815,1.167047142982483,0.6436888575553894,0.0756341889500618,0.8252685070037842,1.1302436590194702,1.4835903644561768,0.43815451860427856,1.4459402561187744,0.4625660479068756,0.47241199016571045,0.3593350946903229,0.23552030324935913,0.09028198570013046,1.5148953199386597,0.4770018756389618,0.3549317419528961,1.0580806732177734,1.0014817714691162,0.2860111594200134,0.1390039473772049
0.057648465037345886,0.37899455428123474,0.6477112770080566,0.7575231194496155,0.7255706787109375,1.6500335931777954,1.6378813982009888,5.227140426635742,1.3235770463943481,0.05730242282152176,0.6790934801101685,0.6028010249137878,0.02021847851574421,0.00039999998989515007,1.109788417816162,1.5924731492996216,1.4517253637313843,1.8959521055221558,0.9651182889938354,0.5535669922828674,0.15962521731853485,0.6614996194839478,0.5769624710083008,0.5532557964324951,0.49022820591926575,0.599198579788208,0.8148599863052368,0.6100630760192871,1.4873995780944824,0.7720977663993835,1.142014503479004,0.48203399777412415,0.2837826907634735,0.03292244300246239,1.1672143936157227,0.7594566345214844,0.3406708836555481,1.213330864906311,0.5021119117736816,0.1526276171207428,0.8390383720397949,0.9664707779884338,1.4253361225128174,0.3422508239746094,1.531095266342163,0.44007864594459534,0.5836662650108337,0.319317489862442,0.11044060438871384,0.1222744882106781,1.510068416595459,0.4604155421257019,0.4604291617870331,0.961142897605896,1.0630472898483276,0.27763980627059937,0.045588403940200806
0.04161430522799492,0.3677368760108948,0.47562533617019653,0.4673180878162384,0.7661612033843994,1.8599032163619995,1.6186511516571045,5.425872802734375,1.0578720569610596,0.06409459561109543,0.478764146566391,0.5377042293548584,0.024463867768645287,0.00039999998989515007,1.1233367919921875,1.5522297620773315,1.4497507810592651,1.8385659456253052,0.822005569934845,0.4376358091831207,0.053378019481897354,0.7892178893089294,0.40526312589645386,0.5323219299316406,0.41719311475753784,0.47925087809562683,0.7653807997703552,0.5810174942016602,1.3609331846237183,0.8445863127708435,1.1110478639602661,0.6720497012138367,0.4213830232620239,0.02302510105073452,1.2714779376983643,0.7472133636474609,0.3189144432544708,1.0619677305221558,0.6902022361755371,0.126740962266922,0.8090133666992188,1.1082757711410522,1.4527393579483032,0.411398708820343,1.596384882926941,0.26246610283851624,0.4178454279899597,0.4491332471370697,0.14913778007030487,0.1378655582666397,1.3499642610549927,0.4671448767185211,0.5188663601875305,0.9957947731018066,1.1234124898910522,0.14341706037521362,0.12067873775959015
0.03765173256397247,0.4824482500553131,0.4787542521953583,0.5815562009811401,0.8323891162872314,1.6505354642868042,1.7289258241653442,5.4300737380981445,1.4732412099838257,0.14671596884727478,0.5646620392799377,0.5377529263496399,0.08052512258291245,0.00039999998989515007,1.3095026016235352,1.944459319114685,1.1251275539398193,1.746703863143921,1.1080628633499146,0.4791998565196991,0.0530843622982502,0.6161220669746399,0.6295272707939148,0.5185242295265198,0.4854222238063812,0.443429559469223,0.5719112157821655,0.8291552066802979,1.383010745048523,0.9023333191871643,0.9593563675880432,0.6134663224220276,0.6482180953025818,0.019241204485297203,0.9518764019012451,0.5348900556564331,0.4276224374771118,1.1475452184677124,0.5645162463188171,0.047612447291612625,0.630632758140564,0.9914543032646179,1.2274385690689087,0.5329490900039673,1.415036916732788,0.37886613607406616,0.5495571494102478,0.4306085705757141,0.2012658566236496,0.22715406119823456,1.285696268081665,0.4125250577926636,0.45189255475997925,1.130348801612854,1.064979910850525,0.2627300024032593,0.22230511903762817
0.026028012856841087,0.5478334426879883,0.7248178124427795,0.6523007154464722,0.7953358292579651,1.4000129699707031,1.9818745851516724,5.003719806671143,1.3573135137557983,0.044632330536842346,0.6491011381149292,0.7160205245018005,0.20856080949306488,0.00039999998989515007,0.991477906703949,1.7353545427322388,1.2768800258636475,1.964967131614685,1.0518172979354858,0.4448360800743103,0.2468472421169281,0.48977649211883545,0.8310568332672119,0.5982477068901062,0.5603983998298645,0.6228964328765869,0.7082945704460144,0.7063402533531189,1.6022313833236694,0.8497918248176575,1.0488357543945312,0.31752604246139526,0.22201421856880188,0.09328881651163101,1.0214965343475342,0.5336931347846985,0.3025713264942169,1.2169146537780762,0.7050692439079285,0.028071723878383636,0.8811442255973816,0.9019875526428223,1.5818053483963013,0.50196373462677,1.4187381267547607,0.6646437644958496,0.46813642978668213,0.2303498536348343,0.05167770758271217,0.20784182846546173,1.6939221620559692,0.2899039685726166,0.22781133651733398,0.9536574482917786,0.9749708771705627,0.26227596402168274,0.07324899733066559
0.20152975618839264,0.0513077974319458,0.09622512012720108,0.5123080015182495,0.7313104867935181,1.6418673992156982,1.7186781167984009,5.341664791107178,0.7728564739227295,0.31523576378822327,0.3045251667499542,0.5932894945144653,0.04668652266263962,0.00039999998989515007,0.878564178943634,1.9367198944091797,1.7518197298049927,1.8694766759872437,0.7154820561408997,0.702768087387085,0.6753482818603516,0.8007115721702576,0.2828415036201477,0.6041271686553955,0.3393882215023041,0.5271514654159546,1.0418881177902222,0.6048746705055237,1.0249930620193481,0.822959303855896,1.041390299797058,0.7169437408447266,0.2630012631416321,0.2111268937587738,1.4490162134170532,0.7420371770858765,0.31201839447021484,0.9148656725883484,0.5005181431770325,0.35779473185539246,0.8560827970504761,1.3842432498931885,1.136566400527954,0.05555567517876625,1.8934224843978882,0.23147577047348022,0.1858007162809372,0.525618851184845,0.007065922953188419,0.31430113315582275,1.101200819015503,0.37871402502059937,0.6966111063957214,1.0814480781555176,0.7822831869125366,0.46435922384262085,0.3741689622402191
0.026350324973464012,0.05253032222390175,0.8673665523529053,1.2903670072555542,0.8084540367126465,1.3582839965820312,1.4184666872024536,4.957724571228027,1.0757571458816528,0.049470629543066025,0.7023961544036865,0.6681230664253235,0.1637510508298874,0.00039999998989515007,0.7190321683883667,2.1037073135375977,1.5124015808105469,1.877510666847229,0.9418206810951233,1.0615246295928955,0.1335604041814804,0.4714791476726532,0.5942875742912292,0.3285706341266632,0.6877279877662659,1.1369374990463257,1.114978313446045,0.4204838275909424,1.7883068323135376,0.6000201106071472,0.5794920325279236,0.7729393243789673,0.2433292418718338,0.7192507386207581,1.1469708681106567,0.3402988016605377,0.243794247508049,1.3022706508636475,0.01353042759001255,0.001933837542310357,0.42535698413848877,1.1044012308120728,0.6889974474906921,0.07466293126344681,1.21112060546875,0.2133510708808899,1.3938790559768677,0.055821508169174194,0.4254526197910309,0.0299821924418211,1.3847509622573853,0.2171698808670044,0.1769305020570755,1.0089055299758911,1.2326065301895142,0.3967624008655548,0.2921851575374603
0.05515291169285774,0.4648973047733307,0.6388216614723206,0.6562614440917969,0.7928997874259949,1.7791534662246704,1.6697026491165161,5.375476360321045,1.3092231750488281,0.09479721635580063,0.5768170356750488,0.7066566348075867,0.05192701891064644,0.00039999998989515007,1.0863744020462036,1.7171839475631714,1.3163020610809326,1.7981488704681396,0.9394007325172424,0.4553760886192322,0.06098068505525589,0.5925760269165039,0.6604702472686768,0.4390545189380646,0.5587410926818848,0.5572531223297119,0.6314558386802673,0.3996398150920868,1.5002936124801636,0.8122919201850891,1.0772545337677002,0.5038838386535645,0.29365274310112,0.05237503722310066,1.265499472618103,0.8048326969146729,0.3100278079509735,1.156247854232788,0.46169060468673706,0.11524873971939087,0.7168344855308533,1.1135920286178589,1.2588791847229004,0.32012447714805603,1.5243070125579834,0.37764832377433777,0.5496858358383179,0.31062349677085876,0.17235888540744781,0.2660333216190338,1.4467438459396362,0.4444437325000763,0.3879516124725342,0.9365277886390686,1.1262282133102417,0.34823673963546753,0.15508252382278442
0.27274197340011597,0.4984167218208313,0.2748951017856598,0.4556954503059387,0.809108316898346,1.8994338512420654,1.4307003021240234,5.285470485687256,0.4524555504322052,0.49003034830093384,0.05753764882683754,0.8198440074920654,0.3238382637500763,0.00039999998989515007,0.4613635838031769,1.34541916847229,2.1513166427612305,1.9985754489898682,0.8413940072059631,0.004572869744151831,0.015728970989584923,0.7130948901176453,0.18864305317401886,0.05114422366023064,0.43364375829696655,0.8056195378303528,0.9361496567726135,0.150066077709198,1.3847311735153198,1.081658959388733,0.8440191745758057,0.5366222858428955,0.2661936283111572,0.009902731515467167,1.505179762840271,0.09576276689767838,0.29153478145599365,0.9161050915718079,1.03536856174469,0.4473032057285309,0.8393808603286743,0.9559802412986755,1.9170182943344116,0.3019700348377228,1.323034405708313,0.5283388495445251,0.2718364894390106,0.20262309908866882,0.48879966139793396,0.5929152369499207,0.8014481663703918,0.8944427967071533,0.444661945104599,1.0282875299453735,0.9317696690559387,0.0016295023960992694,0.04652715474367142
0.07450205832719803,0.545124888420105,0.6129488945007324,0.7655170559883118,0.6882256865501404,1.7361571788787842,1.544988751411438,5.137414932250977,1.2888480424880981,0.1688065081834793,0.6352018713951111,0.7371442317962646,0.02878878265619278,0.00039999998989515007,1.0227962732315063,1.664623498916626,1.4261504411697388,1.9108752012252808,0.9456600546836853,0.4329130947589874,0.15477335453033447,0.7205994129180908,0.5691215395927429,0.5687590837478638,0.44086897373199463,0.6842958331108093,0.8016214966773987,0.5747042894363403,1.5304805040359497,0.807568371295929,1.116814136505127,0.43465280532836914,0.24061056971549988,0.007387942634522915,1.2142295837402344,0.7862890958786011,0.2552556097507477,1.309119701385498,0.56020188331604,0.03938567638397217,0.8291076421737671,1.0936264991760254,1.4476255178451538,0.39366233348846436,1.4293957948684692,0.42277106642723083,0.7255443930625916,0.45414498448371887,0.06143157184123993,0.17123068869113922,1.428138256072998,0.5757768154144287,0.4642120599746704,0.9057453274726868,1.0532208681106567,0.3174217939376831,0.05276019126176834
0.0867651030421257,0.021871933713555336,0.7359616160392761,0.991943895816803,0.9305568933486938,1.0810235738754272,1.4825209379196167,5.32103967666626,1.6297718286514282,0.028153810650110245,0.5837898254394531,0.331342875957489,0.06711308658123016,0.00039999998989515007,1.1945065259933472,1.7355601787567139,1.13462495803833,1.4823721647262573,1.5213831663131714,0.8690887093544006,0.19703367352485657,0.32678791880607605,0.8299670219421387,0.2141743153333664,0.540920615196228,0.6402344107627869,0.7120915055274963,0.6107049584388733,1.8974714279174805,0.7372836470603943,0.9727251529693604,0.8349360823631287,0.7141160368919373,0.2105831652879715,0.9323697686195374,0.2951255142688751,0.437100887298584,1.0058845281600952,0.23316626250743866,0.07067636400461197,0.6072683334350586,0.5516327619552612,1.0881450176239014,0.41986778378486633,1.3698279857635498,0.4617370069026947,0.5931771397590637,0.31440848112106323,0.5027818083763123,0.10635319352149963,1.5298212766647339,0.09301578253507614,0.11892147362232208,1.029233455657959,1.3992161750793457,0.25341102480888367,0.2579899728298187
0.03005416877567768,0.32981106638908386,0.549074649810791,0.7291222214698792,0.8019620776176453,1.4948623180389404,1.671385407447815,5.218542575836182,1.2866803407669067,0.06632442027330399,0.6680997014045715,0.5415068864822388,0.14571654796600342,0.00039999998989515007,1.177052617073059,1.606528639793396,1.485604166984558,1.820969581604004,1.1086374521255493,0.4464877247810364,0.04876689612865448,0.5590083003044128,0.6427156329154968,0.504269003868103,0.5053907036781311,0.6211913228034973,0.8224543333053589,0.6534579992294312,1.4545211791992188,0.8633243441581726,1.0674875974655151,0.5068642497062683,0.35007840394973755,0.11314068734645844,1.1458245515823364,0.7177322506904602,0.38288360834121704,1.268129587173462,0.5451179146766663,0.200550377368927,0.9320496320724487,0.9661566615104675,1.4555491209030151,0.4217056930065155,1.5495036840438843,0.5312369465827942,0.4287630617618561,0.29744160175323486,0.19787609577178955,0.10717210173606873,1.473730206489563,0.3961622416973114,0.41561785340309143,0.9489204287528992,1.0793871879577637,0.40391984581947327,0.11193528026342392
0.47710078954696655,0.7416589856147766,0.11522392183542252,0.8441301584243774,0.6355128884315491,1.9443191289901733,1.314456582069397,5.263187408447266,0.7400110960006714,0.47446030378341675,0.2869512736797333,0.9593111872673035,0.13680040836334229,0.00039999998989515007,0.3996855914592743,1.3976560831069946,1.9993785619735718,1.8942508697509766,0.9052543640136719,0.002653257455676794,0.26081377267837524,0.6595568060874939,0.14372971653938293,0.029163045808672905,0.47795775532722473,0.8706983327865601,0.8406044244766235,0.11039979755878448,1.5178524255752563,1.1346982717514038,0.8505159616470337,0.18056757748126984,0.26320454478263855,0.09179303050041199,1.41810142993927,0.1721457988023758,0.4143913686275482,1.1353734731674194,0.7107064127922058,0.4408493638038635,0.7479703426361084,0.8407515287399292,1.7853612899780273,0.18332235515117645,1.1175884008407593,0.7674902677536011,0.6315396428108215,0.28794947266578674,0.4792507588863373,0.5498512387275696,0.8941153883934021,1.2294921875,0.4432399868965149,0.9103047847747803,0.9151989817619324,0.024203520268201828,0.046443674713373184
0.01645348034799099,0.4395635426044464,0.2812037467956543,0.5717465281486511,1.0572993755340576,2.0261335372924805,1.7766376733779907,5.381696701049805,0.05038636177778244,0.1176510602235794,0.20150752365589142,0.4663325548171997,0.5498204231262207,0.00039999998989515007,0.29136067628860474,1.5217381715774536,2.0892233848571777,1.6546231508255005,1.040594458580017,0.37238532304763794,0.19265927374362946,0.2889743149280548,0.2297576665878296,0.3546411097049713,0.4117443859577179,1.128798007965088,0.6993533968925476,0.14244714379310608,1.586456060409546,1.3892629146575928,0.6483226418495178,0.6607547998428345,0.835284411907196,0.22633767127990723,1.1679126024246216,0.24232707917690277,0.17975762486457825,1.0447596311569214,0.6072592735290527,0.2857922315597534,0.6921249628067017,0.8801003694534302,1.4436613321304321,0.587792694568634,1.0515949726104736,0.2304321527481079,0.6390522718429565,0.12188813090324402,0.7432938814163208,0.07602439820766449,0.39888617396354675,0.7864341139793396,0.4588193893432617,1.0093508958816528,1.1218317747116089,0.05470312014222145,0.025631403550505638
0.44318687915802,0.7353989481925964,0.8799014687538147,0.165777787566185,0.6722983717918396,1.728658676147461,1.9871054887771606,4.631791591644287,0.9292457699775696,0.5605302453041077,0.5925379991531372,1.0905510187149048,0.3177752196788788,0.00039999998989515007,1.5983542203903198,1.988610029220581,1.5067527294158936,1.9490214586257935,0.7588332295417786,0.36138877272605896,0.401140034198761,0.009035902097821236,0.691084086894989,0.5813616514205933,0.43449726700782776,0.34657931327819824,0.5562469959259033,0.7162774801254272,1.307700514793396,0.3149702250957489,1.055418848991394,0.4246470332145691,0.4473455548286438,0.19372273981571198,1.2887628078460693,1.0000991821289062,0.7071167826652527,1.3642001152038574,0.4598739743232727,0.32120248675346375,1.0870708227157593,1.2640780210494995,1.69012451171875,0.590450644493103,1.6049163341522217,0.10812808573246002,0.45512014627456665,0.16926400363445282,0.4547058045864105,0.08331704139709473,0.9833226203918457,0.17633061110973358,0.49472662806510925,1.2674565315246582,0.4836067259311676,0.664668619632721,0.01865074411034584
0.08036087453365326,0.06056457757949829,0.3251192271709442,0.7365043759346008,0.6844507455825806,1.4168998003005981,1.9515414237976074,5.39766788482666,0.860611081123352,0.2741643786430359,0.6255245804786682,0.3393348753452301,0.005173815414309502,0.00039999998989515007,0.9521404504776001,1.961342692375183,1.3449269533157349,1.7411209344863892,0.9257622957229614,0.8011407852172852,0.2946886718273163,0.653494656085968,0.2419373244047165,0.9322985410690308,0.3752661347389221,0.5827615857124329,0.986577033996582,0.9140469431877136,1.1741671562194824,1.043066382408142,0.8733826279640198,0.46415776014328003,0.5373462438583374,0.13209611177444458,1.0119856595993042,0.6035149097442627,0.33662062883377075,1.2204935550689697,0.43292802572250366,0.14626862108707428,0.89175945520401,1.087674617767334,1.0953519344329834,0.21858640015125275,1.5909383296966553,0.6432797312736511,0.31957486271858215,0.6614066958427429,0.02105046808719635,0.07969794422388077,1.5138661861419678,0.2401406317949295,0.5758944749832153,0.9042986035346985,0.9481077194213867,0.3572153151035309,0.2387714385986328
0.3014834225177765,0.7304520010948181,0.14245298504829407,1.1345876455307007,0.6803792119026184,1.8954932689666748,1.622456669807434,5.229618549346924,0.6511245369911194,0.579969584941864,0.519241988658905,0.8107979893684387,0.16283249855041504,0.00039999998989515007,0.305809885263443,1.3501911163330078,1.7800222635269165,1.9022599458694458,1.1106024980545044,0.04578753188252449,0.46254318952560425,0.33898475766181946,0.4065144956111908,0.28761976957321167,0.6923918724060059,1.0301865339279175,0.7084801197052002,0.09473855793476105,1.5358939170837402,1.252312421798706,0.5743606686592102,0.3304685950279236,0.47356554865837097,0.3550545573234558,1.1822938919067383,0.09454875439405441,0.4832901358604431,1.3746070861816406,0.4585666060447693,0.18215717375278473,0.6512587666511536,0.9277697801589966,1.442408561706543,0.4368477761745453,0.7124505043029785,0.7136947512626648,1.0056895017623901,0.25235095620155334,0.9506713151931763,0.27616453170776367,0.9743778705596924,1.0662715435028076,0.2505689859390259,0.8212804794311523,1.0445705652236938,0.10415397584438324,0.013953912071883678
0.12275867909193039,0.5059971809387207,0.21052204072475433,0.4616909325122833,0.9712677597999573,1.892345905303955,1.8342324495315552,5.654845237731934,0.6335484981536865,0.16924364864826202,0.10066793859004974,0.39451566338539124,0.34741315245628357,0.00039999998989515007,0.8231940865516663,1.654155969619751,1.3874905109405518,1.628139853477478,1.093113660812378,0.12152233719825745,0.12064870446920395,0.3099743127822876,0.4573713541030884,0.11212415993213654,0.4232979714870453,0.79695725440979,0.45695778727531433,0.382341206073761,1.5635807514190674,1.2609535455703735,0.7411525845527649,0.788957417011261,0.7995861172676086,0.04913300275802612,1.0464794635772705,0.31606388092041016,0.18284089863300323,1.2116820812225342,0.5759363770484924,0.044624269008636475,0.6878336071968079,1.1609432697296143,1.2672855854034424,0.752081036567688,1.1501513719558716,0.25993606448173523,0.520050585269928,0.42229294776916504,0.5313315391540527,0.125942200422287,0.9671436548233032,0.4707418978214264,0.3351471722126007,0.9586858749389648,1.2776379585266113,0.24023738503456116,0.08316761255264282
0.01704440824687481,0.4774964451789856,0.5743233561515808,0.6991328001022339,0.6851949095726013,1.7679890394210815,1.6787686347961426,5.341766357421875,1.3707631826400757,0.05758810415863991,0.6056180000305176,0.7413519024848938,0.04256744682788849,0.00039999998989515007,1.0589618682861328,1.7450319528579712,1.3991729021072388,1.8992924690246582,0.863127589225769,0.5353627800941467,0.11425746977329254,0.7309103012084961,0.5640363097190857,0.5465532541275024,0.5105711221694946,0.5445647835731506,0.7296745777130127,0.604526698589325,1.4346997737884521,0.7408925890922546,1.1021835803985596,0.4590572416782379,0.2755282521247864,0.03826289251446724,1.2049227952957153,0.746461808681488,0.26553431153297424,1.1464452743530273,0.540252685546875,0.14283102750778198,0.7337297797203064,1.0622286796569824,1.3742529153823853,0.2849580943584442,1.4899166822433472,0.4027777314186096,0.6254336833953857,0.3860037922859192,0.08571173250675201,0.18303540349006653,1.429373860359192,0.5803971886634827,0.465087354183197,1.0292599201202393,0.9895879030227661,0.19740362465381622,0.10613728314638138
0.01875646412372589,0.3990821838378906,0.4836041331291199,0.7448504567146301,0.7807218432426453,1.6794975996017456,1.661755919456482,5.367427825927734,1.1702005863189697,0.10057873278856277,0.5627405643463135,0.6846057176589966,0.04795166105031967,0.00039999998989515007,1.0052881240844727,1.8127424716949463,1.5118683576583862,1.8727853298187256,0.9984639286994934,0.4450713098049164,0.04994041472673416,0.6051037907600403,0.5578957796096802,0.45582133531570435,0.502328634262085,0.6737240552902222,0.8087848424911499,0.5320923924446106,1.4862200021743774,0.8240727186203003,1.0055859088897705,0.4802304804325104,0.3091464936733246,0.00779298460111022,1.2220079898834229,0.6412041187286377,0.2759590148925781,1.2431968450546265,0.49113497138023376,0.21584589779376984,0.7994427680969238,1.0771141052246094,1.2968159914016724,0.29656872153282166,1.5413241386413574,0.4291992783546448,0.5795807242393494,0.3473926782608032,0.16184040904045105,0.1933252066373825,1.3086929321289062,0.48210620880126953,0.4536930024623871,0.9915551543235779,1.0467716455459595,0.38372987508773804,0.1510132998228073
0.10064715147018433,0.0328056775033474,0.738374650478363,1.1481627225875854,0.7847639322280884,1.4279918670654297,1.2782033681869507,5.335618495941162,1.4441945552825928,0.10069330036640167,0.6286010146141052,0.556502640247345,0.15526171028614044,0.00039999998989515007,1.0341417789459229,1.8381060361862183,1.3757950067520142,1.8016265630722046,1.0624334812164307,0.9482499957084656,0.12022736668586731,0.532010018825531,0.6066544055938721,0.2395130693912506,0.626129686832428,0.8227876424789429,0.9037660360336304,0.43643441796302795,1.7181169986724854,0.5893516540527344,0.7596997022628784,0.9228464365005493,0.37918028235435486,0.4471929669380188,1.2300657033920288,0.49740466475486755,0.30659180879592896,1.1071460247039795,0.14138680696487427,0.05242318660020828,0.48666879534721375,1.0172011852264404,0.916454553604126,0.12397445738315582,1.2217777967453003,0.264018714427948,1.0255552530288696,0.04635799303650856,0.5714060664176941,0.042710449546575546,1.4197344779968262,0.4023132026195526,0.12415635585784912,1.079699993133545,1.330714464187622,0.27599000930786133,0.3801151514053345
0.051183100789785385,0.013912045396864414,0.5808830857276917,0.7874447107315063,0.6350386738777161,1.3132786750793457,2.236400604248047,5.0885467529296875,1.0253981351852417,0.17604878544807434,0.7932713627815247,0.3428671061992645,0.05701173096895218,0.00039999998989515007,1.0624067783355713,1.9925979375839233,1.3183537721633911,1.869693636894226,0.7722044587135315,0.8544356226921082,0.10863781720399857,0.6021780371665955,0.4064347445964813,1.0632878541946411,0.5456358194351196,0.5279555320739746,1.0216195583343506,1.1988686323165894,1.0587997436523438,0.9024816751480103,0.7664222717285156,0.5047410130500793,0.4172562062740326,0.07718276232481003,0.8757761120796204,0.5618179440498352,0.4671613574028015,1.2430925369262695,0.4840514361858368,0.16689977049827576,0.9410750865936279,1.154335856437683,1.1326267719268799,0.2234094738960266,1.5702449083328247,0.6134303212165833,0.495165079832077,0.6966871023178101,0.02284187078475952,0.27576184272766113,1.6421266794204712,0.2125730812549591,0.4587711691856384,1.1129523515701294,0.7722700238227844,0.2783736288547516,0.15022167563438416
0.8020451664924622,0.45645612478256226,0.3141952157020569,0.5596565008163452,0.43886470794677734,1.4228495359420776,0.891384482383728,5.1852521896362305,0.6306294202804565,0.40750256180763245,0.1725459098815918,0.7739696502685547,0.37624672055244446,0.00039999998989515007,0.636652946472168,0.9773145914077759,2.1247031688690186,1.8907705545425415,0.9166742563247681,0.045834798365831375,0.008118403144180775,0.6974328756332397,0.1745423674583435,0.10962983965873718,0.13774126768112183,0.7675796747207642,1.0388808250427246,0.3255918025970459,1.3005083799362183,1.0374215841293335,0.8801915645599365,0.4808080792427063,0.14778916537761688,0.5357708930969238,1.6620922088623047,0.5352442860603333,0.3523300886154175,1.052291989326477,0.9614341259002686,0.33885806798934937,1.076465368270874,0.9910115599632263,2.2701072692871094,0.26840800046920776,1.006646752357483,0.9912603497505188,0.03743043541908264,0.26198577880859375,0.46876880526542664,0.6777561902999878,1.0766228437423706,1.2895346879959106,0.32700738310813904,0.758050262928009,0.9272996783256531,0.055774278938770294,0.2719421982765198
0.13482235372066498,0.572525680065155,0.5480164289474487,0.5309840440750122,0.896989107131958,1.788530945777893,1.4337985515594482,5.351243019104004,1.3771003484725952,0.07575928419828415,0.2976827323436737,0.7331901788711548,0.07656285166740417,0.00039999998989515007,1.0858854055404663,1.6701574325561523,1.3194754123687744,1.761572241783142,0.907710075378418,0.12216036766767502,0.04868073761463165,0.7058648467063904,0.7223358750343323,0.33326467871665955,0.5354175567626953,0.5060006976127625,0.526114284992218,0.4294850826263428,1.433274507522583,0.9130783081054688,0.97593092918396,0.5846115350723267,0.32810482382774353,0.28921666741371155,1.3338596820831299,0.840717077255249,0.3158698081970215,1.0820543766021729,0.8008221387863159,0.20259292423725128,0.7539121508598328,1.2935426235198975,1.348078966140747,0.357951283454895,1.645714282989502,0.3099307417869568,0.3486371636390686,0.5131524801254272,0.2932826578617096,0.37448906898498535,1.189706563949585,0.6039149761199951,0.2972673177719116,0.984666645526886,1.1417412757873535,0.45759186148643494,0.22868973016738892
0.16004273295402527,0.1369515210390091,0.4399811625480652,0.9852773547172546,0.6298302412033081,1.5001063346862793,1.5229078531265259,5.022064685821533,1.1023216247558594,0.06981930881738663,0.7552212476730347,0.5039687156677246,0.14279687404632568,0.00039999998989515007,0.9447613954544067,1.3478953838348389,1.8359841108322144,2.007894277572632,0.9167174696922302,0.655707836151123,0.11183410882949829,0.7882768511772156,0.4599951505661011,0.5469144582748413,0.46878454089164734,0.8291398286819458,1.1735605001449585,0.6255609393119812,1.368200659751892,0.7568271160125732,1.0732864141464233,0.6170191764831543,0.18992215394973755,0.0572778545320034,1.2624999284744263,0.7464361190795898,0.23222091794013977,1.3262457847595215,0.5604036450386047,0.14770089089870453,1.018837809562683,1.1137815713882446,1.5689142942428589,0.27813708782196045,1.4278390407562256,0.4934341311454773,0.6192904114723206,0.40150871872901917,0.2837294042110443,0.17764027416706085,1.5642662048339844,0.5632826089859009,0.4591383635997772,0.8926698565483093,1.0473313331604004,0.29816490411758423,0.04116719216108322
0.21189111471176147,0.39475125074386597,0.6810545325279236,1.020653486251831,0.7067638635635376,1.5685290098190308,1.9900203943252563,4.937549591064453,1.129878282546997,0.13993889093399048,0.5454244613647461,0.7393068671226501,0.18591345846652985,0.00039999998989515007,0.6796817779541016,1.7604124546051025,1.454110026359558,1.9123051166534424,1.0414494276046753,0.4398130178451538,0.3490619361400604,0.4642321467399597,0.816463828086853,0.3378477394580841,0.6350622773170471,0.8474574685096741,0.8072254061698914,0.5704207420349121,1.733516812324524,0.8509147763252258,0.8803799748420715,0.6889039874076843,0.33377760648727417,0.3785437345504761,1.0529931783676147,0.2783876061439514,0.12749065458774567,1.3220000267028809,0.48656362295150757,0.02102593705058098,0.8182353973388672,1.2119057178497314,1.2899366617202759,0.44530242681503296,1.3316675424575806,0.3226316571235657,1.097334861755371,0.3429071009159088,0.4667501151561737,0.009313818998634815,1.4147521257400513,0.480204701423645,0.19312064349651337,1.1291531324386597,1.0024489164352417,0.21470031142234802,0.06615091860294342
0.07956214994192123,0.15630988776683807,0.4636353552341461,0.8115267157554626,0.7130565643310547,1.1472114324569702,2.266648769378662,5.049978733062744,1.0662685632705688,0.3346532881259918,0.4503888785839081,0.35808518528938293,0.2256697565317154,0.00039999998989515007,0.5873579978942871,1.8837110996246338,1.1831340789794922,1.6774886846542358,1.0114253759384155,0.843418300151825,0.004019423387944698,0.7567591667175293,0.5703904628753662,0.9602408409118652,0.38760238885879517,0.5552424192428589,0.9086381793022156,1.0500613451004028,1.4207977056503296,1.120901346206665,1.0495002269744873,0.36625656485557556,0.63157719373703,0.1797410100698471,0.8202442526817322,0.3021060824394226,0.24475914239883423,1.0255244970321655,0.7620872855186462,0.04357454925775528,0.9625933766365051,0.9571210145950317,1.2915048599243164,0.2854071855545044,1.7399895191192627,0.7264178991317749,0.23387718200683594,0.6295220851898193,0.053130075335502625,0.07614158093929291,1.744692325592041,0.1524115651845932,0.3776945471763611,0.9256271123886108,0.8944682478904724,0.14721396565437317,0.035915348678827286
0.255644291639328,0.9756613373756409,0.42520368099212646,0.07857901602983475,0.5253543853759766,2.465245246887207,2.154203414916992,5.458321571350098,0.14565499126911163,0.7442229986190796,0.3907964527606964,0.808165431022644,0.003048068843781948,0.00039999998989515007,0.9600050449371338,1.7773699760437012,1.3713499307632446,1.5006000995635986,0.7662730813026428,0.3673304319381714,0.2448640614748001,0.10553895682096481,0.15552280843257904,0.3293393552303314,0.23680280148983002,0.3559916019439697,0.4538029134273529,0.11654461920261383,1.4156781435012817,0.7778598070144653,1.1959846019744873,0.38719117641448975,0.191787451505661,0.0774739608168602,1.1547043323516846,0.7621583938598633,0.31429925560951233,1.575957179069519,0.21156245470046997,0.17046615481376648,0.9986221790313721,1.2765964269638062,1.1268364191055298,0.6278566718101501,1.4208108186721802,0.12493905425071716,0.5412017107009888,0.6412282586097717,0.31433531641960144,0.07775811105966568,0.7928085327148438,0.3284951150417328,0.8685575127601624,0.8618022799491882,0.8361412286758423,0.3667600154876709,0.07561520487070084
0.3306066393852234,0.18484820425510406,0.8554434776306152,0.9411794543266296,0.6380789279937744,1.1718119382858276,0.923228919506073,5.378990173339844,1.3058171272277832,0.11980440467596054,0.42682626843452454,0.5422635674476624,0.11403676867485046,0.00039999998989515007,1.1484031677246094,1.7734068632125854,1.3068686723709106,1.7919163703918457,0.9711501598358154,0.8958887457847595,0.06387922912836075,0.4985206127166748,0.30964019894599915,0.4391499161720276,0.3730365037918091,0.8118469715118408,0.9735504388809204,0.5864166617393494,1.7654308080673218,0.5160141587257385,0.6560288667678833,1.2002869844436646,0.228498637676239,0.1060681864619255,1.4700645208358765,0.7846437096595764,0.34890827536582947,1.0908045768737793,0.24854598939418793,0.1032668724656105,0.6258567571640015,1.2890238761901855,1.1162399053573608,0.13718388974666595,1.1407688856124878,0.33759060502052307,0.7941838502883911,0.007417168002575636,0.49656933546066284,0.10897333920001984,1.5166066884994507,0.4592438042163849,0.06424751877784729,1.0422638654708862,1.412025809288025,0.3025639057159424,0.576583981513977
0.05669798329472542,0.6304051876068115,0.711760401725769,0.7641364932060242,0.988118052482605,1.6495836973190308,1.3640278577804565,4.993516445159912,1.8380601406097412,0.3698400557041168,0.7513317465782166,0.8074604272842407,0.08355168253183365,0.00039999998989515007,1.2951292991638184,1.682349681854248,1.4322714805603027,2.0259904861450195,0.8654069900512695,0.25067490339279175,0.17617550492286682,0.7728773951530457,1.0045056343078613,0.27763548493385315,0.7966140508651733,0.5710451006889343,0.6658281087875366,0.5026290416717529,1.3529223203659058,0.7032520174980164,0.9600370526313782,0.223243847489357,0.0977432131767273,0.07677283883094788,1.223838448524475,0.8104956150054932,0.45370709896087646,1.1502447128295898,0.7839365005493164,0.3230770528316498,0.6740916967391968,0.9686706066131592,1.4458441734313965,0.26030588150024414,1.5096443891525269,0.43910372257232666,0.4921654164791107,0.271467387676239,0.2761668860912323,0.4702146053314209,1.378000020980835,0.5931534767150879,0.1999851018190384,0.9413817524909973,1.0705492496490479,0.4984513521194458,0.19374576210975647
0.12597355246543884,0.4678522050380707,0.6086082458496094,0.6293111443519592,0.708447277545929,1.7535563707351685,1.7422449588775635,5.2386980056762695,1.3184351921081543,0.06890063732862473,0.3089553713798523,0.9925435781478882,0.014786948449909687,0.00039999998989515007,0.8618281483650208,2.0520288944244385,1.5914415121078491,2.0215330123901367,0.7861886620521545,0.4511473476886749,0.0493999719619751,0.621175229549408,0.6453162431716919,0.5151812434196472,0.5606338381767273,0.6509939432144165,0.747124195098877,0.5930485129356384,1.530354380607605,0.6060214042663574,0.9563575983047485,0.47151997685432434,0.0029341490007936954,0.10975100100040436,1.279876470565796,0.5532957315444946,0.17588840425014496,1.0210496187210083,0.6750057339668274,0.34160298109054565,0.7022086977958679,1.143612027168274,1.3741095066070557,0.1209106519818306,1.5977742671966553,0.3734472990036011,0.7009305953979492,0.23825648427009583,0.020827028900384903,0.3020092248916626,1.1501069068908691,0.6013466715812683,0.38788893818855286,1.298688292503357,0.7885699272155762,0.27494269609451294,0.0605294369161129
0.08480684459209442,0.3803465962409973,0.45139583945274353,0.749350368976593,0.7973223924636841,1.7641688585281372,1.6505837440490723,5.376141548156738,1.3791710138320923,0.07871329039335251,0.49337223172187805,0.7874284982681274,0.014546763151884079,0.00039999998989515007,1.001467227935791,1.875588297843933,1.6008836030960083,1.903961181640625,0.8693728446960449,0.49785080552101135,0.01712050847709179,0.7307498455047607,0.6334118247032166,0.331769734621048,0.6160849928855896,0.5874350666999817,0.7808552384376526,0.5472637414932251,1.4065669775009155,0.7288619875907898,1.0026689767837524,0.5030869245529175,0.2809225022792816,0.1186632513999939,1.2679226398468018,0.5679023861885071,0.2536005675792694,1.0433937311172485,0.5612696409225464,0.36333468556404114,0.6727667450904846,1.071152925491333,1.3020522594451904,0.13380920886993408,1.6188790798187256,0.32709938287734985,0.5961746573448181,0.27828913927078247,0.2477821707725525,0.2722790837287903,1.1991467475891113,0.6262755990028381,0.44162705540657043,1.161604642868042,0.9433985352516174,0.26333633065223694,0.20603018999099731
0.33997824788093567,0.2978736162185669,0.5053125619888306,0.40050187706947327,0.9305889010429382,1.729020357131958,1.8556312322616577,5.284071922302246,1.2417136430740356,0.03510522097349167,0.19548478722572327,0.8675374388694763,0.05085029453039169,0.00039999998989515007,0.94619220495224,1.996996283531189,1.7305073738098145,1.9419097900390625,0.8668930530548096,0.5008740425109863,0.17633108794689178,0.6493853330612183,0.8206873536109924,0.27638766169548035,0.602774977684021,0.5227289795875549,0.8010950088500977,0.5498755574226379,1.470953345298767,0.5073240399360657,1.0654358863830566,0.6312363147735596,0.155245840549469,0.17092712223529816,1.2344579696655273,0.3413134217262268,0.333017498254776,0.796312153339386,0.8441334366798401,0.5500320792198181,0.7231257557868958,0.9252966642379761,1.2915623188018799,0.14141488075256348,1.8569064140319824,0.17043983936309814,0.396706223487854,0.026325024664402008,0.05661556497216225,0.3938911557197571,0.9377470016479492,0.2939973473548889,0.4857402443885803,1.391732931137085,0.8091520071029663,0.22139208018779755,0.07349812984466553
0.27471938729286194,0.42242127656936646,0.6237087249755859,0.5701788663864136,0.667891263961792,1.4432016611099243,1.3328689336776733,5.290990352630615,1.02365243434906,0.131683349609375,0.3279355466365814,0.8062090277671814,0.14280442893505096,0.00039999998989515007,1.067341923713684,1.8413902521133423,1.4833784103393555,1.9504306316375732,0.8771223425865173,0.13199546933174133,0.09419333934783936,0.4536096453666687,0.29570209980010986,0.6069568395614624,0.37621748447418213,0.7572517991065979,0.8207557797431946,0.727847695350647,1.5466759204864502,0.8486863374710083,0.6372944712638855,0.6346439123153687,0.07076289504766464,0.2657332122325897,1.4080101251602173,0.7414210438728333,0.2169029265642166,1.3354308605194092,0.7419942617416382,0.15751242637634277,0.9228759407997131,1.3418179750442505,1.5851435661315918,0.35893961787223816,1.3117725849151611,0.6622875928878784,0.4763062000274658,0.4499698877334595,0.2122475951910019,0.22298359870910645,1.2650654315948486,0.7089412808418274,0.13424858450889587,1.0556926727294922,1.0492018461227417,0.42689788341522217,0.3037854731082916
0.04742584377527237,0.3898082375526428,0.47176843881607056,0.9211674928665161,0.7281737923622131,1.6918307542800903,1.799651861190796,5.17842435836792,1.2661352157592773,0.0935615673661232,0.6222808957099915,0.7827091217041016,0.04943666607141495,0.00039999998989515007,0.8865715265274048,1.8480440378189087,1.5764235258102417,1.9896548986434937,0.8749313950538635,0.5266456604003906,0.11365561187267303,0.6845617890357971,0.6571873426437378,0.4164174795150757,0.6698173880577087,0.7581391334533691,0.8618534207344055,0.5812922716140747,1.4074575901031494,0.8244985342025757,0.8488187789916992,0.5287288427352905,0.26609525084495544,0.19300782680511475,1.2014018297195435,0.5054271817207336,0.15707439184188843,1.24313223361969,0.5604984760284424,0.15483823418617249,0.7316189408302307,1.2241021394729614,1.308258056640625,0.2494519203901291,1.3687008619308472,0.4350082278251648,0.8193169236183167,0.41736719012260437,0.36587953567504883,0.17742791771888733,1.3688465356826782,0.6283041834831238,0.3328479528427124,1.0881348848342896,0.9539956450462341,0.27109265327453613,0.15151558816432953
0.08153527230024338,0.6232805252075195,0.5056737661361694,0.7450043559074402,0.7856705784797668,1.5226492881774902,1.8368712663650513,5.232274055480957,1.3575235605239868,0.026911064982414246,0.5942900776863098,0.7029118537902832,0.13790296018123627,0.00039999998989515007,0.9106408953666687,1.7463288307189941,1.316233515739441,1.8105050325393677,1.1247501373291016,0.41749605536460876,0.1770998239517212,0.6034368872642517,0.7271888256072998,0.5111796259880066,0.5227577686309814,0.6536722183227539,0.6877151131629944,0.5640082359313965,1.6064828634262085,0.9115384221076965,1.0762598514556885,0.25735241174697876,0.3549862802028656,0.15438690781593323,1.058972954750061,0.512742817401886,0.1729496568441391,1.2241613864898682,0.6881901025772095,0.08186356723308563,0.8161332011222839,0.8605648279190063,1.5052465200424194,0.45945674180984497,1.4043548107147217,0.6939446926116943,0.42168083786964417,0.2657519578933716,0.10481714457273483,0.30466610193252563,1.5786699056625366,0.43219295144081116,0.3318624794483185,0.8504305481910706,1.0697492361068726,0.2676183581352234,0.0031583639793097973
0.014470182359218597,0.772598385810852,0.6852806210517883,0.7750999927520752,0.8624411225318909,1.7670280933380127,1.593519687652588,5.193633556365967,1.7522706985473633,0.11748034507036209,0.5828080177307129,0.693052351474762,0.06731971353292465,0.00039999998989515007,0.929764449596405,1.4779410362243652,1.015114426612854,1.654295802116394,0.9103341102600098,0.3955097496509552,0.3786994218826294,0.9051814079284668,0.9407057762145996,0.4180365800857544,0.6532716751098633,0.4393695592880249,0.41930076479911804,0.30923402309417725,1.5029524564743042,0.9581820368766785,1.2102057933807373,0.16549022495746613,0.42213085293769836,0.26514944434165955,1.1382925510406494,0.8317229747772217,0.21249769628047943,0.9988750219345093,0.7977020740509033,0.023772478103637695,0.6285563707351685,0.9629537463188171,1.3324943780899048,0.3376099765300751,1.517413854598999,0.5209662318229675,0.354820191860199,0.44934794306755066,0.2034199833869934,0.6015939712524414,1.6857964992523193,0.5624772906303406,0.24250419437885284,0.6620223522186279,1.2386906147003174,0.2410392314195633,0.05009128153324127
0.038435641676187515,0.6362093687057495,0.8409543633460999,0.7513217926025391,0.7551805973052979,2.017563819885254,1.3972234725952148,5.184503078460693,1.565407633781433,0.050429344177246094,0.5193678736686707,0.8304605484008789,0.2032904028892517,0.00039999998989515007,1.0274713039398193,1.527159571647644,1.248343586921692,1.7168753147125244,0.6220976710319519,0.3016679286956787,0.27937376499176025,0.8728718757629395,0.7068267464637756,0.4323968291282654,0.6827751398086548,0.4832856059074402,0.5149403810501099,0.3015744090080261,1.4381953477859497,0.7966845035552979,1.0594943761825562,0.42103976011276245,0.17618773877620697,0.05293741077184677,1.3948979377746582,1.0445656776428223,0.2597470283508301,1.0835400819778442,0.6529929637908936,0.15985345840454102,0.640326738357544,1.318455457687378,1.251189112663269,0.16441865265369415,1.5697189569473267,0.27569475769996643,0.6663862466812134,0.578738808631897,0.26095858216285706,0.5241690278053284,1.438913106918335,0.7799001336097717,0.2652992606163025,0.8889058232307434,1.1764838695526123,0.27978745102882385,0.1640816628932953
0.326742947101593,0.5696854591369629,0.3594191372394562,1.0299530029296875,0.8047696948051453,1.204290747642517,1.296571969985962,5.667965888977051,0.9750086665153503,0.08699629455804825,0.4980832040309906,0.017151011154055595,0.2950817942619324,0.00039999998989515007,1.0291086435317993,2.0842130184173584,1.211280107498169,1.3332518339157104,1.0508842468261719,1.4352754354476929,0.4885590672492981,0.6302306056022644,0.025465240702033043,0.6803389191627502,0.4086964428424835,0.6819398403167725,1.0955408811569214,0.7129466533660889,1.4071515798568726,0.8203421831130981,0.5927963256835938,1.05975341796875,0.7841039299964905,0.26771482825279236,1.0666307210922241,0.42041411995887756,0.41885504126548767,0.9108579158782959,0.0111687071621418,0.09060722589492798,0.43362417817115784,0.8984970450401306,0.5306123495101929,0.0687515065073967,1.3762584924697876,0.4046936333179474,0.4628394544124603,0.18190336227416992,0.3393074870109558,0.19295749068260193,1.45143723487854,0.0011772725265473127,0.3416367471218109,0.9481077790260315,1.4309743642807007,0.2491035759449005,0.6557104587554932
0.1709926426410675,0.18711988627910614,0.753446638584137,1.1504929065704346,0.8593544363975525,1.2902792692184448,1.4276058673858643,5.3303656578063965,1.6233490705490112,0.1614539921283722,0.6727802157402039,0.5351481437683105,0.10298219323158264,0.00039999998989515007,0.9632326364517212,1.7692760229110718,1.1503448486328125,1.6674679517745972,1.2622262239456177,0.9219313859939575,0.26584357023239136,0.5048354864120483,0.808657705783844,0.26041579246520996,0.6490480899810791,0.7867076396942139,0.7512111663818359,0.3650878071784973,1.8714852333068848,0.7123176455497742,0.8877823948860168,0.6371487379074097,0.46887800097465515,0.2464936375617981,1.0696589946746826,0.4120045304298401,0.24580705165863037,1.0720446109771729,0.28058844804763794,0.04001949355006218,0.494501531124115,0.7271353602409363,1.0472443103790283,0.26818904280662537,1.1724244356155396,0.5176932215690613,0.7787562012672424,0.17509712278842926,0.4760293960571289,0.22606806457042694,1.6936105489730835,0.2578646242618561,0.03586626797914505,0.856509804725647,1.4246498346328735,0.2358812540769577,0.24660812318325043
0.1917128711938858,0.1454252302646637,0.5279086232185364,0.6978094577789307,0.7462593913078308,1.2851405143737793,2.119446039199829,5.121605396270752,0.9461129307746887,0.2562185823917389,0.5422731637954712,0.3534318506717682,0.17828547954559326,0.00039999998989515007,1.1740199327468872,2.1193294525146484,1.6129206418991089,1.7002826929092407,0.8769851326942444,0.580159604549408,0.3413906991481781,0.4283173680305481,0.3762168288230896,0.8724988102912903,0.5400034189224243,0.48413145542144775,1.0405755043029785,1.3026684522628784,1.0922774076461792,0.8655278086662292,0.7215699553489685,0.6082481741905212,0.4145459234714508,0.18259933590888977,0.8898695707321167,0.3866187334060669,0.5848554968833923,1.1599225997924805,0.45530492067337036,0.6351643204689026,1.0156928300857544,1.0202690362930298,1.1340141296386719,0.11853327602148056,1.937178134918213,0.43769586086273193,0.421624094247818,0.5379877686500549,0.06640344858169556,0.3937717378139496,1.1170991659164429,0.25559523701667786,0.5718057155609131,1.428149700164795,0.6318546533584595,0.40736764669418335,0.2015659213066101
0.2865854799747467,0.4956139326095581,0.30025768280029297,0.627528727054596,0.8396588563919067,1.6542187929153442,1.9560527801513672,5.102078437805176,0.9187143445014954,0.2766154110431671,0.2274358719587326,1.0614320039749146,0.2202070653438568,0.00039999998989515007,0.7299026846885681,2.495880603790283,1.5955361127853394,1.9587805271148682,0.9534984827041626,0.27974623441696167,0.3724727928638458,0.4473825991153717,0.6156725883483887,0.377898246049881,0.5513962507247925,0.8342148065567017,0.7958164811134338,0.6425872445106506,1.531386375427246,0.8384431600570679,0.6463579535484314,0.5659241676330566,0.18385592103004456,0.13662157952785492,1.2335060834884644,0.16128312051296234,0.13549457490444183,1.2189377546310425,0.5866890549659729,0.22827917337417603,0.6738806962966919,1.3548098802566528,1.1920664310455322,0.2565276026725769,1.4730041027069092,0.32441800832748413,0.8144064545631409,0.37857604026794434,0.1382412165403366,0.1836533546447754,0.8853570818901062,0.4794490337371826,0.3459734320640564,1.329633355140686,0.7388954162597656,0.4478640854358673,0.23636072874069214
0.19078300893306732,0.21678034961223602,0.4419430196285248,1.0346053838729858,0.6346352696418762,1.5586897134780884,1.526186227798462,5.213303089141846,1.2170019149780273,0.05574542284011841,0.7627539038658142,0.676500678062439,0.03840503469109535,0.00039999998989515007,0.8985445499420166,1.7962582111358643,1.7385810613632202,2.004296064376831,0.8520700931549072,0.8548887372016907,0.07140719890594482,0.824810266494751,0.4279366433620453,0.5662039518356323,0.5213161110877991,0.8481582999229431,1.143229603767395,0.6508800983428955,1.390958547592163,0.6826945543289185,0.9631974697113037,0.4688791036605835,0.2070692479610443,0.26200684905052185,1.1899572610855103,0.610002875328064,0.1742900162935257,1.2732900381088257,0.4201451539993286,0.18517737090587616,0.7310102581977844,1.014272689819336,1.2885419130325317,0.134816512465477,1.3593121767044067,0.4636455476284027,0.8328313231468201,0.32482221722602844,0.15352998673915863,0.13181336224079132,1.4688688516616821,0.5736227631568909,0.5331665277481079,0.954173743724823,0.9771574139595032,0.24982793629169464,0.15446558594703674
0.020038170740008354,0.08238375186920166,0.2028084099292755,0.5944697856903076,0.7433992028236389,1.5256527662277222,1.5742197036743164,5.28774356842041,1.0382150411605835,0.08866437524557114,0.5155616998672485,0.4497772753238678,0.23391252756118774,0.00039999998989515007,1.0107072591781616,1.4904168844223022,1.8501968383789062,1.8820366859436035,0.9436041116714478,0.7542144060134888,0.25334811210632324,0.9071868658065796,0.4450947642326355,0.5198771953582764,0.31450140476226807,0.6205698847770691,1.1544653177261353,0.6531477570533752,1.303544521331787,0.6954121589660645,1.2955631017684937,0.7315763831138611,0.2877596318721771,0.08286633342504501,1.222370982170105,0.6662600636482239,0.37823495268821716,1.066523790359497,0.692760169506073,0.22249256074428558,0.9537718892097473,0.9966439604759216,1.5478101968765259,0.26489073038101196,1.6767282485961914,0.2997756600379944,0.169822558760643,0.3168041408061981,0.00691614905372262,0.2686481475830078,1.408141016960144,0.2569771409034729,0.6714252829551697,0.9529547095298767,0.9980936646461487,0.24047692120075226,0.07364656776189804
0.1394200325012207,0.5008887052536011,0.45463842153549194,0.6122666001319885,0.7276122570037842,1.6482990980148315,1.8018479347229004,5.277353286743164,1.4090369939804077,0.17457030713558197,0.4953343868255615,0.8799598813056946,0.1067323088645935,0.00039999998989515007,1.0669012069702148,2.053208827972412,1.4703757762908936,1.9411208629608154,0.9617841243743896,0.5214963555335999,0.08773493021726608,0.672768771648407,0.6869012117385864,0.49881651997566223,0.482832670211792,0.5758723020553589,0.7549219131469727,0.7173083424568176,1.4517228603363037,0.6522440910339355,1.0745941400527954,0.5097065567970276,0.22861500084400177,0.041588157415390015,1.1665067672729492,0.5488540530204773,0.2872541546821594,1.1119709014892578,0.5902737379074097,0.16947238147258759,0.7097609043121338,1.0679082870483398,1.3888976573944092,0.3175499141216278,1.5146507024765015,0.3328962028026581,0.6147400736808777,0.2572212517261505,0.003622776363044977,0.15997543931007385,1.2654755115509033,0.4890308082103729,0.48718252778053284,1.1873276233673096,0.8362507224082947,0.261900931596756,0.1338033825159073
0.0010140251833945513,0.00952255167067051,0.15116405487060547,0.6614340543746948,0.7464208602905273,1.3952434062957764,1.900473713874817,5.689484596252441,0.9090725779533386,0.2530354857444763,0.44105687737464905,0.2668575048446655,0.0818767324090004,0.00039999998989515007,1.0570396184921265,1.9875366687774658,1.4198729991912842,1.5376102924346924,1.0633903741836548,0.6028053760528564,0.3969789445400238,0.5506048202514648,0.2321556657552719,0.7177407741546631,0.36910581588745117,0.4294217824935913,0.8697416186332703,0.966683566570282,1.121863603591919,1.083991289138794,0.8630180954933167,0.5297059416770935,0.7321367859840393,0.11829417943954468,0.9394716024398804,0.4357011914253235,0.380279004573822,1.0824376344680786,0.4245583117008209,0.47352004051208496,0.8748621344566345,0.9109697341918945,1.0446522235870361,0.19543223083019257,1.8025144338607788,0.5480276942253113,0.1391734778881073,0.5446203947067261,0.11037927865982056,0.19919782876968384,1.1581681966781616,0.319854199886322,0.6735327839851379,1.091636061668396,0.8837308883666992,0.355610728263855,0.31254589557647705
0.03162148967385292,0.19840267300605774,0.2755500376224518,0.6754708290100098,0.6253347396850586,1.502726674079895,1.4773062467575073,5.323259353637695,1.1571190357208252,0.18081359565258026,0.4366868734359741,0.6324116587638855,0.23673397302627563,0.00039999998989515007,1.0850763320922852,1.5404750108718872,1.875972032546997,1.8449585437774658,1.0549452304840088,0.44799596071243286,0.130042165517807,0.6888875961303711,0.4225449562072754,0.4066113233566284,0.2982947826385498,0.6093208193778992,1.006675124168396,0.7070279121398926,1.40677011013031,0.6874582171440125,1.224924087524414,0.7045988440513611,0.2664720416069031,0.06850135326385498,1.3029963970184326,0.6683388352394104,0.27434515953063965,1.1241083145141602,0.5678749084472656,0.3798658549785614,1.0063800811767578,1.004683017730713,1.6302038431167603,0.28320667147636414,1.6798053979873657,0.3396541178226471,0.39271315932273865,0.21320031583309174,0.15158915519714355,0.14264704287052155,1.1769979000091553,0.6227710843086243,0.6244582533836365,1.1323760747909546,0.8855417370796204,0.28236737847328186,0.12632867693901062
0.04676475003361702,0.5022332668304443,0.549394965171814,0.7578693628311157,0.6956146955490112,1.6973462104797363,1.6277117729187012,5.320792198181152,1.2341375350952148,0.08210895955562592,0.48757919669151306,0.8348448872566223,0.04397710785269737,0.00039999998989515007,0.935775876045227,1.8657301664352417,1.5497769117355347,1.9163877964019775,0.899563729763031,0.41201379895210266,0.06914941221475601,0.6416842937469482,0.5253358483314514,0.5052357316017151,0.4913192093372345,0.699642539024353,0.8106432557106018,0.623308002948761,1.54827880859375,0.7787113785743713,0.9687572121620178,0.44172513484954834,0.19264279305934906,0.08998432755470276,1.2215920686721802,0.5715032815933228,0.1900130808353424,1.2249586582183838,0.5748714208602905,0.23369258642196655,0.7745181322097778,1.0682733058929443,1.4086862802505493,0.2640722095966339,1.4738799333572388,0.4484662413597107,0.7143118381500244,0.3471919298171997,0.10737620294094086,0.21094390749931335,1.2800521850585938,0.6438355445861816,0.41319626569747925,1.1009242534637451,0.9514257311820984,0.2604021728038788,0.08546055108308792
0.09880198538303375,0.4281977415084839,0.4041936695575714,0.888096272945404,0.7911012172698975,1.4866737127304077,1.3670042753219604,4.760074615478516,1.4333384037017822,0.24263416230678558,0.7160446047782898,0.9367985725402832,0.24123962223529816,0.00039999998989515007,1.0697470903396606,1.8560508489608765,1.9719678163528442,2.2600667476654053,0.8727872967720032,0.4892439842224121,0.03578367829322815,0.8178953528404236,0.6765630841255188,0.4317552149295807,0.5833888053894043,0.8949694037437439,1.1711890697479248,0.7503812909126282,1.3659319877624512,0.5861800909042358,0.9116992950439453,0.34998875856399536,0.11089480668306351,0.1460842788219452,1.2765206098556519,0.5358127355575562,0.2728833556175232,1.2878975868225098,0.7443652153015137,0.33135873079299927,0.8342154026031494,0.9897794127464294,1.6791146993637085,0.1897595375776291,1.361588954925537,0.48990440368652344,0.7381616234779358,0.2193407267332077,0.09980738908052444,0.3368065357208252,1.2377848625183105,0.6680363416671753,0.40083813667297363,1.1160415410995483,0.7988756895065308,0.41935431957244873,0.11719582229852676
0.5025464296340942,0.4899101257324219,0.30509090423583984,0.5465425848960876,0.5246276259422302,1.6689239740371704,0.9540134072303772,5.199036598205566,0.7188964486122131,0.30944886803627014,0.013425487093627453,0.9591113328933716,0.38257738947868347,0.00039999998989515007,0.7103695273399353,1.2462226152420044,2.4033164978027344,1.7721084356307983,0.9306820034980774,0.16913704574108124,0.08678898215293884,0.6688689589500427,0.0617770180106163,0.076827272772789,0.22821564972400665,0.7242783308029175,1.0103564262390137,0.40325257182121277,1.3554999828338623,0.9024956822395325,0.9359972476959229,0.5517425537109375,0.14468157291412354,0.16483794152736664,1.6315068006515503,0.3103635013103485,0.2783517837524414,0.9777698516845703,0.866394579410553,0.7283097505569458,0.9931816458702087,0.9284456372261047,2.1363673210144043,0.15774314105510712,1.3562570810317993,0.6466985940933228,0.23163290321826935,0.15063424408435822,0.4581597149372101,0.5151228308677673,0.5588200092315674,1.3816276788711548,0.5525681376457214,1.1796674728393555,0.7281383275985718,0.0652310699224472,0.2124350517988205
0.15394043922424316,0.45284804701805115,0.4725760817527771,0.9837710857391357,0.8774304986000061,1.699020266532898,1.957871437072754,5.47899866104126,1.3360475301742554,0.041488900780677795,0.5371677875518799,0.5277698636054993,0.19576495885849,0.00039999998989515007,0.954777717590332,1.807277798652649,1.524480938911438,1.821517825126648,1.0262269973754883,0.2613411545753479,0.35872986912727356,0.3617797791957855,0.7976927161216736,0.205825075507164,0.6466875672340393,0.9363214373588562,0.5784764289855957,0.5621294975280762,1.4320307970046997,1.0242390632629395,0.842136800289154,0.3937928378582001,0.576259434223175,0.11422748863697052,0.9189426302909851,0.5229352116584778,0.28533807396888733,1.290296196937561,0.23152709007263184,0.06431858986616135,0.601593017578125,0.9856741428375244,1.0832706689834595,0.4355323612689972,1.029495358467102,0.4255533814430237,0.8397995233535767,0.20153212547302246,0.4477817714214325,0.10498562455177307,1.2517250776290894,0.6500985622406006,0.3704470992088318,0.9627233743667603,1.0579557418823242,0.3775413930416107,0.07206100970506668
0.00691794790327549,0.4915182590484619,0.5782856941223145,1.0337271690368652,0.909018337726593,1.6424504518508911,1.3581100702285767,5.2850022315979,1.7246429920196533,0.27777692675590515,0.8463315963745117,0.5200382471084595,0.03459058329463005,0.00039999998989515007,1.2070186138153076,1.4778974056243896,1.2776294946670532,1.800771951675415,0.9474456310272217,0.4369024634361267,0.3078678548336029,0.8494038581848145,0.8963094353675842,0.2944423258304596,0.7523480653762817,0.589669406414032,0.6831876039505005,0.48320674896240234,1.2316745519638062,0.9596343636512756,0.9154374003410339,0.38618767261505127,0.49486058950424194,0.002583005465567112,1.069204330444336,0.8401699066162109,0.3645975887775421,1.2557233572006226,0.6023538112640381,0.16513590514659882,0.6438183784484863,1.0372490882873535,1.118552327156067,0.3470849096775055,1.4142483472824097,0.3907204270362854,0.6174207329750061,0.526396632194519,0.5313072800636292,0.18917208909988403,1.4855575561523438,0.6255264282226562,0.3288567066192627,0.7553401589393616,1.2340550422668457,0.4605044722557068,0.24566017091274261
0.5495304465293884,1.2575548887252808,0.8778193593025208,0.3410244286060333,0.5517769455909729,2.2064452171325684,2.255589485168457,4.75916862487793,1.0715709924697876,0.674656331539154,0.4519996643066406,1.2248079776763916,0.017132792621850967,0.00039999998989515007,0.5569034218788147,1.776908040046692,0.9737730622291565,1.748634696006775,0.7165171504020691,0.026971375569701195,0.24487122893333435,0.45971742272377014,0.9856163859367371,0.4989926218986511,0.44716891646385193,0.5003221035003662,0.20056040585041046,0.0028893197886645794,1.7620552778244019,0.5966100096702576,1.4644906520843506,0.0589212104678154,0.1304353028535843,0.043019551783800125,1.1323919296264648,0.7990691065788269,0.09413737803697586,1.2105953693389893,0.47868528962135315,0.26068738102912903,0.7063358426094055,1.2626062631607056,1.295889139175415,0.5675342082977295,1.4254931211471558,0.025016065686941147,0.9116979241371155,0.41206276416778564,0.4670584201812744,0.6051487922668457,1.422555923461914,0.27888771891593933,0.48065072298049927,0.7450340986251831,0.7841663956642151,0.24888479709625244,0.43411538004875183
0.039756644517183304,0.36173099279403687,0.21197059750556946,0.7673749327659607,0.7522567510604858,1.2922477722167969,2.161562204360962,5.307587146759033,1.1058107614517212,0.15496768057346344,0.6043664813041687,0.5234865546226501,0.15680885314941406,0.00039999998989515007,0.7581550478935242,2.074967622756958,1.2804738283157349,1.7908196449279785,1.0785819292068481,0.7786176800727844,0.15182019770145416,0.6911213397979736,0.5455222129821777,0.8527296185493469,0.4261515140533447,0.6251215934753418,0.8916271924972534,0.8983269929885864,1.3109210729599,1.0794532299041748,0.9634754657745361,0.16992329061031342,0.5279675126075745,0.17869704961776733,0.8418331146240234,0.3015662133693695,0.1904294639825821,1.1417491436004639,0.6570565700531006,0.09198418259620667,0.8254791498184204,0.8172670006752014,1.2710628509521484,0.3218050003051758,1.4881396293640137,0.8131871223449707,0.2425672858953476,0.4815407693386078,0.12438429147005081,0.13054433465003967,1.620003581047058,0.2033539116382599,0.5075890421867371,0.8579714894294739,0.8571250438690186,0.26174792647361755,0.05582942068576813
0.10482935607433319,0.5651082396507263,0.5066851377487183,0.6352471113204956,0.7317363023757935,1.6884548664093018,1.7718548774719238,5.245309352874756,1.3977222442626953,0.21465113759040833,0.4617217183113098,0.9174848794937134,0.08868138492107391,0.00039999998989515007,1.0493720769882202,2.1236929893493652,1.4545453786849976,1.864140510559082,0.9629129767417908,0.4729422926902771,0.03709922730922699,0.6618106365203857,0.6590098142623901,0.5287202000617981,0.4828839898109436,0.6078668832778931,0.7359095215797424,0.752130925655365,1.5187475681304932,0.6898192167282104,1.0279139280319214,0.47097814083099365,0.24472489953041077,0.10271044820547104,1.1401962041854858,0.49618878960609436,0.2707585394382477,1.141376256942749,0.5872472524642944,0.1862141340970993,0.6893386840820312,1.0490702390670776,1.358582854270935,0.3237153887748718,1.5064231157302856,0.3460744023323059,0.7156147360801697,0.29218265414237976,0.02061275765299797,0.11689041554927826,1.2040281295776367,0.5412725806236267,0.48268750309944153,1.2203952074050903,0.8468379378318787,0.2573443651199341,0.1145295649766922
0.5142263770103455,0.8953582048416138,0.618609607219696,0.320869117975235,0.5921391844749451,2.3889429569244385,2.2132792472839355,5.210910320281982,0.9910196661949158,0.38559582829475403,0.759419858455658,1.002355694770813,0.14441406726837158,0.00039999998989515007,1.0865352153778076,1.7483710050582886,1.3392807245254517,1.7365766763687134,0.6947255730628967,0.018665693700313568,0.07712158560752869,0.3340638279914856,0.7928666472434998,0.35672175884246826,0.619718074798584,0.3878459334373474,0.35255053639411926,0.03804381564259529,1.2824041843414307,0.5028095841407776,1.3410075902938843,0.23750071227550507,0.0940631702542305,0.052676860243082047,1.2637678384780884,1.0589404106140137,0.31236228346824646,1.3021801710128784,0.13208673894405365,0.12158270180225372,0.7376773953437805,1.2859467267990112,1.118974208831787,0.4331274628639221,1.5033327341079712,0.05418221652507782,0.7661999464035034,0.32839229702949524,0.21029478311538696,0.35487568378448486,1.2326409816741943,0.30996572971343994,0.7482667565345764,0.8539702892303467,0.7693658471107483,0.45569753646850586,0.11979828774929047
0.218710258603096,0.40113094449043274,0.44088664650917053,0.5692107677459717,0.8243421912193298,1.6799168586730957,1.6788207292556763,5.267623424530029,1.3726325035095215,0.1288970708847046,0.2507604658603668,0.9180547595024109,0.14417244493961334,0.00039999998989515007,1.0601670742034912,2.0561347007751465,1.7369412183761597,1.764169454574585,0.9741334915161133,0.35178494453430176,0.16611579060554504,0.6034980416297913,0.6734378337860107,0.32462602853775024,0.5264737606048584,0.5385107398033142,0.7520259618759155,0.7143409848213196,1.503294825553894,0.6468804478645325,1.0553282499313354,0.5572811961174011,0.21082919836044312,0.13757827877998352,1.2311450242996216,0.4148607552051544,0.3080129325389862,0.9478432536125183,0.6186755895614624,0.5730982422828674,0.736059844493866,0.9554032683372498,1.3951966762542725,0.15434063971042633,1.826661467552185,0.24072739481925964,0.5456821322441101,0.1198558360338211,0.0794060155749321,0.19117067754268646,0.8990845680236816,0.5967235565185547,0.5323009490966797,1.4280284643173218,0.7594577074050903,0.291612833738327,0.13404637575149536
0.13588100671768188,1.6041195392608643,0.1481105238199234,0.37545809149742126,0.6080588698387146,2.7595419883728027,1.8326389789581299,4.254923343658447,0.5987973213195801,0.5793644785881042,0.5949997305870056,1.8090547323226929,0.07924328744411469,0.00039999998989515007,0.39681708812713623,1.8284821510314941,2.2233388423919678,2.066488027572632,0.438374787569046,0.7246336340904236,0.04547194018959999,0.3076111674308777,0.5924553275108337,0.40252166986465454,0.8606402277946472,0.8077570796012878,0.4914129078388214,0.5407608151435852,1.1970696449279785,0.49480336904525757,0.8967742919921875,0.564483642578125,0.6711297035217285,0.4738980531692505,1.4302012920379639,0.1619856357574463,0.43593496084213257,1.239040493965149,0.4373711049556732,0.6498200297355652,0.4797610938549042,0.8527125716209412,1.6918179988861084,0.16141176223754883,0.8509001135826111,0.2625345289707184,1.122889757156372,0.009050067514181137,0.09754493087530136,0.9418652057647705,0.2654920816421509,1.115321397781372,0.7284292578697205,0.9557542204856873,0.19886212050914764,0.26799121499061584,0.28448906540870667
0.07679908722639084,0.3719467520713806,0.6299939751625061,0.8771723508834839,0.7169955968856812,1.5314620733261108,1.6726230382919312,5.298796653747559,1.2228761911392212,0.009988388977944851,0.6876375675201416,0.600509524345398,0.11261101812124252,0.00039999998989515007,1.109129548072815,1.716384768486023,1.5102120637893677,1.8825461864471436,0.9962670803070068,0.3225456774234772,0.17007975280284882,0.48238128423690796,0.5750630497932434,0.5308576226234436,0.5746184587478638,0.7267065644264221,0.8486749529838562,0.7417329549789429,1.4478545188903809,0.8837754726409912,0.8118486404418945,0.477461576461792,0.28869375586509705,0.09941677749156952,1.0730029344558716,0.6117788553237915,0.3178557753562927,1.402134895324707,0.5206987857818604,0.25468680262565613,0.9059627056121826,1.0440012216567993,1.3722084760665894,0.3937324583530426,1.405615210533142,0.5407685041427612,0.7098975777626038,0.4187556803226471,0.3073044717311859,0.033947765827178955,1.3718619346618652,0.571726381778717,0.3372088074684143,1.0362597703933716,1.0152978897094727,0.3868351876735687,0.10434020310640335
0.19681032001972198,0.7126017212867737,0.05012589693069458,0.6717873215675354,0.7713639140129089,1.8421612977981567,1.226330280303955,4.945861339569092,1.039960503578186,0.6488295793533325,0.12278278917074203,1.4234369993209839,0.08501152694225311,0.00039999998989515007,0.4082387685775757,1.9788868427276611,2.225459098815918,2.114020824432373,0.6851522922515869,0.10742666572332382,0.11336348205804825,0.5863195657730103,0.4746352434158325,0.073301300406456,0.6923534870147705,0.946549654006958,0.7988735437393188,0.21683655679225922,1.3629850149154663,0.7936956882476807,0.4312688112258911,0.24150267243385315,0.24092255532741547,0.10774993151426315,1.5539677143096924,0.0408363863825798,0.4157637655735016,0.8547725677490234,1.0713319778442383,0.8044472932815552,0.5892531871795654,1.0512652397155762,1.6615517139434814,0.10552539676427841,1.2218080759048462,0.695486307144165,0.6616775393486023,0.06512441486120224,0.45802339911460876,0.7596747279167175,0.36517834663391113,1.3011757135391235,0.23870937526226044,1.4075462818145752,0.5465941429138184,0.2845381200313568,0.17315322160720825
0.3094595968723297,0.6257408261299133,0.33799296617507935,0.5753924250602722,0.7499148845672607,1.958396553993225,1.335194706916809,5.288747310638428,0.691978394985199,0.6357192397117615,0.09906910359859467,0.9523134827613831,0.32328397035598755,0.00039999998989515007,0.40102875232696533,1.2509969472885132,2.321209192276001,1.8139513731002808,0.8934745788574219,0.007713347673416138,0.054235924035310745,0.7293652892112732,0.25563156604766846,0.25491517782211304,0.49361705780029297,0.8137315511703491,0.8971583247184753,0.03408927470445633,1.4883160591125488,0.9431106448173523,1.0075739622116089,0.36654940247535706,0.15443743765354156,0.050426091998815536,1.4815653562545776,0.07396942377090454,0.37162911891937256,0.8667908310890198,0.8964433073997498,0.6054598093032837,0.7497138381004333,0.7579838633537292,1.9926331043243408,0.17721016705036163,1.280238389968872,0.5755947828292847,0.2481490671634674,0.005878956988453865,0.4576264023780823,0.7693634033203125,0.7966989278793335,1.0137771368026733,0.4974128305912018,1.000575304031372,0.8893159627914429,0.05997185781598091,0.03702253848314285
0.004560090135782957,0.4115705192089081,0.501488983631134,0.7706788182258606,0.7197648882865906,1.640952467918396,1.661645531654358,5.316126346588135,1.2543127536773682,0.039863280951976776,0.5151406526565552,0.8159911632537842,0.08169519901275635,0.00039999998989515007,0.9570233821868896,1.8677748441696167,1.6225861310958862,1.927302598953247,0.9354920983314514,0.44256162643432617,0.012606091797351837,0.6282775402069092,0.6003726124763489,0.4449898600578308,0.5221304297447205,0.7279016375541687,0.8554821610450745,0.5928126573562622,1.5091922283172607,0.7412207126617432,0.9703189730644226,0.49411436915397644,0.1768408864736557,0.06606610864400864,1.239001989364624,0.5913940668106079,0.21831390261650085,1.2205193042755127,0.5673524737358093,0.25036174058914185,0.7968272566795349,1.0865424871444702,1.4053584337234497,0.25971511006355286,1.4890532493591309,0.435779869556427,0.6529918909072876,0.29206645488739014,0.16494405269622803,0.2358974814414978,1.295257329940796,0.587763249874115,0.40300601720809937,1.0758883953094482,0.95078045129776,0.3116367757320404,0.12313546240329742
0.4830039441585541,0.17725011706352234,0.517566442489624,1.0185798406600952,0.9909341335296631,1.6716973781585693,2.1696600914001465,5.440993785858154,1.225881814956665,0.2752547264099121,0.4393477439880371,0.3110482394695282,0.06975073367357254,0.00039999998989515007,0.7053630352020264,2.0952234268188477,1.1552295684814453,1.7027517557144165,0.7328065037727356,0.5150268077850342,0.005426809657365084,0.6263593435287476,0.8625195622444153,0.5187540054321289,0.6919190287590027,0.7890114188194275,0.5937759876251221,0.6266717910766602,1.1329694986343384,1.2214668989181519,0.7243306636810303,0.40737828612327576,0.7113672494888306,0.06136942654848099,0.8839771151542664,0.6390016674995422,0.43498989939689636,1.108475923538208,0.30967390537261963,0.0026606409810483456,0.5345420241355896,1.373026967048645,0.5290066599845886,0.1461247056722641,1.4340254068374634,0.24390266835689545,0.6440260410308838,0.7379785180091858,0.3632317781448364,0.026682564988732338,1.3605542182922363,0.35618409514427185,0.33187147974967957,0.8015224933624268,1.062109351158142,0.5718645453453064,0.24790805578231812
0.017719119787216187,0.3750770688056946,0.5073810815811157,0.6526312828063965,0.7105978727340698,1.6542457342147827,1.6808096170425415,5.414670467376709,1.4364126920700073,0.032384276390075684,0.5990896821022034,0.7265481352806091,0.028316650539636612,0.00039999998989515007,1.121556043624878,1.6708004474639893,1.5377691984176636,1.8483595848083496,0.909142792224884,0.5408345460891724,0.015886805951595306,0.6934113502502441,0.6768183708190918,0.43561428785324097,0.5360061526298523,0.5400981903076172,0.7630621790885925,0.49723318219184875,1.3842332363128662,0.6535786390304565,1.156442403793335,0.5007176995277405,0.19004984200000763,0.10789692401885986,1.2830913066864014,0.8172330260276794,0.296671599149704,1.0703939199447632,0.5627177357673645,0.23621788620948792,0.7866104245185852,1.0413907766342163,1.4370059967041016,0.252017080783844,1.5438528060913086,0.42464011907577515,0.38046228885650635,0.1870528757572174,0.14704269170761108,0.35269513726234436,1.4910964965820312,0.5119746327400208,0.43497785925865173,0.9727524518966675,1.0035457611083984,0.2806185781955719,0.14995239675045013
0.5461866855621338,0.7868707776069641,0.6086975932121277,0.17318420112133026,0.6084539890289307,2.3401567935943604,2.2129268646240234,5.463462829589844,0.8034648299217224,0.6766995787620544,0.4492220878601074,0.9327696561813354,0.1091407909989357,0.00039999998989515007,1.1111910343170166,2.132246255874634,1.2721227407455444,1.5283321142196655,0.8302518129348755,0.12444151192903519,0.27939456701278687,0.12456431239843369,0.5829090476036072,0.36050158739089966,0.46255549788475037,0.34202298521995544,0.27769652009010315,0.18569529056549072,1.4201773405075073,0.5293787717819214,1.188995599746704,0.3758898079395294,0.11527115851640701,0.12632058560848236,1.1344777345657349,0.800631582736969,0.38326704502105713,1.264363408088684,0.026713915169239044,0.3206852674484253,0.7042658925056458,1.2101645469665527,0.9307880401611328,0.43444687128067017,1.683293104171753,0.14477260410785675,0.7784349322319031,0.30922406911849976,0.25626781582832336,0.0027139524463564157,0.7897964119911194,0.2697922885417938,0.8148936629295349,1.1032682657241821,0.7169898152351379,0.47173163294792175,0.013896957039833069
0.42791351675987244,0.9738869071006775,0.8915801644325256,0.07210108637809753,0.5641902685165405,1.9386258125305176,1.9011709690093994,5.149726867675781,1.069307565689087,0.5934757590293884,0.6168642044067383,0.6883511543273926,0.014581479132175446,0.00039999998989515007,1.3278881311416626,1.241382122039795,0.5654857158660889,1.5354558229446411,0.6825427412986755,0.45578593015670776,0.053977660834789276,0.2144699990749359,0.8704090714454651,0.517643928527832,0.4003433883190155,0.09557375311851501,0.04803333804011345,0.03575804829597473,1.1490610837936401,0.7370401620864868,1.2194688320159912,0.3859940469264984,0.005581521894782782,0.8840453028678894,1.2965914011001587,1.6510237455368042,0.5073115229606628,1.2877553701400757,0.5047144889831543,0.3464962840080261,0.9464711546897888,1.6644046306610107,1.2537113428115845,0.8128978610038757,1.3250465393066406,0.13981030881404877,0.03647119924426079,0.6764131188392639,0.08144400268793106,0.513857364654541,1.6462695598602295,0.1707203984260559,0.24207250773906708,0.3377360999584198,1.086885929107666,0.6778250932693481,0.08493019640445709
0.3226376473903656,0.18440556526184082,0.15670400857925415,0.7433048486709595,1.0151947736740112,1.6628459692001343,2.442749500274658,5.579838752746582,0.0911097377538681,0.393461138010025,0.17273585498332977,0.1343560367822647,0.14635847508907318,0.00039999998989515007,0.44514498114585876,2.306628704071045,1.516031265258789,1.6705958843231201,0.7776261568069458,0.4201875627040863,0.2735566794872284,0.3937896192073822,0.3277762830257416,0.5121657252311707,0.4736402928829193,1.0170936584472656,0.9189977645874023,0.6380295753479004,1.1681708097457886,1.258249044418335,0.44951537251472473,0.6262942552566528,0.9166104197502136,0.09953365474939346,0.9868722558021545,0.14250677824020386,0.2657742500305176,1.1141467094421387,0.3138674199581146,0.12425290793180466,0.7359104752540588,1.2395188808441162,0.4993821084499359,0.2935658097267151,1.4571987390518188,0.17747600376605988,0.6077876091003418,0.4942517876625061,0.3766082227230072,0.09905289858579636,0.9304295778274536,0.10637971758842468,0.48018336296081543,0.8469980359077454,1.089237093925476,0.3934374153614044,0.30221307277679443
0.048816386610269547,0.4127105176448822,0.6497989296913147,0.6703469157218933,0.7080807685852051,1.6969047784805298,1.561216950416565,5.343428134918213,1.4647037982940674,0.09690648317337036,0.35768401622772217,0.8972260355949402,0.010824504308402538,0.00039999998989515007,1.0372440814971924,1.9488509893417358,1.5882047414779663,1.901321530342102,0.7495709657669067,0.4028816819190979,0.07776432484388351,0.6874446868896484,0.571497917175293,0.505612850189209,0.5867465138435364,0.5937708020210266,0.7583944797515869,0.727788507938385,1.4473116397857666,0.6760104894638062,0.8616933226585388,0.5071343779563904,0.10348693281412125,0.08103203773498535,1.280455470085144,0.6214098334312439,0.23472918570041656,1.0195516347885132,0.731224775314331,0.427335649728775,0.7107786536216736,1.1086760759353638,1.4360506534576416,0.10948586463928223,1.5669231414794922,0.4651159346103668,0.6079704165458679,0.30344799160957336,0.18605291843414307,0.23453296720981598,1.1826293468475342,0.7772514820098877,0.31236544251441956,1.2866880893707275,0.873231828212738,0.21693594753742218,0.1799575537443161
0.21468585729599,0.024773141369223595,0.864098310470581,1.1941003799438477,0.9713200330734253,1.2443783283233643,0.8375765681266785,5.480027675628662,1.6439619064331055,0.4302220344543457,0.6444371938705444,0.35704320669174194,0.13449908792972565,0.00039999998989515007,1.28842031955719,1.531771183013916,1.2184078693389893,1.6112366914749146,1.1148062944412231,0.5409301519393921,0.2193656861782074,0.429191529750824,0.7547351717948914,0.007717170286923647,0.7670438289642334,0.7622754573822021,0.7451509833335876,0.33283278346061707,1.5928318500518799,0.8099175095558167,0.46262505650520325,0.8871851563453674,0.4988393783569336,0.1431812196969986,1.2288546562194824,0.6811547875404358,0.4643780291080475,1.1732842922210693,0.31643712520599365,0.2309451699256897,0.5343190431594849,1.0189999341964722,0.8158918619155884,0.16233707964420319,1.1871017217636108,0.4314785301685333,0.6749435067176819,0.048751477152109146,0.9911602735519409,0.18591831624507904,1.363434910774231,0.5216545462608337,0.18386200070381165,0.8463974595069885,1.5969994068145752,0.5429835319519043,0.6249415278434753
0.2958730161190033,0.47064030170440674,0.9451529383659363,0.7118723392486572,0.7917343974113464,1.7370166778564453,1.6873822212219238,5.098221778869629,1.6420512199401855,0.04223300516605377,0.369900107383728,0.8805565237998962,0.005364218261092901,0.00039999998989515007,0.9069799780845642,1.753940463066101,1.329725980758667,1.8365812301635742,0.6612577438354492,0.41021403670310974,0.2540634870529175,0.7971439361572266,0.949357271194458,0.41887474060058594,0.676662266254425,0.5177168250083923,0.5856136083602905,0.5178045034408569,1.556078553199768,0.6535060405731201,1.079680323600769,0.5390945672988892,0.10368649661540985,0.04760916531085968,1.2824121713638306,0.7689045667648315,0.33294156193733215,0.9297990798950195,0.7495703101158142,0.23089724779129028,0.670212984085083,1.2830365896224976,1.287458062171936,0.12784193456172943,1.7497159242630005,0.178725928068161,0.6553686857223511,0.36423608660697937,0.22362981736660004,0.46448224782943726,1.4231228828430176,0.5928108096122742,0.16817496716976166,1.1323713064193726,1.0011178255081177,0.23962245881557465,0.05911996588110924
0.2887704372406006,0.8885346055030823,0.024815574288368225,0.5792117118835449,0.6399336457252502,2.3754167556762695,0.893975019454956,5.26055908203125,1.2935019731521606,0.7041557431221008,0.09516342729330063,1.1197444200515747,0.07635076344013214,0.00039999998989515007,0.5607646703720093,1.0571086406707764,1.9196712970733643,1.7136586904525757,0.4511259198188782,0.14950893819332123,0.3106878995895386,1.066902756690979,0.37579965591430664,0.257249653339386,0.5985531210899353,0.4981897473335266,0.5132297277450562,0.23966865241527557,1.250807285308838,0.8241794109344482,1.0895158052444458,0.2565380334854126,0.050104279071092606,0.11010635644197464,1.7105181217193604,0.7140224575996399,0.33416882157325745,0.671091616153717,0.9627176523208618,0.5799392461776733,0.5187976956367493,1.078903079032898,1.7625943422317505,0.057400938123464584,1.34253990650177,0.3603723347187042,0.35793396830558777,0.3286069631576538,0.5360696911811829,1.0331419706344604,0.7814900875091553,1.4934033155441284,0.4122723340988159,0.8774846196174622,0.9505745768547058,0.05100734531879425,0.14119313657283783
0.4797610342502594,0.751598596572876,0.6807335615158081,0.5210167169570923,0.6310195326805115,2.1743338108062744,2.3132164478302,5.261354923248291,0.7481107115745544,0.49499326944351196,0.6679001450538635,1.0967644453048706,0.1826765239238739,0.00039999998989515007,0.7286303639411926,2.5007755756378174,1.3411059379577637,1.84238862991333,0.6783701777458191,0.2948358654975891,0.15146301686763763,0.2704145908355713,0.6803194284439087,0.4282563328742981,0.6301527619361877,0.7573757171630859,0.5645574331283569,0.13139739632606506,1.4816313982009888,0.47608694434165955,0.9132949113845825,0.20809951424598694,0.031322721391916275,0.4039610028266907,1.0775630474090576,0.6090246438980103,0.21299749612808228,1.4114547967910767,0.011605734936892986,0.07853320986032486,0.47047874331474304,1.3205018043518066,0.6999833583831787,0.3144669532775879,1.3754111528396606,0.036220043897628784,1.2006964683532715,0.3420574963092804,0.2545483112335205,0.09532681852579117,1.0564627647399902,0.1555299460887909,0.6707963347434998,0.9336019158363342,0.7304512858390808,0.47550979256629944,0.010445019230246544
0.028018267825245857,0.10050269961357117,0.5161161422729492,0.8841467499732971,0.5665059089660645,1.4394434690475464,1.5960474014282227,4.9352264404296875,1.2504242658615112,0.04770578071475029,0.5179827809333801,0.7282829284667969,0.2001994103193283,0.00039999998989515007,0.8047903776168823,1.621828317642212,1.8976733684539795,2.0774986743927,0.7772178649902344,0.7737705111503601,0.07636874169111252,0.9114983677864075,0.5484424829483032,0.5933855772018433,0.41011476516723633,0.8167365193367004,1.2076877355575562,0.7754111886024475,1.4577351808547974,0.5564893484115601,1.1359859704971313,0.7030966877937317,0.02813633903861046,0.13099145889282227,1.2943905591964722,0.6322125792503357,0.20773319900035858,1.1025625467300415,0.7086157202720642,0.17335940897464752,0.9409359097480774,1.1875272989273071,1.6341207027435303,0.14328019320964813,1.5369539260864258,0.35150375962257385,0.6723552942276001,0.30067571997642517,0.12532326579093933,0.2636195123195648,1.4924342632293701,0.5879210233688354,0.4152795374393463,1.107987642288208,0.8594145178794861,0.14955708384513855,0.010419213213026524
0.49063539505004883,0.014532193541526794,0.06553850322961807,1.1483654975891113,0.6612610816955566,1.5492033958435059,0.8295941352844238,5.469955921173096,1.0547308921813965,0.6489692330360413,0.016226746141910553,0.8511133193969727,0.009198587387800217,0.00039999998989515007,0.46163785457611084,1.7026540040969849,2.1660068035125732,1.4823518991470337,1.1658217906951904,0.5938500165939331,0.15088051557540894,0.40082037448883057,0.136504665017128,0.6078073382377625,0.5308919548988342,0.9138017296791077,0.9657412767410278,0.06116180494427681,1.8806110620498657,0.5701315999031067,0.6449110507965088,0.8944834470748901,0.4285617172718048,0.8071718811988831,1.3987340927124023,0.3989793360233307,0.35377180576324463,0.6079809069633484,0.1508437544107437,0.7535139322280884,0.28547966480255127,0.400357723236084,1.2789853811264038,0.2063625603914261,1.0460330247879028,0.3540249764919281,0.9647084474563599,0.7221788763999939,0.9446220397949219,0.26301753520965576,0.43936634063720703,1.0932488441467285,0.24988307058811188,1.396649718284607,1.0466710329055786,0.21520069241523743,0.404730886220932
0.41725653409957886,0.6249159574508667,0.09425679594278336,0.9495132565498352,0.5410932898521423,1.688527226448059,1.5987485647201538,4.981368541717529,1.09116792678833,0.703141987323761,0.3772011697292328,1.0900050401687622,0.2721356749534607,0.00039999998989515007,0.3921476900577545,1.6245229244232178,2.122825860977173,2.1029772758483887,0.775240421295166,0.2556760907173157,0.39384204149246216,0.793748676776886,0.36092495918273926,0.07323699444532394,0.6216344237327576,0.9179750680923462,1.0019022226333618,0.5167093873023987,1.3605287075042725,0.9009199738502502,0.7039697170257568,0.24927224218845367,0.1372365653514862,0.274669349193573,1.2702034711837769,0.05649549141526222,0.4192989766597748,1.0339035987854004,0.9371683597564697,0.43396326899528503,0.7080776691436768,0.8822140097618103,1.9327070713043213,0.13513875007629395,0.9646762013435364,0.8448277115821838,0.7502115964889526,0.2212914228439331,0.5442951917648315,0.419513463973999,1.0101946592330933,1.2939753532409668,0.3015190064907074,1.1793444156646729,0.6374328136444092,0.16405847668647766,0.026438536122441292
0.6689445972442627,0.7411695718765259,0.6554425358772278,0.5052869319915771,0.7605772614479065,2.3247745037078857,2.3577346801757812,5.176198959350586,1.0368566513061523,0.2957930862903595,0.6098273992538452,1.1323235034942627,0.19261741638183594,0.00039999998989515007,0.8898851275444031,2.621208906173706,1.314839243888855,1.863471508026123,0.6319493055343628,0.20103581249713898,0.24290679395198822,0.2812352776527405,0.8566023111343384,0.31879109144210815,0.7912091016769409,0.5784459114074707,0.42974868416786194,0.21109916269779205,1.351615309715271,0.4475334584712982,0.8585476279258728,0.21850016713142395,0.03911649063229561,0.5226104855537415,1.047983169555664,0.4746394157409668,0.33880728483200073,1.2240478992462158,0.05957392603158951,0.300822377204895,0.38858380913734436,1.2535499334335327,0.6454463005065918,0.1698857694864273,1.499743938446045,0.15032607316970825,1.1883845329284668,0.29367321729660034,0.15461352467536926,0.08353108912706375,0.8066295385360718,0.23027274012565613,0.6172065734863281,1.2096703052520752,0.606823742389679,0.481726735830307,0.05102730542421341
0.031930532306432724,0.2920301854610443,0.4270322620868683,1.0206431150436401,0.8833789825439453,1.3198012113571167,1.6988608837127686,4.849937915802002,1.618773341178894,0.4669579863548279,0.8428250551223755,0.8047614097595215,0.27139851450920105,0.00039999998989515007,1.1400620937347412,2.067275047302246,1.8269703388214111,2.2077507972717285,0.9403154850006104,0.567988932132721,0.10718612372875214,0.6920334100723267,0.9137774705886841,0.3159277141094208,0.830497145652771,0.8719621896743774,1.0825302600860596,0.9143197536468506,1.2174947261810303,0.6514797806739807,0.6342743039131165,0.399242103099823,0.14823614060878754,0.3257029354572296,1.009227991104126,0.283181756734848,0.34734368324279785,1.2669625282287598,0.7125033736228943,0.38242122530937195,0.6938034296035767,0.9509606957435608,1.4125920534133911,0.23662617802619934,1.2738087177276611,0.5428903698921204,0.8058227300643921,0.19607166945934296,0.42739295959472656,0.019161289557814598,1.2393122911453247,0.5903406739234924,0.26205649971961975,1.2317557334899902,0.7682850360870361,0.4036729335784912,0.23138085007667542
0.4497518539428711,0.7975866794586182,0.7435758113861084,0.36261340975761414,0.5572572946548462,2.333176851272583,2.266266345977783,5.429692268371582,0.9175927639007568,0.38007962703704834,0.6942096948623657,0.9473786950111389,0.1805303692817688,0.00039999998989515007,1.015684962272644,1.9456309080123901,1.2721850872039795,1.783097743988037,0.6634668707847595,0.008798457682132721,0.03245794028043747,0.23876681923866272,0.6972974538803101,0.42886966466903687,0.6077057719230652,0.4597305655479431,0.3542957305908203,0.06586810201406479,1.3652719259262085,0.5101457834243774,1.1499454975128174,0.25431904196739197,0.06721995770931244,0.13163532316684723,1.1686017513275146,0.9571425914764404,0.31006500124931335,1.3346120119094849,0.10745303332805634,0.16423629224300385,0.7009857296943665,1.2962841987609863,1.0138591527938843,0.40116387605667114,1.4645196199417114,0.007654022891074419,0.8565204739570618,0.36238589882850647,0.17042890191078186,0.17745502293109894,1.1776257753372192,0.29695284366607666,0.6456946134567261,0.9108375906944275,0.7838605642318726,0.4277734160423279,0.08890190720558167
0.1449940800666809,0.17037425935268402,0.2704997658729553,0.7674115300178528,0.945732057094574,1.7317180633544922,1.984193205833435,5.47782564163208,0.7906404137611389,0.08514135330915451,0.18242999911308289,0.47504106163978577,0.3413257896900177,0.00039999998989515007,0.6993261575698853,2.0954504013061523,1.7805097103118896,1.8817622661590576,0.9115108251571655,0.36263468861579895,0.12239395081996918,0.5251908302307129,0.5193356871604919,0.2710086703300476,0.49416887760162354,1.0778748989105225,0.8848455548286438,0.7358567118644714,1.5189666748046875,0.9426184296607971,0.6732339262962341,0.7578562498092651,0.6342069506645203,0.3411622643470764,0.9852755665779114,0.10017332434654236,0.22803457081317902,1.1175657510757446,0.5320883989334106,0.08510308712720871,0.6070750951766968,1.0470349788665771,1.172957181930542,0.4535027742385864,1.1613534688949585,0.1881757229566574,0.8550472855567932,0.2073424905538559,0.3955634534358978,0.2115969955921173,0.9322234392166138,0.47711268067359924,0.40436506271362305,1.1786303520202637,1.052122950553894,0.14238643646240234,0.08112288266420364
0.3313077688217163,0.19935229420661926,0.35905197262763977,0.737214207649231,0.4830710291862488,1.7599393129348755,1.22140371799469,5.465019702911377,0.8105452656745911,0.2888873815536499,0.13094288110733032,0.75673508644104,0.25809600949287415,0.00039999998989515007,0.6097956299781799,1.2329237461090088,2.417417049407959,1.6949937343597412,0.9240907430648804,0.25165870785713196,0.07116460800170898,0.827386200428009,0.04338417574763298,0.07456207275390625,0.2747134566307068,0.6914733648300171,1.0859748125076294,0.33247101306915283,1.2634835243225098,0.8115071654319763,1.153051495552063,0.666527509689331,0.32644519209861755,0.0015218547778204083,1.5404342412948608,0.3386360704898834,0.24490272998809814,0.8477104902267456,0.663906455039978,0.7104558348655701,0.9224768877029419,0.8965286612510681,1.8605031967163086,0.03529861941933632,1.5100958347320557,0.46859151124954224,0.28469884395599365,0.1129944697022438,0.4986775815486908,0.40175119042396545,0.6945552825927734,1.221457839012146,0.734183132648468,1.1477116346359253,0.7595904469490051,0.01906990073621273,0.18044978380203247
0.1399359256029129,0.24466294050216675,0.35241198539733887,0.6016715168952942,0.8545083403587341,1.6694666147232056,1.6929881572723389,5.500336647033691,1.0276402235031128,0.09888451546430588,0.33992329239845276,0.654860258102417,0.1709567904472351,0.00039999998989515007,0.9742565751075745,1.9149574041366577,1.7008769512176514,1.7721890211105347,0.9509244561195374,0.3754679262638092,0.2640257775783539,0.6051279902458191,0.5541792511940002,0.3761518895626068,0.4959476888179779,0.6921494007110596,0.8490844964981079,0.5500880479812622,1.4363449811935425,0.7986162304878235,0.9379667043685913,0.674981951713562,0.2922288775444031,0.02230004221200943,1.2553322315216064,0.5513083338737488,0.32018035650253296,1.1182438135147095,0.6067515015602112,0.3497242033481598,0.7973490357398987,1.1568890810012817,1.313033103942871,0.2648111879825592,1.6789698600769043,0.29679399728775024,0.3932250440120697,0.31812021136283875,0.19599395990371704,0.18453659117221832,1.1178975105285645,0.39993563294410706,0.4612078368663788,1.1147949695587158,1.0127878189086914,0.40014609694480896,0.18631263077259064
0.14520911872386932,0.144950732588768,0.14691224694252014,0.8606040477752686,0.7588342428207397,1.1412051916122437,2.061460256576538,5.4530134201049805,1.1836585998535156,0.0454840324819088,0.6699212193489075,0.2698628902435303,0.16479521989822388,0.00039999998989515007,0.8936882615089417,1.9831417798995972,1.2787201404571533,1.6617803573608398,1.161084771156311,0.8548808097839355,0.14526712894439697,0.7103524804115295,0.4935969114303589,0.8394685387611389,0.42181310057640076,0.6041794419288635,0.9400473237037659,1.010162591934204,1.1810266971588135,1.109109878540039,0.8961238861083984,0.26076075434684753,0.7295007109642029,0.23073382675647736,0.743767499923706,0.334806889295578,0.2767043113708496,1.1239707469940186,0.6362737417221069,0.16216349601745605,0.8406940698623657,0.7323720455169678,1.1984602212905884,0.33233413100242615,1.474544644355774,0.8881555199623108,0.09799705445766449,0.4895598888397217,0.048192914575338364,0.07808602601289749,1.6162618398666382,0.20529590547084808,0.5133119821548462,0.8072758316993713,0.9438226222991943,0.2877294719219208,0.17610697448253632
0.39021191000938416,0.1018538549542427,0.5577890872955322,0.8075571060180664,0.629278302192688,1.075067400932312,1.2064039707183838,5.2817559242248535,0.9219085574150085,0.23068691790103912,0.4269234836101532,0.6511929035186768,0.19140534102916718,0.00039999998989515007,0.9963177442550659,1.9810010194778442,1.6073518991470337,1.8743666410446167,0.9558754563331604,0.5163083672523499,0.14684967696666718,0.548785924911499,0.20024265348911285,0.6786225438117981,0.2856712341308594,0.9982724785804749,1.148451566696167,0.9030607342720032,1.528587818145752,0.8185328841209412,0.5274166464805603,0.780987560749054,0.21100488305091858,0.16995850205421448,1.3126182556152344,0.6887003779411316,0.23898003995418549,1.4133630990982056,0.621637225151062,0.0290495865046978,0.8930603861808777,1.3515114784240723,1.407381296157837,0.35154423117637634,1.2046459913253784,0.6762491464614868,0.5906461477279663,0.4517781436443329,0.242344930768013,0.002833211561664939,1.371323585510254,0.5777249336242676,0.17519935965538025,0.9437403678894043,1.1172233819961548,0.47080937027931213,0.44031912088394165
0.021593760699033737,0.25185564160346985,0.626024067401886,0.979763388633728,0.7200141549110413,1.3049888610839844,1.5063917636871338,4.466084957122803,1.5375521183013916,0.2071133404970169,0.6794084310531616,0.9500999450683594,0.2943025529384613,0.00039999998989515007,0.9703078866004944,1.8683897256851196,2.0095252990722656,2.258371353149414,0.7546307444572449,0.6613101959228516,0.10434134304523468,0.8751190304756165,0.7860565185546875,0.5362461805343628,0.6191673874855042,0.9400480389595032,1.2701442241668701,0.9558635950088501,1.4133561849594116,0.45793214440345764,0.9072101712226868,0.47250106930732727,0.19376182556152344,0.2560107409954071,1.2323845624923706,0.4958198070526123,0.3057587146759033,1.1977920532226562,0.8233548998832703,0.2999184727668762,0.879699170589447,1.0744175910949707,1.7219358682632446,0.12018396705389023,1.4094231128692627,0.46068915724754333,0.8474395871162415,0.19509842991828918,0.11192239820957184,0.25870195031166077,1.3643664121627808,0.6532356142997742,0.2755937874317169,1.2397013902664185,0.7081776261329651,0.3093397319316864,0.04054616391658783
0.07396180182695389,0.04402456432580948,0.35371458530426025,0.813090443611145,0.6820713877677917,1.346811294555664,1.9939543008804321,5.365842819213867,1.1391648054122925,0.18038968741893768,0.6100599765777588,0.4379846155643463,0.04449866712093353,0.00039999998989515007,1.037667989730835,2.243201971054077,1.4234113693237305,1.6995925903320312,0.9140024185180664,0.872631847858429,0.24346227943897247,0.7056551575660706,0.33699578046798706,0.9448989629745483,0.4512256681919098,0.601302444934845,1.0250872373580933,1.1840064525604248,1.1532107591629028,0.8970147371292114,0.7775015830993652,0.4729164242744446,0.5290204286575317,0.06232169270515442,0.8840715885162354,0.425094872713089,0.3808560371398926,1.1471352577209473,0.508769690990448,0.28268319368362427,0.7963961362838745,0.9744047522544861,1.105691909790039,0.1742476224899292,1.5685847997665405,0.6339110732078552,0.45038527250289917,0.56763756275177,0.02482604794204235,0.2674787938594818,1.3702905178070068,0.34656378626823425,0.5732877850532532,1.142543077468872,0.8037518262863159,0.2705345153808594,0.26060950756073
0.12391302734613419,0.5042284727096558,0.5103234648704529,0.8769375681877136,0.7483474612236023,1.400686502456665,1.836737871170044,5.2747483253479,1.418318510055542,0.015293796546757221,0.6091107726097107,0.6607562303543091,0.16817606985569,0.00039999998989515007,0.9146749973297119,1.8798872232437134,1.3667316436767578,1.8006829023361206,1.1372685432434082,0.5353166460990906,0.23306816816329956,0.6338885426521301,0.7045912742614746,0.5834100246429443,0.5140698552131653,0.7292694449424744,0.7923970222473145,0.7966451644897461,1.587380290031433,0.8971256017684937,0.9632748365402222,0.30202168226242065,0.42469754815101624,0.003364351112395525,0.9181637763977051,0.38337960839271545,0.19720901548862457,1.2181849479675293,0.6985816955566406,0.1165822446346283,0.7926573753356934,0.7909386157989502,1.4665125608444214,0.4498801827430725,1.3411270380020142,0.720879077911377,0.5569772720336914,0.28669559955596924,0.1282050758600235,0.05895480513572693,1.5205693244934082,0.4730909466743469,0.3318226933479309,0.9566795229911804,1.0034927129745483,0.2105947732925415,0.009202530607581139
0.05048000440001488,0.1940287947654724,0.5174056887626648,1.1102157831192017,0.7845409512519836,1.4048486948013306,1.7173190116882324,5.186248302459717,1.1307960748672485,0.022777952253818512,0.7008910775184631,0.6616422533988953,0.08889903128147125,0.00039999998989515007,0.85500568151474,2.06756591796875,1.7079302072525024,1.85736083984375,1.0227572917938232,0.6989752650260925,0.06691417098045349,0.5845146179199219,0.607978105545044,0.4698343276977539,0.6327124834060669,1.0054584741592407,1.0935449600219727,0.7242907285690308,1.5091919898986816,0.7947816252708435,0.7041915655136108,0.4902489483356476,0.32933011651039124,0.3381975591182709,1.0257923603057861,0.35992923378944397,0.23012399673461914,1.3876415491104126,0.4109358489513397,0.2330361008644104,0.7247023582458496,1.0101561546325684,1.1253970861434937,0.2650873363018036,1.3591663837432861,0.506484866142273,0.9355774521827698,0.3030587434768677,0.29872632026672363,0.07537379115819931,1.3122050762176514,0.4418908655643463,0.39921605587005615,1.0284286737442017,1.0010586977005005,0.4077354371547699,0.17914383113384247
0.06071572005748749,0.39618635177612305,0.6143069267272949,0.7824234962463379,0.7359552979469299,1.6374576091766357,1.7821661233901978,5.2245049476623535,1.2288273572921753,0.09111406654119492,0.4747702479362488,0.8738215565681458,0.08478187769651413,0.00039999998989515007,0.9226519465446472,2.0493056774139404,1.6025214195251465,1.8695250749588013,0.8870801329612732,0.45722541213035583,0.0091025922447443,0.5879076719284058,0.6348413228988647,0.5164511799812317,0.5709875226020813,0.7767846584320068,0.8538103103637695,0.6747133731842041,1.5569448471069336,0.7102922797203064,0.8766525983810425,0.5181453227996826,0.13879744708538055,0.14100144803524017,1.210955023765564,0.5292009711265564,0.23717257380485535,1.2142730951309204,0.5770359039306641,0.24507834017276764,0.7687356472015381,1.1475728750228882,1.3550639152526855,0.25261810421943665,1.48849618434906,0.4275227189064026,0.7602848410606384,0.3013482391834259,0.12860137224197388,0.14749884605407715,1.2705923318862915,0.5506683588027954,0.3517388105392456,1.1654809713363647,0.9107407331466675,0.3147304952144623,0.1106039509177208
0.16217108070850372,0.28706562519073486,0.7140631079673767,0.8542385101318359,0.7010452747344971,1.5574487447738647,1.7772892713546753,4.967609882354736,1.3183631896972656,0.1268765777349472,0.4259266257286072,0.9083739519119263,0.12850014865398407,0.00039999998989515007,0.8086807727813721,1.9575257301330566,1.6913526058197021,1.9288591146469116,0.7887846231460571,0.6099497675895691,0.07982001453638077,0.7313092947006226,0.7300405502319336,0.535487711429596,0.5671588778495789,0.7916497588157654,0.9602488875389099,0.7385585904121399,1.5937823057174683,0.6074893474578857,0.9881182312965393,0.6175878047943115,0.04922325164079666,0.2250055968761444,1.2488421201705933,0.5209972858428955,0.24412821233272552,1.1029399633407593,0.6524458527565002,0.21833954751491547,0.7974169254302979,1.216513991355896,1.4147216081619263,0.15462708473205566,1.5925706624984741,0.30839353799819946,0.8370015025138855,0.2862677574157715,0.11575363576412201,0.22785113751888275,1.3458657264709473,0.5559585094451904,0.3119752109050751,1.2391127347946167,0.8488293886184692,0.2314973622560501,0.0358266718685627
0.020496990531682968,0.24368494749069214,0.4737072288990021,0.7826775908470154,0.7216825485229492,1.4284859895706177,1.763092279434204,5.131885528564453,1.4052972793579102,0.0005425279377959669,0.6168996691703796,0.7247970104217529,0.19421549141407013,0.00039999998989515007,1.1048072576522827,1.8406587839126587,1.7313365936279297,1.9034510850906372,0.9641744494438171,0.6273005604743958,0.015868712216615677,0.7128405570983887,0.6870341897010803,0.5409418940544128,0.5386995077133179,0.6999495625495911,0.9879559278488159,0.8426330089569092,1.375227689743042,0.6411405801773071,1.0374969244003296,0.5680568218231201,0.19530309736728668,0.032602015882730484,1.1664366722106934,0.6048675775527954,0.334018349647522,1.1541529893875122,0.6536775231361389,0.26580384373664856,0.8754212260246277,1.0242900848388672,1.5325922966003418,0.28614410758018494,1.5235145092010498,0.48468369245529175,0.5173618793487549,0.21931293606758118,0.1330096423625946,0.1039949506521225,1.415310263633728,0.5037816166877747,0.43837231397628784,1.1453887224197388,0.8639634847640991,0.28733372688293457,0.12192457169294357
0.27853235602378845,0.5921489596366882,0.02296498604118824,0.8811967372894287,0.6180815100669861,2.062389373779297,0.9273478388786316,5.165441036224365,1.2441818714141846,0.6509295105934143,0.32522016763687134,0.9005475044250488,0.02231980487704277,0.00039999998989515007,0.4790097773075104,0.80811607837677,1.9517204761505127,1.7631564140319824,0.5288306474685669,0.19823770225048065,0.2722828984260559,1.1836880445480347,0.47327733039855957,0.16728001832962036,0.5730830430984497,0.6694297790527344,0.7692731022834778,0.2793445289134979,1.1734358072280884,0.8969873189926147,1.1654207706451416,0.39603739976882935,0.09916169196367264,0.27305084466934204,1.763588309288025,0.9002854824066162,0.316996693611145,0.7896348237991333,0.8863094449043274,0.2925214469432831,0.6725571155548096,1.2519081830978394,1.7052245140075684,0.03221719339489937,1.2628250122070312,0.4410150945186615,0.29324373602867126,0.39606067538261414,0.6583978533744812,1.1086376905441284,1.2260125875473022,1.3179054260253906,0.3471290171146393,0.5834600925445557,1.105958342552185,0.09307566285133362,0.18965767323970795
0.39139869809150696,0.1999785304069519,0.7409261465072632,0.9589999318122864,0.6812392473220825,1.6714895963668823,1.7927677631378174,5.5423808097839355,0.7259137630462646,0.540298581123352,0.44589516520500183,0.5819857120513916,0.1347007304430008,0.00039999998989515007,0.43736836314201355,1.8642224073410034,2.120182991027832,1.6491358280181885,0.9374536275863647,0.6918061971664429,0.328566312789917,0.9224611520767212,0.04989379644393921,0.24567236006259918,0.5058887600898743,0.7551157474517822,1.1618226766586304,0.5357208251953125,0.8791012167930603,1.1960270404815674,0.7761999368667603,0.18610069155693054,0.6625564694404602,0.024264823645353317,1.143203854560852,0.058148548007011414,0.2940695583820343,0.8949562907218933,0.6282687783241272,0.6089724898338318,0.6777734756469727,0.7009311318397522,1.3958238363265991,0.056320223957300186,1.291801929473877,0.9043533205986023,0.1652996838092804,0.4037524461746216,0.372919499874115,0.2667218744754791,0.9064286947250366,0.9122456908226013,0.8061474561691284,0.942395806312561,0.6808243989944458,0.0630568265914917,0.3217313289642334
0.048158057034015656,0.40331581234931946,0.5257582068443298,0.8749029636383057,0.7154806852340698,1.642325520515442,1.5457268953323364,5.082010269165039,1.5108752250671387,0.10606379061937332,0.5170527696609497,0.8327059745788574,0.0836390033364296,0.00039999998989515007,0.9886975288391113,1.9375393390655518,1.6800628900527954,1.888299584388733,0.9030852913856506,0.593859851360321,0.029923781752586365,0.8894267082214355,0.6830412745475769,0.5559159517288208,0.4869202673435211,0.7378809452056885,0.9538714289665222,0.8054801821708679,1.4547914266586304,0.6333907842636108,1.0924733877182007,0.4839251637458801,0.19395595788955688,0.15040446817874908,1.1548399925231934,0.6133853197097778,0.2829606235027313,1.1493561267852783,0.6798118352890015,0.26432716846466064,0.7652220726013184,1.035622477531433,1.4166698455810547,0.22114983201026917,1.5841971635818481,0.32736736536026,0.7760779857635498,0.372516393661499,0.024831105023622513,0.09946184605360031,1.200219988822937,0.6493622660636902,0.5401679277420044,1.154921293258667,0.8593196868896484,0.29611891508102417,0.07711947709321976
0.4382830560207367,0.5934011340141296,0.7090558409690857,0.6789093613624573,0.5631062984466553,2.234637498855591,2.29374098777771,5.136632919311523,0.6039404273033142,0.4362051784992218,0.857631504535675,0.9854027628898621,0.23841053247451782,0.00039999998989515007,0.7747631669044495,2.233415365219116,1.5296986103057861,1.7668592929840088,0.5684791207313538,0.3784462511539459,0.11648066341876984,0.2980535328388214,0.6036071181297302,0.4888814687728882,0.6997833847999573,0.8338270783424377,0.7279102802276611,0.09184106439352036,1.3271403312683105,0.4671172499656677,0.9172453284263611,0.2923421561717987,0.10263840854167938,0.48219335079193115,1.1499922275543213,0.8110533356666565,0.23878702521324158,1.5295594930648804,0.1092788428068161,0.07312057167291641,0.5900365114212036,1.4313808679580688,0.7047914862632751,0.2920393645763397,1.3302706480026245,0.05011085420846939,1.2994024753570557,0.4434128999710083,0.17534366250038147,0.021542903035879135,1.169165015220642,0.19568274915218353,0.7461045980453491,0.8625990152359009,0.7537575364112854,0.5284727215766907,0.008790664374828339
0.28939276933670044,0.65450519323349,0.1453084945678711,1.2755539417266846,0.6087669730186462,2.214629650115967,1.6796294450759888,5.449760437011719,1.3740500211715698,0.5742092728614807,0.5554021000862122,0.6602563858032227,0.0416167750954628,0.00039999998989515007,0.47028177976608276,1.3240430355072021,2.0123772621154785,1.6923928260803223,0.7887098789215088,0.4008086323738098,0.7882991433143616,0.8409401774406433,0.477923721075058,0.1600997895002365,0.6471564769744873,1.0108124017715454,0.6838704347610474,0.1808321177959442,1.227372169494629,0.9711769819259644,1.1009589433670044,0.08486681431531906,0.6533524394035339,0.4071081280708313,1.0128252506256104,0.3162985146045685,0.2919957935810089,0.9749574661254883,0.247763991355896,0.1942729353904724,0.347053200006485,0.5872637629508972,1.3749669790267944,0.1877986043691635,0.6132826209068298,0.5311886668205261,1.0135890245437622,0.0832357406616211,0.5784688591957092,0.10487677156925201,1.0093435049057007,1.3978767395019531,0.7109546661376953,0.8094741702079773,0.9012054204940796,0.1912151724100113,0.06417367607355118
0.12017661333084106,0.23966467380523682,0.44044142961502075,0.7273913025856018,0.8129160404205322,1.460370659828186,1.7760424613952637,5.359570503234863,1.383542776107788,0.11901945620775223,0.5214994549751282,0.6235031485557556,0.1994815617799759,0.00039999998989515007,1.2055270671844482,1.9768654108047485,1.6228053569793701,1.6920546293258667,1.1376374959945679,0.5041782259941101,0.1116800457239151,0.5622097253799438,0.6960527300834656,0.44342896342277527,0.5188193321228027,0.6134455800056458,0.8503129482269287,0.8562086224555969,1.421086072921753,0.7108519077301025,1.0085177421569824,0.6071727871894836,0.4124208390712738,0.06394507735967636,1.0482497215270996,0.48576244711875916,0.423212468624115,1.1342443227767944,0.5372017025947571,0.3910953402519226,0.8246546387672424,0.9031676054000854,1.343371868133545,0.3491896688938141,1.6548179388046265,0.39228498935699463,0.4885372221469879,0.1759033501148224,0.1701812595129013,0.09999733418226242,1.1669020652770996,0.423241525888443,0.5170456767082214,1.2256697416305542,0.9024463891983032,0.36509498953819275,0.1792149394750595
0.3613899350166321,0.6283811926841736,0.05712510645389557,0.9546656012535095,0.621765673160553,1.9443929195404053,1.400179147720337,5.255354881286621,0.8540157079696655,0.49374625086784363,0.2658368945121765,1.0875153541564941,0.10138619691133499,0.00039999998989515007,0.3514645993709564,1.6886813640594482,2.122598171234131,1.8734605312347412,0.7720133066177368,0.18005485832691193,0.17377381026744843,0.7532383799552917,0.24906215071678162,0.020323192700743675,0.5696062445640564,0.9754194617271423,0.9580878019332886,0.22369523346424103,1.4788033962249756,0.9455429911613464,0.7416254281997681,0.27155038714408875,0.14377282559871674,0.24607251584529877,1.432511806488037,0.12447889894247055,0.3940494656562805,1.0874649286270142,0.7268962264060974,0.4760292172431946,0.6624271869659424,0.9724302887916565,1.6678169965744019,0.06179792806506157,1.1276880502700806,0.6766881942749023,0.7975900173187256,0.27725324034690857,0.45248645544052124,0.5080742239952087,0.8290338516235352,1.235647201538086,0.42273765802383423,1.058376431465149,0.8139009475708008,0.032992031425237656,0.10075093060731888
0.26837578415870667,0.6653317809104919,0.3065035343170166,0.682158350944519,0.5620343685150146,1.9013324975967407,1.5469006299972534,5.126452922821045,0.994461178779602,0.40324482321739197,0.19415798783302307,1.2385963201522827,0.22420455515384674,0.00039999998989515007,0.36458632349967957,1.7675046920776367,2.3003742694854736,1.9246493577957153,0.7919734120368958,0.368785560131073,0.02885592170059681,0.9159040451049805,0.3036577105522156,0.01984797976911068,0.4207126796245575,0.8102338910102844,1.0167592763900757,0.2892416715621948,1.408480167388916,0.6748313903808594,1.1370693445205688,0.20284003019332886,0.0239225085824728,0.13833893835544586,1.4614003896713257,0.06351205706596375,0.4021812975406647,0.796667218208313,0.8221641778945923,0.5285321474075317,0.6589511036872864,0.7626755833625793,1.940144658088684,0.008120842278003693,1.2659695148468018,0.6029630899429321,0.5117403268814087,0.014464231207966805,0.08876293152570724,0.6681281328201294,0.8036185503005981,1.133334994316101,0.6629988551139832,1.1598228216171265,0.5486769080162048,0.12338993698358536,0.008991798385977745
0.19504931569099426,0.41248807311058044,0.6873614192008972,0.8810158967971802,0.9791304469108582,1.610710859298706,1.5174287557601929,5.124971389770508,1.4153672456741333,0.0456303209066391,0.43246376514434814,0.8402296304702759,0.08258532732725143,0.00039999998989515007,0.982318103313446,2.1135330200195312,1.4866148233413696,1.8676286935806274,0.8265019059181213,0.29296940565109253,0.08058684319257736,0.6781980395317078,0.8558692336082458,0.4022456705570221,0.7373175024986267,0.8008438348770142,0.778760552406311,0.6372966170310974,1.4358469247817993,0.8607420921325684,0.6351012587547302,0.4881564974784851,0.18350368738174438,0.044091012328863144,1.2303704023361206,0.590903103351593,0.3601115942001343,1.2102075815200806,0.7323212027549744,0.3151310682296753,0.6746973395347595,1.3174471855163574,1.126473307609558,0.17778441309928894,1.5876492261886597,0.3555507957935333,0.7312939167022705,0.5059706568717957,0.33593079447746277,0.24893413484096527,1.125117301940918,0.5744373798370361,0.1699683666229248,1.1093626022338867,1.0239975452423096,0.5994089245796204,0.28884273767471313
0.08176704496145248,0.40268903970718384,0.7036647796630859,0.815561056137085,0.7601630687713623,1.8123180866241455,1.7189775705337524,5.3838348388671875,1.2823975086212158,0.011145896278321743,0.4785017967224121,0.8747960329055786,0.09681713581085205,0.00039999998989515007,0.9130473732948303,2.0147628784179688,1.4854815006256104,1.7867788076400757,0.7460397481918335,0.49454551935195923,0.06118277087807655,0.6287944316864014,0.6433919072151184,0.46601828932762146,0.6764771938323975,0.7193253040313721,0.7361141443252563,0.5035814046859741,1.5091460943222046,0.7212109565734863,0.8245840072631836,0.5163983106613159,0.15378952026367188,0.19112639129161835,1.2729918956756592,0.644130527973175,0.22248712182044983,1.139146327972412,0.5026730298995972,0.2479030340909958,0.6232596039772034,1.2289295196533203,1.1611607074737549,0.14847391843795776,1.4838707447052002,0.3585391044616699,0.8092687129974365,0.34911781549453735,0.21659377217292786,0.22205965220928192,1.2956383228302002,0.604627788066864,0.30255523324012756,1.1212466955184937,1.0050724744796753,0.2943008840084076,0.18262271583080292
0.1301581859588623,0.2902284562587738,0.5575138926506042,0.9098217487335205,0.7516469359397888,1.6357553005218506,1.8094501495361328,5.109114170074463,1.2487270832061768,0.05292049050331116,0.5469690561294556,0.8854986429214478,0.04350094869732857,0.00039999998989515007,0.8461464643478394,2.1562118530273438,1.6979271173477173,1.9306503534317017,0.8204424977302551,0.6799318194389343,0.0756121575832367,0.7055714726448059,0.673624575138092,0.5428733825683594,0.6191491484642029,0.8511976599693298,0.9946756362915039,0.7005822062492371,1.4723871946334839,0.6391049027442932,0.8704653978347778,0.5081268548965454,0.10078784823417664,0.2791655361652374,1.191205620765686,0.476222425699234,0.2408926635980606,1.1909024715423584,0.5213099718093872,0.2458992302417755,0.7028388381004333,1.1595432758331299,1.2384494543075562,0.1358289271593094,1.504636526107788,0.35292452573776245,0.8782619833946228,0.3119373321533203,0.0842512995004654,0.14123618602752686,1.2619094848632812,0.4967012107372284,0.4189017117023468,1.1816807985305786,0.8434606194496155,0.3275119662284851,0.1248328760266304
0.020920922979712486,0.22833682596683502,0.5008598566055298,0.41997575759887695,0.7019829750061035,1.4712902307510376,1.5308619737625122,5.250392913818359,0.8461078405380249,0.3422509729862213,0.09283814579248428,0.8505601286888123,0.2871100902557373,0.00039999998989515007,0.9345254898071289,2.00993013381958,1.7281241416931152,1.8192201852798462,0.8211345672607422,0.2655147612094879,0.35438603162765503,0.5428553223609924,0.34471043944358826,0.5764489769935608,0.30537334084510803,0.7610060572624207,0.9433409571647644,0.7736703157424927,1.555501937866211,0.7104362845420837,0.8005270957946777,0.8681092858314514,0.03659619763493538,0.17783011496067047,1.4476737976074219,0.6311172246932983,0.2734519839286804,1.1286321878433228,0.7774960398674011,0.21365056931972504,0.9351693391799927,1.4302371740341187,1.5927646160125732,0.2936277389526367,1.575835943222046,0.3672617971897125,0.4107944071292877,0.3766772449016571,0.04781927913427353,0.19892747700214386,1.1096073389053345,0.522589921951294,0.2792681157588959,1.2368067502975464,0.911309540271759,0.36071711778640747,0.23755547404289246
0.17351789772510529,0.45688965916633606,0.2523075044155121,0.478397935628891,0.6558406352996826,1.6927199363708496,1.964719533920288,4.800166130065918,0.5787194967269897,0.007694963365793228,0.14919689297676086,1.2993184328079224,0.51268470287323,0.00039999998989515007,0.33043092489242554,2.2535829544067383,2.3948731422424316,1.8630163669586182,0.8351430296897888,0.0551944263279438,0.3183946907520294,0.5689849257469177,0.36547812819480896,0.018220767378807068,0.42411574721336365,0.8211373090744019,1.0414925813674927,0.7047812342643738,1.4182740449905396,0.70096355676651,0.80671626329422,0.5256888270378113,0.08845015615224838,0.3147813081741333,1.3698638677597046,0.36746230721473694,0.24982017278671265,0.8168758749961853,0.8765504956245422,0.7356197237968445,0.8221510052680969,1.0145518779754639,1.797549843788147,0.09042651951313019,1.5905097723007202,0.3396785259246826,0.6624535322189331,0.05274740979075432,0.15836912393569946,0.28868138790130615,0.27129411697387695,0.9701070189476013,0.6005235910415649,1.6553454399108887,0.24268241226673126,0.001381784793920815,0.05860259011387825
0.061680007725954056,0.357009619474411,0.6052408814430237,0.8658232092857361,0.9175744652748108,1.3464995622634888,1.7243146896362305,4.90653657913208,1.5782653093338013,0.3136046528816223,0.7310946583747864,0.7905124425888062,0.28482943773269653,0.00039999998989515007,1.2463014125823975,2.019476890563965,1.7405699491500854,2.01351261138916,0.9670175909996033,0.38561898469924927,0.07347626239061356,0.5731599926948547,0.903519868850708,0.4276222288608551,0.7854990363121033,0.7712128758430481,0.9600496292114258,0.9671523571014404,1.3298907279968262,0.6846762299537659,0.706437349319458,0.38150495290756226,0.11655852198600769,0.18950383365154266,1.0265119075775146,0.3966883420944214,0.44420555233955383,1.2534164190292358,0.7575793266296387,0.44533267617225647,0.8098042607307434,0.9115710258483887,1.5188922882080078,0.30706387758255005,1.4435734748840332,0.5760657787322998,0.6515247225761414,0.196542888879776,0.28154027462005615,0.0095595708116889,1.2408292293548584,0.5343120694160461,0.24193556606769562,1.264763593673706,0.8026943206787109,0.44026824831962585,0.15840934216976166
0.0901670828461647,0.44790151715278625,0.6137146949768066,0.9360524415969849,0.8566452860832214,1.5407980680465698,1.8597701787948608,5.182530403137207,0.7520492672920227,0.0738891065120697,0.4323045313358307,0.791526198387146,0.2750007212162018,0.00039999998989515007,0.6839762330055237,1.9741162061691284,1.651990294456482,1.880415439605713,1.0545711517333984,0.023889664560556412,0.11298701912164688,0.09570704400539398,0.7084006071090698,0.2326471358537674,0.6513182520866394,1.1791486740112305,0.7857481241226196,0.38487687706947327,1.7268600463867188,0.9632088541984558,0.4956744611263275,0.48232126235961914,0.15949155390262604,0.10358460992574692,1.1620213985443115,0.3570837378501892,0.13323800265789032,1.5531610250473022,0.4250403046607971,0.1262744814157486,0.85519939661026,1.2347809076309204,1.249117374420166,0.49756813049316406,1.1066802740097046,0.5432323813438416,0.9492680430412292,0.23604126274585724,0.4567621350288391,0.10596885532140732,1.1381314992904663,0.49855682253837585,0.08962838351726532,0.9420462846755981,1.0707496404647827,0.5894368886947632,0.07220811396837234
0.0965963751077652,0.3096771240234375,0.49132195115089417,0.8139374256134033,0.7866345643997192,1.6268287897109985,1.7379485368728638,5.381262302398682,1.2854758501052856,0.07734660059213638,0.533786952495575,0.7379500269889832,0.06548579782247543,0.00039999998989515007,1.0168803930282593,2.0353214740753174,1.6121759414672852,1.7834430932998657,0.9717589616775513,0.548019289970398,0.09598010033369064,0.6323512196540833,0.6601383686065674,0.46753498911857605,0.5688338875770569,0.7402606010437012,0.8681774139404297,0.6589239239692688,1.4509614706039429,0.7216724753379822,0.9311097264289856,0.532521665096283,0.27655452489852905,0.10960137099027634,1.1572308540344238,0.556908905506134,0.30780625343322754,1.1902791261672974,0.5025393962860107,0.2825484573841095,0.7355910539627075,1.0748205184936523,1.237221598625183,0.251600056886673,1.5474315881729126,0.38458913564682007,0.6629572510719299,0.285235196352005,0.15103688836097717,0.07376133650541306,1.229475975036621,0.47400811314582825,0.45785900950431824,1.113337516784668,0.9571440815925598,0.38560646772384644,0.18176031112670898
0.6925413608551025,0.8440004587173462,0.5918048024177551,0.2727150619029999,0.6880571842193604,2.2041900157928467,2.086940288543701,5.057262420654297,1.2708165645599365,0.677291750907898,0.2866913676261902,1.218489646911621,0.09809979051351547,0.00039999998989515007,0.9705832004547119,2.5311882495880127,1.336451530456543,1.7484359741210938,0.767784059047699,0.2001974880695343,0.4194220006465912,0.4746706783771515,0.9179267287254333,0.5091613531112671,0.4857790768146515,0.5122166275978088,0.3928675651550293,0.3906003534793854,1.407055139541626,0.3057902455329895,1.194668173789978,0.34974342584609985,0.0981159508228302,0.14973916113376617,1.0970277786254883,0.6932291984558105,0.35122445225715637,1.0670894384384155,0.3951265811920166,0.20814643800258636,0.5166653990745544,1.2664135694503784,0.9325147271156311,0.31323349475860596,1.656659722328186,0.1819339543581009,0.9363976120948792,0.28008028864860535,0.49608710408210754,0.07994190603494644,0.6971479654312134,0.26562756299972534,0.7869115471839905,1.2826056480407715,0.5263821482658386,0.5382516384124756,0.05682755261659622
0.11378588527441025,0.06578535586595535,0.9520912766456604,1.1560624837875366,0.8498440980911255,1.196566104888916,1.2541025876998901,5.259971618652344,1.4770348072052002,0.19804872572422028,0.5231236815452576,0.6605439782142639,0.09280125051736832,0.00039999998989515007,1.096367597579956,2.092522144317627,1.4578996896743774,1.78777277469635,1.0223366022109985,0.7877458930015564,0.0771111473441124,0.3234514594078064,0.7077057361602783,0.3283027112483978,0.7342273592948914,0.974141538143158,0.9309141635894775,0.6618573665618896,1.7597421407699585,0.5392253994941711,0.4019456207752228,0.8946377635002136,0.16764214634895325,0.46660110354423523,1.1666761636734009,0.3856252431869507,0.36905115842819214,1.1545990705490112,0.298363596200943,0.21927578747272491,0.5191370844841003,1.0304889678955078,0.9510133266448975,0.11457116901874542,1.1754809617996216,0.4275960922241211,1.0523490905761719,0.12291840463876724,0.5797587633132935,0.06380298733711243,1.2869622707366943,0.4123539328575134,0.1002485454082489,1.2596650123596191,1.2348335981369019,0.42564836144447327,0.39809706807136536
0.12388477474451065,0.3716478943824768,0.6097750663757324,0.7490112781524658,0.7518070936203003,1.6747342348098755,1.8040186166763306,5.3367109298706055,1.3086954355239868,0.12887786328792572,0.48361390829086304,0.8254398107528687,0.03431438282132149,0.00039999998989515007,0.9715639352798462,2.093763589859009,1.5381962060928345,1.802974820137024,0.8754655122756958,0.5491625666618347,0.042017169296741486,0.6372895836830139,0.6676341891288757,0.5340268015861511,0.5687226057052612,0.6981356739997864,0.8170382976531982,0.6852359771728516,1.5027563571929932,0.6672714352607727,0.9500546455383301,0.5078486800193787,0.19858472049236298,0.13852907717227936,1.1669641733169556,0.566771924495697,0.2962491512298584,1.1420127153396606,0.5359678864479065,0.25412818789482117,0.7089735269546509,1.1091735363006592,1.2586164474487305,0.2271396964788437,1.5632740259170532,0.35813164710998535,0.7144586443901062,0.29216691851615906,0.062170807272195816,0.10264483094215393,1.2660603523254395,0.48935139179229736,0.41992196440696716,1.1660057306289673,0.9087069630622864,0.30710020661354065,0.13232210278511047
0.08418302983045578,0.34276673197746277,0.5762616991996765,0.7900910377502441,0.749711811542511,1.6141376495361328,1.77910315990448,5.329792022705078,1.2596980333328247,0.11043611168861389,0.5163213610649109,0.7744039297103882,0.07273945212364197,0.00039999998989515007,0.9868060946464539,2.045112371444702,1.590922236442566,1.8124293088912964,0.919986367225647,0.5194273591041565,0.04730170965194702,0.6110855937004089,0.6420049071311951,0.5375882387161255,0.558244526386261,0.7546964883804321,0.8628053069114685,0.7124999165534973,1.4833961725234985,0.7068652510643005,0.9050729870796204,0.5230740308761597,0.21758955717086792,0.11562658101320267,1.154601812362671,0.5540631413459778,0.2961422801017761,1.2124879360198975,0.5418215990066528,0.2545967102050781,0.759372889995575,1.1162097454071045,1.2859034538269043,0.2650347054004669,1.5295708179473877,0.4112809896469116,0.7015665769577026,0.3178452253341675,0.10898734629154205,0.06260234862565994,1.2598720788955688,0.4941823482513428,0.4150930941104889,1.1443719863891602,0.9282402992248535,0.3539884090423584,0.13558797538280487
0.10408297926187515,0.1794651597738266,0.6538977026939392,1.0131813287734985,0.864540159702301,1.340796947479248,1.381515383720398,5.525591850280762,1.476345181465149,0.08573256433010101,0.4904070794582367,0.4865334928035736,0.07095136493444443,0.00039999998989515007,1.2079476118087769,2.093357801437378,1.4986811876296997,1.5006272792816162,1.1912540197372437,0.9240745306015015,0.15686771273612976,0.446351021528244,0.6754322648048401,0.22118701040744781,0.5814414620399475,0.7121933698654175,0.8920969367027283,0.6457958817481995,1.659208059310913,0.48594850301742554,0.8419814705848694,0.9701192378997803,0.49438148736953735,0.45848801732063293,1.0964279174804688,0.390333890914917,0.5003498196601868,0.968070924282074,0.08737673610448837,0.345745712518692,0.501909077167511,0.8293064832687378,0.8160359263420105,0.10970496386289597,1.5508496761322021,0.112458735704422,0.8321335911750793,0.20017147064208984,0.41355785727500916,0.18649210035800934,1.1018811464309692,0.2514415383338928,0.329127699136734,1.2771697044372559,1.185446858406067,0.35724595189094543,0.42314714193344116
0.5758708119392395,0.5798532366752625,0.8301002979278564,0.4963042736053467,0.572785496711731,1.9284192323684692,2.4557948112487793,4.915453910827637,0.9584158658981323,0.5474355220794678,0.8803167939186096,0.8241670727729797,0.08835852891206741,0.00039999998989515007,1.1892650127410889,2.0912342071533203,1.3670976161956787,1.8554855585098267,0.7755047082901001,0.15698477625846863,0.09980885684490204,0.1999235898256302,0.8478546142578125,0.6781866550445557,0.6187311410903931,0.5948362946510315,0.6480712294578552,0.6133083701133728,1.2648264169692993,0.44560644030570984,1.0339301824569702,0.4272994101047516,0.06134050339460373,0.24217477440834045,0.9545264840126038,0.8297477960586548,0.5428923964500427,1.5341044664382935,0.18704068660736084,0.05618397891521454,0.9091969728469849,1.3627432584762573,1.103246808052063,0.5759215950965881,1.4446351528167725,0.010411565192043781,1.0205557346343994,0.4544757008552551,0.2123139351606369,0.24760136008262634,1.254006028175354,0.10537698119878769,0.6250112056732178,1.077380895614624,0.6219447255134583,0.5536479949951172,0.12423012405633926
0.07747559994459152,0.05689511075615883,0.36564546823501587,0.9387463927268982,0.6272398233413696,1.3698502779006958,1.5782098770141602,5.150741100311279,1.277693748474121,0.0551946759223938,0.7233996391296387,0.5595811605453491,0.1906341016292572,0.00039999998989515007,1.0250883102416992,1.5236836671829224,1.8976755142211914,1.9570814371109009,0.9320592284202576,0.7538201212882996,0.03031313605606556,0.815278947353363,0.5779204964637756,0.5338441133499146,0.4640333950519562,0.8019428253173828,1.195468544960022,0.7389518022537231,1.272446632385254,0.6274145245552063,1.101520299911499,0.6398022174835205,0.1658785194158554,0.021790646016597748,1.2429673671722412,0.7542075514793396,0.28935322165489197,1.2095417976379395,0.5947794318199158,0.20927374064922333,0.9850070476531982,1.0856624841690063,1.5673809051513672,0.2430507242679596,1.4649125337600708,0.47960808873176575,0.48930293321609497,0.2662915885448456,0.2092563956975937,0.1516355574131012,1.523085117340088,0.5288385152816772,0.4943489134311676,0.9533463716506958,0.9287746548652649,0.32516390085220337,0.12419072538614273
0.2649686336517334,0.04897565767168999,0.09240573644638062,1.2782846689224243,0.8008116483688354,1.7553033828735352,0.8549078702926636,5.375528335571289,1.3540722131729126,0.8692381978034973,0.14398249983787537,1.002890706062317,0.2550320029258728,0.00039999998989515007,0.39574289321899414,1.8749521970748901,2.0487217903137207,1.6325181722640991,0.8228603601455688,0.8538795709609985,0.09039926528930664,0.6858815550804138,0.46630775928497314,0.5167596936225891,0.8028537631034851,0.9548296332359314,0.9285107851028442,0.10518137365579605,1.664644479751587,0.48485201597213745,0.5702961683273315,0.7088563442230225,0.21649299561977386,0.8395077586174011,1.4747220277786255,0.18156197667121887,0.297604501247406,0.495085746049881,0.24119272828102112,0.6415116190910339,0.038996078073978424,0.6389668583869934,0.9777092933654785,0.4313938319683075,1.0589052438735962,0.2538958191871643,1.0925332307815552,0.5457146763801575,0.850869357585907,0.5350908041000366,0.5841826796531677,1.0367671251296997,0.16397599875926971,1.3155312538146973,1.0373821258544922,0.06289318203926086,0.45335301756858826
0.010212039574980736,0.31373775005340576,0.4718053936958313,0.8269408941268921,0.791962742805481,1.5901005268096924,1.6440916061401367,5.532896518707275,1.3257840871810913,0.003872447647154331,0.5709118247032166,0.6131351590156555,0.06456159800291061,0.00039999998989515007,1.0990996360778809,1.8894916772842407,1.5373866558074951,1.724001169204712,1.0296443700790405,0.47281932830810547,0.027819260954856873,0.6139456033706665,0.6330201029777527,0.4369004964828491,0.5612800717353821,0.6915419697761536,0.8158718943595886,0.6620221138000488,1.408597469329834,0.8064572811126709,0.9024931788444519,0.525637149810791,0.39753323793411255,0.023695290088653564,1.1166634559631348,0.6053293347358704,0.3252407908439636,1.2115238904953003,0.5231225490570068,0.28693562746047974,0.7584967613220215,1.023508071899414,1.2488876581192017,0.3169528841972351,1.5115545988082886,0.45614075660705566,0.5571349859237671,0.3264434337615967,0.25690165162086487,0.019325027242302895,1.2550164461135864,0.5206483006477356,0.43129706382751465,1.033949375152588,1.0426267385482788,0.3933264911174774,0.22181285917758942
0.22250550985336304,0.3220621645450592,0.4189106523990631,0.6053079962730408,0.8228248357772827,1.7098933458328247,1.7895774841308594,5.460496425628662,1.0534992218017578,0.1764754205942154,0.32009226083755493,0.8023803234100342,0.14496870338916779,0.00039999998989515007,0.9275658130645752,2.085724353790283,1.6890820264816284,1.7529479265213013,0.9176267981529236,0.3680610656738281,0.2748064696788788,0.5549036264419556,0.6161302924156189,0.38056662678718567,0.5221284627914429,0.7157162427902222,0.8173737525939941,0.5632374882698059,1.47051203250885,0.7158914804458618,0.9183582663536072,0.6271858811378479,0.21836614608764648,0.032268326729536057,1.2661869525909424,0.5135993957519531,0.2912270426750183,1.116692304611206,0.5626969933509827,0.34395623207092285,0.7572219371795654,1.201329231262207,1.2707395553588867,0.24698756635189056,1.6698684692382812,0.26646143198013306,0.5363684892654419,0.2827455401420593,0.11791370064020157,0.16473136842250824,1.045796513557434,0.43851056694984436,0.4643505811691284,1.1857751607894897,0.9099056124687195,0.4081960618495941,0.18090997636318207
0.1332067847251892,0.3664243519306183,0.4605896770954132,0.44976332783699036,0.9106603860855103,1.7797272205352783,1.7687267065048218,5.5480756759643555,0.9543927311897278,0.006543199997395277,0.26482218503952026,0.7297095656394958,0.16184718906879425,0.00039999998989515007,0.9662706851959229,1.9303878545761108,1.676303505897522,1.7442291975021362,0.935523509979248,0.23426595330238342,0.11694299429655075,0.5203636288642883,0.6042374968528748,0.31013724207878113,0.5437783002853394,0.6717187762260437,0.7643812894821167,0.4997842311859131,1.5657700300216675,0.7239371538162231,0.9055403470993042,0.6350077986717224,0.27050232887268066,0.08028005063533783,1.244316816329956,0.41404250264167786,0.2822270095348358,1.0383620262145996,0.7346879839897156,0.39186525344848633,0.7761991620063782,0.9942126274108887,1.4205467700958252,0.3889051079750061,1.6654168367385864,0.25928232073783875,0.4396078884601593,0.13033847510814667,0.16539336740970612,0.1932789534330368,1.02971613407135,0.3578839898109436,0.4074871838092804,1.1718759536743164,1.033271312713623,0.25818532705307007,0.08975030481815338
0.14064767956733704,0.46183186769485474,0.5942732095718384,0.6509689092636108,0.9035851359367371,1.95274019241333,1.448922872543335,5.682292461395264,1.2173068523406982,0.01093633659183979,0.2862010896205902,0.7083940505981445,0.06155930832028389,0.00039999998989515007,0.9975098371505737,1.8788098096847534,1.3716880083084106,1.585970163345337,0.7879369258880615,0.17166997492313385,0.07154637575149536,0.6430494785308838,0.6110283136367798,0.2884722054004669,0.6255641579627991,0.5921589732170105,0.5509693622589111,0.3516317307949066,1.4513896703720093,0.898578405380249,0.7980283498764038,0.5920920968055725,0.36109331250190735,0.022500066086649895,1.3045438528060913,0.7370211482048035,0.30685853958129883,1.0792306661605835,0.5987274050712585,0.3252139091491699,0.5978913307189941,1.286181092262268,1.0676631927490234,0.2213849425315857,1.6395198106765747,0.21595807373523712,0.5469987988471985,0.5120453834533691,0.3406907021999359,0.2424657940864563,1.0400402545928955,0.6176573038101196,0.3146642744541168,1.0210806131362915,1.1822636127471924,0.4279816448688507,0.2931634485721588
0.5382993817329407,0.2673097252845764,0.181325301527977,1.4674099683761597,0.9495140910148621,1.3402650356292725,0.5991838574409485,4.923294544219971,1.6088964939117432,1.1991015672683716,0.693417489528656,0.8599560856819153,0.15552568435668945,0.00039999998989515007,0.77344810962677,1.7298920154571533,2.2094919681549072,1.9578957557678223,1.2231849431991577,0.6251233220100403,0.16170324385166168,0.6960391998291016,0.6675670146942139,0.5884926319122314,0.8147535920143127,1.1973509788513184,1.1962417364120483,0.15548153221607208,1.5002750158309937,0.5758281946182251,0.47245651483535767,0.36708423495292664,0.24445664882659912,0.6477900147438049,1.2138224840164185,0.2711416780948639,0.1455514281988144,0.9655369520187378,0.44283345341682434,0.535068929195404,0.2552841007709503,0.2961677014827728,1.4009599685668945,0.01490163616836071,0.6429888010025024,0.6211066246032715,0.9961358904838562,0.5551275014877319,0.9141973853111267,0.37692639231681824,0.6817960739135742,0.9950477480888367,0.14692705869674683,1.0124986171722412,1.059956669807434,0.24922199547290802,0.45313602685928345
0.22224600613117218,0.14103424549102783,0.5546950101852417,0.8064758777618408,0.6344547271728516,1.4687716960906982,1.760416865348816,5.235812664031982,1.2348690032958984,0.2910444438457489,0.4267967939376831,0.3519217371940613,0.04064061865210533,0.00039999998989515007,0.7432429790496826,1.602599024772644,1.3636784553527832,1.6623209714889526,0.5055361986160278,1.0699949264526367,0.19729942083358765,1.169777750968933,0.5394463539123535,0.9000387191772461,0.41252967715263367,0.4774649739265442,1.0045018196105957,0.7826455235481262,1.0796946287155151,0.8007588386535645,1.173220157623291,0.7541958689689636,0.3718332052230835,0.21198663115501404,1.2320886850357056,0.9761784672737122,0.3834945261478424,0.8003612160682678,0.6974209547042847,0.03350498527288437,0.820885956287384,1.4807720184326172,1.0682525634765625,0.04649855196475983,1.8802767992019653,0.2110130935907364,0.2398122400045395,0.7786082625389099,0.028504109010100365,0.30603834986686707,1.738250494003296,0.31503450870513916,0.45270001888275146,0.8531897664070129,0.9944553375244141,0.22751213610172272,0.19678522646427155
0.06146867200732231,0.33146029710769653,0.548187255859375,0.7843713164329529,0.74216628074646,1.6033302545547485,1.7612230777740479,5.394264221191406,1.2760668992996216,0.08309175819158554,0.5410255789756775,0.7404925227165222,0.08065325021743774,0.00039999998989515007,1.0030686855316162,1.992163062095642,1.5847045183181763,1.818735122680664,0.9396276473999023,0.5236329436302185,0.030444450676441193,0.6118661165237427,0.6406605839729309,0.5177777409553528,0.5477417707443237,0.7268624305725098,0.8689188361167908,0.6996604204177856,1.4754924774169922,0.6957957148551941,0.9330129027366638,0.5253039002418518,0.23422275483608246,0.09439925849437714,1.1478734016418457,0.5674891471862793,0.2947768568992615,1.2013847827911377,0.544407308101654,0.2566209137439728,0.7702200412750244,1.0711755752563477,1.3124206066131592,0.284188449382782,1.5175464153289795,0.4168570935726166,0.6556733250617981,0.28631049394607544,0.12032594531774521,0.06182355433702469,1.290279746055603,0.48710131645202637,0.42867517471313477,1.10439932346344,0.9404297471046448,0.33581966161727905,0.13232962787151337
0.33320897817611694,0.6520021557807922,0.27786508202552795,0.9190038442611694,0.6427576541900635,1.8504624366760254,1.3593531847000122,5.356527328491211,0.8828200697898865,0.4347376525402069,0.3269604742527008,0.9842294454574585,0.22294968366622925,0.00039999998989515007,0.3860965669155121,1.5680079460144043,2.1611969470977783,1.9100010395050049,0.9569173455238342,0.16175900399684906,0.06180060654878616,0.7950923442840576,0.33042749762535095,0.057701047509908676,0.4547922611236572,0.9761357307434082,0.9980241656303406,0.1807042807340622,1.4249486923217773,0.9342407584190369,0.9185363054275513,0.23803794384002686,0.2268996238708496,0.050299812108278275,1.376883625984192,0.15719516575336456,0.37377259135246277,1.1275423765182495,0.7607753276824951,0.4168877601623535,0.7442812919616699,0.8596899509429932,1.755989670753479,0.20502175390720367,1.132837176322937,0.6662167906761169,0.591731071472168,0.2174140065908432,0.3912220299243927,0.5186367034912109,0.8281965255737305,1.117863655090332,0.5575783848762512,0.8835152983665466,0.8289689421653748,0.12818993628025055,0.07165255397558212
0.04279591515660286,0.4146736264228821,0.7154185771942139,0.7392138838768005,0.6864974498748779,1.5799403190612793,1.8586952686309814,5.286279201507568,1.2460377216339111,0.10122103244066238,0.5095039010047913,0.8185917735099792,0.10133213549852371,0.00039999998989515007,0.9452508091926575,1.9679738283157349,1.5342015027999878,1.8582074642181396,0.8685065507888794,0.44754481315612793,0.10144750028848648,0.5404407978057861,0.6436359286308289,0.593346893787384,0.5541353225708008,0.7458818554878235,0.8188881278038025,0.7518132328987122,1.5645095109939575,0.6764802932739258,0.8958821296691895,0.4915993809700012,0.1349661946296692,0.10461172461509705,1.1403566598892212,0.554907500743866,0.2635250985622406,1.2242052555084229,0.6088176369667053,0.20673996210098267,0.8111720085144043,1.1145474910736084,1.4215677976608276,0.3241678476333618,1.4654396772384644,0.47757261991500854,0.7172585129737854,0.2965799570083618,0.07519075274467468,0.07369828969240189,1.3684871196746826,0.5197882652282715,0.31858983635902405,1.1523059606552124,0.901327908039093,0.2592533826828003,0.03546283766627312
0.07332716137170792,0.1294911652803421,0.5367504358291626,0.8696693181991577,0.6006169319152832,1.4947015047073364,1.638807773590088,5.046407222747803,1.2159233093261719,0.1503891497850418,0.47301703691482544,0.736778199672699,0.18211953341960907,0.00039999998989515007,0.7975858449935913,1.709173321723938,1.8481308221817017,1.9530421495437622,0.788031280040741,0.7457787394523621,0.00690603768453002,0.8785693049430847,0.5890181660652161,0.5877264738082886,0.4162471294403076,0.8176702857017517,1.1499300003051758,0.7584269046783447,1.4763356447219849,0.5615850687026978,1.1304130554199219,0.7204565405845642,0.07503524422645569,0.12524308264255524,1.284455418586731,0.6379402279853821,0.23612965643405914,1.099918007850647,0.6731081008911133,0.14947304129600525,0.9094346165657043,1.230645775794983,1.5374618768692017,0.18038038909435272,1.5836302042007446,0.28338056802749634,0.706566572189331,0.33424121141433716,0.07376530021429062,0.1972072273492813,1.4163026809692383,0.5477449893951416,0.44320136308670044,1.1166393756866455,0.8688053488731384,0.20200414955615997,0.02063220739364624
0.16848839819431305,0.5877189040184021,0.4817012846469879,0.7498588562011719,0.825072169303894,1.3277174234390259,1.7316522598266602,5.3795905113220215,1.267362356185913,0.08814220875501633,0.48224568367004395,0.7084527015686035,0.2457200288772583,0.00039999998989515007,0.9296010732650757,1.920405626296997,1.3913196325302124,1.8071695566177368,1.1602641344070435,0.21559925377368927,0.11587950587272644,0.4387660622596741,0.6895168423652649,0.5059777498245239,0.5383349061012268,0.81498783826828,0.7127763032913208,0.7283227443695068,1.5774126052856445,0.9842020273208618,0.7124975919723511,0.2759256064891815,0.34162575006484985,0.21405507624149323,0.9950088858604431,0.38068440556526184,0.1705506443977356,1.3130464553833008,0.8297077417373657,0.17236846685409546,0.837799608707428,0.8975660800933838,1.5253909826278687,0.5303939580917358,1.2603150606155396,0.8776041269302368,0.4019022583961487,0.3083508610725403,0.2129887491464615,0.12106049805879593,1.3740510940551758,0.5175811052322388,0.16810917854309082,0.9344285726547241,1.0415385961532593,0.39391210675239563,0.08823003619909286
0.7687099575996399,0.12105124443769455,0.31521809101104736,0.737850546836853,0.40715306997299194,1.2756270170211792,0.7991165518760681,5.120395660400391,0.6633699536323547,0.4716634154319763,0.293046772480011,0.5456509590148926,0.4221296012401581,0.00039999998989515007,0.6517818570137024,0.7968635559082031,2.33321475982666,1.9023103713989258,0.7945048809051514,0.28570613265037537,0.04342981055378914,0.9527266025543213,0.15293584764003754,0.26158836483955383,0.11635521054267883,0.898689329624176,1.3650213479995728,0.5175654292106628,1.112359642982483,0.9105995893478394,0.8972125053405762,0.7014786601066589,0.12017588317394257,0.45609423518180847,1.602489709854126,0.6476241946220398,0.2325441837310791,1.074815273284912,1.0432065725326538,0.27762919664382935,1.1611026525497437,1.0927449464797974,2.2596435546875,0.238213449716568,1.0434067249298096,0.8980014324188232,0.05220064893364906,0.39617058634757996,0.46925613284111023,0.5196657776832581,1.2095239162445068,1.1775630712509155,0.39408907294273376,0.724092423915863,0.9498785138130188,0.06159051135182381,0.22400882840156555
0.08724145591259003,0.27240613102912903,0.5790390372276306,0.7682694792747498,0.7257559299468994,1.4575563669204712,1.870667815208435,5.239293098449707,1.3925758600234985,0.030570050701498985,0.6139010787010193,0.7002406120300293,0.1662115901708603,0.00039999998989515007,1.0853875875473022,1.917473316192627,1.6134250164031982,1.8597322702407837,0.9426164627075195,0.592384397983551,0.02690269984304905,0.6341955661773682,0.7262781262397766,0.5765876173973083,0.5731310248374939,0.67583829164505,0.9131879210472107,0.8618112206459045,1.4029803276062012,0.643833339214325,0.9823631644248962,0.5383891463279724,0.22015519440174103,0.0801323801279068,1.0859812498092651,0.5653814077377319,0.3645893633365631,1.163680076599121,0.6279869079589844,0.2530449330806732,0.8428202867507935,1.027437448501587,1.4417682886123657,0.31868913769721985,1.535705804824829,0.46412429213523865,0.5763689875602722,0.25606027245521545,0.1083947941660881,0.01647890917956829,1.4099979400634766,0.45030471682548523,0.39802148938179016,1.1634706258773804,0.8627686500549316,0.2799324095249176,0.08992751687765121
0.04441399127244949,0.13751177489757538,0.738579273223877,1.0297741889953613,0.774743914604187,1.5424199104309082,1.219125509262085,5.8301472663879395,1.6815524101257324,0.07896694540977478,0.5838510394096375,0.31810030341148376,0.30821800231933594,0.00039999998989515007,1.3440120220184326,1.7709708213806152,1.2634398937225342,1.304377794265747,1.075131893157959,0.9653779864311218,0.09494297951459885,0.5624354481697083,0.5742985010147095,0.2254558950662613,0.6086734533309937,0.4837489426136017,0.6961023807525635,0.5442166328430176,1.5243643522262573,0.5138238668441772,0.9228413105010986,0.9355802536010742,0.6675755977630615,0.4414970874786377,1.064369559288025,0.6335402727127075,0.49660739302635193,0.8509621024131775,0.015270520932972431,0.3500134348869324,0.38869184255599976,0.7498152256011963,0.7096039056777954,0.08536770939826965,1.5069812536239624,0.10605854541063309,0.767072319984436,0.108894482254982,0.5179253220558167,0.24146029353141785,1.2116503715515137,0.42546695470809937,0.37247344851493835,1.158468246459961,1.3267802000045776,0.19330734014511108,0.4566178619861603
0.3350808918476105,0.30624157190322876,0.4483034312725067,0.5277557373046875,0.9837492108345032,1.796816110610962,1.570254921913147,5.479870796203613,1.1632304191589355,0.13515539467334747,0.17692728340625763,0.6176955103874207,0.17518819868564606,0.00039999998989515007,0.9491127133369446,1.8404555320739746,1.5913169384002686,1.613455891609192,0.8637852072715759,0.305838406085968,0.26718267798423767,0.7686721682548523,0.721845269203186,0.32216447591781616,0.5272876620292664,0.6004128456115723,0.7223563194274902,0.4858185648918152,1.4388469457626343,0.8106703162193298,1.0173752307891846,0.7274385690689087,0.34990593791007996,0.07371712476015091,1.2518290281295776,0.6224570870399475,0.4053419828414917,0.9537314176559448,0.7725671529769897,0.35130220651626587,0.7162559032440186,1.2339248657226562,1.235865831375122,0.26381978392601013,1.8866348266601562,0.07473692297935486,0.323334276676178,0.43600234389305115,0.17735476791858673,0.2506788969039917,1.0257848501205444,0.3580969274044037,0.4433332681655884,1.107193946838379,1.092172622680664,0.4297756552696228,0.1506744623184204
0.06687015295028687,0.3330664336681366,0.5149149298667908,0.7950628399848938,0.736372172832489,1.5932412147521973,1.7781212329864502,5.3572678565979,1.258553385734558,0.09177026897668839,0.5222678184509277,0.7582554817199707,0.1036723330616951,0.00039999998989515007,0.9785447120666504,2.0157103538513184,1.6272155046463013,1.8194013833999634,0.9485906958580017,0.5250914096832275,0.0428524948656559,0.6223357319831848,0.6350070238113403,0.5136397480964661,0.5425705313682556,0.7562414407730103,0.8880733251571655,0.733971893787384,1.4739669561386108,0.6951747536659241,0.923577070236206,0.5301540493965149,0.24785250425338745,0.10990620404481888,1.141957402229309,0.5282142758369446,0.2809693217277527,1.2066739797592163,0.5599075555801392,0.2547963857650757,0.7793619632720947,1.0865265130996704,1.329376459121704,0.2912728488445282,1.513986349105835,0.4184708893299103,0.6826716065406799,0.30558082461357117,0.11638413369655609,0.04244014620780945,1.2526867389678955,0.5103920102119446,0.4339757263660431,1.1384668350219727,0.9127766489982605,0.3252764940261841,0.12849555909633636
0.03495284169912338,0.4660560190677643,0.6121809482574463,0.3242727220058441,0.8002042174339294,1.7269048690795898,1.8442336320877075,5.405688285827637,1.033158540725708,0.08364526182413101,0.31256112456321716,0.8734773397445679,0.11068068444728851,0.00039999998989515007,1.012115716934204,2.0098159313201904,1.550359845161438,1.827514410018921,0.8226951956748962,0.31196337938308716,0.024212151765823364,0.595339298248291,0.5721738338470459,0.49606019258499146,0.46569573879241943,0.5974805355072021,0.7676525115966797,0.6307921409606934,1.5894277095794678,0.568916380405426,0.987061619758606,0.5470438003540039,0.15837736427783966,0.0005908124730922282,1.316758155822754,0.5127652287483215,0.2660555839538574,0.9888385534286499,0.8249242901802063,0.25998950004577637,0.8113167881965637,0.9935324192047119,1.5598340034484863,0.4194073975086212,1.6118438243865967,0.3207065165042877,0.4451107978820801,0.06881816685199738,0.03933120146393776,0.2996625006198883,1.2123994827270508,0.3890506625175476,0.3610335886478424,1.1478646993637085,0.9704229235649109,0.11055784672498703,0.0813976377248764
0.1952318549156189,0.44659361243247986,0.6774060130119324,0.829239547252655,0.8857579827308655,1.7618427276611328,1.5821648836135864,5.46380615234375,1.3917059898376465,0.02016288973391056,0.44360116124153137,0.6937004923820496,0.006906246300786734,0.00039999998989515007,0.9887106418609619,1.8660792112350464,1.347158670425415,1.6751041412353516,0.8590759038925171,0.2689394950866699,0.05934477597475052,0.6648029088973999,0.7988788485527039,0.35714080929756165,0.6744234561920166,0.6509765386581421,0.6228504776954651,0.4999028444290161,1.4390379190444946,0.8878243565559387,0.8227764964103699,0.5240537524223328,0.36858996748924255,0.004875721409916878,1.1935858726501465,0.7087984085083008,0.3356788456439972,1.1622884273529053,0.6226447820663452,0.2552705407142639,0.675443172454834,1.2705938816070557,1.0852347612380981,0.2726712226867676,1.615222692489624,0.2885880470275879,0.6529523134231567,0.5297985076904297,0.36591076850891113,0.1845594048500061,1.2020002603530884,0.5948905944824219,0.2662189304828644,0.9997773170471191,1.1236647367477417,0.4683786630630493,0.2306361347436905
0.1414177566766739,0.3953225612640381,0.5178686380386353,0.8150533437728882,0.8297925591468811,1.4461313486099243,1.9105899333953857,5.301499366760254,1.2427526712417603,0.17399157583713531,0.6130361557006836,0.8229243159294128,0.11952316015958786,0.00039999998989515007,0.9473759531974792,2.4421651363372803,1.5546488761901855,1.77664053440094,1.0139358043670654,0.6719581484794617,0.0635700449347496,0.5791171789169312,0.733468770980835,0.49022313952445984,0.6087800860404968,0.8770467638969421,0.9202615022659302,0.8281258940696716,1.476447582244873,0.6593709588050842,0.7559378147125244,0.4297848641872406,0.36746302247047424,0.27401116490364075,0.942237138748169,0.31582745909690857,0.3062908947467804,1.2808154821395874,0.4698907732963562,0.18609729409217834,0.5649552941322327,1.0240398645401,1.0520635843276978,0.3720332682132721,1.4346328973770142,0.3797075152397156,0.8676324486732483,0.2718351185321808,0.04122834652662277,0.16035650670528412,1.1819812059402466,0.317996621131897,0.4985029101371765,1.131316065788269,0.8644751906394958,0.3965660333633423,0.2130788415670395
0.11172891408205032,0.3014791011810303,0.5467423796653748,0.7503494620323181,0.6980975270271301,1.7897233963012695,1.6013671159744263,5.256207466125488,1.3132015466690063,0.0005818706122227013,0.418927401304245,0.9344198703765869,0.012363176792860031,0.00039999998989515007,0.8982861042022705,1.9766008853912354,1.7695443630218506,1.8944095373153687,0.6240748763084412,0.6060231328010559,0.09642559289932251,0.8484324216842651,0.5926649570465088,0.47041985392570496,0.5787782669067383,0.7062085270881653,0.9376190304756165,0.5938134789466858,1.3669002056121826,0.550155758857727,0.9729814529418945,0.5863103866577148,0.016563035547733307,0.13986042141914368,1.4052807092666626,0.6998975872993469,0.23005256056785583,1.0115898847579956,0.6165269613265991,0.31554079055786133,0.6855720281600952,1.2989451885223389,1.3322222232818604,0.027054861187934875,1.6060041189193726,0.25381213426589966,0.7105376720428467,0.344348281621933,0.09629704058170319,0.32548096776008606,1.2038484811782837,0.6941539645195007,0.42698872089385986,1.1995093822479248,0.8481590747833252,0.2610814869403839,0.1937033236026764
0.14649598300457,0.5005781650543213,0.6037917137145996,0.696969747543335,0.6978346705436707,1.5786635875701904,1.949864149093628,5.163057804107666,1.172871470451355,0.28158488869667053,0.6467133164405823,0.9591763615608215,0.10407110303640366,0.00039999998989515007,0.9556737542152405,2.3823671340942383,1.6439566612243652,1.8577407598495483,0.8537263870239258,0.6045252680778503,0.02211638353765011,0.6122942566871643,0.6633418798446655,0.5923672914505005,0.5547280311584473,0.8532763719558716,0.9497301578521729,0.832054615020752,1.453474521636963,0.5191391110420227,0.874843418598175,0.3960273265838623,0.15550367534160614,0.28855058550834656,1.0215822458267212,0.4741775095462799,0.28574231266975403,1.3301492929458618,0.48322761058807373,0.16242572665214539,0.6326107978820801,1.125086784362793,1.1981440782546997,0.38344937562942505,1.4331036806106567,0.3077961504459381,0.9502265453338623,0.31761258840560913,0.14090293645858765,0.1295056790113449,1.2045652866363525,0.382662296295166,0.5932260751724243,1.1445839405059814,0.7454732060432434,0.34223684668540955,0.10449280589818954
0.025893433019518852,0.32631081342697144,0.49140027165412903,0.8146527409553528,0.7575994729995728,1.568561315536499,1.64126718044281,5.506031036376953,1.3099315166473389,0.0019221109105274081,0.5758845210075378,0.6106175780296326,0.09596379846334457,0.00039999998989515007,1.0812376737594604,1.7895152568817139,1.570827841758728,1.727747917175293,1.0209791660308838,0.4541356861591339,0.023284761235117912,0.6180112957954407,0.6165260672569275,0.4612160921096802,0.5339343547821045,0.6951309442520142,0.8383687138557434,0.6683191657066345,1.4247303009033203,0.7840108275413513,0.9468639492988586,0.5191611051559448,0.3585784435272217,0.018063228577375412,1.1360185146331787,0.6407846212387085,0.30691275000572205,1.2181512117385864,0.5662503838539124,0.2784004509449005,0.8215699195861816,1.0151115655899048,1.3482065200805664,0.34900686144828796,1.5084229707717896,0.4905798137187958,0.5257676243782043,0.3209213614463806,0.23133960366249084,0.047372400760650635,1.3101789951324463,0.5458215475082397,0.425371915102005,1.0125720500946045,1.0394243001937866,0.36107224225997925,0.16486647725105286
0.07111804932355881,0.5370196104049683,0.5138376355171204,0.7677949070930481,0.7203734517097473,1.4943770170211792,1.8775016069412231,5.403115749359131,1.4986546039581299,0.004551476798951626,0.6717513203620911,0.6376272439956665,0.10736154019832611,0.00039999998989515007,0.996452808380127,1.7995829582214355,1.3378015756607056,1.738264799118042,1.0758546590805054,0.5909979343414307,0.1981276124715805,0.6925832629203796,0.7405602335929871,0.6117211580276489,0.5017293095588684,0.6114413142204285,0.7401013970375061,0.7309309840202332,1.4889408349990845,0.777470052242279,1.133939504623413,0.2450771927833557,0.3926941156387329,0.08911661058664322,0.9351226091384888,0.5556237101554871,0.25179240107536316,1.140488624572754,0.6744522452354431,0.1123175323009491,0.7765887379646301,0.7566472887992859,1.4694724082946777,0.4511122703552246,1.4103604555130005,0.6576911211013794,0.4254109561443329,0.2517828047275543,0.013250168412923813,0.10924287140369415,1.5914620161056519,0.41728389263153076,0.4381466507911682,0.8843613862991333,0.9873153567314148,0.18901628255844116,0.02125433273613453
0.13601896166801453,0.047188129276037216,0.3179023563861847,0.5264943838119507,0.5404740571975708,1.206444263458252,1.2740063667297363,5.309736251831055,1.0590757131576538,0.41419291496276855,0.28988349437713623,0.558743953704834,0.3052634000778198,0.00039999998989515007,1.217511534690857,1.694340705871582,1.8366371393203735,1.7195910215377808,0.9917205572128296,0.5323777198791504,0.40654557943344116,0.6943808794021606,0.2278129905462265,0.6309482455253601,0.10028113424777985,0.645786702632904,1.140281319618225,0.977461040019989,1.329461693763733,0.5699313282966614,1.0650641918182373,0.9878591895103455,0.21503162384033203,0.3242861330509186,1.4059510231018066,0.8505746722221375,0.3921588957309723,1.094146966934204,0.65089350938797,0.23776781558990479,1.0881576538085938,1.2585595846176147,1.658107042312622,0.3099433481693268,1.6193668842315674,0.3802710771560669,0.20734067261219025,0.29592788219451904,0.04205334931612015,0.003573137801140547,1.1811814308166504,0.572184681892395,0.5151403546333313,1.1418788433074951,0.9030923247337341,0.3671950101852417,0.34246182441711426
0.3064707815647125,0.28002655506134033,0.9616134166717529,0.7749726176261902,0.5378837585449219,2.2841134071350098,1.505990982055664,5.414677619934082,0.751499593257904,0.2745557427406311,0.8149873614311218,0.8873416185379028,0.5584626793861389,0.00039999998989515007,1.0496196746826172,1.9285458326339722,1.3123886585235596,1.6263573169708252,0.5339380502700806,0.4570314288139343,0.2278132289648056,0.11430545896291733,0.5274045467376709,0.09788650274276733,0.69081711769104,0.784778356552124,0.63145512342453,0.4019651710987091,1.4761550426483154,0.16030354797840118,0.7529212236404419,0.8587696552276611,0.22964473068714142,0.5277747511863708,1.5316760540008545,1.1323859691619873,0.37029480934143066,1.388471245765686,0.48280030488967896,0.08950739353895187,0.40032997727394104,1.626548409461975,0.36053431034088135,0.10387282073497772,0.9753586053848267,0.32465046644210815,1.4021302461624146,0.08343115448951721,0.23336713016033173,0.2539179027080536,1.114656925201416,0.2302350252866745,0.35142800211906433,0.7651543021202087,1.1930568218231201,0.6093880534172058,0.3899810016155243
0.013996101915836334,0.09619686007499695,0.6828271746635437,0.5869322419166565,0.5570911765098572,1.110783338546753,1.6059679985046387,4.898313522338867,1.2594151496887207,0.34104815125465393,0.30071407556533813,0.785650372505188,0.3689185082912445,0.00039999998989515007,1.0144623517990112,1.8201850652694702,1.6978888511657715,1.9269825220108032,0.8245739340782166,0.5922076106071472,0.09691061824560165,0.7078198790550232,0.5406538248062134,0.7530679702758789,0.28372347354888916,0.7051491737365723,1.0936201810836792,1.1140589714050293,1.5015966892242432,0.5196908116340637,0.9970955848693848,0.8838596343994141,0.0003656508924905211,0.16082467138767242,1.3185304403305054,0.6927861571311951,0.35915666818618774,1.058947205543518,0.8684820532798767,0.09042244404554367,1.0518873929977417,1.339638113975525,1.77503502368927,0.30502185225486755,1.5623010396957397,0.43399161100387573,0.44541019201278687,0.30268824100494385,0.007306118495762348,0.11682402342557907,1.4621177911758423,0.5282989144325256,0.22173407673835754,1.266370177268982,0.7878634929656982,0.2189253717660904,0.13585959374904633
0.42376476526260376,0.030879518017172813,0.6950958967208862,0.7601369619369507,0.495065838098526,0.9667168855667114,1.30124831199646,5.262540340423584,1.0228208303451538,0.35049909353256226,0.5869602560997009,0.6042914390563965,0.12202051281929016,0.00039999998989515007,1.0801714658737183,2.0104613304138184,1.6154206991195679,1.7548985481262207,0.8079043030738831,0.8626587986946106,0.00997026078402996,0.7148837447166443,0.13399165868759155,0.8859356641769409,0.24763193726539612,0.9167407155036926,1.2688958644866943,1.1794997453689575,1.4050019979476929,0.6038744449615479,0.6703231334686279,0.7707921266555786,0.2609822750091553,0.017268555238842964,1.1681404113769531,0.7960928082466125,0.31191056966781616,1.3532747030258179,0.5777981877326965,0.018277188763022423,0.8176043629646301,1.2588560581207275,1.3735963106155396,0.36996081471443176,1.261461853981018,0.5990568995475769,0.658315896987915,0.46447426080703735,0.003997216932475567,0.2676125466823578,1.5410561561584473,0.5158684253692627,0.389731764793396,0.9592946767807007,1.0008255243301392,0.2713717222213745,0.40352949500083923
0.177001491189003,0.4765836298465729,0.6179201006889343,0.8946598172187805,0.7183203101158142,1.4262889623641968,1.8172379732131958,5.412291526794434,1.41253662109375,0.14716875553131104,0.8219233155250549,0.40636342763900757,0.10925234854221344,0.00039999998989515007,1.0957884788513184,1.4808744192123413,1.2800170183181763,1.6763019561767578,1.0825263261795044,0.3995010256767273,0.39705032110214233,0.5653475522994995,0.7030566930770874,0.613547146320343,0.5882212519645691,0.6189060211181641,0.7216249704360962,0.7500497698783875,1.39091157913208,0.9624465107917786,0.9582347869873047,0.25538596510887146,0.48763012886047363,0.1072225272655487,0.8563249111175537,0.6513004302978516,0.29247167706489563,1.3198933601379395,0.6547650694847107,0.14308762550354004,0.9051372408866882,0.780128538608551,1.4516586065292358,0.5548710227012634,1.324253797531128,0.7778562903404236,0.4166603684425354,0.4099067151546478,0.2550666928291321,0.040627043694257736,1.681915521621704,0.47811198234558105,0.3307441473007202,0.7618957161903381,1.1102508306503296,0.268090158700943,0.01977374218404293
0.20447885990142822,0.4335031807422638,0.6409628987312317,0.7786352038383484,1.0130884647369385,1.4355882406234741,1.5434073209762573,4.9977850914001465,1.827950358390808,0.23475056886672974,0.6883335709571838,0.7459478378295898,0.23549531400203705,0.00039999998989515007,1.3432174921035767,1.9168339967727661,1.5478169918060303,1.9151732921600342,0.9341063499450684,0.3555077016353607,0.0028037079609930515,0.7607208490371704,1.0760273933410645,0.37403225898742676,0.7692854404449463,0.6166952848434448,0.8039940595626831,0.8314129114151001,1.255679965019226,0.6677857041358948,0.8823148012161255,0.38732945919036865,0.1816694587469101,0.0443015918135643,1.0953621864318848,0.6672568917274475,0.5591709613800049,1.1274157762527466,0.8449598550796509,0.3792859613895416,0.7442905902862549,1.0121456384658813,1.4063875675201416,0.30657461285591125,1.6141043901443481,0.3998278081417084,0.46015626192092896,0.29622483253479004,0.24490073323249817,0.19241179525852203,1.2715067863464355,0.4955224096775055,0.25187963247299194,1.1173224449157715,0.9285233616828918,0.5468420386314392,0.22782430052757263
0.6953457593917847,0.6888161897659302,0.8960797786712646,0.3935546278953552,0.5481632351875305,2.177978038787842,2.424190044403076,4.935987949371338,0.9362241625785828,0.6188251972198486,0.4836777150630951,1.1217777729034424,0.03222300484776497,0.00039999998989515007,0.7651501893997192,2.1147665977478027,1.4153372049331665,1.7446357011795044,0.5627633333206177,0.22306449711322784,0.0597987025976181,0.36726877093315125,0.8551734089851379,0.542839765548706,0.5807231068611145,0.5439144968986511,0.5248135924339294,0.3094727694988251,1.5260255336761475,0.33118557929992676,1.2571513652801514,0.40986305475234985,0.21009640395641327,0.2995308041572571,1.181264042854309,0.7586488723754883,0.318551242351532,1.166689157485962,0.2613307237625122,0.11481225490570068,0.740668773651123,1.4004998207092285,1.110400915145874,0.31431156396865845,1.6714085340499878,0.17618143558502197,1.04245126247406,0.32272258400917053,0.3637177646160126,0.19423070549964905,1.1608670949935913,0.22625698149204254,0.6059923768043518,1.1603186130523682,0.5862755179405212,0.3058031499385834,0.2430141419172287
0.6524019241333008,0.933624804019928,0.9631375074386597,0.3566591143608093,0.7409456968307495,2.599392890930176,2.0495731830596924,5.3565287590026855,1.074939489364624,0.30638429522514343,0.5366989970207214,1.0417758226394653,0.4098932445049286,0.00039999998989515007,0.9351463317871094,1.9252896308898926,0.941864550113678,1.4919029474258423,0.38701847195625305,0.10099247097969055,0.014179352670907974,0.35924750566482544,0.9073939919471741,0.2870864272117615,0.8261117935180664,0.3538890779018402,0.03970233350992203,0.27127283811569214,1.3107068538665771,0.5765405893325806,1.0085506439208984,0.2612147927284241,0.06308991461992264,0.06252957135438919,1.3226869106292725,1.1743249893188477,0.32479164004325867,1.1467634439468384,0.16355642676353455,0.10802042484283447,0.42201006412506104,1.582152247428894,0.6269015073776245,0.258272260427475,1.5445188283920288,0.20599831640720367,0.8768305778503418,0.5483201146125793,0.019368555396795273,0.46898844838142395,1.1336582899093628,0.3610699474811554,0.43590736389160156,0.7799004912376404,0.9786309599876404,0.5292105674743652,0.0520443357527256
0.12227968126535416,0.23285998404026031,0.5990604758262634,1.0437431335449219,0.7685062289237976,1.2884907722473145,1.7402640581130981,5.4058685302734375,0.9890255331993103,0.018075117841362953,0.7840778231620789,0.5325002074241638,0.09664278477430344,0.00039999998989515007,0.8946791887283325,1.9682139158248901,1.6166960000991821,1.7109158039093018,1.0396181344985962,0.6155332922935486,0.16044719517230988,0.4714474081993103,0.5559086203575134,0.508749783039093,0.6185502409934998,1.0200293064117432,1.0475045442581177,0.7320314645767212,1.464015245437622,0.8498476147651672,0.6243240237236023,0.4366700053215027,0.43601661920547485,0.21681205928325653,0.9419482946395874,0.46351000666618347,0.2521204650402069,1.5012599229812622,0.3966974914073944,0.17669863998889923,0.7498694658279419,1.0165023803710938,1.078840732574463,0.4377179443836212,1.3162144422531128,0.5965858101844788,0.831611156463623,0.3821222186088562,0.2987386882305145,0.205301433801651,1.4108754396438599,0.37152644991874695,0.401428759098053,0.8639095425605774,1.086487889289856,0.45205867290496826,0.19144967198371887
0.27767106890678406,0.5209344029426575,0.34991246461868286,0.5831323266029358,0.8345639109611511,1.2126342058181763,2.205796003341675,4.829460620880127,1.7551982402801514,0.09972310811281204,0.5747200846672058,0.8933385014533997,0.42600035667419434,0.00039999998989515007,1.1598496437072754,2.4917209148406982,1.4681756496429443,1.8845674991607666,1.1755462884902954,0.6909517645835876,0.08554371446371078,0.6600928902626038,1.0348690748214722,0.584129810333252,0.5582269430160522,0.5793941617012024,0.8254036903381348,1.2678782939910889,1.37711763381958,0.5140933394432068,1.0114768743515015,0.3496067523956299,0.34797701239585876,0.14479510486125946,0.7116844654083252,0.02569086104631424,0.41908273100852966,0.9892963767051697,0.8179716467857361,0.20105916261672974,0.6576483845710754,0.6923465132713318,1.5071340799331665,0.490918904542923,1.4451782703399658,0.49673157930374146,0.5503896474838257,0.037004925310611725,0.17152999341487885,0.20212054252624512,1.2057896852493286,0.25842732191085815,0.47050756216049194,1.4244731664657593,0.5286238789558411,0.18740548193454742,0.028169073164463043
0.3698774576187134,0.4815157949924469,0.4063408076763153,1.174301266670227,0.9271100759506226,1.258451223373413,2.258427619934082,5.5811944007873535,0.7194885611534119,0.45315566658973694,0.3520306944847107,0.08480338752269745,0.032558318227529526,0.00039999998989515007,0.6720987558364868,2.544520139694214,1.3362807035446167,1.3924232721328735,1.0110032558441162,0.9842590689659119,0.26259565353393555,0.1386755257844925,0.5590988993644714,0.3934853672981262,0.5689807534217834,1.0938738584518433,0.8766186833381653,0.7795394659042358,1.3260236978530884,0.8971578478813171,0.3759428560733795,0.8925774693489075,0.9486395716667175,0.40016281604766846,0.7739466428756714,0.11095572263002396,0.44519010186195374,1.0294694900512695,0.30101725459098816,0.0366632379591465,0.39667239785194397,1.106195092201233,0.09969741106033325,0.14998798072338104,1.0888291597366333,0.14099393784999847,0.983223557472229,0.05191504582762718,0.4833349287509918,0.5341531038284302,1.0486464500427246,0.025727489963173866,0.32479897141456604,1.034034252166748,1.0935554504394531,0.46279728412628174,0.481614351272583
0.18641221523284912,0.3990902304649353,0.48212939500808716,0.6281423568725586,0.7344043850898743,1.5743962526321411,1.9185280799865723,5.330887317657471,1.4295021295547485,0.204532653093338,0.5116361379623413,0.8118541836738586,0.13695472478866577,0.00039999998989515007,1.1096302270889282,2.2016854286193848,1.5129424333572388,1.7911611795425415,0.978243887424469,0.6064189672470093,0.13490977883338928,0.658645510673523,0.7328417897224426,0.5651956796646118,0.5009893774986267,0.6147578358650208,0.8062100410461426,0.8591622710227966,1.4136050939559937,0.5744228363037109,1.028106927871704,0.5435237288475037,0.27620959281921387,0.06962521374225616,1.0643013715744019,0.5038303136825562,0.3640888035297394,1.0871225595474243,0.5831692218780518,0.19871841371059418,0.709600567817688,1.049859642982483,1.3204381465911865,0.34735018014907837,1.5453386306762695,0.339413046836853,0.6044346690177917,0.2403082400560379,0.043879635632038116,0.022521184757351875,1.2372088432312012,0.4045681059360504,0.5069985389709473,1.2334280014038086,0.804535448551178,0.28243300318717957,0.1374255269765854
0.3119330108165741,0.4659082889556885,0.4641287922859192,0.5869817733764648,0.9314648509025574,1.7658768892288208,1.5125271081924438,5.362051963806152,1.141225814819336,0.20199425518512726,0.23280440270900726,0.741254985332489,0.22594985365867615,0.00039999998989515007,0.8916277289390564,1.8272849321365356,1.5580501556396484,1.7252177000045776,0.8984363079071045,0.12932485342025757,0.22036731243133545,0.7231453657150269,0.7743592262268066,0.29084721207618713,0.49678996205329895,0.700305163860321,0.716670036315918,0.4131122827529907,1.482332468032837,0.8427571654319763,0.982107400894165,0.6343358159065247,0.2572208642959595,0.18916240334510803,1.3135712146759033,0.7028524279594421,0.3343360722064972,1.1229662895202637,0.7894720435142517,0.2259916216135025,0.794873058795929,1.361010193824768,1.2985817193984985,0.35297882556915283,1.7463655471801758,0.13764998316764832,0.43124476075172424,0.5156995058059692,0.1944102793931961,0.35092270374298096,1.0534250736236572,0.45617640018463135,0.3666728734970093,0.9715600609779358,1.0850311517715454,0.5437340140342712,0.15749382972717285
0.49730631709098816,0.662166178226471,0.6799655556678772,0.40667465329170227,0.4376513659954071,2.370708465576172,2.207676887512207,5.169402599334717,0.9246583580970764,0.4588584899902344,0.7052274346351624,1.0472561120986938,0.2128680944442749,0.00039999998989515007,0.8838645815849304,1.8848516941070557,1.498528003692627,1.8144327402114868,0.45293331146240234,0.36691975593566895,0.14949512481689453,0.5362993478775024,0.6652697920799255,0.5449690818786621,0.5364710092544556,0.5197259783744812,0.6005174517631531,0.06837160885334015,1.265448808670044,0.26020804047584534,1.3595889806747437,0.3701976537704468,0.2693638801574707,0.16269397735595703,1.3423715829849243,1.1075109243392944,0.2662612497806549,1.1984747648239136,0.13342668116092682,0.04163700342178345,0.705349862575531,1.4601571559906006,1.092868685722351,0.2489749938249588,1.4972484111785889,0.14915895462036133,0.9217881560325623,0.36726850271224976,0.3711646497249603,0.3340397775173187,1.294461965560913,0.3167620003223419,0.7712298631668091,0.9034448266029358,0.6726399660110474,0.33040305972099304,0.1309857964515686
0.2072611004114151,0.3257293403148651,0.6028656363487244,0.8222399950027466,0.7681520581245422,1.3324915170669556,1.9391728639602661,5.106200695037842,1.2607530355453491,0.25379547476768494,0.5224936008453369,0.8855223655700684,0.1979115754365921,0.00039999998989515007,0.8010656237602234,2.4149041175842285,1.6469242572784424,1.8496098518371582,0.9275468587875366,0.7822989225387573,0.002830951241776347,0.6809017062187195,0.7681122422218323,0.5436424016952515,0.5550864934921265,0.8949607014656067,1.0282763242721558,0.9422525763511658,1.5478490591049194,0.5622645616531372,0.8535528182983398,0.49218520522117615,0.2713957726955414,0.34200629591941833,0.9568984508514404,0.2549194395542145,0.28458771109580994,1.178060531616211,0.5715327262878418,0.16942276060581207,0.6084942817687988,1.056898832321167,1.1630103588104248,0.30781257152557373,1.5358244180679321,0.3027086853981018,0.9236200451850891,0.2500133216381073,0.04219882935285568,0.11001138389110565,1.2301242351531982,0.3218608498573303,0.4739619791507721,1.2248494625091553,0.7620811462402344,0.28057458996772766,0.1130923479795456
0.1145118847489357,0.15301407873630524,0.3710149824619293,0.833308756351471,0.6696112155914307,1.4759840965270996,2.1563122272491455,5.260042190551758,1.1618626117706299,0.18522144854068756,0.5771890878677368,0.6688701510429382,0.042815327644348145,0.00039999998989515007,0.858822226524353,2.4861812591552734,1.478840708732605,1.8209909200668335,0.8003846406936646,0.9393306970596313,0.23583781719207764,0.7451516389846802,0.4915468990802765,0.8838568329811096,0.5352147221565247,0.7123115658760071,1.02690589427948,1.1262706518173218,1.1953389644622803,0.7380714416503906,0.7365217208862305,0.4742163419723511,0.3835980296134949,0.25620269775390625,0.8941945433616638,0.27353715896606445,0.2946775555610657,1.1212772130966187,0.5156868100166321,0.18699604272842407,0.657328724861145,1.116784691810608,1.0353707075119019,0.1553308516740799,1.4865871667861938,0.4796483814716339,0.7468401789665222,0.5416156649589539,0.08939437568187714,0.23518754541873932,1.2814861536026,0.35149210691452026,0.5464686751365662,1.2620402574539185,0.6757809519767761,0.22304657101631165,0.18826305866241455
0.06036113202571869,0.02130185253918171,0.1609642654657364,0.6856397390365601,0.7619307041168213,1.3504222631454468,1.9493122100830078,5.707375526428223,1.0989799499511719,0.2326957732439041,0.5320651531219482,0.2699517607688904,0.08882593363523483,0.00039999998989515007,1.1441503763198853,2.1501224040985107,1.4405853748321533,1.4851101636886597,1.0738824605941772,0.7715440988540649,0.43872615694999695,0.6249105334281921,0.3784360885620117,0.7445420622825623,0.3997725546360016,0.4814649820327759,0.9177514314651489,1.0592714548110962,1.0611666440963745,0.8943600058555603,0.8805199265480042,0.5393878221511841,0.7238724231719971,0.09434778988361359,0.8561527132987976,0.4489078223705292,0.4635300934314728,1.0509086847305298,0.4278273582458496,0.4143115282058716,0.7979209423065186,0.8845335841178894,0.9854081869125366,0.24147860705852509,1.7451106309890747,0.5080563426017761,0.17307749390602112,0.46699258685112,0.01973642408847809,0.31699255108833313,1.168381690979004,0.23368431627750397,0.7093411087989807,1.0965880155563354,0.8540266156196594,0.3804076015949249,0.3259013891220093
0.19078779220581055,0.3569152057170868,0.5110992789268494,0.8838122487068176,0.8059040307998657,1.9075121879577637,1.5596587657928467,5.810962677001953,0.846686840057373,0.549812376499176,0.269733726978302,0.5488196611404419,0.0036950104404240847,0.00039999998989515007,0.31680208444595337,1.6613320112228394,1.7945672273635864,1.5696784257888794,0.655692458152771,0.4149594306945801,0.2633845806121826,1.0888887643814087,0.21754665672779083,0.15994593501091003,0.5824628472328186,0.5726258158683777,0.8690888285636902,0.24772897362709045,0.8235675096511841,1.3361639976501465,0.7757116556167603,0.11525999754667282,0.6683719754219055,0.21917344629764557,1.2709630727767944,0.25097256898880005,0.25084903836250305,0.7373412847518921,0.8143225908279419,0.6025819182395935,0.5730566382408142,0.9795091152191162,1.167792558670044,0.15677645802497864,1.5402110815048218,0.6915161609649658,0.010931720957159996,0.723990797996521,0.4578564465045929,0.5907320380210876,0.9036757946014404,0.9813662171363831,0.6356790065765381,0.7260118722915649,0.8684895038604736,0.1818142831325531,0.35683417320251465
0.08161533623933792,0.4913081228733063,0.4104168713092804,0.7648873329162598,0.6554509997367859,1.4271200895309448,1.8352395296096802,5.327116966247559,1.3791424036026,0.019975854083895683,0.6261535882949829,0.6849827170372009,0.173109233379364,0.00039999998989515007,0.8235187530517578,1.6836930513381958,1.4513074159622192,1.8756964206695557,1.014965295791626,0.6526730060577393,0.14075320959091187,0.7858402729034424,0.7209128141403198,0.6090688705444336,0.4227536916732788,0.6970954537391663,0.8620384335517883,0.6283484101295471,1.4810547828674316,0.7505950331687927,1.1944056749343872,0.3056146502494812,0.26030677556991577,0.20881138741970062,1.0679738521575928,0.6070683598518372,0.1417267918586731,1.1230170726776123,0.7580085396766663,0.0076569365337491035,0.8432461023330688,0.9042263031005859,1.5852665901184082,0.4230037033557892,1.3530185222625732,0.6677781939506531,0.3536338806152344,0.25839975476264954,0.024363260716199875,0.3158823847770691,1.7072654962539673,0.4190601110458374,0.40366989374160767,0.7775402665138245,0.9777716994285583,0.18757186830043793,0.04707236588001251
0.3325364589691162,0.5320451855659485,0.5905711650848389,0.4571802616119385,0.7933920621871948,1.3493677377700806,2.17445707321167,5.063849449157715,1.280146837234497,0.23495835065841675,0.23076261579990387,0.9831899404525757,0.35355645418167114,0.00039999998989515007,0.7343126535415649,2.086836576461792,1.4845343828201294,1.9201209545135498,1.0330909490585327,0.3442857563495636,0.0161966010928154,0.5212041735649109,1.0050255060195923,0.454992413520813,0.46859726309776306,0.6378538608551025,0.7177585959434509,0.7371873259544373,1.685071587562561,0.5929758548736572,1.110069990158081,0.42236846685409546,0.13022425770759583,0.11563687026500702,1.1074162721633911,0.25909191370010376,0.19923809170722961,0.9092602133750916,0.9506407380104065,0.18957528471946716,0.889527440071106,0.9498391151428223,1.6130623817443848,0.4541923999786377,1.6665962934494019,0.4162931740283966,0.41706520318984985,0.015404016710817814,0.07722941040992737,0.37377551198005676,1.2971669435501099,0.2805047035217285,0.25220486521720886,1.1994563341140747,0.7244126796722412,0.19091376662254333,0.10220737010240555
0.41364002227783203,0.4581441879272461,0.21445366740226746,0.9985632300376892,0.568198025226593,1.6328601837158203,1.4840201139450073,5.363275051116943,1.060295820236206,0.6637822389602661,0.49305060505867004,0.7794156074523926,0.2709316313266754,0.00039999998989515007,0.5098305940628052,1.3138482570648193,2.174546718597412,1.9249922037124634,0.9371745586395264,0.3562949597835541,0.2907659709453583,0.8251464366912842,0.3595086336135864,0.036598119884729385,0.5280163884162903,0.8684076070785522,1.0713520050048828,0.41230082511901855,1.2818881273269653,0.9128088355064392,0.9291565418243408,0.295911967754364,0.3080655336380005,0.09926403313875198,1.2523483037948608,0.14588110148906708,0.3074900209903717,1.0385236740112305,0.8211709260940552,0.44482097029685974,0.8255845308303833,0.7437547445297241,1.8846821784973145,0.215671569108963,1.1071215867996216,0.8074101209640503,0.4873918294906616,0.17870943248271942,0.5256578326225281,0.3691442608833313,1.0982487201690674,1.1332966089248657,0.4780008792877197,0.9605814814567566,0.7977778911590576,0.04851458594202995,0.021444547921419144
0.5453298687934875,0.04713838919997215,0.605658233165741,0.9089541435241699,0.3967593312263489,1.1196789741516113,1.1334854364395142,5.306473255157471,0.9082313776016235,0.20716959238052368,0.5608068704605103,0.5327450037002563,0.050957854837179184,0.00039999998989515007,0.9725749492645264,1.7710543870925903,1.6659208536148071,1.856480360031128,0.7514822483062744,0.8037264943122864,0.009608243592083454,0.7253422737121582,0.029163535684347153,0.8837792277336121,0.206462562084198,0.9623997211456299,1.3141688108444214,1.0312665700912476,1.3971271514892578,0.6734410524368286,0.6230593323707581,0.8249030709266663,0.17502886056900024,0.019169695675373077,1.2891932725906372,0.8266313076019287,0.20891422033309937,1.3717232942581177,0.5352466702461243,0.02687387354671955,0.9157469272613525,1.342401385307312,1.4304941892623901,0.25806525349617004,1.1360907554626465,0.6474587321281433,0.7210859060287476,0.5492841601371765,0.13011863827705383,0.146427720785141,1.5161159038543701,0.6882550120353699,0.2975359857082367,0.9233481287956238,1.0593774318695068,0.2514665126800537,0.3737969994544983
0.06377467513084412,0.21833011507987976,0.39834117889404297,0.8277796506881714,0.6246883869171143,1.5903173685073853,1.569394826889038,5.360983371734619,1.163696050643921,0.03037187270820141,0.5797321796417236,0.6671298146247864,0.11001190543174744,0.00039999998989515007,0.9256901144981384,1.7081143856048584,1.794886827468872,1.9173767566680908,0.8505748510360718,0.6489107608795166,0.05565589666366577,0.8056912422180176,0.48557206988334656,0.5530989170074463,0.42782774567604065,0.7991481423377991,1.0791015625,0.6479379534721375,1.370262622833252,0.6431581377983093,1.0442988872528076,0.6084997057914734,0.15142707526683807,0.017543770372867584,1.271315574645996,0.715901792049408,0.22455792129039764,1.1973189115524292,0.598175585269928,0.17451074719429016,0.8728109002113342,1.164284586906433,1.4720985889434814,0.2493506371974945,1.4594138860702515,0.40726643800735474,0.5886973738670349,0.36196771264076233,0.10436421632766724,0.17222385108470917,1.3897839784622192,0.5649546980857849,0.4995392858982086,0.9836059212684631,0.9577957391738892,0.2844264805316925,0.1057140901684761
0.5429719686508179,0.4542633593082428,0.34982776641845703,0.6291854977607727,0.6813302636146545,1.2306386232376099,0.8750751614570618,4.7128987312316895,1.3888753652572632,1.0428574085235596,0.25497204065322876,0.9468688368797302,0.4599358141422272,0.00039999998989515007,1.0600768327713013,1.2433087825775146,2.130560874938965,2.1401219367980957,0.4954603314399719,0.3812641501426697,0.29065507650375366,0.5850480198860168,0.41348031163215637,0.11116404831409454,0.7306951880455017,0.6938568949699402,0.9331976771354675,0.8837186098098755,0.9984341263771057,0.8351125717163086,0.22049486637115479,0.4230266511440277,0.2540603578090668,0.21482932567596436,1.4734225273132324,0.45197707414627075,0.01894824393093586,0.9456911087036133,1.4154843091964722,0.7907092571258545,0.9849429130554199,1.1107679605484009,2.2828829288482666,0.11601262539625168,1.0628437995910645,0.9953403472900391,0.2148628830909729,0.3151371479034424,0.7784005403518677,0.425125390291214,0.8403416872024536,1.4992632865905762,0.2157505601644516,1.3549941778182983,0.6235624551773071,0.23213931918144226,0.3104740381240845
0.3332720696926117,0.7445838451385498,0.06796381622552872,0.7203029990196228,0.5382118821144104,2.0047271251678467,1.5836647748947144,5.484622001647949,1.024653673171997,0.6173227429389954,0.3021934926509857,1.0826481580734253,0.07156731188297272,0.00039999998989515007,0.3628132939338684,1.386591911315918,2.0359303951263428,1.8413515090942383,0.697003185749054,0.22867146134376526,0.2973378002643585,0.8001349568367004,0.3525131642818451,0.020791271701455116,0.5551474690437317,0.7246435880661011,0.7699530124664307,0.06283939629793167,1.406162977218628,0.7889243960380554,1.0586786270141602,0.1417980045080185,0.08941807597875595,0.046192292124032974,1.4394381046295166,0.26788002252578735,0.4338037073612213,0.8290324807167053,0.8011600971221924,0.4650598168373108,0.651645302772522,0.8105326294898987,1.8580479621887207,0.09180163592100143,1.1717900037765503,0.7034869194030762,0.440719336271286,0.07121293246746063,0.31000226736068726,0.7338125109672546,1.0694026947021484,1.1766045093536377,0.46164029836654663,0.9626861810684204,0.7678496837615967,0.18335548043251038,0.05562460795044899
0.3924240469932556,0.3621858060359955,0.5339813828468323,0.5930888056755066,0.783376157283783,1.6520535945892334,2.2676472663879395,5.149569034576416,1.0979441404342651,0.2625463008880615,0.40308624505996704,0.9317456483840942,0.09208070486783981,0.00039999998989515007,0.9062443375587463,2.5030572414398193,1.3992042541503906,1.9156492948532104,0.7816518545150757,0.48053455352783203,0.0696038082242012,0.6409516334533691,0.8060284852981567,0.5229369401931763,0.6130315661430359,0.6522890329360962,0.7990910410881042,0.922343373298645,1.3193178176879883,0.6184132695198059,0.697157084941864,0.6791162490844727,0.3957689702510834,0.2803393006324768,1.1457983255386353,0.20662923157215118,0.25579631328582764,1.0493128299713135,0.7169942855834961,0.12361328303813934,0.6866058707237244,1.3423997163772583,1.047964096069336,0.3933264911174774,1.5549710988998413,0.12063983082771301,0.9314015507698059,0.33313238620758057,0.20061320066452026,0.027168555185198784,1.014878273010254,0.4363420903682709,0.35141521692276,1.3663281202316284,0.7302473783493042,0.1905018389225006,0.25186771154403687
0.2331501841545105,0.050188951194286346,0.8008424043655396,1.088083028793335,0.8330807685852051,1.581770658493042,1.4701555967330933,5.195908546447754,1.544716477394104,0.12595029175281525,0.43064478039741516,0.9063894152641296,0.26054343581199646,0.00039999998989515007,0.8191487193107605,2.429490804672241,1.5654443502426147,1.8056025505065918,0.7027252316474915,1.1346940994262695,0.11674731224775314,0.6767379641532898,0.7805359363555908,0.2835601270198822,0.7743592858314514,0.8400320410728455,0.9516302347183228,0.5178230404853821,1.6236335039138794,0.27992677688598633,0.6807515025138855,0.7794403433799744,0.06365841627120972,0.7410655617713928,1.2257258892059326,0.2819809913635254,0.31256064772605896,0.7921711802482605,0.19186744093894958,0.31580036878585815,0.22737647593021393,1.0588985681533813,0.6745054125785828,0.2411319762468338,1.463785171508789,0.003369307843968272,1.2091785669326782,0.1367689073085785,0.2497231513261795,0.16302603483200073,1.0841344594955444,0.3694571256637573,0.1979983150959015,1.4013255834579468,0.9608176946640015,0.23731651902198792,0.34245792031288147
0.08171774446964264,0.33747392892837524,0.49273189902305603,0.6630334854125977,0.6343752145767212,1.5866303443908691,1.6383212804794312,5.640106678009033,1.31751549243927,0.1654866486787796,0.4970163404941559,0.5692790150642395,0.09420058876276016,0.00039999998989515007,1.1805834770202637,1.79856276512146,1.536225438117981,1.6186528205871582,1.0513579845428467,0.4420718252658844,0.04395093023777008,0.6034594178199768,0.44689759612083435,0.5561365485191345,0.3718591630458832,0.5345615148544312,0.7953598499298096,0.8611555695533752,1.4478704929351807,0.6999750137329102,1.0860174894332886,0.5478270649909973,0.4418930411338806,0.0221407413482666,1.0434179306030273,0.6127952933311462,0.3435971438884735,1.137492060661316,0.5310840606689453,0.35978835821151733,0.8506008982658386,0.8535367250442505,1.4230774641036987,0.3896298110485077,1.6025310754776,0.4330413341522217,0.48961153626441956,0.28123220801353455,0.056642286479473114,0.16223964095115662,1.1844630241394043,0.5848242044448853,0.5882763266563416,1.147207260131836,0.9389671683311462,0.19782646000385284,0.10493031144142151
0.3033347427845001,0.47418972849845886,0.5135546922683716,0.45304635167121887,0.8235144019126892,1.3125590085983276,2.418605089187622,5.023449420928955,1.3376915454864502,0.13008296489715576,0.42617714405059814,0.861133873462677,0.30964770913124084,0.00039999998989515007,0.9273733496665955,2.247080087661743,1.2548243999481201,1.946518063545227,0.9332805275917053,0.46006131172180176,0.13104316592216492,0.6908814311027527,1.012220859527588,0.574752688407898,0.5765780210494995,0.5088511109352112,0.7265405058860779,1.0509573221206665,1.3442447185516357,0.699005126953125,0.8880598545074463,0.49307987093925476,0.46720942854881287,0.06894923746585846,1.029732584953308,0.1709163337945938,0.24913857877254486,0.9111753106117249,1.0751616954803467,0.049179557710886,0.8382448554039001,1.0643573999404907,1.4437578916549683,0.577184796333313,1.556652307510376,0.4292832911014557,0.46595755219459534,0.17956899106502533,0.14424359798431396,0.1598212867975235,1.3819918632507324,0.3371433615684509,0.2123798131942749,1.2157951593399048,0.7361184358596802,0.05657634511590004,0.11860243231058121
0.14586398005485535,0.46387410163879395,0.6044434309005737,0.7840362787246704,0.7135260701179504,1.6916069984436035,1.966295838356018,5.218112468719482,1.2057535648345947,0.05949721857905388,0.4813953936100006,0.9701405167579651,0.07024013996124268,0.00039999998989515007,0.8047751784324646,2.262735366821289,1.5692965984344482,1.9290131330490112,0.7742184996604919,0.5049647688865662,0.01811024360358715,0.5964452624320984,0.6769030690193176,0.5604532361030579,0.6409643888473511,0.818317711353302,0.8436074256896973,0.7375172972679138,1.4969584941864014,0.6642671823501587,0.7466092705726624,0.47237980365753174,0.10074299573898315,0.2648763060569763,1.135267972946167,0.3701098561286926,0.17599903047084808,1.2106776237487793,0.6036630272865295,0.195608988404274,0.6643946170806885,1.2348580360412598,1.2539422512054443,0.2475913166999817,1.3979562520980835,0.407087504863739,0.9199426770210266,0.3686281144618988,0.083689384162426,0.07843522727489471,1.2173535823822021,0.5529394745826721,0.3235279619693756,1.2514629364013672,0.7977696061134338,0.2556941509246826,0.07202049344778061
0.6760799884796143,0.33900538086891174,0.013440368697047234,0.8204059600830078,0.45186835527420044,1.3747631311416626,1.1579610109329224,5.404380798339844,0.24932792782783508,0.06797260791063309,0.1376631259918213,0.6124411821365356,0.5618734955787659,0.00039999998989515007,0.25712087750434875,1.2433940172195435,2.210679531097412,1.781701922416687,0.8194238543510437,0.2988227605819702,0.26392999291419983,0.22218893468379974,0.19938746094703674,0.12662722170352936,0.03262682631611824,1.4472858905792236,0.9760891795158386,0.3996956944465637,1.59956955909729,1.145592212677002,0.5507086515426636,0.5419202446937561,0.20908303558826447,0.4659584164619446,1.4865552186965942,0.5173273086547852,0.32809439301490784,1.3031511306762695,0.5365815758705139,0.0077123092487454414,0.9976716637611389,1.219570517539978,1.9310392141342163,0.39984962344169617,0.4447503089904785,0.9474709033966064,0.4728999733924866,0.19952315092086792,0.47631171345710754,0.28493577241897583,0.9399052262306213,1.3512802124023438,0.13369841873645782,0.6774723529815674,1.034563422203064,0.20846423506736755,0.1199670135974884
0.011829103343188763,0.0028664309065788984,0.46108901500701904,0.7619881629943848,0.5521053075790405,1.1206947565078735,1.7990624904632568,4.891324996948242,1.1906037330627441,0.13356061279773712,0.7577076554298401,0.5320351719856262,0.3898678123950958,0.00039999998989515007,1.1274492740631104,1.5742897987365723,1.9384160041809082,2.021071195602417,0.9511029720306396,0.7041981816291809,0.1079060286283493,0.6727229356765747,0.6022064685821533,0.7247509956359863,0.36659952998161316,0.7590836882591248,1.2902113199234009,1.0265276432037354,1.2361880540847778,0.48980897665023804,1.1391032934188843,0.6654671430587769,0.01861387863755226,0.08858103305101395,1.1383081674575806,0.7323306798934937,0.43214893341064453,1.2592922449111938,0.6572425961494446,0.204827681183815,1.191177487373352,1.0745946168899536,1.7497056722640991,0.3653912842273712,1.5312178134918213,0.49566614627838135,0.39257997274398804,0.228583425283432,0.008853266946971416,0.007465308532118797,1.5734493732452393,0.3413682281970978,0.5002365708351135,1.058735728263855,0.7332876920700073,0.3524560332298279,0.002763475989922881
0.18041516840457916,0.026004258543252945,0.9291433691978455,0.9704300761222839,0.9526939988136292,1.3806942701339722,1.4205918312072754,4.989164352416992,1.5451607704162598,0.151777446269989,0.373037725687027,0.8480184078216553,0.04492071270942688,0.00039999998989515007,0.9458067417144775,2.3947319984436035,1.6336175203323364,1.8358384370803833,0.884869396686554,0.8958526849746704,0.012457379139959812,0.5406556129455566,0.8410674333572388,0.2724662125110626,0.7353488206863403,0.897396981716156,1.00034761428833,0.7788016200065613,1.8654967546463013,0.2934107780456543,0.6406182050704956,0.8169152736663818,0.05683957412838936,0.8111792206764221,1.0540611743927002,0.03306712582707405,0.44575297832489014,0.8783749341964722,0.4161311686038971,0.3626272678375244,0.36135244369506836,0.8206422328948975,1.0286511182785034,0.007694709580391645,1.4657889604568481,0.053534556180238724,1.1748168468475342,0.2560354173183441,0.2125518023967743,0.02639959193766117,1.0238593816757202,0.2488134354352951,0.08078119158744812,1.5433605909347534,0.9871458411216736,0.19634699821472168,0.17359699308872223
0.03900446370244026,0.10957028716802597,0.03875868394970894,0.5418468117713928,0.8537847399711609,1.1719173192977905,1.7602779865264893,5.720982074737549,1.112885594367981,0.2706741690635681,0.3920564651489258,0.4185742437839508,0.18732324242591858,0.00039999998989515007,1.114618182182312,2.3700523376464844,1.443559169769287,1.4745466709136963,1.1949437856674194,0.738919734954834,0.5920385718345642,0.6398909091949463,0.3754803538322449,0.6686964631080627,0.30256426334381104,0.5610235333442688,0.9195160269737244,1.0266194343566895,1.178497314453125,0.8857903480529785,0.8366653919219971,0.46210676431655884,0.708228588104248,0.2989857494831085,0.9173001646995544,0.35857412219047546,0.4062505066394806,1.0060328245162964,0.5677199363708496,0.3681248128414154,0.7110168933868408,0.8191688656806946,1.0647377967834473,0.2918870151042938,1.6855436563491821,0.6271611452102661,0.01234548818320036,0.32844430208206177,0.0951605886220932,0.14305329322814941,1.1007564067840576,0.18721163272857666,0.6550201773643494,1.0268959999084473,0.8974477648735046,0.44713637232780457,0.4359889626502991
0.24355994164943695,0.8193928599357605,0.3973270654678345,0.7134605646133423,0.735347330570221,1.7500237226486206,1.5507184267044067,4.954782485961914,1.3523811101913452,0.7338417768478394,0.396537721157074,1.2784653902053833,0.38154923915863037,0.00039999998989515007,0.6176546216011047,2.0351204872131348,2.304075241088867,2.0553014278411865,0.9232600331306458,0.26289331912994385,0.0010152912000194192,0.8613450527191162,0.5658354759216309,0.11479021608829498,0.607058048248291,0.8278976678848267,1.001684308052063,0.5319638848304749,1.2602516412734985,0.6144848465919495,0.9010242819786072,0.008590219542384148,0.06367643177509308,0.2550426423549652,1.2092350721359253,0.23300300538539886,0.27118539810180664,0.8513880968093872,0.9463557004928589,0.6378244161605835,0.5376717448234558,0.5119653940200806,1.961930274963379,0.1330924928188324,1.0909982919692993,0.701072633266449,0.5668820738792419,0.12462694197893143,0.15884268283843994,0.4666750729084015,0.6076334118843079,1.1208826303482056,0.588073194026947,1.2973703145980835,0.4184839427471161,0.032524190843105316,0.05829528719186783
0.13447660207748413,0.9162378907203674,0.3725070059299469,0.6839468479156494,0.7376749515533447,2.2238848209381104,1.1116083860397339,5.458717346191406,1.099210500717163,0.39785072207450867,0.10022963583469391,1.1912100315093994,0.07387710362672806,0.00039999998989515007,0.3734425902366638,1.6397563219070435,2.0075206756591797,1.7290226221084595,0.8221533298492432,0.02669632062315941,0.10434138774871826,1.005854606628418,0.45336830615997314,0.3028750717639923,0.44950127601623535,0.760246753692627,0.6838924884796143,0.20352929830551147,1.3693573474884033,0.8354669213294983,1.1120296716690063,0.15629759430885315,0.2149028778076172,0.10412246733903885,1.5677374601364136,0.3326510787010193,0.3885171711444855,0.8170677423477173,0.7991951704025269,0.44271987676620483,0.46639055013656616,0.9538677334785461,1.558886170387268,0.06914487481117249,1.3002269268035889,0.36253246665000916,0.456718772649765,0.2175217866897583,0.2835596203804016,0.8946172595024109,0.5618079900741577,1.2075170278549194,0.6283784508705139,0.8305148482322693,0.8669233322143555,0.15598393976688385,0.18196651339530945
0.033966097980737686,0.3262905776500702,0.6963165998458862,0.44016140699386597,0.7291441559791565,1.3741331100463867,1.456079363822937,5.040561676025391,1.4636220932006836,0.16283705830574036,0.2084464430809021,1.0848777294158936,0.17683903872966766,0.00039999998989515007,1.1497927904129028,2.368536949157715,1.667380690574646,1.9799628257751465,0.7100276947021484,0.48030969500541687,0.30813542008399963,0.6824511289596558,0.5817757844924927,0.6673871874809265,0.43888670206069946,0.6748026609420776,0.9276934862136841,1.0417088270187378,1.464185357093811,0.40209755301475525,0.772129476070404,0.643998920917511,0.16013766825199127,0.04855504259467125,1.3578126430511475,0.606656014919281,0.3900170624256134,0.9584012031555176,0.8674826622009277,0.34463030099868774,0.733826756477356,1.2523154020309448,1.5552328824996948,0.11644764244556427,1.5746713876724243,0.39908766746520996,0.5293517112731934,0.19040992856025696,0.15569446980953217,0.2085433155298233,1.0661545991897583,0.5965876579284668,0.23487572371959686,1.4578310251235962,0.6972808241844177,0.34273192286491394,0.29295867681503296
0.31394603848457336,1.0515042543411255,0.9485105872154236,0.2881856858730316,0.7094322443008423,2.089730978012085,2.166827440261841,4.920705318450928,1.0065776109695435,0.14993929862976074,0.7474712133407593,1.2281758785247803,0.06440086662769318,0.00039999998989515007,1.204182744026184,2.2941741943359375,1.381376028060913,1.9680372476577759,0.6341657042503357,0.36647331714630127,0.00503068882972002,0.0321282260119915,0.8055810332298279,0.5071157217025757,0.7687163352966309,0.6532033681869507,0.4431805908679962,0.44259169697761536,1.418010950088501,0.4666057527065277,0.6874479651451111,0.04451405256986618,0.3965722620487213,0.1623680293560028,1.1123982667922974,0.73036789894104,0.3998832106590271,1.5611650943756104,0.4343273341655731,0.27779069542884827,0.7665784955024719,1.2473304271697998,1.3431702852249146,0.5386120080947876,1.2384353876113892,0.3012833595275879,0.9729223847389221,0.33153611421585083,0.238504096865654,0.09659883379936218,1.02046799659729,0.3929698169231415,0.3432249426841736,1.1108647584915161,0.6182810664176941,0.5846736431121826,0.08859451115131378
0.13509930670261383,0.24094626307487488,0.7740231156349182,0.8686330914497375,0.6447644829750061,1.3480761051177979,2.0535166263580322,4.949664115905762,1.391488790512085,0.012360776774585247,0.7077025175094604,0.7345396280288696,0.21147674322128296,0.00039999998989515007,1.0026905536651611,1.959920048713684,1.613351821899414,1.9608418941497803,0.7779292464256287,0.6570651531219482,0.2599223256111145,0.6364865303039551,0.7803808450698853,0.6891209483146667,0.675123393535614,0.742830753326416,0.999523937702179,1.0913240909576416,1.347581148147583,0.6026219725608826,0.8092877864837646,0.5707811713218689,0.1535302698612213,0.3127274215221405,0.9633811712265015,0.44909587502479553,0.35445600748062134,1.2230998277664185,0.6807965040206909,0.1929468959569931,0.8460298180580139,1.1515471935272217,1.4269288778305054,0.33695459365844727,1.4449886083602905,0.44550302624702454,0.8614321351051331,0.3813284635543823,0.16951291263103485,0.16610018908977509,1.4897074699401855,0.4916340708732605,0.2932659983634949,1.2951546907424927,0.7255739569664001,0.17393551766872406,0.0051664807833731174
0.007002419326454401,0.15878476202487946,0.5808437466621399,0.366465300321579,0.586901068687439,1.2683860063552856,1.5667262077331543,5.29127311706543,1.1323153972625732,0.50898277759552,0.1382111757993698,0.7913411259651184,0.2846809923648834,0.00039999998989515007,1.1514123678207397,2.1103732585906982,1.6261194944381714,1.713002324104309,0.9188746213912964,0.4386012554168701,0.33246421813964844,0.549237847328186,0.3429839015007019,0.7116184234619141,0.18715918064117432,0.5806037783622742,0.933192253112793,1.1141715049743652,1.5244100093841553,0.5258862376213074,0.953793466091156,0.8710451126098633,0.14173224568367004,0.1702374368906021,1.2865471839904785,0.6233775019645691,0.4073479473590851,1.0204581022262573,0.7094881534576416,0.2808091938495636,0.9538168907165527,1.2261419296264648,1.5919033288955688,0.30451029539108276,1.6835464239120483,0.3618772327899933,0.3578035235404968,0.2463037520647049,0.13535577058792114,0.0420118123292923,1.0954654216766357,0.5042244791984558,0.3946945369243622,1.3858298063278198,0.7730870246887207,0.26056724786758423,0.25109875202178955
0.10808014869689941,0.2295353263616562,0.47594842314720154,1.0829215049743652,0.7096191644668579,1.4437235593795776,1.6786489486694336,5.30622673034668,1.0711534023284912,0.11447929590940475,0.7707316279411316,0.5693817138671875,0.11878438293933868,0.00039999998989515007,0.8591525554656982,1.72991144657135,1.7291487455368042,1.8896652460098267,0.9808653593063354,0.5575369596481323,0.12237592786550522,0.5898890495300293,0.5842751860618591,0.47831177711486816,0.6050814390182495,0.9783480167388916,1.0816625356674194,0.6236171722412109,1.41025710105896,0.8292067646980286,0.7577395439147949,0.47448742389678955,0.26993054151535034,0.13711760938167572,1.0916815996170044,0.553478479385376,0.19651305675506592,1.4460879564285278,0.49460291862487793,0.1730944663286209,0.8808345794677734,1.0984069108963013,1.2902203798294067,0.3549400568008423,1.2980374097824097,0.5833196043968201,0.7791640758514404,0.4083671271800995,0.34682992100715637,0.031091583892703056,1.445817470550537,0.5108319520950317,0.3544892370700836,0.8686516880989075,1.0493565797805786,0.4128081500530243,0.10889647901058197
0.0338016115128994,0.3286133110523224,0.5129153728485107,0.94257652759552,0.7682625651359558,1.5182558298110962,1.7864834070205688,5.353617191314697,1.1283210515975952,0.09166181087493896,0.6220445036888123,0.7388083338737488,0.08368411660194397,0.00039999998989515007,0.855681300163269,2.196972370147705,1.6326848268508911,1.8177982568740845,1.000137209892273,0.6153469681739807,0.027823220938444138,0.5751445889472961,0.6174075603485107,0.5111793875694275,0.5725367069244385,0.9311264157295227,0.9946991205215454,0.7146338820457458,1.5228508710861206,0.7242666482925415,0.7696096301078796,0.4353537857532501,0.2936927378177643,0.2545272707939148,1.0244632959365845,0.37824058532714844,0.24082988500595093,1.340789794921875,0.4471765458583832,0.21725261211395264,0.7016831040382385,1.0372154712677002,1.123727798461914,0.3121006488800049,1.4180736541748047,0.44366133213043213,0.882809579372406,0.32296669483184814,0.1123322919011116,0.05078660696744919,1.2256687879562378,0.4064745604991913,0.44962459802627563,1.0524020195007324,0.9467104077339172,0.39552170038223267,0.13534125685691833
0.1569875180721283,0.8710291981697083,0.0005914675421081483,0.7163905501365662,0.7346051931381226,2.221234083175659,1.2407057285308838,5.528257369995117,1.2976088523864746,0.7241420149803162,0.2103835940361023,1.042911410331726,0.047070156782865524,0.00039999998989515007,0.42051777243614197,1.1966780424118042,1.7707431316375732,1.6463181972503662,0.6032170057296753,0.006853747647255659,0.3145807683467865,0.9599870443344116,0.5931228399276733,0.2912537455558777,0.6909164190292358,0.5545475482940674,0.474651962518692,0.2960720360279083,1.3069417476654053,0.9175558090209961,1.072327733039856,0.13114942610263824,0.20634877681732178,0.13698221743106842,1.5618391036987305,0.5416219830513,0.3516136109828949,0.6761472225189209,0.872048020362854,0.4735833406448364,0.47338971495628357,0.9722393751144409,1.5790287256240845,0.012772374786436558,1.3176096677780151,0.47787508368492126,0.3100173771381378,0.2314779907464981,0.5454214811325073,1.0233709812164307,0.9791629910469055,1.2552884817123413,0.3410923480987549,0.7561799883842468,1.0035743713378906,0.0059557813219726086,0.11256545037031174
0.3975072205066681,0.7207041382789612,0.12883856892585754,0.8300485610961914,0.6378381848335266,2.030449867248535,1.4075748920440674,5.666763782501221,0.9347265362739563,0.6096242070198059,0.2763824462890625,0.9423209428787231,0.030817601829767227,0.00039999998989515007,0.46464115381240845,1.5305473804473877,1.928693175315857,1.6865442991256714,0.8037563562393188,0.05534035339951515,0.2332005798816681,0.7126525640487671,0.2524334490299225,0.07192639261484146,0.5968299508094788,0.7814992070198059,0.7204555869102478,0.10517821460962296,1.3612473011016846,1.0338866710662842,0.760256290435791,0.2064507156610489,0.34013304114341736,0.06461690366268158,1.377733826637268,0.22452151775360107,0.3880879878997803,1.0071909427642822,0.7245557904243469,0.49216967821121216,0.6071389317512512,0.9000941514968872,1.5959779024124146,0.1520715355873108,1.1190910339355469,0.741366446018219,0.5384683012962341,0.30483007431030273,0.548276424407959,0.5019582509994507,0.857426106929779,1.2596970796585083,0.4109848141670227,0.9446538686752319,0.9276854991912842,0.00567004457116127,0.14928729832172394
0.19290930032730103,0.38903099298477173,0.7060844302177429,0.7248035073280334,0.6777669191360474,1.5910712480545044,1.9099719524383545,5.1216959953308105,1.2338228225708008,0.21079112589359283,0.3711484372615814,0.9385019540786743,0.15465126931667328,0.00039999998989515007,0.7788180708885193,2.096538782119751,1.63131582736969,1.8792450428009033,0.8062456250190735,0.5190346240997314,0.039996374398469925,0.6310216784477234,0.7028374075889587,0.5714329481124878,0.5236677527427673,0.760713517665863,0.8885517716407776,0.7754124402999878,1.626341462135315,0.5826445817947388,0.9725797176361084,0.5453294515609741,0.05323830991983414,0.19760413467884064,1.1759073734283447,0.4431041479110718,0.2328914850950241,1.1089520454406738,0.6544737815856934,0.22420285642147064,0.796760618686676,1.176547646522522,1.4135552644729614,0.23447133600711823,1.6000555753707886,0.3218802511692047,0.8140162825584412,0.2796839773654938,0.0173141211271286,0.15567797422409058,1.269248127937317,0.5058905482292175,0.33934250473976135,1.272179365158081,0.786607027053833,0.20346905291080475,0.021552180871367455
0.6566174626350403,0.918560802936554,0.6787461638450623,0.7199270129203796,0.9486453533172607,2.0950942039489746,2.523589611053467,4.6821770668029785,1.3379713296890259,0.04884245619177818,0.8332312107086182,1.049838662147522,0.2712125778198242,0.00039999998989515007,1.0824109315872192,2.574047565460205,1.6574312448501587,2.0187277793884277,0.7483450770378113,0.13719677925109863,0.20266829431056976,0.02317718043923378,1.2162684202194214,0.14723758399486542,0.9608064889907837,1.0356683731079102,0.46424227952957153,0.5591356754302979,1.259778618812561,0.4537906348705292,0.6762127876281738,0.08647457510232925,0.04311106726527214,0.5634163022041321,0.6926785111427307,0.331385999917984,0.5003675222396851,1.47568678855896,0.04553290456533432,0.20037592947483063,0.4032144546508789,0.945478081703186,0.9396767616271973,0.5115231275558472,0.8367488384246826,0.07607223093509674,1.4160314798355103,0.013281676918268204,0.06460701674222946,0.28388646245002747,0.7343884706497192,0.4078857898712158,0.5130554437637329,1.2036653757095337,0.46848809719085693,0.6065581440925598,0.1582408845424652
0.09880893677473068,0.29534804821014404,0.4466182291507721,0.6373163461685181,0.7313514351844788,1.5252950191497803,1.7944344282150269,5.482260227203369,1.2581900358200073,0.18484240770339966,0.43659502267837524,0.6781321167945862,0.1944918930530548,0.00039999998989515007,1.0984197854995728,1.9728699922561646,1.663863182067871,1.6795008182525635,1.0714110136032104,0.44694724678993225,0.11637935042381287,0.5502594709396362,0.5975779891014099,0.47299590706825256,0.44278767704963684,0.6161214709281921,0.8479180932044983,0.8266526460647583,1.4695367813110352,0.6573373675346375,1.0442757606506348,0.5813060998916626,0.34232059121131897,0.03319031000137329,1.0890880823135376,0.49065712094306946,0.3527260720729828,1.1146997213363647,0.5568116307258606,0.40205052495002747,0.8570330142974854,0.9352450370788574,1.4029581546783447,0.3491199016571045,1.6833394765853882,0.37833142280578613,0.47841963171958923,0.188959538936615,0.05603773519396782,0.05142350122332573,1.120887279510498,0.4613923132419586,0.5462775826454163,1.229663610458374,0.8587644696235657,0.2947103679180145,0.10840759426355362
0.818852424621582,0.5391895174980164,1.1078623533248901,0.6345347166061401,1.0560014247894287,2.068364381790161,1.3693864345550537,5.024918079376221,1.7128487825393677,0.22603102028369904,0.7004151940345764,0.9113443493843079,0.20766064524650574,0.00039999998989515007,1.4920276403427124,2.223165273666382,1.128514289855957,1.5353295803070068,0.8932924866676331,0.11073894053697586,0.23540855944156647,0.18949773907661438,1.3309732675552368,0.20845261216163635,0.8789145946502686,0.4927448630332947,0.27879029512405396,0.06824786216020584,1.5609991550445557,0.0773378312587738,0.9555060863494873,0.6037173271179199,0.032355595380067825,0.528393030166626,1.1442967653274536,0.8454207181930542,0.8216244578361511,1.072152853012085,0.1571980118751526,0.32679304480552673,0.23030158877372742,1.0900367498397827,0.3914780914783478,0.2329479455947876,1.5795053243637085,0.6676121354103088,1.214002251625061,0.22068814933300018,0.16965465247631073,0.12343145161867142,0.6597251296043396,0.012932706624269485,0.33655232191085815,1.0955290794372559,1.075440526008606,0.8552598357200623,0.30714163184165955
0.05682510882616043,0.43029049038887024,0.5802103281021118,0.7738672494888306,0.7399308681488037,1.7041308879852295,1.7798845767974854,5.477780818939209,1.1720203161239624,0.07993723452091217,0.47696805000305176,0.7803744673728943,0.04447955638170242,0.00039999998989515007,0.9129335284233093,2.0243823528289795,1.5238910913467407,1.7569459676742554,0.8976239562034607,0.3840666115283966,0.005560651421546936,0.5619141459465027,0.5940275192260742,0.5031828284263611,0.5672643184661865,0.7444315552711487,0.7883896231651306,0.6352711915969849,1.5024245977401733,0.7773626446723938,0.8313676118850708,0.47817885875701904,0.25012871623039246,0.09158529341220856,1.1566039323806763,0.5511442422866821,0.23256471753120422,1.2403149604797363,0.5523196458816528,0.262652724981308,0.759381115436554,1.1473463773727417,1.2506428956985474,0.3018887937068939,1.5067548751831055,0.4331723749637604,0.7123802304267883,0.40370795130729675,0.15029478073120117,0.08500568568706512,1.214783787727356,0.5591990351676941,0.3794955015182495,1.095323920249939,0.9629764556884766,0.3319307267665863,0.12394551187753677
0.1351846158504486,0.17464689910411835,0.7178093194961548,1.020102858543396,1.0306074619293213,1.1770604848861694,1.2281007766723633,5.588321208953857,1.869105577468872,0.006987156346440315,0.5087102055549622,0.3244149386882782,0.06818768382072449,0.00039999998989515007,1.1438379287719727,1.6644634008407593,1.0137523412704468,1.4124805927276611,1.4095745086669922,0.6764829158782959,0.14093029499053955,0.5826272964477539,1.100062370300293,0.0757153332233429,0.5682629942893982,0.594884991645813,0.566911518573761,0.4119662344455719,1.7654997110366821,0.7488675117492676,1.0327175855636597,0.7264856696128845,0.7307574152946472,0.03781874105334282,0.9532691836357117,0.5265417695045471,0.4945269823074341,0.9067307710647583,0.4367170035839081,0.07223289459943771,0.5196866393089294,0.7086186408996582,0.9067806601524353,0.400852233171463,1.5203436613082886,0.24751083552837372,0.44378846883773804,0.10476476699113846,0.5330501198768616,0.15017499029636383,1.4417572021484375,0.15965767204761505,0.08339545875787735,0.8014122843742371,1.4980367422103882,0.4477781355381012,0.3119637668132782
0.2249462604522705,0.3324717879295349,0.487169086933136,0.8779706954956055,0.869748592376709,1.6592566967010498,1.8081655502319336,5.2480926513671875,1.2809908390045166,0.057444360107183456,0.4568856954574585,0.887346625328064,0.05851840227842331,0.00039999998989515007,0.8424170017242432,2.429147958755493,1.6651825904846191,1.8293941020965576,0.9007053375244141,0.6183197498321533,0.1936427503824234,0.6597971320152283,0.7286421656608582,0.4373660087585449,0.6465721726417542,0.8396170735359192,0.930006206035614,0.7212554216384888,1.493207573890686,0.643339216709137,0.7745646834373474,0.44802507758140564,0.21754182875156403,0.33820122480392456,1.092537522315979,0.26335927844047546,0.28307873010635376,1.1289820671081543,0.5001153349876404,0.37094709277153015,0.584196150302887,1.0604814291000366,1.0463052988052368,0.1187029629945755,1.5979112386703491,0.283132404088974,0.8899945616722107,0.271708220243454,0.06755559891462326,0.07555276900529861,0.9936005473136902,0.4410628080368042,0.4427225887775421,1.273613691329956,0.8254947066307068,0.3907480239868164,0.17744086682796478
0.08217260241508484,0.43001338839530945,0.6053403615951538,0.7384510636329651,0.6224414110183716,1.7317124605178833,1.9078679084777832,5.28050422668457,1.4707605838775635,0.01727023907005787,0.6022212505340576,0.8844132423400879,0.028108010068535805,0.00039999998989515007,0.9474686980247498,1.991943120956421,1.5372741222381592,1.8695794343948364,0.7413469552993774,0.7430906295776367,0.10465429723262787,0.8036895990371704,0.6930294632911682,0.6077760457992554,0.580281674861908,0.6301353573799133,0.8372185826301575,0.7050012350082397,1.4022718667984009,0.5175960659980774,1.0846689939498901,0.45500731468200684,0.11814902722835541,0.17386123538017273,1.158115267753601,0.6378197073936462,0.22484517097473145,1.0487490892410278,0.5804319977760315,0.14874859154224396,0.6694279313087463,1.0934032201766968,1.3613781929016113,0.2135080099105835,1.4619317054748535,0.3710491359233856,0.7326410412788391,0.275446355342865,0.03017164207994938,0.16952985525131226,1.4591721296310425,0.550032913684845,0.45892512798309326,1.1448081731796265,0.8249553442001343,0.10395508259534836,0.04072829708456993
0.3672027289867401,0.248305544257164,0.559221088886261,1.0247089862823486,0.8512123227119446,1.610748291015625,2.193673849105835,4.99119234085083,1.0604006052017212,0.1959235519170761,0.43982046842575073,0.8195499777793884,0.2174348682165146,0.00039999998989515007,0.5379456281661987,2.321854829788208,1.8711512088775635,1.926920771598816,0.8978431820869446,0.5877553224563599,0.10899483412504196,0.529010534286499,0.8524162173271179,0.3696211576461792,0.6181704998016357,1.0925856828689575,1.023307204246521,0.7265329957008362,1.6275808811187744,0.6024444699287415,0.9054755568504333,0.36590418219566345,0.24290432035923004,0.5123720169067383,0.9798599481582642,0.0890321135520935,0.22288723289966583,1.137690782546997,0.3739592730998993,0.2754552960395813,0.6876404881477356,0.90604567527771,1.0862172842025757,0.2044035643339157,1.4760358333587646,0.17826105654239655,1.1527717113494873,0.02837972156703472,0.04583484306931496,0.033476777374744415,1.0119578838348389,0.38773271441459656,0.4768720865249634,1.2194404602050781,0.7355527281761169,0.26389873027801514,0.09378679096698761
0.049986694008111954,0.6025680303573608,0.5337390303611755,0.8596274852752686,0.8150985240936279,1.4539768695831299,2.0730996131896973,5.236000061035156,1.2562527656555176,0.05132700130343437,0.6230555772781372,0.8037239909172058,0.17192670702934265,0.00039999998989515007,0.7500009536743164,2.2376022338867188,1.354217767715454,1.8480148315429688,1.1267226934432983,0.5169187784194946,0.08586074411869049,0.4877842664718628,0.8262560963630676,0.5704634785652161,0.5911753177642822,0.8796578049659729,0.7917696237564087,0.6856480240821838,1.6592235565185547,0.813150942325592,0.830660343170166,0.1778465360403061,0.2861359715461731,0.0890062153339386,0.8674700856208801,0.21768052875995636,0.17246809601783752,1.3050519227981567,0.6100665926933289,0.06370241940021515,0.7096319198608398,0.8507096767425537,1.279318928718567,0.4650273621082306,1.2879891395568848,0.6682993769645691,0.7297675609588623,0.24043342471122742,0.013851061463356018,0.10213638097047806,1.436674952507019,0.27028727531433105,0.29886749386787415,0.9487046003341675,0.9328621029853821,0.3320887088775635,0.044838886708021164
0.08448618650436401,1.961618185043335,0.3594992160797119,0.2955007553100586,0.29211264848709106,3.0053908824920654,2.172184467315674,5.179199695587158,0.4754190742969513,0.22750195860862732,0.5752497315406799,1.295301079750061,0.17816264927387238,0.00039999998989515007,0.03242292255163193,1.2460079193115234,1.3110578060150146,1.411304235458374,0.6935301423072815,0.6312552690505981,0.47008016705513,0.4181506931781769,0.41306036710739136,0.23074601590633392,0.4578290581703186,0.46363797783851624,0.07623957097530365,0.9460925459861755,1.3090497255325317,0.8558432459831238,1.4678415060043335,0.8648685216903687,0.10916160047054291,0.034632403403520584,0.9994106888771057,0.3377331495285034,0.7640382051467896,1.0988966226577759,0.32393431663513184,0.061601072549819946,0.4106068015098572,0.49393099546432495,1.4813756942749023,0.5977286696434021,0.6340980529785156,0.4651356637477875,0.6884267330169678,0.27232465147972107,0.3132054805755615,0.8278709053993225,0.7697611451148987,0.9401572942733765,0.99123615026474,0.15490475296974182,0.5648544430732727,0.1573263555765152,0.587091326713562
0.17414626479148865,0.4276832342147827,0.5905417203903198,0.7540462017059326,0.884793221950531,1.6599605083465576,1.6008647680282593,5.50225305557251,1.5760802030563354,0.02725173719227314,0.5678431391716003,0.6012327075004578,0.0551195926964283,0.00039999998989515007,1.1691316366195679,1.7497977018356323,1.3438456058502197,1.6692181825637817,0.9361374974250793,0.3671494424343109,0.03766895458102226,0.728523313999176,0.8677915930747986,0.37190473079681396,0.644284725189209,0.5413647294044495,0.631235659122467,0.5625327825546265,1.3189449310302734,0.8018550276756287,0.9747734665870667,0.5209659934043884,0.40621647238731384,0.13534776866436005,1.1476951837539673,0.7956185340881348,0.4117688238620758,1.1108698844909668,0.6596991419792175,0.24607150256633759,0.7105070352554321,1.1503725051879883,1.1732295751571655,0.33989712595939636,1.6254578828811646,0.3279271721839905,0.42435747385025024,0.4240720570087433,0.31881478428840637,0.1889066845178604,1.3335237503051758,0.5148422122001648,0.34053054451942444,0.9494046568870544,1.1214433908462524,0.4497832953929901,0.2227766364812851
0.1474018692970276,0.8762248754501343,0.030924972146749496,0.5170738101005554,0.4132190942764282,2.6790904998779297,1.9592629671096802,5.072714328765869,0.44991177320480347,0.09550894051790237,0.3704979419708252,1.38383948802948,0.039855726063251495,0.00039999998989515007,0.06717599183320999,1.4348489046096802,1.9303309917449951,1.6531902551651,0.007591141387820244,0.5715926289558411,0.2788298428058624,0.4769536256790161,0.054260529577732086,0.002489364705979824,0.259284108877182,0.4355846643447876,0.47751060128211975,0.5562069416046143,1.3278441429138184,0.4747125506401062,1.0715185403823853,0.491729199886322,0.4318431317806244,0.1881883144378662,2.0144548416137695,0.5653442144393921,0.4646608531475067,0.5526149272918701,0.9216220378875732,0.2895784080028534,0.8114057183265686,1.5261441469192505,1.8266314268112183,0.2378787398338318,1.4237403869628906,0.11848878115415573,0.20636793971061707,0.1363389939069748,0.19891183078289032,1.2300328016281128,0.5640271306037903,0.7178365588188171,0.5110039710998535,0.8827505111694336,0.6045392751693726,0.2672514021396637,0.13022541999816895
0.04991007596254349,0.524463951587677,0.6954300403594971,0.711666464805603,0.8836236596107483,1.6473420858383179,1.4690269231796265,5.443490505218506,1.3699063062667847,0.05057699605822563,0.4086703062057495,0.7644927501678467,0.07687250524759293,0.00039999998989515007,1.076560378074646,1.8921120166778564,1.3927687406539917,1.7513041496276855,0.8639405369758606,0.10413587093353271,0.013089051470160484,0.5733904242515564,0.7291749119758606,0.3992544412612915,0.6406760215759277,0.6923567056655884,0.6350910663604736,0.5742430090904236,1.4443447589874268,0.8710182309150696,0.6836793422698975,0.48274311423301697,0.2302968055009842,0.15841102600097656,1.250558614730835,0.7317536473274231,0.3272337019443512,1.226135492324829,0.7607389688491821,0.2933456301689148,0.7517359256744385,1.2837058305740356,1.2616100311279297,0.32588839530944824,1.5241143703460693,0.46670305728912354,0.523861825466156,0.49991539120674133,0.3353950083255768,0.24164001643657684,1.1783130168914795,0.6541131138801575,0.15607602894306183,1.0202078819274902,1.1074550151824951,0.5261799097061157,0.25822311639785767
0.4125545620918274,0.09406030178070068,0.6640479564666748,0.7502100467681885,0.47526997327804565,1.0606870651245117,1.3153526782989502,5.2857866287231445,1.0774794816970825,0.30860593914985657,0.5767475962638855,0.6465367078781128,0.11415587365627289,0.00039999998989515007,1.0810061693191528,2.018827199935913,1.5934135913848877,1.806082010269165,0.8079268336296082,0.8152337074279785,0.008459503762423992,0.7252784967422485,0.1519339680671692,0.8757236003875732,0.24745433032512665,0.8949137926101685,1.223620057106018,1.1439781188964844,1.4096318483352661,0.5883290767669678,0.6853536367416382,0.7578017711639404,0.22269687056541443,0.0310744047164917,1.1907784938812256,0.7876917719841003,0.2931474447250366,1.3364555835723877,0.6002803444862366,0.03480737283825874,0.8263041377067566,1.2849806547164917,1.4134814739227295,0.36582356691360474,1.2280393838882446,0.591909646987915,0.6793021559715271,0.47802746295928955,0.009294090792536736,0.20661242306232452,1.5113487243652344,0.5627598166465759,0.35915544629096985,0.9914215207099915,0.9833672642707825,0.2508583664894104,0.3807797133922577
0.18379192054271698,0.5752582550048828,0.6028602719306946,0.5533079504966736,0.8151227831840515,1.5663450956344604,1.9100018739700317,5.096828460693359,1.4496034383773804,0.14808642864227295,0.4812924265861511,1.020132064819336,0.2002926766872406,0.00039999998989515007,1.0857995748519897,2.4669322967529297,1.575527310371399,1.8940633535385132,0.9450005888938904,0.42699190974235535,0.15387608110904694,0.5575814843177795,0.7835770845413208,0.5706456303596497,0.5552178025245667,0.692332923412323,0.8095321655273438,0.9160730838775635,1.5335719585418701,0.4911922514438629,0.9150833487510681,0.30810827016830444,0.051561303436756134,0.14745910465717316,1.027671217918396,0.34517961740493774,0.3867844343185425,1.135097861289978,0.6660680770874023,0.3490574359893799,0.6849826574325562,0.9130830764770508,1.4024276733398438,0.312380850315094,1.5578848123550415,0.3965625762939453,0.6962876915931702,0.14072905480861664,0.23127608001232147,0.05435920134186745,1.0675138235092163,0.3847103416919708,0.4420226514339447,1.333254098892212,0.6831546425819397,0.3402617573738098,0.06112828478217125
0.1947820633649826,0.2854231894016266,0.5350471138954163,0.7458897233009338,0.7132171988487244,1.6971691846847534,2.265521764755249,5.4254655838012695,1.0955332517623901,0.2695144712924957,0.5688880085945129,0.757662832736969,0.16729317605495453,0.00039999998989515007,0.7609279751777649,2.6335554122924805,1.2675037384033203,1.7079256772994995,0.7300044298171997,0.9548312425613403,0.29736146330833435,0.6405565738677979,0.5343565344810486,0.874966561794281,0.5837450623512268,0.6762611865997314,0.8391419649124146,0.7863278985023499,1.3377294540405273,0.6699670553207397,0.7940710186958313,0.31280216574668884,0.2803000509738922,0.2407018542289734,0.9414787888526917,0.3827190399169922,0.2807449996471405,1.0777809619903564,0.32345837354660034,0.1409675031900406,0.5114101767539978,1.1030681133270264,0.7781741619110107,0.07808469980955124,1.5241780281066895,0.4054645895957947,0.7643751502037048,0.4403742849826813,0.2618354558944702,0.008446084335446358,1.3617157936096191,0.15803645551204681,0.5299723744392395,1.1106973886489868,0.7832828760147095,0.2670101523399353,0.15407800674438477
0.16695921123027802,0.18225890398025513,0.46239158511161804,0.5565817356109619,0.6001732349395752,1.2015557289123535,1.5021392107009888,5.298871994018555,1.2829707860946655,0.18382729589939117,0.4423629939556122,0.650767982006073,0.2877524495124817,0.00039999998989515007,1.2521930932998657,1.8367457389831543,1.5911411046981812,1.8432925939559937,0.9458371996879578,0.4927138686180115,0.1791662573814392,0.6477200388908386,0.4247007966041565,0.6878824234008789,0.3056793808937073,0.6599694490432739,0.9836671352386475,1.0407520532608032,1.3117659091949463,0.6488428115844727,0.8529762625694275,0.8231621384620667,0.20515727996826172,0.30816569924354553,1.2819753885269165,0.7723751664161682,0.3667752146720886,1.178924560546875,0.7855526804924011,0.09245987236499786,0.9804770946502686,1.2920024394989014,1.6559818983078003,0.4195282459259033,1.3746304512023926,0.5880085825920105,0.2912426292896271,0.3681586682796478,0.13350312411785126,0.004960297141224146,1.4044866561889648,0.595788300037384,0.27961432933807373,1.13645601272583,0.9261306524276733,0.3234283924102783,0.3210138976573944
0.5451100468635559,0.7701629996299744,0.7704547643661499,0.3537066876888275,0.5887821316719055,2.282141923904419,2.3824527263641357,5.247946739196777,0.9292182326316833,0.4710553288459778,0.6190921664237976,1.0718294382095337,0.13954618573188782,0.00039999998989515007,0.9276022911071777,2.237326145172119,1.3467307090759277,1.728521466255188,0.6066928505897522,0.17292654514312744,0.14765521883964539,0.3070170283317566,0.7447302937507629,0.5367345213890076,0.6194366216659546,0.5235274434089661,0.46528059244155884,0.2413213700056076,1.398235559463501,0.3878912031650543,1.1220582723617554,0.26809486746788025,0.13804790377616882,0.22874855995178223,1.1506081819534302,0.8087645173072815,0.3265330493450165,1.262644648551941,0.17392371594905853,0.1640746295452118,0.6596046686172485,1.3174198865890503,0.9894169569015503,0.34396126866340637,1.5421667098999023,0.03839431703090668,0.9491965174674988,0.34318163990974426,0.3529565930366516,0.15100038051605225,1.1178967952728271,0.23209379613399506,0.6628971099853516,1.0583935976028442,0.6575621366500854,0.3864987790584564,0.1161286011338234
0.040506862103939056,0.3698849678039551,0.48833587765693665,0.7689551711082458,0.7125382423400879,1.6105842590332031,1.7862385511398315,5.379832744598389,1.269093632698059,0.06976024806499481,0.5250808000564575,0.7755038142204285,0.11931809037923813,0.00039999998989515007,0.9672521948814392,2.013650417327881,1.643250823020935,1.8295702934265137,0.9318260550498962,0.5147771835327148,0.021110564470291138,0.6438573002815247,0.6181267499923706,0.5178584456443787,0.5277429223060608,0.742239236831665,0.8998923301696777,0.7372000217437744,1.458736538887024,0.6735492944717407,0.9327646493911743,0.5169190764427185,0.22308020293712616,0.09302321821451187,1.1452571153640747,0.5206446647644043,0.24880218505859375,1.200307846069336,0.5898972749710083,0.257098525762558,0.7885857224464417,1.0808278322219849,1.364501953125,0.303570955991745,1.4956040382385254,0.43637943267822266,0.6669237613677979,0.3045412003993988,0.10358642786741257,0.06276022642850876,1.260166049003601,0.5418636798858643,0.4441673457622528,1.1353607177734375,0.8955982327461243,0.2915724515914917,0.1048813909292221
0.20365342497825623,0.32769232988357544,0.4275132417678833,1.1181284189224243,0.7523367404937744,1.599663257598877,2.195502996444702,5.21946907043457,1.3111869096755981,0.08256404101848602,0.6491755843162537,0.6858983039855957,0.19003435969352722,0.00039999998989515007,0.7785769104957581,2.1657052040100098,1.597397804260254,1.8862425088882446,0.9365711808204651,0.6036062836647034,0.3123747706413269,0.4896267056465149,0.8424146771430969,0.3418464660644531,0.761410653591156,1.0151019096374512,0.8319392204284668,0.7942280173301697,1.361083984375,0.790410578250885,0.6228484511375427,0.5503376126289368,0.47000032663345337,0.4646081328392029,0.839411199092865,0.1697903573513031,0.16812056303024292,1.2808115482330322,0.35679030418395996,0.00858561135828495,0.5461292266845703,1.1278942823410034,1.0424262285232544,0.4062511920928955,0.9710603356361389,0.4047244191169739,1.1728957891464233,0.2921227514743805,0.465768426656723,0.30395981669425964,1.234264850616455,0.6084246039390564,0.3164665699005127,1.2005853652954102,0.8351908922195435,0.2107149362564087,0.07612060010433197
0.16141600906848907,0.25827479362487793,0.624077320098877,0.5952532887458801,0.561406135559082,1.4185512065887451,1.4463382959365845,5.277188301086426,1.0545740127563477,0.2623123824596405,0.30194327235221863,0.8498852252960205,0.15536090731620789,0.00039999998989515007,0.9776291847229004,1.9585858583450317,1.6307837963104248,1.879592776298523,0.7640728950500488,0.42677411437034607,0.16303640604019165,0.62811678647995,0.31508833169937134,0.7064465284347534,0.3113335371017456,0.791731059551239,0.9929448962211609,0.8419727087020874,1.5100030899047852,0.6339495182037354,0.7814270853996277,0.7641489505767822,0.0007510361028835177,0.1693495512008667,1.4260241985321045,0.7729878425598145,0.2358083575963974,1.2097069025039673,0.7250564098358154,0.10123783349990845,0.9241723418235779,1.4359936714172363,1.5670357942581177,0.27049520611763,1.3965126276016235,0.5069987773895264,0.5515008568763733,0.433045357465744,0.03820936381816864,0.18316875398159027,1.3184220790863037,0.6623069047927856,0.23061057925224304,1.129774570465088,0.9364247918128967,0.3126201033592224,0.2629542052745819
0.2718139588832855,0.23950819671154022,0.5615550875663757,0.8182268142700195,0.9285597205162048,1.461063265800476,1.756310224533081,5.496465682983398,1.303149700164795,0.2587352395057678,0.5378449559211731,0.5997864007949829,0.03149878978729248,0.00039999998989515007,0.8745457530021667,2.3593673706054688,1.3333605527877808,1.5701035261154175,0.7914543747901917,0.8228204846382141,0.1910092979669571,0.8914310932159424,0.7384048700332642,0.5771259069442749,0.6134867072105408,0.69891357421875,0.8687235713005066,0.753577470779419,1.23432457447052,0.8123762011528015,0.8042715787887573,0.4261488914489746,0.5611066222190857,0.04661222919821739,0.9870010614395142,0.6152940988540649,0.41639819741249084,1.076334834098816,0.5322760343551636,0.2049884796142578,0.4675104022026062,1.2297427654266357,0.6674534678459167,0.1589319258928299,1.791001558303833,0.21482472121715546,0.5831874012947083,0.6221014261245728,0.04671208932995796,0.02489764802157879,1.2762666940689087,0.23738087713718414,0.5347802639007568,0.9043412804603577,1.013348937034607,0.49978628754615784,0.38316574692726135
0.11974300444126129,0.31588518619537354,0.48049595952033997,1.0651205778121948,0.81015545129776,1.6257308721542358,2.0332844257354736,5.523392200469971,1.3312811851501465,0.013224182650446892,0.5711832046508789,0.4701767563819885,0.20997770130634308,0.00039999998989515007,0.9032449722290039,1.9066792726516724,1.6274536848068237,1.7407424449920654,1.005499005317688,0.42790308594703674,0.3711448609828949,0.4282321333885193,0.770275354385376,0.3061724305152893,0.6319288611412048,1.0086489915847778,0.7369716167449951,0.7281607985496521,1.4055404663085938,0.8858861327171326,0.808675229549408,0.45193955302238464,0.5869185924530029,0.20093902945518494,0.8492746353149414,0.4475402534008026,0.28769204020500183,1.2738453149795532,0.26140686869621277,0.07087688893079758,0.6283190250396729,0.959499716758728,1.0893858671188354,0.4364129304885864,1.028673529624939,0.45503878593444824,0.8945769667625427,0.2158050537109375,0.4048830270767212,0.2627562880516052,1.244796633720398,0.6461056470870972,0.3981928825378418,1.0070817470550537,1.0023893117904663,0.29296839237213135,0.05622817575931549
0.07304030656814575,0.36055421829223633,0.46676933765411377,0.7586367130279541,0.7497244477272034,1.646117091178894,1.771702766418457,5.471685886383057,1.2925537824630737,0.06458620727062225,0.5404055714607239,0.7420158386230469,0.0772504135966301,0.00039999998989515007,1.010538101196289,2.03422474861145,1.5997244119644165,1.781455159187317,0.9542036056518555,0.5295228362083435,0.08399192243814468,0.6412627100944519,0.639042854309082,0.4805217683315277,0.542122483253479,0.710930347442627,0.8572345972061157,0.669710099697113,1.4266782999038696,0.6780272722244263,0.9459843635559082,0.5042921304702759,0.2706398665904999,0.06092919781804085,1.1476134061813354,0.563967764377594,0.287809818983078,1.1785335540771484,0.536768913269043,0.2687152922153473,0.7494561076164246,1.0728373527526855,1.2691869735717773,0.28657975792884827,1.5281344652175903,0.40435370802879333,0.6188757419586182,0.29870840907096863,0.10805118829011917,0.08433686196804047,1.2397124767303467,0.49633339047431946,0.4662875235080719,1.099103331565857,0.9357078075408936,0.33997300267219543,0.15686781704425812
0.2818308472633362,0.5268868803977966,0.4333459734916687,0.4625518321990967,0.7571840882301331,1.7386504411697388,1.7549539804458618,5.263962268829346,1.072188377380371,0.40297988057136536,0.22575482726097107,0.9843494296073914,0.1611301749944687,0.00039999998989515007,0.8138955235481262,2.107637643814087,1.5969663858413696,1.8520240783691406,0.9131145477294922,0.2959030866622925,0.281318336725235,0.696567952632904,0.7244365811347961,0.4402265250682831,0.35926946997642517,0.7298079133033752,0.7927820682525635,0.47676193714141846,1.5513241291046143,0.5768879652023315,1.1043514013290405,0.5616623163223267,0.10436128824949265,0.16626685857772827,1.3614892959594727,0.627598762512207,0.20402126014232635,1.0843112468719482,0.7607007026672363,0.13543030619621277,0.8257895708084106,1.2990552186965942,1.3628730773925781,0.3775150179862976,1.6664985418319702,0.1665857881307602,0.5541887283325195,0.2779524326324463,0.10348953306674957,0.40069735050201416,1.0553007125854492,0.40928736329078674,0.47956883907318115,1.0403754711151123,0.8872331976890564,0.4111236035823822,0.09881585091352463
0.15385600924491882,0.4687310457229614,0.7091262936592102,0.7635261416435242,0.7908172607421875,1.495004653930664,1.7812817096710205,4.881042957305908,1.563493013381958,0.00678758230060339,0.4919798672199249,1.0066184997558594,0.22137826681137085,0.00039999998989515007,0.9786190986633301,2.284620761871338,1.6882023811340332,1.9874382019042969,0.8388773798942566,0.5258429646492004,0.05337456986308098,0.7086097598075867,0.8338143229484558,0.5496763586997986,0.6183081865310669,0.7669069766998291,0.9447212815284729,0.9910602569580078,1.5547573566436768,0.48705804347991943,0.8907581567764282,0.38473162055015564,0.010286163538694382,0.300449401140213,1.054931402206421,0.3093295991420746,0.3477066457271576,1.1013776063919067,0.7611098885536194,0.35135892033576965,0.7083757519721985,0.9660355448722839,1.4764703512191772,0.21348793804645538,1.5608596801757812,0.37178871035575867,0.8643367886543274,0.19456656277179718,0.06450361758470535,0.07609251886606216,1.1431885957717896,0.5419697761535645,0.3283291161060333,1.3886401653289795,0.6896104216575623,0.24854807555675507,0.018722422420978546
0.6058102250099182,1.0124480724334717,1.09165620803833,0.22771869599819183,0.9913904666900635,1.8829960823059082,2.3748462200164795,4.694398880004883,1.2031385898590088,0.06350278854370117,0.8288308382034302,0.9149135947227478,0.27088701725006104,0.00039999998989515007,1.215539813041687,1.8257004022598267,1.1683217287063599,1.9370301961898804,0.6671866774559021,0.48536333441734314,0.17487995326519012,0.12275690585374832,1.3155618906021118,0.4036380350589752,0.9513141512870789,0.48031139373779297,0.299069881439209,0.3395445644855499,1.3207318782806396,0.6276623010635376,0.8521082401275635,0.03853003680706024,0.2564050257205963,0.09884189069271088,0.967479944229126,0.8034273386001587,0.6102761030197144,1.3848779201507568,0.78241366147995,0.23421049118041992,0.8966876268386841,1.1464273929595947,1.4180452823638916,0.6877214312553406,1.5125404596328735,0.2455325722694397,0.5091228485107422,0.35141968727111816,0.07055657356977463,0.3685136139392853,1.3773696422576904,0.02837788686156273,0.11569587141275406,0.8544484972953796,0.7942905426025391,0.6534755229949951,0.24265369772911072
0.34822091460227966,0.36979424953460693,0.6239122748374939,0.5893542170524597,0.6803144812583923,1.6715694665908813,2.0052173137664795,5.231665134429932,1.6665276288986206,0.24655936658382416,0.46462008357048035,0.8831057548522949,0.01865798979997635,0.00039999998989515007,1.0184279680252075,2.1581578254699707,1.4141737222671509,1.744163155555725,0.7945903539657593,0.8564373850822449,0.03960443288087845,0.8526719212532043,0.862811803817749,0.5833265781402588,0.5292436480522156,0.45167720317840576,0.7264151573181152,0.798625111579895,1.422291874885559,0.380645751953125,1.2748734951019287,0.574864387512207,0.2162839025259018,0.170626699924469,1.089110255241394,0.5809905529022217,0.3767600357532501,0.8169816732406616,0.5771384835243225,0.15684035420417786,0.5750274062156677,1.0526373386383057,1.23143470287323,0.18380388617515564,1.695988655090332,0.12495195120573044,0.6357501149177551,0.16285119950771332,0.16901445388793945,0.13071578741073608,1.365222454071045,0.3647828698158264,0.5278325080871582,1.2879056930541992,0.7510247826576233,0.07923625409603119,0.055920396000146866
0.14823006093502045,0.3873799443244934,0.5351846814155579,0.6354035139083862,0.6703883409500122,1.556882381439209,1.9580183029174805,5.257658004760742,1.5732760429382324,0.14901132881641388,0.5893491506576538,0.7916312217712402,0.12140883505344391,0.00039999998989515007,1.15091073513031,2.1300809383392334,1.495162010192871,1.8137034177780151,0.91568922996521,0.7155331373214722,0.0183966476470232,0.7518249154090881,0.7372377514839172,0.6522130966186523,0.505342423915863,0.5431337356567383,0.8326281905174255,0.9698782563209534,1.3561441898345947,0.4986712336540222,1.103561520576477,0.5181794166564941,0.25818297266960144,0.11376307904720306,1.0090454816818237,0.5342252254486084,0.3800129294395447,1.033380389213562,0.6251758933067322,0.19784055650234222,0.7169313430786133,0.9857885837554932,1.3866549730300903,0.3303176760673523,1.544719934463501,0.35166436433792114,0.6084374189376831,0.24202962219715118,0.09620756655931473,0.05886076018214226,1.3415498733520508,0.43787503242492676,0.5302713513374329,1.2659765481948853,0.7479469776153564,0.15781725943088531,0.07933783531188965
0.2549663782119751,0.24920684099197388,0.7216711044311523,1.0362882614135742,0.7084782719612122,1.4819639921188354,2.066359281539917,5.155173301696777,1.2394458055496216,0.27674785256385803,0.3461576998233795,0.6147229075431824,0.35326793789863586,0.00039999998989515007,0.6132718920707703,1.8028181791305542,1.733482837677002,1.8295084238052368,0.9220757484436035,0.45548608899116516,0.4385984539985657,0.47789692878723145,0.8286684155464172,0.40388011932373047,0.5071279406547546,1.0678046941757202,0.8557538986206055,0.7855642437934875,1.6897493600845337,0.7515395879745483,1.0008630752563477,0.5928812623023987,0.33809155225753784,0.2262885868549347,0.9588444828987122,0.41477301716804504,0.24113625288009644,1.1906179189682007,0.42864134907722473,0.025053704157471657,0.8063814640045166,1.092287540435791,1.327953577041626,0.3841667175292969,1.2608680725097656,0.31521305441856384,0.9952361583709717,0.1777113676071167,0.24344807863235474,0.09478548169136047,1.332296371459961,0.5962111353874207,0.29850664734840393,1.1232428550720215,0.9085207581520081,0.1923549771308899,0.17010192573070526
0.10110773146152496,0.4408206045627594,0.5533145666122437,0.6841211318969727,0.7818101644515991,1.4921852350234985,1.6498585939407349,5.511424541473389,1.2074048519134521,0.029037930071353912,0.5209245681762695,0.7058603763580322,0.15497775375843048,0.00039999998989515007,1.138520359992981,1.9605047702789307,1.5350062847137451,1.7628018856048584,1.0154169797897339,0.22647713124752045,0.015010060742497444,0.4500769078731537,0.5576218962669373,0.4681859314441681,0.5411893129348755,0.7218397259712219,0.8082399964332581,0.7675991058349609,1.4511216878890991,0.8280954957008362,0.7074994444847107,0.4712807834148407,0.2888396084308624,0.09040303528308868,1.1291559934616089,0.5521832704544067,0.3216613233089447,1.3297888040542603,0.6655310988426208,0.32004469633102417,0.8663701415061951,1.062698483467102,1.3893028497695923,0.4074857234954834,1.4034122228622437,0.6511596441268921,0.473471075296402,0.3655765652656555,0.22855587303638458,0.046031612902879715,1.204735517501831,0.5786023736000061,0.284222275018692,1.066575288772583,1.0028038024902344,0.41646939516067505,0.2334180772304535
0.0104023152962327,0.4400581121444702,0.6197763681411743,0.7653798460960388,0.6935401558876038,1.7212309837341309,1.7337076663970947,5.440589427947998,1.2359732389450073,0.06391410529613495,0.49845951795578003,0.8194514513015747,0.008849557489156723,0.00039999998989515007,0.9352856874465942,2.030073881149292,1.5347381830215454,1.7981247901916504,0.8298025727272034,0.45517200231552124,0.04607800766825676,0.6208485960960388,0.5547612309455872,0.5549041628837585,0.554246723651886,0.7382601499557495,0.8194918632507324,0.6657208204269409,1.5065538883209229,0.7018913626670837,0.8529181480407715,0.4803834557533264,0.18292857706546783,0.11340431869029999,1.1855230331420898,0.5896613001823425,0.21938233077526093,1.2217154502868652,0.5658350586891174,0.2340490221977234,0.735148012638092,1.1520800590515137,1.290647029876709,0.2669048607349396,1.45386803150177,0.44750818610191345,0.7473282814025879,0.3824700713157654,0.10499152541160583,0.10166522860527039,1.2745388746261597,0.6040065884590149,0.3745834529399872,1.105793833732605,0.9548235535621643,0.27601921558380127,0.119513139128685
0.21739785373210907,0.4227145314216614,0.23204903304576874,1.0201243162155151,0.6783000826835632,1.9511761665344238,0.9806318879127502,5.322160720825195,1.2688244581222534,0.6582827568054199,0.4425349235534668,0.7234402298927307,0.07962530106306076,0.00039999998989515007,0.525619626045227,0.9748512506484985,2.1409835815429688,1.7989057302474976,0.6705647706985474,0.35116976499557495,0.10142020136117935,1.2541043758392334,0.4874170422554016,0.1419937014579773,0.5552662014961243,0.736894428730011,0.9926602244377136,0.05255977809429169,1.0311282873153687,0.888955295085907,1.1625474691390991,0.36544254422187805,0.25602757930755615,0.18062399327754974,1.5855810642242432,0.7247880697250366,0.21246196329593658,0.8498571515083313,0.844271719455719,0.43762481212615967,0.7229354381561279,1.1090327501296997,1.6003144979476929,0.040063004940748215,1.3976305723190308,0.41685226559638977,0.30168616771698,0.4356604218482971,0.613983154296875,0.8580722212791443,1.0634031295776367,1.2141824960708618,0.5418021082878113,0.6493509411811829,1.0200107097625732,0.1981295645236969,0.2093215435743332
0.1103283017873764,0.7072448134422302,0.662945568561554,0.564412534236908,0.747094988822937,1.5658462047576904,1.8041104078292847,5.519145488739014,1.3562198877334595,0.06309233605861664,0.45378172397613525,0.849200963973999,0.08065219968557358,0.00039999998989515007,0.9733626246452332,1.9116952419281006,1.2440043687820435,1.7504738569259644,0.9588999152183533,0.22392046451568604,0.17006540298461914,0.46618685126304626,0.6963845491409302,0.533484935760498,0.5650763511657715,0.6374765634536743,0.538968563079834,0.5699417591094971,1.5901345014572144,0.8265617489814758,0.8293996453285217,0.2744882106781006,0.20596255362033844,0.23949608206748962,1.1216188669204712,0.6046873927116394,0.1653226613998413,1.1678677797317505,0.7882093191146851,0.1241297572851181,0.7448931336402893,1.012126088142395,1.4907435178756714,0.4664507806301117,1.295813798904419,0.7578516006469727,0.382605642080307,0.27344369888305664,0.09565425664186478,0.29283273220062256,1.4874640703201294,0.534938633441925,0.14869314432144165,0.928701639175415,1.0455962419509888,0.2657216489315033,0.07395832240581512
0.1593400537967682,0.35033783316612244,0.3817453384399414,0.6653345227241516,0.8174325823783875,1.431185245513916,1.8694576025009155,5.41130256652832,1.2343990802764893,0.27995067834854126,0.46076688170433044,0.7601665258407593,0.22099171578884125,0.00039999998989515007,1.0431437492370605,2.411508321762085,1.639190435409546,1.672808051109314,1.1308592557907104,0.5498155951499939,0.2072228044271469,0.5453954935073853,0.6462620496749878,0.46597275137901306,0.4695328176021576,0.7396371364593506,0.9036542773246765,0.9331597089767456,1.4788304567337036,0.6345860362052917,0.8877264857292175,0.5030396580696106,0.4278838336467743,0.17927029728889465,0.9358261227607727,0.25475165247917175,0.35298269987106323,1.1785341501235962,0.5051701664924622,0.36518314480781555,0.6755552291870117,0.8914819359779358,1.1723822355270386,0.3839946687221527,1.623742938041687,0.3386821746826172,0.6560266017913818,0.19039829075336456,0.029870465397834778,0.21671262383460999,0.9726691842079163,0.33488479256629944,0.6172831058502197,1.2592735290527344,0.7929937839508057,0.37028393149375916,0.18737328052520752
0.10251149535179138,0.28011634945869446,0.5769925117492676,0.9684324860572815,0.8093586564064026,1.0925347805023193,1.8643850088119507,5.059963703155518,0.815567135810852,0.02923290617763996,0.6796988844871521,0.8520257472991943,0.22382618486881256,0.00039999998989515007,0.6609839200973511,2.3430378437042236,1.9265028238296509,1.9387086629867554,0.9104671478271484,0.6846784353256226,0.019979359582066536,0.4802885949611664,0.5685340762138367,0.45976516604423523,0.6776130199432373,1.3045194149017334,1.2322278022766113,0.9036402702331543,1.536918044090271,0.7051778435707092,0.40162771940231323,0.3319161534309387,0.23930397629737854,0.30966562032699585,0.9422579407691956,0.19874055683612823,0.13166466355323792,1.5378130674362183,0.5093538761138916,0.269083708524704,0.694220244884491,1.1216866970062256,1.1281492710113525,0.34866565465927124,1.2803421020507812,0.6017619371414185,0.949878990650177,0.25430381298065186,0.14108645915985107,0.1329176127910614,1.2524676322937012,0.297763854265213,0.3837908208370209,0.9959096312522888,0.8468464612960815,0.466553658246994,0.18099291622638702
0.03904984891414642,0.702460527420044,0.31457361578941345,0.5343652367591858,0.634066641330719,1.932055115699768,1.3611794710159302,5.3317670822143555,1.0104318857192993,0.1416141539812088,0.2844691276550293,1.144316554069519,0.1128280907869339,0.00039999998989515007,0.8312878608703613,1.9090042114257812,1.8008394241333008,1.9054869413375854,0.8143190741539001,0.07455319166183472,0.20855969190597534,0.6435852646827698,0.4610544741153717,0.24397960305213928,0.37410402297973633,0.8566656708717346,0.7955735325813293,0.2429211437702179,1.5405093431472778,0.5910575985908508,0.9537869095802307,0.5221648812294006,0.09284130483865738,0.16602136194705963,1.5735530853271484,0.7570711374282837,0.02181556262075901,1.2448281049728394,0.6514283418655396,0.1544574648141861,0.7731356024742126,1.396450400352478,1.5604277849197388,0.3198077380657196,1.2990927696228027,0.3208657205104828,0.6638715267181396,0.3101159930229187,0.057905130088329315,0.5069702863693237,0.9633006453514099,0.8178960084915161,0.425848126411438,0.9706848859786987,0.9248159527778625,0.41210681200027466,0.18817152082920074
0.11269550770521164,0.601324200630188,0.4100383222103119,0.5358225703239441,0.8002994656562805,1.565917730331421,1.8090697526931763,5.58804178237915,1.0079656839370728,0.07738978415727615,0.29924389719963074,0.6405451893806458,0.24937552213668823,0.00039999998989515007,0.809005081653595,1.8895972967147827,1.3822938203811646,1.6409155130386353,1.08772873878479,0.22879156470298767,0.04447763040661812,0.5329495072364807,0.5119037628173828,0.5437757968902588,0.4011446535587311,0.7185547947883606,0.6858391761779785,0.6507658958435059,1.661331057548523,0.985621988773346,0.8813115358352661,0.3946373164653778,0.42704257369041443,0.1751527041196823,1.001097559928894,0.352582722902298,0.1465688943862915,1.1826835870742798,0.8375998139381409,0.12319042533636093,0.8149839639663696,0.9136938452720642,1.539976954460144,0.5657229423522949,1.4071038961410522,0.6690450310707092,0.3096798062324524,0.3886067271232605,0.044377345591783524,0.1195005401968956,1.3256875276565552,0.395926833152771,0.31833115220069885,0.9316462278366089,1.0926415920257568,0.20681944489479065,0.020191574469208717
0.09772664308547974,0.6596470475196838,0.4921802878379822,0.46745002269744873,0.7553021311759949,1.3492004871368408,2.1310064792633057,5.233405113220215,1.3627392053604126,0.13924747705459595,0.3963465690612793,0.9224481582641602,0.3129258155822754,0.00039999998989515007,0.8776751756668091,2.231858491897583,1.3558497428894043,1.8023520708084106,0.9400473237037659,0.40975436568260193,0.07512523978948593,0.6601004004478455,0.7913696765899658,0.6302277445793152,0.5124059915542603,0.615970253944397,0.698702871799469,0.9674513339996338,1.4407950639724731,0.7872267961502075,0.894892156124115,0.30554547905921936,0.3290446996688843,0.17626561224460602,0.9758372902870178,0.33910080790519714,0.1954468935728073,1.0631006956100464,0.9723689556121826,0.10371451079845428,0.7388893961906433,1.048783540725708,1.5393002033233643,0.5025806427001953,1.4685626029968262,0.650479257106781,0.3706340193748474,0.3667353093624115,0.06903321295976639,0.1222168356180191,1.4045368432998657,0.44960513710975647,0.3140897750854492,1.122675895690918,0.7494939565658569,0.16450266540050507,0.06931642442941666
0.24982087314128876,0.26102855801582336,0.30023524165153503,0.6823652386665344,0.9832814335823059,1.3137640953063965,1.2907284498214722,5.0660786628723145,1.0802271366119385,0.46549373865127563,0.5247200727462769,0.5572140216827393,0.48517197370529175,0.00039999998989515007,1.188679575920105,1.754414439201355,2.053589344024658,1.9996428489685059,1.0073531866073608,0.1581537127494812,0.13128043711185455,0.5864723324775696,0.504291832447052,0.40953585505485535,0.5919106602668762,0.9695586562156677,1.1763906478881836,0.9129706025123596,1.3411307334899902,0.823326826095581,0.5320231318473816,0.5415762066841125,0.09935727715492249,0.009523897431790829,1.0984220504760742,0.3417588770389557,0.38692280650138855,1.357774257659912,1.012041449546814,0.49271416664123535,0.9627529978752136,0.8874549269676208,1.8203022480010986,0.4560656249523163,1.3499351739883423,0.6861377358436584,0.3301512598991394,0.3082239627838135,0.2942812442779541,0.0054147979244589806,1.0515705347061157,0.49209800362586975,0.2500927746295929,1.145808458328247,1.0014925003051758,0.48398280143737793,0.12390396744012833
0.26300957798957825,0.4780920445919037,0.5022387504577637,0.6230111122131348,0.6874997019767761,1.5147783756256104,1.967038631439209,4.989313125610352,1.432767629623413,0.30710917711257935,0.39533907175064087,0.9712092876434326,0.25813621282577515,0.00039999998989515007,0.9275839328765869,2.3187968730926514,1.5796332359313965,1.9444358348846436,0.9479208588600159,0.5963439345359802,0.10579714179039001,0.7252097129821777,0.8142964839935303,0.6450477838516235,0.4471353590488434,0.7356403470039368,0.8909215927124023,0.9794021844863892,1.502848744392395,0.4951956570148468,1.019518494606018,0.563558042049408,0.12704506516456604,0.139031782746315,1.0192224979400635,0.3550076186656952,0.2853665351867676,1.1036405563354492,0.7715778946876526,0.10274559259414673,0.7434983849525452,1.1360398530960083,1.440478801727295,0.39258870482444763,1.4943870306015015,0.2965281009674072,0.7856691479682922,0.28655147552490234,0.16017912328243256,0.03215815871953964,1.1694021224975586,0.41625502705574036,0.46839645504951477,1.341293454170227,0.6613097786903381,0.24365392327308655,0.006731766741722822
0.09964152425527573,0.5263054370880127,0.7261239290237427,0.6617588996887207,0.6680298447608948,1.8315984010696411,1.8493235111236572,5.353161811828613,1.223038911819458,0.08518435806035995,0.403604656457901,1.0116630792617798,0.03515293449163437,0.00039999998989515007,0.8213247656822205,2.1067607402801514,1.509958267211914,1.8323601484298706,0.6845676302909851,0.43692925572395325,0.05695721134543419,0.6103234887123108,0.6176504492759705,0.5397534966468811,0.5973889827728271,0.7154485583305359,0.7292462587356567,0.5500045418739319,1.5680510997772217,0.6032968163490295,0.8795492649078369,0.4644225537776947,0.016171792522072792,0.14512048661708832,1.283401608467102,0.6052718162536621,0.16390427947044373,1.1156495809555054,0.5898423194885254,0.20205537974834442,0.6647430658340454,1.2614797353744507,1.3042566776275635,0.19672474265098572,1.4732170104980469,0.36555638909339905,0.8033854961395264,0.332084059715271,0.019020797684788704,0.27362266182899475,1.286507248878479,0.6042131185531616,0.30899932980537415,1.1671217679977417,0.8814972639083862,0.2047421783208847,0.07143085449934006
0.2839427888393402,1.2853606939315796,0.2733256220817566,0.14673292636871338,0.3056522607803345,2.975978374481201,2.199265956878662,5.507341384887695,0.36369436979293823,0.04529552906751633,0.08839762210845947,1.3994472026824951,0.09219279885292053,0.00039999998989515007,0.3683137893676758,1.4575532674789429,1.9065015316009521,1.30840003490448,0.5051391124725342,0.5869845151901245,0.060280267149209976,0.22990824282169342,0.25150051712989807,0.40476006269454956,0.4485553801059723,0.17214266955852509,0.06009020656347275,0.6928395628929138,1.2148463726043701,0.43153923749923706,1.5044950246810913,0.06195046752691269,0.1101427897810936,0.10243591666221619,1.4688668251037598,0.425144225358963,0.45871976017951965,0.6580671668052673,0.21156486868858337,0.6966451406478882,0.5294256806373596,0.802465558052063,1.5532139539718628,0.2156110405921936,1.3634711503982544,0.015373404137790203,0.4206245243549347,0.12416786700487137,0.19557085633277893,0.7231611609458923,0.26740145683288574,0.9844257831573486,1.0769904851913452,0.9944092035293579,0.30123117566108704,0.19700811803340912,0.2901626527309418
0.07867655903100967,0.40858954191207886,0.5305463671684265,0.7839351296424866,0.7204926609992981,1.5996289253234863,1.6652308702468872,5.544289588928223,1.2966917753219604,0.022265084087848663,0.5370774865150452,0.6545672416687012,0.08239087462425232,0.00039999998989515007,1.051403522491455,1.8887598514556885,1.5084331035614014,1.7111068964004517,0.9973502159118652,0.40371543169021606,0.07263264805078506,0.5997639894485474,0.5511167645454407,0.5204547643661499,0.5136321187019348,0.6936766505241394,0.80101478099823,0.7380231618881226,1.4664690494537354,0.796007513999939,0.8800055980682373,0.47886836528778076,0.3664224445819855,0.012565853074193,1.0923019647598267,0.5785822868347168,0.26847758889198303,1.2379096746444702,0.5946985483169556,0.27045008540153503,0.799778163433075,1.0137842893600464,1.3453130722045898,0.37068596482276917,1.4676756858825684,0.5311524868011475,0.5905877351760864,0.37834349274635315,0.18623493611812592,0.00777936028316617,1.26795494556427,0.6001169681549072,0.40315359830856323,1.0566984415054321,1.0157426595687866,0.3003723919391632,0.14486995339393616
0.10900881141424179,0.0774204358458519,0.8918136954307556,0.6283509135246277,0.5652994513511658,1.1473215818405151,1.5801762342453003,4.9909796714782715,1.1495860815048218,0.167477086186409,0.4114817976951599,0.6814829707145691,0.27420270442962646,0.00039999998989515007,1.1801508665084839,1.8071805238723755,1.6848098039627075,1.9394923448562622,0.7295739054679871,0.33985796570777893,0.019891826435923576,0.45720741152763367,0.4290648400783539,0.847367525100708,0.42592549324035645,0.7445175051689148,1.0563703775405884,1.189521312713623,1.3909410238265991,0.6022899746894836,0.6450252532958984,0.8096333742141724,0.08367228507995605,0.09554994106292725,1.2561465501785278,0.770466685295105,0.4372510313987732,1.2722342014312744,0.8146494030952454,0.278633713722229,1.1269209384918213,1.3842600584030151,1.6754887104034424,0.308671236038208,1.4956037998199463,0.5866774916648865,0.5362667441368103,0.4405282437801361,0.136732280254364,0.08480927348136902,1.375653624534607,0.612320065498352,0.10903351753950119,1.3242285251617432,0.8096609115600586,0.3719211220741272,0.16180256009101868
0.07577432692050934,0.21411862969398499,0.37227821350097656,0.8485397100448608,0.6190770864486694,1.5821057558059692,1.5857118368148804,5.2832183837890625,1.1579492092132568,0.03562772646546364,0.5640380382537842,0.6870415806770325,0.13972242176532745,0.00039999998989515007,0.8979175090789795,1.7403957843780518,1.8614094257354736,1.8975259065628052,0.8632395267486572,0.6605057716369629,0.05702970549464226,0.825585663318634,0.4718705713748932,0.557172417640686,0.4227931797504425,0.8315064907073975,1.1256986856460571,0.69059157371521,1.383773684501648,0.6307764649391174,1.0415675640106201,0.6157625913619995,0.14896921813488007,0.04723654314875603,1.266052484512329,0.6617858409881592,0.20281432569026947,1.205363154411316,0.6167376637458801,0.1953054517507553,0.893218994140625,1.157071828842163,1.5020416975021362,0.2453175187110901,1.469806432723999,0.4177822768688202,0.6218248009681702,0.3642443120479584,0.09980352967977524,0.15580539405345917,1.3543987274169922,0.59300297498703,0.51493239402771,1.022493839263916,0.9301831722259521,0.265031099319458,0.09038542211055756
0.026105783879756927,0.37886831164360046,0.5615668296813965,0.7801559567451477,0.6951879858970642,1.623395562171936,1.8155956268310547,5.373787879943848,1.228675127029419,0.03922462835907936,0.54276043176651,0.7829012274742126,0.09962934255599976,0.00039999998989515007,0.9298929572105408,1.947258472442627,1.6291738748550415,1.8342331647872925,0.9028668403625488,0.48546096682548523,0.042953457683324814,0.5985878705978394,0.6205230355262756,0.5269358158111572,0.5558179020881653,0.7627509832382202,0.880176842212677,0.673914909362793,1.4950214624404907,0.6802653074264526,0.9178863763809204,0.500550389289856,0.17013181746006012,0.09303691238164902,1.1646780967712402,0.5555901527404785,0.2253812551498413,1.226028561592102,0.5824013948440552,0.24398154020309448,0.8092637062072754,1.1002013683319092,1.3823049068450928,0.30797234177589417,1.4702627658843994,0.46716511249542236,0.6832181215286255,0.2996330261230469,0.1186383068561554,0.10906199365854263,1.3288110494613647,0.5330016613006592,0.39317986369132996,1.098678708076477,0.9238660335540771,0.28401777148246765,0.06636974960565567
0.033750902861356735,0.35400688648223877,0.5410887002944946,0.9475551843643188,0.7318062782287598,1.6371841430664062,1.7477314472198486,5.331589221954346,1.0559426546096802,0.10882553458213806,0.581651508808136,0.7987087368965149,0.032402265816926956,0.00039999998989515007,0.7884515523910522,2.151684284210205,1.6503759622573853,1.843063473701477,0.8951355218887329,0.5610015988349915,0.03135129436850548,0.5986066460609436,0.5743937492370605,0.5076993703842163,0.5755991339683533,0.9670907855033875,0.982483446598053,0.6087260842323303,1.5236823558807373,0.7141505479812622,0.7410727739334106,0.49155867099761963,0.20332977175712585,0.24161472916603088,1.14334237575531,0.4616069197654724,0.17890439927577972,1.3662124872207642,0.44680434465408325,0.1721036285161972,0.7050577402114868,1.2044910192489624,1.1108425855636597,0.2728712260723114,1.3846566677093506,0.40034785866737366,0.9473740458488464,0.39845117926597595,0.15340225398540497,0.044461991637945175,1.221382975578308,0.49161791801452637,0.41305407881736755,1.0304603576660156,0.9733559489250183,0.4064868986606598,0.13999971747398376
0.09311018884181976,0.329971581697464,0.37264740467071533,0.6674752235412598,0.7329300045967102,1.5056294202804565,1.7155089378356934,5.4127421379089355,1.2585095167160034,0.24607451260089874,0.4453572928905487,0.6774817109107971,0.24981755018234253,0.00039999998989515007,1.078647494316101,1.9675250053405762,1.6917054653167725,1.7136105298995972,1.1299097537994385,0.41899508237838745,0.1514730006456375,0.6025779247283936,0.6118367910385132,0.46633288264274597,0.3859589993953705,0.6781182289123535,0.8966102004051208,0.8117666244506836,1.4772851467132568,0.6656540036201477,1.077836036682129,0.5852634906768799,0.34222859144210815,0.022215865552425385,1.09110689163208,0.5025947093963623,0.33694201707839966,1.1857292652130127,0.590571939945221,0.3380087614059448,0.8869792222976685,0.9609267711639404,1.4270267486572266,0.4051675498485565,1.6491594314575195,0.36639702320098877,0.4963637590408325,0.23570795357227325,0.0395500510931015,0.042912501841783524,1.0974260568618774,0.46046558022499084,0.5806750655174255,1.1566052436828613,0.8807725310325623,0.36425963044166565,0.10257795453071594
0.5506412982940674,0.7137858271598816,0.785494863986969,0.24956083297729492,0.5394960641860962,2.1105141639709473,2.4135820865631104,5.1283955574035645,1.111452341079712,0.5853458046913147,0.5780475735664368,1.0723276138305664,0.06828946620225906,0.00039999998989515007,1.0002341270446777,2.2676260471343994,1.3324660062789917,1.7275933027267456,0.6393221616744995,0.36433011293411255,0.1838824301958084,0.41140833497047424,0.76930171251297,0.6677001714706421,0.5044066905975342,0.42293307185173035,0.5110958814620972,0.4546827971935272,1.4198758602142334,0.24695029854774475,1.3106540441513062,0.3086341619491577,0.1530001312494278,0.1634930670261383,1.0998797416687012,0.8040485978126526,0.39651787281036377,1.1105406284332275,0.26211848855018616,0.13386546075344086,0.6867731809616089,1.2026455402374268,1.1394293308258057,0.3425673246383667,1.6327706575393677,0.04326797276735306,0.8077948689460754,0.22745893895626068,0.5546630024909973,0.12939327955245972,1.2170857191085815,0.14454622566699982,0.7147823572158813,1.1437608003616333,0.5654801726341248,0.2731422185897827,0.166193887591362
0.0825066789984703,0.17725540697574615,0.45729178190231323,1.0139331817626953,0.6786054372787476,1.4712252616882324,1.6879793405532837,5.304459571838379,1.0963242053985596,0.017154840752482414,0.6854057908058167,0.6848087906837463,0.061536382883787155,0.00039999998989515007,0.8420513272285461,2.0266973972320557,1.7916377782821655,1.8732305765151978,0.9009415507316589,0.7690163850784302,0.020686237141489983,0.6952524781227112,0.49888235330581665,0.5598123669624329,0.5445281863212585,0.9707610011100769,1.1580164432525635,0.731185793876648,1.421117901802063,0.6702872514724731,0.8015455007553101,0.5202769637107849,0.22901754081249237,0.24596284329891205,1.1244128942489624,0.49375277757644653,0.2043045461177826,1.3309043645858765,0.44842255115509033,0.1928190439939499,0.759419858455658,1.1080548763275146,1.2080481052398682,0.2278721034526825,1.3738253116607666,0.47805631160736084,0.8545400500297546,0.3549621105194092,0.1533435881137848,0.002027979353442788,1.3457552194595337,0.4911600649356842,0.4663090407848358,1.0123828649520874,0.9491123557090759,0.3389420807361603,0.16776823997497559
0.49818068742752075,0.7050711512565613,0.7776317000389099,0.5910135507583618,0.6204364895820618,2.05743145942688,2.49444580078125,5.232542991638184,0.6658431887626648,0.4791720509529114,0.8419288396835327,0.9966840744018555,0.1420159488916397,0.00039999998989515007,0.766520619392395,2.466198682785034,1.3891217708587646,1.687548041343689,0.6790814399719238,0.3451084494590759,0.018027961254119873,0.18627700209617615,0.7294785380363464,0.48219233751296997,0.7257119417190552,0.8251930475234985,0.6358768939971924,0.2686959505081177,1.4014437198638916,0.4564686715602875,0.8214285969734192,0.20112241804599762,0.04129265621304512,0.5076936483383179,0.9170441627502441,0.5908871293067932,0.2624121308326721,1.5301812887191772,0.03698597848415375,0.061776865273714066,0.51279217004776,1.2958978414535522,0.6461873650550842,0.46111372113227844,1.33501398563385,0.0033600416500121355,1.2925121784210205,0.3920716345310211,0.23204533755779266,0.1669837087392807,1.139950156211853,0.06769376248121262,0.7090559601783752,0.9149897694587708,0.6995738744735718,0.47362104058265686,0.0473942756652832
0.07419898360967636,0.12259310483932495,0.6424346566200256,1.2487993240356445,0.8591052293777466,1.3450666666030884,1.7343064546585083,5.636760234832764,1.3207236528396606,0.11085863411426544,0.5225928425788879,0.1655178815126419,0.16333617269992828,0.00039999998989515007,0.950172483921051,1.7783564329147339,1.6974846124649048,1.4767966270446777,1.2413636445999146,0.6913641691207886,0.33753088116645813,0.21869811415672302,0.6979948878288269,0.15530270338058472,0.5350415110588074,1.071427822113037,0.8444023728370667,0.6653751134872437,1.6849055290222168,0.7030296921730042,0.906772792339325,0.6672826409339905,0.7051514387130737,0.41328495740890503,0.7755207419395447,0.34202784299850464,0.44910958409309387,1.1469436883926392,0.13118334114551544,0.24425870180130005,0.5895012617111206,0.5750404596328735,0.8461501002311707,0.30439236760139465,1.1674326658248901,0.29405972361564636,0.9334598183631897,0.2685094177722931,0.4560534358024597,0.41675662994384766,1.1565115451812744,0.3913155794143677,0.41044753789901733,1.0431149005889893,1.202903389930725,0.3175610601902008,0.07342401146888733
0.24610096216201782,0.16321803629398346,0.8187332153320312,1.1275595426559448,1.041754961013794,1.3124092817306519,1.4283527135849,5.4435319900512695,1.6788287162780762,0.1158914789557457,0.7085098624229431,0.5667511224746704,0.11675989627838135,0.00039999998989515007,1.054262399673462,2.2320587635040283,1.1913944482803345,1.5220677852630615,0.9596152305603027,0.8855545520782471,0.1937272548675537,0.676289975643158,1.0470541715621948,0.09818010032176971,0.8877633213996887,0.8213947415351868,0.7377994656562805,0.5283035635948181,1.4398177862167358,0.6630995869636536,0.52987140417099,0.6857609152793884,0.6607181429862976,0.44271036982536316,0.917133092880249,0.460934579372406,0.45190542936325073,1.087364912033081,0.2915492057800293,0.09506373852491379,0.16805750131607056,1.1147807836532593,0.409436970949173,0.24645355343818665,1.391892433166504,0.08171162009239197,1.0160948038101196,0.21605446934700012,0.6235293745994568,0.12749889492988586,1.2828961610794067,0.2596431374549866,0.1692076176404953,0.9470874071121216,1.297024130821228,0.48847514390945435,0.5389332175254822
0.2996599078178406,0.3499797284603119,0.4236704409122467,0.31738147139549255,0.784950852394104,1.694782018661499,1.9574934244155884,5.436426162719727,1.0554910898208618,0.3219360411167145,0.16180501878261566,0.8517565727233887,0.21008256077766418,0.00039999998989515007,0.9786553382873535,2.197420597076416,1.6341084241867065,1.6712589263916016,0.8966811299324036,0.3597066402435303,0.3036494553089142,0.5857665538787842,0.6012187600135803,0.451915442943573,0.4126035273075104,0.533072292804718,0.7557151913642883,0.7380688786506653,1.482222557067871,0.5742027163505554,1.0439040660858154,0.6918144822120667,0.25792965292930603,0.0004325407790020108,1.2365673780441284,0.4221716523170471,0.32674023509025574,0.9144468903541565,0.702505350112915,0.3705986738204956,0.7837371826171875,1.1234194040298462,1.3773969411849976,0.3223887085914612,1.8208067417144775,0.15952453017234802,0.4004496932029724,0.1803888976573944,0.07110194861888885,0.12961634993553162,0.9616495966911316,0.3621410131454468,0.5265494585037231,1.3404834270477295,0.7891818284988403,0.21707144379615784,0.1271258145570755
0.007751690689474344,0.5400844812393188,0.5190514922142029,0.5269577503204346,0.7132462859153748,1.7639765739440918,1.7148231267929077,5.653535842895508,1.2397814989089966,0.08186200261116028,0.37734976410865784,0.8443021774291992,0.03657621145248413,0.00039999998989515007,1.0338034629821777,1.9478510618209839,1.4699431657791138,1.6887162923812866,0.906417191028595,0.2664394974708557,0.05549393966794014,0.5334650874137878,0.561835527420044,0.4367218017578125,0.49893152713775635,0.5928425192832947,0.6270155906677246,0.5196901559829712,1.488822340965271,0.7115175127983093,0.9450690746307373,0.48801180720329285,0.2192937731742859,0.13411551713943481,1.2714842557907104,0.6944267153739929,0.21762879192829132,1.114136815071106,0.6150104403495789,0.26829227805137634,0.7433392405509949,1.1281839609146118,1.3827884197235107,0.342580646276474,1.4999988079071045,0.4619382917881012,0.44584906101226807,0.281670480966568,0.0921444445848465,0.2241314798593521,1.2129786014556885,0.6004674434661865,0.3871236741542816,1.0665735006332397,0.9822263717651367,0.29397016763687134,0.1715642362833023
0.2793859839439392,0.33152440190315247,0.4483952522277832,0.8654325008392334,0.851789116859436,1.597182035446167,2.1906673908233643,5.591625213623047,1.3933838605880737,0.0864173173904419,0.4853994846343994,0.4544324576854706,0.28347936272621155,0.00039999998989515007,1.0724154710769653,2.0052149295806885,1.470678687095642,1.6060484647750854,1.0778361558914185,0.29245540499687195,0.2696390151977539,0.31618931889533997,0.8498571515083313,0.2574588358402252,0.6663755178451538,0.7961899042129517,0.5469798445701599,0.8385012149810791,1.3182880878448486,0.8981836438179016,0.7622270584106445,0.6052243709564209,0.7210257649421692,0.14904966950416565,0.7949149012565613,0.3603157699108124,0.37951380014419556,1.1893471479415894,0.3228936195373535,0.1424178183078766,0.6161285042762756,1.0194758176803589,1.0469465255737305,0.5368838310241699,1.1594882011413574,0.37250420451164246,0.7606664299964905,0.22776608169078827,0.48909300565719604,0.4209594130516052,1.1059032678604126,0.5954397916793823,0.3777695298194885,1.2054967880249023,0.9395369291305542,0.2962287664413452,0.12752023339271545
0.08640140295028687,0.4314761757850647,0.4972991645336151,0.7346339225769043,0.8018516302108765,1.6026664972305298,1.5660003423690796,5.530057430267334,1.1913679838180542,0.04621552675962448,0.48098641633987427,0.7526474595069885,0.10138880461454391,0.00039999998989515007,1.0713835954666138,2.0114426612854004,1.5863316059112549,1.7677675485610962,0.9648198485374451,0.2546440362930298,0.07917418330907822,0.511184573173523,0.5333737134933472,0.43210741877555847,0.5629350543022156,0.7783353924751282,0.8074047565460205,0.6585672497749329,1.446824550628662,0.8108544945716858,0.6872468590736389,0.48902496695518494,0.2567901909351349,0.04593168944120407,1.2164075374603271,0.5693517327308655,0.26180461049079895,1.2900055646896362,0.6196672916412354,0.32727792859077454,0.7809475660324097,1.1339342594146729,1.3257919549942017,0.3357693552970886,1.422410249710083,0.5621353387832642,0.5630247592926025,0.3684280812740326,0.25628459453582764,0.0979037806391716,1.1338163614273071,0.6322335600852966,0.3078700006008148,1.0753759145736694,1.026985764503479,0.4441292881965637,0.26074308156967163
0.04164943844079971,0.3576684296131134,0.4980214238166809,0.8404087424278259,0.6307727694511414,1.6335899829864502,1.872051477432251,5.197702884674072,1.476871371269226,0.009992961771786213,0.6582809090614319,0.8225200772285461,0.05634269863367081,0.00039999998989515007,0.9882706999778748,2.065871238708496,1.6333192586898804,1.9120177030563354,0.8110926151275635,0.7738334536552429,0.06997933238744736,0.8313519954681396,0.6550090312957764,0.6333358287811279,0.5719692707061768,0.7049623131752014,0.9648464322090149,0.8852716684341431,1.3338323831558228,0.5480567812919617,0.9888089895248413,0.48831453919410706,0.1965116411447525,0.24775466322898865,1.075718641281128,0.5077690482139587,0.24994324147701263,1.1215788125991821,0.6030755639076233,0.1820523589849472,0.6973770260810852,1.0656099319458008,1.3657647371292114,0.23652519285678864,1.4180701971054077,0.40123629570007324,0.809791624546051,0.3366376757621765,0.021410707384347916,0.004989216569811106,1.3596748113632202,0.5856772661209106,0.501418948173523,1.210524320602417,0.7722346186637878,0.13972006738185883,0.07791301608085632
