E_0,L_0,P_0,M_s_0,M_e_0,M_i_0,H_s_0,H_e_0,H_i_0,H_r_0,C,sigma,gamma,mu_H,beta_M,beta_H,theta_M,theta_H,alpha_b,alpha_E,alpha_L,alpha_P,a_b,a_E,a_L,a_P,c_E,c_L,c_P,c_M,d_E,d_L,d_P,d_M,T_b_max,T_E_max,T_L_max,T_P_max,T_E_min,T_L_min,T_P_min,T_M_min,R_b,R_E,R_L,R_P,r_b,r_E,r_L,r_P,s_b,s_E,s_L,s_P,e_E,e_L,e_P
0.9522636532783508,0.3477330803871155,0.20241788029670715,0.11203505098819733,0.22145600616931915,0.4766407012939453,1.0830368995666504,0.1738598346710205,0.8350126147270203,0.9211618304252625,0.43870747089385986,0.21099445223808289,0.8450590968132019,0.00039999998989515007,0.4901486933231354,1.5907506942749023,0.7426803708076477,1.7013148069381714,0.4627523422241211,1.7785060405731201,0.8136870861053467,0.6507284045219421,1.0733327865600586,0.4016048312187195,0.36692753434181213,0.6525111794471741,0.6539735794067383,2.2512714862823486,0.0018964395858347416,1.480867624282837,1.2925270795822144,0.25274425745010376,0.6854457259178162,1.8951456546783447,0.6392503380775452,0.6805856227874756,1.0415773391723633,0.5890845656394958,1.1810481548309326,0.7400869131088257,1.6010900735855103,0.18558458983898163,0.23080243170261383,1.0697393417358398,0.6177653670310974,0.09261652082204819,1.0257407426834106,0.9018194079399109,0.9083440899848938,1.3165265321731567,2.063056468963623,0.520630419254303,1.718085765838623,0.4291239380836487,1.1197149753570557,1.070479154586792,1.4088417291641235
1.326601266860962,1.2159792184829712,0.23424045741558075,0.35622119903564453,0.012680181302130222,0.1141745001077652,1.006410837173462,0.28382912278175354,1.1291216611862183,0.9293326139450073,0.5912961363792419,0.17632900178432465,0.832697868347168,0.00039999998989515007,0.5947675704956055,0.8629599213600159,0.6497629284858704,2.5264487266540527,0.8969238996505737,1.8133492469787598,1.076683759689331,0.41793033480644226,1.4161995649337769,0.47153711318969727,0.8801466226577759,0.6115947365760803,0.48695188760757446,1.643202781677246,0.0027918543200939894,1.1475133895874023,0.9376821517944336,0.11205963790416718,0.4676876962184906,1.9014382362365723,0.7363398671150208,0.4819991886615753,1.0526834726333618,0.4721195101737976,1.2191838026046753,0.30229809880256653,1.657177209854126,0.3313958942890167,0.7006259560585022,1.232572078704834,0.4110904037952423,0.04549889639019966,0.17886550724506378,0.37848716974258423,0.08418291807174683,1.4724631309509277,1.8542925119400024,0.9760805368423462,1.1722491979599,0.8944178819656372,0.2939406633377075,1.7911118268966675,1.2847334146499634
1.505126953125,0.1173824593424797,0.44863268733024597,0.6829964518547058,0.12093526870012283,0.5378895998001099,1.0348052978515625,1.4646486043930054,0.1647743433713913,1.4101293087005615,1.6570799350738525,0.10400480031967163,0.71562659740448,0.00039999998989515007,0.5892414450645447,0.7981705069541931,0.9845792055130005,2.24570894241333,1.7888033390045166,1.2887364625930786,0.7399571537971497,0.6634222269058228,0.7943099737167358,0.996190071105957,0.8819236755371094,0.4724911153316498,1.0340585708618164,1.1190390586853027,0.4001581072807312,0.49886274337768555,0.8826689720153809,0.4512556493282318,0.184822678565979,1.324582576751709,0.5441701412200928,1.9054203033447266,0.24951255321502686,1.3521679639816284,1.3783435821533203,0.02826843410730362,0.756278395652771,0.08432698249816895,1.4093905687332153,0.5349787473678589,1.3924039602279663,1.36894953250885,0.27170297503471375,0.7732683420181274,0.8487460017204285,0.6296438574790955,1.7250101566314697,0.1048690602183342,1.2207956314086914,0.5992624163627625,0.6959483027458191,1.268417239189148,0.44147440791130066
1.1360176801681519,1.5811017751693726,0.5323881506919861,0.30944204330444336,0.20594114065170288,0.19072070717811584,0.9885475635528564,0.3065281808376312,0.46247172355651855,1.2725749015808105,1.7298524379730225,0.1270035356283188,0.7033261656761169,0.00039999998989515007,1.27428138256073,1.0151773691177368,1.1280241012573242,2.744265079498291,0.259118914604187,1.0658601522445679,1.3771532773971558,0.16401828825473785,1.6672061681747437,1.1968104839324951,0.650818943977356,0.20075036585330963,0.8432058095932007,0.7101686596870422,0.5321418046951294,1.3938237428665161,1.4816017150878906,0.9751478433609009,0.2135598510503769,1.4951326847076416,0.6486192345619202,1.5075085163116455,0.7275617718696594,0.08721882849931717,1.0687471628189087,1.0061627626419067,0.7423891425132751,0.795119047164917,0.4810608923435211,1.0045225620269775,0.8067507147789001,0.42632806301116943,0.09672363847494125,0.8880069255828857,0.43375951051712036,0.2727322280406952,2.114039897918701,0.7980110049247742,0.22615833580493927,0.6327490210533142,0.04708404466509819,0.8981274366378784,1.0858887434005737
2.324413299560547,1.4012283086776733,0.027559204027056694,0.6836943626403809,0.020666813477873802,0.696540892124176,0.9470949769020081,1.2684706449508667,1.3469748497009277,1.2073408365249634,1.6260547637939453,0.6412626504898071,1.5394539833068848,0.00039999998989515007,0.7020612359046936,0.6657389402389526,0.6468844413757324,2.3758296966552734,2.023111343383789,0.9513211250305176,1.080073595046997,0.693027675151825,1.3393372297286987,1.1052833795547485,0.5319452881813049,1.1462973356246948,0.2986745536327362,0.3888690769672394,0.5307430028915405,0.140164315700531,0.07472597807645798,0.6685470342636108,1.0052608251571655,1.284653902053833,0.31708207726478577,1.2011605501174927,0.09116175770759583,0.4164149761199951,0.8817325830459595,0.5814414024353027,1.054344892501831,0.09902874380350113,0.5132966041564941,0.864912211894989,0.36715877056121826,0.9236207008361816,0.933009147644043,0.21752884984016418,0.017255188897252083,0.500941276550293,1.6926710605621338,0.43004873394966125,1.3476746082305908,0.368801087141037,0.9937853217124939,1.108712911605835,0.5056855082511902
1.5686222314834595,0.1444912701845169,0.12928688526153564,0.05288566276431084,0.29531970620155334,0.41032838821411133,1.3159551620483398,0.3432849049568176,1.4902119636535645,1.1307367086410522,0.6630215644836426,0.7326357364654541,0.8681082725524902,0.00039999998989515007,0.05743857100605965,1.7541744709014893,1.1478842496871948,1.6712315082550049,1.0147466659545898,1.439314603805542,1.4718611240386963,0.03674636408686638,1.1254186630249023,0.18610933423042297,0.16623659431934357,0.6057679653167725,0.18988747894763947,1.516652226448059,0.26063641905784607,1.020419716835022,0.17070402204990387,1.0666353702545166,0.2742632329463959,1.460316777229309,0.7557948231697083,0.9753834009170532,0.5089696645736694,0.3763904273509979,0.8093467354774475,0.7277311086654663,1.9398969411849976,0.9219472408294678,0.027838751673698425,1.4969463348388672,0.5460308790206909,0.13942734897136688,1.06700599193573,0.5155428051948547,0.043959103524684906,0.911811351776123,1.8499820232391357,1.2443290948867798,2.0462074279785156,0.517686128616333,0.9564076066017151,0.9242029190063477,1.2361360788345337
1.563605785369873,1.2304458618164062,0.1342371106147766,0.0635489746928215,0.20096220076084137,0.23252758383750916,1.6441713571548462,0.8306067585945129,1.58192777633667,1.7098568677902222,1.4960107803344727,0.6289266347885132,1.4378387928009033,0.00039999998989515007,0.08886494487524033,1.3809303045272827,2.287269353866577,1.7205920219421387,0.9663402438163757,0.757839560508728,1.4900656938552856,0.4016581177711487,0.8827567100524902,0.5894649624824524,0.5822954773902893,0.511801540851593,1.077601432800293,0.586016833782196,0.7123348712921143,0.9859786629676819,0.6367685198783875,0.6082561016082764,0.05817729979753494,1.3781003952026367,1.320906639099121,1.3479467630386353,0.9595824480056763,0.2635272741317749,0.9206418395042419,0.27030491828918457,0.7495403289794922,0.45203927159309387,0.07236839085817337,1.607243537902832,0.06193952262401581,0.04134501516819,0.4892641007900238,0.34910064935684204,0.1426810324192047,1.161920428276062,2.1258959770202637,1.054839015007019,0.4115346074104309,0.20924445986747742,0.7979105114936829,0.20327331125736237,0.11434648185968399
1.5337828397750854,0.24994602799415588,0.11302885413169861,0.43889880180358887,0.15117409825325012,0.5188178420066833,1.7140496969223022,0.5141720771789551,1.0885194540023804,1.6392762660980225,1.1930819749832153,0.697126030921936,1.2737809419631958,0.00039999998989515007,0.20416705310344696,1.498308539390564,1.294627070426941,1.6555330753326416,0.5005584359169006,1.372758388519287,1.308897852897644,0.03415502980351448,0.9783627390861511,0.0029845009557902813,0.11528051644563675,0.34322598576545715,0.8092097640037537,1.2625974416732788,0.03480894863605499,1.4000698328018188,0.6753975749015808,0.9179146885871887,0.185615673661232,1.4650664329528809,0.8667104840278625,1.5731767416000366,0.059817198663949966,0.11442260444164276,0.8335840106010437,0.3657548725605011,2.018772602081299,0.498759925365448,0.019031617790460587,1.8172054290771484,0.49810051918029785,0.1657281219959259,0.4209734797477722,0.09918463975191116,0.4590638279914856,0.5488792657852173,1.8630362749099731,1.3870755434036255,1.541292428970337,0.2905062437057495,0.8774746656417847,0.6735771894454956,1.2079561948776245
1.7162364721298218,0.5076801180839539,0.31303662061691284,0.29152730107307434,0.158394455909729,0.4019458591938019,1.373417854309082,0.9692583680152893,1.1307365894317627,1.5526832342147827,1.2300200462341309,0.5203410983085632,0.976402759552002,0.00039999998989515007,0.11938244849443436,1.3811802864074707,1.5818177461624146,2.089031219482422,1.128621220588684,1.2999495267868042,1.3877094984054565,0.36750486493110657,0.9397915601730347,0.6482444405555725,0.5801320672035217,0.14625506103038788,0.8258286714553833,1.2443702220916748,0.138000026345253,0.7347931265830994,0.43026551604270935,0.5004911422729492,0.26353976130485535,1.6537749767303467,1.152454137802124,1.2534160614013672,0.7979565262794495,0.6890456080436707,1.2443450689315796,0.36941203474998474,1.2120673656463623,0.4315450191497803,0.15655824542045593,1.321732521057129,0.8709008097648621,0.449448823928833,0.2000790536403656,0.1684887558221817,0.4921818971633911,1.3109791278839111,2.073866844177246,1.0158976316452026,1.2430845499038696,0.5989227294921875,0.7263368368148804,1.0824676752090454,0.843223512172699
1.4721647500991821,0.4003744125366211,0.13698028028011322,0.38741135597229004,0.3568117320537567,0.4492328464984894,1.4037226438522339,1.0179678201675415,0.937656581401825,1.5175656080245972,1.595526933670044,0.6684908270835876,1.0149728059768677,0.00039999998989515007,0.15433292090892792,1.4344298839569092,1.6284977197647095,2.068758249282837,1.2294847965240479,1.3090434074401855,1.2795202732086182,0.4297466278076172,1.037140965461731,0.5765095353126526,0.6961950659751892,0.07635995745658875,1.0230883359909058,1.318228006362915,0.5571555495262146,0.5489935874938965,0.6805937886238098,0.3432573676109314,0.0601828508079052,1.6813385486602783,1.156317949295044,1.4193086624145508,0.727325439453125,0.6515206694602966,1.2490673065185547,0.18616122007369995,0.8905861973762512,0.22117279469966888,0.401305228471756,1.1557660102844238,0.9232645034790039,0.6285857558250427,0.25007113814353943,0.2412353754043579,0.6139491200447083,1.1549190282821655,2.0627949237823486,0.8972956538200378,0.9637923240661621,0.7002760767936707,0.7126185297966003,1.19887113571167,0.7429518699645996
1.9929180145263672,0.31405922770500183,0.15387757122516632,0.08573828637599945,0.3897828757762909,1.0036195516586304,1.5272579193115234,1.599435567855835,0.3958897590637207,1.853347659111023,1.9377226829528809,0.1130528375506401,1.6040561199188232,0.00039999998989515007,0.6724342107772827,0.8097688555717468,1.0728758573532104,1.5441299676895142,1.5129804611206055,0.6968517899513245,0.9595338106155396,0.5123105645179749,0.3832676410675049,0.897087812423706,0.9442009925842285,0.3897823393344879,1.0021439790725708,0.525449812412262,0.46241334080696106,0.29693466424942017,0.4960750937461853,0.631323516368866,0.9106618165969849,0.9868330359458923,0.4695240259170532,1.8269587755203247,0.3737132251262665,0.6406747698783875,0.6025096774101257,0.4760741889476776,1.0517082214355469,0.22355808317661285,1.27919340133667,0.9260851740837097,0.6438670754432678,1.323943853378296,0.8893541693687439,0.9693537950515747,1.2040082216262817,0.4259743392467499,1.7594975233078003,0.32373884320259094,1.340211272239685,0.10500839352607727,1.1585960388183594,0.8203851580619812,0.6964355111122131
1.5918961763381958,0.5737208724021912,0.19177570939064026,0.5218529105186462,0.3552747368812561,0.15194083750247955,1.1545779705047607,0.8053374886512756,1.2829991579055786,1.3571362495422363,1.1817119121551514,0.5254985094070435,0.8047398924827576,0.00039999998989515007,0.19572366774082184,1.5653572082519531,1.3748247623443604,2.3474273681640625,1.3695813417434692,1.268804907798767,1.387624979019165,0.4751397371292114,1.039402961730957,0.5790287852287292,0.4859948456287384,0.2524928152561188,0.7285447120666504,1.4384171962738037,0.36136916279792786,0.6048868298530579,0.5106954574584961,0.5790625810623169,0.29282906651496887,1.7776927947998047,0.994350790977478,1.1283625364303589,0.874901294708252,0.6086158156394958,1.2688184976577759,0.5054134726524353,1.0772687196731567,0.40219181776046753,0.21476256847381592,1.2386729717254639,0.6042038202285767,0.3095285892486572,0.35341209173202515,0.15630938112735748,0.2917262017726898,1.42912757396698,2.0925209522247314,0.7550384998321533,1.3226304054260254,0.8512530326843262,0.7104519605636597,1.2002067565917969,0.7503499984741211
1.181337833404541,0.3477996289730072,0.03817451372742653,0.7278881072998047,0.9797357320785522,0.30130383372306824,1.384087085723877,1.086556077003479,1.3323402404785156,1.0219753980636597,1.028210163116455,0.7753104567527771,0.8164272904396057,0.00039999998989515007,0.16690854728221893,1.571693778038025,1.6776033639907837,1.803617000579834,1.1480607986450195,1.5217012166976929,1.4405293464660645,0.8883546590805054,0.9373572468757629,0.4588642716407776,0.8348474502563477,0.2638709247112274,0.8623260855674744,1.715513825416565,0.597965657711029,0.9968641996383667,0.7844828963279724,0.13627363741397858,0.5602874159812927,1.612350344657898,1.0966309309005737,1.1373692750930786,0.965310275554657,0.2546837627887726,1.5092557668685913,0.16723206639289856,0.43091142177581787,0.002635669196024537,0.38683417439460754,0.21788188815116882,1.3479442596435547,0.29990410804748535,0.6190754175186157,0.3979179263114929,0.8327698707580566,1.2866287231445312,1.9498701095581055,1.2667526006698608,0.08101171255111694,1.3116044998168945,0.6546672582626343,0.8033731579780579,0.3017829954624176
0.8926669359207153,0.14717403054237366,0.3857308030128479,0.15901903808116913,0.44983935356140137,0.18638965487480164,1.8360927104949951,1.156296968460083,1.1010067462921143,1.163817048072815,1.2090479135513306,1.1156113147735596,1.068603515625,0.00039999998989515007,0.21501249074935913,1.202739953994751,1.9565014839172363,1.7838890552520752,1.5729080438613892,1.4481087923049927,1.2327120304107666,0.5136035084724426,0.9912012219429016,0.764189600944519,0.6866347789764404,0.16017986834049225,1.076654076576233,1.4740544557571411,0.2872224748134613,0.8974205255508423,0.7866823673248291,0.6255887746810913,0.5623567700386047,1.4874482154846191,1.1906603574752808,1.275504469871521,1.4980931282043457,0.6336316466331482,1.099021553993225,0.6479145288467407,0.45817673206329346,0.8152354955673218,0.6818656325340271,1.115962266921997,0.6493943333625793,1.0500460863113403,0.28940147161483765,0.14937163889408112,0.44950491189956665,1.1621325016021729,1.9611425399780273,0.5921353101730347,0.8435678482055664,0.4313630759716034,0.5228320956230164,0.819783627986908,0.14111220836639404
2.041788339614868,0.711550235748291,0.22066323459148407,0.7343829274177551,0.48670709133148193,0.5464494824409485,1.5172045230865479,1.528496503829956,1.0626518726348877,1.1316699981689453,1.0747101306915283,0.08919055014848709,1.3310049772262573,0.00039999998989515007,0.9407405257225037,0.9505409598350525,1.4568171501159668,1.6009876728057861,2.7410879135131836,0.7444456219673157,1.2972183227539062,1.1529178619384766,0.6372946500778198,1.4939446449279785,0.6157452464103699,0.6595620512962341,0.4461979269981384,0.5835837125778198,0.6887524724006653,0.4045179784297943,0.6932203769683838,0.5901221036911011,0.022904014214873314,1.172428846359253,0.6267792582511902,0.8779970407485962,0.6113914847373962,0.6946406960487366,0.6261359453201294,0.24564476311206818,0.13394343852996826,0.2778673768043518,1.1018637418746948,0.14702561497688293,0.4269583821296692,1.24210524559021,0.9834097027778625,0.13810691237449646,0.40238526463508606,0.9740682244300842,2.3357160091400146,0.18689285218715668,0.7591128349304199,0.30813542008399963,1.002037525177002,1.0188312530517578,0.4021237790584564
1.1397700309753418,0.7340419292449951,0.03742486983537674,0.6203714609146118,0.5089769959449768,0.007612563669681549,1.3053807020187378,1.05487060546875,1.1513912677764893,1.3393588066101074,1.5827549695968628,0.5468376278877258,0.9743162393569946,0.00039999998989515007,0.02403402514755726,1.423073649406433,1.6120902299880981,2.358664035797119,1.1604039669036865,1.3401000499725342,1.193902850151062,0.6219216585159302,1.1587249040603638,0.4351942241191864,0.6682131886482239,0.044933293014764786,1.1366711854934692,1.473535180091858,0.8607057332992554,0.7207273840904236,1.013993263244629,0.2511439621448517,0.11764736473560333,1.7478010654449463,1.0631332397460938,1.4608995914459229,0.8916778564453125,0.43464210629463196,1.4239656925201416,0.19356313347816467,0.7030450105667114,0.05638930946588516,0.3714991807937622,1.1376270055770874,0.7328851222991943,0.40137365460395813,0.12234752625226974,0.28245294094085693,0.42480409145355225,1.2758421897888184,1.9508651494979858,0.8110783696174622,0.5920469760894775,1.0156084299087524,0.588483452796936,0.9219291806221008,0.3452475666999817
1.2513587474822998,0.06501681357622147,0.22151373326778412,0.30077221989631653,0.921461820602417,0.5116079449653625,1.729102373123169,1.3266159296035767,1.0746222734451294,0.8958547711372375,1.0291755199432373,0.33235642313957214,1.3327603340148926,0.00039999998989515007,0.23320962488651276,1.2285845279693604,1.2873159646987915,1.6166263818740845,1.6642314195632935,1.882735252380371,1.2094776630401611,1.0067187547683716,0.9709263443946838,0.3352453112602234,0.49879831075668335,0.24931544065475464,1.0204147100448608,1.8045861721038818,0.6966764330863953,0.918555498123169,1.0335204601287842,0.21916775405406952,0.22338835895061493,1.6623731851577759,0.8740482330322266,0.820786714553833,0.976966917514801,0.46982133388519287,1.3589043617248535,0.22706802189350128,0.41933473944664,0.029811810702085495,0.7221569418907166,0.03408578410744667,1.1568121910095215,1.0175589323043823,0.11152298003435135,0.06521684676408768,1.306132435798645,0.9296862483024597,1.991375207901001,0.6961269378662109,0.2422019988298416,0.9053830504417419,0.8111543655395508,1.3801567554473877,0.26652711629867554
2.125840425491333,0.05119191110134125,0.6249027252197266,0.7893872857093811,0.4185408353805542,0.9773465394973755,1.8690723180770874,0.9904282689094543,1.026361107826233,1.5378965139389038,1.4680440425872803,0.8960583209991455,1.5263304710388184,0.00039999998989515007,0.9629292488098145,1.01291024684906,1.5121957063674927,1.4457043409347534,0.8361960649490356,0.655456006526947,1.6292718648910522,0.6811030507087708,0.6135583519935608,0.2270963340997696,1.0439375638961792,0.19237343966960907,0.5916118621826172,0.963367223739624,0.018155813217163086,0.6432865262031555,0.0016828811494633555,0.8821869492530823,0.7444236874580383,1.7359014749526978,0.5981670618057251,1.740034580230713,0.20650619268417358,0.15407106280326843,0.8056895136833191,0.4516673982143402,0.704094648361206,1.0513126850128174,0.3987627923488617,1.704574704170227,0.5050103664398193,0.7416197657585144,0.2560324966907501,0.46220552921295166,0.10033572465181351,0.18799790740013123,1.8914461135864258,1.5444047451019287,0.6879355311393738,0.7486104965209961,0.7892864942550659,0.40742191672325134,0.5575051307678223
1.503307580947876,0.07992109656333923,0.15061235427856445,0.19906353950500488,0.08364313840866089,0.7922965884208679,1.4989821910858154,0.7823721766471863,1.2362760305404663,1.2811951637268066,0.795691728591919,0.6811341047286987,0.9771221876144409,0.00039999998989515007,0.05307621881365776,1.4945777654647827,1.2053903341293335,1.742030382156372,0.6945256590843201,1.6048979759216309,1.414677619934082,0.05934392660856247,1.1572685241699219,0.0407414473593235,0.1357821375131607,0.4394323229789734,0.3955842852592468,1.4690090417861938,0.31989002227783203,1.0768308639526367,0.1653049737215042,1.0158722400665283,0.01771283708512783,1.2466570138931274,0.7181494235992432,1.152397871017456,0.3463440537452698,0.5244148373603821,0.8120340704917908,0.5959060192108154,2.108678102493286,0.9138997793197632,0.07979612797498703,1.7041761875152588,0.6654572486877441,0.2546806037425995,0.9611867070198059,0.09891162067651749,0.2025832235813141,0.6786890029907227,1.5724061727523804,1.5040106773376465,1.996619701385498,0.4383607506752014,0.8167861700057983,0.9631216526031494,1.3289141654968262
1.5989270210266113,1.0568610429763794,0.11524182558059692,0.48929163813591003,0.3993695378303528,1.1294705867767334,1.4150605201721191,2.1560022830963135,0.4521961510181427,1.5279167890548706,1.4508099555969238,0.43663308024406433,1.0887411832809448,0.00039999998989515007,0.061143361032009125,0.2608965039253235,1.6657068729400635,2.3599491119384766,0.6324813961982727,1.5037002563476562,0.828691840171814,0.00441386504098773,1.306538462638855,0.3946652412414551,0.7284358143806458,0.4406864047050476,0.5581257939338684,1.1347733736038208,0.40352189540863037,0.030652955174446106,0.0999729335308075,0.1939283162355423,0.7861354947090149,1.3068289756774902,0.3170430362224579,1.3507450819015503,1.0003886222839355,0.7663252353668213,1.380972146987915,1.1350445747375488,0.02575165592133999,0.6865283846855164,0.0023617390543222427,0.7317447662353516,0.778293251991272,0.8830884695053101,0.24669015407562256,0.2203524112701416,0.7907674908638,1.2459731101989746,1.5875552892684937,1.9156756401062012,0.6051455140113831,0.6493483185768127,0.46006935834884644,0.4978804588317871,1.0097923278808594
1.1024675369262695,0.24257616698741913,0.07487501204013824,0.598748505115509,0.7147496342658997,0.9740560054779053,1.6759135723114014,2.0741848945617676,0.9867342710494995,0.806141197681427,0.5426912307739258,1.097371220588684,1.0623688697814941,0.00039999998989515007,0.2112627476453781,1.4772504568099976,1.2303448915481567,1.3225289583206177,1.941729187965393,1.4146724939346313,1.1124999523162842,1.133862853050232,0.4868021011352539,0.6566082239151001,0.6883088946342468,0.3538878858089447,0.5102500915527344,1.7795568704605103,0.042607471346855164,0.7005909085273743,0.2744027376174927,0.6785265803337097,0.7540258169174194,1.0443731546401978,0.9762341976165771,0.7352504134178162,1.6518629789352417,0.5104592442512512,0.832184374332428,0.6875902414321899,0.6578148007392883,1.2913408279418945,0.7914981842041016,0.5097333788871765,0.6386554837226868,1.0546261072158813,0.19137541949748993,0.30210891366004944,0.7399046421051025,1.7739665508270264,1.679227590560913,0.7590309381484985,1.0296567678451538,0.7941007018089294,0.8435401916503906,0.9380649924278259,0.28825879096984863
1.3041142225265503,0.6902932524681091,0.19490309059619904,0.29242610931396484,0.07264260947704315,0.5855571031570435,1.4790780544281006,1.374050498008728,0.7044616341590881,1.7641258239746094,2.0307750701904297,0.4040837585926056,1.3552906513214111,0.00039999998989515007,0.09682725369930267,1.3077889680862427,1.5268492698669434,2.3521738052368164,0.883552074432373,1.1941152811050415,1.0632872581481934,0.32925722002983093,1.1426737308502197,0.38177400827407837,0.5441839098930359,0.282002329826355,1.212284803390503,1.114201307296753,0.9619609117507935,0.6337101459503174,0.9591613411903381,0.2973732352256775,0.6272962689399719,1.432897686958313,0.8334827423095703,1.861303448677063,0.2916926145553589,0.35939931869506836,1.0540049076080322,0.29413557052612305,0.9578437209129333,0.1220279261469841,0.6623589992523193,1.3326914310455322,0.5306013226509094,0.545708179473877,0.23045498132705688,0.1418147087097168,0.7582854628562927,0.8089070916175842,1.8802831172943115,0.7985597848892212,0.8471241593360901,0.4749504625797272,0.7824682593345642,0.8401091694831848,0.7076227068901062
1.4032412767410278,0.9906297922134399,0.2508790194988251,0.355924516916275,0.9547843933105469,0.12501731514930725,1.3323423862457275,0.02812008745968342,0.3305050730705261,1.2152271270751953,1.3985296487808228,0.5597546696662903,0.47868800163269043,0.00039999998989515007,0.9089244604110718,1.1364434957504272,0.4431574046611786,3.0710389614105225,0.45310109853744507,1.4583771228790283,0.5324355363845825,0.01515327300876379,1.6055729389190674,0.21678505837917328,0.6904870867729187,0.2468850165605545,0.9480125308036804,1.1694914102554321,0.02972107194364071,1.7248015403747559,1.3467966318130493,0.1233820989727974,0.5033191442489624,1.9539202451705933,0.05937105789780617,1.7868342399597168,0.3362677991390228,0.36210063099861145,1.209558129310608,0.6498637795448303,1.3824292421340942,0.18543238937854767,0.17203935980796814,1.1878974437713623,0.42047932744026184,0.04287399724125862,0.4277230501174927,0.7915236353874207,0.2347499579191208,0.01846441812813282,1.8736402988433838,0.7779987454414368,1.0944349765777588,0.684786856174469,0.48216161131858826,0.725677490234375,1.155195951461792
1.6735591888427734,1.34866464138031,0.5400071144104004,0.5395063757896423,0.5162538290023804,0.296116441488266,1.5019880533218384,1.2263792753219604,0.6529309153556824,0.5929101705551147,1.2105075120925903,1.5124084949493408,1.7567815780639648,0.00039999998989515007,0.38695192337036133,0.4069296717643738,0.6842948794364929,0.20112329721450806,1.0498119592666626,1.5297845602035522,0.8519501090049744,1.0010998249053955,0.04048499837517738,0.5274998545646667,0.855833888053894,0.9351356625556946,0.15407530963420868,1.8227884769439697,0.6429581642150879,1.6826622486114502,0.6925531625747681,0.5194364190101624,0.8993382453918457,0.5880077481269836,0.5844051837921143,0.7313695549964905,0.45623713731765747,0.05494171008467674,0.31215763092041016,1.3682421445846558,2.0574607849121094,0.44294583797454834,0.30892112851142883,0.16853302717208862,0.6491746306419373,0.5370325446128845,0.6611307859420776,0.8650543689727783,1.6456812620162964,0.7798960208892822,1.8204045295715332,0.6684455275535583,1.623225450515747,0.27340182662010193,1.185886025428772,1.1223398447036743,0.8758507966995239
0.1071019098162651,0.030392415821552277,0.6053269505500793,0.3458690345287323,0.8546245098114014,0.08212120085954666,1.5665011405944824,0.9442784786224365,0.6999455094337463,1.057524561882019,1.8826442956924438,0.8757763504981995,1.187649130821228,0.00039999998989515007,0.2256540060043335,0.7712661623954773,1.4171913862228394,2.467008352279663,1.1760368347167969,1.7168930768966675,0.8647032976150513,0.4659291207790375,1.1732814311981201,0.44051358103752136,0.9165723323822021,0.40018969774246216,1.435807704925537,1.4306551218032837,0.8784250020980835,0.3913448452949524,1.441597819328308,1.1104142665863037,0.18683654069900513,1.2570164203643799,0.5866800546646118,2.023881435394287,0.7076373100280762,1.119160532951355,1.602482557296753,0.5050047636032104,0.06562473624944687,0.35462671518325806,1.107323169708252,1.0653380155563354,0.657146692276001,1.293701410293579,0.3765312731266022,0.3171958327293396,0.8828765153884888,0.2845609784126282,1.3145102262496948,0.25232669711112976,0.4045582413673401,0.47499024868011475,0.3105123043060303,0.9064136743545532,0.27475911378860474
1.007465124130249,1.1640191078186035,0.12494498491287231,0.5304348468780518,0.949610710144043,0.38238847255706787,1.3692657947540283,1.3625937700271606,1.4342281818389893,0.9659937620162964,1.02732515335083,0.23224809765815735,1.3303909301757812,0.00039999998989515007,0.07168899476528168,0.7357145547866821,1.5902442932128906,2.0718190670013428,1.5314838886260986,1.07972252368927,1.5071027278900146,1.3944170475006104,1.081015944480896,0.7121198177337646,0.10374083369970322,0.4997449219226837,0.7214745283126831,1.3606140613555908,0.9680890440940857,0.19495472311973572,0.4942302107810974,0.12176505476236343,0.3138158917427063,1.4599201679229736,1.4287056922912598,0.035741858184337616,1.9666166305541992,0.29069164395332336,0.9605658054351807,0.16549719870090485,0.10459113866090775,0.13881316781044006,0.4103759527206421,0.7475106120109558,0.13303470611572266,0.3677569031715393,0.11320525407791138,0.06517627090215683,0.233224555850029,1.6595988273620605,1.8678914308547974,1.3134193420410156,0.09066180884838104,1.1952623128890991,0.005425961688160896,1.6558735370635986,0.3200032413005829
1.3466914892196655,0.31515562534332275,0.06623739004135132,0.6808571219444275,0.8390619158744812,0.8545049428939819,1.5545482635498047,2.219381332397461,1.6703602075576782,0.8988838195800781,0.42934995889663696,0.9427066445350647,1.0777658224105835,0.00039999998989515007,0.4077223837375641,1.483392357826233,1.5768837928771973,1.5958205461502075,1.6915665864944458,1.193753957748413,1.4252941608428955,1.286881923675537,0.4372154772281647,0.5991359353065491,0.9584841132164001,0.41067424416542053,0.4333035945892334,1.595609426498413,0.21019573509693146,0.520537793636322,0.14725443720817566,0.7643505930900574,0.5548742413520813,1.1532014608383179,0.8252498507499695,0.5920203328132629,1.7038792371749878,0.09051037579774857,1.0173568725585938,0.46843859553337097,0.188043013215065,1.104757308959961,0.5318790674209595,0.2861174941062927,0.35961437225341797,0.5618274807929993,0.10158653557300568,0.3778899908065796,0.787765622138977,1.9122114181518555,1.6253093481063843,0.9804497957229614,0.4249267280101776,0.9983970522880554,0.7937455177307129,0.45752495527267456,0.07963799685239792
1.1327338218688965,1.1036632061004639,0.22637057304382324,0.4771597981452942,0.13841208815574646,0.39998939633369446,1.0165144205093384,1.4266083240509033,1.004001259803772,1.2569222450256348,0.9912250638008118,0.6891543865203857,1.1457597017288208,0.00039999998989515007,0.3966064155101776,0.5997223854064941,0.6342987418174744,3.0945851802825928,0.9819822907447815,1.5236358642578125,0.7802243828773499,1.040310263633728,1.3783539533615112,0.16316911578178406,0.33400389552116394,0.4264233112335205,1.0450440645217896,1.6346482038497925,0.7565560936927795,0.8260263204574585,1.0518596172332764,0.03151726350188255,0.1380247324705124,1.6426900625228882,0.9180407524108887,0.7337685227394104,1.0070009231567383,0.2920971214771271,1.447463870048523,0.3375432789325714,1.1515954732894897,0.4676379859447479,0.07293196022510529,1.3373702764511108,0.20210230350494385,0.162650927901268,0.6650293469429016,0.4560638964176178,0.3010146915912628,1.4228805303573608,1.7412418127059937,0.6407079100608826,0.8432793617248535,1.1445199251174927,0.20023272931575775,1.383603572845459,0.5013766884803772
1.2297433614730835,0.19868776202201843,0.2119947075843811,0.2190617471933365,0.003593246452510357,1.1041840314865112,1.694905161857605,1.6114295721054077,1.0353114604949951,1.2562918663024902,0.7464421987533569,0.5774807929992676,1.220393419265747,0.00039999998989515007,0.16957609355449677,1.372249722480774,0.9123435616493225,1.8314875364303589,0.7502243518829346,1.8195405006408691,1.1810904741287231,0.25443628430366516,1.2477836608886719,0.2098163366317749,0.061259280890226364,0.6402599811553955,0.3583267331123352,1.666070580482483,0.20236836373806,1.1102999448776245,0.15617942810058594,1.175856351852417,0.4287358820438385,0.8857476115226746,0.24687634408473969,1.3607449531555176,0.1610109806060791,0.4738081991672516,0.635183572769165,0.48646122217178345,2.1197540760040283,1.1300932168960571,0.36875641345977783,1.6328120231628418,0.4217188358306885,0.54423588514328,0.740186870098114,0.18585291504859924,0.37911465764045715,0.35073402523994446,1.2401034832000732,1.2955305576324463,2.1665215492248535,0.35584086179733276,0.8226792812347412,0.7185401320457458,1.13899564743042
1.16647207736969,0.08883202075958252,0.3260083794593811,0.3584839999675751,0.07903541624546051,1.0671639442443848,1.9285608530044556,1.7101982831954956,1.0673989057540894,1.3790326118469238,1.203506588935852,0.7074306607246399,1.453866720199585,0.00039999998989515007,0.18004152178764343,1.3278028964996338,1.1515463590621948,1.807298183441162,0.4991893768310547,1.7414647340774536,1.0064022541046143,0.25798794627189636,1.282353162765503,0.39271116256713867,0.24969299137592316,0.6069067716598511,0.7572384476661682,1.4815434217453003,0.16866245865821838,1.2216074466705322,0.46792998909950256,1.168698787689209,0.7782150506973267,0.969806432723999,0.2298271358013153,1.8138598203659058,0.1766262650489807,0.23160861432552338,0.6809722781181335,0.13226616382598877,1.965165138244629,0.7474024891853333,0.4602297246456146,1.7043428421020508,0.3250132203102112,0.5250465273857117,0.41105741262435913,0.1976926028728485,0.5024148225784302,0.13152457773685455,1.157907247543335,1.3548794984817505,1.582079291343689,0.32687482237815857,0.9429893493652344,0.3033333122730255,0.813349723815918
0.4893091917037964,0.4017515480518341,0.04287678748369217,0.550163209438324,0.09910137951374054,0.07879853993654251,1.079949975013733,1.58390474319458,0.18334758281707764,1.3341301679611206,1.791756510734558,0.2438708245754242,0.38196539878845215,0.00039999998989515007,0.43046727776527405,0.8780884146690369,1.22551429271698,3.102673292160034,0.8797668814659119,1.7476729154586792,0.5245053768157959,0.7953387498855591,1.626396656036377,0.2616192102432251,0.40919098258018494,0.7114524841308594,1.5117895603179932,1.334694743156433,1.0889008045196533,0.8453444838523865,1.3816713094711304,0.0034720171242952347,0.3260957598686218,1.411145806312561,0.5982682704925537,2.114985942840576,0.06872966140508652,1.07706618309021,1.6782540082931519,0.05939028039574623,0.4735090732574463,0.4063331186771393,0.8909670114517212,0.9636171460151672,1.140203595161438,0.6781673431396484,0.057516638189554214,0.11509869247674942,0.26276418566703796,0.14412598311901093,1.378233790397644,0.12278573215007782,0.4478031396865845,1.021457314491272,0.06453912705183029,0.942933201789856,0.10187367349863052
1.1714451313018799,0.19592390954494476,0.3360641896724701,0.22502751648426056,0.023153111338615417,1.0521548986434937,1.596206545829773,1.8627468347549438,1.2396386861801147,1.0667837858200073,0.5330175161361694,0.473632276058197,1.2597897052764893,0.00039999998989515007,0.051857639104127884,1.232211947441101,0.7813878655433655,1.981829285621643,0.5882325768470764,1.9380156993865967,1.0648138523101807,0.22563615441322327,1.327737808227539,0.5422857403755188,0.1473059505224228,0.7742929458618164,0.26282691955566406,1.8947796821594238,0.23029756546020508,0.9863205552101135,0.05722774192690849,1.3095537424087524,0.5628479719161987,0.9697076678276062,0.04335862025618553,1.3044002056121826,0.26663607358932495,0.42461511492729187,0.8078542351722717,0.4425099492073059,1.9725226163864136,1.2448339462280273,0.26303380727767944,1.6448440551757812,0.24237777292728424,0.49790504574775696,0.8256406188011169,0.2863543629646301,0.3298201858997345,0.4475107491016388,0.9591283798217773,1.3491370677947998,2.0793378353118896,0.5233014225959778,0.827232837677002,0.4686388075351715,0.977490246295929
1.5130878686904907,0.6676915287971497,0.23148275911808014,0.2962588667869568,0.3908995985984802,0.5550546646118164,1.6163554191589355,2.487785816192627,1.2620275020599365,0.9297877550125122,1.1711235046386719,0.6314866542816162,1.4023761749267578,0.00039999998989515007,0.6307739019393921,0.6588979959487915,1.417926549911499,1.9773950576782227,1.7179776430130005,1.1721194982528687,0.7791345715522766,1.4884434938430786,0.6035813689231873,0.4908122718334198,1.288801670074463,0.4531925618648529,1.253867745399475,1.5742331743240356,0.521789014339447,0.3163023293018341,0.331807017326355,0.31833627820014954,0.07731413096189499,1.147215723991394,0.6164275407791138,0.8149510622024536,1.342279314994812,0.6537014842033386,1.301139235496521,0.1568547934293747,0.2984887361526489,0.6333843469619751,0.7628660798072815,0.40052148699760437,0.5377893447875977,1.209986925125122,0.19456210732460022,0.009223800152540207,0.8414796590805054,1.4717135429382324,1.2525898218154907,0.7485482692718506,0.47648122906684875,1.0270103216171265,1.092500925064087,0.8324828147888184,0.048533521592617035
0.7910354137420654,0.05093028023838997,0.45334213972091675,0.593147873878479,0.4473034739494324,0.652056097984314,1.3402823209762573,2.369929313659668,0.5880013704299927,1.2994673252105713,1.8545528650283813,0.4381761848926544,1.1590944528579712,0.00039999998989515007,0.17904795706272125,1.3701977729797363,1.0068278312683105,2.558560848236084,1.282477617263794,1.3620758056640625,0.6844814419746399,0.9462635517120361,0.8916329741477966,0.07827478647232056,0.9691036939620972,0.04140692204236984,1.3432656526565552,1.5539058446884155,1.0715107917785645,0.12696215510368347,0.8282260298728943,0.4379297196865082,0.536038875579834,1.3872551918029785,0.738788902759552,1.6675183773040771,0.7238889336585999,0.5791525840759277,1.3593076467514038,0.037500739097595215,0.3887192904949188,0.2359399050474167,1.057304859161377,1.013770580291748,0.473194420337677,0.9655715823173523,0.4223628342151642,0.21763670444488525,0.9761934876441956,1.1091431379318237,1.373605728149414,0.3080308735370636,0.5022953152656555,0.9103100299835205,0.6140978336334229,0.8617091178894043,0.07125674188137054
1.1647353172302246,0.43253329396247864,0.4770732820034027,0.013251826167106628,0.021306609734892845,1.7417314052581787,1.5537974834442139,2.7568492889404297,0.8227990865707397,0.8958292007446289,0.20628391206264496,0.0425758995115757,1.3293266296386719,0.00039999998989515007,0.07201414555311203,0.8793427348136902,0.21219153702259064,1.6336323022842407,0.2505815923213959,2.186638355255127,0.9951578974723816,0.5376395583152771,1.2554919719696045,0.5780266523361206,0.07768531888723373,0.9001848697662354,0.12043535709381104,1.836105227470398,0.44756218791007996,0.8403288125991821,0.3476150929927826,0.9719628691673279,0.9246637225151062,0.22083154320716858,0.6330639123916626,1.2568602561950684,0.08930471539497375,0.6606482267379761,0.5199202299118042,0.08530936390161514,2.101654052734375,1.3536890745162964,0.2434954047203064,1.3190702199935913,0.46904781460762024,0.557809054851532,0.5100982785224915,0.234401673078537,0.5697219371795654,0.1820121705532074,0.37640485167503357,1.4096226692199707,2.049534320831299,0.4716322422027588,0.7825217247009277,0.33105283975601196,1.0753601789474487
1.2822195291519165,0.3003315031528473,0.3219960927963257,0.9802844524383545,0.35748568177223206,0.6773035526275635,0.9894039034843445,2.56874942779541,0.6806440949440002,1.2356137037277222,1.5037750005722046,0.20917747914791107,0.906792402267456,0.00039999998989515007,0.46118128299713135,1.1302716732025146,0.9689873456954956,3.0799648761749268,0.763910174369812,1.4987729787826538,0.7557918429374695,0.7457981705665588,1.4173784255981445,0.07716207951307297,0.9498141407966614,0.006708025932312012,0.7582570910453796,1.5029408931732178,0.8042064905166626,0.12484770268201828,0.3384595513343811,0.030379731208086014,0.6740624308586121,1.5233533382415771,0.4017280638217926,1.7341477870941162,0.6613826751708984,0.9988201856613159,1.7433899641036987,0.3196204602718353,0.18577878177165985,0.06859931349754333,0.29593324661254883,0.99582439661026,0.9551780819892883,0.5736407041549683,0.2480359971523285,0.12029172480106354,0.3424733281135559,1.0722143650054932,1.2934333086013794,0.6523033380508423,0.3397786021232605,1.3166435956954956,0.4594038426876068,0.5314744710922241,0.029315894469618797
0.8294273018836975,0.5178275108337402,0.6574657559394836,0.7561172842979431,0.671269416809082,1.4288235902786255,0.8512316346168518,3.218784809112549,0.6687901020050049,0.9959968328475952,1.4555474519729614,0.48722732067108154,1.4697166681289673,0.00039999998989515007,0.03665782883763313,0.5851488709449768,0.3278193473815918,2.40708065032959,0.3896822929382324,1.6092745065689087,1.1252720355987549,1.4881473779678345,0.9051849246025085,0.2206025868654251,0.41821399331092834,0.6014756560325623,0.9123240113258362,1.7097901105880737,1.0649373531341553,0.4459153711795807,0.1738118678331375,0.3312554955482483,1.0190502405166626,0.4588771462440491,0.18845988810062408,0.8126256465911865,1.3381154537200928,0.35481807589530945,1.1149415969848633,0.5209838151931763,0.7457048892974854,0.20117191970348358,0.15860404074192047,1.0713261365890503,0.25069543719291687,0.36745384335517883,0.6185113191604614,0.37436503171920776,1.1821045875549316,1.4271429777145386,0.44613298773765564,1.1398684978485107,0.369452565908432,1.179370403289795,0.36831483244895935,1.232860803604126,0.8182429075241089
1.3995599746704102,0.07161669433116913,0.25066855549812317,0.4240325093269348,0.5805981755256653,0.6117275357246399,1.7841845750808716,2.813361883163452,0.7066079378128052,1.0728952884674072,1.3622560501098633,0.07347649335861206,1.3126342296600342,0.00039999998989515007,0.8254834413528442,0.5778346061706543,0.7978695034980774,1.8754348754882812,2.028460741043091,1.107987403869629,0.7282307744026184,1.8531533479690552,0.37279006838798523,0.5180357694625854,1.06731379032135,0.062116291373968124,1.2825713157653809,1.2292304039001465,0.8795897364616394,0.06009088456630707,0.6798795461654663,0.3377920389175415,0.18299095332622528,1.1229089498519897,0.8020793199539185,0.845693826675415,0.456896036863327,0.7280615568161011,0.995618999004364,0.08995988219976425,0.27613958716392517,0.07077435404062271,1.098353385925293,0.1885969191789627,0.7654320001602173,1.5095163583755493,0.9308081865310669,0.44133949279785156,1.3018587827682495,0.8744006752967834,1.4633843898773193,0.3232738971710205,0.2406059354543686,0.9605221748352051,0.6681205034255981,1.1724915504455566,0.38152065873146057
2.340611457824707,0.633312463760376,0.4626998007297516,0.003174204146489501,0.7433034777641296,1.2684797048568726,2.065109968185425,2.074126720428467,0.5774083137512207,1.9822943210601807,1.565716028213501,0.6036388278007507,1.0034626722335815,0.00039999998989515007,0.5202519297599792,1.16763174533844,1.667436957359314,2.0892980098724365,1.021964192390442,0.22594745457172394,1.3852312564849854,0.22476591169834137,0.24815115332603455,1.3455592393875122,1.1711862087249756,0.1797371804714203,0.24823810160160065,0.23490005731582642,0.33501213788986206,0.19395245611667633,0.3425449728965759,0.6328678131103516,0.9162877202033997,1.0585362911224365,0.46012160181999207,1.6425503492355347,0.02316957712173462,0.813079297542572,0.41345489025115967,0.7812566757202148,0.5152300596237183,0.857172966003418,0.0682220607995987,1.1395162343978882,0.5786436796188354,0.8849865794181824,0.3843776285648346,0.24650368094444275,0.2554941475391388,0.3080504536628723,1.9254697561264038,1.14513099193573,0.9570810794830322,0.1049492210149765,0.6293059587478638,0.16711962223052979,0.35988521575927734
0.8022474646568298,0.8232558369636536,0.48069360852241516,1.0605107545852661,0.7501418590545654,0.8406198024749756,1.5991839170455933,3.5501699447631836,1.2031786441802979,0.9171886444091797,0.6672403216362,0.2850066125392914,1.1021069288253784,0.00039999998989515007,0.16653361916542053,1.0380374193191528,1.3026254177093506,2.4863083362579346,1.6692094802856445,1.3126293420791626,1.1337206363677979,1.8516861200332642,1.019180417060852,0.7756721377372742,0.3825688362121582,0.5694429874420166,0.4118396043777466,1.2940753698349,0.8713638782501221,0.3422025740146637,0.1667138934135437,0.23926638066768646,0.17064060270786285,0.5418810248374939,0.2878139317035675,0.8755616545677185,1.5146856307983398,0.1858782321214676,0.7255865335464478,0.09530894458293915,0.11595123261213303,0.6713913679122925,0.604398250579834,0.4237142503261566,0.10303854197263718,0.5704556703567505,0.7577273845672607,0.8376939296722412,0.1273423135280609,1.2738796472549438,1.2082566022872925,0.3642277419567108,0.1080419048666954,1.0103271007537842,0.11567810922861099,0.2873292565345764,0.7997745871543884
0.1813385784626007,0.5719636678695679,0.6936404705047607,0.9806511402130127,0.5439327359199524,0.2715293765068054,1.1901216506958008,2.389254570007324,0.2258763462305069,0.4615500569343567,0.9482308030128479,0.012939033098518848,0.94016432762146,0.00039999998989515007,0.11168141663074493,0.955769419670105,0.2050144374370575,2.3950681686401367,1.1988751888275146,1.367824912071228,0.3865238428115845,0.7125216722488403,0.5821529030799866,0.1226344108581543,0.4427533745765686,0.10209771245718002,1.0842716693878174,2.233203649520874,0.9100638628005981,0.13232575356960297,1.6308021545410156,0.41633209586143494,0.3820081353187561,1.8719522953033447,0.7116270661354065,0.8852348327636719,1.6577247381210327,0.6902862787246704,1.4958672523498535,0.03664421662688255,0.6624894142150879,0.6482926607131958,0.8565062880516052,0.05042841285467148,0.5826660394668579,1.2626703977584839,0.5994289517402649,0.5352115035057068,1.2557830810546875,1.8392916917800903,1.4052234888076782,0.4307580292224884,0.519145131111145,1.2303956747055054,0.24221494793891907,0.8272436857223511,0.45784953236579895
0.5531426072120667,0.30519965291023254,0.7062060236930847,0.9453961253166199,0.24624380469322205,0.4438933730125427,1.2374180555343628,3.2336230278015137,0.4675579071044922,0.9526852965354919,1.509029507637024,0.5834507942199707,1.0115786790847778,0.00039999998989515007,0.2890929877758026,0.33606916666030884,0.02948547899723053,2.8052382469177246,1.2150243520736694,1.533949375152588,0.19843654334545135,1.1284089088439941,1.1530336141586304,0.058632660657167435,0.5342656970024109,0.17796479165554047,1.016765832901001,1.530746579170227,1.1334452629089355,0.22108669579029083,1.1247994899749756,0.22361008822917938,0.7618089318275452,1.211174726486206,0.22160246968269348,1.6077675819396973,0.17093341052532196,1.1447335481643677,1.378170371055603,0.3383077383041382,0.13313405215740204,0.4941650629043579,0.9785350561141968,0.46460238099098206,0.8818604946136475,1.4609040021896362,1.0144466161727905,0.05712395906448364,0.8373444676399231,0.5614116191864014,1.0994360446929932,0.08460448682308197,0.0941542312502861,1.1508440971374512,0.10487987846136093,0.8397924304008484,0.40876904129981995
0.7886841297149658,0.03185878321528435,0.5612553358078003,0.8313633799552917,0.717932403087616,1.2642008066177368,1.2812880277633667,3.8423242568969727,0.8125474452972412,0.7088308930397034,0.7743805646896362,0.18700988590717316,1.1205040216445923,0.00039999998989515007,0.07767396420240402,1.299860954284668,0.6193509101867676,2.472294330596924,0.9223167300224304,1.4481631517410278,0.8999717831611633,1.493137240409851,0.4172687828540802,0.192815363407135,0.7265636324882507,0.35271865129470825,0.7390320301055908,1.928990125656128,0.448341429233551,0.15784496068954468,0.10267136245965958,0.059445954859256744,0.031600337475538254,0.5488157868385315,0.3643202483654022,0.6835625767707825,1.7458478212356567,0.32245269417762756,1.1048588752746582,0.2188510298728943,0.32389771938323975,0.6995204091072083,0.7013828754425049,0.257720023393631,0.4114459156990051,0.48498663306236267,0.35975372791290283,0.48316141963005066,1.2475379705429077,1.875119686126709,0.8225772380828857,0.8014031052589417,0.15608899295330048,1.10402512550354,0.677254855632782,0.503609299659729,0.12826885282993317
0.6543976068496704,0.7995246052742004,0.6128910183906555,1.1511337757110596,0.7248477339744568,0.9867877960205078,1.4747250080108643,4.116863250732422,1.120202898979187,0.7286987900733948,0.4440564215183258,0.03475484624505043,1.0785815715789795,0.00039999998989515007,0.20875881612300873,0.94211345911026,1.014724612236023,2.5747230052948,1.5043995380401611,1.2681392431259155,1.0035984516143799,1.92543363571167,0.9192183017730713,0.6895239353179932,0.2788078188896179,0.6562288403511047,0.1845282018184662,1.2449066638946533,0.8080338835716248,0.15980012714862823,0.038494110107421875,0.1946333944797516,0.33292198181152344,0.2349327951669693,0.024422576650977135,0.7440136671066284,1.5447601079940796,0.09814872592687607,0.599450409412384,0.03124259039759636,0.2127249389886856,0.7344277501106262,0.5381157398223877,0.31105396151542664,0.31455644965171814,0.4710553288459778,0.9222859144210815,0.9891229271888733,0.05895030498504639,1.2567272186279297,0.8565471172332764,0.28597837686538696,0.03329171612858772,0.976040780544281,0.0163579098880291,0.048866406083106995,0.9536367654800415
0.46971777081489563,0.013263446278870106,1.1192409992218018,0.6620163917541504,0.21569176018238068,2.030670166015625,0.7196024060249329,3.2454378604888916,0.14433196187019348,0.8650473356246948,0.07373474538326263,0.4146561026573181,0.7230491638183594,0.00039999998989515007,0.749936580657959,1.0374201536178589,0.3708602488040924,2.3574771881103516,0.7913703322410583,1.7845137119293213,0.622816264629364,0.27003541588783264,1.1869006156921387,0.6960263252258301,0.5825284123420715,0.9188565611839294,1.0011285543441772,1.0320539474487305,0.09468326717615128,0.23147687315940857,0.687056303024292,0.8067665100097656,1.8892790079116821,0.5851604342460632,1.7648272514343262,1.4952656030654907,0.48224076628685,0.3412240147590637,0.1637294441461563,0.6801002621650696,1.272057294845581,1.2770657539367676,0.1734924167394638,0.8679836988449097,0.38776716589927673,0.4178343117237091,0.3743811547756195,1.1321899890899658,0.42437735199928284,0.13614384829998016,0.20128998160362244,1.1408896446228027,1.5504846572875977,0.021769603714346886,0.30206331610679626,0.7406675219535828,1.1586778163909912
0.6075536608695984,0.5641707181930542,0.19129325449466705,0.40912729501724243,0.38597798347473145,0.8556087613105774,1.3566102981567383,3.2115085124969482,0.00486176460981369,1.1590886116027832,1.745605230331421,0.12998828291893005,1.0212570428848267,0.00039999998989515007,0.8297337293624878,0.8710852861404419,1.3174241781234741,2.6840240955352783,0.9826717972755432,1.0152019262313843,0.4251022934913635,0.019362367689609528,0.5341579914093018,0.48478442430496216,1.6958153247833252,0.6790152192115784,0.5048463344573975,1.0061031579971313,0.2641142010688782,0.2507416605949402,0.287213534116745,1.1278458833694458,0.7838069200515747,1.0593960285186768,0.3360423147678375,2.365567207336426,0.19812443852424622,0.8291460275650024,1.2354705333709717,0.5289279222488403,0.0795748382806778,0.674954354763031,1.1222223043441772,1.1391066312789917,0.8696191906929016,1.7365778684616089,0.36005768179893494,0.2722727358341217,0.44917523860931396,0.38662511110305786,1.0290216207504272,0.6421023607254028,0.47491052746772766,0.4368135631084442,0.5223108530044556,0.15085099637508392,0.5147314071655273
0.24517133831977844,0.014389465562999249,0.5587610006332397,1.4703665971755981,0.5791380405426025,0.009746899828314781,1.195960283279419,3.698944568634033,0.10589385777711868,0.05677305534482002,0.45572423934936523,0.16226929426193237,0.5986252427101135,0.00039999998989515007,0.7581004500389099,0.7846668362617493,0.408600389957428,2.2381742000579834,1.1767250299453735,1.2611503601074219,0.030664056539535522,1.1747339963912964,0.3998114764690399,0.7613118886947632,0.14223220944404602,0.44742125272750854,0.06450682878494263,1.8497244119644165,0.2700303792953491,0.2927302122116089,0.6709858179092407,0.8385289907455444,0.8087255358695984,0.6807975172996521,0.060119614005088806,0.01376071572303772,2.664139986038208,0.5331692695617676,0.7379751801490784,0.13120625913143158,1.1415486335754395,0.09013725072145462,0.47247764468193054,0.7473345994949341,0.11871331930160522,0.7503139972686768,0.7345221638679504,1.4997366666793823,0.6243234276771545,2.1013033390045166,1.002991795539856,0.5874710083007812,0.6830354332923889,0.9287058115005493,0.18349869549274445,0.014103633351624012,0.9997652769088745
1.4973375797271729,0.7348559498786926,0.6388231515884399,0.6383099555969238,0.9243947863578796,2.133399724960327,1.888742208480835,3.68424391746521,0.3909129798412323,1.332945704460144,0.9886529445648193,0.6127008199691772,1.1412901878356934,0.00039999998989515007,0.41791900992393494,0.48545435070991516,1.6157517433166504,2.4624440670013428,0.8691211938858032,0.32294243574142456,1.1785861253738403,1.2416123151779175,0.3956930637359619,1.386507272720337,0.4301225244998932,0.21340595185756683,0.3788358271121979,0.07321290671825409,0.6794909238815308,0.6320006847381592,0.8255376815795898,0.3200400173664093,0.8002422451972961,0.16882853209972382,0.3564353883266449,1.166476845741272,0.9546554684638977,0.009712775237858295,0.09383100271224976,0.7857001423835754,0.5514274835586548,1.6537879705429077,0.004700995050370693,1.1433078050613403,0.005405965261161327,0.533226728439331,0.5283524394035339,0.3653372526168823,0.718300998210907,0.16800591349601746,0.7670665383338928,1.2856935262680054,0.5634539723396301,0.1596878618001938,0.09600108861923218,0.03600703552365303,0.06821851432323456
0.5941548347473145,0.47396668791770935,0.5046723484992981,0.0681036189198494,0.03596840798854828,1.6625689268112183,1.2416850328445435,3.622868537902832,1.0146088600158691,0.13380871713161469,0.23051153123378754,0.13943208754062653,0.9395849108695984,0.00039999998989515007,0.49048274755477905,1.1564334630966187,0.4672611951828003,1.8927212953567505,0.18115969002246857,1.8882181644439697,0.6529586315155029,0.6454160213470459,0.9758484959602356,0.7238678336143494,0.041906408965587616,1.039987325668335,0.3453877568244934,1.4043924808502197,0.9805639386177063,0.5356478095054626,0.9454400539398193,1.0058749914169312,0.7790363430976868,0.47086337208747864,0.7110462188720703,0.7364903688430786,0.525920033454895,0.36967962980270386,0.2749941945075989,0.25706690549850464,2.255842447280884,1.9693700075149536,0.23750531673431396,1.627127766609192,0.06531596183776855,0.07598050683736801,0.2683086097240448,0.9955854415893555,0.29187947511672974,0.11081322282552719,0.6115315556526184,1.215778112411499,1.8192743062973022,0.30248674750328064,0.5428038239479065,0.4049326777458191,0.5092082619667053
0.30636727809906006,0.1928524374961853,1.1622828245162964,1.3750947713851929,0.1914454698562622,1.4080195426940918,0.8126690983772278,4.665218353271484,0.5492655634880066,0.7970446944236755,0.5012009739875793,1.028645396232605,0.9202591180801392,0.00039999998989515007,0.27087312936782837,0.4360356330871582,0.29976972937583923,3.356412649154663,0.5156049132347107,1.4647806882858276,0.0024743610993027687,0.8855294585227966,0.9771455526351929,0.07513024657964706,0.22171729803085327,0.3728732168674469,0.3415864408016205,1.295942783355713,0.877207338809967,0.5778942108154297,0.15883487462997437,0.21695557236671448,1.4038493633270264,0.13306406140327454,0.981471061706543,1.0086281299591064,0.522458553314209,0.6001802682876587,0.7962886691093445,0.8804373145103455,0.4217527508735657,0.12798239290714264,0.3963630199432373,0.014676012098789215,0.16925205290317535,0.5339924097061157,0.7503671050071716,0.8491637706756592,0.6428443789482117,0.7927523255348206,0.47110283374786377,0.3838081955909729,0.06286516785621643,0.8349330425262451,0.2528611123561859,0.2558709979057312,0.05150996148586273
0.3556901216506958,0.30809807777404785,0.8349027037620544,1.0318418741226196,0.18209926784038544,1.5737055540084839,0.5484743714332581,4.789316654205322,0.34629759192466736,0.8317974805831909,0.8652514815330505,1.0196212530136108,0.798291027545929,0.00039999998989515007,0.27053672075271606,0.8035512566566467,0.24847325682640076,3.4634792804718018,0.5100634694099426,1.4243632555007935,0.419594943523407,1.0938864946365356,0.9066582918167114,0.0774206593632698,0.18313919007778168,0.18360868096351624,0.1574275940656662,1.3269625902175903,0.5492821931838989,0.6599780321121216,0.2441730946302414,0.2027168571949005,1.18192720413208,0.07575834542512894,0.42104291915893555,1.077103853225708,0.8807518482208252,0.7923806309700012,0.9008646011352539,0.4329714775085449,0.2585795819759369,0.6638219952583313,0.6006311178207397,0.7618948221206665,0.14325952529907227,0.5600653290748596,0.7761892676353455,0.003929141443222761,0.40841639041900635,0.7780686616897583,0.15299221873283386,0.10507096350193024,0.6825813055038452,0.7118746638298035,0.22421973943710327,0.6078087091445923,0.10192711651325226
0.3574012815952301,0.6421825885772705,0.9496160745620728,1.1963825225830078,0.006413446739315987,0.5450180172920227,0.5637832283973694,4.276450157165527,0.911976158618927,0.2955862581729889,0.28462326526641846,0.9080857634544373,0.6361839771270752,0.00039999998989515007,0.7638231515884399,0.5853597521781921,0.5792022347450256,2.9122872352600098,0.20533813536167145,1.5750656127929688,0.470120370388031,0.45607537031173706,0.3766259253025055,0.019955618306994438,0.0608578659594059,0.31234899163246155,0.3019767999649048,2.04258131980896,0.437945693731308,0.23701617121696472,0.6754454374313354,1.0716609954833984,0.43998196721076965,0.39096319675445557,0.9305974841117859,0.6604769825935364,1.579863429069519,0.9884941577911377,0.9721091389656067,0.9602559208869934,0.6170058846473694,0.29460179805755615,1.0480152368545532,0.6458026170730591,0.4129475951194763,0.8794882297515869,0.6288020610809326,0.41098591685295105,1.627699613571167,1.432310700416565,0.24584265053272247,0.8105855584144592,0.08434122800827026,0.5785125494003296,0.06359776854515076,0.34132587909698486,0.03855585679411888
0.016926264390349388,0.43357938528060913,0.8534664511680603,0.30568718910217285,0.6109731197357178,1.6212116479873657,0.8962128162384033,4.098901748657227,0.1532864272594452,0.5880353450775146,1.2032665014266968,0.7464367747306824,1.4812923669815063,0.00039999998989515007,0.02144458331167698,0.5946760773658752,0.005636565387248993,3.105802297592163,0.3154084086418152,1.6983067989349365,0.1570683717727661,0.7942174077033997,0.8104162216186523,0.7768279314041138,0.31995880603790283,0.36521512269973755,0.7755138278007507,1.469264030456543,1.2595864534378052,0.7720512747764587,0.5444298982620239,0.5054680109024048,1.7970613241195679,0.15704850852489471,0.915097713470459,1.1924248933792114,0.6832921504974365,0.7175999283790588,1.2406139373779297,0.36039605736732483,0.397958904504776,0.4851326644420624,0.788023054599762,0.54047691822052,0.5525497198104858,0.7862964272499084,0.6052373647689819,0.03337142616510391,1.2253351211547852,0.32773855328559875,0.11013691872358322,0.09488753974437714,0.2011040449142456,0.37469038367271423,0.27237001061439514,0.656922459602356,0.025360867381095886
0.5383814573287964,0.235005185008049,0.777881920337677,0.9065244793891907,0.07536472380161285,1.664948582649231,0.6835575103759766,4.962451934814453,0.15687716007232666,0.8468317985534668,0.7503106594085693,0.8386103510856628,0.7178911566734314,0.00039999998989515007,0.41796091198921204,1.0861910581588745,0.2150413990020752,3.4170103073120117,0.526380181312561,1.3435739278793335,0.6364730596542358,1.0330030918121338,0.5549234747886658,0.3620668947696686,0.19420088827610016,0.3927014470100403,0.12796160578727722,1.2360261678695679,0.31654518842697144,0.455024778842926,0.4203680753707886,0.1415390521287918,1.116104006767273,0.37832874059677124,0.7333287596702576,0.9137061238288879,0.7849617600440979,0.8133500814437866,0.5643297433853149,0.595978856086731,0.5645555257797241,0.7686734199523926,0.9104412198066711,0.42148861289024353,0.07508162409067154,0.4541177451610565,0.5900726914405823,0.022338200360536575,0.7888925671577454,0.7277406454086304,0.10160677880048752,0.0672013908624649,1.0406091213226318,0.37015095353126526,0.08611131459474564,0.5464047193527222,0.33171752095222473
0.4510602653026581,0.260031133890152,0.9600936770439148,0.9837939143180847,0.2179403156042099,1.5027822256088257,0.7144732475280762,5.11991548538208,0.23738490045070648,0.4798468053340912,0.6399832367897034,1.2337563037872314,0.911489725112915,0.00039999998989515007,0.02943315915763378,0.6520746350288391,0.5110321044921875,3.126436233520508,0.5787839293479919,1.3610178232192993,0.17935729026794434,1.1790412664413452,0.6050879955291748,0.13152359426021576,0.2032335251569748,0.49011823534965515,0.14722660183906555,1.273356556892395,0.5754623413085938,0.726884663105011,0.11938805133104324,0.19705475866794586,1.226960301399231,0.1456850916147232,0.772097110748291,0.7895861864089966,0.887549638748169,0.7987227439880371,0.7681419253349304,0.5262771248817444,0.08400698751211166,0.5661203265190125,0.5815540552139282,0.4435131251811981,0.13969765603542328,0.6294257640838623,1.1693730354309082,0.3272346258163452,0.6666505336761475,0.8757811784744263,0.03635605052113533,0.0872906893491745,0.3158491551876068,0.6482985019683838,0.07675579190254211,0.3029535412788391,0.29622089862823486
0.1941683441400528,0.42086681723594666,0.8186688423156738,0.8845896124839783,0.21573451161384583,1.0186164379119873,0.9301513433456421,4.451719760894775,0.7449943423271179,0.6061754822731018,1.068691372871399,0.9426938891410828,0.961499810218811,0.00039999998989515007,0.014863953925669193,0.45996949076652527,0.4493289589881897,3.3883557319641113,0.39106306433677673,1.5210423469543457,0.42384690046310425,0.930753231048584,0.8537557125091553,0.3187553882598877,0.3323570489883423,0.10928327590227127,0.6154400110244751,1.5735100507736206,0.8749678134918213,0.5384947061538696,0.6879912614822388,0.38317614793777466,1.1731261014938354,0.45767465233802795,0.6242480874061584,1.3084858655929565,0.2751155495643616,1.0399448871612549,1.2559170722961426,0.8720334768295288,0.2308318167924881,0.37657514214515686,0.7428277730941772,0.04194731265306473,0.4939873218536377,0.9906293749809265,0.6940510869026184,0.31889837980270386,1.0059261322021484,0.4729529917240143,0.2220972180366516,0.03857185319066048,0.18014460802078247,0.9248483777046204,0.08050310611724854,0.5661068558692932,0.11054462939500809
0.6023547649383545,0.07027646154165268,0.9378321170806885,1.1854904890060425,0.2557709515094757,2.0267386436462402,0.19978193938732147,4.435079097747803,0.3368866443634033,0.6900663375854492,0.9728760123252869,1.555332064628601,0.5945257544517517,0.00039999998989515007,0.013227325864136219,0.6881945133209229,0.678318977355957,3.2041192054748535,0.5333896279335022,1.0742384195327759,0.6511906385421753,0.8177728652954102,0.5913345813751221,0.13946960866451263,0.22752276062965393,0.20034213364124298,0.0911039412021637,0.8785449862480164,0.6863328218460083,1.2536261081695557,0.6899965405464172,0.7284351587295532,1.7445915937423706,0.46343281865119934,0.942024827003479,0.8440565466880798,0.4101797640323639,0.6757637858390808,0.8063012361526489,1.2547568082809448,0.23605558276176453,0.017414512112736702,0.1284002959728241,0.3440239429473877,0.25369009375572205,0.2639797031879425,0.7188664674758911,0.3434266448020935,0.8748146295547485,0.7217823266983032,0.455604612827301,0.44953298568725586,0.16362212598323822,0.7265297770500183,0.06352423131465912,0.5166802406311035,0.6698185205459595
0.3433082401752472,0.4956631660461426,0.8707621693611145,0.9168536067008972,0.15605391561985016,1.6312525272369385,0.560872495174408,5.095114707946777,0.3789297938346863,0.3399412930011749,0.49798569083213806,1.4748471975326538,0.9860872626304626,0.00039999998989515007,0.06802800297737122,0.4394664466381073,0.9834654927253723,2.940002918243408,0.21272026002407074,1.3459489345550537,0.05228130891919136,1.208701729774475,0.5327699184417725,0.317556768655777,0.1740015745162964,0.4166065454483032,0.02179897204041481,1.4111579656600952,0.24414947628974915,0.8528658151626587,0.32492443919181824,0.34317612648010254,1.195025086402893,0.2503906786441803,0.6966984272003174,0.664438784122467,0.926076352596283,0.8163532018661499,0.7701124548912048,0.5925008654594421,0.4251618981361389,0.5361496806144714,0.2989211976528168,0.6559889316558838,0.06630291044712067,0.6429008841514587,1.1104017496109009,0.10373738408088684,0.6159500479698181,0.9151400327682495,0.42482128739356995,0.15264759957790375,0.42700520157814026,0.7824935913085938,0.022181659936904907,0.43307390809059143,0.003272188361734152
0.469417005777359,0.841390073299408,0.8007197380065918,0.5371394157409668,0.19353555142879486,2.0680601596832275,1.3541442155838013,4.831947326660156,0.3656504154205322,0.9035518169403076,1.196063756942749,0.43494918942451477,1.0546032190322876,0.00039999998989515007,0.34946852922439575,1.2823938131332397,0.1686001420021057,2.723245620727539,1.2736636400222778,0.8565418124198914,0.28708967566490173,1.3233321905136108,0.1823648065328598,0.19471846520900726,0.6490336060523987,0.13070441782474518,0.3480532467365265,0.7756291627883911,0.41523006558418274,0.5827497839927673,0.11683380603790283,0.7237650156021118,1.2350152730941772,0.026385512202978134,0.061257947236299515,1.3278242349624634,0.054594751447439194,0.5341489911079407,0.40397247672080994,0.0906604528427124,0.429255872964859,0.824578583240509,1.1327753067016602,0.767839252948761,0.017945071682333946,1.1836978197097778,1.1438617706298828,0.45066043734550476,0.6196202635765076,0.33644384145736694,0.3022118806838989,0.00341788399964571,0.5330260396003723,0.32774776220321655,0.06580932438373566,0.5390471816062927,0.3863515257835388
0.9529642462730408,0.4804745018482208,0.31035223603248596,0.21129095554351807,0.16106809675693512,0.5000945925712585,1.2141480445861816,4.277151107788086,0.12975165247917175,0.8792087435722351,1.274652123451233,1.2090736627578735,1.3236006498336792,0.00039999998989515007,0.36131390929222107,0.2664020359516144,0.09851640462875366,3.4569897651672363,1.0190387964248657,1.0998811721801758,0.06210482120513916,1.58497154712677,0.8504456281661987,0.11288811266422272,0.6893190741539001,0.2903793156147003,1.0812208652496338,1.0857475996017456,0.859249472618103,0.5426390171051025,0.2549344301223755,0.28677067160606384,1.2715556621551514,0.3793741464614868,0.4044555127620697,0.8198825120925903,0.3466516137123108,1.0822933912277222,1.146438717842102,0.7893759608268738,0.18865497410297394,0.21728964149951935,0.6554223299026489,0.516068160533905,0.15266713500022888,1.3420822620391846,1.0572450160980225,0.33373790979385376,0.46655380725860596,0.14708581566810608,0.15318797528743744,0.12746545672416687,0.4203985929489136,0.7501131892204285,0.16038423776626587,0.9377286434173584,0.4176590144634247
0.19147808849811554,0.3998813033103943,0.9721800088882446,1.29615318775177,0.5582305192947388,1.5493955612182617,0.9922738075256348,5.214390277862549,0.42087486386299133,0.1687808334827423,0.24560095369815826,0.898095965385437,0.858828067779541,0.00039999998989515007,0.2019919753074646,0.6255236268043518,0.15622562170028687,2.405055522918701,0.9172099828720093,0.9423158168792725,0.5113401412963867,1.854507565498352,0.38907140493392944,0.4455978572368622,0.14928705990314484,0.7347808480262756,0.5803827047348022,0.9113392233848572,0.5060309767723083,0.436482310295105,0.5669459700584412,0.14934977889060974,0.7971587181091309,0.6776593923568726,0.897381603717804,0.2200818657875061,1.300781488418579,0.04332282394170761,0.07145621627569199,0.5015853047370911,0.46544402837753296,0.705314576625824,0.39805278182029724,0.23974010348320007,0.7169424891471863,0.2620949149131775,1.3346301317214966,0.967642605304718,0.13724644482135773,1.0235108137130737,0.17647214233875275,0.0838451161980629,0.3518272340297699,0.6945011615753174,0.3099571764469147,0.2613668143749237,1.0459253787994385
0.17441032826900482,0.9530432224273682,0.783416748046875,1.5229582786560059,0.2872016727924347,0.6786795854568481,0.3117266893386841,3.9233901500701904,1.2528284788131714,0.08842429518699646,0.1015428751707077,1.4412952661514282,0.405443400144577,0.00039999998989515007,0.11715293675661087,0.7621667981147766,1.1104979515075684,2.772083044052124,0.2509080171585083,1.4677072763442993,0.8039345145225525,0.4540359377861023,0.48969364166259766,0.34643638134002686,0.15803785622119904,0.209414541721344,0.13277925550937653,1.7454770803451538,0.21816767752170563,0.6572670936584473,0.5935997366905212,1.3049148321151733,0.44848790764808655,0.5870307683944702,0.7220715284347534,0.7372599244117737,1.2554736137390137,1.5766010284423828,1.4745644330978394,0.8825902342796326,0.7425386309623718,0.43374913930892944,0.12708956003189087,0.4622378945350647,0.9989106059074402,0.677398681640625,0.7151874899864197,0.7765994071960449,0.9523093700408936,1.320725917816162,0.013622774742543697,0.5757049322128296,0.6036965250968933,1.1088918447494507,0.0769914835691452,0.23067085444927216,0.1848306655883789
0.37020227313041687,0.37058374285697937,1.0178817510604858,1.0966037511825562,0.16450946033000946,1.204485535621643,0.5135008096694946,4.66188383102417,0.5499292612075806,0.21048091351985931,0.10699429363012314,2.3686695098876953,1.2165334224700928,0.00039999998989515007,0.2893829643726349,0.09851730614900589,1.6546406745910645,2.4794082641601562,0.28259262442588806,1.0781972408294678,0.06338050216436386,1.1847060918807983,0.22880962491035461,0.18836328387260437,0.3299819827079773,0.7303720712661743,0.4093254506587982,1.4547592401504517,0.2706812620162964,0.7071207165718079,0.1547212153673172,0.5107670426368713,0.9831121563911438,0.2679668366909027,0.6971966624259949,0.004383078310638666,0.8416315913200378,0.6099302768707275,0.47037890553474426,0.6739464402198792,0.4753820598125458,0.11624648422002792,0.12309955060482025,0.3337930738925934,0.35533252358436584,0.6786771416664124,1.7091249227523804,0.5043626427650452,0.7320134043693542,1.3360358476638794,0.2882315218448639,0.08908941596746445,0.43664804100990295,0.8243395686149597,0.08817385137081146,0.6847968697547913,0.07574432343244553
1.2177411317825317,0.9749466776847839,0.3307492434978485,0.7446509003639221,0.06739771366119385,0.3423865735530853,0.3274015188217163,3.4516830444335938,0.2689546048641205,0.9646737575531006,1.6806674003601074,1.4853556156158447,0.4488406181335449,0.00039999998989515007,0.2846238613128662,0.13479791581630707,0.3369898498058319,3.9969801902770996,0.041575655341148376,0.8595559000968933,0.41810309886932373,1.0688244104385376,1.2595467567443848,0.20955413579940796,0.8160483837127686,0.1032276451587677,0.9654383659362793,0.7029306292533875,1.0295785665512085,0.9403802752494812,0.1667463630437851,1.151992917060852,1.2257270812988281,0.6090595722198486,0.10002844780683517,1.0051196813583374,0.3985278606414795,1.212763786315918,1.5974831581115723,1.2484744787216187,0.09313111007213593,0.6791200637817383,0.05160592123866081,0.7185269594192505,0.7531864047050476,0.21448378264904022,0.7783607840538025,0.2537291646003723,0.019819259643554688,0.43098679184913635,0.2371210902929306,0.2657738924026489,0.05630669370293617,1.1744285821914673,0.11097177863121033,0.6327911019325256,0.26581546664237976
0.1138579323887825,0.34582647681236267,1.0760300159454346,1.3039339780807495,0.6193889379501343,1.6584303379058838,1.0144144296646118,5.077430248260498,0.33774620294570923,0.12456801533699036,0.2767135202884674,1.0070273876190186,0.9395612478256226,0.00039999998989515007,0.16647246479988098,0.6249366998672485,0.37113019824028015,2.1937036514282227,0.8140220642089844,0.9691687226295471,0.4494335949420929,1.9100302457809448,0.3217737674713135,0.30141493678092957,0.22668184340000153,0.7796409726142883,0.6415497660636902,0.9545378088951111,0.5491641759872437,0.48112526535987854,0.5353495478630066,0.22576463222503662,0.8956419825553894,0.7244622111320496,0.9873129725456238,0.1556052267551422,1.308618426322937,0.054168567061424255,0.07872650772333145,0.5674446225166321,0.4737880825996399,0.6871675848960876,0.3432726562023163,0.278677374124527,0.7708451151847839,0.2592291533946991,1.410038709640503,0.9792411923408508,0.23272325098514557,1.0371882915496826,0.32688403129577637,0.10290095955133438,0.41679874062538147,0.7370813488960266,0.30432993173599243,0.22191783785820007,0.9849182963371277
0.31470245122909546,1.441588282585144,1.447427749633789,0.20066441595554352,0.17418082058429718,2.2162697315216064,0.8901500105857849,3.941192150115967,0.42510682344436646,0.1977311074733734,0.1679614633321762,1.0854642391204834,1.388777256011963,0.00039999998989515007,0.30631694197654724,0.5645192265510559,2.0852646827697754,1.0005675554275513,0.36749041080474854,1.5162159204483032,0.44709858298301697,0.7273118495941162,0.033937886357307434,1.7051408290863037,0.32521721720695496,0.7583980560302734,0.4709947407245636,1.7209995985031128,0.12776532769203186,0.38930222392082214,0.1999225616455078,0.7886109948158264,1.6511796712875366,0.5290183424949646,1.3576935529708862,0.6159252524375916,0.20098623633384705,0.03536546975374222,0.06906174123287201,0.25095850229263306,1.2931171655654907,0.847756564617157,0.33669063448905945,0.7195371389389038,0.6039073467254639,0.6065900921821594,0.6870633959770203,0.1911640614271164,1.1808271408081055,0.2898879945278168,1.2793099880218506,0.5726561546325684,0.7124221324920654,0.47148406505584717,0.42129456996917725,0.008174651302397251,0.5005230903625488
0.18603144586086273,0.0988471582531929,0.5938507318496704,0.3313896954059601,0.08891630172729492,1.9863578081130981,0.8011300563812256,3.831735610961914,0.8213822245597839,0.29556745290756226,1.4112930297851562,0.5437329411506653,0.6204860806465149,0.00039999998989515007,0.48167896270751953,0.593120276927948,0.8793393969535828,0.4828186333179474,0.016568133607506752,0.8505205512046814,0.7298722267150879,1.1378871202468872,0.06130807846784592,0.07251986861228943,0.5861529111862183,1.374253273010254,1.395348310470581,0.46249479055404663,1.064718246459961,0.16742849349975586,1.6572532653808594,0.7056321501731873,0.6349872946739197,1.8683732748031616,1.4235813617706299,0.3677853047847748,0.834158182144165,0.1356293112039566,0.9371497631072998,0.17509715259075165,1.350795030593872,2.3905327320098877,0.08876917511224747,0.5800243616104126,1.1364970207214355,0.2945646345615387,0.5423821806907654,1.1691726446151733,0.3735993504524231,0.31545618176460266,1.2862036228179932,0.4721881151199341,1.4015741348266602,0.2218414843082428,0.09057111293077469,0.9044778943061829,0.05649220943450928
0.2914581894874573,0.008697476238012314,0.6157981157302856,0.5081086754798889,0.5208669304847717,0.03952934592962265,0.16096319258213043,2.457172155380249,1.16724693775177,0.9928812980651855,1.6757841110229492,1.3485113382339478,0.2998586893081665,0.00039999998989515007,0.26851794123649597,0.10117900371551514,0.0060348426923155785,3.446540117263794,0.10948491841554642,0.9361717104911804,0.40100783109664917,0.0549006424844265,0.8123387694358826,0.15193334221839905,0.36290884017944336,0.4092884361743927,1.1542867422103882,1.12981379032135,1.1785979270935059,0.6779806017875671,0.7862627506256104,1.6267272233963013,1.1867053508758545,0.8903698325157166,0.5194844603538513,1.0599513053894043,0.15216487646102905,1.3890684843063354,1.450548529624939,1.6992143392562866,0.8388800621032715,1.5335816144943237,1.0325723886489868,0.48341554403305054,1.0412489175796509,0.901587724685669,0.3900914490222931,1.0896801948547363,1.4282723665237427,0.22595062851905823,0.467394083738327,0.740976870059967,0.17058219015598297,0.5211973190307617,0.1326386034488678,1.1264448165893555,0.37391263246536255
1.0528544187545776,1.088767170906067,0.49072229862213135,0.7533770203590393,0.12830141186714172,0.6043774485588074,0.7296209931373596,3.5946309566497803,0.7825178503990173,1.136221170425415,1.0654957294464111,1.8920402526855469,0.8181868195533752,0.00039999998989515007,0.3953455686569214,0.8114434480667114,0.5147234797477722,3.230069875717163,0.2234199196100235,0.914333164691925,0.3113013803958893,1.3617768287658691,0.7700854539871216,0.1673881709575653,0.34736230969429016,0.0005154848331585526,0.30737975239753723,0.16151443123817444,1.051053762435913,1.3689182996749878,0.06791142374277115,1.0311024188995361,1.7857431173324585,0.1457257866859436,0.5771920680999756,0.19421003758907318,0.03137867525219917,1.685014009475708,1.2871053218841553,1.171264886856079,0.20004890859127045,0.402691125869751,0.7193546891212463,0.4250994622707367,0.2573286294937134,0.8841438293457031,1.060672402381897,0.0005960639682598412,0.23253917694091797,0.03606587275862694,0.05061662569642067,0.6928756237030029,0.15343521535396576,0.9953051209449768,0.5801342129707336,1.2289667129516602,0.3644065856933594
0.08662161231040955,0.4399105906486511,1.3128154277801514,0.9238391518592834,0.04266401380300522,1.4576786756515503,0.8186612725257874,4.6405816078186035,0.704297661781311,0.4722827076911926,0.49700841307640076,1.5312318801879883,0.986397922039032,0.00039999998989515007,0.018584948033094406,0.3156171441078186,1.0861538648605347,2.9894156455993652,0.2502398192882538,1.4591434001922607,0.28909868001937866,0.9908246994018555,0.6338543891906738,0.5543429255485535,0.10650169104337692,0.3968202769756317,0.08857057243585587,1.581827163696289,0.7009685039520264,0.7271796464920044,0.06089844927191734,0.44320613145828247,1.553959846496582,0.055680662393569946,1.1334319114685059,0.7398732900619507,0.4558497667312622,0.814030110836029,0.8012750148773193,0.9756603837013245,0.11297544091939926,0.021236766129732132,0.6080775260925293,0.04722550883889198,0.09212756901979446,0.843900203704834,0.9690433740615845,0.10520555824041367,1.0564420223236084,0.6535537838935852,0.288904070854187,0.051569864153862,0.2109300047159195,0.8254252076148987,0.16721922159194946,0.5291348099708557,0.028486890718340874
0.7860158681869507,0.2997099459171295,0.9025425910949707,0.11398623138666153,0.08171587437391281,1.5320684909820557,1.1945816278457642,4.321255207061768,0.7753775119781494,0.6443374752998352,1.4124019145965576,0.8935062885284424,1.2414134740829468,0.00039999998989515007,0.40176284313201904,0.8159956336021423,0.27414095401763916,3.31300950050354,0.009670811705291271,1.177596926689148,0.43651312589645386,0.9019311666488647,0.8020830750465393,0.6746381521224976,0.7899602651596069,0.5474874973297119,0.8174250721931458,1.1092294454574585,0.9248945116996765,0.5906511545181274,0.22970911860466003,0.21440310776233673,1.901331901550293,0.3031550943851471,0.7881345748901367,1.2841767072677612,0.35316044092178345,0.4330790042877197,1.0842130184173584,0.9869208335876465,0.10415252298116684,0.2960664629936218,0.46231019496917725,0.8996490836143494,0.4294668436050415,0.3300333023071289,0.8699069619178772,0.07735675573348999,0.6960563063621521,0.4104176163673401,0.3730545938014984,0.4004819095134735,0.22309593856334686,0.6481480598449707,0.5175679326057434,0.1548740118741989,0.5498816967010498
0.2726075351238251,0.7062998414039612,1.0152133703231812,0.9548844695091248,0.2600344717502594,1.7715446949005127,0.5427646636962891,4.248366832733154,0.5501202940940857,0.9281301498413086,1.5578638315200806,0.7409428358078003,0.39165550470352173,0.00039999998989515007,0.14169777929782867,1.6095150709152222,0.4585554599761963,3.34859299659729,0.6506614089012146,0.9713890552520752,0.19382353127002716,1.0383692979812622,0.6157308220863342,0.06203295290470123,0.7474989295005798,0.3569125235080719,0.47233617305755615,0.7414622902870178,0.921424388885498,0.8280726075172424,0.14387284219264984,0.13786713778972626,1.6053619384765625,0.07618772983551025,0.32417505979537964,1.716019868850708,0.20862993597984314,0.9528483152389526,0.9364029765129089,0.41049936413764954,0.12887586653232574,0.6593706011772156,1.317794919013977,0.6644437313079834,0.23726440966129303,0.5826782584190369,1.0015850067138672,0.3150290846824646,0.5118120312690735,0.17612294852733612,0.04932349547743797,0.5133371353149414,0.5207757949829102,0.5989788174629211,0.03024904802441597,0.3831571042537689,0.32820773124694824
0.29288697242736816,0.7147514820098877,1.2830296754837036,0.34231191873550415,0.5136079788208008,1.8404453992843628,0.7371843457221985,3.9268155097961426,0.5880874991416931,0.5437967777252197,0.1499367207288742,1.4241279363632202,0.7284064888954163,0.00039999998989515007,0.45695334672927856,0.5241662859916687,1.4521592855453491,2.598346710205078,0.2225862443447113,1.508366584777832,0.01471156906336546,0.1830952763557434,0.7460413575172424,0.6551878452301025,0.775033712387085,0.8805830478668213,0.8108094334602356,1.2960864305496216,0.18301446735858917,0.026108184829354286,0.5454086065292358,0.26672783493995667,1.8138763904571533,0.7063243985176086,1.847044825553894,0.7604977488517761,0.5925213098526001,0.6782719492912292,0.08463214337825775,0.7101336121559143,1.3066414594650269,0.8297820687294006,0.7381390333175659,0.4255698621273041,0.3719651401042938,0.3272141218185425,0.1787598729133606,0.3154418170452118,0.7445231676101685,0.3081648051738739,0.5805639624595642,0.18031339347362518,1.9612431526184082,0.03292754665017128,0.10363920032978058,0.23276281356811523,0.9903527498245239
0.3020631968975067,0.7765169143676758,1.099423885345459,0.789911150932312,0.1816224902868271,0.7045180201530457,0.6494088172912598,3.980260133743286,1.1184216737747192,0.04257527366280556,0.3155927062034607,1.9050179719924927,0.8948798775672913,0.00039999998989515007,0.37922465801239014,0.3787376582622528,1.456341028213501,2.6749472618103027,0.03689359128475189,1.6161385774612427,0.770121693611145,0.5993188619613647,0.5940446853637695,0.574449360370636,0.7286062836647034,0.4372952878475189,0.19277971982955933,2.2247111797332764,0.22097046673297882,0.315493106842041,0.545782208442688,1.1392991542816162,0.6756791472434998,0.45052215456962585,1.1035946607589722,0.049097973853349686,1.1703213453292847,0.9388865828514099,0.8963350653648376,0.989203929901123,0.3366512060165405,0.7051882147789001,0.3323139250278473,0.47953715920448303,0.274347186088562,0.9614670872688293,0.793367326259613,0.16155120730400085,1.3085235357284546,1.121511697769165,0.21111834049224854,0.33422529697418213,0.07299309223890305,0.9157333374023438,0.3416350781917572,0.8106444478034973,0.170694500207901
0.25540658831596375,0.2150314450263977,1.3623086214065552,0.9391695261001587,0.11600746959447861,1.3860859870910645,0.8655100464820862,4.6219964027404785,0.5964182615280151,0.6840652823448181,0.640353798866272,1.3972320556640625,0.7659400105476379,0.00039999998989515007,0.09972632676362991,0.45035088062286377,0.8489192724227905,3.4105513095855713,0.38818517327308655,1.3476231098175049,0.14596132934093475,0.8058705925941467,0.7632241249084473,0.3614979386329651,0.07785963267087936,0.41631266474723816,0.13402578234672546,1.3621938228607178,0.8230704665184021,0.6728323698043823,0.0732078030705452,0.27942201495170593,1.7249031066894531,0.08462002873420715,1.2288697957992554,0.9167258739471436,0.1300027072429657,0.7842063307762146,0.7100821137428284,1.0406574010849,0.1498047262430191,0.06509774923324585,0.8440550565719604,0.030380727723240852,0.1983507126569748,0.7242317795753479,0.8691033720970154,0.13538187742233276,0.953381359577179,0.48091331124305725,0.08584807068109512,0.09889356791973114,0.4570740759372711,0.7328742146492004,0.21716679632663727,0.3848077952861786,0.008181190118193626
0.7102908492088318,0.20251712203025818,0.9335688352584839,1.1074925661087036,0.20715291798114777,1.4347476959228516,0.4565567970275879,4.492686748504639,0.3725368082523346,1.0550073385238647,0.8894446492195129,1.3513715267181396,0.3623618185520172,0.00039999998989515007,0.33408910036087036,0.9844436645507812,0.5042330026626587,3.834111213684082,0.6282455921173096,0.8058174848556519,0.5275439023971558,0.8164098858833313,0.49176713824272156,0.5981742143630981,0.17360731959342957,0.45226019620895386,0.17386867105960846,0.6401457786560059,0.5602465271949768,0.8115089535713196,0.6404565572738647,0.3850348889827728,1.468759536743164,0.3989500403404236,0.893317461013794,0.7554924488067627,0.4648487865924835,1.0660935640335083,0.49809730052948,0.8973659873008728,0.20074649155139923,0.7065798044204712,1.046890139579773,0.3150436282157898,0.20127244293689728,0.36752429604530334,0.9532518982887268,0.048334140330553055,0.6204708218574524,0.70231693983078,0.14126431941986084,0.4315825402736664,1.2740817070007324,0.2875804305076599,0.14743858575820923,0.5268363952636719,0.31591278314590454
0.4292801320552826,0.6850133538246155,1.375105857849121,1.0454655885696411,0.2069951295852661,0.5734007954597473,0.8002897500991821,3.923258066177368,1.3448269367218018,0.39924100041389465,0.33365821838378906,1.2239134311676025,0.4601084589958191,0.00039999998989515007,0.6187974810600281,0.3164239823818207,1.014607310295105,3.064814329147339,0.19209101796150208,1.5077390670776367,0.7908528447151184,0.23979529738426208,0.5232775211334229,0.38135313987731934,0.3246524930000305,0.20603209733963013,0.0218757763504982,1.8844764232635498,0.7507815361022949,0.43187642097473145,0.7019141316413879,0.9914132356643677,0.9989303350448608,0.5601618885993958,1.1761795282363892,0.6143530607223511,0.752513587474823,1.064197063446045,0.9150114059448242,1.1677409410476685,0.8096033930778503,0.564949631690979,1.0290725231170654,0.7428289651870728,0.21408922970294952,1.016679286956787,0.5847600102424622,0.2712758779525757,1.6322063207626343,0.9455671906471252,0.19273588061332703,0.6527345180511475,0.017681285738945007,0.6842542290687561,0.32107213139533997,0.5055468678474426,0.11757966130971909
0.5549930334091187,0.3617359697818756,1.3736121654510498,0.18304023146629333,0.5275359153747559,1.6222983598709106,1.2595946788787842,4.106776237487793,0.10750629007816315,0.667693555355072,0.18028399348258972,0.9649640321731567,0.6492056846618652,0.00039999998989515007,0.13018174469470978,0.6646408438682556,0.6895279884338379,2.98695707321167,0.014244794845581055,1.6286561489105225,0.021484823897480965,0.14941483736038208,0.9934889674186707,0.8549184203147888,0.2483617663383484,0.8059877753257751,0.4496365785598755,1.1914424896240234,0.2757212519645691,0.038321055471897125,0.4715023338794708,0.6645438075065613,2.1610283851623535,0.22842958569526672,2.0105085372924805,1.203185796737671,0.9694061875343323,0.7165963053703308,0.273159921169281,0.8304888010025024,0.6845266222953796,0.8286757469177246,0.9275794625282288,0.29454317688941956,0.49807626008987427,0.4583704471588135,0.09036348760128021,0.420474112033844,0.7118739485740662,0.5695746541023254,0.3774917721748352,0.2373819798231125,1.4285389184951782,0.17976899445056915,0.2374071180820465,0.3036969304084778,0.23581619560718536
0.33063799142837524,0.08963414281606674,1.4050328731536865,0.9519606232643127,0.17107142508029938,1.325648546218872,0.9178580045700073,4.467161178588867,0.5816535949707031,0.7985405325889587,0.7333993911743164,1.3524606227874756,0.6922382712364197,0.00039999998989515007,0.10899627208709717,0.5237634778022766,0.7718154191970825,3.528653383255005,0.46909481287002563,1.2806721925735474,0.1171817034482956,0.7133582830429077,0.805263876914978,0.2933003306388855,0.06910327821969986,0.43363603949546814,0.14979079365730286,1.2717360258102417,0.9388633370399475,0.6381178498268127,0.06872888654470444,0.2085990458726883,1.827332854270935,0.14274953305721283,1.2689496278762817,0.9945419430732727,0.04347721487283707,0.7841193675994873,0.6952710151672363,1.0850211381912231,0.18795664608478546,0.0367063507437706,0.9644439816474915,0.012187357991933823,0.2671903371810913,0.6900589466094971,0.8470460772514343,0.16531017422676086,0.9346489310264587,0.4155532121658325,0.03268398344516754,0.15363794565200806,0.5611047744750977,0.7043177485466003,0.2192542850971222,0.35739895701408386,0.00728827016428113
0.9013652801513672,0.6255731582641602,0.9904177784919739,1.3802117109298706,0.12347015738487244,1.5517401695251465,0.03578174114227295,3.9040656089782715,0.3136279881000519,1.0187451839447021,0.8549781441688538,1.7936224937438965,0.34214460849761963,0.00039999998989515007,0.3244470953941345,1.1044541597366333,0.6111441254615784,3.9046530723571777,0.21054525673389435,0.5289801359176636,0.6807942986488342,0.6106937527656555,0.7515557408332825,0.7096155285835266,0.18272724747657776,0.6044085621833801,0.5385202169418335,0.45200780034065247,0.7822245359420776,0.7177589535713196,0.5998140573501587,0.7238900661468506,1.6763641834259033,0.5288415551185608,1.1557235717773438,0.890435516834259,0.1303413063287735,0.7623497247695923,0.3955112099647522,1.3330190181732178,0.18095894157886505,0.08974899351596832,0.9091764688491821,0.08097493648529053,0.19485913217067719,0.3383057713508606,1.0144760608673096,0.40540996193885803,0.35463279485702515,0.6335852146148682,0.15584933757781982,0.4865865707397461,1.004380226135254,0.3719685673713684,0.00543542206287384,0.3353117108345032,0.47213301062583923
0.8522186279296875,0.08415138721466064,0.9900733828544617,0.7666195631027222,0.5771178603172302,1.4441766738891602,1.3668469190597534,3.091740846633911,0.17377249896526337,0.7987993955612183,1.0230674743652344,1.1164565086364746,1.259458303451538,0.00039999998989515007,0.33312174677848816,0.3156889081001282,0.14595618844032288,2.853346586227417,0.2041618376970291,1.5253199338912964,0.03782132267951965,0.1708393543958664,1.2050316333770752,1.2028474807739258,0.005215916316956282,0.8001809120178223,0.5298274159431458,1.0540180206298828,0.8789531588554382,0.17486360669136047,0.06330147385597229,0.6324685215950012,2.722100019454956,0.10377778857946396,1.7967227697372437,1.1786916255950928,1.2824124097824097,0.6317189335823059,0.6369624137878418,1.1173490285873413,0.6005373001098633,0.06075648218393326,0.7107346653938293,0.5892406105995178,0.535541832447052,0.6973809599876404,0.03978103771805763,0.5595009922981262,0.9532032012939453,1.1707051992416382,0.500100314617157,0.5590165853500366,0.9261422157287598,0.10871944576501846,0.471896231174469,0.35531866550445557,0.46498042345046997
0.3656763434410095,0.054329778999090195,1.4297878742218018,0.968524158000946,0.19124895334243774,1.3128927946090698,0.9822025299072266,4.385138988494873,0.6207918524742126,0.8497152328491211,0.7332028150558472,1.363552451133728,0.6417558789253235,0.00039999998989515007,0.12960609793663025,0.5013115406036377,0.7883737087249756,3.515354633331299,0.5249395370483398,1.2742066383361816,0.10801021754741669,0.7138919830322266,0.8483871817588806,0.2551027536392212,0.1052870973944664,0.43546348810195923,0.20776887238025665,1.2214763164520264,0.969248354434967,0.6049400568008423,0.06378152966499329,0.21404120326042175,1.8649799823760986,0.1454087346792221,1.272654414176941,1.0048960447311401,0.13922171294689178,0.8312681317329407,0.6630821824073792,1.0827856063842773,0.1820109784603119,0.04305446892976761,1.0037118196487427,0.0011982376454398036,0.25187575817108154,0.7085388898849487,0.8572527170181274,0.20328232645988464,0.9045096635818481,0.36207935214042664,0.0971963182091713,0.15321360528469086,0.639877200126648,0.7065237164497375,0.25795331597328186,0.3691542446613312,0.03239225968718529
0.4611787796020508,0.20828163623809814,1.228507161140442,0.9182844758033752,0.006740529555827379,1.541412591934204,0.8227882981300354,4.378531455993652,0.4547062814235687,0.7468509078025818,0.8398800492286682,1.4731814861297607,0.7748028039932251,0.00039999998989515007,0.005555244162678719,0.6835501790046692,0.741012454032898,3.4967780113220215,0.4483681321144104,1.253232717514038,0.07379309087991714,0.9412986040115356,0.9539229273796082,0.1484161913394928,0.0061209360137581825,0.3546142876148224,0.03905294090509415,1.3406810760498047,0.9203793406486511,0.50408536195755,0.0774652287364006,0.36693862080574036,1.769300937652588,0.050760071724653244,1.1196539402008057,1.1457308530807495,0.036153245717287064,0.8237424492835999,0.7727680802345276,1.0864777565002441,0.00796915590763092,0.0859837532043457,1.0556620359420776,0.06552104651927948,0.04194554686546326,0.5739034414291382,0.9156781435012817,0.012507154606282711,0.7614942193031311,0.31705763936042786,0.06850479543209076,0.3205578327178955,0.5214381217956543,0.8201853036880493,0.07075701653957367,0.4891178011894226,0.06281036883592606
0.3432807922363281,0.9160388708114624,1.6487146615982056,0.07095687091350555,0.0796547532081604,1.6417033672332764,1.5643043518066406,4.304551124572754,0.19805695116519928,0.36750268936157227,0.35088637471199036,1.4336401224136353,1.1497557163238525,0.00039999998989515007,0.2086336612701416,0.17275770008563995,1.4157161712646484,2.206263542175293,0.04195341467857361,1.6638165712356567,0.2924821376800537,0.7479634881019592,0.5713520646095276,1.4296693801879883,0.3626180589199066,0.7139307260513306,0.49193811416625977,1.6429156064987183,0.30532023310661316,0.01089795958250761,0.23956958949565887,0.6610507369041443,1.8713555335998535,0.094132199883461,1.625051498413086,0.5874426364898682,0.6939361095428467,0.2970816493034363,0.382717102766037,0.49350792169570923,0.5116931200027466,0.5062070488929749,0.6763549447059631,0.03185136243700981,0.5179013609886169,0.6600403785705566,0.6078462600708008,0.46824514865875244,1.279167890548706,0.182839035987854,0.48240765929222107,0.5472132563591003,0.6940224170684814,0.6507309079170227,0.10301198810338974,0.1076931580901146,0.05543927848339081
0.1473320573568344,0.31280574202537537,1.5401060581207275,1.0745549201965332,0.13495831191539764,0.8097095489501953,1.0993108749389648,4.676808834075928,0.49329349398612976,0.7033526301383972,0.3464130461215973,1.2509503364562988,0.46540433168411255,0.00039999998989515007,0.45768994092941284,0.18864546716213226,0.6805198788642883,3.434227705001831,0.45699942111968994,1.1267130374908447,0.2723052203655243,0.9141839742660522,0.5761858224868774,0.32367485761642456,0.028617586940526962,0.4456551671028137,0.17796175181865692,1.3011958599090576,0.9447597861289978,0.6174538731575012,0.1851816028356552,0.6111758947372437,1.2820764780044556,0.1902967095375061,0.9051740169525146,0.349739670753479,0.7999884486198425,0.6008877754211426,0.8510756492614746,1.053113341331482,0.7368822693824768,0.33472517132759094,0.6680113077163696,0.18693090975284576,0.5072728991508484,0.5720510482788086,1.0095444917678833,0.7935833930969238,0.96397465467453,1.184147596359253,0.16329674422740936,0.23813919723033905,0.11054167151451111,0.99020916223526,0.5403666496276855,0.01618056930601597,0.24200963973999023
0.5012742877006531,0.17670735716819763,1.460582971572876,1.093846082687378,0.2217392772436142,1.2333197593688965,0.93294757604599,4.1298441886901855,0.5421225428581238,0.9751226902008057,0.8110458850860596,1.4300035238265991,0.566521406173706,0.00039999998989515007,0.16360613703727722,0.6965340375900269,0.79539954662323,3.591036081314087,0.6276670098304749,1.0883896350860596,0.0021059035789221525,0.6535164713859558,0.8074483275413513,0.04588659480214119,0.13584022223949432,0.5436642169952393,0.3221924602985382,1.061964750289917,1.0508569478988647,0.5357819199562073,0.06498249620199203,0.232644721865654,1.9042518138885498,0.1352791041135788,1.3164865970611572,1.0430147647857666,0.23311269283294678,0.8113796710968018,0.5721943974494934,1.1596899032592773,0.14944404363632202,0.008804919198155403,1.1592226028442383,0.050699081271886826,0.3559432029724121,0.5624837875366211,0.9531860947608948,0.3781219720840454,0.8742327690124512,0.45075348019599915,0.2596433460712433,0.3315332233905792,0.8178789615631104,0.6549972891807556,0.16536298394203186,0.3130197525024414,0.1026296615600586
0.1831492781639099,0.6886308789253235,1.6985578536987305,1.624700903892517,0.290550172328949,1.5442169904708862,1.447951078414917,4.4476704597473145,0.21053540706634521,0.6575777530670166,0.3335861563682556,0.733589768409729,0.1368945986032486,0.00039999998989515007,0.4786223769187927,0.6913614273071289,0.3047499656677246,2.4805002212524414,0.9411793351173401,0.9965071082115173,0.3840612471103668,1.1065669059753418,0.4876096248626709,0.34582778811454773,0.5729374885559082,0.6685301065444946,1.371842861175537,0.5580661296844482,0.972119152545929,0.4767474830150604,0.5795952081680298,0.1384243220090866,1.3862513303756714,0.3562530279159546,1.4650706052780151,0.22223973274230957,0.3010530471801758,0.3250564932823181,0.13577251136302948,0.9424421787261963,1.088602066040039,0.5869425535202026,0.5872918367385864,0.9514358043670654,0.8714855313301086,0.22537951171398163,0.8588472008705139,1.2950575351715088,0.6009458303451538,0.7609574198722839,0.37814486026763916,0.2181026190519333,0.06423153728246689,0.7350918054580688,0.8471289873123169,0.34640416502952576,0.5631530284881592
0.3750707805156708,0.048072997480630875,1.492336392402649,0.9746056795120239,0.025871070101857185,1.0823581218719482,1.166955590248108,3.668487071990967,0.3904220461845398,1.0893561840057373,1.452015995979309,0.6615550518035889,0.4235123097896576,0.00039999998989515007,0.20014537870883942,1.2925570011138916,0.3394121527671814,3.3971970081329346,0.9232794046401978,0.9685567021369934,0.17776617407798767,0.6414640545845032,0.7331599593162537,0.28302451968193054,0.5233214497566223,0.009524917230010033,0.2510316073894501,0.8969493508338928,1.4865010976791382,0.5110950469970703,0.2794412076473236,0.32520362734794617,1.9752577543258667,0.5993915796279907,0.9075968861579895,1.726434350013733,0.8228076100349426,0.6843850016593933,0.8660430908203125,0.9019952416419983,0.45704689621925354,0.06988655775785446,1.5944976806640625,0.011151854880154133,0.2499578893184662,0.7393731474876404,0.9074113368988037,0.19552209973335266,0.9414891004562378,0.18735593557357788,0.45879003405570984,0.4956147074699402,0.3138355314731598,0.7714951038360596,0.024347735568881035,0.020479854196310043,0.48901060223579407
0.2956904470920563,0.15045170485973358,1.5311006307601929,1.189195156097412,0.3419574797153473,0.5394218564033508,0.6701965928077698,3.4535515308380127,1.2561744451522827,0.8465316891670227,0.8250417113304138,1.0363013744354248,0.11642405390739441,0.00039999998989515007,0.904863715171814,0.7904881238937378,0.8606125116348267,3.237182855606079,0.19919611513614655,1.2011685371398926,0.49146080017089844,0.023142434656620026,0.3502746820449829,0.08463998138904572,0.14000815153121948,0.3356511890888214,0.05752607062458992,1.43485689163208,1.1168049573898315,0.476647287607193,0.49596133828163147,0.9920870661735535,1.3664048910140991,0.3772098422050476,1.336595058441162,0.8030872941017151,0.5272813439369202,1.0957269668579102,0.8136730790138245,1.4257478713989258,0.8133067488670349,0.3237033188343048,1.5454540252685547,0.7498295903205872,0.10011741518974304,0.696415364742279,0.631096363067627,0.2725365459918976,1.8601200580596924,1.0554157495498657,0.3121647238731384,0.9270817637443542,0.4538191854953766,0.421615332365036,0.21628883481025696,0.34800997376441956,0.47932109236717224
0.3869207799434662,0.13526029884815216,1.5302473306655884,1.1052166223526,0.17001566290855408,1.2418444156646729,1.0851008892059326,4.143103122711182,0.6380624771118164,0.9475560188293457,0.7815552949905396,1.3693598508834839,0.5375475287437439,0.00039999998989515007,0.19514110684394836,0.6165521740913391,0.8158074021339417,3.394932746887207,0.6689490675926208,1.1770480871200562,0.08178342878818512,0.7462260723114014,0.8285026550292969,0.12987448275089264,0.13663873076438904,0.48416486382484436,0.3191915452480316,1.134351134300232,1.1137312650680542,0.5299651026725769,0.025777937844395638,0.32542911171913147,1.8748570680618286,0.1857030838727951,1.268622636795044,0.9988088011741638,0.1449270099401474,0.862320065498352,0.6313639879226685,1.155815601348877,0.315721333026886,0.020573815330863,1.1355242729187012,0.11659631878137589,0.30831512808799744,0.6897118091583252,0.9761092662811279,0.3771912455558777,0.9125422835350037,0.5031521916389465,0.23804280161857605,0.27146849036216736,0.6890938878059387,0.7824621200561523,0.29592859745025635,0.3269704580307007,0.02174222283065319
0.8300821185112,0.1420690417289734,1.1735084056854248,1.2724727392196655,0.2960908114910126,1.372370719909668,0.5416128635406494,3.992298126220703,0.605612576007843,0.9929537773132324,0.7438669800758362,1.8237218856811523,0.35955458879470825,0.00039999998989515007,0.036412909626960754,0.8606035709381104,1.2115252017974854,3.5377652645111084,0.47464045882225037,0.8274984359741211,0.15735630691051483,0.5890564918518066,0.6995540261268616,0.14902843534946442,0.0023796595633029938,0.5915278196334839,0.6351030468940735,0.7106707692146301,0.5238070487976074,0.8217746615409851,0.5597840547561646,0.3836654722690582,1.7314382791519165,0.11267649382352829,1.028955101966858,0.8665326237678528,0.0822022557258606,1.2302656173706055,0.6191767454147339,0.9404904842376709,0.3024279773235321,0.6156579852104187,0.7682124376296997,0.5707704424858093,0.18383586406707764,0.38229653239250183,1.182774305343628,0.4987015128135681,0.37702301144599915,0.7923638820648193,0.11387374997138977,0.2709846496582031,1.4345818758010864,0.6350233554840088,0.15571153163909912,0.31585681438446045,0.4061312973499298
0.24057620763778687,0.6841782927513123,1.5395729541778564,1.305570125579834,0.12865500152111053,0.805280327796936,0.7446163296699524,3.8372459411621094,0.7378544211387634,0.8908864855766296,0.8081542253494263,1.7241965532302856,0.4749106466770172,0.00039999998989515007,0.38792645931243896,0.14570577442646027,0.953772783279419,3.438275098800659,0.41099128127098083,0.9114924669265747,0.0877327099442482,0.7072068452835083,0.6790061593055725,0.12938065826892853,0.32815462350845337,0.6118013858795166,0.34156718850135803,1.0596362352371216,1.2771142721176147,0.9886680245399475,0.003374513005837798,0.9426530599594116,1.6056793928146362,0.33559396862983704,0.8374408483505249,0.2658848464488983,0.7496631741523743,0.7546490430831909,0.7618736028671265,1.2610174417495728,0.5967193841934204,0.21055364608764648,0.3894883990287781,0.1178131103515625,0.5677759647369385,0.4496300518512726,1.1809229850769043,0.5436958074569702,0.8557839393615723,1.3282387256622314,0.32878565788269043,0.13126417994499207,0.35816964507102966,1.008252739906311,0.6661490201950073,0.6395184993743896,0.34795886278152466
0.7420398592948914,1.1481064558029175,1.2472748756408691,1.7249935865402222,0.27742138504981995,1.377905249595642,0.7920557856559753,3.8757429122924805,0.02534968964755535,1.0079541206359863,0.44058334827423096,1.246889591217041,0.06459148973226547,0.00039999998989515007,0.4416809380054474,1.303977608680725,0.11708716303110123,3.2788498401641846,0.9726809859275818,0.49904122948646545,0.8163493275642395,1.2447082996368408,0.8024293184280396,1.0900311470031738,0.43024006485939026,0.5551074147224426,0.9309425950050354,0.08615713566541672,1.2106629610061646,0.29195165634155273,0.4462946355342865,0.49722182750701904,1.402283787727356,0.5156892538070679,1.117388129234314,0.7718508243560791,0.03205234184861183,0.5064137578010559,0.03642056882381439,1.0522741079330444,0.5355250835418701,0.09923150390386581,0.9884474873542786,0.5431293249130249,0.529626190662384,0.2991284430027008,1.2966257333755493,1.170399785041809,0.0007010145345702767,0.5377686023712158,0.5669376850128174,0.584091067314148,0.3370092511177063,0.6281610727310181,0.44544684886932373,0.09690780937671661,0.5623383522033691
0.8639751076698303,0.025927754119038582,0.9467089176177979,0.6621071100234985,0.5424109697341919,2.281290054321289,0.811284601688385,4.124054908752441,0.8785295486450195,1.1450846195220947,1.0412931442260742,1.3377249240875244,0.3934440016746521,0.00039999998989515007,0.0748085305094719,0.6250933408737183,0.8308079838752747,2.754485607147217,0.5008953809738159,0.6818399429321289,0.445244699716568,0.29055896401405334,0.22601789236068726,0.17344623804092407,0.43311184644699097,0.3810531795024872,0.49376049637794495,0.12738853693008423,0.15306396782398224,1.2110273838043213,1.1445869207382202,0.5615678429603577,2.2591874599456787,0.3941837549209595,0.9835444688796997,0.8785667419433594,0.42429813742637634,1.2095754146575928,0.5745548009872437,1.3741397857666016,0.02688298560678959,1.3125016689300537,0.004056907258927822,1.0062118768692017,0.15996453166007996,0.30061647295951843,1.0402932167053223,0.2862786650657654,0.6394029855728149,0.6435939073562622,0.3985293507575989,0.6507431864738464,0.8404502868652344,0.30956774950027466,0.371588796377182,0.07793279737234116,0.7611286044120789
0.29964789748191833,0.2081098109483719,1.5329606533050537,1.0567947626113892,0.00810044351965189,1.5831717252731323,0.8385488390922546,4.2002272605896,0.6795377135276794,0.8053751587867737,0.8521309494972229,1.610897421836853,0.7090916633605957,0.00039999998989515007,0.14098906517028809,0.3690129220485687,1.066820502281189,3.0199220180511475,0.3437808156013489,1.094628930091858,0.042657893151044846,0.9666420221328735,0.6958027482032776,0.2818716764450073,0.221287339925766,0.5538131594657898,0.2735465168952942,1.1320440769195557,1.2345627546310425,0.7822474837303162,0.13429076969623566,0.6213247776031494,2.007021188735962,0.07414650171995163,1.1945997476577759,0.6953219175338745,0.0909697487950325,0.639740526676178,0.5604043006896973,1.3254737854003906,0.2381451278924942,0.1524294763803482,0.8247875571250916,0.039712969213724136,0.3489099144935608,0.4973869323730469,1.1264744997024536,0.059928711503744125,1.0498284101486206,0.6724464297294617,0.1269044429063797,0.013342355377972126,0.3904149830341339,0.9050121307373047,0.35885918140411377,0.6078692674636841,0.31049099564552307
0.4921792149543762,0.009541869163513184,1.4554766416549683,0.4784345030784607,0.24952344596385956,1.686808705329895,1.0868271589279175,4.135161876678467,0.43365398049354553,1.170301079750061,1.081897497177124,1.1862726211547852,0.6421123743057251,0.00039999998989515007,0.18257766962051392,0.7114033102989197,0.37428349256515503,3.259328842163086,0.038966067135334015,1.2160935401916504,0.13604193925857544,0.5946271419525146,0.8316569924354553,0.5084820985794067,0.22450895607471466,0.2297518253326416,0.10968907177448273,0.9649708867073059,1.1442131996154785,0.3631564676761627,0.3271035850048065,0.19974729418754578,2.353308916091919,0.0062472159042954445,1.3474609851837158,1.361562728881836,0.5844759345054626,0.6258143186569214,0.8013449311256409,1.3595702648162842,0.1795828938484192,0.07216467708349228,1.1459894180297852,0.023947613313794136,0.15145991742610931,0.38071882724761963,0.6856280565261841,0.28859594464302063,1.1481589078903198,0.08120940625667572,0.15925173461437225,0.05950218811631203,0.44544917345046997,0.6056911945343018,0.12553827464580536,0.08986793458461761,0.1623339205980301
0.38979655504226685,0.1641913205385208,1.3762561082839966,0.9966993927955627,0.041956495493650436,1.5173845291137695,1.0263766050338745,4.2267279624938965,0.4962122142314911,0.745002031326294,0.6609076857566833,1.5426573753356934,0.8017062544822693,0.00039999998989515007,0.02252384088933468,0.7568308711051941,0.8147431015968323,3.29427433013916,0.6831970810890198,1.2226667404174805,0.009440312162041664,0.9614033102989197,1.0547209978103638,0.12378572672605515,0.2176542580127716,0.44598013162612915,0.3075653612613678,1.4585034847259521,1.0288665294647217,0.31238579750061035,0.024372506886720657,0.3680303692817688,1.7378953695297241,0.19472913444042206,1.1530948877334595,1.0809766054153442,0.03313378989696503,0.6937291622161865,0.6962214112281799,1.0708413124084473,0.19190502166748047,0.2026383876800537,1.1175668239593506,0.10299329459667206,0.09448675811290741,0.6250919103622437,0.9622368812561035,0.23215976357460022,0.6513840556144714,0.42782577872276306,0.11585172265768051,0.4034395217895508,0.5001764297485352,0.9788285493850708,0.1798296421766281,0.509721577167511,0.15603484213352203
0.8255719542503357,0.2895684838294983,1.2739510536193848,1.2706743478775024,0.15090015530586243,1.1393333673477173,0.7202671766281128,3.951676368713379,0.4795778691768646,0.7359689474105835,0.29270848631858826,2.1848766803741455,0.5839397311210632,0.00039999998989515007,0.1457919478416443,0.42883729934692383,1.2090877294540405,3.531416893005371,0.40638354420661926,1.0713948011398315,0.051670145243406296,0.7766585350036621,1.0627081394195557,0.08776003867387772,0.46688398718833923,0.5112780332565308,0.7550793290138245,1.1806780099868774,0.7226940989494324,0.44285154342651367,0.13098561763763428,0.5383864641189575,1.5602145195007324,0.37991899251937866,1.1705150604248047,0.7586537003517151,0.13563890755176544,0.8940143585205078,0.8123773336410522,1.1042325496673584,0.0363796167075634,0.4937674105167389,0.41202062368392944,0.02735779993236065,0.03446130082011223,0.2667689919471741,1.191652536392212,0.6733564138412476,0.35045191645622253,0.7518554329872131,0.27555158734321594,0.10633248835802078,0.5582603216171265,1.1635929346084595,0.29435551166534424,0.4003604054450989,0.006981951650232077
0.4794560670852661,0.24731473624706268,1.3416410684585571,1.0165740251541138,0.024480167776346207,1.2978371381759644,1.24555242061615,4.364815711975098,0.08346087485551834,0.95695561170578,0.9547067880630493,0.8944324851036072,0.43053683638572693,0.00039999998989515007,0.23296710848808289,1.2109822034835815,0.24937057495117188,3.4971537590026855,0.6858985424041748,1.1809427738189697,0.20263008773326874,0.9694911241531372,0.9822946190834045,0.023853186517953873,0.24716010689735413,0.34986868500709534,0.01624494045972824,1.0747209787368774,1.1537492275238037,0.22490514814853668,0.16978080570697784,0.16944292187690735,1.7474948167800903,0.12651605904102325,1.1367563009262085,1.3456701040267944,0.1408751755952835,0.7743135690689087,0.7522730827331543,1.0603357553482056,0.25879162549972534,0.2258879840373993,1.300726294517517,0.042814627289772034,0.17423267662525177,0.43448731303215027,0.8181716799736023,0.49015533924102783,0.6106622219085693,0.3506130278110504,0.1666337549686432,0.3708634376525879,0.5141267776489258,0.8744484782218933,0.10545770823955536,0.005265787709504366,0.4359763562679291
1.1221182346343994,1.0590673685073853,1.0250318050384521,0.2848397493362427,0.756056547164917,0.5950895547866821,1.4708455801010132,3.283637285232544,0.543657660484314,1.4194127321243286,0.6929523944854736,0.7173181772232056,0.056780558079481125,0.00039999998989515007,0.6964789032936096,0.9664279818534851,0.1920250803232193,3.8924787044525146,0.5074353218078613,0.9431084990501404,0.5876879096031189,0.25999292731285095,1.3250744342803955,0.2531905770301819,0.16096794605255127,0.7908951640129089,0.28145450353622437,0.3330974876880646,0.4883688688278198,0.4045901596546173,0.6603277325630188,0.4304560720920563,1.7799017429351807,0.08647996187210083,1.2580567598342896,1.1121796369552612,1.0258175134658813,0.7724854350090027,0.1570310890674591,0.715920627117157,0.9939576387405396,0.7756928205490112,0.8442668914794922,0.8122645616531372,0.6257007122039795,0.0357004776597023,0.04082045331597328,1.0188475847244263,0.29590508341789246,0.5482869148254395,0.5142168402671814,0.2727271318435669,2.2611165046691895,0.2178599089384079,0.0714973658323288,0.19853132963180542,0.316538006067276
0.13918469846248627,0.3777800500392914,0.7611607313156128,0.815011203289032,0.4224792420864105,0.4496433138847351,1.0209782123565674,3.286237955093384,0.543696403503418,1.0467808246612549,1.084778070449829,0.8641515970230103,0.08463739603757858,0.00039999998989515007,1.0141236782073975,0.6741183400154114,0.21687421202659607,3.957977533340454,1.057326078414917,0.9312040209770203,0.16099204123020172,0.5754916667938232,0.8343273401260376,0.8183333873748779,0.20774883031845093,0.19440867006778717,0.7697457671165466,1.2856472730636597,0.9773077368736267,0.04692528396844864,0.5788992047309875,1.1842586994171143,0.4829220175743103,0.7506704926490784,0.29348286986351013,0.6472997665405273,1.2595481872558594,1.3920215368270874,1.150577425956726,0.8736881017684937,0.6958286166191101,0.2087727040052414,1.5221467018127441,0.18979571759700775,0.205067440867424,0.9707521796226501,0.693042516708374,0.3185153007507324,0.7285019159317017,1.0281742811203003,0.926482617855072,1.2961724996566772,0.786458432674408,0.5358424782752991,0.3290970027446747,0.7317776679992676,0.2759946286678314
0.8244674801826477,0.6235678791999817,1.227540373802185,0.6403394937515259,0.37995755672454834,0.6861604452133179,1.4471704959869385,3.889293670654297,0.3660794496536255,1.1721878051757812,1.1247891187667847,1.3117533922195435,0.6069901585578918,0.00039999998989515007,0.00020713327103294432,0.05322263762354851,0.26525619626045227,3.4881598949432373,1.112480640411377,1.0403989553451538,0.046020641922950745,1.0052963495254517,1.1289812326431274,0.13470526039600372,0.03735945746302605,0.40540173649787903,0.2071521133184433,0.8777682781219482,1.3250072002410889,0.33772432804107666,0.10113131999969482,0.3439357876777649,1.8725193738937378,0.44253262877464294,0.9932630062103271,0.9617525339126587,0.5865541696548462,0.9197591543197632,0.6865007877349854,1.182092308998108,0.24257659912109375,0.4454905092716217,1.1550005674362183,0.06698011606931686,0.12790599465370178,1.0171020030975342,0.9694115519523621,0.019394254311919212,0.6304593086242676,0.05818288400769234,0.5681285262107849,0.1624230593442917,0.8280545473098755,0.8421224355697632,0.33548703789711,0.6651444435119629,0.20030257105827332
0.27158769965171814,0.35353004932403564,1.5586891174316406,0.7114918231964111,0.2594592273235321,1.6827210187911987,1.5269980430603027,4.468836307525635,0.5407682657241821,0.6209656596183777,0.1713034212589264,1.137475609779358,0.5126157999038696,0.00039999998989515007,0.3955846428871155,0.7013384699821472,1.1779431104660034,2.6150224208831787,0.4436529576778412,1.5077615976333618,0.11701700836420059,0.6145023107528687,0.8991666436195374,0.5025789141654968,0.5804038047790527,0.7884663343429565,0.9656010866165161,1.274023413658142,0.3005598187446594,0.08948800712823868,0.4674040377140045,0.26496273279190063,1.8011765480041504,0.3343845009803772,1.7509571313858032,0.8219141960144043,0.5147805213928223,0.7042773365974426,0.05496148765087128,0.7493240237236023,0.4121396839618683,0.819607138633728,0.907123863697052,0.040008917450904846,0.497193843126297,0.5960593819618225,0.4737038016319275,0.8138630390167236,0.5705686211585999,0.009198453277349472,0.20439425110816956,0.16446100175380707,1.4303383827209473,0.6108199954032898,0.2842920124530792,0.05299191176891327,0.22263965010643005
0.02585141733288765,0.5376260876655579,1.5326623916625977,0.8637113571166992,0.47969576716423035,1.8414777517318726,1.0336825847625732,4.141092777252197,0.6509817242622375,0.5522493124008179,1.0975416898727417,1.2336115837097168,0.9606578350067139,0.00039999998989515007,0.3094172179698944,0.9552868604660034,0.930777907371521,2.5821962356567383,0.7490351796150208,1.0978230237960815,0.10817289352416992,1.2519479990005493,0.7238653898239136,0.5898693203926086,0.05031020939350128,0.13746866583824158,0.09648251533508301,1.41793692111969,1.4825588464736938,0.6191692352294922,0.32843446731567383,0.11275869607925415,1.8673748970031738,0.24921995401382446,0.6853636503219604,1.1407461166381836,0.06357405334711075,0.3063959777355194,0.7498025298118591,0.8209897875785828,0.39809703826904297,0.25022050738334656,1.1686815023422241,0.04653190076351166,0.24503400921821594,0.7514327764511108,1.2251030206680298,0.20541837811470032,0.9404898285865784,0.5283700823783875,0.10275176167488098,0.2822769582271576,0.2131510078907013,1.156389594078064,0.19860650599002838,0.6965237259864807,0.3538288176059723
0.3264353573322296,0.2899138033390045,1.2989150285720825,0.8335297107696533,0.2321014106273651,1.165500521659851,1.4467507600784302,4.140707492828369,0.27797871828079224,0.5157790184020996,0.8333593606948853,1.007871150970459,0.5684521198272705,0.00039999998989515007,0.4754718840122223,1.0170336961746216,0.594616711139679,3.124762773513794,0.8620213866233826,1.392850399017334,0.3919825255870819,1.1313248872756958,1.0241265296936035,0.663677453994751,0.22122059762477875,0.09730581194162369,0.16020667552947998,1.4267224073410034,1.1408679485321045,0.19735375046730042,0.4350138008594513,0.23778961598873138,1.5347195863723755,0.8604613542556763,0.7503800392150879,1.4271451234817505,0.4099406599998474,0.768892765045166,1.1862850189208984,0.5579196214675903,0.40263983607292175,0.27818623185157776,0.8668054342269897,0.116300567984581,0.010963745415210724,0.7814855575561523,1.0598410367965698,0.3459654748439789,0.48708638548851013,0.43755725026130676,0.1633189469575882,0.2232673466205597,0.2782094478607178,1.4259064197540283,0.16197842359542847,0.20123185217380524,1.0054364204406738
0.39533740282058716,0.32309257984161377,1.5556477308273315,0.8613279461860657,0.19604448974132538,1.6806447505950928,1.434454083442688,4.435324192047119,0.5989236831665039,0.6236932873725891,0.13486436009407043,1.2161259651184082,0.3474607467651367,0.00039999998989515007,0.25570860505104065,0.7236471772193909,1.146575927734375,2.6788902282714844,0.2628308832645416,1.5377004146575928,0.12610381841659546,0.5275267362594604,1.044155478477478,0.5592397451400757,0.5129420161247253,0.6190815567970276,1.075910210609436,1.1801247596740723,0.3334767818450928,0.014999614097177982,0.5230659246444702,0.17217792570590973,1.8736975193023682,0.23071123659610748,1.7849231958389282,0.9662011861801147,0.7329168915748596,0.811618983745575,0.2066074013710022,0.8574095964431763,0.3053361177444458,0.6311463713645935,0.6871218681335449,0.02062472514808178,0.26253271102905273,0.45266038179397583,0.4047895073890686,0.8982746005058289,0.4576355814933777,0.09317883849143982,0.16856573522090912,0.3217526376247406,1.241855502128601,0.7936800122261047,0.33382418751716614,0.17392174899578094,0.1692015379667282
0.5054622888565063,0.1372593194246292,1.4786200523376465,1.2423830032348633,0.005767985247075558,1.3531863689422607,1.158780813217163,4.421036243438721,0.5923749804496765,0.8805776238441467,0.626839280128479,1.3294970989227295,0.3462929129600525,0.00039999998989515007,0.1330217868089676,0.8777016997337341,0.7098388075828552,3.2449350357055664,0.6272849440574646,1.1730983257293701,0.01462710089981556,0.8167694211006165,0.9717636108398438,0.05030685290694237,0.10331232100725174,0.38021641969680786,0.5785263776779175,0.978986382484436,1.010873794555664,0.38267263770103455,0.23002175986766815,0.2999606132507324,1.8113747835159302,0.11035336554050446,1.2854878902435303,1.102843165397644,0.26080846786499023,0.8819599747657776,0.6285765767097473,1.1130175590515137,0.35017135739326477,0.10743071883916855,0.9637516140937805,0.17337436974048615,0.1309690773487091,0.49019065499305725,0.9130550026893616,0.6338185667991638,0.5805565714836121,0.4240110218524933,0.2465386688709259,0.15799888968467712,0.6060819625854492,0.9704723358154297,0.3640349507331848,0.09897632151842117,0.17544879019260406
0.1285843700170517,0.001252944115549326,1.3816760778427124,0.6447182893753052,0.21319852769374847,1.5701056718826294,1.4718743562698364,4.409677505493164,0.20298059284687042,0.7364902496337891,0.9912490844726562,0.8638626933097839,0.9276807904243469,0.00039999998989515007,0.12488262355327606,0.7823758721351624,0.40556636452674866,2.914062976837158,0.3343326151371002,1.313807487487793,0.021725287660956383,0.9164687395095825,0.7477744221687317,0.5234761834144592,0.27444297075271606,0.4255785048007965,0.12633942067623138,1.3064759969711304,1.2712465524673462,0.33322370052337646,0.01009716372936964,0.07080897688865662,2.0731823444366455,0.11143602430820465,1.3382710218429565,1.2851738929748535,0.03383858501911163,0.5074431896209717,0.8040716648101807,1.1878811120986938,0.4812919795513153,0.09087111055850983,1.1888476610183716,0.12269168347120285,0.46473240852355957,0.6519532203674316,0.8160293698310852,0.22703711688518524,1.218601942062378,0.35257580876350403,0.24420151114463806,0.08953232318162918,0.011230899021029472,0.8501438498497009,0.028694676235318184,0.0352155975997448,0.22300173342227936
0.24237877130508423,0.11186864227056503,1.4550371170043945,1.170044183731079,0.147474005818367,1.9076569080352783,0.8096413612365723,4.4682745933532715,1.117590069770813,0.6821711659431458,0.5689668655395508,1.7423534393310547,0.45937544107437134,0.00039999998989515007,0.2527187466621399,0.35448452830314636,1.4779624938964844,2.475658655166626,0.2681392431259155,1.1175148487091064,0.12175451964139938,1.1360108852386475,0.6300482153892517,0.23483648896217346,0.41294151544570923,0.4290662407875061,0.6551986932754517,0.8508329391479492,0.8237835168838501,0.8639994263648987,0.41968291997909546,0.7280400991439819,1.8000072240829468,0.528107225894928,0.9600710272789001,0.4249408543109894,0.21801671385765076,0.9115678071975708,0.35930299758911133,0.977271318435669,0.09788654744625092,0.42448514699935913,0.46295616030693054,0.26347848773002625,0.14383351802825928,0.4927455186843872,1.236127257347107,0.1709233969449997,0.7371944785118103,0.6548975110054016,0.31032830476760864,0.2894766926765442,0.7659916281700134,0.9213113188743591,0.6904566287994385,0.7291773557662964,0.5462427139282227
0.7795796990394592,0.6594880223274231,1.895551085472107,0.7039609551429749,0.26152902841567993,1.1159793138504028,1.2696382999420166,3.6310136318206787,1.539639949798584,0.2669520676136017,0.3298840820789337,1.0048515796661377,0.36757224798202515,0.00039999998989515007,1.129357933998108,0.23667535185813904,1.4991627931594849,1.7072755098342896,0.32347962260246277,1.655333399772644,0.7710278034210205,0.04977076128125191,0.3679097592830658,0.8924692273139954,1.1124250888824463,0.7119200229644775,0.7789767384529114,1.830556035041809,0.6157456636428833,0.15952064096927643,0.4038105309009552,0.6536359786987305,1.4735422134399414,0.08656260371208191,2.0331661701202393,0.2770579755306244,0.046148061752319336,0.48420265316963196,0.03617419674992561,1.3704413175582886,0.3988061547279358,0.30669960379600525,0.9700398445129395,1.070637822151184,0.40918290615081787,0.6403553485870361,0.13463301956653595,0.6044840216636658,1.965525507926941,0.49389758706092834,0.2770942449569702,0.04779386892914772,0.4431302845478058,0.4812328815460205,0.43979406356811523,0.17520293593406677,0.8792035579681396
0.36653292179107666,0.05381564795970917,1.5800150632858276,1.174950122833252,0.04095253720879555,1.3252214193344116,1.382950782775879,4.566030502319336,0.6827855706214905,0.7698389887809753,0.4978441298007965,1.3047640323638916,0.46250399947166443,0.00039999998989515007,0.17391574382781982,0.7779019474983215,0.910930871963501,2.88735294342041,0.8959704041481018,1.1817498207092285,0.06619110703468323,0.9907731413841248,0.7847080826759338,0.11870048940181732,0.2342015653848648,0.5598682761192322,0.594612181186676,1.03946852684021,0.9962548017501831,0.35292503237724304,0.11597718298435211,0.19288627803325653,1.6989647150039673,0.013668668456375599,1.2130426168441772,0.8281312584877014,0.03579915314912796,0.8421637415885925,0.43991440534591675,0.887956976890564,0.30827611684799194,0.34912168979644775,1.0300936698913574,0.124742291867733,0.41282734274864197,0.7202776670455933,1.1428544521331787,0.7514696717262268,0.7085071206092834,0.5904263257980347,0.24087607860565186,0.19718442857265472,0.7191357016563416,0.8991577625274658,0.38995686173439026,0.18422840535640717,0.2097027450799942
0.2980938255786896,0.12570220232009888,1.5508129596710205,1.093329668045044,0.00473936740309,1.0587047338485718,1.450951337814331,4.335262775421143,0.8823340535163879,0.7910153865814209,0.7160990238189697,1.1839848756790161,0.426927387714386,0.00039999998989515007,0.06181279197335243,0.6513395309448242,0.8152239322662354,2.96625018119812,0.8427777290344238,1.3164249658584595,0.3395739197731018,0.8790247440338135,0.9392481446266174,0.2670104205608368,0.1002027615904808,0.22930476069450378,0.296284019947052,1.2622647285461426,1.1372692584991455,0.2875455319881439,0.210203155875206,0.2764758765697479,1.6688055992126465,0.40573909878730774,1.1262786388397217,1.1012382507324219,0.3428264260292053,0.9419651627540588,0.7252110838890076,1.0124965906143188,0.4698483645915985,0.17701241374015808,1.0944609642028809,0.28023457527160645,0.01902140863239765,0.9263827204704285,0.938450276851654,0.5329522490501404,0.845065712928772,0.3685750365257263,0.36776357889175415,0.20145337283611298,0.43485206365585327,1.0942282676696777,0.40609249472618103,0.27829986810684204,0.2798249423503876
0.26332253217697144,0.06383904814720154,1.559008240699768,1.061708927154541,0.04706551134586334,1.3260442018508911,1.4251023530960083,4.620933532714844,0.6385921239852905,0.6786331534385681,0.44107386469841003,1.2598379850387573,0.5900275707244873,0.00039999998989515007,0.09108041971921921,0.6143307089805603,0.8823414444923401,2.816833257675171,0.8453810214996338,1.292868971824646,0.17417623102664948,1.034286379814148,0.8795375823974609,0.2729496657848358,0.1874132752418518,0.5093911290168762,0.5137103199958801,1.3202731609344482,0.9797322154045105,0.31046000123023987,0.10716944187879562,0.17338670790195465,1.701230764389038,0.14031817018985748,1.2381505966186523,0.8692103028297424,0.008455619215965271,0.750156819820404,0.5488820672035217,0.9350757598876953,0.3814805746078491,0.21514278650283813,0.9920977354049683,0.1636711210012436,0.337589830160141,0.8321053981781006,1.021873116493225,0.5630301833152771,0.7402593493461609,0.5459871888160706,0.11826567351818085,0.11706645786762238,0.5543879866600037,1.0429784059524536,0.4156515598297119,0.21909424662590027,0.2597484886646271
0.3457547724246979,0.3695160150527954,1.4892059564590454,0.989549994468689,0.15975283086299896,1.0091578960418701,1.3011428117752075,3.9906041622161865,0.4447329342365265,0.615767240524292,0.7413053512573242,1.4163531064987183,0.9027853608131409,0.00039999998989515007,0.5924974083900452,1.1976447105407715,1.255098819732666,2.8259384632110596,1.294265866279602,0.8348933458328247,0.4799800515174866,1.082907795906067,0.5087680816650391,0.4584755003452301,0.04076264053583145,0.2886623442173004,0.19086632132530212,1.3695803880691528,1.072135090827942,0.2601393461227417,0.48875004053115845,0.5329707264900208,1.4698526859283447,0.7404086589813232,0.6224013566970825,1.1576542854309082,0.37987595796585083,0.36456456780433655,0.7332277297973633,0.3975110948085785,0.12753503024578094,0.2521874010562897,1.2624932527542114,0.17801299691200256,0.5577023029327393,0.9078840613365173,1.611384630203247,0.5413336157798767,0.7593647241592407,0.8709983229637146,0.42096221446990967,0.5657398700714111,0.3044840395450592,1.1479079723358154,0.03966600447893143,0.2892657220363617,0.6481944918632507
0.332608163356781,0.012971347197890282,1.5048068761825562,1.0149370431900024,0.002149050822481513,1.2862907648086548,1.4433531761169434,4.630667686462402,0.5400456786155701,0.7246472239494324,0.4955582320690155,1.2008377313613892,0.5713381171226501,0.00039999998989515007,0.04882566258311272,0.6282423734664917,0.745043933391571,2.8915607929229736,0.866707980632782,1.2767473459243774,0.125298872590065,1.0212892293930054,0.9130606055259705,0.2490958869457245,0.0617724172770977,0.5021722912788391,0.4732673764228821,1.2905702590942383,0.9648095369338989,0.3087526857852936,0.21264083683490753,0.10463415831327438,1.7338234186172485,0.16568470001220703,1.2386584281921387,0.9364030957221985,0.01740092970430851,0.7914112210273743,0.6134610176086426,0.9413187503814697,0.4193670451641083,0.32764971256256104,1.026991367340088,0.09517644345760345,0.35775226354599,0.8548617362976074,0.9807052612304688,0.5117477178573608,0.6696871519088745,0.5344106554985046,0.10693087428808212,0.12016510218381882,0.6044948697090149,1.0400683879852295,0.4000270664691925,0.1389685869216919,0.3181765079498291
0.5278385877609253,0.0869484692811966,1.33431077003479,0.26010552048683167,0.1684202402830124,1.7689168453216553,1.6496418714523315,4.157957077026367,0.1691448837518692,0.655095100402832,1.3051731586456299,0.6463935375213623,0.9039230346679688,0.00039999998989515007,0.5168046355247498,1.1159257888793945,0.07508321851491928,2.5843091011047363,0.5409522652626038,1.1582739353179932,0.10470414906740189,0.7248071432113647,0.834010124206543,0.7589428424835205,0.6572032570838928,0.4699070453643799,0.3482164740562439,1.0139920711517334,1.308495044708252,0.2918044328689575,0.040919043123722076,0.5694581270217896,2.2692458629608154,0.36210164427757263,1.1704829931259155,1.630216360092163,0.3309667110443115,0.5130038857460022,0.8511349558830261,0.9317474365234375,0.5454971194267273,0.4429778754711151,1.2373698949813843,0.2956344485282898,0.5925146341323853,0.6815180778503418,0.9799631834030151,0.09132668375968933,0.8810783624649048,0.14280039072036743,0.13473746180534363,0.10045956075191498,0.1729276031255722,0.7226853370666504,0.37110307812690735,0.4018939435482025,0.8153351545333862
0.4326895773410797,0.024825289845466614,1.4753602743148804,1.3044953346252441,0.2987627685070038,1.3384535312652588,1.3203036785125732,4.543380260467529,0.4725011885166168,0.6417221426963806,0.7064757347106934,1.146558165550232,0.42427578568458557,0.00039999998989515007,0.24947655200958252,0.9418488144874573,0.7654272317886353,2.6950933933258057,0.7527529001235962,1.1895244121551514,0.10479448735713959,1.1893733739852905,0.871137797832489,0.2905791103839874,0.24805192649364471,0.2356460988521576,0.38533303141593933,1.1253286600112915,1.1189292669296265,0.5061267018318176,0.1552262306213379,0.2314871996641159,1.6387141942977905,0.26265081763267517,1.0057344436645508,1.1408464908599854,0.05637596175074577,0.8902301788330078,0.8525989651679993,0.962546706199646,0.582274854183197,0.16047880053520203,0.8762826323509216,0.12480155378580093,0.02901438996195793,0.6714344620704651,1.1836168766021729,0.6760966777801514,0.5945229530334473,0.6604296565055847,0.08694291114807129,0.09690456837415695,0.059851277619600296,1.335646152496338,0.32025688886642456,0.0904683992266655,0.6377008557319641
0.24036060273647308,0.4231274127960205,1.3763259649276733,0.7570945620536804,0.2855065166950226,1.2404218912124634,1.5245717763900757,3.730905294418335,0.7278523445129395,1.1054325103759766,1.4786180257797241,0.2115585207939148,0.56572425365448,0.00039999998989515007,0.5312361717224121,0.8500546216964722,0.2165595144033432,2.7920801639556885,0.15046405792236328,1.2742234468460083,0.24532388150691986,0.5745208263397217,0.5438895225524902,0.5511937737464905,0.4449930489063263,0.0812641903758049,0.32801833748817444,0.8347893953323364,1.7595958709716797,0.5869867205619812,0.3424396514892578,0.16474825143814087,2.3383898735046387,0.12576887011528015,1.4145193099975586,1.436328649520874,0.37611356377601624,0.8189706206321716,0.907685399055481,1.2882318496704102,0.8780802488327026,0.05671931803226471,1.168389916419983,0.3011665940284729,0.6201092004776001,0.6621460914611816,0.4580024778842926,0.42784473299980164,1.665047287940979,0.13946060836315155,0.04015982523560524,0.0469551719725132,0.11040870100259781,0.6558704376220703,0.2717994451522827,0.08518822491168976,0.40459924936294556
0.6460267901420593,1.5610355138778687,1.2474294900894165,1.256256341934204,0.1704716980457306,0.7475076913833618,1.15036940574646,3.55552077293396,0.6382283568382263,0.42051753401756287,0.3199511468410492,1.4287362098693848,0.3055623471736908,0.00039999998989515007,0.7470890879631042,1.1112529039382935,0.3988884687423706,3.7551486492156982,0.6903404593467712,1.1650220155715942,0.4143165349960327,0.8824874758720398,1.545478105545044,0.40965598821640015,0.6108077764511108,1.0120481252670288,0.8758634924888611,0.7006791830062866,0.6978982090950012,0.011703361757099628,0.5235706567764282,0.38509833812713623,1.2421274185180664,0.525116503238678,0.7543244361877441,0.307005375623703,0.7267868518829346,0.3658125400543213,0.770682692527771,1.1208622455596924,0.21908915042877197,0.03907635807991028,0.2584565579891205,0.1337253898382187,0.5777363777160645,0.22504949569702148,0.9317833185195923,1.5125905275344849,0.5518245100975037,0.9038017988204956,0.4155333340167999,0.33627110719680786,0.1724768728017807,1.2118685245513916,0.613886833190918,0.1197381392121315,0.2986713647842407
1.841088056564331,1.2054908275604248,0.7535086870193481,0.6157001852989197,0.02840666100382805,1.8500173091888428,1.8473865985870361,4.14486837387085,0.2328188419342041,1.3222136497497559,0.36995139718055725,1.1691700220108032,0.1880430281162262,0.00039999998989515007,0.5779364705085754,0.08827614039182663,0.1743415743112564,1.8648649454116821,1.1591320037841797,0.011845146305859089,1.2211284637451172,1.7599815130233765,0.18615363538265228,1.0274381637573242,0.2608650326728821,0.19441093504428864,0.9543819427490234,1.0783323049545288,0.32132336497306824,0.7467993497848511,1.6371045112609863,0.02207150310277939,1.4846190214157104,0.7257612943649292,0.14831791818141937,0.1479182243347168,0.6104055643081665,0.677361786365509,0.31608298420906067,0.6568230390548706,0.0622086375951767,0.9079354405403137,0.19293709099292755,0.17548181116580963,0.14619772136211395,0.404143363237381,1.3505252599716187,0.04512656107544899,0.07442435622215271,0.08822406083345413,0.5579431056976318,1.4061859846115112,0.7536371946334839,0.5781894326210022,0.874133288860321,0.22107788920402527,0.17057226598262787
0.3534289598464966,0.27729853987693787,1.5368621349334717,1.1231130361557007,0.09843915700912476,0.7470940351486206,1.075231671333313,4.353640556335449,1.0460240840911865,0.5291777849197388,0.4831581115722656,0.8386036157608032,0.1544022262096405,0.00039999998989515007,0.7692933678627014,1.022048830986023,0.8484780192375183,2.7392122745513916,0.44872143864631653,1.2996054887771606,0.46728622913360596,0.4666064977645874,0.4007819592952728,0.2363215982913971,0.0114836934953928,0.4398707151412964,0.14029093086719513,1.6632987260818481,0.9481541514396667,0.2632858157157898,0.12992531061172485,0.6765569448471069,1.2363892793655396,0.2342357337474823,1.349962830543518,0.7072736620903015,0.8677054643630981,0.9551060199737549,0.77097088098526,1.1483012437820435,0.8787004947662354,0.19889388978481293,1.442110538482666,0.6336902976036072,0.2620874345302582,0.7987204790115356,0.709627091884613,0.45283448696136475,1.5581878423690796,1.2277874946594238,0.039273377507925034,0.7715616822242737,0.35924196243286133,0.7486475110054016,0.3025245666503906,0.07206157594919205,0.05580422654747963
0.5125624537467957,0.28373709321022034,1.3582004308700562,1.2823383808135986,0.4342515468597412,1.7753936052322388,1.1273354291915894,4.444722652435303,0.421699196100235,0.38564205169677734,0.2743324041366577,1.585342526435852,0.6150212287902832,0.00039999998989515007,0.3940178453922272,1.0420958995819092,0.9154758453369141,2.666672468185425,0.7698336839675903,1.1814992427825928,0.08031699806451797,1.2385283708572388,1.276320219039917,0.19645226001739502,0.23469789326190948,0.31157928705215454,0.849264919757843,1.3476155996322632,0.8948618769645691,0.27760037779808044,0.17812761664390564,0.23730440437793732,1.5009586811065674,0.19485731422901154,0.9925535321235657,1.133067011833191,0.07448714226484299,0.6677516102790833,0.7081959247589111,0.7967865467071533,0.36634889245033264,0.08837807178497314,0.6947721838951111,0.09218611568212509,0.12450707703828812,0.4419191777706146,1.0969470739364624,0.7209125757217407,0.004565447568893433,0.4822252690792084,0.10454005002975464,0.21050435304641724,0.08204362541437149,1.4536174535751343,0.32648923993110657,0.15843135118484497,0.6620258688926697
0.3058511018753052,0.4491409659385681,1.4797261953353882,0.6839858293533325,0.11102031916379929,1.7148081064224243,1.673263669013977,4.779211521148682,0.4261627495288849,0.35681965947151184,0.32363957166671753,1.122113823890686,0.5014204382896423,0.00039999998989515007,0.11216409504413605,0.7321832180023193,1.19135582447052,2.3028712272644043,0.6693288683891296,1.476484775543213,0.14148712158203125,0.8697168827056885,1.0124940872192383,0.571428120136261,0.49757158756256104,0.769013524055481,1.051413655281067,1.3910661935806274,0.2458462417125702,0.13638833165168762,0.5445863604545593,0.404776930809021,1.6147297620773315,0.2638643980026245,1.596084475517273,0.7827127575874329,0.3539312183856964,0.6552063226699829,0.09266099333763123,0.5148707032203674,0.3268117308616638,0.8951199054718018,0.7820581197738647,0.1429244577884674,0.47270166873931885,0.6881309151649475,0.5837681889533997,0.8999372720718384,0.25907522439956665,0.09947473555803299,0.2477228343486786,0.17161373794078827,1.247118592262268,0.9020936489105225,0.3150700330734253,0.11470126360654831,0.10902589559555054
0.40892353653907776,0.17977415025234222,0.950682520866394,1.0623284578323364,0.2639633119106293,1.3646596670150757,1.2730814218521118,4.951852321624756,0.3126191794872284,0.2165273278951645,0.013697149232029915,1.8091838359832764,0.6987533569335938,0.00039999998989515007,0.06946995109319687,0.6735212206840515,1.042745590209961,2.3116838932037354,0.9435731172561646,1.0974235534667969,0.2845214009284973,1.4654203653335571,0.76919025182724,0.3281960189342499,0.2268531620502472,0.7888680100440979,0.7064628005027771,1.350109577178955,0.38531747460365295,0.07676214724779129,0.5559232234954834,0.3751760423183441,0.8959379196166992,0.43250226974487305,0.7457224726676941,0.22188439965248108,0.9206962585449219,0.868828535079956,0.3796656131744385,0.543850302696228,0.034271154552698135,0.615233302116394,0.6915349364280701,0.1822071373462677,0.41355007886886597,0.8061227202415466,1.5445935726165771,0.7740033864974976,0.028805403038859367,1.155893087387085,0.24186691641807556,0.30849364399909973,0.8024806380271912,1.0610495805740356,0.20497477054595947,0.4590216875076294,0.5785812139511108
0.5383812785148621,0.5325177907943726,1.0486994981765747,1.0553715229034424,0.053184136748313904,1.323134183883667,1.3058151006698608,3.7695064544677734,0.10432315617799759,0.24568714201450348,1.82919180393219,1.7764817476272583,0.37035879492759705,0.00039999998989515007,0.06227077916264534,0.09516207128763199,1.4129526615142822,1.6045206785202026,0.5969715118408203,0.9862186908721924,0.0437447726726532,1.0627142190933228,0.9493123888969421,0.12824131548404694,1.654161810874939,1.1591604948043823,2.2708020210266113,0.9435158371925354,0.33652931451797485,0.2914946377277374,0.6779161691665649,0.21343448758125305,0.7498445510864258,0.2561343312263489,1.6791930198669434,0.3551262617111206,0.16515761613845825,0.09445223957300186,0.3957372009754181,0.29815661907196045,0.03797972947359085,0.3414783179759979,0.7174364924430847,0.2137141078710556,1.0095539093017578,0.12261879444122314,0.9482519030570984,1.871094822883606,0.7847558259963989,0.696539044380188,0.0999092236161232,0.4789581298828125,0.4139653742313385,1.1845686435699463,0.774952232837677,0.3116195797920227,0.5205832719802856
0.004058512393385172,0.3813725411891937,1.6223384141921997,1.1367143392562866,0.17701831459999084,1.0133752822875977,1.6282563209533691,4.466383934020996,0.8056591749191284,0.48094260692596436,0.6814059019088745,0.8198389410972595,0.4638272523880005,0.00039999998989515007,0.3049654960632324,1.0018922090530396,1.005044937133789,2.478320360183716,1.1834465265274048,1.0559892654418945,0.6805596351623535,0.9080477952957153,0.616726815700531,0.624908983707428,0.18577028810977936,0.168863445520401,0.28997334837913513,1.2975965738296509,1.2182526588439941,0.4680664837360382,0.43110841512680054,0.2582671642303467,1.4767556190490723,0.6813654899597168,0.7963330745697021,1.1205213069915771,0.12465307861566544,0.6291154623031616,0.7209882140159607,0.5491616129875183,0.7021474242210388,0.002867284696549177,1.1097310781478882,0.09361293911933899,0.41731318831443787,1.0836105346679688,1.1939750909805298,0.8043320775032043,0.8141262531280518,0.8430985808372498,0.3985024392604828,0.317091166973114,0.0157154630869627,1.253322958946228,0.27832093834877014,0.03143767639994621,0.7333916425704956
0.035850945860147476,0.3976595401763916,1.5790495872497559,0.941853940486908,0.3159368932247162,1.5105690956115723,1.3390692472457886,4.69549560546875,0.5385521054267883,0.3838438391685486,0.8898816108703613,0.9349300265312195,0.665024995803833,0.00039999998989515007,0.3358512818813324,0.9255438446998596,1.0101605653762817,2.3847761154174805,0.9375902414321899,1.0306576490402222,0.332855761051178,1.179516077041626,0.5772518515586853,0.6934311389923096,0.26267361640930176,0.27485939860343933,0.05801762267947197,1.3689825534820557,1.3203116655349731,0.6238680481910706,0.15160800516605377,0.17179691791534424,1.6921294927597046,0.3173452913761139,0.7654618620872498,1.048782467842102,0.0828833058476448,0.37191203236579895,0.671427309513092,0.6724434494972229,0.4792090058326721,0.10273925215005875,1.167098879814148,0.1242625042796135,0.491682231426239,0.8928801417350769,1.255726933479309,0.22439059615135193,0.9058063626289368,0.8472604155540466,0.08062680810689926,0.2195250689983368,0.08488238602876663,1.2354816198349,0.2043675035238266,0.26736024022102356,0.562246561050415
0.5609947443008423,0.026296468451619148,1.1636738777160645,1.1523977518081665,0.165305957198143,1.5861790180206299,0.8058225512504578,4.6269850730896,0.21267829835414886,0.45456185936927795,0.5424338579177856,1.490124225616455,0.45039039850234985,0.00039999998989515007,0.08502816408872604,0.954608142375946,0.45607906579971313,3.322781562805176,0.4516941010951996,1.015924334526062,0.18947699666023254,0.8914062976837158,1.3324750661849976,0.05852188169956207,0.06288275867700577,0.3502976596355438,0.5490254163742065,1.317750096321106,0.880127489566803,0.3219802975654602,0.42093366384506226,0.5115194916725159,1.4814711809158325,0.19140765070915222,0.9717920422554016,1.1797336339950562,0.4096715450286865,0.7068977952003479,0.9655487537384033,1.1231575012207031,0.4901737868785858,0.03805289417505264,0.8185878396034241,0.061206553131341934,0.08460868149995804,0.19054551422595978,0.8237015604972839,0.5306341052055359,0.008418031968176365,0.7840067148208618,0.041669778525829315,0.24390524625778198,0.1591818779706955,1.3283727169036865,0.20254871249198914,0.08030453324317932,0.4770304262638092
0.8051482439041138,0.10337822884321213,0.9428578019142151,0.46639126539230347,0.17541751265525818,1.0770996809005737,1.156762957572937,4.538280487060547,0.700089693069458,0.60594242811203,0.9364143013954163,1.920728087425232,0.6620259284973145,0.00039999998989515007,0.34352290630340576,0.6534931063652039,1.0813653469085693,2.825753927230835,0.7742900252342224,0.9797508716583252,0.0887167900800705,1.4402847290039062,1.016594648361206,0.21739768981933594,0.04451615363359451,0.3255942165851593,0.1675626039505005,0.8646559715270996,0.8808803558349609,0.683175265789032,0.13196246325969696,0.6530109643936157,1.6154093742370605,0.022471174597740173,0.45933640003204346,0.45877504348754883,0.045358553528785706,1.0983376502990723,0.7072305679321289,0.837844967842102,0.3239235579967499,0.21896331012248993,0.528010904788971,0.6518014669418335,0.2039271891117096,1.0546295642852783,1.3744453191757202,0.34842854738235474,0.3571889102458954,0.24546554684638977,0.0618351586163044,0.20872923731803894,0.8139117360115051,1.1730735301971436,0.45755550265312195,1.1678545475006104,0.05655794218182564
0.452440083026886,0.41725724935531616,1.080344319343567,0.7340028882026672,0.3538510203361511,2.0140416622161865,1.5046826601028442,5.051393032073975,0.9256730079650879,0.5100662708282471,0.25325873494148254,0.3575226366519928,0.40300625562667847,0.00039999998989515007,0.07903283834457397,1.3845468759536743,0.3131363093852997,2.5211122035980225,1.0029054880142212,0.7914645075798035,0.7992613315582275,1.6680448055267334,0.6677786111831665,0.2628370523452759,0.29995429515838623,0.3988416790962219,0.3557415306568146,0.5523419976234436,0.8364648222923279,0.12915174663066864,0.9041385054588318,0.6478474140167236,1.4154441356658936,0.5313534140586853,0.9881582856178284,1.0790481567382812,0.11493498831987381,0.014652475714683533,0.19610603153705597,0.46812674403190613,0.3041412830352783,1.0231389999389648,1.2901673316955566,0.04262722283601761,0.7866025567054749,0.03393582999706268,1.058239459991455,0.34226012229919434,0.1043640747666359,0.39478036761283875,0.2759977877140045,0.30238330364227295,0.027078451588749886,0.8158396482467651,0.19760775566101074,0.4553009271621704,1.2591180801391602
1.040057897567749,0.6391136050224304,0.9601609110832214,0.3923437297344208,0.151301309466362,1.4034544229507446,1.545412540435791,4.051875114440918,0.6299757361412048,0.7638727426528931,0.9058895111083984,0.8591625094413757,0.631294310092926,0.00039999998989515007,0.33974337577819824,0.3144957423210144,0.662309467792511,3.0347132682800293,1.257757544517517,0.8972576260566711,0.7249939441680908,1.500216007232666,1.5585832595825195,0.43129175901412964,0.10799109935760498,0.31474223732948303,0.06085415184497833,0.804082989692688,1.442353367805481,0.270278662443161,0.23030340671539307,0.005280997138470411,1.7918126583099365,0.1380060762166977,1.0272117853164673,1.2724018096923828,0.8572905659675598,0.30854424834251404,0.4066197872161865,1.1452866792678833,0.30591848492622375,0.6585946083068848,1.3982290029525757,0.4458003044128418,0.06465274095535278,0.487253874540329,0.513020396232605,0.24760648608207703,0.05723676085472107,0.6316059827804565,0.4316145181655884,0.2506391108036041,0.19671830534934998,1.0957870483398438,0.08715873211622238,0.5447673201560974,0.8326104283332825
0.21892309188842773,0.5806822180747986,1.3110377788543701,1.0458766222000122,0.004521771799772978,0.5266546010971069,1.33055579662323,4.2065958976745605,1.1530957221984863,0.24537430703639984,0.4243779480457306,0.9799358248710632,0.2050440013408661,0.00039999998989515007,0.2974987030029297,0.5607877373695374,0.995786190032959,2.642648935317993,0.7833069562911987,1.4500192403793335,0.8265032768249512,0.7968031167984009,0.77951979637146,0.39694350957870483,0.1111157238483429,0.01298371609300375,0.028961829841136932,1.8316694498062134,0.9374750852584839,0.08667799830436707,0.7732247710227966,0.5698001980781555,0.8447303771972656,0.7837274670600891,0.8820791244506836,0.9802376627922058,0.3808692991733551,1.145591139793396,1.0334614515304565,0.8085761070251465,0.7414174675941467,0.6210752129554749,1.3023172616958618,0.5372751951217651,0.3231549859046936,1.0897643566131592,0.9175649285316467,0.40003013610839844,1.1471903324127197,0.9802168607711792,0.29541274905204773,0.8275305032730103,0.15760283172130585,1.2692428827285767,0.3007923662662506,0.43260589241981506,0.5467002987861633
0.1994183510541916,0.3414134979248047,1.414480447769165,0.918321967124939,0.1862795203924179,1.387087106704712,1.3654184341430664,4.854361534118652,0.32852354645729065,0.39799657464027405,0.4532358944416046,1.1332412958145142,0.5762298703193665,0.00039999998989515007,0.018858028575778008,0.6396547555923462,0.8390134572982788,2.567610263824463,0.8771318793296814,1.2786610126495361,0.12497135996818542,1.2812024354934692,0.9448248147964478,0.3953556418418884,0.11456490308046341,0.41675713658332825,0.25644516944885254,1.4927892684936523,0.9606097340583801,0.06381399184465408,0.13400478661060333,0.09836609661579132,1.459269404411316,0.11527679860591888,1.009341835975647,1.0462428331375122,0.2678494453430176,0.7242516875267029,0.7280054688453674,0.7448099851608276,0.33416813611984253,0.29169389605522156,1.3333067893981934,0.002692439127713442,0.16134147346019745,0.8217833042144775,1.1098576784133911,0.33873608708381653,0.652316153049469,0.6795626282691956,0.11349082738161087,0.4484920799732208,0.3398943841457367,1.239143967628479,0.19447894394397736,0.16999906301498413,0.6395881175994873
0.18475987017154694,0.2826879620552063,1.4333149194717407,0.9688910245895386,0.21760666370391846,1.542972445487976,1.3006564378738403,4.701188564300537,0.320040225982666,0.47742989659309387,0.594377875328064,1.0120010375976562,0.530327558517456,0.00039999998989515007,0.04111791402101517,0.7562161087989807,0.6758448481559753,2.6087353229522705,0.9652369618415833,1.2487272024154663,0.01840173453092575,1.2476140260696411,1.0556224584579468,0.28022274374961853,0.1030547022819519,0.42536088824272156,0.30851930379867554,1.3976675271987915,1.070496678352356,0.09755897521972656,0.20360489189624786,0.04499677196145058,1.5887839794158936,0.04841954633593559,1.0401729345321655,1.182560682296753,0.20848487317562103,0.7191190719604492,0.6662787795066833,0.7666752338409424,0.3802837133407593,0.4098893105983734,1.4734082221984863,0.02906462363898754,0.22526627779006958,0.785917341709137,1.0146934986114502,0.2647275924682617,0.5270020365715027,0.5804678797721863,0.08113374561071396,0.5371943712234497,0.4653162360191345,1.1782854795455933,0.2184402346611023,0.203842893242836,0.6019269227981567
0.2662035822868347,0.5737698078155518,1.2910668849945068,1.1430729627609253,0.3158652186393738,1.8823517560958862,0.9826062321662903,4.656747817993164,0.7635228633880615,0.46800100803375244,0.6210145950317383,1.3700170516967773,0.39572593569755554,0.00039999998989515007,0.06566791236400604,0.77065509557724,1.186805009841919,2.3730592727661133,0.7419715523719788,1.2043966054916382,0.14175525307655334,1.3426704406738281,1.002609133720398,0.17677731812000275,0.039482418447732925,0.3036097586154938,0.48608091473579407,1.1186727285385132,0.747203528881073,0.41589412093162537,0.3894963562488556,0.3815314471721649,1.473901629447937,0.33716851472854614,0.7192585468292236,1.0350946187973022,0.3598320484161377,1.1217530965805054,0.6337888836860657,0.5953104496002197,0.05852393060922623,0.7678906917572021,1.179520845413208,0.4596610367298126,0.1587664932012558,0.7204771041870117,1.2353495359420776,0.22445696592330933,0.2869906723499298,0.6308755874633789,0.2705838680267334,0.4291415214538574,0.8550305366516113,1.1532883644104004,0.3473203480243683,0.4582551419734955,0.21466441452503204
0.0829487219452858,0.5096921324729919,1.495955228805542,0.9418154358863831,0.3965601921081543,1.4140093326568604,1.4000108242034912,4.329579830169678,0.22734896838665009,0.37622198462486267,0.8888185620307922,0.7975280284881592,0.6900851130485535,0.00039999998989515007,0.3952775001525879,0.9414769411087036,0.7950595617294312,2.178008556365967,1.1481990814208984,1.1256266832351685,0.23127438127994537,1.326817274093628,0.8300644159317017,0.5819422006607056,0.4421883225440979,0.30874741077423096,0.015002108179032803,1.4846749305725098,1.2519192695617676,0.2348981499671936,0.11851028352975845,0.2434924840927124,1.551809549331665,0.38145092129707336,0.7469345331192017,1.3760737180709839,0.09293335676193237,0.5643702149391174,0.8182736039161682,0.6079350709915161,0.4678512215614319,0.2899503707885742,1.615079641342163,0.11707381904125214,0.2635878026485443,1.0181570053100586,1.2556003332138062,0.2498006671667099,0.7064427137374878,0.7368460893630981,0.06507037580013275,0.6325954794883728,0.09796202182769775,1.335121512413025,0.03533226251602173,0.0639423206448555,0.9134201407432556
0.21904511749744415,0.25576525926589966,1.4433683156967163,1.012062907218933,0.3208506405353546,1.5161000490188599,1.377109169960022,4.2872209548950195,0.014910168945789337,0.5911162495613098,0.9796062707901001,0.45913469791412354,0.40301308035850525,0.00039999998989515007,0.32567542791366577,1.232151746749878,0.3398010730743408,2.438244581222534,1.207199215888977,1.0264612436294556,0.005301477387547493,1.230425477027893,0.888192355632782,0.3723055422306061,0.6255694031715393,0.12186429649591446,0.08568175882101059,1.0591639280319214,1.2453982830047607,0.19198261201381683,0.18891097605228424,0.5645186901092529,1.6553908586502075,0.3560292422771454,0.7643879055976868,1.666319489479065,0.16046994924545288,0.5900031328201294,0.8373000621795654,0.5181723237037659,0.5777778029441833,0.636157751083374,1.6987954378128052,0.1867062747478485,0.3578108549118042,0.7969413995742798,1.145984172821045,0.2507285475730896,0.45066121220588684,0.586463451385498,0.04917234554886818,0.6312797665596008,0.17376644909381866,1.2198954820632935,0.06685864925384521,0.2521405816078186,1.103509783744812
0.29030710458755493,0.68784099817276,1.5151396989822388,1.2087761163711548,0.29273509979248047,0.8792867660522461,1.2721718549728394,4.2130560874938965,1.0182727575302124,0.17290085554122925,0.3318222463130951,1.063666582107544,0.4245744049549103,0.00039999998989515007,0.3048264980316162,0.5766633749008179,1.113264560699463,2.01344895362854,0.8616621494293213,1.3655316829681396,0.578704833984375,0.9786167740821838,0.7471861839294434,0.4033059775829315,0.0843970775604248,0.3844109773635864,0.2601363956928253,1.8515033721923828,1.0066362619400024,0.07755587995052338,0.4863635301589966,0.6867474317550659,0.934276282787323,0.4137811064720154,0.9266317486763,0.8217887282371521,0.8485931158065796,1.0066661834716797,0.8265619874000549,0.8405154347419739,0.8469091057777405,0.09735982120037079,1.4857836961746216,0.5192162990570068,0.11077862232923508,1.100706696510315,1.1148899793624878,0.5941840410232544,1.1266961097717285,1.1764612197875977,0.1146300733089447,0.9307242631912231,0.020876852795481682,1.235837459564209,0.18079416453838348,0.24429187178611755,0.5788103938102722
0.2665438950061798,0.27726003527641296,1.4109258651733398,0.9925927519798279,0.38143789768218994,1.605254054069519,1.258729338645935,4.558669090270996,0.06432580947875977,0.35353657603263855,0.615019679069519,1.0602037906646729,0.6816019415855408,0.00039999998989515007,0.12237312644720078,0.7311219573020935,0.7481755614280701,2.252146005630493,0.9010698795318604,1.2377361059188843,0.09038863331079483,1.4439212083816528,1.0301244258880615,0.34595754742622375,0.2475162148475647,0.5486160516738892,0.23757997155189514,1.494909405708313,1.0719326734542847,0.06959190219640732,0.2422453910112381,0.11355043202638626,1.5403425693511963,0.009336874820291996,1.0213191509246826,1.198643684387207,0.33735430240631104,0.684796154499054,0.7333168983459473,0.8439030647277832,0.3237212300300598,0.3989304304122925,1.5102026462554932,0.033435236662626266,0.14861144125461578,0.7664780616760254,1.1848440170288086,0.29838696122169495,0.561918318271637,0.6986042261123657,0.2604161500930786,0.5901589393615723,0.31929782032966614,1.305222511291504,0.0008804468670859933,0.05739593505859375,0.7385426163673401
0.3862730860710144,0.41767749190330505,1.4290409088134766,0.5949971079826355,0.36554157733917236,1.8611372709274292,1.1101500988006592,4.481472492218018,0.23791684210300446,0.5508713722229004,0.6703976392745972,1.0703849792480469,0.6973912715911865,0.00039999998989515007,0.0529082790017128,0.9612310528755188,0.5899171829223633,2.330037832260132,0.6423160433769226,1.2168500423431396,0.42419299483299255,1.4924757480621338,0.9723533391952515,0.4706816077232361,0.34759101271629333,0.43829622864723206,0.01571854017674923,1.3852912187576294,1.0768685340881348,0.18087713420391083,0.5417084097862244,0.14805316925048828,1.7917635440826416,0.2886597514152527,1.0788344144821167,1.3038792610168457,0.047627002000808716,0.40124210715293884,0.717799186706543,0.7203357815742493,0.011149151250720024,0.604286253452301,1.7612888813018799,0.10134319961071014,0.21744714677333832,0.4409171938896179,1.0297363996505737,0.11835303157567978,0.7382413744926453,0.26731911301612854,0.44652867317199707,0.5557467341423035,0.5513002872467041,1.1031876802444458,0.11171671003103256,0.028152549639344215,0.5412792563438416
0.27257251739501953,0.475731760263443,1.4832133054733276,0.6550069451332092,0.42769816517829895,1.499225378036499,1.3027878999710083,4.355177879333496,0.21333512663841248,0.3836246132850647,0.8718994855880737,0.9101840853691101,0.8256435990333557,0.00039999998989515007,0.4803856909275055,0.9353574514389038,0.7210758328437805,2.1116268634796143,0.8152204751968384,1.114827036857605,0.04127795249223709,1.4486658573150635,0.8040990829467773,0.7833470702171326,0.6086709499359131,0.33776918053627014,0.20414523780345917,1.5392941236495972,1.2671329975128174,0.019094711169600487,0.10688444972038269,0.3285699188709259,1.6993587017059326,0.2275768518447876,0.8503766059875488,1.4101303815841675,0.10540241003036499,0.28044241666793823,0.9016566276550293,0.6886455416679382,0.2693691551685333,0.20987939834594727,1.6531190872192383,0.10977382212877274,0.2713037431240082,0.7376099824905396,1.239094614982605,0.05092022940516472,0.8713355660438538,0.527289867401123,0.314715176820755,0.5009875893592834,0.015175183303654194,1.3410133123397827,0.249118372797966,0.11456514149904251,0.922562301158905
0.4527587592601776,0.32152479887008667,1.4668586254119873,0.7255851626396179,0.34180667996406555,1.9620169401168823,1.1829159259796143,4.611391544342041,0.2438540905714035,0.635086178779602,0.7204208374023438,0.9040238261222839,0.5840826630592346,0.00039999998989515007,0.1792193502187729,1.0998568534851074,0.39428699016571045,2.394129753112793,0.7339598536491394,1.0659663677215576,0.44799622893333435,1.3124724626541138,0.922149658203125,0.4160386323928833,0.486003041267395,0.3433079719543457,0.20015667378902435,1.1404750347137451,1.10532546043396,0.03595397248864174,0.6914117932319641,0.35923752188682556,1.8658990859985352,0.17111441493034363,1.0077037811279297,1.3867042064666748,0.0984240174293518,0.3595457971096039,0.7041115760803223,0.7045323252677917,0.2570987045764923,0.7409904599189758,1.6396396160125732,0.15084496140480042,0.3384193480014801,0.42313510179519653,0.992129921913147,0.028650982305407524,0.6171181797981262,0.3536736071109772,0.2552953362464905,0.3740498423576355,0.4086950421333313,1.0744223594665527,0.011263747699558735,0.14641886949539185,0.6655279994010925
0.3083760738372803,0.1809941828250885,1.6281675100326538,0.9672083258628845,0.09225015342235565,1.7914743423461914,1.3147262334823608,4.671760082244873,0.15167683362960815,0.3911949396133423,0.028995435684919357,1.0172641277313232,0.461881548166275,0.00039999998989515007,0.21946686506271362,0.7900550961494446,0.987329363822937,2.314364194869995,0.661266028881073,1.2499302625656128,0.09326044470071793,0.8848000764846802,1.0825910568237305,0.4416188597679138,0.29593655467033386,0.8160698413848877,0.9663883447647095,1.3075793981552124,0.7796921730041504,0.35411447286605835,0.5377468466758728,0.34596115350723267,1.79297935962677,0.31111592054367065,1.650141954421997,1.1295398473739624,0.34151244163513184,0.45213574171066284,0.1351872682571411,0.8257322907447815,0.07280922681093216,0.5448639392852783,1.3815916776657104,0.011607306078076363,0.5717127919197083,0.3704727590084076,0.6916993856430054,0.7730507850646973,0.4508586823940277,0.27213454246520996,0.19131484627723694,0.22154763340950012,0.9188463687896729,0.9530791640281677,0.06465142220258713,0.19635504484176636,0.23652274906635284
0.6323685646057129,0.22725053131580353,1.16648268699646,0.44064003229141235,0.20089054107666016,0.703959584236145,1.7080490589141846,4.199209213256836,0.4635397791862488,0.7343448996543884,1.4208952188491821,0.5397894382476807,0.5965262651443481,0.00039999998989515007,0.3670823276042938,0.7040979862213135,0.0273372121155262,2.624728202819824,1.4697222709655762,0.7569677233695984,0.10821512341499329,1.6948902606964111,0.7002853155136108,0.09592736512422562,0.9665961861610413,0.12837322056293488,0.8686693906784058,0.9846007227897644,1.4884281158447266,0.043803147971630096,0.10253214836120605,0.2352449893951416,1.383692741394043,0.4704047441482544,0.23131637275218964,1.1835250854492188,0.1234828382730484,0.4724448323249817,0.9111065864562988,0.6077654361724854,0.3123575448989868,0.009103158488869667,1.7938172817230225,0.12164633721113205,0.20573876798152924,1.045412540435791,1.3107584714889526,0.08769546449184418,0.8101889491081238,0.44666412472724915,0.335241436958313,0.49188652634620667,0.17558467388153076,1.1913366317749023,0.15054942667484283,0.2642752230167389,1.0924052000045776
0.1868668496608734,0.3163363039493561,1.2669541835784912,0.8809272050857544,0.3359692692756653,1.9708369970321655,1.1190181970596313,4.659021377563477,0.0779239758849144,0.4402928650379181,0.6057690978050232,0.7691718339920044,0.46966752409935,0.00039999998989515007,0.38569238781929016,1.357822299003601,0.5259354114532471,2.3170387744903564,0.8076670169830322,1.165549874305725,0.4850868582725525,1.4131968021392822,0.8974586725234985,0.005734150297939777,0.27371838688850403,0.5857895612716675,0.23960986733436584,1.2928951978683472,0.8412622213363647,0.2147064059972763,0.6539126038551331,0.01763894036412239,1.5206377506256104,0.5580100417137146,1.0830858945846558,1.2184284925460815,0.5212504267692566,0.6448285579681396,0.4945726990699768,0.6847143769264221,0.03792408108711243,1.0860503911972046,1.7839267253875732,0.16949845850467682,0.31753426790237427,0.4909539818763733,0.9844658970832825,0.15705281496047974,0.45387694239616394,0.5772178769111633,0.47244733572006226,0.7758787274360657,0.8215245604515076,0.8586488962173462,0.009940833784639835,0.009496042504906654,0.5088382363319397
0.13603532314300537,0.2638871669769287,1.1231565475463867,0.7978557348251343,0.5734072327613831,2.436894416809082,1.4064069986343384,4.635211944580078,0.11279380321502686,0.5364919304847717,0.5884097218513489,0.5624628067016602,0.8416627049446106,0.00039999998989515007,0.36797648668289185,1.3549669981002808,0.37360742688179016,2.277773857116699,0.5340089797973633,1.1805646419525146,0.44452470541000366,1.4597563743591309,0.9006850123405457,0.2993643879890442,0.31450432538986206,0.36681023240089417,0.4267154037952423,1.1534193754196167,0.9086593389511108,0.24759286642074585,0.4863491654396057,0.18163341283798218,1.8406158685684204,0.5925608277320862,1.0569970607757568,1.469670057296753,0.3631928861141205,0.5596242547035217,0.5285250544548035,0.6844370365142822,0.08451171219348907,0.9097712635993958,1.3908278942108154,0.12005490064620972,0.38404911756515503,0.3629104793071747,0.7299715876579285,0.3504578471183777,0.36091485619544983,0.3884250521659851,0.561974287033081,0.514927327632904,0.3365232050418854,0.9374570846557617,0.07435256242752075,0.08535901457071304,0.41670283675193787
0.7654203772544861,0.0028041191399097443,1.1042109727859497,0.05048312246799469,0.324432909488678,1.3370294570922852,1.8168795108795166,4.278895854949951,0.26814109086990356,0.5979043245315552,0.5140050053596497,0.917047917842865,0.7079610228538513,0.00039999998989515007,0.037333499640226364,0.022006114944815636,0.2670867145061493,2.575955390930176,1.1401124000549316,1.2844281196594238,0.1704583466053009,1.2585828304290771,1.494137167930603,0.23901645839214325,0.04505326226353645,0.6745365858078003,0.053909897804260254,1.205656886100769,0.7824079990386963,0.6948521137237549,0.377776175737381,0.5292681455612183,1.8786416053771973,0.13301578164100647,1.2860437631607056,1.195892095565796,0.9421365261077881,0.5803027749061584,0.23301450908184052,0.6717574596405029,0.5831685662269592,0.3102501928806305,1.5497345924377441,0.35507023334503174,0.2747526168823242,0.9998837113380432,0.503227710723877,0.1158912256360054,0.07555165141820908,0.7827154994010925,0.07633720338344574,0.1267404556274414,1.454418659210205,0.8253582119941711,0.001184426131658256,0.42810410261154175,0.37536171078681946
0.4760286211967468,0.6733742952346802,1.1832836866378784,1.207819938659668,0.19202515482902527,1.465287208557129,1.0162169933319092,4.4891676902771,1.1834980249404907,0.39278003573417664,0.7705254554748535,1.5700066089630127,0.21725234389305115,0.00039999998989515007,0.25012561678886414,0.55074143409729,1.4108904600143433,2.426393508911133,0.5692359805107117,1.2413809299468994,0.2933024764060974,1.0857571363449097,1.1452536582946777,0.3639092743396759,0.16541500389575958,0.05365242063999176,0.38712388277053833,1.173172116279602,0.7453758716583252,0.434688001871109,0.028525007888674736,0.619064211845398,1.3350909948349,0.17027762532234192,0.5096676349639893,1.1709011793136597,0.0029039792716503143,1.4730156660079956,0.9962221384048462,0.7120760083198547,0.0017257381696254015,0.050380900502204895,0.79569411277771,0.47138574719429016,0.7350582480430603,0.8841078281402588,1.203129768371582,0.3193269670009613,0.26068928837776184,0.5535773634910583,0.015645431354641914,0.19094322621822357,0.5022300481796265,1.429093599319458,0.3469333052635193,0.5475243330001831,0.252338171005249
0.28499704599380493,0.061407171189785004,1.4415513277053833,0.8450402617454529,0.20098035037517548,1.7213307619094849,1.1204524040222168,4.847700595855713,0.10873126238584518,0.29788777232170105,0.5076448917388916,1.1927863359451294,0.7080217003822327,0.00039999998989515007,0.17624007165431976,0.5389120578765869,0.8316620588302612,2.2780044078826904,0.6182296276092529,1.1052533388137817,0.08868121355772018,1.2493818998336792,0.8791011571884155,0.5748977661132812,0.2835090756416321,0.7132276296615601,0.35708868503570557,1.4883577823638916,1.0293694734573364,0.20189203321933746,0.6255397200584412,0.03276962414383888,1.7760788202285767,0.07841330766677856,1.1705480813980103,0.9332215785980225,0.4980449378490448,0.38990965485572815,0.7043870687484741,0.9488880634307861,0.35395944118499756,0.5153526067733765,1.168023943901062,0.23480741679668427,0.5713781714439392,0.5985026955604553,1.1047548055648804,0.12434805929660797,0.6164880990982056,0.8859860897064209,0.49068483710289,0.16776403784751892,0.2578789293766022,1.2278369665145874,0.08214659988880157,0.015302165411412716,0.5123440623283386
0.14077308773994446,0.16890470683574677,1.5240284204483032,1.1083630323410034,0.22259175777435303,1.5302314758300781,1.4266493320465088,4.966080665588379,0.4169576168060303,0.32206255197525024,0.26347076892852783,1.0655815601348877,0.46159642934799194,0.00039999998989515007,0.15629419684410095,0.5318998098373413,0.8204454183578491,2.3147733211517334,0.963688850402832,1.2298293113708496,0.08878415077924728,1.209227204322815,1.0647262334823608,0.2854798138141632,0.08900298178195953,0.5176101922988892,0.6564281582832336,1.3934259414672852,1.026849627494812,0.022486992180347443,0.2838343679904938,0.09721352159976959,1.4651648998260498,0.008120357058942318,1.0804299116134644,0.934689998626709,0.3615027368068695,0.623161792755127,0.5351389646530151,0.7954238057136536,0.5597409009933472,0.3289525806903839,1.2013516426086426,0.07127385586500168,0.3311746120452881,0.7831860184669495,1.043880581855774,0.572185218334198,0.43430423736572266,0.6939268708229065,0.006044986192137003,0.28031784296035767,0.2393990159034729,1.2129610776901245,0.4078476130962372,0.11139106005430222,0.6795182824134827
0.18291282653808594,0.6287863254547119,1.517571210861206,0.6849090456962585,0.22422729432582855,1.9058037996292114,1.598652958869934,5.149255275726318,0.0762222483754158,0.21948246657848358,0.20124758780002594,0.8515394926071167,0.49794813990592957,0.00039999998989515007,0.2950761616230011,0.9069174528121948,1.1778857707977295,1.7160935401916504,0.5917144417762756,1.3366522789001465,0.08395518362522125,1.312604308128357,0.7158278822898865,0.5902851819992065,0.06979171186685562,0.673859179019928,0.7010132074356079,1.3607993125915527,0.4380814731121063,0.5150035619735718,0.673602819442749,0.39610716700553894,1.401379108428955,0.6385652422904968,1.2959216833114624,0.8709135055541992,0.022027743980288506,0.4262453615665436,0.12062996625900269,0.4192618429660797,0.3319694995880127,1.0470974445343018,1.3263529539108276,0.12688037753105164,0.42286625504493713,0.5151945948600769,0.9135812520980835,0.7388235926628113,0.6001019477844238,0.31418871879577637,0.5045114755630493,0.09877239167690277,0.8370866775512695,0.904782235622406,0.05695271119475365,0.31916719675064087,0.4593164622783661
0.3136276602745056,0.5855626463890076,1.282750129699707,1.2111046314239502,0.29200279712677,1.6633480787277222,1.199499249458313,4.8013739585876465,0.9763396382331848,0.42179936170578003,0.7426238656044006,1.2692596912384033,0.2602483630180359,0.00039999998989515007,0.03401622548699379,0.8613364100456238,1.288468360900879,2.264512062072754,0.8229067921638489,1.1809899806976318,0.09592044353485107,1.329046607017517,0.9328416585922241,0.16730989515781403,0.1480514258146286,0.11847343295812607,0.36283016204833984,1.089544415473938,0.814745306968689,0.2674223780632019,0.12082266807556152,0.41175416111946106,1.3068156242370605,0.15751606225967407,0.543628990650177,1.1071178913116455,0.2039085328578949,1.2452871799468994,0.7051141262054443,0.5760647654533386,0.02638697437942028,0.45865392684936523,1.137505292892456,0.41146793961524963,0.3471236526966095,0.86078280210495,1.3485981225967407,0.4225817918777466,0.36628127098083496,0.6549354791641235,0.044572968035936356,0.3771384358406067,0.6295137405395508,1.2135610580444336,0.3228999674320221,0.4345949590206146,0.37191396951675415
0.23126623034477234,0.19652029871940613,1.4661765098571777,0.9493203163146973,0.34898874163627625,1.7325773239135742,1.360103964805603,4.9928765296936035,0.02819567546248436,0.3701021671295166,0.42972245812416077,0.9594143629074097,0.5246827602386475,0.00039999998989515007,0.17789290845394135,0.9071119427680969,0.7475333213806152,2.143151044845581,0.7725203633308411,1.1897960901260376,0.1975783407688141,1.478115200996399,0.8697081804275513,0.2739264965057373,0.18627329170703888,0.5302246809005737,0.3281656801700592,1.3437981605529785,1.0198547840118408,0.18771976232528687,0.4531175494194031,0.056850288063287735,1.502608060836792,0.32166343927383423,1.080974817276001,1.0553414821624756,0.32405734062194824,0.5005376935005188,0.5291997194290161,0.7909743189811707,0.2611663043498993,0.5529521703720093,1.4793282747268677,0.04489903151988983,0.3002120554447174,0.5540099740028381,1.1580324172973633,0.42701879143714905,0.6445748209953308,0.638597309589386,0.29937419295310974,0.41848981380462646,0.3102727234363556,1.1293870210647583,0.11071151494979858,0.08653358370065689,0.6974518299102783
0.14201095700263977,0.29812344908714294,1.366808295249939,0.9732295274734497,0.45979562401771545,1.557508945465088,1.4029443264007568,4.628857135772705,0.06756740808486938,0.45831066370010376,1.0000344514846802,0.5628342032432556,0.4622623920440674,0.00039999998989515007,0.029530324041843414,1.5010743141174316,0.533500611782074,2.2755515575408936,1.1321492195129395,0.9795026779174805,0.16466398537158966,1.4978076219558716,0.6853772401809692,0.218735933303833,0.636834442615509,0.2674889862537384,0.09190460294485092,1.2356586456298828,1.17068612575531,0.062283460050821304,0.21307970583438873,0.22518065571784973,1.359906554222107,0.039541151374578476,0.49759384989738464,1.291913390159607,0.4938892424106598,0.5533871054649353,0.7830156683921814,0.4561362564563751,0.33692169189453125,0.7816579937934875,1.6357516050338745,0.32858946919441223,0.36806708574295044,0.7427603006362915,1.2985914945602417,0.3399110436439514,0.5590875148773193,0.939069926738739,0.08630339801311493,0.6302752494812012,0.2567947804927826,1.1624683141708374,0.017477452754974365,0.027735479176044464,0.938196063041687
0.18832212686538696,0.17159263789653778,1.513954758644104,0.9747656583786011,0.3164368271827698,1.7269375324249268,1.1715540885925293,4.686511039733887,0.44439929723739624,0.38094720244407654,0.8048439025878906,1.2003229856491089,0.592399537563324,0.00039999998989515007,0.035069067031145096,0.5248969793319702,0.9449027180671692,2.188870906829834,0.6701177358627319,1.19528329372406,0.0042318906635046005,1.3307137489318848,0.9918280243873596,0.45977699756622314,0.09155891090631485,0.42642974853515625,0.19810274243354797,1.4420844316482544,1.320451259613037,0.16107754409313202,0.13684743642807007,0.3232257664203644,1.7458029985427856,0.04568298161029816,1.0150222778320312,1.074874997138977,0.1770053654909134,0.5799546241760254,0.6719557642936707,1.0486524105072021,0.348658949136734,0.0325826071202755,1.2809631824493408,0.015439238399267197,0.16905054450035095,0.690105676651001,1.1514490842819214,0.08449564129114151,0.7897019386291504,0.6532056927680969,0.24521873891353607,0.2659932076931,0.1165761798620224,1.3007266521453857,0.18946607410907745,0.3801441490650177,0.37226602435112
0.20069225132465363,0.34804975986480713,1.5417298078536987,1.1144206523895264,0.49848583340644836,1.7592023611068726,1.0772329568862915,4.459559440612793,0.30382513999938965,0.3499409556388855,0.9838013648986816,1.040139079093933,0.5399026870727539,0.00039999998989515007,0.4698070287704468,0.9634342789649963,0.9204510450363159,2.0936696529388428,0.6843370795249939,1.0542625188827515,0.08360835164785385,1.2665513753890991,0.9135100245475769,0.671463668346405,0.4392804801464081,0.1560085415840149,0.18008066713809967,1.3393992185592651,1.408035159111023,0.3419845998287201,0.11689066141843796,0.004278403241187334,1.7587283849716187,0.23871926963329315,0.7759336829185486,1.4053899049758911,0.026607109233736992,0.47270700335502625,0.9165521860122681,0.8745829463005066,0.5439319014549255,0.00319206016138196,1.241869330406189,0.12994185090065002,0.12159447371959686,0.6126364469528198,1.2354918718338013,0.17748694121837616,0.6526166200637817,0.7514066696166992,0.19546166062355042,0.277021586894989,0.28894558548927307,1.4874029159545898,0.08695123344659805,0.05622098967432976,0.7451822757720947
0.2513323724269867,0.5656612515449524,1.2643251419067383,1.3035258054733276,0.27150261402130127,0.9966734647750854,1.0049368143081665,4.6155242919921875,0.9853869676589966,0.1831386536359787,0.27761486172676086,1.1990376710891724,0.18384528160095215,0.00039999998989515007,0.8086835145950317,0.9141843914985657,1.2321895360946655,2.1252670288085938,0.507252037525177,1.245162844657898,0.23753540217876434,1.0879846811294556,0.5670876502990723,0.06443336606025696,0.03168240189552307,0.3999319076538086,0.28566285967826843,1.649505615234375,0.5914000868797302,0.08807496726512909,0.030145663768053055,1.053403377532959,0.6023494601249695,0.0903702974319458,0.5959174036979675,0.4859795570373535,1.654856562614441,1.2347153425216675,0.8765497207641602,0.7051805853843689,0.5056959986686707,0.5633510947227478,1.172257661819458,0.020647024735808372,0.1687764823436737,0.7781960964202881,1.2296960353851318,0.6731746196746826,0.8678258061408997,1.6323405504226685,0.14977501332759857,0.8068262338638306,0.3668704628944397,1.0784941911697388,0.35676515102386475,0.2601662874221802,0.2882266640663147
0.22018089890480042,0.20332764089107513,1.4891493320465088,0.9842389822006226,0.20116207003593445,1.2860825061798096,1.4819135665893555,4.727291584014893,0.4101296663284302,0.3394531011581421,0.6225729584693909,1.0135785341262817,0.5365505814552307,0.00039999998989515007,0.0898742601275444,0.48285341262817383,0.81125408411026,2.2569003105163574,0.9334725737571716,1.2579878568649292,0.26295533776283264,1.216518759727478,1.0345550775527954,0.45531076192855835,0.16216298937797546,0.39266201853752136,0.23572979867458344,1.55124831199646,1.203527569770813,0.05071762204170227,0.03561205044388771,0.14917664229869843,1.5038706064224243,0.30133458971977234,1.0089969635009766,1.1529030799865723,0.13004721701145172,0.6966800689697266,0.7582629919052124,0.928041398525238,0.5347501635551453,0.08253635466098785,1.3394089937210083,0.12226355820894241,0.12164633721113205,0.935668408870697,1.0767167806625366,0.4211222231388092,0.7040709853172302,0.6715883612632751,0.041333865374326706,0.36797213554382324,0.0672372505068779,1.3467379808425903,0.15663057565689087,0.14572620391845703,0.7335411906242371
0.28399398922920227,0.5509003400802612,1.377105712890625,0.583303689956665,0.08279617130756378,1.7778427600860596,1.542952060699463,4.933149337768555,0.29180943965911865,0.12508858740329742,0.2787623107433319,0.9263386130332947,0.6889996528625488,0.00039999998989515007,0.04121716320514679,0.7024899125099182,1.0351226329803467,1.7888339757919312,0.7708593606948853,1.2836006879806519,0.006528773810714483,1.1685943603515625,0.8632791638374329,0.6531163454055786,0.053677525371313095,0.893546998500824,0.8093107342720032,1.5648173093795776,0.26942670345306396,0.46990838646888733,0.8431857824325562,0.6582133769989014,1.4350192546844482,0.34056341648101807,1.342524528503418,0.9130308032035828,0.22760574519634247,0.39915144443511963,0.29327070713043213,0.37680336833000183,0.2335474044084549,1.2518645524978638,1.2377855777740479,0.3856103718280792,0.6620047092437744,0.6893110275268555,0.8582432270050049,0.6826182007789612,0.2560935914516449,0.511271059513092,0.5564869046211243,0.15177097916603088,0.9813798666000366,0.9727614521980286,0.048709169030189514,0.4189862012863159,0.6419104337692261
0.9334326982498169,0.20178142189979553,0.8693325519561768,0.49891501665115356,0.18268699944019318,1.264096975326538,0.9873678684234619,4.26822566986084,0.4554179310798645,0.38295191526412964,0.714783251285553,2.2208118438720703,0.8761987090110779,0.00039999998989515007,0.3631359338760376,0.7442920804023743,1.3201662302017212,2.436767578125,0.748691976070404,0.9063133001327515,0.040990039706230164,1.432997226715088,1.1137529611587524,0.08861280232667923,0.18607547879219055,0.7715283036231995,0.12767598032951355,1.1417871713638306,0.7028104662895203,0.3357597887516022,0.20356877148151398,0.7255727648735046,1.5597527027130127,0.10802735388278961,0.6461393237113953,0.3787960410118103,0.24040326476097107,1.0188724994659424,0.5589163899421692,0.9800325036048889,0.6077661514282227,0.3117382824420929,0.61561518907547,0.7395950555801392,0.06447159498929977,0.9432798624038696,1.4653373956680298,0.2763267457485199,0.23737113177776337,0.49062347412109375,0.21719546616077423,0.005019041709601879,1.0965042114257812,1.1508052349090576,0.1497928947210312,1.2554237842559814,0.21827535331249237
0.056334830820560455,0.5558967590332031,1.3105677366256714,1.3885095119476318,0.35583969950675964,1.2970502376556396,0.8948187828063965,4.487794876098633,0.8182460069656372,0.2791180908679962,0.3984902799129486,1.1066094636917114,0.08422845602035522,0.00039999998989515007,0.5513657927513123,1.3369159698486328,0.8133156895637512,2.406989336013794,0.3979836702346802,1.310014247894287,0.07429943978786469,0.9011167883872986,0.9875398278236389,0.03817356005311012,0.04224076867103577,0.14688453078269958,0.4039618968963623,1.643701434135437,0.8905462026596069,0.33706390857696533,0.023480180650949478,0.8634036183357239,0.9752176403999329,0.03977205604314804,1.0779014825820923,1.2364150285720825,0.588662326335907,1.0746524333953857,0.9079583287239075,1.0858120918273926,0.6580650806427002,0.15022099018096924,1.5172158479690552,0.6062254905700684,0.547886848449707,0.41567662358283997,0.8208144307136536,0.6372749209403992,0.789138913154602,0.8833978176116943,0.055496085435152054,0.9855756759643555,0.014225367456674576,1.1599291563034058,0.10905374586582184,0.015492919832468033,0.5124330520629883
0.4261789321899414,0.25172045826911926,1.2578201293945312,1.0472455024719238,0.30810150504112244,1.5441079139709473,1.3635581731796265,4.9771575927734375,0.3909936249256134,0.5419944524765015,0.7908740639686584,0.48749202489852905,0.2109590470790863,0.00039999998989515007,0.23942723870277405,1.268244743347168,0.16218669712543488,2.4780967235565186,1.0548434257507324,0.9750003814697266,0.5125784873962402,1.452943205833435,0.7842393517494202,0.13657772541046143,0.6326437592506409,0.49335697293281555,0.16170634329319,0.9083503484725952,1.0074282884597778,0.0009361092234030366,0.7182868719100952,0.1157073900103569,1.3533000946044922,0.27114248275756836,0.7687913179397583,1.0785287618637085,0.5842446684837341,0.6879289150238037,0.5720494389533997,0.6424593329429626,0.2540188431739807,1.1413558721542358,1.4597002267837524,0.2798852324485779,0.4341478645801544,0.48448240756988525,1.0704538822174072,0.5683591961860657,0.36843064427375793,0.8949348330497742,0.06564076989889145,0.3806178569793701,0.635564386844635,1.0112117528915405,0.09037231653928757,0.19009655714035034,0.7894613742828369
0.3942146897315979,0.04063145071268082,1.4498752355575562,1.1434049606323242,0.38822993636131287,1.8911538124084473,0.8993363976478577,4.922922134399414,0.13890819251537323,0.3927368223667145,0.6466546654701233,1.236871600151062,0.4154086112976074,0.00039999998989515007,0.06012333929538727,0.6224606037139893,0.7679634690284729,2.2911248207092285,0.44084006547927856,1.1064825057983398,0.27608218789100647,1.3002703189849854,1.04680335521698,0.36355262994766235,0.22821249067783356,0.40231913328170776,0.45529231429100037,1.1783589124679565,1.1930629014968872,0.20278234779834747,0.6127934455871582,0.2739828824996948,1.7968530654907227,0.2283751219511032,1.098448634147644,1.1182373762130737,0.1973412185907364,0.5471277832984924,0.7150276899337769,1.0721735954284668,0.4042123854160309,0.24292416870594025,1.0667742490768433,0.07316900044679642,0.17181070148944855,0.289193719625473,1.0791062116622925,0.25592371821403503,0.48209959268569946,0.6677599549293518,0.346088707447052,0.09855197370052338,0.05945766717195511,1.3206678628921509,0.24952659010887146,0.02110441029071808,0.4908691942691803
0.11913444101810455,0.32190486788749695,1.4275588989257812,0.9656363725662231,0.4562854766845703,1.7112925052642822,1.3607193231582642,4.732723236083984,0.02880895882844925,0.41109076142311096,0.9131869077682495,0.5031642317771912,0.46699678897857666,0.00039999998989515007,0.016994597390294075,1.3283401727676392,0.5380717515945435,2.0929083824157715,1.1528620719909668,1.032292127609253,0.11981302499771118,1.4545772075653076,0.7487314343452454,0.24409447610378265,0.5258588194847107,0.297013521194458,0.028543563559651375,1.2348400354385376,1.2161091566085815,0.07464037090539932,0.21667835116386414,0.3485322892665863,1.5236924886703491,0.06437698006629944,0.7397168874740601,1.4110524654388428,0.1754736453294754,0.4616468548774719,0.6102718710899353,0.5319317579269409,0.34817519783973694,0.6810311079025269,1.7631031274795532,0.14824479818344116,0.408762663602829,0.7541282773017883,1.21616530418396,0.3149946630001068,0.5757454037666321,0.6599001288414001,0.12651756405830383,0.6481825113296509,0.24571144580841064,1.0702455043792725,0.0067461030557751656,0.08989939838647842,0.9493497610092163
0.23083141446113586,0.5013886094093323,1.4216253757476807,0.5536704659461975,0.04535258188843727,1.6140484809875488,1.4708025455474854,5.019347190856934,0.1021498441696167,0.24328908324241638,0.06502112746238708,0.7872855067253113,0.5554324388504028,0.00039999998989515007,0.08984921127557755,0.5888544321060181,0.9310598373413086,1.997870922088623,0.7852739095687866,1.3193693161010742,0.08829467743635178,0.9849651455879211,0.8426718711853027,0.6761917471885681,0.17185382544994354,0.8029941916465759,0.6432290077209473,1.5651226043701172,0.37677016854286194,0.41257238388061523,0.8034086227416992,0.6799175143241882,1.5561927556991577,0.22806034982204437,1.3734561204910278,0.9925537109375,0.16371354460716248,0.5100476741790771,0.37261152267456055,0.4415413439273834,0.14625424146652222,1.2578816413879395,1.3602598905563354,0.4041118919849396,0.7001107335090637,0.7990244030952454,0.7238242030143738,0.5398013591766357,0.42449915409088135,0.49883008003234863,0.45991960167884827,0.14405497908592224,1.1177104711532593,0.8877477645874023,0.015026677399873734,0.3511072099208832,0.491703063249588
0.16308142244815826,0.2999629080295563,1.4262139797210693,1.1919978857040405,0.5327184796333313,1.4060015678405762,1.50628662109375,5.018613815307617,0.35777565836906433,0.23068340122699738,0.08494127541780472,0.6859397292137146,0.44220900535583496,0.00039999998989515007,0.27060431241989136,0.515226423740387,0.31238964200019836,1.7240138053894043,1.3299338817596436,0.9190036058425903,0.29660478234291077,1.7357779741287231,0.8089962601661682,0.14373886585235596,0.02132817544043064,0.715187668800354,0.7320358157157898,1.0152112245559692,1.022408127784729,0.31471094489097595,0.5733022093772888,0.11403211206197739,1.0763276815414429,0.3663061559200287,0.9299007654190063,0.654119074344635,0.7380105257034302,0.22071899473667145,0.19869476556777954,0.5274355411529541,0.7836652398109436,0.7975904941558838,1.3309704065322876,0.2901499271392822,0.766266942024231,0.5643743276596069,1.3557748794555664,1.0092313289642334,0.18155115842819214,0.8586373925209045,0.0035653256345540285,0.43618157505989075,0.015712695196270943,1.0988080501556396,0.402566522359848,0.4083675146102905,1.3769452571868896
0.11324797570705414,0.9667271375656128,1.2529982328414917,0.8453590273857117,0.3372342884540558,2.2190699577331543,1.0555475950241089,4.930135250091553,0.6602995991706848,0.2255098670721054,0.04848045855760574,1.1548693180084229,0.28649982810020447,0.00039999998989515007,0.3403822183609009,0.8424616456031799,1.4278205633163452,1.5176032781600952,0.4816935360431671,1.3578134775161743,0.32494616508483887,1.1908254623413086,0.8190662860870361,0.30341827869415283,0.15838736295700073,0.4708960950374603,0.9121415615081787,1.1661901473999023,0.1667458564043045,0.2934139370918274,0.9502110481262207,0.2654944956302643,1.302367925643921,0.9929118156433105,0.8991779685020447,0.8006778359413147,0.09854207932949066,0.8937865495681763,0.11992773413658142,0.14716288447380066,0.6925003528594971,1.4916422367095947,1.1029894351959229,0.6815287470817566,0.24972406029701233,0.5635896921157837,0.9689232110977173,0.5181669592857361,0.040811557322740555,0.380546510219574,0.6750540137290955,0.04398317262530327,1.469515323638916,0.7960094213485718,0.25914573669433594,0.17037490010261536,0.0554635152220726
0.23743271827697754,0.4478978216648102,1.501777172088623,1.0584025382995605,0.11253245174884796,0.8117536902427673,1.2590782642364502,4.806112766265869,0.8107019662857056,0.2592642605304718,0.30131828784942627,0.8282731771469116,0.3058408796787262,0.00039999998989515007,0.6050103902816772,0.5742416977882385,0.8275686502456665,2.1804285049438477,0.8377538919448853,1.2985670566558838,0.4802488684654236,0.8919789791107178,0.651447057723999,0.28730639815330505,0.10011431574821472,0.40568122267723083,0.1738089621067047,1.8506855964660645,0.9720770120620728,0.2747417986392975,0.1503109633922577,0.4279595613479614,1.0021898746490479,0.2832091152667999,1.0434370040893555,0.82417231798172,0.8704086542129517,0.7957704067230225,0.7681572437286377,0.8820534944534302,0.8523955345153809,0.10492891073226929,1.6265665292739868,0.49001020193099976,0.1787349432706833,1.0120675563812256,0.9273742437362671,0.5085527300834656,1.2019596099853516,1.1415674686431885,0.126935213804245,0.78493332862854,0.13864527642726898,1.0098474025726318,0.2461623102426529,0.06618254631757736,0.5593307614326477
0.2990213930606842,0.030670268461108208,1.41420316696167,1.0177979469299316,0.32712307572364807,1.617003083229065,1.2040826082229614,5.080379962921143,0.0008997824043035507,0.4189888834953308,0.5565503835678101,0.8345193862915039,0.42460399866104126,0.00039999998989515007,0.18097904324531555,0.7503782510757446,0.5541595816612244,2.2353382110595703,0.9193315505981445,1.1338142156600952,0.21831433475017548,1.4198297262191772,0.9047950506210327,0.15697233378887177,0.3318403363227844,0.5123841166496277,0.28498607873916626,1.2509528398513794,1.047322154045105,0.12516391277313232,0.518971860408783,0.02481750398874283,1.5358220338821411,0.23350010812282562,1.0196120738983154,1.117323637008667,0.37175679206848145,0.5855931639671326,0.569923996925354,0.7748029232025146,0.3413097560405731,0.6951488852500916,1.5104471445083618,0.0674896389245987,0.3728238344192505,0.6135678887367249,1.1257436275482178,0.40588507056236267,0.5312027335166931,0.683761477470398,0.18903741240501404,0.4242459535598755,0.4413466155529022,1.0888861417770386,0.16041003167629242,0.09989315271377563,0.7362737655639648
0.36007633805274963,0.2745896875858307,1.282593846321106,1.19124436378479,0.3521501421928406,1.9420982599258423,0.8475292921066284,4.996098518371582,0.48742178082466125,0.5333914160728455,0.6233829259872437,1.1012375354766846,0.20144157111644745,0.00039999998989515007,0.35601115226745605,0.9344905614852905,0.901145339012146,2.2816412448883057,0.8032283186912537,1.033538818359375,0.41507628560066223,1.3974984884262085,0.8847931623458862,0.10014531761407852,0.20604874193668365,0.3391273617744446,0.49091091752052307,0.8585086464881897,0.7716549038887024,0.1115885004401207,0.7030059099197388,0.17828436195850372,1.4711838960647583,0.6283161640167236,0.7248243093490601,1.062781572341919,0.3948184847831726,0.9400850534439087,0.4661003649234772,0.5396335124969482,0.08031132817268372,1.1125608682632446,1.3796097040176392,0.47871699929237366,0.1006508395075798,0.47486233711242676,1.2422960996627808,0.33487600088119507,0.2431129664182663,0.6241404414176941,0.22449348866939545,0.44150808453559875,1.0117243528366089,0.9182014465332031,0.3516707122325897,0.19396474957466125,0.295297235250473
0.17491790652275085,0.08902858942747116,1.4975790977478027,1.2656363248825073,0.3816116750240326,1.6711986064910889,1.1055536270141602,4.986665725708008,0.0991235077381134,0.43514859676361084,0.4098907709121704,0.6769362688064575,0.2328321635723114,0.00039999998989515007,0.3861251473426819,0.829448401927948,0.3787224292755127,2.2588839530944824,0.9598717093467712,1.1276040077209473,0.28146854043006897,1.2562904357910156,1.0286049842834473,0.008309276774525642,0.14931081235408783,0.4843665361404419,0.6026944518089294,1.148228406906128,1.123106837272644,0.1605011522769928,0.5694683194160461,0.008746118284761906,1.527733325958252,0.25027036666870117,1.157731056213379,1.1657617092132568,0.39496397972106934,0.5621432065963745,0.4683474898338318,0.8191856741905212,0.649736225605011,0.7384101152420044,1.5091472864151,0.13764138519763947,0.45505547523498535,0.46343865990638733,0.9366658329963684,0.5989553332328796,0.3781256079673767,0.680336058139801,0.03682829067111015,0.47381213307380676,0.3475543260574341,1.0610904693603516,0.3555624783039093,0.2145230621099472,0.7783204913139343
0.7535112500190735,0.14855147898197174,0.9340910911560059,0.2979121506214142,0.044436611235141754,0.8704911470413208,1.4911352396011353,4.627782344818115,0.18332169950008392,0.2254646122455597,0.5826155543327332,1.566677451133728,0.9366918206214905,0.00039999998989515007,0.4696708917617798,0.4763825833797455,0.34755900502204895,2.3192436695098877,1.320542812347412,1.1737309694290161,0.03416074812412262,1.5126798152923584,1.2541162967681885,0.07443688809871674,0.17526055872440338,0.8387755155563354,0.15604765713214874,1.5986120700836182,1.0149911642074585,0.32403942942619324,0.03684986010193825,0.16793537139892578,1.3588719367980957,0.26376160979270935,0.7766937613487244,0.6131729483604431,0.4345338046550751,0.8142097592353821,0.7433974742889404,0.7905919551849365,0.1830102801322937,0.11464505642652512,1.1902198791503906,0.24125786125659943,0.3305087089538574,1.2848987579345703,1.3028134107589722,0.05832606554031372,0.18226958811283112,0.5033328533172607,0.03184628114104271,0.39030522108078003,0.5683104991912842,1.1883008480072021,0.11402973532676697,0.7154456377029419,0.9244450330734253
0.3167480528354645,0.028535887598991394,1.419779896736145,1.076004981994629,0.535580039024353,1.8712873458862305,1.0971916913986206,4.955363750457764,0.20278464257717133,0.49490195512771606,0.543674886226654,0.5885161757469177,0.30396926403045654,0.00039999998989515007,0.3892664611339569,1.1616849899291992,0.3890196681022644,2.006452798843384,0.8807618021965027,1.0714432001113892,0.5921927690505981,1.5785346031188965,0.7173088192939758,0.0750286728143692,0.4171794652938843,0.46744289994239807,0.27147188782691956,1.0851167440414429,1.0286993980407715,0.2806263864040375,0.7083902359008789,0.020739970728754997,1.4466540813446045,0.553589403629303,1.0116782188415527,1.1224793195724487,0.3960026204586029,0.5041854977607727,0.4169826805591583,0.748447835445404,0.26714256405830383,0.9510878324508667,1.790473222732544,0.15692147612571716,0.3078027665615082,0.3499262034893036,1.055873155593872,0.36807873845100403,0.7237952351570129,0.66657954454422,0.24314436316490173,0.5751253366470337,0.507262647151947,0.9515884518623352,0.06263212859630585,0.2155376523733139,0.6570199131965637
0.12644197046756744,0.5427075624465942,1.4860094785690308,1.1963266134262085,0.4615674614906311,1.347938895225525,1.3316304683685303,4.826857089996338,0.43527957797050476,0.4424245357513428,0.1829194873571396,0.3643719553947449,0.268328458070755,0.00039999998989515007,0.46887725591659546,0.6081441640853882,0.0746079608798027,1.9082021713256836,1.4260809421539307,0.836452841758728,0.43944570422172546,1.5798298120498657,0.8356955051422119,0.27649423480033875,0.15972177684307098,0.6693722605705261,0.6050419807434082,0.8268308639526367,1.25544011592865,0.3143882155418396,0.6535468101501465,0.2519649863243103,1.2894313335418701,0.37266361713409424,1.0244423151016235,0.851963222026825,0.6006498336791992,0.17603635787963867,0.17468729615211487,0.604604959487915,0.953533411026001,0.9868416786193848,1.653170108795166,0.33022069931030273,0.9623941779136658,0.4919220507144928,1.162158489227295,0.8204686641693115,0.2583945095539093,0.7411605715751648,0.1180623322725296,0.580050528049469,0.1812233179807663,0.9285534024238586,0.44766443967819214,0.468754380941391,1.2898756265640259
0.08596915006637573,0.40356341004371643,1.395693063735962,1.2299587726593018,0.6890977025032043,1.8011951446533203,1.0508850812911987,4.93110466003418,0.4277122914791107,0.08015214651823044,0.01882188208401203,0.8455370664596558,0.6119482517242432,0.00039999998989515007,0.1917341649532318,0.38542628288269043,0.45113036036491394,1.492395281791687,1.091792106628418,0.824053168296814,0.4787205457687378,1.7532007694244385,0.7127984166145325,0.04136167839169502,0.005728899966925383,0.9338887929916382,0.7665306925773621,1.0898795127868652,1.0794492959976196,0.008127277716994286,0.7251253128051758,0.04344391077756882,1.2662758827209473,0.5528441071510315,0.9672362208366394,0.4776117503643036,1.1618437767028809,0.07117214798927307,0.1539493203163147,0.7077333331108093,0.7609816193580627,0.8980871438980103,1.1512311697006226,0.10661076009273529,0.9795905947685242,0.3864481747150421,1.4038293361663818,0.6886309385299683,0.2508624196052551,1.1740576028823853,0.3634866178035736,0.35020723938941956,0.11727843433618546,1.10086190700531,0.35020917654037476,0.20089122653007507,1.0706502199172974
0.24804188311100006,0.4570004642009735,1.308737874031067,0.4710412919521332,0.38535070419311523,2.0978682041168213,1.141714096069336,4.732057094573975,0.5088961720466614,0.2422320693731308,0.18850530683994293,0.5618661046028137,0.6309822201728821,0.00039999998989515007,0.006427668500691652,1.130443811416626,0.4282703399658203,1.916736364364624,0.7761097550392151,1.2521783113479614,0.34441688656806946,1.1402392387390137,0.9377564191818237,0.6382994651794434,0.34462594985961914,0.7465178966522217,0.4598437249660492,1.3982717990875244,0.6880830526351929,0.4514809250831604,0.8239976763725281,0.8903024792671204,1.774251103401184,0.4329721927642822,1.330852746963501,1.2479546070098877,0.2263089120388031,0.36248594522476196,0.4804733395576477,0.2969294786453247,0.031121794134378433,1.5733078718185425,1.5053077936172485,0.48468223214149475,0.8579966425895691,0.43603014945983887,0.6435426473617554,0.4089696407318115,0.211843803524971,0.31185007095336914,0.591339111328125,0.39696162939071655,0.8578762412071228,0.7990805506706238,0.17869272828102112,0.3680543601512909,0.6648759245872498
0.12458537518978119,0.42535504698753357,1.2972056865692139,1.2803982496261597,0.46330416202545166,1.0651739835739136,0.8134459853172302,4.481231212615967,0.40115609765052795,0.13374784588813782,0.4362534284591675,1.042279601097107,0.30303284525871277,0.00039999998989515007,0.13556425273418427,0.9394099712371826,0.6186985373497009,2.216404438018799,0.43358615040779114,1.2752726078033447,0.2161312699317932,0.9907788634300232,0.992065966129303,0.26592639088630676,0.34697601199150085,0.16381345689296722,0.16343732178211212,1.9067832231521606,1.03721284866333,0.3115538954734802,0.097618468105793,0.6965951919555664,1.0105385780334473,0.43108147382736206,1.0072932243347168,1.2765997648239136,0.648878812789917,0.8236687779426575,1.1581697463989258,1.1703131198883057,0.9314534664154053,0.4128856062889099,1.4253277778625488,0.6307898163795471,0.4633500277996063,0.5254969596862793,0.8655644655227661,0.4840848743915558,0.8902947306632996,1.0036643743515015,0.012667353264987469,0.8363391757011414,0.5003188848495483,1.4184256792068481,0.014312436804175377,0.1755046248435974,0.8704128861427307
0.15529035031795502,0.12290995568037033,1.5083621740341187,1.4435166120529175,0.1412353217601776,0.7087234258651733,1.0283452272415161,4.6488237380981445,1.338550090789795,0.38286906480789185,0.547182023525238,0.6232379674911499,0.12958145141601562,0.00039999998989515007,0.6622669696807861,0.6161473989486694,0.7141121029853821,2.4510624408721924,0.796807587146759,1.1671016216278076,0.678307831287384,0.6194801330566406,0.792149543762207,0.15389707684516907,0.003323389682918787,0.048448432236909866,0.2611578106880188,1.4162065982818604,1.2798463106155396,0.19923615455627441,0.5303517580032349,0.5738441944122314,1.0362523794174194,0.47066667675971985,0.9669623970985413,1.096688985824585,0.24951614439487457,1.0064730644226074,0.8176076412200928,1.06049382686615,1.0662813186645508,0.44493263959884644,1.4323691129684448,0.7093125581741333,0.11404380202293396,0.7599251866340637,0.7412911653518677,0.8069806694984436,1.0616403818130493,0.934177577495575,0.5838236212730408,0.5990095138549805,0.20081214606761932,1.1266840696334839,0.42672261595726013,0.15587139129638672,0.44372040033340454
0.8193346858024597,0.458917498588562,0.9670137763023376,0.5055550336837769,0.0073697445914149284,0.9456923007965088,1.4583024978637695,4.7046709060668945,0.3556939661502838,0.5875657200813293,1.034651756286621,0.8308575749397278,0.5572988390922546,0.00039999998989515007,0.15808117389678955,0.054044824093580246,0.09084583818912506,2.6930434703826904,1.431112289428711,0.9573965072631836,0.19327837228775024,1.5934721231460571,1.210418462753296,0.21580705046653748,0.5928938388824463,0.4744013249874115,0.3764978349208832,1.0429481267929077,1.1816601753234863,0.23905029892921448,0.1837662309408188,0.015343662351369858,1.5427939891815186,0.17128370702266693,0.7152573466300964,1.189993977546692,0.059248313307762146,0.7989673018455505,0.6797983646392822,0.8434481620788574,0.14625072479248047,0.14889101684093475,1.5785714387893677,0.23489704728126526,0.11547143757343292,1.061223030090332,1.1190013885498047,0.026151053607463837,0.21980725228786469,0.12600426375865936,0.20658722519874573,0.46693968772888184,0.6887434124946594,1.0701723098754883,0.023776601999998093,0.35805007815361023,0.9336694478988647
0.3398793041706085,0.0772961899638176,1.1634376049041748,1.1492555141448975,0.4100600481033325,1.5477917194366455,1.0334166288375854,5.084973335266113,0.23542098701000214,0.39475834369659424,0.6563026905059814,0.6792987585067749,0.2932588756084442,0.00039999998989515007,0.2878711521625519,1.1139471530914307,0.31628260016441345,2.3672425746917725,0.9834222793579102,1.005287766456604,0.4374772012233734,1.4513553380966187,0.8286401629447937,0.15856944024562836,0.5832589864730835,0.5181384682655334,0.18863515555858612,1.1469517946243286,0.8536301255226135,0.037462033331394196,0.664503276348114,0.045834511518478394,1.2350728511810303,0.2792470157146454,0.6878232359886169,1.0539902448654175,0.9110350608825684,0.7948114275932312,0.6751487255096436,0.6112509369850159,0.28315261006355286,1.1598494052886963,1.4263883829116821,0.377532958984375,0.35479700565338135,0.5280534625053406,1.1728802919387817,0.48547428846359253,0.2513861656188965,1.050515055656433,0.19895070791244507,0.5373405814170837,0.6087151169776917,1.0466406345367432,0.13123191893100739,0.11197259277105331,0.8162370920181274
0.8197325468063354,0.4442889392375946,1.2290312051773071,0.12355495244264603,0.13215893507003784,0.7459984421730042,1.2723045349121094,4.598458290100098,0.470858097076416,0.7552956342697144,1.155570387840271,0.8689590692520142,0.5368672013282776,0.00039999998989515007,0.24142837524414062,0.05250698700547218,0.1456708312034607,2.738692045211792,0.9600641131401062,0.9491570591926575,0.09906546026468277,1.2582008838653564,1.0078777074813843,0.433689147233963,0.8398821353912354,0.3661485016345978,0.7298198342323303,1.0239043235778809,1.4879024028778076,0.19181041419506073,0.24327926337718964,0.21462319791316986,1.9486446380615234,0.3116964101791382,0.9010460376739502,1.1925164461135864,0.4063882529735565,0.5146737098693848,0.9481363892555237,0.8960408568382263,0.3181605041027069,0.051664385944604874,1.6119157075881958,0.17995643615722656,0.37620842456817627,0.7986412644386292,0.9838531017303467,0.3067324459552765,0.8119137287139893,0.005722134839743376,0.1401553750038147,0.24772560596466064,0.4426196217536926,0.9777194261550903,0.08785172551870346,0.14869266748428345,0.7538012266159058
0.40022391080856323,0.027471600100398064,1.3439775705337524,1.2692137956619263,0.3225831985473633,1.3378145694732666,1.0924731492996216,4.918896675109863,0.3317353129386902,0.5347269177436829,0.9694119691848755,0.6945221424102783,0.17022056877613068,0.00039999998989515007,0.12540355324745178,0.9429303407669067,0.4839157164096832,2.4286341667175293,1.1063841581344604,1.01187264919281,0.07072644680738449,1.28714919090271,0.9240643382072449,0.051324512809515,0.5296923518180847,0.2155592292547226,0.07486005127429962,1.0458412170410156,1.2277477979660034,0.01803167350590229,0.12571771442890167,0.1046401783823967,1.4433798789978027,0.05406209081411362,0.7352620363235474,1.385606050491333,0.1022040918469429,0.9440938234329224,0.7051150798797607,0.7964966297149658,0.40770480036735535,0.3914456069469452,1.6186890602111816,0.08986601233482361,0.018726728856563568,0.722804605960846,1.1986196041107178,0.4476068615913391,0.5370396375656128,0.656223475933075,0.2113489806652069,0.5882556438446045,0.3928735852241516,1.121485948562622,0.15398074686527252,0.043992795050144196,0.7580021023750305
0.7076965570449829,0.45327824354171753,1.1577872037887573,0.776841938495636,0.031070441007614136,0.6352453827857971,1.3803679943084717,4.379817962646484,0.3067837059497833,0.7303290367126465,1.3433057069778442,0.7436916828155518,0.2357124239206314,0.00039999998989515007,0.11358815431594849,0.02708163857460022,0.08062424510717392,2.652287244796753,1.3641102313995361,0.9758728742599487,0.12423072010278702,1.3157278299331665,1.202593207359314,0.08499646931886673,0.5949905514717102,0.09812510758638382,0.4740619659423828,0.8898398876190186,1.5117617845535278,0.04578565061092377,0.25533732771873474,0.21520982682704926,1.5781253576278687,0.482677698135376,0.5935794115066528,1.3447120189666748,0.4848446249961853,1.0701011419296265,0.8239141702651978,0.9624192118644714,0.4007619023323059,0.3588497042655945,1.567133903503418,0.057462312281131744,0.18570789694786072,1.1435075998306274,1.096484899520874,0.029755234718322754,0.519491970539093,0.07074955850839615,0.5674920678138733,0.40276622772216797,0.4434962868690491,1.1804014444351196,0.20419786870479584,0.47209495306015015,0.7629794478416443
0.5193662047386169,0.3338594138622284,1.3168373107910156,1.1717315912246704,0.4422141909599304,1.7630056142807007,0.7921043634414673,4.629754066467285,0.3705492615699768,0.7512581944465637,0.9423593878746033,0.46562474966049194,0.07857784628868103,0.00039999998989515007,0.3064250946044922,1.1969612836837769,0.06549922376871109,2.3978962898254395,0.974783182144165,0.8771488070487976,0.8105503916740417,1.4230750799179077,0.9480695128440857,0.2611829340457916,0.700548529624939,0.3097415864467621,0.16756197810173035,0.6968527436256409,1.2263447046279907,0.03505605831742287,0.8906258344650269,0.10131549090147018,1.655759334564209,0.4136125445365906,0.8180435299873352,1.367820382118225,0.2226279228925705,0.6821110248565674,0.6110122799873352,0.7337400317192078,0.3820549249649048,1.1743110418319702,1.7678816318511963,0.19272831082344055,0.3223840594291687,0.23003578186035156,0.9734461903572083,0.1678539365530014,0.34008732438087463,0.5501498579978943,0.04695871099829674,0.5429807305335999,0.711412787437439,0.9455329775810242,0.20380942523479462,0.18609987199306488,0.6601446270942688
0.33402004837989807,0.5176907181739807,1.2970870733261108,1.4395984411239624,0.7533136606216431,2.2296009063720703,0.49184438586235046,4.919444561004639,0.02220042794942856,0.47905972599983215,0.4416621923446655,0.9619142413139343,0.12253900617361069,0.00039999998989515007,0.6761766672134399,0.6756684184074402,0.6016024947166443,1.5889339447021484,0.6939364075660706,0.6429407000541687,1.035042405128479,1.891538143157959,0.6538635492324829,0.5176535248756409,0.005299114156514406,0.5822635293006897,0.6570874452590942,0.2521072328090668,1.0862863063812256,0.16323131322860718,1.0028295516967773,0.4987994432449341,1.4367815256118774,1.3540096282958984,0.7175331115722656,0.5531842112541199,0.6468808054924011,0.4781968891620636,0.09866946935653687,0.7291791439056396,0.08257818967103958,1.1726850271224976,1.2174839973449707,0.18358469009399414,0.4593755900859833,0.13426369428634644,1.494766354560852,0.3986523151397705,0.23196090757846832,0.6857495307922363,0.43224382400512695,0.2626654803752899,0.5371422171592712,0.8091890811920166,0.5560256838798523,0.13131211698055267,0.32459142804145813
0.2816742956638336,0.5168219804763794,1.5721505880355835,1.376960039138794,0.24605435132980347,1.5379644632339478,0.6131048798561096,4.576956272125244,0.12187641113996506,0.734412431716919,1.0188121795654297,0.546474277973175,0.010888597927987576,0.00039999998989515007,0.5577280521392822,0.9820216298103333,0.31910696625709534,2.3792080879211426,0.7596218585968018,0.8774932026863098,0.44178062677383423,0.9841087460517883,0.7866908311843872,0.0765850692987442,0.4760701060295105,0.5240917205810547,0.2439838945865631,0.8053170442581177,1.4400383234024048,0.06439119577407837,0.5996641516685486,0.10923384875059128,1.8733125925064087,0.33563733100891113,1.2266757488250732,1.3006339073181152,0.18585573136806488,0.7034415006637573,0.4826895296573639,1.1263301372528076,0.5423904657363892,0.7745745182037354,1.8372056484222412,0.04015697166323662,0.562636137008667,0.2263752520084381,0.9610868692398071,0.29196897149086,0.8443623781204224,0.7871408462524414,0.02996615506708622,0.6041549444198608,0.6730943322181702,0.8186891078948975,0.17081506550312042,0.168888658285141,0.2319655865430832
0.1759021282196045,1.267427682876587,1.2918034791946411,1.2618610858917236,0.039904411882162094,1.2486754655838013,0.8915712237358093,4.657103538513184,2.0486433506011963,0.22831691801548004,0.08364814519882202,0.8766342401504517,0.3290042579174042,0.00039999998989515007,0.9693026542663574,0.723388671875,1.718497633934021,1.78788423538208,0.41462722420692444,1.546157956123352,0.6330838203430176,0.5040369629859924,0.7851147651672363,0.2513976991176605,0.28006264567375183,0.06043071672320366,0.6056132316589355,1.4695245027542114,0.14708249270915985,0.3971135914325714,0.2569032907485962,0.636483371257782,0.7535946369171143,0.2210179567337036,0.8424661755561829,0.9894217252731323,0.08900618553161621,1.7815200090408325,0.4267725646495819,0.466405987739563,0.2896934151649475,0.5017214417457581,1.2892701625823975,0.051907215267419815,0.8277750015258789,0.9184673428535461,0.5932431221008301,0.7231013774871826,0.8411155939102173,0.44654908776283264,0.10215205699205399,0.5186526775360107,1.220232605934143,0.7932417988777161,0.4403097629547119,0.41347748041152954,0.360273540019989
0.4054658114910126,0.020321723073720932,1.4163539409637451,1.164628028869629,0.3221450448036194,1.1814498901367188,1.0851635932922363,5.096165657043457,0.1874612271785736,0.41452276706695557,0.6025266051292419,0.9426562190055847,0.39226678013801575,0.00039999998989515007,0.009842058643698692,0.3442320227622986,0.6394072771072388,2.13504958152771,0.9965568780899048,1.0925579071044922,0.04566892236471176,1.3950233459472656,0.9237424731254578,0.2319774180650711,0.4891493618488312,0.3652685284614563,0.1260906308889389,1.324674129486084,1.1453853845596313,0.11222433298826218,0.20265088975429535,0.17487883567810059,1.3610917329788208,0.13610246777534485,0.787521243095398,1.104771375656128,0.32139652967453003,0.8302010297775269,0.7948872447013855,0.8423283100128174,0.5250818729400635,0.29655832052230835,1.4546570777893066,0.018238939344882965,0.07865141332149506,0.7938233613967896,1.2953261137008667,0.41645318269729614,0.6990506649017334,0.7927172780036926,0.08723466098308563,0.39752426743507385,0.19032613933086395,1.2972029447555542,0.20020562410354614,0.007436646614223719,0.8439874649047852
0.3867354989051819,0.0017292206175625324,1.4127188920974731,0.8017551898956299,0.33866122364997864,1.2921873331069946,0.8800786733627319,4.410651206970215,0.446218878030777,0.7663421630859375,1.2247756719589233,0.4426761269569397,0.3813326358795166,0.00039999998989515007,0.22725388407707214,1.0440260171890259,0.0983300656080246,2.2056350708007812,1.1545307636260986,0.7002413868904114,0.3147841989994049,1.3926267623901367,0.6030833125114441,0.3023359179496765,1.1690949201583862,0.12886083126068115,0.41136080026626587,0.919076681137085,1.4149667024612427,0.08503637462854385,0.5591225624084473,0.5718057155609131,1.7087624073028564,0.0983392596244812,0.4795627295970917,1.477968692779541,0.038534943014383316,0.34921443462371826,0.9361753463745117,0.48190727829933167,0.5338342785835266,0.9973844885826111,2.006272792816162,0.35694801807403564,0.5697376728057861,0.6376310586929321,1.3031491041183472,0.19746290147304535,0.7988118529319763,0.6565456986427307,0.015843389555811882,0.6271738409996033,0.4077857732772827,1.015418291091919,0.0019003601046279073,0.2653425335884094,0.9605440497398376
0.0390273779630661,0.7353207468986511,1.2538057565689087,1.4586032629013062,0.16740211844444275,0.8507192730903625,0.6465371251106262,4.800958633422852,1.1412346363067627,0.3403763473033905,0.39306512475013733,1.042565107345581,0.01757943257689476,0.00039999998989515007,0.4703589379787445,0.7794937491416931,1.0930250883102417,2.204502820968628,0.7730184197425842,1.1137866973876953,0.43180927634239197,0.828809916973114,0.6008835434913635,0.08252927660942078,0.48308709263801575,0.06225879117846489,0.26657339930534363,1.512771725654602,0.5560203194618225,0.051694296300411224,0.10782533138990402,0.6137415766716003,0.7194015383720398,0.22382400929927826,0.47921139001846313,0.9051275253295898,1.169893741607666,1.4075180292129517,1.0807873010635376,0.5565133690834045,0.6884850859642029,0.7607109546661377,1.4453667402267456,0.08921575546264648,0.2981310188770294,0.9469774961471558,1.1914926767349243,0.4675350487232208,0.8296107649803162,1.4091497659683228,0.14963321387767792,0.8930902481079102,0.5407789945602417,1.0583211183547974,0.38904014229774475,0.07839533686637878,0.47564756870269775
0.43890461325645447,0.3070557415485382,1.5333356857299805,0.3198293149471283,0.10602089017629623,1.2312287092208862,1.2505031824111938,4.810356140136719,0.4126397669315338,0.5328521728515625,0.7301343083381653,0.46647870540618896,0.530978798866272,0.00039999998989515007,0.3104568123817444,0.7379090785980225,0.43385422229766846,2.037815570831299,0.8480278253555298,1.0746326446533203,0.09064732491970062,1.0730735063552856,0.6971295475959778,0.9693018198013306,0.9012869596481323,0.32581013441085815,0.323902428150177,1.3248153924942017,1.130946397781372,0.4677097797393799,0.37282997369766235,0.9315226674079895,1.8419970273971558,0.1888047307729721,0.9986369013786316,1.462509274482727,0.5451726913452148,0.302998811006546,0.778321385383606,0.4604177474975586,0.11590740829706192,0.7754145264625549,1.8089991807937622,0.32790982723236084,0.6195210218429565,0.690308690071106,0.9113579392433167,0.08207806944847107,0.9837819933891296,0.19002023339271545,0.14237050712108612,0.24019043147563934,0.5147365927696228,0.9879761338233948,0.2504352629184723,0.4307975769042969,0.8298507332801819
0.9462636709213257,0.8535561561584473,1.1642882823944092,0.6840230822563171,0.027336984872817993,0.8884357810020447,0.8491681218147278,4.1434407234191895,0.19980889558792114,0.8741868734359741,1.3993605375289917,1.0747203826904297,0.3520634174346924,0.00039999998989515007,0.34101468324661255,0.3624037504196167,0.21210181713104248,2.7362804412841797,0.961980938911438,0.7820151448249817,0.3330211043357849,1.3369239568710327,1.398891806602478,0.007417765911668539,0.6834123730659485,0.12133168429136276,0.4352848529815674,0.6759706735610962,1.7527846097946167,0.05815007910132408,0.2650839686393738,0.2425866425037384,1.9960999488830566,0.3029688000679016,0.7145065665245056,1.3265701532363892,0.6297311782836914,0.6776548624038696,0.9393556118011475,1.235295057296753,0.535233736038208,0.4529496133327484,1.3831101655960083,0.10623307526111603,0.013038566336035728,0.6083733439445496,1.0055789947509766,0.4239521920681,0.39984965324401855,0.0948815792798996,0.3349094092845917,0.1332423835992813,0.2521367371082306,1.2884758710861206,0.2736494243144989,0.4372054934501648,0.636559247970581
0.4576324224472046,0.2125760018825531,1.2779176235198975,1.1153767108917236,0.18571801483631134,1.1399881839752197,1.097484827041626,4.849578380584717,0.162430539727211,0.5338209867477417,0.9439366459846497,0.6493276953697205,0.2197563797235489,0.00039999998989515007,0.0005768967093899846,0.476184606552124,0.303695410490036,2.498361110687256,1.1047831773757935,1.1416668891906738,0.03509632870554924,1.2989054918289185,1.0872145891189575,0.09375603497028351,0.5753125548362732,0.13065432012081146,0.1303335279226303,1.1996501684188843,1.2683504819869995,0.26365765929222107,0.04999528452754021,0.006735886447131634,1.4792873859405518,0.3097141683101654,0.8071300387382507,1.4355318546295166,0.02642405778169632,0.9620683193206787,0.8945016860961914,0.8628549575805664,0.5011729001998901,0.1503957211971283,1.558418869972229,0.06010061502456665,0.031576577574014664,0.7856537699699402,1.0968143939971924,0.19890807569026947,0.5886650681495667,0.5704264640808105,0.19761843979358673,0.49303698539733887,0.24478843808174133,1.2803879976272583,0.1962985247373581,0.10967756062746048,0.8660990595817566
0.0016605905257165432,0.0938648208975792,1.3601078987121582,1.2800832986831665,0.18694935739040375,0.7556517720222473,1.0857675075531006,4.863265037536621,0.6610763072967529,0.29406142234802246,0.5551722645759583,0.6158239245414734,0.20619305968284607,0.00039999998989515007,0.4933866262435913,0.5278486013412476,0.5031638145446777,2.216107130050659,0.9826211333274841,1.1998530626296997,0.3643713891506195,0.9548869729042053,0.811500608921051,0.027627380564808846,0.34351956844329834,0.3111635446548462,0.012386143207550049,1.671504259109497,1.1229201555252075,0.42679381370544434,0.2660932242870331,0.4935730993747711,0.9807733297348022,0.3840838670730591,0.9260444045066833,1.0460487604141235,0.7420074343681335,0.9970283508300781,0.8141176700592041,1.0375241041183472,0.9294254779815674,0.0594526045024395,1.6741621494293213,0.4934193789958954,0.025307470932602882,0.9371285438537598,0.9235954284667969,0.5024421811103821,1.0578927993774414,1.07374906539917,0.31251025199890137,0.8280258774757385,0.009082783944904804,1.1151877641677856,0.18583722412586212,0.08826442807912827,0.726590096950531
0.5755756497383118,0.27073484659194946,1.308571219444275,1.1275919675827026,0.38274961709976196,1.272525429725647,1.0220990180969238,5.142488956451416,0.38846585154533386,0.6148388385772705,0.6870061159133911,0.621735155582428,0.24075423181056976,0.00039999998989515007,0.16230367124080658,0.7907592058181763,0.18376758694648743,2.2330307960510254,0.9885056018829346,0.8951156735420227,0.4638593792915344,1.5323286056518555,0.6890065670013428,0.09648164361715317,0.87064129114151,0.3407886028289795,0.03764713555574417,0.9552171230316162,1.0670385360717773,0.2751185894012451,0.6778533458709717,0.011212916113436222,1.2844159603118896,0.1805499941110611,0.6780207753181458,1.0590475797653198,0.520942747592926,0.7241513729095459,0.7528436779975891,0.7398610711097717,0.4622649848461151,0.9137433171272278,1.66221022605896,0.0343812070786953,0.2369728535413742,0.45466282963752747,1.23619544506073,0.364962100982666,0.7460745573043823,0.911653459072113,0.03155075013637543,0.4640616774559021,0.4135076105594635,1.1138204336166382,0.09721612185239792,0.2700999677181244,0.8852417469024658
0.7925457954406738,0.5789804458618164,0.9413871169090271,0.6802230477333069,0.4819088280200958,2.1945443153381348,0.8101166486740112,5.1655731201171875,0.5224475860595703,0.27991828322410583,0.17192313075065613,0.9483312368392944,0.3428346514701843,0.00039999998989515007,0.18808171153068542,1.0965454578399658,0.8365538716316223,1.6490371227264404,0.3477466106414795,1.0687733888626099,0.8549630045890808,1.5940476655960083,0.6985683441162109,0.04100527614355087,0.46109095215797424,0.45929330587387085,0.5189696550369263,0.9678856134414673,0.108883798122406,0.7319257259368896,1.304466962814331,0.2543080747127533,1.051154613494873,1.0818673372268677,0.740116536617279,0.8627786636352539,0.24216142296791077,0.7033833265304565,0.26155751943588257,0.21329760551452637,0.9387977123260498,1.691606879234314,1.205199956893921,0.5905824899673462,0.15358342230319977,0.01985679753124714,0.8925630450248718,0.4197516441345215,0.18360747396945953,0.29936233162879944,0.6827738881111145,0.0766424685716629,1.3074976205825806,0.8567105531692505,0.11233403533697128,0.293138712644577,0.3160628080368042
0.517200231552124,0.34117841720581055,1.3485662937164307,0.9313957691192627,0.26340189576148987,1.4910304546356201,1.0774790048599243,4.826957702636719,0.3423157036304474,0.4877711832523346,0.985946536064148,0.6010059118270874,0.5075615644454956,0.00039999998989515007,0.1671367883682251,0.5023027658462524,0.21145690977573395,2.213322639465332,1.0127861499786377,1.0160802602767944,0.22977380454540253,1.3371927738189697,1.035229206085205,0.23987233638763428,0.7040368914604187,0.49761325120925903,0.09520674496889114,1.227324366569519,1.3455402851104736,0.252590149641037,0.37790727615356445,0.202114075422287,1.7988049983978271,0.06915700435638428,1.0167748928070068,1.3992234468460083,0.04315561428666115,0.5909767746925354,0.7053214311599731,1.0089977979660034,0.41168466210365295,0.42439737915992737,1.6109614372253418,0.15649554133415222,0.4171052575111389,0.6354817152023315,1.0330214500427246,0.09983564913272858,0.6132664680480957,0.5663517117500305,0.11262670159339905,0.3582492470741272,0.3167806565761566,1.2148863077163696,0.035961080342531204,0.05885128676891327,0.7936446070671082
0.32677578926086426,0.6974737048149109,1.2192615270614624,1.1439006328582764,0.4556657671928406,1.1982109546661377,1.2814868688583374,4.220687389373779,0.6016755104064941,0.610344409942627,0.9450191259384155,0.2574109435081482,0.048025261610746384,0.00039999998989515007,0.09682750701904297,1.0557554960250854,0.6350261569023132,2.2167909145355225,1.5931599140167236,0.8072847723960876,0.39593589305877686,1.5619332790374756,1.0338668823242188,0.34204477071762085,0.6307814121246338,0.07627242058515549,0.1378071904182434,0.5358792543411255,1.6062376499176025,0.6639413833618164,0.09677974134683609,0.678392767906189,1.3458362817764282,0.1519065648317337,0.6835250854492188,1.6957948207855225,0.4461035430431366,0.42018240690231323,0.5378221273422241,0.48729777336120605,0.8620506525039673,0.4140959084033966,1.8791996240615845,0.24844567477703094,0.5155956745147705,0.39630430936813354,1.0386990308761597,0.4358755946159363,0.16002622246742249,0.22976846992969513,0.4238417148590088,0.7500494122505188,0.20148436725139618,1.1089118719100952,0.2745573818683624,0.37397462129592896,1.6591826677322388
0.5854951739311218,0.0352959930896759,1.1913028955459595,0.9778245687484741,0.3907657563686371,1.3710778951644897,1.0666701793670654,4.92472505569458,0.21349279582500458,0.3747905492782593,0.5758143067359924,1.0211730003356934,0.602989137172699,0.00039999998989515007,0.2221558541059494,0.4510813057422638,0.27154964208602905,2.2551400661468506,1.103734016418457,1.0513279438018799,0.1967347115278244,1.521915316581726,1.231569766998291,0.04611896723508835,0.4964960515499115,0.3220853805541992,0.09320760518312454,1.438991665840149,1.1020543575286865,0.509890615940094,0.24846920371055603,0.053812216967344284,1.325632095336914,0.17414014041423798,0.7094013690948486,1.3082067966461182,0.2719406187534332,0.6630489826202393,0.8695617914199829,0.805059015750885,0.5000434517860413,0.17699271440505981,1.512793779373169,0.0294415894895792,0.02885313332080841,0.680796205997467,1.1658220291137695,0.22959423065185547,0.3055720031261444,0.543364405632019,0.10466242581605911,0.5557247400283813,0.11868122220039368,1.3789423704147339,0.09283643215894699,0.07342304289340973,1.1122405529022217
0.474916934967041,0.0544065460562706,1.2225013971328735,1.0864533185958862,0.3311770260334015,1.4180059432983398,1.146376132965088,5.020702838897705,0.1587887406349182,0.3815728425979614,0.6802272200584412,0.7002676129341125,0.47642844915390015,0.00039999998989515007,0.08072016388177872,0.6336868405342102,0.31374943256378174,2.1713926792144775,1.2097322940826416,1.037667155265808,0.16484826803207397,1.4358787536621094,1.0297932624816895,0.002074392279610038,0.6136249303817749,0.44691669940948486,0.10509371757507324,1.2920043468475342,1.0338470935821533,0.39290839433670044,0.327086865901947,0.08444242179393768,1.3492203950881958,0.05448140949010849,0.7739368081092834,1.2855418920516968,0.43975237011909485,0.8067641258239746,0.7281292080879211,0.7496483325958252,0.44425565004348755,0.6598688364028931,1.5901955366134644,0.17471098899841309,0.21237623691558838,0.773585855960846,1.173378586769104,0.37556013464927673,0.35860082507133484,0.7622679471969604,0.01934930868446827,0.5837302803993225,0.3936266005039215,1.2261483669281006,0.05523379147052765,0.05019443854689598,1.0223865509033203
0.48635339736938477,0.28947633504867554,1.2919772863388062,1.1080402135849,0.23466551303863525,1.3344112634658813,1.1390472650527954,5.004164218902588,0.06354281306266785,0.47691768407821655,0.8149845600128174,0.6741322875022888,0.3826701045036316,0.00039999998989515007,0.010011584497988224,0.4089732766151428,0.26297757029533386,2.281201124191284,1.1493133306503296,1.0567089319229126,0.13335682451725006,1.3480454683303833,1.0781844854354858,0.026781544089317322,0.5752898454666138,0.40830835700035095,0.043986476957798004,1.1891005039215088,1.2168039083480835,0.34250032901763916,0.2718968987464905,0.0019564672838896513,1.5153183937072754,0.10556216537952423,0.8850030303001404,1.2901222705841064,0.2524794042110443,0.8389554023742676,0.7184218764305115,0.9221904277801514,0.5168525576591492,0.4312486946582794,1.5420973300933838,0.093848317861557,0.24638798832893372,0.740901529788971,1.1094944477081299,0.29887351393699646,0.4993104934692383,0.6932715773582458,0.08921021968126297,0.4499451518058777,0.35401275753974915,1.2379908561706543,0.142019584774971,0.029843930155038834,0.8785589933395386
0.5131963491439819,0.12245917320251465,1.3361119031906128,1.0490015745162964,0.20668216049671173,0.9883631467819214,1.234162449836731,5.126651287078857,0.00371821247972548,0.48287472128868103,0.5758194327354431,0.8740758299827576,0.4301872253417969,0.00039999998989515007,0.09781164675951004,0.18941368162631989,0.387136846780777,2.2153244018554688,1.1798443794250488,1.007416009902954,0.05657557398080826,1.3680355548858643,0.9982350468635559,0.14730821549892426,0.6009966731071472,0.30246299505233765,0.06586162745952606,1.236501932144165,1.1455276012420654,0.41410893201828003,0.20735159516334534,0.018921945244073868,1.2935136556625366,0.2699803411960602,0.6935434341430664,1.1366528272628784,0.27926933765411377,0.7862110137939453,0.8414292931556702,0.7797173857688904,0.6561640501022339,0.306100457906723,1.4769614934921265,0.012937149032950401,0.15146709978580475,0.8417237401008606,1.2492749691009521,0.4308445453643799,0.5816873908042908,0.7423023581504822,0.2788165509700775,0.40250810980796814,0.19983619451522827,1.3253594636917114,0.22145295143127441,0.04787706583738327,1.0661849975585938
0.47671180963516235,0.5789065361022949,1.3983467817306519,1.4326950311660767,0.22103743255138397,1.2337738275527954,0.9292269945144653,4.927304744720459,0.08599592000246048,0.6169300675392151,0.792677640914917,0.697287917137146,0.1384306252002716,0.00039999998989515007,0.19988949596881866,0.4113735556602478,0.22114522755146027,2.361532688140869,1.1397522687911987,0.8423147797584534,0.2302100956439972,1.1842916011810303,1.0255465507507324,0.1720200926065445,0.5342462658882141,0.4112947881221771,0.3166612982749939,0.827992856502533,1.3165439367294312,0.1573103666305542,0.4549719989299774,0.17548778653144836,1.480414867401123,0.005158746615052223,0.8379360437393188,1.152271032333374,0.4361801743507385,0.866901695728302,0.6692537665367126,0.9953606724739075,0.8168747425079346,0.646666944026947,1.4906617403030396,0.033311862498521805,0.3979150950908661,0.524775505065918,1.154029130935669,0.5731624364852905,0.41574180126190186,0.9536115527153015,0.2881280481815338,0.41657087206840515,0.4027688205242157,1.1905295848846436,0.3458923101425171,0.11131953448057175,0.7871643900871277
0.4930410385131836,0.5382314920425415,1.4320563077926636,1.2594693899154663,0.14503802359104156,1.1416354179382324,1.0542851686477661,4.849443435668945,0.006786658428609371,0.5945068001747131,0.6991174817085266,0.7326070666313171,0.22765500843524933,0.00039999998989515007,0.08942796289920807,0.35846248269081116,0.2756992280483246,2.431414842605591,1.13404381275177,0.9714657664299011,0.08221833407878876,1.1620522737503052,1.0634437799453735,0.02242915704846382,0.39749258756637573,0.33604341745376587,0.22850272059440613,1.0354127883911133,1.3580129146575928,0.4655815064907074,0.21491120755672455,0.071474589407444,1.53693425655365,0.25014403462409973,1.001522421836853,1.3022092580795288,0.025351662188768387,0.7579919099807739,0.7153807282447815,0.9753625988960266,0.7243778109550476,0.17738859355449677,1.552809238433838,0.10215898603200912,0.405449241399765,0.5220385789871216,1.1051000356674194,0.4495011568069458,0.6031174659729004,0.7694689035415649,0.3327051103115082,0.4689759910106659,0.23775608837604523,1.2552216053009033,0.2710273563861847,0.05574407801032066,0.8567019104957581
0.4875040650367737,0.42061322927474976,1.2956374883651733,1.1903144121170044,0.21719001233577728,1.1476885080337524,0.8973897695541382,4.6780314445495605,0.327450692653656,0.6623939871788025,0.9311890006065369,0.5878246426582336,0.19847773015499115,0.00039999998989515007,0.04644700884819031,0.6753758192062378,0.20208494365215302,2.1061959266662598,1.0850164890289307,0.7839992642402649,0.33016911149024963,1.3451071977615356,0.6849012970924377,0.03812626376748085,1.0946362018585205,0.43887361884117126,0.05883114039897919,0.8095805644989014,1.133034348487854,0.027359548956155777,0.7651377320289612,0.009842561557888985,1.4357963800430298,0.07253371179103851,0.6696670055389404,1.141847848892212,0.7467108368873596,0.9094564318656921,0.9063401818275452,0.7704534530639648,0.7077766060829163,1.3199044466018677,1.7171077728271484,0.29133108258247375,0.4752309024333954,0.635096549987793,1.3756769895553589,0.28235334157943726,0.6235371232032776,1.1798696517944336,0.06913313269615173,0.6376250386238098,0.6114262342453003,1.0979505777359009,0.11235407739877701,0.396920770406723,0.9117100834846497
0.41768354177474976,0.22054597735404968,1.3436975479125977,1.1274625062942505,0.30698803067207336,1.3882637023925781,1.1345378160476685,4.611978530883789,0.050932809710502625,0.5308582782745361,0.8764565587043762,0.6368095874786377,0.40461471676826477,0.00039999998989515007,0.033124588429927826,0.5405482053756714,0.1748771071434021,2.155947208404541,1.2925602197647095,1.0380502939224243,0.1960703730583191,1.3532716035842896,1.1802486181259155,0.003489358816295862,0.5671803951263428,0.35997360944747925,0.07577301561832428,1.2111551761627197,1.3406842947006226,0.39166077971458435,0.21845091879367828,0.03803060203790665,1.5118424892425537,0.19089236855506897,0.8127179145812988,1.4166412353515625,0.257502943277359,0.8311899900436401,0.7907150983810425,0.8732877373695374,0.6977280974388123,0.49189290404319763,1.7414170503616333,0.04801701009273529,0.24484258890151978,0.7792909741401672,1.106477975845337,0.234968900680542,0.4309757351875305,0.6916850209236145,0.17751948535442352,0.6621592044830322,0.35355255007743835,1.2813183069229126,0.17384271323680878,0.037521522492170334,0.9697444438934326
0.21098105609416962,0.06766021251678467,1.008465051651001,0.5365577936172485,0.004132828675210476,0.18873076140880585,1.5110423564910889,3.418243646621704,0.31640443205833435,0.5559285283088684,1.1948857307434082,0.3917523920536041,0.30434390902519226,0.00039999998989515007,0.03550370782613754,0.23147892951965332,0.025449199602007866,2.122838020324707,1.574203610420227,0.8906785249710083,0.5627711415290833,1.3146110773086548,0.738871157169342,0.08170368522405624,0.7346591949462891,0.2329007089138031,1.131221890449524,1.3734289407730103,1.485708236694336,0.7998895645141602,1.0773295164108276,0.20087434351444244,0.7163105607032776,0.9956834316253662,0.17245541512966156,1.2862837314605713,0.07499102503061295,0.8943447470664978,1.1182761192321777,0.6477254629135132,0.8308830857276917,0.893187403678894,2.108572244644165,0.5252994894981384,0.2817559242248535,1.3554856777191162,1.2539805173873901,0.07724694162607193,1.1787261962890625,0.5143802165985107,0.8083245158195496,1.2463068962097168,0.18335458636283875,1.1529815196990967,0.03305388242006302,0.41712746024131775,1.2537106275558472
0.7179828882217407,0.17473503947257996,1.2156882286071777,1.1203978061676025,0.2801145613193512,1.0709776878356934,1.0516520738601685,5.131695747375488,0.29697102308273315,0.3826615810394287,0.2607642114162445,1.6237125396728516,0.5516421794891357,0.00039999998989515007,0.28193941712379456,0.10851465910673141,1.1289724111557007,1.8958265781402588,0.9865044951438904,0.9255384802818298,0.07302557677030563,1.5696793794631958,0.9246835708618164,0.17373250424861908,0.434041827917099,0.31273123621940613,0.334229975938797,1.1731451749801636,0.718233048915863,0.27483975887298584,0.29753318428993225,0.39083513617515564,1.004930853843689,0.06035260856151581,0.3378613293170929,0.7728945016860962,0.53800368309021,1.0008395910263062,0.8730372786521912,0.5993679761886597,0.25450825691223145,0.3748258948326111,1.0665292739868164,0.3429320454597473,0.19870474934577942,0.8137400150299072,1.6935768127441406,0.5488131046295166,0.4329565763473511,0.9595609903335571,0.15372352302074432,0.27000153064727783,0.43196946382522583,1.4706430435180664,0.2888180613517761,0.14973613619804382,0.8555227518081665
0.4654521048069,0.008927426300942898,1.0730946063995361,0.8766623735427856,0.32609474658966064,1.6424005031585693,1.4431407451629639,4.950611591339111,0.8928436636924744,0.08751742541790009,0.4254244565963745,0.30500972270965576,0.4599297344684601,0.00039999998989515007,0.04957574978470802,0.7925975322723389,0.22162845730781555,1.4190924167633057,1.3280621767044067,0.9559080600738525,0.40149274468421936,1.4239623546600342,0.9192790985107422,0.0933159813284874,0.31529179215431213,0.8995582461357117,0.9007447957992554,1.0668751001358032,0.22486981749534607,0.9866141676902771,0.9865966439247131,0.8084998726844788,0.9628145098686218,0.4910109043121338,1.0521472692489624,0.954043447971344,0.5416778922080994,0.4929693043231964,0.06266769766807556,0.1899755746126175,0.09507045149803162,1.8208131790161133,1.3829169273376465,0.2895928919315338,0.7637943625450134,0.5246569514274597,0.9118016958236694,1.0935207605361938,0.31201988458633423,0.5949357151985168,0.264787882566452,0.4210965633392334,0.9013374447822571,0.9183451533317566,0.010578259825706482,0.7733738422393799,1.351980447769165
0.25422295928001404,0.7186936140060425,1.4734915494918823,1.2998509407043457,0.02473871037364006,1.1269686222076416,0.8049859404563904,4.51233434677124,0.232365682721138,0.7485876083374023,1.2060450315475464,0.3270237445831299,0.11695392429828644,0.00039999998989515007,0.4161619544029236,0.6217894554138184,0.16145583987236023,2.517770767211914,0.8651702404022217,0.9665563702583313,0.08008185029029846,0.9020254015922546,0.836641788482666,0.06531193107366562,0.6752196550369263,0.16308701038360596,0.12350130826234818,0.861607551574707,1.556404709815979,0.246421679854393,0.2717165946960449,0.0607958659529686,1.7134357690811157,0.18953710794448853,1.0794950723648071,1.4240812063217163,0.12184005230665207,0.9246534705162048,0.8759427070617676,1.188852310180664,0.8713132739067078,0.45664775371551514,1.7506619691848755,0.1022426038980484,0.48685377836227417,0.42877861857414246,0.926840603351593,0.1652718186378479,0.9863361120223999,1.001271367073059,0.1375970095396042,0.5230069756507874,0.3014181852340698,1.1064523458480835,0.2844025492668152,0.1130678802728653,0.4766089618206024
0.4201490581035614,0.30173566937446594,1.4172427654266357,1.2880513668060303,0.18958857655525208,1.0516242980957031,1.2482713460922241,5.049825191497803,0.22630493342876434,0.4254987835884094,0.5239092111587524,0.8235778212547302,0.3421604335308075,0.00039999998989515007,0.04966442659497261,0.017749009653925896,0.43639910221099854,2.123288154602051,1.2267619371414185,1.0228098630905151,0.1426904946565628,1.1568570137023926,1.1359655857086182,0.13075990974903107,0.3680497705936432,0.3899725377559662,0.4122207760810852,1.201801061630249,1.2285040616989136,0.3303704857826233,0.16471397876739502,0.11431270092725754,1.3504308462142944,0.37121233344078064,0.8310904502868652,1.0792394876480103,0.37055209279060364,0.8705987930297852,0.7431814074516296,0.9440156817436218,0.8993962407112122,0.23959793150424957,1.241019606590271,0.03898216784000397,0.27488982677459717,0.857856035232544,1.1304922103881836,0.6210629343986511,0.45906418561935425,0.900532066822052,0.37594884634017944,0.24108828604221344,0.11017895489931107,1.4035948514938354,0.41085752844810486,0.004321619868278503,0.9706549644470215
0.1702766716480255,0.037550169974565506,1.3306999206542969,1.2006367444992065,0.03967713192105293,0.25646695494651794,1.2550022602081299,4.741682529449463,0.2695282995700836,0.241120845079422,0.36805257201194763,0.5717489123344421,0.15943032503128052,0.00039999998989515007,0.0688319206237793,0.41741323471069336,0.4397750496864319,2.0386722087860107,1.0501841306686401,1.0809186697006226,0.6229439973831177,0.7549978494644165,0.6888509392738342,0.32114869356155396,0.7438365817070007,0.3280864357948303,0.05038745328783989,1.606908917427063,0.9520846605300903,0.512234091758728,0.10965768992900848,0.20046372711658478,0.8036848902702332,0.8014574646949768,0.8269557952880859,0.9894097447395325,0.908774733543396,1.076991319656372,1.141348123550415,0.8527069687843323,1.2340004444122314,0.2910321056842804,1.4393668174743652,0.3417743146419525,0.15759983658790588,1.031235933303833,1.060794711112976,0.8392372131347656,0.9819196462631226,1.4399311542510986,0.40517458319664,0.7044950127601624,0.14859600365161896,1.2772451639175415,0.08090671896934509,0.44841325283050537,1.2010159492492676
0.5084664225578308,0.17632825672626495,1.3426564931869507,1.0169873237609863,0.15370981395244598,1.0430152416229248,1.2038975954055786,5.232252597808838,0.03426484763622284,0.4934062957763672,0.620940089225769,0.8456653952598572,0.3905516266822815,0.00039999998989515007,0.038414813578128815,0.18418799340724945,0.4547231197357178,2.2591712474823,1.0490161180496216,1.0369397401809692,0.052819009870290756,1.3154680728912354,0.9613325595855713,0.23340046405792236,0.6025292873382568,0.27559712529182434,0.042700450867414474,1.2191568613052368,1.1347055435180664,0.47487273812294006,0.2577836215496063,0.004936584271490574,1.34989333152771,0.2603227496147156,0.7349157929420471,1.1455498933792114,0.27151942253112793,0.8204460144042969,0.8731244802474976,0.8276834487915039,0.5783190131187439,0.36343568563461304,1.3949741125106812,0.1090870201587677,0.20486734807491302,0.7682191729545593,1.23139226436615,0.3664771616458893,0.6679145097732544,0.8380016684532166,0.1815115064382553,0.2826105058193207,0.22373031079769135,1.3350498676300049,0.2555442750453949,0.01604234054684639,0.934276819229126
0.5214430093765259,0.13602249324321747,1.2454195022583008,1.2221977710723877,0.10994471609592438,0.7642580270767212,1.1638433933258057,4.798989772796631,0.4331437349319458,0.5093002915382385,0.7689641714096069,0.8703805208206177,0.15181864798069,0.00039999998989515007,0.2446306198835373,0.09770180284976959,0.3946986198425293,2.487079620361328,1.1675879955291748,1.0550031661987305,0.33408528566360474,1.1041154861450195,1.204836130142212,0.17870093882083893,0.5156523585319519,0.12863539159297943,0.09490148723125458,1.1508430242538452,1.229588270187378,0.3505604565143585,0.11603131890296936,0.0985165610909462,1.2231853008270264,0.7364071607589722,0.5259673595428467,1.3573529720306396,0.02049364522099495,1.0853559970855713,1.1292928457260132,0.7913221716880798,0.841201663017273,0.16573843359947205,1.1638251543045044,0.061469051986932755,0.15494278073310852,0.8913354277610779,1.147031307220459,0.4037522077560425,0.40436309576034546,0.7387803792953491,0.5617194175720215,0.2867549657821655,0.07809795439243317,1.5452076196670532,0.4586324691772461,0.15870888531208038,1.0827654600143433
0.08530326187610626,0.14266739785671234,1.338489055633545,1.16758131980896,0.11844448745250702,0.4730851948261261,1.2080601453781128,5.052854537963867,0.6298582553863525,0.3159085810184479,0.39922523498535156,0.7570101022720337,0.21704955399036407,0.00039999998989515007,0.36437106132507324,0.29595765471458435,0.6194936037063599,2.1145057678222656,0.9671052098274231,1.1266546249389648,0.5150995850563049,1.0184592008590698,0.7070289850234985,0.16466791927814484,0.43151769042015076,0.13832150399684906,0.02190200425684452,1.598982334136963,1.0289870500564575,0.66517174243927,0.26635807752609253,0.4324856996536255,0.7727051377296448,0.5418333411216736,0.6761813759803772,0.9235708117485046,0.7561079859733582,0.9770537614822388,0.9801132678985596,0.8833205699920654,0.9704853892326355,0.06287487596273422,1.4756547212600708,0.39829733967781067,0.061496634036302567,0.9567886590957642,1.131005048751831,0.573102593421936,1.108132243156433,1.2266310453414917,0.4075528383255005,0.6326596140861511,0.14810970425605774,1.2611305713653564,0.3043595850467682,0.029877839609980583,0.9102658629417419
0.5395967960357666,0.21004489064216614,1.3179832696914673,1.0532346963882446,0.20226480066776276,1.1200183629989624,1.1979132890701294,5.1862874031066895,0.018127456307411194,0.5191246867179871,0.7133108377456665,0.8114017248153687,0.3686463236808777,0.00039999998989515007,0.06425770372152328,0.30219995975494385,0.3931363821029663,2.233335256576538,1.0759793519973755,1.0036441087722778,0.030849982053041458,1.3635843992233276,0.984106183052063,0.15279927849769592,0.6514041423797607,0.2731640040874481,0.03830736130475998,1.1403557062149048,1.1651099920272827,0.4568994343280792,0.29205527901649475,0.015986008569598198,1.3813047409057617,0.19637686014175415,0.7062559723854065,1.1997660398483276,0.2614741623401642,0.8406031727790833,0.8551580309867859,0.8402647972106934,0.5620566010475159,0.46105048060417175,1.4190624952316284,0.15395385026931763,0.18659090995788574,0.7472341656684875,1.2520819902420044,0.3648991584777832,0.5949652194976807,0.8145529627799988,0.16028554737567902,0.29650184512138367,0.2546151280403137,1.3378797769546509,0.2385101467370987,0.024604786187410355,0.956176221370697
0.4811403155326843,0.3584040403366089,1.4153406620025635,1.0388271808624268,0.26662757992744446,1.3036490678787231,1.0229921340942383,5.179693222045898,0.021277545019984245,0.4354721009731293,0.7652204632759094,1.0077210664749146,0.5270240306854248,0.00039999998989515007,0.1382317841053009,0.03282531350851059,0.6010848879814148,2.0245139598846436,0.8275798559188843,0.9519361853599548,0.06807313859462738,1.3865838050842285,0.8903653025627136,0.3650180995464325,0.571785032749176,0.42522937059402466,0.03621536120772362,1.2035402059555054,1.33114492893219,0.23432116210460663,0.33439159393310547,0.17706909775733948,1.5666534900665283,0.11860686540603638,0.7916991710662842,0.9901246428489685,0.3885815739631653,0.6450813412666321,0.8149845600128174,1.0760475397109985,0.5937262773513794,0.2421654462814331,1.2208212614059448,0.1563713550567627,0.35187479853630066,0.6223695278167725,1.3338215351104736,0.16928675770759583,0.8228319883346558,0.9982903003692627,0.06947386264801025,0.07225783914327621,0.016347849741578102,1.414376139640808,0.251318097114563,0.11671749502420425,0.7156397700309753
0.36617371439933777,0.5126133561134338,1.4617862701416016,1.2236862182617188,0.2068924605846405,1.1491384506225586,0.8980812430381775,4.732199668884277,0.38779646158218384,0.6405865550041199,1.189481496810913,0.9430729150772095,0.2986220121383667,0.00039999998989515007,0.0017378570046275854,0.02075553685426712,0.4583989679813385,2.273500680923462,0.9422842860221863,0.8898608088493347,0.044394392520189285,1.1755776405334473,1.0326238870620728,0.20650753378868103,0.5528839826583862,0.24893569946289062,0.019469715654850006,1.0098450183868408,1.629326581954956,0.06949854642152786,0.15076829493045807,0.39526426792144775,1.6741927862167358,0.2894362807273865,0.6297666430473328,1.080741286277771,0.38361015915870667,0.8536537289619446,0.9176591634750366,1.1631722450256348,0.8445104360580444,0.13752439618110657,1.254751205444336,0.2233133167028427,0.29831328988075256,0.7141651511192322,1.231905460357666,0.05875270441174507,0.7503095865249634,1.028550624847412,0.2096223384141922,0.14613983035087585,0.12024503201246262,1.4156652688980103,0.482276976108551,0.3812195062637329,0.5021437406539917
0.5369223952293396,0.41038277745246887,1.2745941877365112,1.0648168325424194,0.2734594941139221,1.414902687072754,1.084703803062439,4.748240947723389,0.48187685012817383,0.5334753394126892,0.9934256672859192,0.40339410305023193,0.3397815227508545,0.00039999998989515007,0.016841869801282883,0.8557562232017517,0.06551801413297653,2.096979856491089,1.0496654510498047,0.9289165139198303,0.3673318922519684,1.3050525188446045,0.9359403252601624,0.01905890926718712,0.955741822719574,0.5332863330841064,0.04446825385093689,1.0262831449508667,1.2074270248413086,0.3831990361213684,0.5874626040458679,0.1270778924226761,1.596604347229004,0.022789087146520615,0.9277752637863159,1.4171521663665771,0.39658793807029724,0.8155637979507446,0.7672963738441467,0.967513382434845,0.5154426097869873,1.0249042510986328,1.712923526763916,0.22101587057113647,0.4001545011997223,0.5879858136177063,1.094603419303894,0.31023332476615906,0.5351923704147339,0.8705313205718994,0.12738467752933502,0.5280044674873352,0.508091151714325,1.1532286405563354,0.07260279357433319,0.3328070044517517,0.9138072729110718
0.8750337958335876,0.3484758138656616,1.1035932302474976,0.7649061679840088,0.1243005245923996,0.6313737034797668,1.2488656044006348,4.592381477355957,0.47200363874435425,0.8477225303649902,1.1670299768447876,1.2299315929412842,0.30785271525382996,0.00039999998989515007,0.2317349910736084,0.568565845489502,0.4753672480583191,2.416750192642212,1.3196678161621094,0.8204849362373352,0.056925270706415176,1.41006600856781,1.1712478399276733,0.04332808777689934,0.707650363445282,0.07218721508979797,0.2878701090812683,0.670567512512207,1.2191848754882812,0.08400996774435043,0.11021670699119568,0.3774721622467041,1.4616965055465698,0.30001455545425415,0.21333856880664825,1.0161771774291992,0.0880976989865303,1.2878655195236206,0.950657844543457,0.783947229385376,0.304196298122406,0.22540567815303802,1.2712291479110718,0.5577834844589233,0.19930753111839294,1.200287938117981,1.432342529296875,0.045319072902202606,0.38699787855148315,0.4036492109298706,0.5070286393165588,0.1519438475370407,0.8759282231330872,1.3182967901229858,0.4707476794719696,0.6070088744163513,0.5963380932807922
0.6212193369865417,0.4580737352371216,1.2405966520309448,1.089949607849121,0.24380934238433838,1.116370677947998,1.2766908407211304,4.654885292053223,0.26776546239852905,0.499811053276062,1.0535743236541748,0.5092910528182983,0.3007071316242218,0.00039999998989515007,0.2707204222679138,0.526468813419342,0.14587104320526123,2.1754558086395264,1.1220569610595703,1.037192463874817,0.0521911159157753,1.3645529747009277,1.0940358638763428,0.1426418125629425,0.8467347025871277,0.24223287403583527,0.1571435034275055,1.104574203491211,1.342611312866211,0.4675918221473694,0.13818418979644775,0.05407887324690819,1.4948461055755615,0.401619017124176,0.8001526594161987,1.5259201526641846,0.014846241101622581,0.9527683258056641,0.9678350687026978,1.00441575050354,0.6113032698631287,0.2887112498283386,1.4944435358047485,0.09798529744148254,0.09116312116384506,0.7435357570648193,1.167725682258606,0.34929025173187256,0.5325133800506592,0.7601087689399719,0.12198372930288315,0.3940059542655945,0.0708082839846611,1.4665430784225464,0.02125820331275463,0.15254512429237366,1.123094916343689
0.6800640821456909,0.3564275801181793,1.2966523170471191,0.7955160140991211,0.39980417490005493,1.8236563205718994,1.1607627868652344,4.499508380889893,0.5491321682929993,0.43694812059402466,1.0311380624771118,0.6866564750671387,0.6638884544372559,0.00039999998989515007,0.4159587025642395,0.5081973075866699,0.13243824243545532,2.0250258445739746,0.7448932528495789,1.0033891201019287,0.4234714210033417,1.1466652154922485,1.405006766319275,0.3261769711971283,0.593765139579773,0.4351487159729004,0.058513984084129333,1.2106465101242065,1.500566005706787,0.5641699433326721,0.3270893096923828,0.1640377938747406,1.9487040042877197,0.22698311507701874,1.0860726833343506,1.7034778594970703,0.20156477391719818,0.45509660243988037,0.7796047329902649,1.2802520990371704,0.6767438054084778,0.04033632576465607,1.4018502235412598,0.056864336133003235,0.245523601770401,0.3918412923812866,0.8541872501373291,0.07826350629329681,0.42534324526786804,0.32141709327697754,0.05338842421770096,0.1549246609210968,0.2446671426296234,1.3639756441116333,0.08443374186754227,0.15834248065948486,0.9789824485778809
0.42408716678619385,0.09794360399246216,1.4182376861572266,1.1124542951583862,0.31452521681785583,1.1445033550262451,1.2965935468673706,4.803910255432129,0.04285816103219986,0.5343222618103027,1.0295742750167847,0.5738136172294617,0.3892158567905426,0.00039999998989515007,0.27386370301246643,0.6129575967788696,0.40044689178466797,1.966318964958191,1.2671164274215698,0.9013633728027344,0.06784302741289139,1.310746431350708,0.8960146903991699,0.26443758606910706,0.8358698487281799,0.20073774456977844,0.062002576887607574,1.108060598373413,1.3827159404754639,0.2975028455257416,0.08309365808963776,0.15030498802661896,1.4486640691757202,0.37906959652900696,0.5480228662490845,1.3990803956985474,0.13068261742591858,0.7835857272148132,0.8808123469352722,0.7820302248001099,0.699597954750061,0.4878939986228943,1.5764743089675903,0.19489724934101105,0.24402287602424622,0.9013852477073669,1.3135788440704346,0.37953415513038635,0.6612865924835205,0.875072717666626,0.25420212745666504,0.3900660276412964,0.13786907494068146,1.3880932331085205,0.14023733139038086,0.07508687674999237,1.076429843902588
0.5582132339477539,0.25751715898513794,1.3682323694229126,1.1126034259796143,0.23424048721790314,1.142390251159668,1.24241042137146,5.037775039672852,0.011169294826686382,0.4788163900375366,0.749387800693512,0.864349365234375,0.4337928891181946,0.00039999998989515007,0.1776544600725174,0.23527120053768158,0.47164013981819153,2.011209726333618,1.0757228136062622,0.9930304884910583,0.0034079025499522686,1.3342336416244507,1.0191446542739868,0.22342057526111603,0.6626268625259399,0.3917519450187683,0.11952009052038193,1.2018775939941406,1.2266522645950317,0.3627985119819641,0.2634105384349823,0.13060173392295837,1.428564429283142,0.2581336200237274,0.7473282814025879,1.1739745140075684,0.3281475901603699,0.8750127553939819,0.8617392182350159,0.972152829170227,0.6546849608421326,0.4235614240169525,1.357446551322937,0.13124477863311768,0.1738380342721939,0.8107153177261353,1.2712781429290771,0.42708396911621094,0.6192660927772522,0.9208015203475952,0.14650556445121765,0.2441730946302414,0.21061120927333832,1.4378975629806519,0.197046160697937,0.039182618260383606,0.9377641677856445
0.4929225444793701,0.5961487293243408,1.384516716003418,1.2674832344055176,0.34794166684150696,1.0403305292129517,1.408204197883606,5.208600997924805,0.3002975285053253,0.4459310472011566,0.35635435581207275,0.6135165095329285,0.31466901302337646,0.00039999998989515007,0.03840220347046852,0.17950701713562012,0.13793891668319702,1.8004876375198364,1.348523736000061,0.8045836687088013,0.16361896693706512,1.507409691810608,0.9419881105422974,0.10304022580385208,0.4850405156612396,0.49400362372398376,0.4200340509414673,0.8457850813865662,1.2540093660354614,0.5300788879394531,0.40042927861213684,0.019978707656264305,1.1788886785507202,0.046070341020822525,0.7335032820701599,0.9108875393867493,0.4703255891799927,0.6324520707130432,0.5143368244171143,0.8143553137779236,0.9459959268569946,0.6302170753479004,1.3002820014953613,0.13004018366336823,0.4919610917568207,0.6487468481063843,1.348374843597412,0.8553163409233093,0.37648093700408936,0.9358299374580383,0.3309485614299774,0.22626499831676483,0.0042338185012340546,1.3330748081207275,0.414101243019104,0.29221028089523315,1.3487133979797363
0.35111942887306213,0.009423480369150639,1.3497542142868042,1.4298118352890015,0.0345478393137455,0.3734346032142639,1.028320550918579,4.673630714416504,0.5690885186195374,0.3425280451774597,0.38679349422454834,0.9760923981666565,0.0835430696606636,0.00039999998989515007,0.05709974095225334,0.2332405298948288,0.6420679092407227,2.1344492435455322,0.8040985465049744,1.0547581911087036,0.5921878218650818,0.631060004234314,0.9487369060516357,0.3236368000507355,0.6076925992965698,0.16229720413684845,0.38753193616867065,1.5143802165985107,0.9752247929573059,0.3417971134185791,0.0050197020173072815,0.49835431575775146,0.9226900935173035,0.8708189725875854,0.7905222177505493,1.0784274339675903,0.6756928563117981,1.2143514156341553,1.2777055501937866,1.076235055923462,1.2686797380447388,0.006767644081264734,1.1217776536941528,0.28924185037612915,0.19695226848125458,0.8711925745010376,0.9943618178367615,0.8094767928123474,0.7796005606651306,1.3799464702606201,0.5028684735298157,0.44023120403289795,0.16469290852546692,1.5274420976638794,0.3125198781490326,0.28203415870666504,0.9592527151107788
0.6795554161071777,0.6268530488014221,1.3342325687408447,1.429081916809082,0.3735961318016052,1.0135027170181274,1.2403032779693604,5.135965347290039,0.3112020790576935,0.4529254138469696,0.35966208577156067,0.7592343688011169,0.177007794380188,0.00039999998989515007,0.19111120700836182,0.1944519579410553,0.11444572359323502,1.9383203983306885,1.1569452285766602,0.7842205762863159,0.1595037877559662,1.3903437852859497,1.0952517986297607,0.05208505317568779,0.5747087001800537,0.3140922784805298,0.5594304203987122,0.7319591641426086,1.2350614070892334,0.4027324616909027,0.49503546953201294,0.09883354604244232,1.2014110088348389,0.1905670464038849,0.7107417583465576,1.0563634634017944,0.2778134047985077,0.7475374937057495,0.7213732600212097,0.8823913931846619,1.0411959886550903,0.45444855093955994,1.0443648099899292,0.1134098470211029,0.23472356796264648,0.47209739685058594,1.2920256853103638,0.9593480825424194,0.16165843605995178,0.882226824760437,0.3942309021949768,0.09251633286476135,0.2088324874639511,1.5139652490615845,0.4466530680656433,0.4357149302959442,1.446427583694458
0.5064490437507629,0.5714016556739807,1.3919677734375,1.2816717624664307,0.36306431889533997,1.311975359916687,1.220592737197876,5.244574546813965,0.3264427185058594,0.5708202719688416,0.436376690864563,0.5481553077697754,0.1826838254928589,0.00039999998989515007,0.14221692085266113,0.45360761880874634,0.026592494919896126,2.016080141067505,1.262290358543396,0.7780107259750366,0.3906363844871521,1.4447849988937378,1.028770923614502,0.18351773917675018,0.46974629163742065,0.3567902743816376,0.48747706413269043,0.6653876304626465,1.292723536491394,0.5267775654792786,0.6023785471916199,0.1121344044804573,1.3484164476394653,0.12069018185138702,0.7689133882522583,1.0888932943344116,0.25484493374824524,0.5636754631996155,0.48028144240379333,0.7489047646522522,0.8689194917678833,0.8235551118850708,1.3716319799423218,0.039999671280384064,0.5187991261482239,0.4093996584415436,1.1931686401367188,0.7158648371696472,0.2221773862838745,0.7166780233383179,0.30952638387680054,0.22513289749622345,0.1417747586965561,1.230847716331482,0.5048413872718811,0.2854984700679779,1.245238184928894
0.41396424174308777,0.12177693843841553,1.4389346837997437,1.0568122863769531,0.05745089426636696,0.87330561876297,1.266545295715332,5.120352268218994,0.3516141474246979,0.5774911046028137,0.7637557983398438,0.8589397072792053,0.33323824405670166,0.00039999998989515007,0.07357043772935867,0.08527570217847824,0.5141521096229553,2.164862871170044,1.2117778062820435,0.9552278518676758,0.23468901216983795,1.1045433282852173,0.934995710849762,0.2892448902130127,0.6051275134086609,0.25316953659057617,0.09947764873504639,1.1721036434173584,1.2649837732315063,0.25613945722579956,0.13805606961250305,0.04522036015987396,1.3901128768920898,0.44067084789276123,0.6131079196929932,1.0749142169952393,0.3146725296974182,0.9049620032310486,0.9068793654441833,0.8015597462654114,0.7997303009033203,0.43424999713897705,1.3683009147644043,0.1928345263004303,0.2852752208709717,1.0051994323730469,1.2326998710632324,0.35563895106315613,0.7126582264900208,0.9469431042671204,0.4021795094013214,0.2260667383670807,0.32140710949897766,1.3226099014282227,0.40894830226898193,0.1377100795507431,0.835268497467041
0.5193235874176025,0.0747402235865593,1.3058784008026123,1.2892980575561523,0.17603878676891327,1.176146388053894,1.0925543308258057,5.2794013023376465,0.7297855615615845,0.5179363489151001,0.584761917591095,1.2259584665298462,0.24395500123500824,0.00039999998989515007,0.06633248180150986,0.024011557921767235,0.9619008302688599,2.030708074569702,1.0953946113586426,0.9524218440055847,0.1511736512184143,1.274023413658142,0.9989047646522522,0.13568410277366638,0.4168480634689331,0.13743531703948975,0.41314011812210083,0.9530670046806335,0.926690936088562,0.051955658942461014,0.25356340408325195,0.3591327667236328,1.209131121635437,0.14168906211853027,0.3459510803222656,0.9151468873023987,0.43302300572395325,1.1926320791244507,0.8251054883003235,0.6452543139457703,0.47092416882514954,0.6086492538452148,0.9872827529907227,0.464322954416275,0.08116317540407181,0.9223944544792175,1.442690372467041,0.4715878963470459,0.3874448537826538,0.9659947752952576,0.31472086906433105,0.06491289287805557,0.5425510406494141,1.4050770998001099,0.6119851469993591,0.3354068994522095,0.6502028703689575
0.5260313749313354,0.21185874938964844,1.2744044065475464,0.9330785274505615,0.3203442096710205,1.6284385919570923,0.7886189222335815,4.935433864593506,0.338155061006546,0.5678227543830872,0.9822815656661987,0.8178165555000305,0.4332047402858734,0.00039999998989515007,0.09149044007062912,0.8339598178863525,0.19068540632724762,2.2182419300079346,0.6985997557640076,0.9411048889160156,0.5020384192466736,1.3681347370147705,0.9568632245063782,0.07535859197378159,0.7914372086524963,0.40782636404037476,0.11660725623369217,1.1835700273513794,1.2519526481628418,0.3985876142978668,0.6347616910934448,0.16224467754364014,1.6694597005844116,0.19328321516513824,0.8890146017074585,1.3257514238357544,0.41838276386260986,0.6449999809265137,0.8526104092597961,1.0595028400421143,0.4033954441547394,0.7297874689102173,1.6597495079040527,0.18514752388000488,0.2204723209142685,0.3528774380683899,1.0699903964996338,0.06856538355350494,0.6918038129806519,0.7620934844017029,0.26492151618003845,0.4796029329299927,0.4031699299812317,1.155179500579834,0.014380021020770073,0.008665027096867561,0.6236382126808167
0.7487869262695312,1.1003692150115967,1.177735447883606,0.8651496767997742,0.06010234355926514,0.009454570710659027,1.8009461164474487,4.727832794189453,0.31065288186073303,0.5227194428443909,0.4034409821033478,0.7906523942947388,0.4118618667125702,0.00039999998989515007,0.24785059690475464,1.0675984621047974,0.16078877449035645,1.9162607192993164,1.760225772857666,0.6326169967651367,0.21209263801574707,1.4563610553741455,1.089686393737793,0.16764050722122192,0.39698106050491333,0.5079405903816223,0.12203200161457062,0.7125355005264282,1.4243130683898926,0.4639301896095276,0.0028022362384945154,0.1280432641506195,1.044795274734497,0.6012216210365295,0.5117707252502441,0.5223714113235474,0.1907423734664917,0.682185173034668,0.5826643705368042,0.8641130328178406,1.1607357263565063,0.20811833441257477,0.9927588701248169,0.20444075763225555,0.5018798112869263,1.180398941040039,1.3827452659606934,0.7334423661231995,0.2670840620994568,0.6642400622367859,0.8608335256576538,0.029236141592264175,0.10886465758085251,1.3978434801101685,0.5881857872009277,0.10382792353630066,1.5079057216644287
0.9050236344337463,0.6696590185165405,1.1561253070831299,0.6703449487686157,0.10894964635372162,0.5558273792266846,1.5161627531051636,4.735043525695801,0.12613537907600403,0.7019679546356201,1.0137462615966797,0.9634986519813538,0.46935299038887024,0.00039999998989515007,0.3193133771419525,0.5589722990989685,0.09667015075683594,2.308713674545288,1.3652743101119995,0.8758471608161926,0.052879054099321365,1.4097906351089478,1.221387267112732,0.04879024624824524,0.6896432042121887,0.34089672565460205,0.28294649720191956,0.9279181957244873,1.3829917907714844,0.3863590955734253,0.096583291888237,0.16249234974384308,1.5238087177276611,0.46621888875961304,0.5885319113731384,1.065461277961731,0.16252414882183075,0.9612510204315186,0.8714108467102051,0.9943621158599854,0.5072569251060486,0.06475815922021866,1.2989343404769897,0.2224985510110855,0.08020006865262985,1.1189327239990234,1.2459287643432617,0.13590887188911438,0.4600909650325775,0.38780489563941956,0.48375019431114197,0.07810571044683456,0.45826101303100586,1.3776614665985107,0.264410138130188,0.3451833724975586,0.923080325126648
0.5621993541717529,0.06625906378030777,1.3137892484664917,0.9497379660606384,0.4161354899406433,1.6905025243759155,0.9015333652496338,5.107028007507324,0.02532043121755123,0.3434823453426361,0.7190275192260742,1.299984097480774,0.7167714238166809,0.00039999998989515007,0.26545462012290955,0.18537232279777527,0.6370351910591125,1.9444127082824707,0.7407508492469788,0.9830209612846375,0.24023059010505676,1.4948850870132446,1.1187487840652466,0.3201751112937927,0.3931553363800049,0.41393840312957764,0.14451798796653748,1.4110262393951416,1.271957516670227,0.3083866536617279,0.32294049859046936,0.3227160573005676,1.580410122871399,0.02823835238814354,0.7233756184577942,1.0702183246612549,0.35014399886131287,0.5626525282859802,0.817230224609375,1.0711960792541504,0.4060228168964386,0.055305976420640945,1.1622065305709839,0.21532660722732544,0.07527308911085129,0.529438853263855,1.2578034400939941,0.020817629992961884,0.5728124976158142,0.7718717455863953,0.15184780955314636,0.11079161614179611,0.0011836662888526917,1.4806628227233887,0.20412947237491608,0.3928222358226776,0.6481646299362183
0.5819298624992371,0.3346160054206848,1.306411862373352,1.2075220346450806,0.25406718254089355,1.2585813999176025,1.286989450454712,5.106002330780029,0.027176493778824806,0.5216118097305298,0.905552089214325,0.6194652318954468,0.27592208981513977,0.00039999998989515007,0.1341959685087204,0.5014072060585022,0.3248303234577179,2.049572706222534,1.2120029926300049,0.9417434334754944,0.08737801760435104,1.3386168479919434,1.004188895225525,0.04741431400179863,0.7404537796974182,0.33624568581581116,0.1255255788564682,0.9525645971298218,1.2322367429733276,0.2982543110847473,0.3029080927371979,0.007495355326682329,1.4566576480865479,0.16536462306976318,0.6976870894432068,1.291253924369812,0.21298158168792725,0.9753801226615906,0.7591441869735718,0.8646625876426697,0.5558373332023621,0.6549314260482788,1.3809236288070679,0.26114919781684875,0.1915467381477356,0.7966609001159668,1.2396305799484253,0.5169466733932495,0.42432188987731934,0.8356010317802429,0.19466926157474518,0.25394517183303833,0.345356285572052,1.3362067937850952,0.2078075110912323,0.06036101281642914,0.9777875542640686
0.3063725233078003,0.28480738401412964,1.4528403282165527,1.2962877750396729,0.42233923077583313,0.9710186123847961,1.504709005355835,5.248409748077393,0.03636676445603371,0.43309342861175537,0.5475156307220459,0.4311414659023285,0.271648108959198,0.00039999998989515007,0.09551974385976791,0.4684121310710907,0.335565447807312,1.6170326471328735,1.5141018629074097,0.694208562374115,0.0934649109840393,1.491903305053711,0.6584673523902893,0.06556111574172974,0.6438895463943481,0.2443000078201294,0.25712448358535767,0.7834284901618958,1.3255906105041504,0.3579375147819519,0.1348687708377838,0.21330218017101288,1.0701282024383545,0.22197991609573364,0.37972491979599,0.9765366315841675,0.37009161710739136,0.5767316818237305,0.5574964284896851,0.5024002194404602,0.9538317322731018,0.655831515789032,1.3435943126678467,0.02976345457136631,0.5231114029884338,0.8354763388633728,1.5366814136505127,0.8730964064598083,0.5116959810256958,1.0537288188934326,0.4599519371986389,0.2419876903295517,0.1740856021642685,1.3166136741638184,0.43307286500930786,0.25018545985221863,1.463457465171814
0.7133643627166748,0.16591495275497437,1.2357537746429443,0.7417643666267395,0.3403695821762085,1.5511723756790161,0.8342437744140625,4.935924053192139,0.6970839500427246,0.6096231937408447,0.948810875415802,0.9264922738075256,0.5557382106781006,0.00039999998989515007,0.2139727920293808,0.7753332257270813,0.23533624410629272,2.06522274017334,0.701211154460907,0.7893490195274353,0.5654221773147583,1.539331078529358,0.729893684387207,0.22718439996242523,1.08945894241333,0.37444618344306946,0.2630370259284973,1.0902714729309082,1.1496905088424683,0.29983213543891907,0.8447335958480835,0.024483077228069305,1.6199908256530762,0.15559665858745575,0.6507276296615601,1.1941624879837036,0.42716342210769653,0.5015382170677185,0.9788731336593628,0.872028648853302,0.3080170154571533,0.906136155128479,1.5985047817230225,0.34623196721076965,0.2733604311943054,0.3608468174934387,1.2879513502120972,0.19504909217357635,0.8019446134567261,0.8564246296882629,0.3276631832122803,0.3357473611831665,0.3683209717273712,1.207992672920227,0.0898708701133728,0.12477417290210724,0.7501056790351868
0.10702886432409286,0.11605393886566162,1.3371555805206299,1.239388108253479,0.10041119158267975,0.372493177652359,1.3794625997543335,4.644585609436035,0.8060587644577026,0.3402208685874939,0.893665611743927,0.415031760931015,0.06617296487092972,0.00039999998989515007,0.07951857149600983,0.5227851271629333,0.5370739698410034,1.9985007047653198,1.0861787796020508,1.097038984298706,0.7453808188438416,0.7929940819740295,0.7556959986686707,0.28687015175819397,0.6272509098052979,0.06081821396946907,0.19387470185756683,1.4956110715866089,1.2829468250274658,0.4882858693599701,0.6209821701049805,0.2932606339454651,0.9141676425933838,0.9098131060600281,0.6060299277305603,1.2822368144989014,0.2535480856895447,1.1447771787643433,1.068223237991333,0.9427708387374878,1.011100172996521,0.3718031644821167,1.4515587091445923,0.3247002363204956,0.22040562331676483,1.1449371576309204,0.997261106967926,0.6212425827980042,1.0783413648605347,1.0928691625595093,0.6088334321975708,0.5510220527648926,0.3031139075756073,1.358803391456604,0.1917845755815506,0.05462636798620224,0.9514203667640686
0.9294814467430115,0.6631655693054199,1.129072904586792,0.6688907146453857,0.12321626394987106,0.6889968514442444,1.4594029188156128,4.798112869262695,0.13118793070316315,0.753437340259552,1.0441455841064453,0.9456762075424194,0.4331083595752716,0.00039999998989515007,0.21050141751766205,0.4263404309749603,0.03643357381224632,2.4135360717773438,1.354076623916626,0.8605143427848816,0.06936055421829224,1.3972289562225342,1.2427968978881836,0.060416433960199356,0.6710339188575745,0.3476064205169678,0.2584991455078125,0.856720507144928,1.350597620010376,0.42270153760910034,0.18730062246322632,0.14066191017627716,1.5742881298065186,0.34380900859832764,0.6151652336120605,1.1186621189117432,0.18718186020851135,0.9767700433731079,0.8021537661552429,0.971034049987793,0.3873116374015808,0.058021966367959976,1.3797962665557861,0.28594502806663513,0.08993618935346603,1.0431069135665894,1.1938761472702026,0.08020414412021637,0.3990333378314972,0.3132479786872864,0.4640468657016754,0.13873547315597534,0.6331896185874939,1.274429202079773,0.25268682837486267,0.3938233554363251,0.8202964067459106
0.4309854507446289,0.29502877593040466,1.4676717519760132,1.3042240142822266,0.14485475420951843,1.278794765472412,1.1593847274780273,5.307247161865234,0.40514707565307617,0.47428134083747864,0.6265079379081726,0.8941830992698669,0.2749767601490021,0.00039999998989515007,0.013976337388157845,0.0948415994644165,0.6055634021759033,2.040832281112671,1.0387239456176758,0.9942377209663391,0.09074560552835464,1.059857726097107,1.0621485710144043,0.21258696913719177,0.3407577574253082,0.39153748750686646,0.48528799414634705,1.1013984680175781,1.2484022378921509,0.22624273598194122,0.2860878109931946,0.16660523414611816,1.5023386478424072,0.22751176357269287,0.8525850772857666,1.045579433441162,0.2906365394592285,0.9104740619659424,0.6794662475585938,0.9979384541511536,0.7243880033493042,0.3860951066017151,1.1184656620025635,0.17043107748031616,0.3016355335712433,0.7607161402702332,1.108047366142273,0.5083099603652954,0.5323643684387207,0.9487202167510986,0.27614495158195496,0.01976904459297657,0.2719563841819763,1.3622674942016602,0.4892157316207886,0.17639553546905518,0.6392371654510498
0.3250204622745514,0.06724846363067627,1.467348575592041,1.0908387899398804,0.22544482350349426,1.2006622552871704,1.2631794214248657,5.093606948852539,0.3375697433948517,0.5759853720664978,0.9776079058647156,0.6316542029380798,0.32633695006370544,0.00039999998989515007,0.13446609675884247,0.5897911787033081,0.49732452630996704,2.0479848384857178,1.2597591876983643,0.8992353677749634,0.15620964765548706,1.178606390953064,0.87320876121521,0.30147311091423035,0.6889626383781433,0.09807062149047852,0.022802550345659256,1.1020106077194214,1.360130786895752,0.24887320399284363,0.08595459908246994,0.18497329950332642,1.4623658657073975,0.3734062612056732,0.4857432544231415,1.3277575969696045,0.0922270342707634,0.7685866355895996,0.8393534421920776,0.6566101312637329,0.6635292768478394,0.5090943574905396,1.5123608112335205,0.30699265003204346,0.28587016463279724,0.9338245391845703,1.2437340021133423,0.27308377623558044,0.6593701243400574,0.820889413356781,0.34302598237991333,0.2928064465522766,0.2364831119775772,1.2879430055618286,0.33798035979270935,0.14822648465633392,0.887512743473053
0.6282810568809509,0.4982353448867798,1.348537564277649,1.2907688617706299,0.4614397883415222,1.661752462387085,1.207257628440857,5.344110012054443,0.5200292468070984,0.5517589449882507,0.49649426341056824,0.3802368640899658,0.1485334038734436,0.00039999998989515007,0.09370329976081848,0.844573438167572,0.046553537249565125,1.8671772480010986,1.1488685607910156,0.7757392525672913,0.6188335418701172,1.4479503631591797,0.8555368185043335,0.23630858957767487,0.6336259245872498,0.38889166712760925,0.4757557511329651,0.6606142520904541,1.1709870100021362,0.5238580703735352,0.8051970601081848,0.17480774223804474,1.3803367614746094,0.2733449637889862,0.8445749282836914,1.1017937660217285,0.23829126358032227,0.5846327543258667,0.39419642090797424,0.7954343557357788,0.6297383904457092,0.9901387691497803,1.4172953367233276,0.06456129252910614,0.4321143925189972,0.2745228707790375,1.0436259508132935,0.6152856349945068,0.4099201261997223,0.7639647722244263,0.1660700887441635,0.14537107944488525,0.23531410098075867,1.1510378122329712,0.28136709332466125,0.29295608401298523,1.028963327407837
0.49359118938446045,0.08646821230649948,1.2798181772232056,1.1533386707305908,0.2481163740158081,1.4263287782669067,1.2070119380950928,5.286440849304199,0.12044014781713486,0.3722440004348755,0.6668691635131836,0.8764852285385132,0.4474927484989166,0.00039999998989515007,0.1004171296954155,0.4020461440086365,0.5926012396812439,1.9563329219818115,1.118196964263916,1.018489122390747,0.0258505716919899,1.323314905166626,1.011391520500183,0.13229762017726898,0.5319121479988098,0.4607293903827667,0.2773868441581726,1.2516793012619019,1.0288828611373901,0.3099729120731354,0.3298540711402893,0.10693996399641037,1.3729017972946167,0.1206497922539711,0.7113038897514343,1.1095097064971924,0.5181632041931152,0.9509325623512268,0.74055415391922,0.8371279835700989,0.4471566379070282,0.6757267713546753,1.262939214706421,0.36016786098480225,0.1984308809041977,0.8546435832977295,1.2402667999267578,0.39267227053642273,0.42222464084625244,0.9724620580673218,0.04309232160449028,0.24148014187812805,0.40569889545440674,1.3321001529693604,0.2368672788143158,0.15705566108226776,0.7934295535087585
0.5210524201393127,0.16019435226917267,1.2908774614334106,0.9631017446517944,0.2947932779788971,1.2069395780563354,1.2867437601089478,5.1025710105896,0.04214625433087349,0.5022934079170227,1.0220750570297241,0.7969896793365479,0.5088561773300171,0.00039999998989515007,0.21378077566623688,0.308876097202301,0.5109425187110901,2.0599069595336914,0.8703492879867554,1.0343466997146606,0.07911106944084167,1.277174472808838,0.9631554484367371,0.4088347554206848,0.7809546589851379,0.21750447154045105,0.1427042931318283,1.2315584421157837,1.3506073951721191,0.29953476786613464,0.11129352450370789,0.004508859012275934,1.5742510557174683,0.31121036410331726,0.7041711807250977,1.329572081565857,0.09773346036672592,0.8687272071838379,0.9977572560310364,0.9510380625724792,0.5053237676620483,0.21103595197200775,1.280483365058899,0.2913169860839844,0.1138196662068367,0.8084372282028198,1.1735236644744873,0.30667850375175476,0.791191577911377,0.7466968297958374,0.07670103013515472,0.08315090090036392,0.04265935346484184,1.409812569618225,0.1242470070719719,0.13090859353542328,0.7288858890533447
0.5459318161010742,0.21037815511226654,1.3827576637268066,1.133790373802185,0.19055019319057465,1.314140796661377,1.1964519023895264,5.248053550720215,0.15850909054279327,0.5102165341377258,0.7323046326637268,0.9247714877128601,0.37425798177719116,0.00039999998989515007,0.054616574198007584,0.24192644655704498,0.5831274390220642,1.9676575660705566,1.0167683362960815,1.0044652223587036,0.03564025089144707,1.298427939414978,1.01573646068573,0.20910875499248505,0.565455973148346,0.3856804370880127,0.21784675121307373,1.1377240419387817,1.174204707145691,0.3119494915008545,0.3697102963924408,0.16909287869930267,1.4825108051300049,0.12074442952871323,0.7471755146980286,1.1132409572601318,0.31909990310668945,0.9355409145355225,0.7858573198318481,0.9258031845092773,0.5086319446563721,0.568045437335968,1.2888550758361816,0.28732937574386597,0.1818820983171463,0.7826816439628601,1.246488094329834,0.34783387184143066,0.5813043713569641,0.8850568532943726,0.10412536561489105,0.13986124098300934,0.3934679627418518,1.3596688508987427,0.30764394998550415,0.12236883491277695,0.7107952833175659
0.5355952382087708,0.04393205791711807,1.1504955291748047,0.2967001795768738,0.584511935710907,0.19254086911678314,1.9858503341674805,5.001776695251465,0.6463773250579834,0.34831270575523376,0.07769172638654709,0.8789258599281311,0.4005380868911743,0.00039999998989515007,0.2988595962524414,1.0642378330230713,0.6652013659477234,1.9373220205307007,1.1282174587249756,1.2746933698654175,0.8793217539787292,0.7816342711448669,1.004923701286316,0.34737449884414673,0.10887840390205383,0.4770895838737488,0.12601691484451294,1.6464279890060425,0.6718235015869141,1.1990139484405518,0.40832260251045227,0.25290876626968384,0.8525186777114868,0.6685965061187744,0.9760155081748962,0.580888032913208,0.16231325268745422,1.182629942893982,0.5813835263252258,0.9246072173118591,0.209395170211792,0.5009734630584717,1.2066487073898315,0.1970018893480301,0.14191396534442902,1.5471007823944092,0.6839357614517212,0.5440462231636047,0.9984104633331299,0.28714022040367126,0.6331430077552795,0.011075901798903942,0.7790774703025818,1.0822197198867798,0.2498028427362442,0.43051326274871826,0.4737199544906616
0.5681136250495911,0.13264402747154236,1.1273491382598877,1.086774468421936,0.44617798924446106,1.5229500532150269,1.161529541015625,4.920037269592285,0.18185923993587494,0.3503570556640625,0.7963753938674927,1.012006163597107,0.6029168367385864,0.00039999998989515007,0.3323116898536682,0.6057479977607727,0.5303468704223633,1.9711185693740845,1.0594360828399658,1.087963581085205,0.006766061298549175,1.4621062278747559,1.2179067134857178,0.15286314487457275,0.5432220697402954,0.22623981535434723,0.13750699162483215,1.4347039461135864,1.1295125484466553,0.4344000816345215,0.025350531563162804,0.21758008003234863,1.3574713468551636,0.2657594382762909,0.5809273719787598,1.3563340902328491,0.31682106852531433,1.0150457620620728,0.9889172911643982,0.8449885249137878,0.38854601979255676,0.23161786794662476,1.2445954084396362,0.29853925108909607,0.2033795565366745,0.8467006683349609,1.1728456020355225,0.28560593724250793,0.2635001242160797,0.7099257111549377,0.07198441028594971,0.39651599526405334,0.13927584886550903,1.5093482732772827,0.09583301097154617,0.37587037682533264,0.8619925379753113
0.4402536451816559,0.30385154485702515,1.3214991092681885,1.4603132009506226,0.30371221899986267,1.489387035369873,1.0140788555145264,5.031498432159424,0.1403501331806183,0.5178980231285095,0.6036054491996765,0.8148127198219299,0.2034265249967575,0.00039999998989515007,0.14359676837921143,0.5746710300445557,0.444443017244339,1.914347529411316,1.2188045978546143,0.8658463358879089,0.27668753266334534,1.2911401987075806,1.014101505279541,0.18735750019550323,0.49274975061416626,0.47402629256248474,0.5751156806945801,0.8920225501060486,1.0541595220565796,0.17152628302574158,0.6020912528038025,0.20201724767684937,1.3209654092788696,0.08141478151082993,0.673223078250885,1.05244779586792,0.774958074092865,1.0336724519729614,0.6662898659706116,0.7710316181182861,0.7063435316085815,1.1565632820129395,1.3367235660552979,0.3444666266441345,0.3477265536785126,0.6702244877815247,1.305784821510315,0.5363284349441528,0.2184738665819168,1.1525623798370361,0.1368061751127243,0.41793087124824524,0.5877050161361694,1.2257901430130005,0.4606453478336334,0.007630002219229937,0.8057862520217896
0.4984365999698639,0.2835037410259247,1.2779875993728638,1.0333023071289062,0.362441748380661,1.8590539693832397,0.780893862247467,4.785572052001953,0.2732381820678711,0.5250409245491028,1.0649775266647339,0.7895035147666931,0.4393676221370697,0.00039999998989515007,0.08081620186567307,0.849285364151001,0.2728133201599121,2.003512144088745,0.7341159582138062,0.9650225043296814,0.5553393363952637,1.375413179397583,1.0252987146377563,0.04393418878316879,0.7100754380226135,0.5182308554649353,0.004931331146508455,1.180511474609375,1.2812962532043457,0.29397067427635193,0.6497870683670044,0.2262931615114212,1.7644280195236206,0.25894010066986084,0.948915958404541,1.3314213752746582,0.4791809618473053,0.7387319803237915,0.7628753185272217,1.1248607635498047,0.33716005086898804,0.8141752481460571,1.6083343029022217,0.29620561003685,0.26688534021377563,0.3892759382724762,1.0698378086090088,0.11350039392709732,0.6068597435951233,0.8133730292320251,0.3620057702064514,0.4582872688770294,0.49744051694869995,1.1680045127868652,0.017047066241502762,0.109902523458004,0.48085007071495056
0.6291354298591614,0.11187301576137543,1.4801102876663208,0.9111106395721436,0.2668861746788025,1.3359118700027466,1.177048921585083,5.219940185546875,0.0396592952311039,0.51335209608078,0.7584971189498901,1.031278371810913,0.45522674918174744,0.00039999998989515007,0.26048290729522705,0.2692830264568329,0.6382468342781067,1.7796134948730469,0.8660250306129456,0.9803347587585449,0.08163615316152573,1.3409548997879028,0.8974519371986389,0.5522589087486267,0.7284731864929199,0.3712869882583618,0.026747960597276688,1.0989210605621338,1.2800333499908447,0.30604615807533264,0.4231048822402954,0.03211090341210365,1.5973432064056396,0.11714329570531845,0.6928361654281616,1.0734314918518066,0.2185356467962265,0.7975024580955505,0.9153732061386108,0.791329026222229,0.4894188642501831,0.6600000262260437,1.2744883298873901,0.385926753282547,0.29136618971824646,0.6587698459625244,1.3948335647583008,0.27232953906059265,0.766660213470459,0.8567389249801636,0.005819599609822035,0.057846155017614365,0.23528389632701874,1.3689430952072144,0.17667527496814728,0.005460066255182028,0.8019532561302185
0.4557313621044159,0.30920839309692383,1.4636694192886353,1.1928166151046753,0.22209815680980682,1.3837406635284424,1.0772093534469604,5.028451919555664,0.47148147225379944,0.4649571478366852,0.9771647453308105,1.06259286403656,0.42945176362991333,0.00039999998989515007,0.1780184507369995,0.04709134250879288,0.8135126829147339,1.8039844036102295,0.8602847456932068,0.9886168837547302,0.08196835964918137,1.2118386030197144,1.0096088647842407,0.3944093585014343,0.44452714920043945,0.37060046195983887,0.18238992989063263,1.1798268556594849,1.4362658262252808,0.03303469344973564,0.15166862308979034,0.38356539607048035,1.676747441291809,0.23319606482982635,0.7609032392501831,1.0425935983657837,0.24499785900115967,0.9046454429626465,0.7955806255340576,1.182631254196167,0.5875848531723022,0.09298114478588104,1.080256462097168,0.2763855457305908,0.16538643836975098,0.8048217296600342,1.2520114183425903,0.15409398078918457,0.766682505607605,0.9676477313041687,0.0616891011595726,0.05969182029366493,0.12250835448503494,1.486733078956604,0.3735971748828888,0.4219043552875519,0.412494421005249
0.6077311635017395,0.3684362471103668,1.2347317934036255,1.48043954372406,0.36684560775756836,1.385459065437317,1.1159172058105469,5.394707202911377,0.014904497191309929,0.34644994139671326,0.21964021027088165,0.996976912021637,0.20089180767536163,0.00039999998989515007,0.1238180547952652,0.18075282871723175,0.7619886994361877,1.510549783706665,1.1057690382003784,0.7349423766136169,0.1834387183189392,1.5092335939407349,0.7975367307662964,0.03674492612481117,0.5525563359260559,0.49462682008743286,0.7522724270820618,0.6069115996360779,0.7496649622917175,0.0317690372467041,0.8023511171340942,0.18052378296852112,1.0793607234954834,0.2242443561553955,0.4664757251739502,0.6709890961647034,0.8331157565116882,1.018787145614624,0.5732156038284302,0.570101261138916,0.5524209141731262,1.3213363885879517,0.7898058891296387,0.5399885773658752,0.34208250045776367,0.6128668189048767,1.6200376749038696,0.8731383085250854,0.06207697466015816,1.2806036472320557,6.312222103588283e-05,0.026956239715218544,0.39440077543258667,1.370126485824585,0.5412086844444275,0.22787681221961975,1.0270754098892212
0.615356981754303,0.09511350095272064,1.1891435384750366,1.0650428533554077,0.4082869589328766,1.554388165473938,0.9677448272705078,5.04550838470459,0.1790940761566162,0.44034379720687866,0.7693596482276917,1.133263349533081,0.5456819534301758,0.00039999998989515007,0.11908707767724991,0.5368667840957642,0.4312286376953125,2.0328195095062256,0.934952974319458,0.9640467762947083,0.36082470417022705,1.5680524110794067,1.1411921977996826,0.025101255625486374,0.6100500226020813,0.3919617533683777,0.10739312320947647,1.2766317129135132,1.0993469953536987,0.3381081223487854,0.46878647804260254,0.3289341926574707,1.3792935609817505,0.005152272060513496,0.548186719417572,1.1563572883605957,0.6345347166061401,0.8209300637245178,0.9194759130477905,0.8634109497070312,0.37267330288887024,0.5983827114105225,1.3083981275558472,0.40003859996795654,0.011273168958723545,0.5833271741867065,1.3352586030960083,0.1432420164346695,0.3265950083732605,0.8912084698677063,0.0826716348528862,0.36277326941490173,0.3231343924999237,1.407589077949524,0.17778544127941132,0.22426654398441315,0.8157308101654053
0.41525140404701233,0.2849319577217102,1.4976774454116821,1.346555471420288,0.1640261709690094,1.3344120979309082,1.158526062965393,5.279543399810791,0.4930955767631531,0.48214593529701233,0.6423172354698181,0.9150629639625549,0.26889297366142273,0.00039999998989515007,0.041330400854349136,0.08791068196296692,0.6752015948295593,1.9328690767288208,1.0250067710876465,0.9969530701637268,0.08287183195352554,1.0487122535705566,1.0755465030670166,0.2113858312368393,0.2895093560218811,0.3861691355705261,0.5252118706703186,1.1039512157440186,1.2715331315994263,0.21152614057064056,0.2707805633544922,0.20610643923282623,1.5193911790847778,0.21074944734573364,0.8530388474464417,1.0492095947265625,0.28118184208869934,0.9270716905593872,0.6620656847953796,1.0178598165512085,0.71684330701828,0.3672504723072052,1.1204297542572021,0.18087013065814972,0.2886594235897064,0.7563036680221558,1.1165900230407715,0.48420387506484985,0.5539525747299194,0.9529943466186523,0.27693644165992737,0.015536226332187653,0.2796223759651184,1.3634867668151855,0.5201314091682434,0.23231790959835052,0.5573694109916687
0.5692986249923706,0.1029851883649826,1.378325343132019,1.1154911518096924,0.2718835473060608,1.5355607271194458,1.1647303104400635,5.493587493896484,0.10792916268110275,0.5839725136756897,0.6214579939842224,0.833857536315918,0.28084301948547363,0.00039999998989515007,0.17452901601791382,0.5154008269309998,0.5212945938110352,1.9306427240371704,0.9402101635932922,0.9894929528236389,0.3033347427845001,1.372834324836731,0.8668103218078613,0.026774730533361435,0.5570133924484253,0.3213503360748291,0.24914740025997162,1.0289568901062012,1.0556143522262573,0.4620949327945709,0.5640700459480286,0.14423158764839172,1.4013638496398926,0.1760941743850708,0.7459859251976013,1.047210454940796,0.3158155679702759,0.8701499700546265,0.6296161413192749,0.8488752841949463,0.3441009521484375,0.7882611751556396,1.4351340532302856,0.1684267520904541,0.12316840142011642,0.5827939510345459,1.1494168043136597,0.29288652539253235,0.7270053625106812,0.8115144371986389,0.07971896231174469,0.1585799753665924,0.549274742603302,1.1905871629714966,0.30107685923576355,0.1260477751493454,0.5544824600219727
0.4986517131328583,0.5247122645378113,1.3911007642745972,1.3131619691848755,0.39875373244285583,1.5820235013961792,1.1710413694381714,5.334420204162598,0.2621014714241028,0.5545443892478943,0.5135046243667603,0.5608258247375488,0.19027933478355408,0.00039999998989515007,0.18261101841926575,0.5668713450431824,0.07344113290309906,1.85712730884552,1.1927348375320435,0.7865281701087952,0.4844810366630554,1.4495360851287842,1.0265693664550781,0.19620928168296814,0.4466196894645691,0.4088025987148285,0.5322136282920837,0.6548619270324707,1.2755359411239624,0.4439035952091217,0.6956371665000916,0.08379539102315903,1.439974069595337,0.26762935519218445,0.790246844291687,1.1031421422958374,0.28271201252937317,0.5982037782669067,0.40979695320129395,0.7650837302207947,0.7046592235565186,0.969953179359436,1.3625091314315796,0.11453686654567719,0.5247923135757446,0.37831541895866394,1.1866910457611084,0.6069695353507996,0.1978946179151535,0.7130078077316284,0.17501598596572876,0.18966041505336761,0.2698093354701996,1.1736305952072144,0.4864714443683624,0.16712895035743713,1.0440303087234497
0.10467839241027832,0.1734660118818283,1.4159339666366577,1.2432518005371094,0.11739709973335266,0.7357378005981445,1.2227908372879028,5.2764058113098145,0.8341454267501831,0.29441890120506287,0.413947731256485,0.9174115657806396,0.26988279819488525,0.00039999998989515007,0.3314289450645447,0.17171484231948853,0.8644989728927612,1.8000398874282837,0.895927906036377,1.1172691583633423,0.49872204661369324,0.9376711845397949,0.7457601428031921,0.25844594836235046,0.31868383288383484,0.2736806869506836,0.21386294066905975,1.6131774187088013,1.0373294353485107,0.4677632749080658,0.1535545140504837,0.5246581435203552,0.9244093298912048,0.4400408864021301,0.7199665904045105,0.8187772035598755,0.7918514013290405,1.01752769947052,0.8725759387016296,0.9641856551170349,0.8700699806213379,0.05660072714090347,1.2838892936706543,0.18524274230003357,0.011890490539371967,1.0030285120010376,1.1232548952102661,0.5393951535224915,1.075667381286621,1.2836729288101196,0.33562374114990234,0.3711777329444885,0.011956855654716492,1.2792867422103882,0.3975357711315155,0.2263874113559723,0.6047202944755554
0.4640229344367981,0.583724319934845,1.3413655757904053,1.32757568359375,0.359541118144989,1.3929803371429443,1.337909460067749,5.452287197113037,0.18098647892475128,0.39380502700805664,0.4401467740535736,0.599698007106781,0.29486244916915894,0.00039999998989515007,0.14210276305675507,0.29295751452445984,0.21897290647029877,1.7321239709854126,1.2847539186477661,0.836492121219635,0.2750871777534485,1.467637300491333,0.9608364701271057,0.18111205101013184,0.3812852203845978,0.5700149536132812,0.5061474442481995,0.8361680507659912,1.203580617904663,0.41422197222709656,0.5026741027832031,0.0418865941464901,1.284672737121582,0.13899073004722595,0.7990994453430176,0.8987444043159485,0.5387892723083496,0.696258008480072,0.3904215693473816,0.8452295064926147,0.7265586853027344,0.7872941493988037,1.2210508584976196,0.08185213804244995,0.5430195927619934,0.6122350692749023,1.2754896879196167,0.7208301424980164,0.28011807799339294,0.9348863363265991,0.17418119311332703,0.14931803941726685,0.17002156376838684,1.2304714918136597,0.44222110509872437,0.06671259552240372,1.0692167282104492
0.08009583503007889,0.5347686409950256,1.3554974794387817,1.2362439632415771,0.3884153664112091,1.2260322570800781,0.9351955652236938,5.043384075164795,0.7376766800880432,0.23436477780342102,0.3368085026741028,1.0909724235534668,0.3862498700618744,0.00039999998989515007,0.2805446982383728,0.6574046015739441,0.6669566631317139,1.921055555343628,0.788028359413147,1.1556318998336792,0.19816844165325165,1.031739592552185,1.0611968040466309,0.132295623421669,0.11106368154287338,0.09917362034320831,0.357227087020874,1.8502140045166016,1.0829521417617798,0.6939307451248169,0.1495102047920227,0.5522805452346802,0.9323617219924927,0.37010458111763,0.6951157450675964,1.1175177097320557,0.6913341879844666,0.7740160822868347,0.9367730617523193,0.9353618025779724,0.894181489944458,0.18481828272342682,1.4296859502792358,0.334529310464859,0.2742100954055786,0.6948966979980469,0.938904345035553,0.31439754366874695,0.7626303434371948,0.9781933426856995,0.29117000102996826,0.647800624370575,0.22846169769763947,1.3425617218017578,0.37470030784606934,0.3567757308483124,0.7262155413627625
0.37729471921920776,0.23730939626693726,1.5161166191101074,1.3529871702194214,0.16251665353775024,1.3154515027999878,1.180725336074829,5.299295902252197,0.5577228665351868,0.47512224316596985,0.6388081312179565,0.9220409989356995,0.27882856130599976,0.00039999998989515007,0.014960532076656818,0.05912506580352783,0.7368561625480652,1.8869601488113403,1.084531307220459,0.9706187844276428,0.13245263695716858,1.0318219661712646,1.0411815643310547,0.23773795366287231,0.2736532986164093,0.3709472119808197,0.5473659038543701,1.0964677333831787,1.2736127376556396,0.1518576592206955,0.23789656162261963,0.14416441321372986,1.4988290071487427,0.246408611536026,0.7836553454399109,1.0183665752410889,0.2860589921474457,0.903965175151825,0.6507667899131775,0.9479743242263794,0.7260740399360657,0.3899458050727844,1.100719690322876,0.23117567598819733,0.3453952968120575,0.8118537068367004,1.1643562316894531,0.48533931374549866,0.5507058501243591,0.9892374277114868,0.317447692155838,0.003827155102044344,0.2848116159439087,1.3568657636642456,0.5558745861053467,0.2788706123828888,0.5578040480613708
0.4990503489971161,0.14636647701263428,1.3681621551513672,1.264951229095459,0.18420669436454773,1.203181266784668,1.2562320232391357,5.182285785675049,0.506916344165802,0.5051555037498474,0.9071956872940063,0.848541259765625,0.26192396879196167,0.00039999998989515007,0.09955081343650818,0.21697784960269928,0.6505557894706726,1.9660009145736694,1.1227632761001587,1.0164169073104858,0.14422856271266937,1.1768717765808105,1.0567190647125244,0.16974879801273346,0.5384335517883301,0.21867673099040985,0.20147964358329773,1.095353126525879,1.2488839626312256,0.17711079120635986,0.10553901642560959,0.20481272041797638,1.4296661615371704,0.31639009714126587,0.6195774674415588,1.2070047855377197,0.18073825538158417,1.0986347198486328,0.825624406337738,0.917585551738739,0.565351665019989,0.3320750594139099,1.2259420156478882,0.2965339124202728,0.020952187478542328,0.9402196407318115,1.2282438278198242,0.39651554822921753,0.545021116733551,0.8630802631378174,0.30871379375457764,0.13361544907093048,0.3101730942726135,1.3956952095031738,0.3761509954929352,0.27562421560287476,0.6783750653266907
0.6390963196754456,0.3829929828643799,1.3695679903030396,1.38946533203125,0.29620397090911865,1.5371220111846924,1.0315017700195312,5.228561878204346,0.13063374161720276,0.5028806328773499,0.7931981682777405,0.8457468748092651,0.17534367740154266,0.00039999998989515007,0.05234957113862038,0.41654714941978455,0.4734364151954651,1.9722239971160889,0.815041720867157,1.0061402320861816,0.21080558001995087,1.1956820487976074,1.1408305168151855,0.10178865492343903,0.5609610676765442,0.3190890848636627,0.4127795398235321,0.9577075839042664,1.2316503524780273,0.2211613804101944,0.5121151804924011,0.2575027346611023,1.5860064029693604,0.037781406193971634,0.8978910446166992,1.2718580961227417,0.16468936204910278,1.005916714668274,0.7711523175239563,1.1120786666870117,0.5671993494033813,0.5001378059387207,1.1471368074417114,0.18923944234848022,0.04325799271464348,0.4830971360206604,1.0810084342956543,0.46973922848701477,0.4221211373806,0.8211154937744141,0.07420940697193146,0.04919945076107979,0.236703023314476,1.415396809577942,0.31903886795043945,0.010979007929563522,0.6652307510375977
0.4874080717563629,0.11990564316511154,1.38934326171875,1.0185176134109497,0.10615543276071548,1.1622048616409302,1.251015067100525,5.266034126281738,0.19105808436870575,0.4648834466934204,0.719802975654602,0.964832067489624,0.47427648305892944,0.00039999998989515007,0.13804663717746735,0.08889306336641312,0.6595249772071838,1.9167193174362183,1.046738862991333,1.0036439895629883,0.12753358483314514,1.2042369842529297,0.9484952092170715,0.35179540514945984,0.5909377336502075,0.4167617857456207,0.14774616062641144,1.3230115175247192,1.156394124031067,0.2597169280052185,0.29449331760406494,0.07722096145153046,1.4662091732025146,0.3013263940811157,0.7223691940307617,1.0521557331085205,0.39356061816215515,0.8678512573242188,0.8650199174880981,0.9003578424453735,0.5541136860847473,0.48791804909706116,1.278266191482544,0.33016619086265564,0.28155362606048584,0.938484787940979,1.2461779117584229,0.23714905977249146,0.7024903297424316,0.980297863483429,0.11795741319656372,0.12348291277885437,0.3559911847114563,1.3560527563095093,0.2814670205116272,0.1963193416595459,0.6772412657737732
0.6920672655105591,0.23362646996974945,1.374222993850708,1.353110671043396,0.25477954745292664,1.32915198802948,1.0551187992095947,5.148693084716797,0.24370048940181732,0.5640237331390381,0.8019037246704102,1.0059809684753418,0.17812030017375946,0.00039999998989515007,0.21608932316303253,0.29817742109298706,0.5985273122787476,1.977168083190918,0.8679513335227966,0.9726927280426025,0.06284923106431961,1.2058286666870117,1.1379696130752563,0.21461664140224457,0.6590166687965393,0.15922324359416962,0.3579876124858856,0.9363690614700317,1.2012913227081299,0.14600571990013123,0.4506085216999054,0.23660914599895477,1.50978684425354,0.21352513134479523,0.6718453168869019,1.287937045097351,0.0906793549656868,1.07377290725708,0.9553523659706116,0.9587093591690063,0.6010730862617493,0.47218289971351624,1.1018428802490234,0.30699723958969116,0.07757499068975449,0.6104416251182556,1.2387844324111938,0.4527445137500763,0.40461310744285583,0.8255788087844849,0.19822745025157928,0.03556961193680763,0.23297689855098724,1.509600281715393,0.38045626878738403,0.0060449508018791676,0.7645094394683838
0.5865574479103088,0.15945516526699066,1.4732439517974854,0.886128842830658,0.20114995539188385,1.2811540365219116,1.2027649879455566,5.302173614501953,0.051087893545627594,0.5230404138565063,0.7424654960632324,0.9946564435958862,0.49455004930496216,0.00039999998989515007,0.2046361267566681,0.16876021027565002,0.6140649914741516,1.8170639276504517,0.8053860664367676,0.9873141050338745,0.02186998724937439,1.291048288345337,0.8967688679695129,0.5500044822692871,0.6991720795631409,0.3600611686706543,0.029602989554405212,1.2194228172302246,1.2878823280334473,0.35359275341033936,0.42187151312828064,0.0011534113436937332,1.632577896118164,0.16497470438480377,0.7874269485473633,1.1026967763900757,0.1346895396709442,0.6798226237297058,0.9000180959701538,0.9186672568321228,0.4922575354576111,0.4621204733848572,1.2859712839126587,0.277949720621109,0.31214630603790283,0.6651448607444763,1.2645260095596313,0.19486390054225922,0.8512410521507263,0.8088116645812988,0.008886413648724556,0.006123712286353111,0.18383856117725372,1.3787909746170044,0.18791411817073822,0.03180638328194618,0.7047507762908936
0.5579918622970581,0.22608470916748047,1.3564640283584595,1.14293372631073,0.25758373737335205,1.4209728240966797,1.1991127729415894,5.2592058181762695,0.05353410914540291,0.4733472466468811,0.7656086683273315,0.8845592141151428,0.39911726117134094,0.00039999998989515007,0.07009804248809814,0.32910484075546265,0.5615602135658264,1.8463972806930542,1.0114800930023193,0.9991655945777893,0.12177874147891998,1.3606432676315308,1.0076993703842163,0.1697835624217987,0.6007275581359863,0.42650002241134644,0.20564860105514526,1.1512480974197388,1.1726293563842773,0.30261561274528503,0.4124440848827362,0.1439584344625473,1.4894753694534302,0.061597708612680435,0.7530679702758789,1.1441192626953125,0.35632115602493286,0.9001181125640869,0.7662084698677063,0.93971848487854,0.4614052474498749,0.6323162317276001,1.3175239562988281,0.3039461672306061,0.19506016373634338,0.7430651187896729,1.2673112154006958,0.3256954550743103,0.5630895495414734,0.8985023498535156,0.027343206107616425,0.16831310093402863,0.36876124143600464,1.3496665954589844,0.24158866703510284,0.10299102216959,0.7241642475128174
0.51161128282547,0.061690982431173325,1.2645763158798218,1.1552814245224,0.30303892493247986,1.687104344367981,1.161766529083252,5.227718353271484,0.11398063600063324,0.4623883068561554,0.6908990740776062,0.8234861493110657,0.37279602885246277,0.00039999998989515007,0.08301660418510437,0.5882529020309448,0.5301247239112854,1.8623545169830322,1.1173090934753418,1.030499815940857,0.28643882274627686,1.4040405750274658,1.055662751197815,0.05610065534710884,0.48156648874282837,0.45291319489479065,0.32707637548446655,1.146270751953125,0.9914154410362244,0.3848468065261841,0.48302653431892395,0.11964378505945206,1.414217233657837,0.14555931091308594,0.7332441210746765,1.1701160669326782,0.47595298290252686,0.9844724535942078,0.6240379214286804,0.7998812794685364,0.2884838581085205,0.9458577036857605,1.437373399734497,0.3802921772003174,0.15683268010616302,0.7381078600883484,1.1802812814712524,0.2896266579627991,0.3685547113418579,0.8328782916069031,0.0195362139493227,0.3400409519672394,0.6840690970420837,1.2113893032073975,0.25160494446754456,0.2143055945634842,0.6372601389884949
0.510615885257721,0.12253772467374802,1.3086884021759033,1.1691914796829224,0.28378063440322876,1.5175931453704834,1.220657467842102,5.227767467498779,0.08461936563253403,0.4033375084400177,0.7012256979942322,0.863021194934845,0.4381183981895447,0.00039999998989515007,0.09403496980667114,0.4141372740268707,0.5996371507644653,1.7962040901184082,1.1148405075073242,1.0156447887420654,0.11030494421720505,1.3643248081207275,1.032706618309021,0.12158485502004623,0.5396921634674072,0.47590819001197815,0.3012281656265259,1.2233141660690308,1.0676839351654053,0.298189640045166,0.3915732502937317,0.0939866378903389,1.4273542165756226,0.05962700769305229,0.7279397249221802,1.1470226049423218,0.47649163007736206,0.9421704411506653,0.7226675748825073,0.8532584309577942,0.4262564778327942,0.7581630945205688,1.313921570777893,0.37718111276626587,0.21790136396884918,0.8207435607910156,1.2601913213729858,0.35430800914764404,0.4287729561328888,0.9507898092269897,0.005015254486352205,0.24193502962589264,0.45093920826911926,1.3346198797225952,0.23464849591255188,0.1473485380411148,0.7532781958580017
0.5469579100608826,0.162618950009346,1.3921412229537964,1.2328842878341675,0.18214550614356995,1.3557161092758179,1.1857573986053467,5.03721809387207,0.4892521798610687,0.6020556092262268,0.9335644245147705,0.9214215874671936,0.25842514634132385,0.00039999998989515007,0.042666103690862656,0.31413978338241577,0.6359909772872925,1.9806615114212036,1.0705292224884033,1.039040207862854,0.03526986762881279,1.197200059890747,1.145601511001587,0.06570795923471451,0.4477607011795044,0.26917770504951477,0.2250395268201828,1.1015405654907227,1.2664775848388672,0.31691810488700867,0.1712835133075714,0.27633360028266907,1.5339832305908203,0.14666935801506042,0.7354927659034729,1.282964825630188,0.07737252116203308,1.1025511026382446,0.7498594522476196,0.9855907559394836,0.41832661628723145,0.3687015771865845,1.4009981155395508,0.25710657238960266,0.011645724065601826,0.8153350353240967,1.1720694303512573,0.3105662167072296,0.5763473510742188,0.7208564877510071,0.27129653096199036,0.24725653231143951,0.5632463693618774,1.3196296691894531,0.3338887095451355,0.3349018096923828,0.49468740820884705
0.5104567408561707,0.05320894718170166,1.4208710193634033,1.1138304471969604,0.270212322473526,1.4364523887634277,1.191684365272522,4.977717399597168,0.1437474489212036,0.5375224947929382,0.8943682312965393,0.642778217792511,0.3706144094467163,0.00039999998989515007,0.4170125126838684,0.701407253742218,0.45957595109939575,1.821744441986084,1.1889750957489014,0.8404631018638611,0.055438995361328125,1.21409010887146,0.899127721786499,0.38207924365997314,0.9000868797302246,0.26531127095222473,0.2134377509355545,1.0479042530059814,1.2117199897766113,0.12784923613071442,0.5170530676841736,0.39831942319869995,1.5944141149520874,0.30887511372566223,0.5889073610305786,1.3959685564041138,0.15827350318431854,0.7333976030349731,0.9030420780181885,0.6433098912239075,0.6144580245018005,0.9750521183013916,1.4161659479141235,0.5167028903961182,0.44251638650894165,0.7867457866668701,1.2655125856399536,0.28131377696990967,0.4436762034893036,0.9379197955131531,0.09203889220952988,0.2019662708044052,0.33176389336586,1.366174578666687,0.19875559210777283,0.14924730360507965,0.9819161295890808
0.6692681908607483,0.13691446185112,1.2967095375061035,0.9909113645553589,0.18984228372573853,1.2518701553344727,1.1765601634979248,5.415676593780518,0.05848689377307892,0.40016722679138184,0.3748679757118225,1.3459635972976685,0.5129351019859314,0.00039999998989515007,0.14170554280281067,0.0799495279788971,0.8818779587745667,1.8030091524124146,0.8458867073059082,1.033366084098816,0.008627754636108875,1.5007017850875854,0.9648401737213135,0.3159060478210449,0.39980778098106384,0.3782183825969696,0.25184744596481323,1.2888917922973633,0.9413358569145203,0.46463578939437866,0.39965948462486267,0.23778536915779114,1.2740440368652344,0.10003654658794403,0.6493688821792603,0.8748546242713928,0.37559637427330017,0.8431330919265747,0.8620669841766357,0.8244637846946716,0.29343608021736145,0.3583598732948303,1.054308295249939,0.3277621865272522,0.08592873811721802,0.6819676756858826,1.4729626178741455,0.2818093001842499,0.628847599029541,0.9513111114501953,0.014536463655531406,0.01920325681567192,0.27223849296569824,1.4753814935684204,0.33119261264801025,0.22408542037010193,0.7156700491905212
0.5466935038566589,0.22029852867126465,1.3850406408309937,1.2136366367340088,0.19034846127033234,1.2759318351745605,1.261364221572876,5.0722479820251465,0.37032365798950195,0.5204758048057556,0.9223682880401611,0.8674583435058594,0.3032061755657196,0.00039999998989515007,0.11847436428070068,0.20361971855163574,0.6060349345207214,1.8873826265335083,1.066009521484375,1.0505198240280151,0.05670894309878349,1.207776427268982,1.12161123752594,0.2000359445810318,0.5454891920089722,0.28745517134666443,0.19391128420829773,1.1573152542114258,1.2882992029190063,0.23539355397224426,0.168212890625,0.2212001532316208,1.5255488157272339,0.2834291160106659,0.7346619367599487,1.259222149848938,0.12951794266700745,1.0714384317398071,0.8368604779243469,1.0162686109542847,0.5459291934967041,0.3258379101753235,1.2835299968719482,0.2577998638153076,0.028357844799757004,0.8864578604698181,1.182316541671753,0.33672794699668884,0.5727320909500122,0.8134122490882874,0.2257457673549652,0.13859431445598602,0.33535903692245483,1.4264709949493408,0.314439058303833,0.23693639039993286,0.6478167772293091
0.5889909863471985,0.25265052914619446,1.3316497802734375,1.1494007110595703,0.16620372235774994,1.3920046091079712,1.1561152935028076,5.161211013793945,0.09620622545480728,0.48386314511299133,0.7040700912475586,0.8538103103637695,0.36720913648605347,0.00039999998989515007,0.1725127249956131,0.3822171092033386,0.5164762139320374,1.8775357007980347,1.0451239347457886,0.960637092590332,0.1129569485783577,1.2346711158752441,1.0042247772216797,0.213194340467453,0.7190784811973572,0.4988052248954773,0.3225986659526825,1.130383014678955,1.0455067157745361,0.18697930872440338,0.6218575835227966,0.010769685730338097,1.5268511772155762,0.1365204006433487,0.7982597351074219,1.1678600311279297,0.47112786769866943,0.9458097219467163,0.8493072986602783,0.8712623119354248,0.5328349471092224,0.9685218334197998,1.2839211225509644,0.4448622167110443,0.33569177985191345,0.7625246047973633,1.2245404720306396,0.34462428092956543,0.4204830229282379,1.0216306447982788,0.020198717713356018,0.18355558812618256,0.5255045890808105,1.3399935960769653,0.2303313910961151,0.06184246391057968,0.7739571332931519
0.33692222833633423,0.39090296626091003,1.366425633430481,1.189650297164917,0.21394217014312744,1.5163631439208984,0.9589440226554871,5.050395488739014,0.087151899933815,0.54347163438797,0.9321982264518738,0.572839617729187,0.2502802014350891,0.00039999998989515007,0.26236459612846375,0.7401720881462097,0.4013994634151459,1.8249152898788452,0.9124019742012024,0.8921637535095215,0.31427937746047974,1.2122077941894531,0.717667281627655,0.045049998909235,0.8079450130462646,0.5908586382865906,0.10652731359004974,1.020655870437622,1.166455626487732,0.09896926581859589,0.7043284177780151,0.12339375168085098,1.574008584022522,0.1901767998933792,0.8910260200500488,1.0831363201141357,0.8031168580055237,0.879654586315155,0.7169262766838074,0.9826647043228149,0.5633862614631653,1.2726260423660278,1.576418399810791,0.3377087712287903,0.5561817288398743,0.6040598154067993,1.1937252283096313,0.1766137033700943,0.761310875415802,1.2297389507293701,0.23295776546001434,0.4172626733779907,0.6232056021690369,1.0510340929031372,0.1728476732969284,0.09197791665792465,0.5144637823104858
0.5004554986953735,0.4075748920440674,1.349419355392456,1.2490848302841187,0.4286135733127594,1.6856896877288818,1.0933337211608887,4.917421817779541,0.16303572058677673,0.6950247287750244,1.0752041339874268,0.5359030365943909,0.1291583627462387,0.00039999998989515007,0.024104099720716476,0.9930493235588074,0.0452711246907711,1.910351037979126,1.1060019731521606,0.8754245042800903,0.6312090754508972,1.2855263948440552,1.093037486076355,0.1974809467792511,0.6693112254142761,0.2597968578338623,0.26895639300346375,0.701325535774231,1.4553089141845703,0.37693819403648376,0.6598838567733765,0.23189154267311096,1.675120234489441,0.24766197800636292,0.6913520693778992,1.4350157976150513,0.09700775146484375,0.7458776831626892,0.5584064722061157,0.7940691113471985,0.47516751289367676,0.9600073099136353,1.5702235698699951,0.331866979598999,0.5130875706672668,0.4333972930908203,1.1259076595306396,0.3734104633331299,0.17165571451187134,0.6483549475669861,0.08943445980548859,0.24393537640571594,0.5795178413391113,1.168092131614685,0.239989772439003,0.02001340501010418,0.8456342816352844
0.11290324479341507,0.4729907810688019,1.1821931600570679,1.4285202026367188,0.21247006952762604,1.0152697563171387,1.0633471012115479,5.228355884552002,0.987262487411499,0.0820317491889,0.2568853497505188,1.0793107748031616,0.24577835202217102,0.00039999998989515007,0.17840756475925446,0.4304555356502533,1.276700735092163,1.5327129364013672,0.8863338828086853,1.098254919052124,0.502752423286438,0.9840598702430725,0.6509192585945129,0.16725380718708038,0.3574182391166687,0.3460763394832611,0.47807037830352783,1.5919808149337769,0.5162124037742615,0.13466645777225494,0.006863442249596119,0.6164742708206177,0.6598700881004333,0.2851302921772003,0.48189276456832886,0.6928853988647461,1.2901829481124878,1.3575209379196167,0.8973208069801331,0.7107872366905212,0.5905545353889465,0.6635465621948242,0.9951655864715576,0.24633392691612244,0.1788608282804489,1.0852651596069336,1.312363862991333,0.6620509624481201,0.6977151036262512,1.6370625495910645,0.0759466215968132,0.43735167384147644,0.3125340938568115,1.2913172245025635,0.35556167364120483,0.2283371090888977,0.5462012887001038
0.5381718277931213,0.22497348487377167,1.3943030834197998,1.1519825458526611,0.36142969131469727,1.6929067373275757,1.202714204788208,5.012356758117676,0.1514548808336258,0.6148930191993713,1.0904568433761597,0.40784168243408203,0.2415802776813507,0.00039999998989515007,0.15959006547927856,0.9511479735374451,0.21577149629592896,1.8974766731262207,1.1493885517120361,0.8620749115943909,0.3321146070957184,1.2964258193969727,0.9794665575027466,0.11426295340061188,0.8066651225090027,0.2140638381242752,0.13445059955120087,0.8408056497573853,1.3713568449020386,0.22931434214115143,0.47902992367744446,0.307961106300354,1.7064827680587769,0.032394442707300186,0.7015203833580017,1.538934588432312,0.10991981625556946,0.7182250022888184,0.6721706390380859,0.7763330936431885,0.462585985660553,0.860032856464386,1.5665737390518188,0.3405921459197998,0.3301474153995514,0.5758571624755859,1.0951098203659058,0.262469619512558,0.43734338879585266,0.6250748634338379,0.10776478052139282,0.23787592351436615,0.36921408772468567,1.2300175428390503,0.16967655718326569,0.06537650525569916,0.8523770570755005
0.5306853652000427,0.06072716787457466,1.3225160837173462,1.022535800933838,0.16558581590652466,1.4003671407699585,1.1171952486038208,5.400419235229492,0.1782253533601761,0.5022743344306946,0.4695188105106354,1.2146204710006714,0.44681209325790405,0.00039999998989515007,0.018142759799957275,0.2189798504114151,0.6599243879318237,2.0470967292785645,1.0539777278900146,0.9909111261367798,0.1126590445637703,1.3687864542007446,1.0596729516983032,0.10990311205387115,0.2882954478263855,0.32160595059394836,0.33855029940605164,1.2475587129592896,1.0394009351730347,0.42869675159454346,0.40284818410873413,0.07948320358991623,1.3515312671661377,0.07938118278980255,0.6367883682250977,1.0028866529464722,0.35691604018211365,0.7734927535057068,0.7776418924331665,0.7202928066253662,0.40213730931282043,0.5226840972900391,1.2774624824523926,0.33707329630851746,0.2427191436290741,0.6940383315086365,1.3204985857009888,0.16663885116577148,0.4603557288646698,0.843002438545227,0.14136208593845367,0.2178119421005249,0.46512848138809204,1.304962158203125,0.45018869638442993,0.37814632058143616,0.6730462312698364
0.12989987432956696,0.09471845626831055,1.4141716957092285,1.2722609043121338,0.12127715349197388,0.8118184208869934,1.2458508014678955,5.384764671325684,0.8024604916572571,0.3135289251804352,0.4332510232925415,0.8670472502708435,0.21953964233398438,0.00039999998989515007,0.40575551986694336,0.2654303312301636,0.8232667446136475,1.7582263946533203,0.8795090913772583,1.1174136400222778,0.4217679500579834,0.9601280689239502,0.7554767727851868,0.18425872921943665,0.31591761112213135,0.29559409618377686,0.22593523561954498,1.5608397722244263,1.0442038774490356,0.4164223372936249,0.08872205764055252,0.5459766387939453,0.9480738639831543,0.35094723105430603,0.7628393769264221,0.8314452171325684,0.7789093852043152,1.0240107774734497,0.828995406627655,1.0008114576339722,0.8452808856964111,0.13534757494926453,1.3059136867523193,0.2072315216064453,0.005020648241043091,0.9436749219894409,1.1116774082183838,0.5473254919052124,1.0606344938278198,1.2538386583328247,0.31225675344467163,0.37168118357658386,0.05339030176401138,1.2407289743423462,0.4003638029098511,0.2009437084197998,0.5756890177726746
1.2235264778137207,0.3955552875995636,0.855524480342865,0.07188810408115387,0.3280503451824188,0.7893127202987671,1.7341537475585938,5.380743503570557,0.5164057016372681,0.35619863867759705,0.07696249336004257,1.4349851608276367,0.7782289385795593,0.00039999998989515007,0.4095074534416199,1.003997802734375,0.6374338865280151,1.9114640951156616,1.007326364517212,1.0312354564666748,0.016906948760151863,1.5256295204162598,1.166438341140747,0.261633038520813,0.2452939748764038,0.6936162114143372,0.019469209015369415,1.1767886877059937,0.47230055928230286,0.9425159692764282,0.47553834319114685,0.21146723628044128,1.2988882064819336,0.01618267223238945,0.803351640701294,0.6076479554176331,0.4432671368122101,0.7611082792282104,0.45602765679359436,0.6787810325622559,0.6139357089996338,0.10829471051692963,0.7927445769309998,0.6134752631187439,0.1659698486328125,0.9666901230812073,1.1753885746002197,0.18319301307201385,0.20597095787525177,0.016608159989118576,0.005630994215607643,0.45701804757118225,1.0365782976150513,1.227323293685913,0.05454867333173752,0.45488861203193665,0.6209154725074768
0.57561856508255,0.3589983582496643,1.4385340213775635,0.8001834154129028,0.1632343977689743,1.5568804740905762,0.9851007461547852,5.206583023071289,0.3764632046222687,0.6793267726898193,0.9666689038276672,0.711662232875824,0.3291296064853668,0.00039999998989515007,0.10584351420402527,0.6712121367454529,0.30325251817703247,1.9235202074050903,0.6449674367904663,0.8913827538490295,0.4393814504146576,1.2586017847061157,0.7549432516098022,0.3510155975818634,0.8898172974586487,0.4547060430049896,0.13762573897838593,0.9265087842941284,1.2961649894714355,0.2474595606327057,0.8255742192268372,0.0917804017663002,1.8405535221099854,0.26025116443634033,0.9461580514907837,1.1815097332000732,0.1942017674446106,0.5835151672363281,0.7733123302459717,0.9379457831382751,0.33563172817230225,1.0797088146209717,1.5764251947402954,0.3550211787223816,0.5415185689926147,0.343680202960968,1.131571888923645,0.034157052636146545,0.9047116041183472,0.729678750038147,0.2737751305103302,0.15866459906101227,0.5592194199562073,1.0423952341079712,0.07774878293275833,0.1552537977695465,0.49782243371009827
0.4076094925403595,0.4856754541397095,1.358970046043396,0.8650616407394409,0.07860682904720306,1.5480443239212036,1.1135215759277344,5.433016300201416,0.49098581075668335,0.44426146149635315,0.22466863691806793,0.40074294805526733,0.1259477436542511,0.00039999998989515007,0.6037285327911377,0.6314650774002075,0.4847835600376129,1.8145488500595093,0.4775080978870392,1.0432966947555542,0.39914998412132263,0.8605970740318298,0.7501412034034729,0.34530243277549744,0.5413404107093811,0.904681921005249,0.5065262913703918,0.9563262462615967,0.5538550019264221,0.4246460497379303,1.2520889043807983,0.31457871198654175,1.5609564781188965,0.5255481600761414,1.2827903032302856,0.8092739582061768,0.5855480432510376,0.7175611257553101,0.3434380888938904,0.7640292644500732,0.06172304227948189,1.9334230422973633,1.1012811660766602,0.6812909841537476,0.9251337051391602,0.21471035480499268,0.657054603099823,0.6097490191459656,0.4948079586029053,0.9619991183280945,0.48762184381484985,0.2367095798254013,1.2922263145446777,0.8505850434303284,0.2149634063243866,0.4680733382701874,0.16138941049575806
0.6560055017471313,0.06172410398721695,1.2173781394958496,0.9909008741378784,0.39226171374320984,1.7257229089736938,1.1010558605194092,5.2717671394348145,0.023559333756566048,0.3857106864452362,0.6798762083053589,1.1645325422286987,0.5981238484382629,0.00039999998989515007,0.22375883162021637,0.5090817213058472,0.5578681826591492,1.8927756547927856,0.9328663349151611,1.0156725645065308,0.27637189626693726,1.5351357460021973,1.1966882944107056,0.1242813989520073,0.4306411147117615,0.3195022642612457,0.20441380143165588,1.331888198852539,1.0953209400177002,0.3658428192138672,0.36017122864723206,0.18055090308189392,1.4406921863555908,0.004774801898747683,0.6203249096870422,1.2238467931747437,0.2380717545747757,0.7180511355400085,0.7962814569473267,0.8475251197814941,0.2504744231700897,0.3632422983646393,1.2701631784439087,0.32826921343803406,0.05958661809563637,0.61717689037323,1.250131368637085,0.09939834475517273,0.3278888165950775,0.6027898192405701,0.034197304397821426,0.22227032482624054,0.24901486933231354,1.4018534421920776,0.19202323257923126,0.3357589840888977,0.7703579664230347
0.4236149489879608,0.19721469283103943,1.6070246696472168,1.092464566230774,0.15757209062576294,1.0839332342147827,1.3645483255386353,5.23927116394043,0.1969894915819168,0.6410425305366516,0.8678712844848633,0.6938529014587402,0.2943829894065857,0.00039999998989515007,0.18365104496479034,0.3103574514389038,0.5321500897407532,1.7974579334259033,1.127328872680664,0.8313930034637451,0.16117961704730988,1.1525218486785889,0.8408529758453369,0.4793727397918701,0.6948387622833252,0.11629920452833176,0.1159987598657608,0.9715510606765747,1.487375020980835,0.12119320780038834,0.24545349180698395,0.22740882635116577,1.5653830766677856,0.39749589562416077,0.5700352787971497,1.2105454206466675,0.10885222256183624,0.5899619460105896,0.8392041325569153,0.7496485710144043,0.8053580522537231,0.43176817893981934,1.3573013544082642,0.2183285355567932,0.437115341424942,0.8067808151245117,1.2973979711532593,0.3271469473838806,0.8045660853385925,0.7944769859313965,0.3804996907711029,0.013913115486502647,0.05059279873967171,1.3625621795654297,0.4425303339958191,0.007073271553963423,0.879902184009552
0.6499427556991577,0.061181098222732544,1.2799806594848633,0.9589430093765259,0.3085188865661621,1.8437045812606812,1.002221941947937,5.049930572509766,0.12329408526420593,0.5319691300392151,0.7927901744842529,1.0428181886672974,0.5147505402565002,0.00039999998989515007,0.15355293452739716,0.6118431687355042,0.32000693678855896,2.056929349899292,0.924136757850647,1.004675030708313,0.4310759902000427,1.3761615753173828,1.3203903436660767,0.10522081702947617,0.4425276815891266,0.3244997560977936,0.2639144957065582,1.2402610778808594,1.2192516326904297,0.35309648513793945,0.5450984239578247,0.03151210397481918,1.6937901973724365,0.03191094845533371,0.7917514443397522,1.3902593851089478,0.0656575933098793,0.6582644581794739,0.7871732711791992,0.9055995941162109,0.3349315822124481,0.5393689870834351,1.4176045656204224,0.3402404189109802,0.10600830614566803,0.5067408084869385,1.0313955545425415,0.048463694751262665,0.2527218163013458,0.4487101435661316,0.03035151958465576,0.25604909658432007,0.4368341565132141,1.3177419900894165,0.23803533613681793,0.2915646433830261,0.6647765040397644
0.4797644019126892,0.07718629390001297,1.3775817155838013,1.0975172519683838,0.2837643623352051,1.386989712715149,1.3441485166549683,5.283505439758301,0.08348774164915085,0.44903862476348877,0.933969259262085,0.7179288268089294,0.44408267736434937,0.00039999998989515007,0.2444200962781906,0.5914098620414734,0.616470217704773,1.7442569732666016,1.138221025466919,0.9194762110710144,0.042879391461610794,1.3629056215286255,0.8642953038215637,0.30483049154281616,0.7169862985610962,0.28664669394493103,0.028020525351166725,1.1616820096969604,1.2561732530593872,0.13133515417575836,0.20409606397151947,0.09477875381708145,1.4721335172653198,0.2210850715637207,0.5662480592727661,1.2410093545913696,0.1850440353155136,0.7559739351272583,0.7889418601989746,0.7657414078712463,0.4439960718154907,0.5540087223052979,1.354298710823059,0.37387919425964355,0.26604196429252625,0.8623824119567871,1.365727424621582,0.2890734374523163,0.6450292468070984,0.8754453659057617,0.09810717403888702,0.1603812277317047,0.19854941964149475,1.3459521532058716,0.1747952401638031,0.1108541339635849,0.8564432263374329
0.6723120212554932,0.04129977524280548,1.308174967765808,1.034556269645691,0.2924044132232666,1.859694480895996,0.8734223246574402,5.363250732421875,0.287492036819458,0.47551244497299194,0.8113614320755005,1.3659939765930176,0.4608100652694702,0.00039999998989515007,0.22553019225597382,0.20242555439472198,1.2051661014556885,1.561242938041687,0.5285083055496216,0.8815270662307739,0.24170586466789246,1.488610863685608,0.7928293347358704,0.4422132968902588,0.5798389911651611,0.3328263759613037,0.20890651643276215,0.8711415529251099,0.962132453918457,0.2199253886938095,0.6767833828926086,0.29804447293281555,1.642845869064331,0.35591113567352295,0.4963535964488983,0.8741772174835205,0.2651708722114563,0.8594925999641418,0.7214251160621643,0.8182461261749268,0.09142082184553146,0.8360750079154968,0.8829179406166077,0.7919654846191406,0.07990800589323044,0.5091494917869568,1.5333354473114014,0.01831829361617565,0.6200079321861267,0.8613577485084534,0.3801361620426178,0.2642384171485901,0.5722295045852661,1.3472729921340942,0.3224097192287445,0.348184198141098,0.19101600348949432
1.2325949668884277,0.8852238059043884,0.9600969552993774,0.7979131937026978,0.25107404589653015,0.6867850422859192,1.3396425247192383,4.615485191345215,0.1317560225725174,0.542307436466217,0.4716583490371704,1.5366672277450562,0.38855475187301636,0.00039999998989515007,0.5412694215774536,1.1957820653915405,0.21667854487895966,2.2706427574157715,1.0996941328048706,0.9701363444328308,0.016394643113017082,1.229814052581787,1.7626062631607056,0.03782349079847336,0.23603706061840057,0.35517004132270813,0.40158069133758545,0.8696939945220947,1.0389297008514404,0.214161679148674,0.4506957232952118,0.3633468747138977,1.4877598285675049,0.604093074798584,0.7047451734542847,0.8777693510055542,0.2535631060600281,1.123549461364746,1.0038248300552368,1.0995244979858398,0.5300422310829163,0.3074513375759125,0.49053311347961426,0.3585439622402191,0.17490984499454498,0.8984864950180054,1.0616198778152466,0.15330387651920319,0.25890302658081055,0.2028798907995224,0.469305157661438,0.36813870072364807,0.362529456615448,1.6480989456176758,0.611723005771637,0.5183454155921936,0.8199294209480286
0.5729799866676331,0.01987815834581852,0.9957461357116699,1.1604872941970825,0.49092796444892883,1.674838900566101,1.0324366092681885,5.265779495239258,0.08687391132116318,0.3287995755672455,0.7521246075630188,1.1407636404037476,0.4662052094936371,0.00039999998989515007,0.1866968423128128,0.7762941122055054,0.5115880370140076,1.78660249710083,0.9577170014381409,0.9999219179153442,0.4954012334346771,1.5684330463409424,1.0297614336013794,0.19481506943702698,0.6216166019439697,0.4015500843524933,0.2212664783000946,1.198470950126648,0.8983573317527771,0.161916583776474,0.6256654858589172,0.22088445723056793,1.1797094345092773,0.23416371643543243,0.35802513360977173,0.9740648865699768,0.7612192630767822,0.9654013514518738,0.8089703917503357,0.6892715692520142,0.19249184429645538,0.9389539957046509,1.1217087507247925,0.5957802534103394,0.1391180008649826,0.685308039188385,1.4359244108200073,0.25070813298225403,0.039515379816293716,1.0926285982131958,0.2282068133354187,0.2278698831796646,0.5230634212493896,1.3465152978897095,0.13332270085811615,0.35613957047462463,0.834750235080719
0.5255174040794373,0.37810608744621277,1.3073906898498535,1.1755629777908325,0.20874318480491638,1.4618078470230103,1.132580041885376,5.182557582855225,0.02966657094657421,0.6860873699188232,0.8715270161628723,0.8041724562644958,0.2077624350786209,0.00039999998989515007,0.22636263072490692,0.5897213220596313,0.25651293992996216,2.094353199005127,1.1082185506820679,0.9337156414985657,0.43607810139656067,1.3174238204956055,1.0916553735733032,0.15874336659908295,0.560562789440155,0.3616756796836853,0.2333274781703949,0.8999081254005432,1.203254222869873,0.1337631344795227,0.635021984577179,0.13282401859760284,1.4743291139602661,0.11269397288560867,0.6038841009140015,1.0901329517364502,0.47643032670021057,0.9321067333221436,0.7302457094192505,0.7873997092247009,0.47478747367858887,1.0497616529464722,1.4016599655151367,0.4474286735057831,0.3458695709705353,0.6365968585014343,1.1734836101531982,0.22698116302490234,0.3258635401725769,0.8645802140235901,0.14409849047660828,0.2306969314813614,0.7550145387649536,1.178123950958252,0.4417065680027008,0.2396567016839981,0.5975313782691956
0.7256118059158325,0.2183459848165512,1.3769378662109375,0.7909412384033203,0.10041777044534683,1.4291603565216064,1.1963531970977783,5.330076694488525,0.382099449634552,0.5070229768753052,0.6657410264015198,0.990212082862854,0.5185394287109375,0.00039999998989515007,0.30652916431427,0.3458597958087921,0.5031201839447021,1.855943202972412,0.8248443007469177,0.9507480263710022,0.16827985644340515,1.254146695137024,0.9478312134742737,0.5282601118087769,0.7698400616645813,0.5081188678741455,0.11454985290765762,1.1683204174041748,1.0960386991500854,0.19401803612709045,0.7328956127166748,0.20571233332157135,1.6949306726455688,0.08571003377437592,0.856285810470581,1.1082072257995605,0.19955489039421082,0.6418648362159729,0.9003836512565613,0.8116974234580994,0.3748631775379181,0.9078392386436462,1.2492725849151611,0.49350395798683167,0.4781039357185364,0.606157660484314,1.2193189859390259,0.1388922929763794,0.5945835113525391,0.7715516090393066,0.14846216142177582,0.015991775318980217,0.44457152485847473,1.293545126914978,0.10941319912672043,0.10467784851789474,0.7514757513999939
0.6036872267723083,0.29394394159317017,1.3468390703201294,1.097015380859375,0.1562367081642151,1.4924004077911377,1.2610446214675903,5.385563850402832,0.07400864362716675,0.5389235019683838,0.7188683152198792,0.8963465690612793,0.36591944098472595,0.00039999998989515007,0.03621349856257439,0.3393518924713135,0.5180382132530212,1.890257477760315,1.0257893800735474,1.0015149116516113,0.19432568550109863,1.328898549079895,1.082887887954712,0.09609571844339371,0.477558434009552,0.44280481338500977,0.27725911140441895,1.0721358060836792,1.1459295749664307,0.2186739295721054,0.49870023131370544,0.10384770482778549,1.5473016500473022,0.03187158331274986,0.8088247179985046,1.1120140552520752,0.24493616819381714,0.8688513040542603,0.6765486598014832,0.9132013916969299,0.386239618062973,0.7212978005409241,1.3026227951049805,0.33358487486839294,0.2562488317489624,0.7137293815612793,1.1950503587722778,0.2710839509963989,0.47128868103027344,0.7268128991127014,0.06438438594341278,0.1053224727511406,0.5492232441902161,1.2603710889816284,0.33099591732025146,0.17801545560359955,0.617782473564148
0.001289796782657504,0.3150091767311096,1.468138575553894,1.2485400438308716,0.17626802623271942,0.6792701482772827,1.4141839742660522,5.258242607116699,0.9253680109977722,0.29807788133621216,0.620358943939209,0.6782904267311096,0.2540389895439148,0.00039999998989515007,0.18418069183826447,0.5079976916313171,0.9473893046379089,1.5515092611312866,1.0954363346099854,0.9976876378059387,0.66566002368927,0.9686931371688843,0.5490499138832092,0.3634412884712219,0.46204718947410583,0.08762794733047485,0.036678556352853775,1.5166659355163574,1.1572020053863525,0.2147294580936432,0.37883344292640686,0.243169367313385,0.85458904504776,0.5842899680137634,0.43339085578918457,0.9095218777656555,0.591822624206543,0.8831071257591248,0.8764421343803406,0.7170145511627197,0.8894003629684448,0.07484351843595505,1.364711880683899,0.10385594516992569,0.07868251949548721,1.1518349647521973,1.2987051010131836,0.545920193195343,1.1561375856399536,1.2798396348953247,0.4631403088569641,0.3902858793735504,0.1623634248971939,1.253068208694458,0.3683170676231384,0.20764075219631195,0.7757222056388855
1.1261136531829834,0.43809589743614197,0.9344415664672852,0.8446666598320007,0.23387007415294647,0.7297071218490601,1.3563642501831055,4.631236553192139,0.2727889120578766,0.6641859412193298,1.1239219903945923,1.275170087814331,0.3270412087440491,0.00039999998989515007,0.6395615339279175,0.514942467212677,0.5735007524490356,2.2210633754730225,1.2738323211669922,0.8634089231491089,0.1727822870016098,1.2199878692626953,1.3284393548965454,0.07175878435373306,0.7734394073486328,0.2224210500717163,0.05897889286279678,0.7635497450828552,0.9694940447807312,0.20223014056682587,0.24578975141048431,0.22423218190670013,1.5026013851165771,0.5335636734962463,0.33050739765167236,1.1097723245620728,0.16085639595985413,1.4786126613616943,1.072068214416504,0.8149656653404236,0.12683072686195374,0.31259384751319885,0.8784842491149902,0.874952495098114,0.24726146459579468,1.2719179391860962,1.3418103456497192,0.0698140487074852,0.010333394631743431,0.46412912011146545,0.3981326222419739,0.08039592206478119,0.9254502654075623,1.4464577436447144,0.3030470907688141,0.5403336882591248,0.5991962552070618
0.5728517174720764,0.19641081988811493,1.224880576133728,0.8807973861694336,0.3636736571788788,1.6102114915847778,1.324837565422058,5.395977973937988,0.23466356098651886,0.3939886689186096,0.7499279379844666,0.8401939868927002,0.6474135518074036,0.00039999998989515007,0.1910773664712906,0.5170584917068481,0.48650580644607544,1.774141550064087,0.8949798941612244,1.0303184986114502,0.15310093760490417,1.4226046800613403,0.9614946842193604,0.37164464592933655,0.6624577641487122,0.4864383637905121,0.062263213098049164,1.240046501159668,1.1846648454666138,0.21923828125,0.3946162462234497,0.1366415172815323,1.6044745445251465,0.005786205641925335,0.8079283237457275,1.1276763677597046,0.36840716004371643,0.742732048034668,0.8464707732200623,0.8036659359931946,0.34163030982017517,0.74671471118927,1.18440580368042,0.43763354420661926,0.4076148271560669,0.6830004453659058,1.1966580152511597,0.3077985942363739,0.5427075028419495,0.7543730735778809,0.1676248162984848,0.07097352296113968,0.2150220423936844,1.2815145254135132,0.0636001005768776,0.1401597261428833,0.7201334834098816
0.6253833174705505,0.3429143726825714,1.370297908782959,1.0992803573608398,0.09724366664886475,1.3082942962646484,1.2479639053344727,5.439143657684326,0.15044158697128296,0.42219462990760803,0.5506479144096375,0.931881308555603,0.42710286378860474,0.00039999998989515007,0.18984270095825195,0.2239445000886917,0.607891321182251,1.7917169332504272,0.9154178500175476,0.9593475461006165,0.017316728830337524,1.196415662765503,0.9556987285614014,0.35929733514785767,0.6390408277511597,0.5477281212806702,0.3537728786468506,1.1911081075668335,1.0421684980392456,0.09726876765489578,0.6413309574127197,0.030744794756174088,1.5124036073684692,0.1682845801115036,0.8748876452445984,1.0095946788787842,0.41019871830940247,0.7808768153190613,0.8266997933387756,0.9295200109481812,0.5462885499000549,0.7807725667953491,1.106629729270935,0.3634606897830963,0.42686784267425537,0.7149245738983154,1.2246369123458862,0.3865519165992737,0.5306422710418701,1.0091321468353271,0.034500572830438614,0.03863609582185745,0.34037062525749207,1.3667092323303223,0.24886158108711243,0.09269633889198303,0.7516400218009949
0.7088062763214111,0.2508837878704071,1.4013316631317139,0.8071019053459167,0.18223418295383453,1.550974726676941,1.2202709913253784,5.356324672698975,0.28448009490966797,0.5567617416381836,0.7523661255836487,0.9604482650756836,0.49375611543655396,0.00039999998989515007,0.14027348160743713,0.3862023949623108,0.46756577491760254,1.8208904266357422,0.8270081877708435,0.9789997339248657,0.28957927227020264,1.3682255744934082,1.0000770092010498,0.3997017443180084,0.6525124311447144,0.4587964415550232,0.05763266235589981,1.0997322797775269,1.2205716371536255,0.27744343876838684,0.6417339444160461,0.0982309877872467,1.719650387763977,0.0710308775305748,0.8514196872711182,1.1349694728851318,0.07536952942609787,0.6250066161155701,0.7807357311248779,0.8546849489212036,0.2925757169723511,0.7693737149238586,1.3490533828735352,0.3969247341156006,0.39476341009140015,0.5426306128501892,1.2208564281463623,0.09782139956951141,0.6389406323432922,0.5995223522186279,0.11499522626399994,0.02031658962368965,0.4417116940021515,1.2444477081298828,0.1461925208568573,0.027843283489346504,0.6701747179031372
0.44041162729263306,0.21914103627204895,1.163171410560608,1.1679229736328125,0.21513082087039948,1.1936960220336914,1.2700650691986084,5.339590072631836,0.18005603551864624,0.4776289463043213,0.840450644493103,0.9466942548751831,0.33544495701789856,0.00039999998989515007,0.13370802998542786,0.3688350021839142,0.49658891558647156,1.7127273082733154,1.2141706943511963,0.9507442712783813,0.18702581524848938,1.2995004653930664,0.8304837346076965,0.12427222728729248,0.7083694934844971,0.41296663880348206,0.17047402262687683,1.0888316631317139,1.0938777923583984,0.014885898679494858,0.564564049243927,0.0243658609688282,1.2462936639785767,0.020053643733263016,0.4333299994468689,0.8290006518363953,0.656171977519989,1.0288889408111572,0.7819651961326599,0.7103095650672913,0.5482536554336548,0.9739513993263245,1.2544306516647339,0.4799036681652069,0.5347156524658203,1.0618493556976318,1.4838086366653442,0.2622937262058258,0.35569024085998535,1.2494027614593506,0.017734944820404053,0.1581164449453354,0.6239538788795471,1.228296160697937,0.2776772975921631,0.33772432804107666,0.8197000026702881
0.6206336617469788,0.2711808681488037,1.310818076133728,1.0964149236679077,0.19428545236587524,1.6726444959640503,1.196998119354248,5.3650031089782715,0.07458150386810303,0.5793606042861938,0.7180429697036743,0.8756887912750244,0.3218144476413727,0.00039999998989515007,0.17444027960300446,0.4699905514717102,0.47262710332870483,1.903854250907898,1.0045109987258911,1.014699935913086,0.36468157172203064,1.3736380338668823,1.1163911819458008,0.05003919079899788,0.424153596162796,0.43969887495040894,0.3111959993839264,1.0051798820495605,1.091450572013855,0.26683056354522705,0.6011696457862854,0.1325903832912445,1.552511215209961,0.2237325757741928,0.8227834105491638,1.127459168434143,0.2423112988471985,0.895541250705719,0.5898041725158691,0.8872328400611877,0.2510126829147339,0.8684548139572144,1.3893758058547974,0.3426744341850281,0.20569321513175964,0.6214436888694763,1.1313706636428833,0.20635272562503815,0.4115431606769562,0.6262860298156738,0.015175271779298782,0.1684652715921402,0.7316069602966309,1.1654294729232788,0.33216392993927,0.23592814803123474,0.4978734850883484
0.20197969675064087,0.016552528366446495,1.412959098815918,1.2426658868789673,0.10135424137115479,0.8997699618339539,1.2987964153289795,5.45876407623291,0.7040239572525024,0.3100771903991699,0.417549192905426,0.8970910310745239,0.2855473756790161,0.00039999998989515007,0.4059402346611023,0.24699442088603973,0.8274825811386108,1.7196367979049683,0.8903627991676331,1.1316386461257935,0.3522930443286896,1.0020384788513184,0.8292899131774902,0.17865215241909027,0.2744174003601074,0.36924415826797485,0.24543645977973938,1.5741298198699951,1.0460011959075928,0.3457241952419281,0.006109120324254036,0.48960959911346436,0.9956761598587036,0.30510789155960083,0.8030290603637695,0.8109012246131897,0.7385653257369995,0.9727663397789001,0.8034419417381287,1.0097150802612305,0.7702219486236572,0.17175492644309998,1.2930678129196167,0.15328699350357056,0.06761456280946732,0.9373062252998352,1.1271672248840332,0.500015377998352,0.9983916878700256,1.1776809692382812,0.27148544788360596,0.3182976543903351,0.11607486754655838,1.2278413772583008,0.39138397574424744,0.2273477017879486,0.5496826767921448
0.6152613162994385,0.6171653270721436,1.4389866590499878,1.060314655303955,0.2938469648361206,1.7694180011749268,1.1254856586456299,5.39274263381958,0.23592637479305267,0.46768778562545776,0.8432320356369019,0.8401859402656555,0.46451422572135925,0.00039999998989515007,0.025925997644662857,0.25505346059799194,0.5487275123596191,1.5938152074813843,0.715901792049408,0.8979489803314209,0.3960878551006317,1.410512089729309,0.8900498151779175,0.27306628227233887,0.5371296405792236,0.6091481447219849,0.18467417359352112,0.971129834651947,1.370161533355713,0.05324685946106911,0.6704971790313721,0.11222531646490097,1.790557861328125,0.25232595205307007,0.9796836376190186,0.9605199694633484,0.19828148186206818,0.5504896640777588,0.5298620462417603,1.1806951761245728,0.3350282907485962,0.5672127604484558,1.174470067024231,0.25345513224601746,0.5065097212791443,0.41072219610214233,1.2183674573898315,0.12479867786169052,0.7672395706176758,0.8151835203170776,0.2503490746021271,0.18183718621730804,0.2270188331604004,1.2684952020645142,0.2048574835062027,0.11211233586072922,0.43054845929145813
0.9960567355155945,0.570917546749115,1.1884732246398926,0.3016352653503418,0.1120084747672081,0.7087904214859009,1.6097724437713623,4.832168102264404,0.4205107092857361,0.5688153505325317,0.9180400371551514,1.2062584161758423,0.7505283355712891,0.00039999998989515007,0.574851393699646,0.7778464555740356,0.2064274251461029,1.9718619585037231,1.1674540042877197,0.9291182160377502,0.027825504541397095,1.318651556968689,1.2430769205093384,0.5143821835517883,0.6691932678222656,0.5341381430625916,0.3594646751880646,1.1286247968673706,1.4199498891830444,0.20305749773979187,0.21499721705913544,0.10636328905820847,1.7141133546829224,0.5353682041168213,0.6633691787719727,0.9054816365242004,0.1210140734910965,0.7330268025398254,1.0096180438995361,0.8620091080665588,0.4587474763393402,0.040360938757658005,1.1063601970672607,0.4867844879627228,0.39823639392852783,1.0864195823669434,1.2865099906921387,0.06803787499666214,0.5676374435424805,0.3311169147491455,0.2859992980957031,0.16255448758602142,0.30520856380462646,1.3338428735733032,0.12794458866119385,0.412765234708786,0.839868426322937
0.9209911823272705,0.501396894454956,1.1423614025115967,1.1516284942626953,0.23904633522033691,1.0421208143234253,0.8889556527137756,5.351875305175781,0.2486693412065506,0.722057044506073,0.4724787175655365,1.6907689571380615,0.30080142617225647,0.00039999998989515007,0.1134585365653038,0.3365928530693054,0.6148391366004944,1.7272162437438965,0.847650408744812,0.5998023152351379,0.7379650473594666,1.418108582496643,0.6174175143241882,0.4357208013534546,0.6548097729682922,0.5102079510688782,0.41857460141181946,0.6121525168418884,0.9747795462608337,0.2845726013183594,1.1402621269226074,0.11398189514875412,1.1193174123764038,0.5625914335250854,0.3560877740383148,0.45086199045181274,0.3681783676147461,0.7219904661178589,0.5961064696311951,0.6924638748168945,0.1882380098104477,0.9713653922080994,1.2150291204452515,0.3935616910457611,0.6429287195205688,0.39428356289863586,1.857132077217102,0.4689728617668152,0.3885653018951416,1.2301274538040161,0.06046042591333389,0.03877692297101021,0.9683830142021179,1.0844472646713257,0.14816401898860931,0.17547474801540375,0.6485165357589722
0.7034506797790527,0.0847446396946907,1.2032902240753174,0.952662467956543,0.3568747043609619,1.8088421821594238,1.125415563583374,5.233241081237793,0.16953963041305542,0.39062878489494324,0.6867799162864685,1.1244827508926392,0.6214345693588257,0.00039999998989515007,0.18489865958690643,0.49858221411705017,0.4818531274795532,1.8648974895477295,0.9084668755531311,1.0361719131469727,0.37090423703193665,1.5224153995513916,1.2669881582260132,0.09840936213731766,0.40340664982795715,0.4325697422027588,0.23211653530597687,1.3423683643341064,1.1028417348861694,0.340453565120697,0.4723874628543854,0.13800391554832458,1.5367536544799805,0.07114231586456299,0.7614491581916809,1.2298064231872559,0.22194792330265045,0.681199312210083,0.750537633895874,0.9245486259460449,0.20290380716323853,0.43399593234062195,1.2903934717178345,0.33744221925735474,0.043424949049949646,0.577467679977417,1.1705081462860107,0.05630965158343315,0.2794986665248871,0.5406184792518616,0.11783278733491898,0.1964874118566513,0.33780577778816223,1.3636090755462646,0.15071259438991547,0.3070780336856842,0.7058768272399902
0.6297499537467957,0.2631883919239044,1.3440639972686768,1.0868326425552368,0.09284239262342453,1.3307846784591675,1.2786329984664917,5.432728290557861,0.02869318798184395,0.4681433439254761,0.6038153171539307,0.9529262185096741,0.40960416197776794,0.00039999998989515007,0.182834655046463,0.22007545828819275,0.6465250253677368,1.8191217184066772,1.03299880027771,0.9455472230911255,0.02013522945344448,1.2296894788742065,0.9865216016769409,0.29133743047714233,0.6172088980674744,0.48063719272613525,0.3461788594722748,1.122607707977295,1.0158368349075317,0.037688300013542175,0.6081271767616272,0.06581396609544754,1.489577054977417,0.14672920107841492,0.747314989566803,1.022588849067688,0.37679681181907654,0.8495785593986511,0.8114778399467468,0.8065109848976135,0.46497011184692383,0.8733730316162109,1.1353574991226196,0.49116238951683044,0.3987455666065216,0.8125268816947937,1.2817784547805786,0.3412342369556427,0.4373871088027954,0.9428960084915161,0.03234001621603966,0.007469935808330774,0.4938995838165283,1.3304998874664307,0.3143140971660614,0.01578064262866974,0.7267926335334778
0.5673483610153198,0.15836665034294128,1.3837162256240845,0.8617013096809387,0.015976831316947937,1.6371495723724365,1.5432401895523071,5.801102638244629,0.021630262956023216,0.26037725806236267,0.14399513602256775,0.8069517016410828,0.48254477977752686,0.00039999998989515007,0.060412872582674026,0.038180019706487656,0.904580295085907,1.485826849937439,0.8620569705963135,1.150136947631836,0.020221160724759102,1.1396434307098389,1.0048006772994995,0.4550691246986389,0.15508341789245605,0.733447790145874,0.6215807795524597,1.2616252899169922,0.7228990793228149,0.453664630651474,0.6257395148277283,0.27986371517181396,1.5170705318450928,0.19297732412815094,1.1485613584518433,0.861799955368042,0.017633948475122452,0.6960079669952393,0.2753866910934448,0.8098844885826111,0.04976757615804672,0.8581040501594543,0.9743037223815918,0.43490996956825256,0.532878041267395,0.7286688685417175,0.9361852407455444,0.5429693460464478,0.4632202684879303,0.5598835349082947,0.16977782547473907,0.3719552457332611,0.7613301277160645,1.1652772426605225,0.27116215229034424,0.057602446526288986,0.40550535917282104
0.894279956817627,0.209999218583107,1.3953466415405273,1.0351475477218628,0.23680634796619415,1.3962125778198242,1.085383653640747,5.363683223724365,0.37663912773132324,0.45854002237319946,0.5723572373390198,1.0911506414413452,0.3393438756465912,0.00039999998989515007,0.5627052783966064,0.41215869784355164,0.6216503977775574,1.734513521194458,0.6078523397445679,0.9031922817230225,0.1340358704328537,1.1547527313232422,0.9135922789573669,0.6576835513114929,0.9162377715110779,0.3153083622455597,0.3037480413913727,1.0110057592391968,1.0567467212677002,0.019873978570103645,0.8393774628639221,0.13710597157478333,1.5937800407409668,0.22490987181663513,0.769472599029541,1.1096876859664917,0.13090288639068604,0.7517582774162292,1.0995707511901855,0.8158566951751709,0.556782066822052,0.7998068928718567,0.9266583323478699,0.4268736243247986,0.2533676028251648,0.40231090784072876,1.2692604064941406,0.3915988504886627,0.554631233215332,0.9195563197135925,0.0705857202410698,0.21426013112068176,0.05505979433655739,1.4969815015792847,0.12180972099304199,0.3658972978591919,0.8913352489471436
0.6653586030006409,0.11622178554534912,1.1549036502838135,0.9800184965133667,0.1779121458530426,1.741764783859253,1.1973505020141602,5.06996488571167,0.41424381732940674,0.5626278519630432,0.655883252620697,0.5675991773605347,0.30327051877975464,0.00039999998989515007,0.05318105220794678,0.9874032139778137,0.10285397619009018,2.0185067653656006,1.2348462343215942,0.9302453994750977,0.49948975443840027,1.2295231819152832,1.0968339443206787,0.13568034768104553,0.7112014889717102,0.4685594141483307,0.3853934109210968,1.0249686241149902,0.8379637598991394,0.30033016204833984,0.9059961438179016,0.39796027541160583,1.5002033710479736,0.10736352950334549,0.8020840287208557,1.3295586109161377,0.3277556598186493,0.8407137989997864,0.6721789240837097,0.5950438380241394,0.28570058941841125,1.484157919883728,1.5692130327224731,0.5124004483222961,0.41661641001701355,0.6577317118644714,0.9281405806541443,0.18225117027759552,0.07628456503152847,0.6642748713493347,0.017073223367333412,0.3851797878742218,0.9709322452545166,1.044335961341858,0.1395132690668106,0.06126507371664047,0.7864282131195068
0.4723309874534607,0.12198811024427414,1.391003131866455,1.0561667680740356,0.2832495868206024,1.4758224487304688,1.4157555103302002,5.370603561401367,0.2770059108734131,0.5820056796073914,0.867801308631897,0.6773682236671448,0.36177244782447815,0.00039999998989515007,0.06291189044713974,0.7559896111488342,0.6038119792938232,1.804050326347351,1.3282119035720825,0.8828892707824707,0.056965384632349014,1.3633204698562622,0.8514095544815063,0.10672947019338608,0.5927013754844666,0.13782209157943726,0.11313393712043762,1.0481407642364502,1.1820483207702637,0.1874638795852661,0.2173507660627365,0.23176071047782898,1.3671075105667114,0.12283527851104736,0.4071579575538635,1.2246078252792358,0.06592226028442383,0.7549126148223877,0.6647526025772095,0.5268359780311584,0.3383942246437073,0.7204844355583191,1.5427651405334473,0.3796508312225342,0.23416507244110107,0.9041865468025208,1.304308533668518,0.2244025319814682,0.5998281836509705,0.7020405530929565,0.31654977798461914,0.25612521171569824,0.48195549845695496,1.1816684007644653,0.30409684777259827,0.2873844504356384,0.7412810325622559
0.6189150810241699,0.3356405198574066,1.3365497589111328,1.0783815383911133,0.17270518839359283,1.5590879917144775,1.2585933208465576,5.405064105987549,0.00807609036564827,0.5360468029975891,0.7172600626945496,0.8673804402351379,0.36692729592323303,0.00039999998989515007,0.07052409648895264,0.341491162776947,0.48521021008491516,1.873088002204895,1.0197772979736328,0.9995865821838379,0.24785776436328888,1.3345025777816772,1.1147249937057495,0.06667710095643997,0.4676611125469208,0.4732319712638855,0.2956373393535614,1.0525178909301758,1.1373382806777954,0.1965400129556656,0.5711717009544373,0.06318715959787369,1.574386715888977,0.08843490481376648,0.8382829427719116,1.117046594619751,0.24566128849983215,0.8420764207839966,0.645963728427887,0.9105846881866455,0.3453483581542969,0.7823002338409424,1.3113460540771484,0.3620598316192627,0.3004809021949768,0.6809550523757935,1.1697152853012085,0.25173208117485046,0.41870757937431335,0.6868762969970703,0.0237415824085474,0.09883707016706467,0.5844330787658691,1.2272343635559082,0.32406067848205566,0.15983937680721283,0.595650315284729
0.8698250651359558,0.06767094880342484,1.1706236600875854,1.1254217624664307,0.4067070782184601,1.7842373847961426,0.944563090801239,5.028298377990723,0.08861016482114792,0.39673182368278503,0.7188627123832703,1.2869869470596313,0.4827190339565277,0.00039999998989515007,0.4162710905075073,0.49592986702919006,0.4936442971229553,1.9640989303588867,0.6997160911560059,1.0468907356262207,0.3340720236301422,1.3769077062606812,1.4641761779785156,0.16611871123313904,0.4591032862663269,0.21965156495571136,0.3719806373119354,1.2741838693618774,1.1124284267425537,0.21803922951221466,0.49785324931144714,0.2743956446647644,1.5546973943710327,0.12289730459451675,0.7384935021400452,1.4193283319473267,0.00837420392781496,0.8348714113235474,0.9935800433158875,1.0264619588851929,0.3340568542480469,0.1543687880039215,1.0497055053710938,0.30757731199264526,0.2940170168876648,0.41146886348724365,1.0911391973495483,0.15043051540851593,0.07806535810232162,0.4725109338760376,0.0318470224738121,0.10998615622520447,0.0958586186170578,1.5816394090652466,0.18390469253063202,0.194617360830307,0.7786016464233398
0.6231416463851929,0.32081061601638794,1.35220205783844,1.076352834701538,0.17803169786930084,1.5114734172821045,1.279069423675537,5.422849655151367,0.02841033600270748,0.5128780603408813,0.7130481004714966,0.903448224067688,0.39794623851776123,0.00039999998989515007,0.00845052395015955,0.2752479910850525,0.5587339401245117,1.818716287612915,0.9955516457557678,0.9959736466407776,0.1862613707780838,1.3408585786819458,1.0815553665161133,0.14167417585849762,0.48384183645248413,0.467738538980484,0.27745044231414795,1.0943387746810913,1.1496421098709106,0.16849538683891296,0.5280218720436096,0.07771888375282288,1.5636286735534668,0.03213970363140106,0.8225216865539551,1.0926581621170044,0.24852800369262695,0.8292608261108398,0.6787065267562866,0.9264640212059021,0.36603137850761414,0.7007829546928406,1.2631219625473022,0.35845187306404114,0.2939508259296417,0.7063988447189331,1.21205472946167,0.26540645956993103,0.47638484835624695,0.7347066402435303,0.023041049018502235,0.056265100836753845,0.49962112307548523,1.278368353843689,0.3127228319644928,0.1538759022951126,0.6086718440055847
0.5094482898712158,0.17106279730796814,1.343422293663025,1.126671314239502,0.3378369212150574,1.37819504737854,1.3731881380081177,5.38003396987915,0.12185879051685333,0.41332048177719116,0.9438235759735107,0.7153785824775696,0.4341631531715393,0.00039999998989515007,0.19890627264976501,0.5456887483596802,0.6126612424850464,1.6808292865753174,1.0314723253250122,0.9725050926208496,0.03704323247075081,1.356658935546875,0.9016447067260742,0.2763413190841675,0.6923132538795471,0.2773309648036957,0.01782376691699028,1.1783908605575562,1.3051543235778809,0.11961495876312256,0.17369139194488525,0.023002054542303085,1.45087468624115,0.1973758190870285,0.6245757937431335,1.2181569337844849,0.14604894816875458,0.8023920059204102,0.8117707967758179,0.8757200837135315,0.44339194893836975,0.37890881299972534,1.2765923738479614,0.2878606617450714,0.2092614322900772,0.8241451382637024,1.3206337690353394,0.3575071394443512,0.635970950126648,0.8492807149887085,0.07873387634754181,0.10043357312679291,0.06952667236328125,1.374426245689392,0.14539630711078644,0.12780164182186127,0.819918155670166
0.6420631408691406,0.11220064759254456,1.3571761846542358,0.8355562686920166,0.03246407210826874,1.7201188802719116,1.4628843069076538,5.678915500640869,0.04828251153230667,0.3833595812320709,0.22864371538162231,0.8046703934669495,0.41828271746635437,0.00039999998989515007,0.10662692785263062,0.20911182463169098,0.81392502784729,1.5763944387435913,0.8339561820030212,1.1439387798309326,0.14058712124824524,1.1822102069854736,1.0551607608795166,0.3773515820503235,0.26796823740005493,0.6531349420547485,0.5783686637878418,1.158024787902832,0.6943809390068054,0.48186013102531433,0.7705180644989014,0.2937661409378052,1.5745275020599365,0.29721903800964355,1.1124733686447144,1.0063061714172363,0.054324325174093246,0.7605041265487671,0.3346593379974365,0.745288074016571,0.13529731333255768,1.0754119157791138,1.1233640909194946,0.504250168800354,0.43868160247802734,0.6396976113319397,0.9206531643867493,0.45848843455314636,0.3937142491340637,0.4473439157009125,0.198115274310112,0.25190436840057373,0.962205171585083,1.1201542615890503,0.24476128816604614,0.008210910484194756,0.3898930847644806
0.5950738191604614,0.42491498589515686,1.3150148391723633,1.1647963523864746,0.19213911890983582,1.2573530673980713,1.2827781438827515,5.375739097595215,0.0024979293812066317,0.5048049092292786,0.6629723906517029,0.9808138012886047,0.375102698802948,0.00039999998989515007,0.025601299479603767,0.15071961283683777,0.5351933240890503,1.84078848361969,1.08762788772583,0.93116295337677,0.14832787215709686,1.385048270225525,1.051270842552185,0.0639583095908165,0.5288909673690796,0.4782586395740509,0.28143107891082764,1.0592384338378906,1.1239042282104492,0.04696517065167427,0.5208074450492859,0.19697175920009613,1.3650004863739014,0.06978361308574677,0.6146448254585266,0.911729633808136,0.5893750786781311,0.8931213617324829,0.7911717891693115,0.8440201878547668,0.5243968367576599,0.7748445272445679,1.140159010887146,0.4319581091403961,0.3352142870426178,0.7764729857444763,1.3683385848999023,0.3818059265613556,0.3899048864841461,1.0079916715621948,0.1145113855600357,0.06787724792957306,0.44086071848869324,1.3459068536758423,0.41665586829185486,0.1478280872106552,0.7383631467819214
0.4967319965362549,0.1355735957622528,1.4070496559143066,1.066690444946289,0.26110807061195374,1.4509309530258179,1.3793050050735474,5.30474853515625,0.08439823240041733,0.4999418556690216,0.9333909153938293,0.6872161626815796,0.42486196756362915,0.00039999998989515007,0.17116467654705048,0.536697268486023,0.5943390130996704,1.7207934856414795,1.157699465751648,0.9212558269500732,0.013500221073627472,1.3379104137420654,0.925214409828186,0.28921857476234436,0.6673484444618225,0.3016125559806824,0.08945881575345993,1.10697340965271,1.277502179145813,0.08271436393260956,0.2926360070705414,0.17075809836387634,1.5424436330795288,0.16901469230651855,0.6064931154251099,1.2553638219833374,0.11355846375226974,0.732598602771759,0.7403598427772522,0.7516329288482666,0.4252147674560547,0.6442392468452454,1.3926422595977783,0.41110584139823914,0.34822705388069153,0.850780725479126,1.31160306930542,0.2519640326499939,0.5848514437675476,0.7888468503952026,0.1083112359046936,0.1374334990978241,0.2991484999656677,1.3010286092758179,0.22773849964141846,0.11908910423517227,0.7908720970153809
0.6455914378166199,0.32723376154899597,1.4568818807601929,0.8456694483757019,0.2182747721672058,1.6144249439239502,1.1709175109863281,5.367558479309082,0.20876625180244446,0.5196993350982666,0.7785657048225403,1.0249803066253662,0.5676440596580505,0.00039999998989515007,0.15007708966732025,0.16871987283229828,0.6602285504341125,1.647133469581604,0.7353737950325012,0.9334051012992859,0.24813468754291534,1.3896981477737427,0.9311305284500122,0.48977094888687134,0.6069830656051636,0.5033968091011047,0.09142257273197174,1.1262251138687134,1.283819317817688,0.0996701791882515,0.6491433382034302,0.0285131074488163,1.7726573944091797,0.08870520442724228,0.847499668598175,1.0297836065292358,0.1262749880552292,0.531320333480835,0.7369863986968994,0.9671298265457153,0.2922123968601227,0.6232021450996399,1.2393618822097778,0.4131080210208893,0.4617849290370941,0.539344310760498,1.2905045747756958,0.01364067755639553,0.7601684331893921,0.7235664129257202,0.20784208178520203,0.12056591361761093,0.32717400789260864,1.3028559684753418,0.20372669398784637,0.10148533433675766,0.5135942697525024
0.5708603262901306,0.49777618050575256,1.318170428276062,1.1016204357147217,0.36893972754478455,1.9346652030944824,0.8803155422210693,5.248424530029297,0.05075396969914436,0.6262460350990295,0.8680694103240967,1.0474610328674316,0.35137444734573364,0.00039999998989515007,0.2048995941877365,0.3941459059715271,0.56412672996521,1.6556662321090698,0.7554319500923157,0.8180357217788696,0.7621955275535583,1.4794776439666748,0.7569447755813599,0.11686686426401138,0.5048980116844177,0.5469340085983276,0.2535873055458069,0.8337735533714294,1.2000929117202759,0.137461319565773,0.9419410228729248,0.32730573415756226,1.6102917194366455,0.5468780398368835,0.6598860025405884,0.651061475276947,0.6851743459701538,0.7186139225959778,0.51624596118927,0.9992142915725708,0.23791633546352386,1.0355006456375122,1.23155677318573,0.41447681188583374,0.4984423518180847,0.38441234827041626,1.2755032777786255,0.159286230802536,0.7241710424423218,1.1000465154647827,0.2637437582015991,0.05621390789747238,0.7040476202964783,1.1124646663665771,0.3634970784187317,0.49500980973243713,0.07289505004882812
0.6469752788543701,0.3723607361316681,1.338287591934204,0.9035558104515076,0.2518693804740906,1.7415653467178345,1.2325193881988525,5.254523754119873,0.32442325353622437,0.4474639594554901,0.8604172468185425,0.7989200353622437,0.5244604349136353,0.00039999998989515007,0.14847931265830994,0.4550459384918213,0.4190751612186432,1.736853003501892,0.9221729636192322,0.9874405264854431,0.3276441991329193,1.3592352867126465,1.0627713203430176,0.28501442074775696,0.598413348197937,0.6081954836845398,0.12012101709842682,1.1563454866409302,1.241282343864441,0.1610608845949173,0.6000075936317444,0.0939750000834465,1.7731798887252808,0.09011363983154297,0.9549906253814697,1.1790851354599,0.2210458219051361,0.6677500605583191,0.6707518100738525,0.9600237607955933,0.27839410305023193,0.7851665616035461,1.3220014572143555,0.4304812550544739,0.48711156845092773,0.5885705351829529,1.1572725772857666,0.11257754266262054,0.506248950958252,0.6894411444664001,0.21023711562156677,0.07666631042957306,0.4355585277080536,1.2339298725128174,0.07995297759771347,0.08393705636262894,0.6359801292419434
0.7871503829956055,0.40461257100105286,1.2952176332473755,1.2984981536865234,0.2347276508808136,1.6075295209884644,1.0847723484039307,5.14332914352417,0.02595389448106289,0.5593957304954529,0.7936924695968628,0.9471263885498047,0.20093394815921783,0.00039999998989515007,0.12458515167236328,0.4174371361732483,0.4229881465435028,1.9710849523544312,0.862036943435669,1.0073977708816528,0.29417476058006287,1.2078001499176025,1.336635708808899,0.058177292346954346,0.5420689582824707,0.3088289797306061,0.4670529067516327,0.9336812496185303,1.1602270603179932,0.06543836742639542,0.6501898169517517,0.18732455372810364,1.6340667009353638,0.04937104508280754,0.8595181107521057,1.3493751287460327,0.06541761010885239,1.0294115543365479,0.8475267887115479,1.032517671585083,0.48133352398872375,0.6279683113098145,1.1237690448760986,0.34100428223609924,0.010749132372438908,0.4985681474208832,1.069000005722046,0.36770156025886536,0.1583116501569748,0.6330293416976929,0.0828164666891098,0.059821803122758865,0.4174825847148895,1.4229131937026978,0.3440220057964325,0.013386768288910389,0.6781163811683655
0.6434880495071411,0.10187765210866928,1.3611023426055908,0.8313430547714233,0.030653776600956917,1.715712308883667,1.4621970653533936,5.702816009521484,0.04341408237814903,0.38081681728363037,0.2185862511396408,0.8017520308494568,0.4134673476219177,0.00039999998989515007,0.11456193774938583,0.21070227026939392,0.8160534501075745,1.5712742805480957,0.8343440294265747,1.1435680389404297,0.13585032522678375,1.1670814752578735,1.0618066787719727,0.3760906457901001,0.26879802346229553,0.650486409664154,0.5739887356758118,1.1561415195465088,0.6905928254127502,0.47305309772491455,0.7681072950363159,0.3016209304332733,1.558253526687622,0.2844808101654053,1.1055128574371338,1.0050722360610962,0.05455479770898819,0.7702606916427612,0.34578850865364075,0.7350046038627625,0.13407813012599945,1.0759018659591675,1.1185307502746582,0.5153698921203613,0.4269857406616211,0.6382972002029419,0.92798912525177,0.46988940238952637,0.3844640552997589,0.4444942772388458,0.1798563301563263,0.2519696354866028,0.9649381637573242,1.1122411489486694,0.2561108469963074,0.022259404882788658,0.3936644196510315
0.596000075340271,0.4068717956542969,1.4274412393569946,1.0713040828704834,0.13266296684741974,1.3353115320205688,1.317792534828186,5.474160194396973,0.02303830347955227,0.47735005617141724,0.6331154704093933,0.9451295137405396,0.4203453063964844,0.00039999998989515007,0.03838709741830826,0.0495336577296257,0.6074001789093018,1.742342472076416,0.9337417483329773,0.989745020866394,0.042963657528162,1.2517451047897339,1.0406179428100586,0.29639363288879395,0.47380128502845764,0.4982298016548157,0.3003034293651581,1.1666028499603271,1.2167491912841797,0.12518848478794098,0.49425551295280457,0.08911453932523727,1.5568406581878662,0.11029037088155746,0.87884521484375,0.9935384392738342,0.2590755522251129,0.7518866658210754,0.7284278869628906,1.011796236038208,0.5302233695983887,0.5084628462791443,1.1561169624328613,0.2555883526802063,0.3711177408695221,0.7237763404846191,1.2132389545440674,0.32120293378829956,0.6163029074668884,0.8367702960968018,0.06189269572496414,0.0666651800274849,0.29130396246910095,1.3480435609817505,0.34602758288383484,0.09174302220344543,0.6319042444229126
0.6789288520812988,0.34506726264953613,1.2738091945648193,0.895768404006958,0.6057776808738708,1.838973045349121,1.2724536657333374,5.480399131774902,0.8958571553230286,0.3163837194442749,0.27353623509407043,0.8187035322189331,0.6530935168266296,0.00039999998989515007,0.11538892984390259,0.6695047616958618,0.17025677859783173,1.4182169437408447,0.9255586266517639,0.774470329284668,0.6524762511253357,1.8194890022277832,0.9333107471466064,0.04324720427393913,0.4672756493091583,0.5421290993690491,0.32144787907600403,1.0616551637649536,1.1482669115066528,0.5644403100013733,0.773939311504364,0.1748877316713333,1.3445266485214233,0.37760671973228455,0.7706736922264099,0.9691621661186218,0.2821270227432251,0.08931400626897812,0.4403761625289917,0.7524120807647705,0.3899993598461151,0.6585114598274231,1.310743808746338,0.014733867719769478,0.4730176627635956,0.18466666340827942,1.3024406433105469,0.3579951524734497,0.3581090569496155,0.5778783559799194,0.19725917279720306,0.09904757142066956,0.1466386765241623,1.2695430517196655,0.12294046580791473,0.2070990651845932,1.1881308555603027
0.5770294070243835,0.17877663671970367,1.218703031539917,1.0914115905761719,0.2811233103275299,1.5489979982376099,1.3012776374816895,5.4895501136779785,0.008190091699361801,0.3792310059070587,0.6792137026786804,0.9239664077758789,0.45342323184013367,0.00039999998989515007,0.10969151556491852,0.4413718283176422,0.5615769028663635,1.7228968143463135,1.0502605438232422,1.0268797874450684,0.19892916083335876,1.389712929725647,1.0546797513961792,0.04898665472865105,0.5236959457397461,0.47581711411476135,0.28074291348457336,1.2122300863265991,1.0343413352966309,0.19335879385471344,0.5102792978286743,0.02434307523071766,1.3971651792526245,0.0508219450712204,0.7024784088134766,1.0613914728164673,0.4010877013206482,0.8702073693275452,0.6934853792190552,0.8268721103668213,0.3238239586353302,0.7469334602355957,1.2193055152893066,0.40614598989486694,0.29288867115974426,0.7954955101013184,1.2856651544570923,0.326328843832016,0.30923306941986084,0.8668747544288635,0.0630980134010315,0.1135980635881424,0.45060476660728455,1.2983437776565552,0.20663803815841675,0.1903136819601059,0.7738192677497864
0.7397137880325317,0.16491083800792694,1.248440146446228,0.9477720260620117,0.20801612734794617,1.4272865056991577,1.2676080465316772,5.613314628601074,0.08981338888406754,0.3633260428905487,0.3859575390815735,1.2776087522506714,0.6076999306678772,0.00039999998989515007,0.12169826775789261,0.08122123777866364,0.7949059009552002,1.7164690494537354,0.8848105072975159,0.9725359678268433,0.13345851004123688,1.4840108156204224,1.0220001935958862,0.21571677923202515,0.40124398469924927,0.5475861430168152,0.31641826033592224,1.2843029499053955,0.8995404243469238,0.2646315097808838,0.5351116061210632,0.17662690579891205,1.3291984796524048,0.04476756602525711,0.7087491750717163,0.8567942976951599,0.42760351300239563,0.7328933477401733,0.71741783618927,0.8419201374053955,0.19622711837291718,0.528114378452301,1.0725159645080566,0.3790830373764038,0.17868080735206604,0.6748164892196655,1.3898762464523315,0.3136745095252991,0.4667161703109741,0.8215851187705994,0.06012429669499397,0.008348045870661736,0.399095743894577,1.3529725074768066,0.23408062756061554,0.18597933650016785,0.6784839630126953
0.5406216382980347,0.2844793498516083,1.3764493465423584,1.0835593938827515,0.1476769745349884,1.5785480737686157,1.238736629486084,5.324196815490723,0.13418139517307281,0.6168470978736877,0.756007194519043,0.8129842281341553,0.2980494201183319,0.00039999998989515007,0.16252578794956207,0.3914453983306885,0.4008774161338806,1.9526134729385376,1.1114424467086792,0.9885830283164978,0.25877073407173157,1.247921109199524,1.1858621835708618,0.007135490886867046,0.40019354224205017,0.3938327431678772,0.3407416045665741,1.0169541835784912,1.2059582471847534,0.19022969901561737,0.5428608059883118,0.009432578459382057,1.6086121797561646,0.060523621737957,0.8163378834724426,1.189553141593933,0.18505193293094635,0.8490802645683289,0.6335856914520264,0.8489446640014648,0.4370618164539337,0.8252527713775635,1.4147520065307617,0.35687893629074097,0.3320873975753784,0.70062255859375,1.089498519897461,0.19692353904247284,0.35911276936531067,0.6045535802841187,0.14178858697414398,0.18449901044368744,0.6670400500297546,1.1684409379959106,0.4374130666255951,0.22908958792686462,0.5633642077445984
0.6967509984970093,0.19183894991874695,1.4178738594055176,0.8374199867248535,0.21142996847629547,1.4857714176177979,1.2690691947937012,5.528872489929199,0.12931501865386963,0.5143325328826904,0.7102869153022766,1.0044063329696655,0.441712886095047,0.00039999998989515007,0.15880535542964935,0.3037254810333252,0.5821540951728821,1.7370549440383911,0.8520438075065613,0.9751729369163513,0.17907099425792694,1.3350563049316406,0.9659684300422668,0.457846462726593,0.6304051280021667,0.41589370369911194,0.08069335669279099,1.0560308694839478,1.2121390104293823,0.16100510954856873,0.5562354922294617,0.06710782647132874,1.6353918313980103,0.01640627719461918,0.757151186466217,1.041572093963623,0.1497669667005539,0.7174713611602783,0.8114154934883118,0.7623380422592163,0.34834548830986023,0.76997971534729,1.226864218711853,0.4443114399909973,0.37677568197250366,0.5920479893684387,1.3186383247375488,0.2161826193332672,0.6315232515335083,0.6780416369438171,0.03228309005498886,0.022404378280043602,0.3400566577911377,1.256534457206726,0.20704568922519684,0.03795871511101723,0.7134246826171875
0.9371353983879089,0.49538227915763855,1.120574951171875,1.328358769416809,0.2560642659664154,1.7444430589675903,0.8165527582168579,5.205355167388916,0.013544916175305843,0.4107474088668823,0.5352176427841187,1.5122294425964355,0.2956525683403015,0.00039999998989515007,0.3602953851222992,0.21366633474826813,0.7016320824623108,2.0186350345611572,0.6652883887290955,0.9688186049461365,0.41795772314071655,1.2197929620742798,1.3701235055923462,0.02169862575829029,0.20943190157413483,0.3794974386692047,0.7384364604949951,0.9637640118598938,0.996295690536499,0.11617463082075119,0.7333163022994995,0.18677063286304474,1.5581692457199097,0.05129354074597359,0.8410788178443909,1.1032631397247314,0.003678235225379467,0.964512825012207,0.7783346176147461,1.024680733680725,0.2084135115146637,0.2708367705345154,0.7041674852371216,0.4803195297718048,0.12322313338518143,0.259865939617157,1.2552241086959839,0.3550926148891449,0.11542755365371704,0.7856543064117432,0.055309511721134186,0.14444710314273834,0.38182705640792847,1.5193977355957031,0.3384312689304352,0.3172443211078644,0.5599456429481506
0.6338695287704468,0.13418717682361603,1.3593776226043701,0.990217387676239,0.3857603371143341,1.4143303632736206,1.2254470586776733,5.471506595611572,0.03582349047064781,0.4784989356994629,0.6935219764709473,1.218188762664795,0.5776450037956238,0.00039999998989515007,0.4872904419898987,0.661253809928894,0.8321287631988525,1.6468636989593506,1.0439270734786987,0.7471522688865662,0.1186734065413475,1.4054211378097534,0.7973526120185852,0.30238011479377747,0.6288271546363831,0.20169731974601746,0.21061480045318604,1.104048728942871,1.1709773540496826,0.21584084630012512,0.3994503319263458,0.3528333604335785,1.3694785833358765,0.08139510452747345,0.31601235270500183,1.1039940118789673,0.08233985304832458,0.4523576498031616,0.7515770196914673,0.5010721683502197,0.24236677587032318,0.4533300995826721,1.264580249786377,0.4981359541416168,0.4209141135215759,0.6601331830024719,1.639548420906067,0.3336803615093231,0.4519593417644501,0.8240101933479309,0.1349346935749054,0.04798169434070587,0.22229571640491486,1.3488495349884033,0.13650378584861755,0.16137680411338806,0.9452420473098755
0.7312825322151184,0.4867491126060486,1.07163667678833,0.8202456831932068,0.46176061034202576,1.7053231000900269,0.9085395336151123,5.267815113067627,0.10904800146818161,0.27158069610595703,0.6275482177734375,1.7205508947372437,0.7624205946922302,0.00039999998989515007,0.5444814562797546,0.1701231151819229,1.2200993299484253,1.6719920635223389,0.5410861372947693,0.9231114983558655,0.13517527282238007,1.5472954511642456,1.0266163349151611,0.4918407201766968,0.564888596534729,0.1344033181667328,0.12447390705347061,1.3550589084625244,0.7717710733413696,0.10980964452028275,0.4557325839996338,0.2053457498550415,1.2786637544631958,0.02434670552611351,0.17274615168571472,1.0213909149169922,0.3781263530254364,0.7249971032142639,1.0760818719863892,0.5840072631835938,0.011341055855154991,0.36337772011756897,0.8395980000495911,0.816008448600769,0.2878027558326721,0.6346532106399536,1.5927969217300415,0.063289113342762,0.41552790999412537,0.7515013813972473,0.2560277581214905,0.08508926630020142,0.13770584762096405,1.519310474395752,0.23272496461868286,0.40590712428092957,0.5789008140563965
0.3815058767795563,0.055696751922369,1.3474581241607666,1.498623013496399,0.14064493775367737,0.9495751857757568,1.0815184116363525,5.259571075439453,0.783574104309082,0.3842177391052246,0.49152350425720215,0.9699795246124268,0.0023403626400977373,0.00039999998989515007,0.2967163324356079,0.38602182269096375,0.6953180432319641,1.9263182878494263,0.7065911889076233,1.1433106660842896,0.2821691632270813,0.813353955745697,1.1236530542373657,0.07379349321126938,0.32541295886039734,0.13585053384304047,0.47072023153305054,1.3916605710983276,1.0533204078674316,0.21934369206428528,0.1088269054889679,0.6525200009346008,1.0608611106872559,0.4141162931919098,0.8548344373703003,1.099867582321167,0.5156744122505188,1.243220567703247,1.0100769996643066,1.1372042894363403,0.9289067983627319,0.05124211683869362,1.1161525249481201,0.18933773040771484,0.2981494665145874,0.6980714797973633,0.9491806030273438,0.6414653062820435,0.6505835056304932,1.0458135604858398,0.3842052221298218,0.313895046710968,0.0028772500809282064,1.389579176902771,0.472129225730896,0.06062380224466324,0.6018279194831848
0.4210892915725708,0.5620758533477783,1.1193894147872925,1.1343797445297241,0.5856950283050537,1.8241605758666992,1.0453987121582031,5.2407073974609375,0.7358719110488892,0.36156797409057617,0.6779868602752686,0.43420830368995667,0.388241708278656,0.00039999998989515007,0.2323939949274063,1.1709098815917969,0.0708623006939888,1.5881497859954834,0.9496415257453918,0.7623475193977356,0.7385510206222534,1.628272294998169,0.7771983742713928,0.31840428709983826,0.7010725736618042,0.6331470012664795,0.15947720408439636,0.9052165150642395,1.184317708015442,0.3318326473236084,0.8188742995262146,0.02648656815290451,1.3513696193695068,0.5466707348823547,0.8409574031829834,1.021750569343567,0.8040838837623596,0.4742736220359802,0.48413094878196716,0.8561667799949646,0.5126806497573853,1.2068159580230713,1.4993091821670532,0.11625559628009796,0.6575986742973328,0.2341131716966629,1.2273008823394775,0.3739081621170044,0.30000466108322144,0.969444751739502,0.3650640547275543,0.4806613326072693,0.15220379829406738,1.011264681816101,0.03524067625403404,0.2247016727924347,1.0188645124435425
0.6166906952857971,0.3162498474121094,1.341758131980896,1.084080457687378,0.15928319096565247,1.495090126991272,1.2876673936843872,5.454163551330566,0.07757788896560669,0.5164021253585815,0.7105844616889954,0.9013859629631042,0.36069831252098083,0.00039999998989515007,0.02761174738407135,0.26638084650039673,0.5525819659233093,1.8383368253707886,1.0140678882598877,1.000272512435913,0.15638814866542816,1.2983973026275635,1.117179274559021,0.12421772629022598,0.4655519127845764,0.44821271300315857,0.29601311683654785,1.0890288352966309,1.1402164697647095,0.15493875741958618,0.5024861097335815,0.08777647465467453,1.545486330986023,0.002335210330784321,0.8109678626060486,1.1023484468460083,0.24232791364192963,0.8920562267303467,0.6888176798820496,0.9159629344940186,0.38085898756980896,0.6899244785308838,1.246347427368164,0.3684644401073456,0.26284897327423096,0.7211425304412842,1.1944425106048584,0.29004448652267456,0.4363289773464203,0.7298620343208313,0.06355535984039307,0.06455887854099274,0.5108020305633545,1.2740168571472168,0.3438231945037842,0.17032873630523682,0.6032670736312866
0.6158183813095093,0.31962960958480835,1.3415099382400513,1.0847790241241455,0.1568148136138916,1.4959625005722046,1.291494607925415,5.455063343048096,0.081491619348526,0.5140490531921387,0.7105761170387268,0.8989611268043518,0.35816559195518494,0.00039999998989515007,0.03102119080722332,0.2607324719429016,0.5535590052604675,1.835972785949707,1.017503261566162,1.0026854276657104,0.1529906541109085,1.2945722341537476,1.1207265853881836,0.12239854037761688,0.46325764060020447,0.45100581645965576,0.2991084158420563,1.086517095565796,1.1383213996887207,0.1534661203622818,0.5026412606239319,0.08988960832357407,1.5458698272705078,0.000140008341986686,0.8125413656234741,1.0997405052185059,0.24357512593269348,0.8980156183242798,0.6878665089607239,0.9204176664352417,0.38422518968582153,0.6913585662841797,1.242508053779602,0.3662821650505066,0.2612674832344055,0.7261690497398376,1.1928905248641968,0.29123762249946594,0.4344964921474457,0.7288869023323059,0.0647025927901268,0.06166572868824005,0.5101707577705383,1.2731488943099976,0.3474099338054657,0.17277808487415314,0.6015616655349731
0.6050167083740234,0.4440724551677704,1.219359278678894,1.3880659341812134,0.38909009099006653,1.6691718101501465,1.2606916427612305,5.679083824157715,0.08014434576034546,0.41806840896606445,0.33945509791374207,0.8728105425834656,0.17138376832008362,0.00039999998989515007,0.2125938981771469,0.31903281807899475,0.6126760244369507,1.502622127532959,1.1532866954803467,0.7923687100410461,0.3899965286254883,1.5996416807174683,0.9757616519927979,0.29103487730026245,0.2856881618499756,0.4661732316017151,0.677882730960846,0.5458717346191406,0.8977354168891907,0.068370521068573,0.701651930809021,0.20742501318454742,1.1706068515777588,0.4704611897468567,0.5406540632247925,0.7452330589294434,0.5549065470695496,0.9317446947097778,0.32577213644981384,0.6236485242843628,0.3347187042236328,1.1629178524017334,0.9573639035224915,0.4265262484550476,0.2938624322414398,0.5211337208747864,1.4909924268722534,0.7260159850120544,0.022268829867243767,0.8494777679443359,0.07230576872825623,0.002265199553221464,0.5026475787162781,1.1856147050857544,0.5982807278633118,0.05996197834610939,0.8152254819869995
0.6167563796043396,0.3586123287677765,1.3657572269439697,1.084111213684082,0.13932016491889954,1.4468916654586792,1.2973413467407227,5.443901062011719,0.08227851241827011,0.5196266174316406,0.7166693806648254,0.9062068462371826,0.35283488035202026,0.00039999998989515007,0.021023055538535118,0.2030753791332245,0.549095094203949,1.8348623514175415,0.9882881045341492,1.0056337118148804,0.12391309440135956,1.2618581056594849,1.124114990234375,0.16421236097812653,0.4665944278240204,0.4459284543991089,0.2911111116409302,1.1029375791549683,1.1795597076416016,0.15436296164989471,0.4849136471748352,0.10466128587722778,1.5671592950820923,0.04414834454655647,0.84551602602005,1.098650574684143,0.2110552042722702,0.8862040638923645,0.7124228477478027,0.9706061482429504,0.43392735719680786,0.6120661497116089,1.22858464717865,0.32227957248687744,0.26552435755729675,0.7196343541145325,1.1748687028884888,0.2957629859447479,0.48486119508743286,0.734793484210968,0.0810181200504303,0.02714228630065918,0.4510020315647125,1.2987438440322876,0.3531544506549835,0.15649531781673431,0.5957044363021851
0.7035443782806396,0.7328702807426453,1.4284017086029053,1.395139455795288,0.14589139819145203,1.1863032579421997,0.9911278486251831,5.326330661773682,0.11941807717084885,0.5083589553833008,0.36903348565101624,1.462023138999939,0.33720579743385315,0.00039999998989515007,0.16530382633209229,0.07239219546318054,0.8261519074440002,1.9409153461456299,0.8113932609558105,0.7566948533058167,0.20119771361351013,1.1054877042770386,1.1045043468475342,0.022452812641859055,0.08212274312973022,0.6798896193504333,0.7409597635269165,0.9719997644424438,1.1393742561340332,0.017091332003474236,0.5423292517662048,0.4681343138217926,1.3567423820495605,0.040576402097940445,0.7683872580528259,0.6277194023132324,0.6122578382492065,0.7765362858772278,0.6352753043174744,1.0656365156173706,0.5227953195571899,0.34620165824890137,0.7837659120559692,0.34802624583244324,0.4659701883792877,0.3400286138057709,1.3833686113357544,0.7106162309646606,0.3699286878108978,1.2109547853469849,0.2932509183883667,0.1134972795844078,0.4224216639995575,1.3694339990615845,0.5489279627799988,0.22746282815933228,0.36319220066070557
0.6140938401222229,0.3328031897544861,1.3061153888702393,1.1046139001846313,0.19223542511463165,1.539306640625,1.2922178506851196,5.417160511016846,0.04332873597741127,0.4617893695831299,0.7448150515556335,0.8775474429130554,0.3898612856864929,0.00039999998989515007,0.015745829790830612,0.31397807598114014,0.547526478767395,1.8003917932510376,1.0261971950531006,1.0033695697784424,0.15781009197235107,1.316747784614563,1.1219340562820435,0.10807140171527863,0.47645193338394165,0.4904785752296448,0.28245216608047485,1.1312425136566162,1.1366246938705444,0.1383911520242691,0.4640980362892151,0.11080309003591537,1.5339906215667725,0.013768023811280727,0.8218454718589783,1.1153744459152222,0.3036482334136963,0.917101263999939,0.6893138289451599,0.955946683883667,0.3788411021232605,0.6661302447319031,1.230631709098816,0.37036705017089844,0.25166207551956177,0.7377316951751709,1.2039291858673096,0.2983715534210205,0.41388845443725586,0.7834224104881287,0.020793898031115532,0.09229493886232376,0.45631927251815796,1.294692039489746,0.28895705938339233,0.1768588125705719,0.6288769841194153
0.6257143616676331,0.030067186802625656,1.2338091135025024,0.9574495553970337,0.3674212098121643,1.8228832483291626,1.0226898193359375,5.081778526306152,0.25040149688720703,0.3147435486316681,0.841789186000824,1.3531866073608398,0.6793904304504395,0.00039999998989515007,0.30893778800964355,0.1579933911561966,0.7319594025611877,1.7914998531341553,0.7747709155082703,1.052721619606018,0.16154330968856812,1.3895827531814575,1.3604124784469604,0.2740943431854248,0.19852450489997864,0.3357544541358948,0.21054613590240479,1.49052894115448,1.288354754447937,0.12321047484874725,0.14672471582889557,0.3830263614654541,1.6160320043563843,0.14135418832302094,0.7076526284217834,1.1749500036239624,0.12154504656791687,0.7230239510536194,0.8192360401153564,1.1205692291259766,0.2791147232055664,0.19863726198673248,1.0487544536590576,0.30913078784942627,0.11726821213960648,0.6478725671768188,1.1447365283966064,0.12557236850261688,0.38319578766822815,0.5505595803260803,0.0593915730714798,0.04864587262272835,0.03197503089904785,1.5097525119781494,0.25393930077552795,0.6882375478744507,0.4499496817588806
0.8782849907875061,0.606673538684845,1.0702126026153564,0.6209355592727661,0.09541847556829453,0.971817135810852,1.594433307647705,4.669210433959961,0.09200125932693481,0.7381985187530518,1.0806633234024048,0.9065784215927124,0.48849186301231384,0.00039999998989515007,0.212795227766037,0.36762136220932007,0.03060990385711193,2.1726038455963135,1.5988688468933105,0.876554548740387,0.17400306463241577,1.426298975944519,1.4762144088745117,0.19721719622612,0.4842529594898224,0.37853071093559265,0.12488700449466705,0.9136394262313843,1.3562419414520264,0.26056012511253357,0.19492463767528534,0.0032659571152180433,1.6155450344085693,0.321209579706192,0.5462507009506226,1.1786431074142456,0.19288313388824463,0.981115996837616,0.7300609350204468,0.8359939455986023,0.34058862924575806,0.2601642906665802,1.4338595867156982,0.46674463152885437,0.18895278871059418,1.1891499757766724,1.142695426940918,0.1054089143872261,0.062031783163547516,0.15281791985034943,0.47550639510154724,0.21578256785869598,0.8180229067802429,1.2211592197418213,0.3580954670906067,0.6489575505256653,0.777237594127655
0.6471614837646484,0.03796473145484924,1.2707074880599976,1.3284649848937988,0.25479423999786377,1.22152841091156,1.251481056213379,5.002764701843262,0.30859559774398804,0.4064067602157593,0.838464617729187,0.9127395749092102,0.2712412476539612,0.00039999998989515007,0.5747334361076355,0.4566650986671448,0.6401845216751099,1.854272484779358,1.1116822957992554,0.9296680092811584,0.2644551694393158,1.048685073852539,1.2149145603179932,0.352838933467865,0.6894025802612305,0.05837735906243324,0.3866861164569855,1.1446322202682495,1.1625503301620483,0.12934991717338562,0.15998513996601105,0.02874227613210678,1.3797924518585205,0.6673437356948853,0.4806094467639923,1.4096641540527344,0.06139411777257919,1.0865809917449951,1.1290419101715088,0.7731676697731018,0.7457186579704285,0.30443239212036133,0.9496093988418579,0.4320928156375885,0.0675644651055336,0.8953929543495178,1.2242777347564697,0.5160685777664185,0.14983190596103668,0.8757495284080505,0.36802589893341064,0.08018557727336884,0.03141586109995842,1.6211107969284058,0.3317840099334717,0.04617500305175781,1.0087168216705322
0.6163981556892395,0.3422118127346039,1.3506393432617188,1.1021054983139038,0.15163905918598175,1.5000637769699097,1.3030503988265991,5.40105676651001,0.10696535557508469,0.5188804268836975,0.7186246514320374,0.9051687121391296,0.3458935618400574,0.00039999998989515007,0.029574738815426826,0.24523378908634186,0.5640899538993835,1.8072161674499512,1.0282436609268188,1.0094637870788574,0.1469167321920395,1.2777564525604248,1.1488697528839111,0.12590806186199188,0.4420289993286133,0.46287456154823303,0.32389000058174133,1.091191291809082,1.1526052951812744,0.14621169865131378,0.48796725273132324,0.1143784373998642,1.5546504259109497,0.018800120800733566,0.8281802535057068,1.1053096055984497,0.23983272910118103,0.9381237030029297,0.6913769841194153,0.9443928599357605,0.40538498759269714,0.6870158314704895,1.2360821962356567,0.36337903141975403,0.2573850154876709,0.7393307089805603,1.1895469427108765,0.30380281805992126,0.42873167991638184,0.7442342042922974,0.07669812440872192,0.06235035881400108,0.5222364664077759,1.2903811931610107,0.3608441650867462,0.18223018944263458,0.5850691199302673
0.6353365778923035,0.452602744102478,1.2609363794326782,1.1659667491912842,0.18817026913166046,1.4475575685501099,1.2205535173416138,5.347447395324707,0.019956642761826515,0.5672505497932434,0.7966956496238708,0.8913519382476807,0.2751385569572449,0.00039999998989515007,0.04396796226501465,0.34060245752334595,0.4471169412136078,1.802040934562683,1.062363624572754,0.9257426857948303,0.305297315120697,1.351072907447815,1.0344291925430298,0.06673166900873184,0.6165401339530945,0.47833070158958435,0.2579311728477478,0.9389456510543823,1.1211212873458862,0.03987419232726097,0.6652516722679138,0.16497842967510223,1.474927306175232,0.10592540353536606,0.7108930349349976,1.0032718181610107,0.4711741507053375,1.0089280605316162,0.7260379791259766,0.9005168080329895,0.4459441304206848,0.956134021282196,1.2606035470962524,0.4139140248298645,0.3401328921318054,0.7246257662773132,1.3290575742721558,0.2880178391933441,0.3869065046310425,0.9383901953697205,0.012496083974838257,0.1319316029548645,0.6215534806251526,1.2358661890029907,0.3339267373085022,0.13100852072238922,0.6495004892349243
0.38191384077072144,0.07730422168970108,1.3266719579696655,1.5278468132019043,0.1853896826505661,0.9809715747833252,1.0976721048355103,5.174276828765869,0.6980145573616028,0.3473973572254181,0.5140228271484375,0.9328330159187317,0.009341082535684109,0.00039999998989515007,0.25102341175079346,0.4793274700641632,0.6629369854927063,1.8604915142059326,0.7360856533050537,1.1377770900726318,0.2694951295852661,0.8394761085510254,1.142996072769165,0.06110132485628128,0.35857322812080383,0.16920216381549835,0.46926745772361755,1.4297285079956055,1.0619728565216064,0.22963136434555054,0.0888926237821579,0.6648815274238586,1.0416877269744873,0.4458659887313843,0.8593668341636658,1.1365538835525513,0.5664541721343994,1.2597570419311523,1.0276169776916504,1.158566951751709,0.9549316763877869,0.057394832372665405,1.1165084838867188,0.21110233664512634,0.30647048354148865,0.6901941895484924,0.9759539365768433,0.689144492149353,0.6266041398048401,1.1005382537841797,0.3630066514015198,0.357353538274765,0.061146557331085205,1.4256038665771484,0.4138938784599304,0.017103590071201324,0.6689319610595703
0.6852344870567322,0.4519669711589813,1.3688424825668335,0.8767067193984985,0.06488893926143646,1.5541877746582031,1.2383919954299927,5.228985786437988,0.3110034167766571,0.44595831632614136,0.763520359992981,0.8571656942367554,0.46322721242904663,0.00039999998989515007,0.25647175312042236,0.2339545041322708,0.44054114818573,1.8117021322250366,0.8919676542282104,0.9943516254425049,0.1599654257297516,1.0803476572036743,1.1190919876098633,0.4679132401943207,0.6186883449554443,0.6732929944992065,0.2613399922847748,1.197554588317871,1.1877480745315552,0.055799700319767,0.6857761144638062,0.17420198023319244,1.8389209508895874,0.15126506984233856,1.0734729766845703,1.1350749731063843,0.24174989759922028,0.7842036485671997,0.8024328947067261,1.007259488105774,0.46599507331848145,0.8534013628959656,1.1568185091018677,0.5024046301841736,0.6069231033325195,0.6596261858940125,1.0470796823501587,0.17650431394577026,0.4573458135128021,0.8118818998336792,0.14401718974113464,0.04687553644180298,0.46251556277275085,1.2845708131790161,0.1481572836637497,0.011752409860491753,0.6077859997749329
0.5552643537521362,0.5644258260726929,1.327800989151001,1.1560511589050293,0.2284725308418274,1.5304431915283203,1.075262427330017,5.3247456550598145,0.22250013053417206,0.6585083603858948,0.8803801536560059,0.6304239630699158,0.1373414248228073,0.00039999998989515007,0.30082541704177856,0.7172541618347168,0.32202237844467163,1.7478675842285156,0.8564857840538025,0.8387013077735901,0.5337470173835754,1.3018566370010376,0.6936571598052979,0.098370760679245,0.8285382390022278,0.5180932879447937,0.12226995080709457,0.7915247082710266,1.1460760831832886,0.019889386370778084,0.9147063493728638,0.14427830278873444,1.5039737224578857,0.33235183358192444,0.800915002822876,0.9141847491264343,0.6500876545906067,0.8966125249862671,0.6710147261619568,0.9596346020698547,0.4601227641105652,1.3019815683364868,1.4607183933258057,0.28545546531677246,0.49633029103279114,0.4593285620212555,1.2245208024978638,0.2042481154203415,0.7674147486686707,1.1402634382247925,0.141902357339859,0.18265922367572784,0.6652571558952332,1.0395692586898804,0.22642190754413605,0.07005031406879425,0.4457046389579773
0.5935106873512268,0.33475542068481445,1.3365235328674316,1.1542607545852661,0.13663515448570251,1.387831449508667,1.3660117387771606,5.404760360717773,0.20802076160907745,0.4433143734931946,0.6090197563171387,0.9752865433692932,0.37450364232063293,0.00039999998989515007,0.030198553577065468,0.0693136677145958,0.6290655136108398,1.7634668350219727,1.1215343475341797,1.0124999284744263,0.016150331124663353,1.2385540008544922,1.1873829364776611,0.13163436949253082,0.3426591157913208,0.48733240365982056,0.4314559996128082,1.165542483329773,1.1186103820800781,0.10751078277826309,0.386452853679657,0.15720687806606293,1.4468871355056763,0.15867149829864502,0.7827556133270264,1.009464144706726,0.3469606339931488,0.978663444519043,0.7077946662902832,0.9305722713470459,0.519506573677063,0.5649007558822632,1.1040700674057007,0.3453790545463562,0.2579372227191925,0.8589964509010315,1.220997929573059,0.3983224332332611,0.3580687940120697,0.8434383273124695,0.17625729739665985,0.028512870892882347,0.42414194345474243,1.356361985206604,0.4357852637767792,0.2445266991853714,0.650784432888031
0.5260255932807922,0.2845674753189087,1.4393755197525024,1.0688776969909668,0.02775433287024498,1.2498738765716553,1.3392266035079956,5.437710285186768,0.43987467885017395,0.40335074067115784,0.22887711226940155,1.2668380737304688,0.42345306277275085,0.00039999998989515007,0.036008570343256,0.47517478466033936,0.864085853099823,1.671043872833252,0.9758127331733704,1.065139651298523,0.16907624900341034,1.022957444190979,1.246213436126709,0.35036182403564453,0.02229136787354946,0.5573712587356567,0.7113285660743713,1.3254461288452148,1.024172306060791,0.1323339194059372,0.4296523630619049,0.23403695225715637,1.4281681776046753,0.24645830690860748,0.9034253358840942,0.7314609885215759,0.37054187059402466,0.8890500664710999,0.677061915397644,0.9752670526504517,0.6303962469100952,0.37495335936546326,0.8487927317619324,0.27364084124565125,0.355112224817276,0.8804822564125061,1.1089988946914673,0.38085871934890747,0.4307112395763397,0.8564519286155701,0.22998011112213135,0.21480031311511993,0.4295758605003357,1.3920605182647705,0.6662847399711609,0.37259069085121155,0.4294698238372803
0.6027838587760925,0.6608394980430603,1.3696725368499756,0.9610846042633057,0.023010384291410446,1.4430407285690308,1.175851821899414,5.030120372772217,0.26024866104125977,0.7029052376747131,1.0780431032180786,0.5008118152618408,0.16137570142745972,0.00039999998989515007,0.2102389633655548,0.5772277116775513,0.1339278668165207,1.9637138843536377,0.9153404235839844,0.9433542490005493,0.3686786890029907,1.0830997228622437,1.006645679473877,0.10380290448665619,0.794634222984314,0.5682189464569092,0.0136770810931921,0.8730663657188416,1.322905421257019,0.11953773349523544,0.7463951110839844,0.04283400997519493,1.8481141328811646,0.09409553557634354,1.0869617462158203,1.2616366147994995,0.21439635753631592,0.9248518347740173,0.7290518879890442,1.071588397026062,0.4714173972606659,1.1262130737304688,1.5693918466567993,0.3580406904220581,0.5591962337493896,0.5644398331642151,0.981207549571991,0.12861405313014984,0.6374696493148804,0.7348389029502869,0.07911769300699234,0.23297476768493652,0.7585365772247314,1.0247511863708496,0.15568599104881287,0.11678099632263184,0.47007298469543457
0.6772471070289612,0.24236133694648743,1.2726110219955444,1.371016025543213,0.35165899991989136,1.287595510482788,1.1060290336608887,5.025145530700684,0.11010527610778809,0.5798322558403015,1.1183974742889404,0.8356154561042786,0.10627217590808868,0.00039999998989515007,0.3858855366706848,0.7533017992973328,0.46334123611450195,1.8850351572036743,0.9620071649551392,0.846950888633728,0.10284794121980667,1.2066906690597534,1.0596369504928589,0.14887990057468414,0.9343964457511902,0.0008901885594241321,0.14909136295318604,0.843907356262207,1.2963582277297974,0.162528395652771,0.4159452021121979,0.06992308050394058,1.434683084487915,0.331813246011734,0.3864547312259674,1.4089040756225586,0.0947423055768013,1.0765244960784912,1.1175479888916016,0.8099640011787415,0.6611164212226868,0.5846968293190002,1.1305124759674072,0.45981210470199585,0.010856968350708485,0.6510345935821533,1.3708473443984985,0.43227556347846985,0.2690889239311218,0.9465286731719971,0.2223556637763977,0.11785049736499786,0.08686427026987076,1.521506667137146,0.28056713938713074,0.07383663207292557,0.970501184463501
0.7862557768821716,0.24295847117900848,1.0534237623214722,1.3084847927093506,0.465945839881897,1.963401198387146,0.7525202631950378,5.064088344573975,0.9082384705543518,0.09122058004140854,0.29945093393325806,1.9224693775177002,0.5165245532989502,0.00039999998989515007,0.27482593059539795,0.031033432111144066,1.403654932975769,1.5881320238113403,0.5458211302757263,0.9841350317001343,0.06418338418006897,1.290110468864441,1.4430856704711914,0.06528372317552567,0.34584730863571167,0.22752723097801208,0.850322425365448,1.3221040964126587,0.7673378586769104,0.10608217120170593,0.03591519221663475,0.8564883470535278,1.131149411201477,0.06745763123035431,0.47357845306396484,0.8740972280502319,0.1488228738307953,1.0082930326461792,0.6286615133285522,1.0078086853027344,0.05408009886741638,0.459338515996933,0.45436057448387146,0.34067562222480774,0.6542205810546875,0.40995946526527405,1.2600228786468506,0.39669713377952576,0.0395372249186039,0.6056473255157471,0.09434963017702103,0.13877356052398682,0.11071006953716278,1.587505578994751,0.42048510909080505,0.8799527883529663,0.1715831309556961
0.8362489342689514,0.14693833887577057,1.2258282899856567,1.3631470203399658,0.15851373970508575,1.6435755491256714,0.9183492064476013,5.033921718597412,0.5481003522872925,0.7060500383377075,0.8742143511772156,1.1656835079193115,0.033168233931064606,0.00039999998989515007,0.03150931000709534,0.4284960925579071,0.7333744168281555,2.018014669418335,0.7822555899620056,1.0023961067199707,0.2718248963356018,1.10653555393219,1.3221842050552368,0.029469871893525124,0.5360568165779114,0.05997207388281822,0.510069727897644,0.7299356460571289,0.9502251744270325,0.1331554651260376,0.6645864248275757,0.42159485816955566,1.5462969541549683,0.03576493263244629,0.6036584377288818,1.2980284690856934,0.03208593279123306,1.439444899559021,0.9319309592247009,0.8862802386283875,0.26128116250038147,0.8254982829093933,1.0298084020614624,0.5686764717102051,0.34802302718162537,0.5543632507324219,1.122929573059082,0.2608163356781006,0.14421233534812927,0.6150853633880615,0.1757931113243103,0.04180652275681496,0.8382102847099304,1.3665127754211426,0.5153355002403259,0.24543142318725586,0.29941925406455994
0.18973951041698456,0.18646085262298584,0.9890505075454712,1.470572590827942,0.4560568332672119,0.9356496930122375,0.7625451683998108,5.283798694610596,0.529248058795929,0.07498864084482193,0.20756161212921143,1.765685796737671,0.32110410928726196,0.00039999998989515007,0.331298828125,0.48036158084869385,0.8123653531074524,1.7067245244979858,0.49978986382484436,1.0498164892196655,0.3046766519546509,0.9529309868812561,0.9319504499435425,0.46313732862472534,0.114164337515831,0.5821190476417542,0.6397594213485718,1.7131764888763428,0.9047619700431824,0.45295122265815735,0.30476510524749756,0.8303079009056091,0.5473533868789673,0.11706648766994476,0.4770825207233429,0.2178386151790619,1.331572413444519,0.9310477375984192,0.727009117603302,1.0355349779129028,0.5885302424430847,0.1090298518538475,0.6908643245697021,0.025044851005077362,0.42910125851631165,0.4770103394985199,1.3852354288101196,0.7650864720344543,0.2179652452468872,1.8630261421203613,0.006669340189546347,0.18927991390228271,0.14948533475399017,1.330099105834961,0.28267529606819153,0.7301771640777588,0.4981776773929596
0.47688329219818115,0.307150661945343,1.3236825466156006,1.2718597650527954,0.18204684555530548,1.0435996055603027,1.3740416765213013,5.204174041748047,0.4545949697494507,0.5804049968719482,1.1615102291107178,0.7061080932617188,0.1460002362728119,0.00039999998989515007,0.15119409561157227,0.3837288022041321,0.5513823628425598,1.778513789176941,1.2252984046936035,0.8812540769577026,0.13055752217769623,1.1609495878219604,0.9111078977584839,0.08297429978847504,0.7649773955345154,0.13010132312774658,0.017789201810956,0.9025089144706726,1.3790308237075806,0.14169368147850037,0.14429980516433716,0.07536464184522629,1.3807604312896729,0.3441425561904907,0.4111757278442383,1.1673537492752075,0.1712859719991684,1.1172696352005005,0.8963311314582825,0.8263313174247742,0.6755184531211853,0.4855938255786896,1.248897910118103,0.3878609836101532,0.2240898460149765,1.0348718166351318,1.4227797985076904,0.38369277119636536,0.5375990271568298,1.0011038780212402,0.3526458144187927,0.12116147577762604,0.2565443813800812,1.3380259275436401,0.37213772535324097,0.2099291831254959,0.8027491569519043
0.5077642798423767,0.7080873847007751,1.5679446458816528,1.1691476106643677,0.20615221560001373,1.4159300327301025,1.3903627395629883,5.458141803741455,0.30033406615257263,0.7061707377433777,0.4257984757423401,0.36519694328308105,0.012209291569888592,0.00039999998989515007,0.4025194048881531,0.5163204073905945,0.011636597104370594,1.6399445533752441,1.1585980653762817,0.7670063376426697,0.46443188190460205,1.1837224960327148,0.9237135648727417,0.03479406237602234,0.46292126178741455,0.44235959649086,0.5546252131462097,0.4955553710460663,1.3498189449310303,0.3357505202293396,0.868719220161438,0.2865089178085327,1.518916368484497,0.24721243977546692,0.947883665561676,0.9737059473991394,0.09418501704931259,0.5730245113372803,0.367415189743042,0.7190589308738708,0.8367143869400024,1.2412654161453247,1.420140027999878,0.02503463439643383,0.8174049854278564,0.33165037631988525,1.0653126239776611,0.6673065423965454,0.46450647711753845,0.6496406197547913,0.32052403688430786,0.02894062176346779,0.40906813740730286,0.994823694229126,0.5851371884346008,0.3619852066040039,0.8942742943763733
0.5687428712844849,0.1847890317440033,1.2078232765197754,1.1264879703521729,0.2286253720521927,1.3801560401916504,1.3979840278625488,5.4299397468566895,0.3026396632194519,0.4947730600833893,0.7755051851272583,0.8071895837783813,0.3530195355415344,0.00039999998989515007,0.02779708057641983,0.47865182161331177,0.5311077237129211,1.883595585823059,1.101133942604065,1.0527788400650024,0.04944540187716484,1.2810484170913696,1.1161531209945679,0.10767484456300735,0.5449691414833069,0.26494964957237244,0.22090937197208405,1.1513843536376953,1.1334798336029053,0.19052381813526154,0.2113257199525833,0.08197566866874695,1.4158623218536377,0.16749311983585358,0.6806036829948425,1.1983367204666138,0.23792393505573273,1.1190472841262817,0.8615469336509705,0.8202688097953796,0.41768789291381836,0.5734499096870422,1.1756131649017334,0.3536197543144226,0.09560369700193405,0.8795676231384277,1.1487984657287598,0.44940340518951416,0.34248095750808716,0.7255772948265076,0.18838800489902496,0.16671493649482727,0.38798630237579346,1.325607419013977,0.29210561513900757,0.26972973346710205,0.6805792450904846
0.4812502861022949,0.2687779664993286,1.5147184133529663,1.0256831645965576,0.11272936314344406,1.6735912561416626,1.637902855873108,5.5426926612854,0.05979027971625328,0.45885419845581055,0.6055538058280945,0.2149345427751541,0.13746702671051025,0.00039999998989515007,0.16496644914150238,0.7303140163421631,0.47849950194358826,1.65780770778656,1.1099306344985962,1.0626029968261719,0.02601092867553234,0.9462214112281799,1.1020729541778564,0.33582648634910583,0.4753292202949524,0.4128596782684326,0.5275228023529053,0.8354458808898926,1.0445164442062378,0.39915731549263,0.6086221933364868,0.6252190470695496,1.690934419631958,0.025981200858950615,1.0048223733901978,1.3633149862289429,0.4055693745613098,0.6978778839111328,0.38331201672554016,0.7426491975784302,0.29291456937789917,1.0233653783798218,1.2575653791427612,0.3268308937549591,0.537484884262085,0.6463224291801453,0.8076247572898865,0.6770564317703247,0.32998180389404297,0.3188552260398865,0.14547817409038544,0.2111877202987671,0.5422051548957825,1.0924400091171265,0.33804720640182495,0.252796471118927,0.7066825032234192
0.6746736764907837,0.31272563338279724,1.2923104763031006,0.9846735596656799,0.16189919412136078,1.484889268875122,1.1561216115951538,5.681713104248047,0.06822086125612259,0.379461407661438,0.40605446696281433,1.420558214187622,0.5568153262138367,0.00039999998989515007,0.049620501697063446,0.11016158759593964,0.8891720175743103,1.6535873413085938,0.7706438302993774,0.9401716589927673,0.1662016063928604,1.3462218046188354,1.0034099817276,0.21468029916286469,0.25254133343696594,0.6119316816329956,0.41685032844543457,1.2262945175170898,0.9953323006629944,0.1518947184085846,0.6006674766540527,0.26150888204574585,1.4343712329864502,0.1392783373594284,0.7760326862335205,0.6715803742408752,0.4274057149887085,0.7265914678573608,0.6245552897453308,0.9689030647277832,0.22916379570960999,0.4282777011394501,0.9071388840675354,0.3907075822353363,0.3722101151943207,0.6132537722587585,1.4003711938858032,0.255201131105423,0.5234017968177795,0.90787273645401,0.09451109170913696,0.18153609335422516,0.42789629101753235,1.314652442932129,0.35512590408325195,0.3521746098995209,0.4281655251979828
0.5830104351043701,0.30693215131759644,1.3617546558380127,1.0726983547210693,0.11221059411764145,1.4431856870651245,1.3189702033996582,5.540592193603516,0.15827415883541107,0.5062432289123535,0.6701958179473877,0.8919695019721985,0.3356555998325348,0.00039999998989515007,0.09187550097703934,0.23196563124656677,0.5942979454994202,1.830086588859558,1.0139902830123901,1.0112124681472778,0.0885520651936531,1.224989891052246,1.0946903228759766,0.15946149826049805,0.43613401055336,0.4524664878845215,0.3050502836704254,1.1206986904144287,1.124002456665039,0.16460613906383514,0.47295039892196655,0.08531279861927032,1.5101721286773682,0.04189388081431389,0.8210848569869995,1.056740641593933,0.26008567214012146,0.925419270992279,0.6926866173744202,0.9142906069755554,0.40568986535072327,0.6711079478263855,1.2250258922576904,0.3566489517688751,0.2881183922290802,0.7550395727157593,1.1790084838867188,0.3191331923007965,0.49637988209724426,0.7645778059959412,0.10995863378047943,0.036484088748693466,0.5193427205085754,1.2477937936782837,0.3841184973716736,0.17113825678825378,0.5587987899780273
0.9695892333984375,0.9333094954490662,0.9703200459480286,0.7053086161613464,0.06221691519021988,0.7235593795776367,1.4999548196792603,4.903201580047607,0.5387461185455322,0.6829493045806885,1.1250081062316895,0.9260745644569397,0.4225585162639618,0.00039999998989515007,0.2776443660259247,0.28604263067245483,0.09187132120132446,2.1559500694274902,1.3092247247695923,0.819277286529541,0.27767887711524963,1.4638845920562744,1.2330528497695923,0.16835087537765503,0.8879629373550415,0.526534914970398,0.29293063282966614,0.846397876739502,1.2697352170944214,0.1022581085562706,0.525114119052887,0.0947999358177185,1.5093741416931152,0.24840238690376282,0.5172857046127319,0.9591668248176575,0.2289705127477646,1.0348042249679565,0.9248722195625305,0.9377554059028625,0.36160460114479065,0.5299919247627258,1.1762157678604126,0.594269871711731,0.3708316385746002,1.0146838426589966,1.3432815074920654,0.10732846707105637,0.14010652899742126,0.6524563431739807,0.20309096574783325,0.02748991549015045,0.6985118389129639,1.3042477369308472,0.17383643984794617,0.2789773643016815,0.9041144847869873
0.45366454124450684,0.0137508325278759,1.3514519929885864,1.1588505506515503,0.14257846772670746,1.2414374351501465,1.4311414957046509,5.192600727081299,0.6634031534194946,0.6044098734855652,1.0530800819396973,0.6742010712623596,0.1756860315799713,0.00039999998989515007,0.027251791208982468,0.5797412395477295,0.60774165391922,1.968326449394226,1.3329442739486694,0.9608436226844788,0.17751017212867737,1.130975604057312,1.0860512256622314,0.05467568337917328,0.45467835664749146,0.024800751358270645,0.09204684942960739,1.0311583280563354,1.3014968633651733,0.15915346145629883,0.10004854947328568,0.036377035081386566,1.392370343208313,0.3559390902519226,0.4695250988006592,1.3816931247711182,0.15271222591400146,1.0633496046066284,0.7507967352867126,0.6923572421073914,0.4226757287979126,0.30474740266799927,1.446874737739563,0.34958529472351074,0.02813715487718582,1.0065053701400757,1.1995582580566406,0.3220149874687195,0.48481637239456177,0.5753290057182312,0.527775228023529,0.2906968891620636,0.44684576988220215,1.2279086112976074,0.41361209750175476,0.40436115860939026,0.6511822938919067
0.7037104964256287,0.188592791557312,1.3589565753936768,0.8103519082069397,0.1541539579629898,1.712960124015808,1.244240403175354,5.491360664367676,0.19904741644859314,0.6663091778755188,0.7286088466644287,0.81911700963974,0.3628775477409363,0.00039999998989515007,0.09698183834552765,0.5737010836601257,0.4445972442626953,1.8413410186767578,0.8747282028198242,0.9569293856620789,0.4263964593410492,1.3461982011795044,0.9437904953956604,0.17652691900730133,0.635487973690033,0.3861478567123413,0.13598796725273132,1.019905686378479,1.0720744132995605,0.32331112027168274,0.780046820640564,0.13690483570098877,1.6571524143218994,0.2231876403093338,0.8322583436965942,1.1431926488876343,0.031926725059747696,0.7173405289649963,0.6443572044372559,0.8154792785644531,0.1274438053369522,0.9666844010353088,1.489219069480896,0.36814793944358826,0.2992252707481384,0.5165445804595947,1.0702424049377441,0.01901906169950962,0.6839082837104797,0.5314694046974182,0.05935584753751755,0.047837574034929276,0.7449285984039307,1.099976897239685,0.21252496540546417,0.09860456734895706,0.42202073335647583
0.60330730676651,0.41551902890205383,1.3563050031661987,1.1092946529388428,0.12267869710922241,1.4891016483306885,1.2985057830810547,5.4649810791015625,0.07397475093603134,0.5169755816459656,0.7240846157073975,0.8242955207824707,0.3091897964477539,0.00039999998989515007,0.09829505532979965,0.2767297923564911,0.5052368640899658,1.8404185771942139,1.0065256357192993,1.006239414215088,0.15416444838047028,1.2154409885406494,1.126821517944336,0.11886944621801376,0.46270525455474854,0.4893468916416168,0.31449416279792786,1.0783847570419312,1.1677429676055908,0.15392738580703735,0.5187572240829468,0.0857776328921318,1.5713133811950684,0.022124137729406357,0.8924310207366943,1.104357123374939,0.24741308391094208,0.9361323714256287,0.6795655488967896,0.9820836782455444,0.4345032572746277,0.6945345997810364,1.2412418127059937,0.33520323038101196,0.31509512662887573,0.7049993872642517,1.1338955163955688,0.32202669978141785,0.466709703207016,0.7554340362548828,0.08256995677947998,0.048790279775857925,0.5138773918151855,1.2440582513809204,0.35996973514556885,0.12179172784090042,0.5620350241661072
0.7246261239051819,0.4043095111846924,1.1838270425796509,0.8618804812431335,0.3390361964702606,2.0253496170043945,1.2934540510177612,5.420174598693848,0.11901594698429108,0.17849157750606537,0.5322924256324768,0.8051040768623352,0.4543440341949463,0.00039999998989515007,0.3743205964565277,0.8893828988075256,0.7423064708709717,1.7192705869674683,0.6929535269737244,1.1798714399337769,0.019228454679250717,1.1459872722625732,1.3706920146942139,0.4949404001235962,0.355164110660553,0.12138824909925461,0.38678595423698425,1.4708555936813354,0.828652560710907,0.6319801211357117,0.2424324005842209,0.28423255681991577,1.481807827949524,0.09414225071668625,0.8628930449485779,1.6387583017349243,0.6157036423683167,0.760683000087738,0.6956660747528076,0.7956969738006592,0.14704641699790955,0.20578008890151978,1.10569167137146,0.3531786799430847,0.2928098440170288,0.4918000102043152,0.7261694669723511,0.45546579360961914,0.09619192779064178,0.0746958926320076,0.06486660242080688,0.12601801753044128,0.22131378948688507,1.4359949827194214,0.037770383059978485,0.062270987778902054,0.6876690983772278
0.631241500377655,0.41344860196113586,1.3620916604995728,1.219098448753357,0.10676585882902145,1.3787143230438232,1.3628017902374268,5.442843437194824,0.31581437587738037,0.3445826768875122,0.3106442093849182,1.2828062772750854,0.4187380373477936,0.00039999998989515007,0.2118028998374939,0.11422063410282135,0.8577432632446289,1.8272753953933716,1.234934687614441,0.9840185046195984,0.026776473969221115,1.1114205121994019,1.3421739339828491,0.07147502899169922,0.022258101031184196,0.6435448527336121,0.8065230250358582,1.0296727418899536,0.9341456294059753,0.18049965798854828,0.43984684348106384,0.24824747443199158,1.3186882734298706,0.18528442084789276,0.666903018951416,0.7082673907279968,0.44126781821250916,0.8617054224014282,0.5722646117210388,0.9655054211616516,0.5080164670944214,0.37745025753974915,0.8393785953521729,0.2573067247867584,0.2444828897714615,0.8266380429267883,1.28611421585083,0.5810425281524658,0.1518273502588272,0.7441266179084778,0.4042670428752899,0.09312844276428223,0.4271172285079956,1.2656360864639282,0.6435956358909607,0.44151830673217773,0.5160498023033142
0.18387633562088013,0.019494621083140373,1.4184911251068115,1.2207443714141846,0.04567602649331093,0.8996998071670532,1.3584624528884888,5.5170392990112305,0.7691668272018433,0.33374330401420593,0.4043577015399933,0.8469223380088806,0.21823130548000336,0.00039999998989515007,0.4836083650588989,0.20942898094654083,0.8322235941886902,1.6766620874404907,0.9427332878112793,1.1296511888504028,0.3947911560535431,0.9183657765388489,0.8670494556427002,0.1761520951986313,0.2379472553730011,0.38180312514305115,0.30236655473709106,1.5500980615615845,1.0308940410614014,0.31934279203414917,0.005966908764094114,0.4450010359287262,1.0129011869430542,0.3348158299922943,0.8315464854240417,0.8122178912162781,0.7210667133331299,1.059387445449829,0.7817133069038391,0.9892311096191406,0.7852934002876282,0.2475159466266632,1.279308557510376,0.10795137286186218,0.11131354421377182,0.9724733233451843,1.0838590860366821,0.5247501730918884,0.959665060043335,1.1569679975509644,0.32778632640838623,0.3027592897415161,0.19860486686229706,1.185802936553955,0.46440452337265015,0.21900363266468048,0.4866960644721985
0.5467789769172668,0.6714131832122803,1.336099624633789,1.2301509380340576,0.2744174003601074,1.472051978111267,1.4590972661972046,5.577144622802734,0.244003027677536,0.46745434403419495,0.4075016379356384,0.5908018350601196,0.24254488945007324,0.00039999998989515007,0.2680167853832245,0.33924150466918945,0.22447212040424347,1.5987803936004639,1.2638300657272339,0.8360788822174072,0.3469473719596863,1.4509962797164917,1.0354810953140259,0.18806567788124084,0.34835678339004517,0.5922282934188843,0.5348701477050781,0.7788786292076111,1.1598647832870483,0.31099069118499756,0.6458437442779541,0.020840458571910858,1.3338490724563599,0.21894524991512299,0.8375657200813293,0.8952714800834656,0.4203520715236664,0.7204689383506775,0.3649444878101349,0.81034255027771,0.6244094371795654,0.959551990032196,1.2401738166809082,0.14399512112140656,0.5882853865623474,0.5732179284095764,1.2535215616226196,0.6660972833633423,0.24776248633861542,0.7807669043540955,0.16941790282726288,0.0958733856678009,0.34016069769859314,1.1488384008407593,0.487650990486145,0.1017695739865303,0.9566648602485657
0.8467674851417542,0.4565480649471283,1.1610912084579468,1.4390668869018555,0.27106064558029175,1.4995278120040894,0.8912664651870728,5.126923084259033,0.1121184229850769,0.6040915250778198,0.894138753414154,1.1239137649536133,0.007510398514568806,0.00039999998989515007,0.14994046092033386,0.482155442237854,0.5671066641807556,1.9261516332626343,0.7049232125282288,0.9105847477912903,0.36771050095558167,1.2303462028503418,1.213571310043335,0.030593348667025566,0.7611470222473145,0.1943625956773758,0.43016260862350464,0.6560547947883606,1.0185844898223877,0.2120441198348999,0.8282533884048462,0.3880966305732727,1.4744901657104492,0.05416827276349068,0.5379818081855774,1.1825683116912842,0.31403547525405884,1.3163703680038452,1.0164361000061035,0.9204504489898682,0.41165798902511597,0.932335615158081,0.8568310141563416,0.6355850100517273,0.09997199475765228,0.42932993173599243,1.3250287771224976,0.45081064105033875,0.021881459280848503,0.9251816272735596,0.007902296259999275,0.050407011061906815,0.5217616558074951,1.4650052785873413,0.4151524007320404,0.0361049585044384,0.6255488991737366
0.5016253590583801,0.42850595712661743,1.451493263244629,1.2593201398849487,0.09175851941108704,1.358368992805481,1.3728961944580078,5.431968688964844,0.3627987205982208,0.4941181540489197,0.5336644053459167,0.8917407989501953,0.2445632666349411,0.00039999998989515007,0.12904855608940125,0.0013271522475406528,0.6300017237663269,1.7144888639450073,1.1195895671844482,1.0041688680648804,0.02757195569574833,1.094736099243164,1.1917057037353516,0.1478482037782669,0.22753950953483582,0.4602060914039612,0.595457136631012,1.0731987953186035,1.2006336450576782,0.0987587422132492,0.4077971875667572,0.14155881106853485,1.4847747087478638,0.16999703645706177,0.8719233274459839,0.9734196066856384,0.276276558637619,0.9615985155105591,0.6328041553497314,0.9649183750152588,0.6935983896255493,0.5590483546257019,1.0692449808120728,0.2406402975320816,0.3711393475532532,0.8096402287483215,1.1307311058044434,0.4856421649456024,0.4081721901893616,0.827227771282196,0.29385027289390564,0.05157151818275452,0.39038321375846863,1.3223326206207275,0.6118063926696777,0.19567036628723145,0.5782143473625183
0.6037402153015137,0.3882024586200714,1.3579763174057007,1.0905303955078125,0.1321898251771927,1.5095179080963135,1.3230125904083252,5.415796756744385,0.06875927746295929,0.541567325592041,0.7347298264503479,0.8313589096069336,0.3145255446434021,0.00039999998989515007,0.0982077345252037,0.3041115999221802,0.5264109373092651,1.7847176790237427,1.0410046577453613,1.0038261413574219,0.17046590149402618,1.2647578716278076,1.1183069944381714,0.11262957751750946,0.4760895073413849,0.4827840328216553,0.3045928180217743,1.0610570907592773,1.1547777652740479,0.17573298513889313,0.5323249101638794,0.06792721897363663,1.5730961561203003,0.015619335696101189,0.858847975730896,1.1120078563690186,0.2371736615896225,0.9431648850440979,0.6704344749450684,0.9395210146903992,0.4001119136810303,0.7795560956001282,1.288862705230713,0.3678613603115082,0.3171728849411011,0.7304521203041077,1.1710013151168823,0.2996600866317749,0.46593454480171204,0.7329525351524353,0.06567394733428955,0.07314044237136841,0.574547529220581,1.2360631227493286,0.35697492957115173,0.12511900067329407,0.5659643411636353
0.8720046281814575,0.22583512961864471,1.1556117534637451,1.1526230573654175,0.3316786587238312,1.858859896659851,0.9686063528060913,5.007119655609131,0.14168627560138702,0.4563950300216675,0.771706223487854,1.1219708919525146,0.358815461397171,0.00039999998989515007,0.29150909185409546,0.5954861044883728,0.3529030382633209,2.003943920135498,0.7930834293365479,1.0321112871170044,0.4117002487182617,1.294008493423462,1.5256993770599365,0.05268958583474159,0.47906750440597534,0.28806716203689575,0.4378736615180969,1.1537952423095703,1.1080676317214966,0.2072986513376236,0.6088935136795044,0.19886404275894165,1.6402051448822021,0.0686468705534935,0.8353343605995178,1.4767096042633057,0.007185577414929867,0.9629750847816467,0.9253864288330078,1.03879976272583,0.35045376420021057,0.4128560423851013,1.1171858310699463,0.3699091672897339,0.17998284101486206,0.4054460823535919,1.000697374343872,0.17835654318332672,0.032037556171417236,0.44330814480781555,0.01449813973158598,0.15172645449638367,0.29677891731262207,1.4799033403396606,0.2206486016511917,0.12652891874313354,0.7251707315444946
0.4605240523815155,0.5174124240875244,1.4237489700317383,1.167298674583435,0.13824161887168884,1.6124134063720703,1.0768077373504639,5.124505043029785,0.21290794014930725,0.7482943534851074,1.1245768070220947,0.484127014875412,0.007476614788174629,0.00039999998989515007,0.5555903315544128,0.7626408934593201,0.3444616198539734,1.8689079284667969,0.800670862197876,0.9931297302246094,0.40813764929771423,1.1244679689407349,0.9518107175827026,0.06356541067361832,0.6363378763198853,0.3799746334552765,0.046159885823726654,0.8038389682769775,1.3411545753479004,0.1608228236436844,0.6106618046760559,0.23041346669197083,1.7220394611358643,0.306865930557251,1.0017033815383911,1.2700732946395874,0.16505107283592224,1.0485042333602905,0.616239607334137,1.115227460861206,0.3627495765686035,0.9867761731147766,1.6549557447433472,0.2181919664144516,0.2691344618797302,0.47053539752960205,0.9804863929748535,0.13737373054027557,0.7989627122879028,0.6866916418075562,0.0351831279695034,0.29900339245796204,0.7945941090583801,0.9663954973220825,0.29781532287597656,0.04790894314646721,0.20502644777297974
0.6541863083839417,0.35476160049438477,1.4325180053710938,0.7507257461547852,0.068924680352211,1.377497673034668,1.3273416757583618,5.323399543762207,0.11204744875431061,0.613670825958252,0.8054059743881226,0.9053314924240112,0.4370296001434326,0.00039999998989515007,0.07211799919605255,0.22029192745685577,0.470218688249588,1.7806124687194824,0.884497344493866,1.014612078666687,0.10009271651506424,1.181512713432312,1.0186712741851807,0.5193665623664856,0.6707839369773865,0.4840300381183624,0.0332772433757782,1.1276923418045044,1.305375576019287,0.18949942290782928,0.5439175367355347,0.10952816903591156,1.789304494857788,0.10095024853944778,0.9219707250595093,1.0819611549377441,0.12087197601795197,0.823921799659729,0.8916648030281067,0.8866564035415649,0.442097932100296,0.8093430995941162,1.3063483238220215,0.43044722080230713,0.5092437863349915,0.7021759152412415,1.1466141939163208,0.12176617234945297,0.7250843644142151,0.6608680486679077,0.009985599666833878,0.0033066789619624615,0.49107056856155396,1.211687445640564,0.21122585237026215,0.07849129289388657,0.539047360420227
0.5190994739532471,0.45531901717185974,1.4259034395217896,1.081252932548523,0.05891183763742447,1.4096015691757202,1.371417760848999,5.369450092315674,0.1596842110157013,0.5441078543663025,0.7676956057548523,0.7695877552032471,0.3187592029571533,0.00039999998989515007,0.1564728319644928,0.18083524703979492,0.5629545450210571,1.7446883916854858,1.0507407188415527,1.0182685852050781,0.06812684237957001,1.1556421518325806,1.0689817667007446,0.19296205043792725,0.44906193017959595,0.5471946001052856,0.2954362630844116,1.1201200485229492,1.2261767387390137,0.13798962533473969,0.47022491693496704,0.07418188452720642,1.6268309354782104,0.07259763777256012,0.9429500102996826,1.0602020025253296,0.2753588557243347,0.9328963756561279,0.6522397398948669,1.0245221853256226,0.49975475668907166,0.7165067791938782,1.299489974975586,0.30925697088241577,0.43188950419425964,0.8084233403205872,1.1161353588104248,0.28355681896209717,0.6155472993850708,0.8162769079208374,0.09225688874721527,0.04740476980805397,0.5606247782707214,1.2173058986663818,0.3773001432418823,0.16155065596103668,0.4674280881881714
0.5709478259086609,0.39664605259895325,0.992080569267273,0.6947509050369263,0.18935944139957428,0.14699290692806244,1.8024954795837402,4.822290420532227,0.4224276840686798,0.4554402530193329,0.8095230460166931,0.8607666492462158,0.4307946264743805,0.00039999998989515007,0.16136372089385986,0.4898056089878082,0.22642377018928528,1.9722100496292114,1.5455641746520996,1.0003108978271484,0.4442161023616791,1.2495077848434448,1.1334149837493896,0.2388790398836136,0.40176624059677124,0.3867408335208893,0.3728902041912079,1.4452372789382935,1.1642582416534424,0.5025757551193237,0.43929046392440796,0.510577917098999,0.9094498157501221,0.6780053377151489,0.5165720582008362,0.8018893003463745,0.4234045445919037,1.2214816808700562,0.861354649066925,0.9853513836860657,0.6314697861671448,0.36663541197776794,1.4534350633621216,0.06904225796461105,0.13013437390327454,1.5451940298080444,1.169753909111023,0.20451998710632324,0.6631785035133362,0.6369935274124146,0.6809893250465393,0.5155588984489441,0.37369218468666077,1.1701594591140747,0.2687755227088928,0.6444544196128845,0.8195197582244873
0.7338040471076965,0.2791556119918823,1.295390248298645,0.9807107448577881,0.1295163631439209,1.3692944049835205,1.299846887588501,5.59937047958374,0.005367552861571312,0.4578300416469574,0.42677512764930725,1.282781720161438,0.489465594291687,0.00039999998989515007,0.03403368592262268,0.0572001188993454,0.7803798317909241,1.6800850629806519,0.9187719225883484,0.9799137711524963,0.15235339105129242,1.3563591241836548,1.0511083602905273,0.16338126361370087,0.37008342146873474,0.5578592419624329,0.3782796561717987,1.2009743452072144,0.963117241859436,0.3019418716430664,0.5932393670082092,0.13875731825828552,1.3867108821868896,0.06266742199659348,0.7600812911987305,0.8352035284042358,0.3085748553276062,0.8450270891189575,0.6881592273712158,0.8766158223152161,0.23793819546699524,0.5905558466911316,1.100716471672058,0.3879237473011017,0.2987353205680847,0.7034006714820862,1.3803855180740356,0.34469136595726013,0.47446686029434204,0.8145976066589355,0.01820826157927513,0.04236697405576706,0.5643576383590698,1.299033761024475,0.3082989454269409,0.20096813142299652,0.5796384811401367
0.5730382204055786,0.03248888626694679,1.2846167087554932,0.9622471928596497,0.31484463810920715,1.8215173482894897,1.163269281387329,5.19649600982666,0.09983470290899277,0.48638445138931274,0.7111281156539917,1.059242606163025,0.52110356092453,0.00039999998989515007,0.030624033883213997,0.5625212788581848,0.4686923325061798,1.8833352327346802,1.0735045671463013,1.0278831720352173,0.3017594516277313,1.4039431810379028,1.3374720811843872,0.06803616881370544,0.30087268352508545,0.3079186677932739,0.30589425563812256,1.3265571594238281,1.1755049228668213,0.3441862463951111,0.3840641975402832,0.06433827430009842,1.536686658859253,0.014494280330836773,0.6745242476463318,1.2979400157928467,0.15882375836372375,0.7459530234336853,0.7450963854789734,0.8027624487876892,0.33376839756965637,0.49086475372314453,1.4195510149002075,0.3445853292942047,0.07673841714859009,0.6669571399688721,1.1162344217300415,0.007356332615017891,0.24740496277809143,0.4677768349647522,0.0834452211856842,0.30654430389404297,0.4299851953983307,1.2926949262619019,0.3342640995979309,0.42003726959228516,0.6524344682693481
0.6075321435928345,0.5123288035392761,1.2932559251785278,1.1603261232376099,0.19078324735164642,1.4576747417449951,1.2512845993041992,5.315876007080078,0.08352285623550415,0.5941051244735718,0.8224812150001526,0.792908251285553,0.2423427700996399,0.00039999998989515007,0.15579453110694885,0.45007970929145813,0.39333924651145935,1.8129703998565674,1.0531721115112305,0.9445328116416931,0.34203484654426575,1.3362743854522705,1.046592116355896,0.04841112345457077,0.6234948039054871,0.4960651695728302,0.23029011487960815,0.9469282627105713,1.1415646076202393,0.09194131195545197,0.6749889254570007,0.1374240219593048,1.4865411520004272,0.10097354650497437,0.7272060513496399,1.0284364223480225,0.49541589617729187,1.0022962093353271,0.729084849357605,0.8901774883270264,0.4252963066101074,1.0293525457382202,1.289323329925537,0.448714941740036,0.3856135904788971,0.6704255938529968,1.2658958435058594,0.31305229663848877,0.4124147891998291,0.9363856911659241,0.01971553824841976,0.1295120120048523,0.6617172956466675,1.2177824974060059,0.3459400534629822,0.08167760819196701,0.6090837121009827
0.5268985629081726,0.2942987382411957,1.421027421951294,1.154656171798706,0.08755085617303848,1.3849468231201172,1.341378092765808,5.1239800453186035,0.39709240198135376,0.6585899591445923,0.9284846186637878,0.7674969434738159,0.19333283603191376,0.00039999998989515007,0.11110344529151917,0.32593563199043274,0.465623140335083,1.9050489664077759,1.1749171018600464,1.0328752994537354,0.03717783838510513,1.1017433404922485,1.263689398765564,0.09102776646614075,0.4251959025859833,0.2605227828025818,0.2766081392765045,1.0558775663375854,1.3310819864273071,0.154498890042305,0.29085931181907654,0.07737420499324799,1.6158604621887207,0.21372324228286743,0.7821235060691833,1.308678388595581,0.01125416625291109,1.0526020526885986,0.7632810473442078,0.9263879656791687,0.5574439167976379,0.5405568480491638,1.3971760272979736,0.3039633333683014,0.18258967995643616,0.8607338666915894,1.0675015449523926,0.23859083652496338,0.45330244302749634,0.5795903205871582,0.33627355098724365,0.17251069843769073,0.5778106451034546,1.2611397504806519,0.47810298204421997,0.27432653307914734,0.5359119772911072
0.5169463157653809,0.6395725607872009,1.4008642435073853,1.2057281732559204,0.19427679479122162,1.925878882408142,0.9484325647354126,4.9994730949401855,0.231011301279068,0.722900927066803,0.8608962297439575,0.4734153151512146,0.040832336992025375,0.00039999998989515007,0.4100021719932556,0.8785086274147034,0.11308913677930832,1.8062353134155273,0.8155770897865295,0.8626328706741333,0.6645856499671936,1.1015207767486572,1.0575703382492065,0.09199447184801102,0.5978955626487732,0.5173518657684326,0.44240471720695496,0.6301751732826233,1.2264721393585205,0.11589950323104858,1.0546923875808716,0.04899616166949272,1.8331533670425415,0.43663260340690613,1.089656949043274,1.2894936800003052,0.2635611593723297,0.8139525651931763,0.5302183628082275,0.9964478015899658,0.5013002753257751,1.4596998691558838,1.503980040550232,0.3512228727340698,0.5935124754905701,0.22263161838054657,0.9252059459686279,0.20421943068504333,0.35551610589027405,0.6863222122192383,0.16443166136741638,0.22353631258010864,0.7892350554466248,0.9588631391525269,0.37447476387023926,0.22789958119392395,0.4218670725822449
0.6130633354187012,0.3392721116542816,1.2285501956939697,0.9225671887397766,0.2115563005208969,1.8529584407806396,0.8674700856208801,5.002681255340576,0.5005472302436829,0.5058563351631165,0.8791799545288086,0.7974704504013062,0.43355709314346313,0.00039999998989515007,0.021959472447633743,0.870413064956665,0.27720406651496887,1.9013681411743164,0.7213617563247681,0.9243596792221069,0.5371035933494568,1.241927146911621,1.0232573747634888,0.14249010384082794,0.7979370951652527,0.6254610419273376,0.12050102651119232,1.1907932758331299,1.0646171569824219,0.12325043231248856,0.9456762075424194,0.02527192421257496,1.75118088722229,0.19772499799728394,0.9979779124259949,1.2685075998306274,0.5442014932632446,0.7396741509437561,0.8466686010360718,1.009256362915039,0.31329336762428284,1.1954933404922485,1.503339171409607,0.4898417890071869,0.44354817271232605,0.3917189836502075,1.0385982990264893,0.09720183908939362,0.4593202471733093,0.8627341389656067,0.418052613735199,0.3554579019546509,0.6479107141494751,1.105961799621582,0.019785108044743538,0.10038407891988754,0.5052654147148132
0.3006567656993866,0.30618372559547424,1.6020753383636475,1.2508175373077393,0.23968330025672913,1.5592873096466064,1.3145440816879272,5.3415846824646,0.41105636954307556,0.5267898440361023,0.9187481999397278,0.6470843553543091,0.26725268363952637,0.00039999998989515007,0.010494367219507694,0.4001750648021698,0.7138968110084534,1.5488487482070923,1.0981504917144775,0.8863992691040039,0.06704501807689667,1.1040419340133667,0.9333469271659851,0.378061443567276,0.4271174967288971,0.30149492621421814,0.3474656343460083,0.990135669708252,1.4879913330078125,0.09104020148515701,0.26642194390296936,0.1089475005865097,1.679167628288269,0.18677176535129547,0.7285649180412292,1.1464970111846924,0.07097374647855759,0.716386079788208,0.6187294125556946,0.8907994627952576,0.6977044939994812,0.5423855781555176,1.2292627096176147,0.31648367643356323,0.5492982864379883,0.762603759765625,1.227739930152893,0.3055219352245331,0.6842941641807556,0.8745673298835754,0.20541127026081085,0.055401504039764404,0.14366690814495087,1.2921311855316162,0.5232923030853271,0.19218730926513672,0.5537076592445374
0.5677261352539062,0.20325128734111786,1.3953008651733398,0.807363748550415,0.15051235258579254,1.5691769123077393,1.542441487312317,5.553912162780762,0.09041936695575714,0.4492805302143097,0.29697203636169434,0.7198163270950317,0.3304438292980194,0.00039999998989515007,0.196245476603508,0.10706942528486252,0.7769411206245422,1.6009107828140259,0.9530735611915588,1.1707818508148193,0.00030191882979124784,0.9427119493484497,1.112213373184204,0.40766456723213196,0.250900536775589,0.7085265517234802,0.5990279316902161,1.2083611488342285,0.7332178950309753,0.43063777685165405,0.7252083420753479,0.3429190218448639,1.644370198249817,0.11406295746564865,1.210766077041626,1.0138787031173706,0.03692743927240372,0.927524983882904,0.3848181962966919,0.7970351576805115,0.00754604022949934,1.1536624431610107,1.175187110900879,0.5442291498184204,0.5623103380203247,0.820163369178772,0.8012108206748962,0.41788238286972046,0.436694473028183,0.4935902953147888,0.08120661228895187,0.22443072497844696,1.1399959325790405,1.056902289390564,0.33616903424263,0.023354843258857727,0.25785669684410095
0.9652108550071716,0.8446016907691956,1.1079298257827759,0.6765893697738647,0.1184355765581131,0.7890026569366455,1.6856471300125122,4.941013813018799,0.2105294167995453,0.6252157092094421,0.9835171103477478,0.9707269072532654,0.5191569924354553,0.00039999998989515007,0.2805848717689514,0.6273072957992554,0.1488768607378006,1.9433315992355347,1.4119292497634888,0.8759334087371826,0.022735795006155968,1.4396167993545532,1.3179335594177246,0.01859254203736782,0.5712136030197144,0.531939685344696,0.14888855814933777,0.9458832740783691,1.3387954235076904,0.1929272562265396,0.2210027128458023,0.13524875044822693,1.5693113803863525,0.3863406479358673,0.662261962890625,0.972434937953949,0.06910447776317596,0.9951223134994507,0.7739450931549072,1.0441160202026367,0.3925573229789734,0.08006415516138077,1.1747243404388428,0.3821168839931488,0.20823921263217926,1.1554991006851196,1.2732741832733154,0.08805521577596664,0.3086332082748413,0.3868907392024994,0.3814627528190613,0.031465962529182434,0.5317724347114563,1.3361401557922363,0.28798148036003113,0.43946751952171326,0.7872912883758545
0.5893866419792175,0.5247524976730347,1.235207200050354,1.391114354133606,0.3548926115036011,1.7265790700912476,1.2838486433029175,5.643707752227783,0.07493998855352402,0.4281003177165985,0.39555636048316956,0.7743138074874878,0.13951516151428223,0.00039999998989515007,0.2864503562450409,0.38646695017814636,0.5947009325027466,1.4561331272125244,1.167702078819275,0.8072189688682556,0.41150227189064026,1.53590726852417,0.9792189598083496,0.288677841424942,0.2985115051269531,0.5280129313468933,0.6713241934776306,0.539686918258667,0.9165377616882324,0.06381627917289734,0.7311623096466064,0.1717004030942917,1.2270970344543457,0.4800407588481903,0.6199667453765869,0.7679310441017151,0.5474516153335571,0.9860357642173767,0.30074650049209595,0.6722055077552795,0.3219907879829407,1.2493489980697632,1.0006660223007202,0.45340779423713684,0.36862432956695557,0.5353801846504211,1.441255807876587,0.7057885527610779,0.06493698805570602,0.8585367798805237,0.04968284070491791,0.005418004002422094,0.5961049199104309,1.130397081375122,0.5901688933372498,0.026611052453517914,0.7316179275512695
0.5082966685295105,0.37202519178390503,1.4275846481323242,1.2716032266616821,0.11057198792695999,1.3002156019210815,1.393638014793396,5.243336200714111,0.5392851829528809,0.6370059251785278,0.7815504670143127,0.7610283493995667,0.12492929399013519,0.00039999998989515007,0.15985409915447235,0.2141680270433426,0.5078625082969666,1.8756862878799438,1.0814051628112793,1.0658036470413208,0.07943780720233917,1.0024415254592896,1.2863472700119019,0.13549895584583282,0.3354588449001312,0.2020319104194641,0.45015090703964233,0.99241703748703,1.341959834098816,0.14408966898918152,0.23497214913368225,0.11892927438020706,1.5693392753601074,0.2686080038547516,0.8461021184921265,1.2558066844940186,0.047403283417224884,1.1258193254470825,0.7857568860054016,0.9692624807357788,0.7000230550765991,0.41254952549934387,1.173172950744629,0.2007959634065628,0.1445259004831314,0.8103931546211243,0.9786785244941711,0.48975980281829834,0.41891464591026306,0.582746148109436,0.43308794498443604,0.02202771231532097,0.3862069249153137,1.3241876363754272,0.5912773609161377,0.22875219583511353,0.5197206139564514
0.47721508145332336,0.18940554559230804,1.4005937576293945,1.06928551197052,0.20607003569602966,1.4555253982543945,1.426058292388916,5.375428199768066,0.12194982916116714,0.5202646851539612,0.9484364986419678,0.6085063815116882,0.3400076627731323,0.00039999998989515007,0.07413363456726074,0.6200740337371826,0.5623408555984497,1.7085157632827759,1.191415548324585,0.9232948422431946,0.006221641320735216,1.2555829286575317,0.939141035079956,0.25103968381881714,0.659490168094635,0.31655386090278625,0.10623794049024582,1.065888524055481,1.2653257846832275,0.09042421728372574,0.29796507954597473,0.19548045098781586,1.5468014478683472,0.1759805977344513,0.6453632116317749,1.259253978729248,0.10570156574249268,0.829835832118988,0.7215628623962402,0.7577769756317139,0.4365652799606323,0.7315279245376587,1.3967297077178955,0.4329988360404968,0.3768083453178406,0.8652607202529907,1.2654088735580444,0.28843650221824646,0.5719480514526367,0.7735269665718079,0.14892655611038208,0.13969115912914276,0.3708721399307251,1.2376075983047485,0.27015215158462524,0.09163052588701248,0.7385236620903015
1.0058189630508423,1.097135305404663,1.1386871337890625,0.44430652260780334,0.2225218117237091,0.9294872879981995,1.1972322463989258,4.803379535675049,0.6352195739746094,0.9140746593475342,1.167601227760315,1.021780252456665,0.4318832457065582,0.00039999998989515007,0.17735940217971802,0.25963130593299866,0.05508308857679367,2.1006076335906982,0.9085242748260498,0.6908832788467407,0.5472749471664429,1.451068639755249,0.9166263937950134,0.10892698913812637,0.8748944997787476,0.7277616858482361,0.48251962661743164,0.6529091000556946,1.3181930780410767,0.2002170830965042,0.8269574046134949,0.22406162321567535,1.8491785526275635,0.26398125290870667,0.8849075436592102,0.8349645733833313,0.11118929833173752,0.7900146245956421,0.7022621035575867,1.1765555143356323,0.05338308587670326,0.7351434230804443,1.5922703742980957,0.4525259733200073,0.510267972946167,0.6242160201072693,1.29204523563385,0.3167027235031128,0.8024333119392395,0.47052907943725586,0.09468738734722137,0.1534183919429779,1.1033539772033691,0.9031364917755127,0.0633736178278923,0.2109144628047943,0.24883243441581726
0.6161108613014221,0.31848523020744324,1.3364999294281006,1.0516067743301392,0.036830123513936996,1.3686041831970215,1.329817771911621,5.4474310874938965,0.011069368571043015,0.4641731381416321,0.5935063362121582,0.9006010890007019,0.37511032819747925,0.00039999998989515007,0.08692212402820587,0.2285618931055069,0.6185101270675659,1.7794345617294312,1.038148283958435,0.983819305896759,0.008131719194352627,1.135170578956604,1.0586615800857544,0.2839733064174652,0.5621322393417358,0.5505905151367188,0.3897036910057068,1.1876418590545654,1.0025779008865356,0.07532607764005661,0.6164360046386719,0.06064770743250847,1.526233196258545,0.17668314278125763,0.8623088002204895,1.0418585538864136,0.39243367314338684,0.9322715401649475,0.7948441505432129,0.8766928911209106,0.4817468225955963,0.9008463025093079,1.1458367109298706,0.4831046760082245,0.42726609110832214,0.8272032737731934,1.175751805305481,0.33841341733932495,0.4274732768535614,0.9227681756019592,0.038128145039081573,0.012915804982185364,0.5605265498161316,1.2934907674789429,0.3290565013885498,0.011754400096833706,0.6373436450958252
0.7929618954658508,0.41565078496932983,1.3133881092071533,1.2494655847549438,0.16578258574008942,1.5165021419525146,1.1514941453933716,5.280245780944824,0.049743130803108215,0.5530826449394226,0.7732166647911072,0.9696620106697083,0.18503865599632263,0.00039999998989515007,0.153555229306221,0.36889272928237915,0.510724663734436,1.8989652395248413,0.836046576499939,0.9953779578208923,0.17514218389987946,1.143554925918579,1.2804204225540161,0.17791442573070526,0.5861243009567261,0.30786415934562683,0.43601173162460327,0.9546697735786438,1.1474703550338745,0.038865529000759125,0.6266383528709412,0.14934051036834717,1.627705454826355,0.13817845284938812,0.8533645272254944,1.2952651977539062,0.03559015318751335,1.0705381631851196,0.8934475183486938,1.0288728475570679,0.4925766587257385,0.6036895513534546,1.0503227710723877,0.38262760639190674,0.040730543434619904,0.5477604269981384,1.1067241430282593,0.38864341378211975,0.25686952471733093,0.6782963871955872,0.1065354123711586,0.03817279636859894,0.3751794695854187,1.4315574169158936,0.35966914892196655,0.03339429199695587,0.6488035321235657
0.7757034301757812,0.43160420656204224,1.3177975416183472,1.2661694288253784,0.17013578116893768,1.5321489572525024,1.1521408557891846,5.281933784484863,0.07872288674116135,0.5707440376281738,0.7951098680496216,0.9318716526031494,0.15650901198387146,0.00039999998989515007,0.09077751636505127,0.40150707960128784,0.48535338044166565,1.9061769247055054,0.843720018863678,1.00023353099823,0.19916404783725739,1.1481034755706787,1.2802343368530273,0.13022705912590027,0.5712339282035828,0.3032297194004059,0.43104246258735657,0.9246220588684082,1.1655699014663696,0.05761147290468216,0.6179481148719788,0.17270150780677795,1.6302413940429688,0.10175386071205139,0.8647329211235046,1.305619478225708,0.030719244852662086,1.0849446058273315,0.8621322512626648,1.0400865077972412,0.4878047704696655,0.6156074404716492,1.0871102809906006,0.3544076383113861,0.02736126258969307,0.5328319668769836,1.0896217823028564,0.39503198862075806,0.2641768753528595,0.658089280128479,0.11873902380466461,0.012387833558022976,0.40060776472091675,1.4035006761550903,0.36765256524086,0.019249437376856804,0.6229725480079651
0.7473375201225281,0.28061777353286743,1.296535611152649,0.8885747194290161,0.3249795734882355,2.028046131134033,1.0850666761398315,5.048608779907227,0.44351622462272644,0.5951147079467773,0.8660209774971008,0.7317189574241638,0.3918534815311432,0.00039999998989515007,0.07108033448457718,0.8923051357269287,0.060309894382953644,1.9534926414489746,0.8450247049331665,0.9722620844841003,0.6424735188484192,1.3021050691604614,1.3080060482025146,0.06969995051622391,0.542263925075531,0.34764382243156433,0.24131932854652405,1.0976214408874512,1.2936909198760986,0.41064679622650146,0.7315030694007874,0.1644255816936493,1.8343980312347412,0.12897250056266785,0.9904807209968567,1.5024826526641846,0.20155328512191772,0.5786166191101074,0.6797100901603699,1.0013220310211182,0.28868165612220764,0.620995283126831,1.5170146226882935,0.21307475864887238,0.1952393501996994,0.2825837731361389,0.8026971817016602,0.0511334054172039,0.32092171907424927,0.2605076730251312,0.06360314786434174,0.17788295447826385,0.41468727588653564,1.2090229988098145,0.12614206969738007,0.08157965540885925,0.6036882400512695
0.520368218421936,0.31678226590156555,1.410573124885559,1.0869245529174805,0.1141713485121727,1.5661646127700806,1.2900569438934326,5.344996929168701,0.18723857402801514,0.6238512396812439,0.7702042460441589,0.7708417177200317,0.25988996028900146,0.00039999998989515007,0.20218291878700256,0.4070357382297516,0.4350038468837738,1.8767279386520386,1.1217058897018433,0.9936683177947998,0.20990024507045746,1.175368309020996,1.1776407957077026,0.058747727423906326,0.40536561608314514,0.40325048565864563,0.346000075340271,1.017848253250122,1.228236436843872,0.1775859296321869,0.5245569944381714,0.010997382923960686,1.6165217161178589,0.005326415877789259,0.834620475769043,1.1839251518249512,0.16674847900867462,0.9110127091407776,0.6487411260604858,0.8630087971687317,0.4718482196331024,0.842609703540802,1.4052817821502686,0.36794599890708923,0.3645796775817871,0.7290600538253784,1.0842533111572266,0.2169121652841568,0.417476087808609,0.6355432868003845,0.17742450535297394,0.1571308672428131,0.6737810969352722,1.1556284427642822,0.4674225449562073,0.20307664573192596,0.5188214778900146
0.695330023765564,0.45707422494888306,1.2685551643371582,0.8846872448921204,0.17163202166557312,1.434532642364502,1.4641424417495728,5.070075511932373,0.29148197174072266,0.5799445509910583,1.2528053522109985,0.5005151629447937,0.3332224488258362,0.00039999998989515007,0.12066902220249176,0.47785553336143494,0.22489582002162933,1.9687883853912354,0.9164025783538818,1.0243552923202515,0.21437469124794006,1.119048833847046,1.192314863204956,0.23386836051940918,0.790556013584137,0.3366629481315613,0.12739035487174988,1.0399080514907837,1.3889522552490234,0.19241899251937866,0.37493929266929626,0.2665817439556122,1.808212399482727,0.20134268701076508,0.9325061440467834,1.5943138599395752,0.31292012333869934,0.8527184128761292,0.795911431312561,1.0525652170181274,0.33608463406562805,0.4146246314048767,1.4443093538284302,0.3888268768787384,0.22700084745883942,0.6894399523735046,0.9533407688140869,0.2304682582616806,0.6137106418609619,0.38303929567337036,0.06945160031318665,0.006684901192784309,0.3367736339569092,1.2302002906799316,0.06353691965341568,0.05336124077439308,0.6471287608146667
0.8139335513114929,0.6030580997467041,1.187045693397522,0.7706086039543152,0.18558776378631592,0.6572944521903992,1.6559176445007324,4.685880184173584,0.346576988697052,0.7377607822418213,1.099739909172058,0.9113759994506836,0.31493109464645386,0.00039999998989515007,0.2007570117712021,0.5723088979721069,0.16173061728477478,2.106858015060425,1.510246753692627,0.9137871861457825,0.18934489786624908,1.1497602462768555,1.4601151943206787,0.01954919658601284,0.42343011498451233,0.1974368840456009,0.08158033341169357,0.9339931607246399,1.465747356414795,0.16425183415412903,0.07130781561136246,0.13411402702331543,1.5432050228118896,0.6307380199432373,0.5428977608680725,1.1669201850891113,0.3703385293483734,1.117636799812317,0.8526056408882141,0.9590627551078796,0.5750199556350708,0.17179788649082184,1.2515759468078613,0.30433788895606995,0.02109396643936634,1.2806814908981323,1.0833258628845215,0.06856432557106018,0.27258631587028503,0.2093449980020523,0.7390024662017822,0.04309205710887909,0.5448879599571228,1.330744981765747,0.5018269419670105,0.6264680027961731,0.686194121837616
0.6052826642990112,0.3773643374443054,1.3455705642700195,1.0820573568344116,0.12979665398597717,1.5337777137756348,1.327906608581543,5.483572483062744,0.06584924459457397,0.531978964805603,0.7253098487854004,0.825000524520874,0.31342601776123047,0.00039999998989515007,0.10424548387527466,0.3464110195636749,0.528973400592804,1.78848397731781,1.025097131729126,1.0008906126022339,0.1739414781332016,1.2567697763442993,1.1023001670837402,0.10897855460643768,0.4746725261211395,0.4845278859138489,0.30756187438964844,1.0539880990982056,1.133346438407898,0.16601428389549255,0.5431992411613464,0.055001161992549896,1.569955825805664,0.030123470351099968,0.8622354865074158,1.103675127029419,0.2433301955461502,0.9336156845092773,0.6553780436515808,0.929422914981842,0.3713734447956085,0.7943031191825867,1.2688840627670288,0.3821062743663788,0.317671537399292,0.7152886390686035,1.1599541902542114,0.29946383833885193,0.4591658413410187,0.7290998697280884,0.05390531197190285,0.06153549626469612,0.5790978670120239,1.2193892002105713,0.3505699932575226,0.12425653636455536,0.5513927340507507
0.8681645393371582,0.9043634533882141,1.2142306566238403,0.5424880981445312,0.09060467034578323,1.3369632959365845,1.3366278409957886,4.798202037811279,0.012836150825023651,0.8738415837287903,1.2140635251998901,1.0633996725082397,0.4565122723579407,0.00039999998989515007,0.07360279560089111,0.6148355007171631,0.1187572330236435,2.0162577629089355,1.188784122467041,0.7968090176582336,0.47679853439331055,1.4706978797912598,1.3081927299499512,0.14124871790409088,0.3441007435321808,0.4804617762565613,0.17385131120681763,0.6654335856437683,1.5705057382583618,0.08436909317970276,0.4553098678588867,0.2612133324146271,1.956217646598816,0.13292890787124634,0.731044352054596,0.8925310969352722,0.25406137108802795,0.7956843376159668,0.5001096129417419,1.1430970430374146,0.17540843784809113,0.21093671023845673,1.3478903770446777,0.4253544509410858,0.34442657232284546,0.8338754773139954,1.1113612651824951,0.4648369550704956,0.47507190704345703,0.09175480902194977,0.2147897183895111,0.09864106774330139,0.8888870477676392,1.0822398662567139,0.48785385489463806,0.8589341044425964,0.1419547200202942
0.5690972208976746,0.1925228387117386,1.215232253074646,1.1144216060638428,0.22302775084972382,1.401656150817871,1.4180305004119873,5.455803394317627,0.26315823197364807,0.5045598745346069,0.7843683958053589,0.7806692719459534,0.3393523693084717,0.00039999998989515007,0.015233469195663929,0.5324496030807495,0.5225859880447388,1.8301032781600952,1.1025152206420898,1.0527935028076172,0.02588607184588909,1.2792799472808838,1.099353313446045,0.10304190218448639,0.5730768442153931,0.277401328086853,0.21100135147571564,1.1372814178466797,1.1281622648239136,0.20594246685504913,0.25749003887176514,0.03718830272555351,1.4262861013412476,0.14258302748203278,0.6934886574745178,1.2038925886154175,0.2209973931312561,1.1114064455032349,0.8482788801193237,0.8116364479064941,0.39911365509033203,0.6414786577224731,1.2062479257583618,0.3749605119228363,0.12470313161611557,0.8761904835700989,1.155634880065918,0.43013063073158264,0.3570767939090729,0.7139666080474854,0.16598857939243317,0.15983392298221588,0.4240990877151489,1.3016034364700317,0.28334492444992065,0.22635392844676971,0.6777694225311279
0.5251898765563965,0.01083595585078001,1.3197907209396362,1.2034348249435425,0.2692072093486786,1.634864330291748,1.2447069883346558,5.499192237854004,0.49119487404823303,0.4961828589439392,0.9656165242195129,0.8318421840667725,0.2343362271785736,0.00039999998989515007,0.08627504855394363,0.6256337761878967,0.9813571572303772,1.6200090646743774,1.0278027057647705,0.8991952538490295,0.00731729855760932,1.3068593740463257,0.8499746918678284,0.2361520528793335,0.6597734689712524,0.17850717902183533,0.18150533735752106,0.8499479293823242,1.0380414724349976,0.17716698348522186,0.3473705053329468,0.0060556367971003056,1.444088101387024,0.01708574779331684,0.3931969702243805,1.1496254205703735,0.17703592777252197,1.0835239887237549,0.7264479398727417,0.6259828805923462,0.146433487534523,0.9118135571479797,1.1381266117095947,0.7233335375785828,0.10559950023889542,0.8266652822494507,1.46097731590271,0.30944693088531494,0.47969579696655273,0.856756329536438,0.051731713116168976,0.013136669993400574,0.553594172000885,1.2529290914535522,0.3659694492816925,0.21451297402381897,0.5083574056625366
0.6555217504501343,0.028210287913680077,0.9994495511054993,0.7204341292381287,0.3098911941051483,2.0249457359313965,1.2362538576126099,5.477478504180908,0.2382795512676239,0.4776795506477356,0.8633734583854675,0.9967706799507141,0.5073723793029785,0.00039999998989515007,0.024307165294885635,0.6453840136528015,0.6293755769729614,1.6932575702667236,0.6989971399307251,1.0376313924789429,0.2471415400505066,1.2312746047973633,0.919910192489624,0.32356375455856323,0.6874872446060181,0.4257367253303528,0.06437228620052338,0.8320959806442261,0.8458656072616577,0.05268126353621483,0.5074103474617004,0.0009496597340330482,1.6614784002304077,0.3218587338924408,0.6050945520401001,1.0213336944580078,0.6581013202667236,1.3046908378601074,0.8922981023788452,0.552530825138092,0.027658451348543167,1.4918570518493652,0.9147219657897949,1.017514944076538,0.2870141565799713,0.6963143944740295,1.2860305309295654,0.21225686371326447,0.3158874809741974,0.7167108654975891,0.2905360758304596,0.04968535527586937,0.6796655058860779,0.9463804960250854,0.12025165557861328,0.30080968141555786,0.316882461309433
0.6398749947547913,0.6635035872459412,1.1637450456619263,1.2217227220535278,0.2228062003850937,1.097400426864624,1.5363599061965942,5.808030605316162,0.07985863834619522,0.3041025996208191,0.1382232904434204,1.0258010625839233,0.2880029082298279,0.00039999998989515007,0.05811503902077675,0.0446120984852314,0.49165892601013184,1.623400330543518,1.2440822124481201,0.8890799880027771,0.1027815118432045,1.4903470277786255,1.0042697191238403,0.21969829499721527,0.10454482585191727,0.47375020384788513,0.5662080645561218,0.9477762579917908,1.0172383785247803,0.4830135703086853,0.37707293033599854,0.02583836205303669,0.9776903390884399,0.01051247026771307,0.6637815237045288,0.6301449537277222,0.33712583780288696,0.7849868535995483,0.45810261368751526,0.7337250113487244,0.5309818387031555,0.297689288854599,0.8669507503509521,0.09965122491121292,0.4969930946826935,0.6658222079277039,1.5040538311004639,0.7904768586158752,0.17835111916065216,0.9480124115943909,0.29917868971824646,0.0693429633975029,0.06380429118871689,1.3327387571334839,0.52250736951828,0.17813491821289062,1.087860107421875
0.5786867737770081,0.3389504849910736,1.351395606994629,1.072669506072998,0.12060104310512543,1.539933443069458,1.334836483001709,5.477989196777344,0.11639581620693207,0.5343796610832214,0.6996963024139404,0.8364474177360535,0.3152083158493042,0.00039999998989515007,0.1379135549068451,0.32782459259033203,0.5414425730705261,1.791203498840332,1.0461822748184204,1.0168712139129639,0.16287457942962646,1.2402263879776,1.118321418762207,0.09940390288829803,0.43191882967948914,0.48544445633888245,0.33294835686683655,1.0814214944839478,1.1195662021636963,0.1786567121744156,0.5294190049171448,0.056285616010427475,1.5590522289276123,0.028003238141536713,0.8643763065338135,1.0960396528244019,0.26217278838157654,0.9430417418479919,0.6441964507102966,0.9113627672195435,0.3744170665740967,0.8082811832427979,1.2868613004684448,0.38210856914520264,0.32007041573524475,0.7406969666481018,1.141215443611145,0.2879251539707184,0.45118820667266846,0.7219220995903015,0.07068295031785965,0.08520004153251648,0.6201168298721313,1.2037197351455688,0.37585872411727905,0.16045121848583221,0.5273183584213257
0.479827880859375,0.0719095841050148,0.9218209385871887,1.0058913230895996,0.5218082666397095,1.2519830465316772,1.1622127294540405,5.792457103729248,0.23353280127048492,0.31697607040405273,0.31341978907585144,1.3275152444839478,0.38872936367988586,0.00039999998989515007,0.21155396103858948,0.770566999912262,0.47845011949539185,1.5570820569992065,0.6929890513420105,1.0245466232299805,0.7038257718086243,1.5399030447006226,0.7257962226867676,0.378700315952301,0.5230518579483032,0.4549240171909332,0.21059393882751465,1.2957192659378052,0.7163742184638977,0.5785846710205078,0.8616798520088196,0.2236560583114624,0.705494225025177,0.5533727407455444,0.23603244125843048,0.38459184765815735,0.9959370493888855,0.8015885949134827,0.6691884994506836,0.5315457582473755,0.08239613473415375,0.9483795762062073,1.013566493988037,0.397746205329895,0.4799864590167999,0.503693699836731,1.5223298072814941,0.5283851027488708,0.22433266043663025,1.3701521158218384,0.2552974820137024,0.006211111322045326,0.5848717093467712,1.1844056844711304,0.12248951941728592,0.335116982460022,0.8060513734817505
0.4108889400959015,0.44767436385154724,0.7524252533912659,0.2661268413066864,0.45733845233917236,0.39667585492134094,2.714001417160034,5.459867000579834,0.09984874725341797,0.01809181459248066,0.8055852651596069,0.2879948318004608,0.29470664262771606,0.00039999998989515007,0.6455524563789368,1.1586006879806519,0.17849300801753998,1.0744661092758179,1.8537870645523071,0.9725330471992493,0.6774572730064392,1.0861505270004272,0.8052264451980591,0.45492324233055115,0.35101279616355896,0.8605385422706604,0.37636426091194153,1.1615017652511597,0.1997748166322708,1.4385968446731567,0.23893149197101593,0.2619154453277588,0.04377955570816994,0.1495978832244873,0.8023075461387634,0.13920681178569794,0.1897079050540924,0.8678342700004578,0.34152764081954956,0.313178151845932,0.17104759812355042,0.14394794404506683,0.9251837134361267,0.31873399019241333,0.5603509545326233,1.6568758487701416,0.7862775325775146,1.3229743242263794,0.17528636753559113,0.1842353343963623,0.7994136214256287,0.08116720616817474,0.7997722029685974,0.6262910962104797,0.4354843497276306,0.2130599319934845,1.1678370237350464
0.4695013761520386,0.6874416470527649,1.4533089399337769,1.169764757156372,0.158876433968544,1.3134596347808838,1.5014410018920898,5.5276713371276855,0.11672168225049973,0.634674608707428,0.41047370433807373,0.5713294744491577,0.1635315865278244,0.00039999998989515007,0.3812473714351654,0.19085736572742462,0.1788560450077057,1.628537893295288,1.3666304349899292,0.7785314917564392,0.3004212975502014,1.336761474609375,0.9947313666343689,0.1638544797897339,0.32466813921928406,0.5192115306854248,0.543736457824707,0.6532742381095886,1.2528479099273682,0.253848671913147,0.6930333971977234,0.12513479590415955,1.375321865081787,0.1649734228849411,0.7824945449829102,0.8363315463066101,0.3622756004333496,0.6719609498977661,0.37293967604637146,0.7091138958930969,0.7731349468231201,1.1023060083389282,1.3296597003936768,0.17039799690246582,0.7520207166671753,0.6458523869514465,1.2520523071289062,0.5808996558189392,0.3346763849258423,0.753008246421814,0.33705562353134155,0.08094890415668488,0.49132758378982544,1.0639265775680542,0.6829813718795776,0.07035013288259506,0.8840439915657043
0.5287579298019409,0.6670392751693726,1.2511333227157593,1.1967276334762573,0.28587403893470764,0.9740762710571289,1.4191852807998657,5.671107769012451,0.23734179139137268,0.31890586018562317,0.08474154770374298,1.1041104793548584,0.36168190836906433,0.00039999998989515007,0.2624143660068512,0.1188567653298378,0.43642452359199524,1.6414289474487305,0.9965896010398865,0.8937089443206787,0.19820187985897064,1.4513561725616455,1.0735136270523071,0.028745830059051514,0.2276661992073059,0.6211528182029724,0.558201789855957,1.0995076894760132,0.9866135716438293,0.26417475938796997,0.581145703792572,0.3653862178325653,0.9343308806419373,0.03178967908024788,0.5351231098175049,0.4344151020050049,1.0022578239440918,0.7241400480270386,0.6675994396209717,0.7734920382499695,0.705693781375885,0.6334254145622253,0.6951568126678467,0.2704703211784363,0.4881366789340973,0.5573987364768982,1.392174482345581,0.8429932594299316,0.18617184460163116,1.2298625707626343,0.20352689921855927,0.17238552868366241,0.0825100764632225,1.4347426891326904,0.6268517971038818,0.038383886218070984,0.9638384580612183
0.4525345265865326,0.6293820738792419,1.2267305850982666,1.071655035018921,0.4743693172931671,1.9616509675979614,0.983408510684967,5.2371087074279785,0.6922035813331604,0.4722552001476288,0.6352863311767578,0.49185213446617126,0.31238099932670593,0.00039999998989515007,0.44044050574302673,1.050595998764038,0.10765108466148376,1.6800466775894165,0.9029865264892578,0.7529023289680481,0.8562611937522888,1.5469646453857422,0.9157451391220093,0.33416756987571716,0.5227982997894287,0.6579665541648865,0.2592093050479889,0.8299723863601685,1.2269989252090454,0.36702993512153625,0.9345653057098389,0.0315873846411705,1.5020477771759033,0.6262903213500977,0.9714252948760986,1.0421162843704224,0.6610190272331238,0.4211994707584381,0.37148675322532654,0.9314450621604919,0.49302777647972107,1.2153880596160889,1.588786244392395,0.08991089463233948,0.6483151912689209,0.10256002098321915,1.097371220588684,0.20682238042354584,0.351621150970459,0.7561492323875427,0.30153176188468933,0.4553230106830597,0.3264085352420807,0.9167543053627014,0.19780686497688293,0.17911943793296814,0.7976735234260559
0.7571213245391846,0.4273320138454437,1.3174632787704468,1.2826672792434692,0.2583853006362915,1.5582201480865479,1.1427905559539795,5.395683765411377,0.007609323598444462,0.5154202580451965,0.7624555826187134,0.9008558392524719,0.16946260631084442,0.00039999998989515007,0.07531510293483734,0.4962174892425537,0.5043894648551941,1.8244491815567017,0.7472519278526306,0.9840564131736755,0.22650814056396484,1.2065753936767578,1.1797226667404175,0.1543782353401184,0.6232090592384338,0.3080412745475769,0.38734856247901917,0.940392255783081,1.159686803817749,0.08204895257949829,0.631052553653717,0.19484029710292816,1.5728834867477417,0.03779429569840431,0.869335412979126,1.2782185077667236,0.10477155447006226,1.016566276550293,0.8536146879196167,1.0607584714889526,0.4851981997489929,0.6013414859771729,1.0778591632843018,0.2959200441837311,0.02796226553618908,0.44222208857536316,1.1360535621643066,0.45131736993789673,0.35988086462020874,0.7410163879394531,0.034055184572935104,0.013998306356370449,0.24451246857643127,1.412482738494873,0.3036902844905853,0.1237473115324974,0.6772487759590149
0.5048980712890625,0.0228883046656847,1.3185876607894897,0.9042280316352844,0.050516240298748016,2.112112522125244,1.0044382810592651,5.502804279327393,0.4077741801738739,0.33866703510284424,0.16583490371704102,1.1042520999908447,0.28260207176208496,0.00039999998989515007,0.0853748694062233,0.05116470903158188,1.3521424531936646,1.3569718599319458,0.5491819977760315,0.9932199716567993,0.12588153779506683,0.8622032403945923,0.9165213704109192,0.5559344291687012,0.11878053098917007,0.6788157820701599,0.9526172876358032,0.8839054107666016,0.4055962562561035,0.13792018592357635,1.1054021120071411,0.24185869097709656,1.698559045791626,0.511699914932251,0.9794160723686218,0.694530725479126,0.21739831566810608,0.9148706197738647,0.26929256319999695,0.6132329702377319,0.3036354184150696,1.6250749826431274,0.6206204891204834,1.0665909051895142,0.6094396710395813,0.5397782325744629,0.9392061829566956,0.22470660507678986,0.20829322934150696,0.714799165725708,0.4735909104347229,0.558146059513092,1.3322643041610718,1.0132590532302856,0.5463760495185852,0.2054121345281601,0.22993451356887817
1.0525861978530884,0.8872127532958984,1.0884357690811157,0.7369416952133179,0.14288045465946198,1.035220980644226,1.4975876808166504,4.830901622772217,0.10138966888189316,0.8554664254188538,1.0133596658706665,0.991036593914032,0.3253001868724823,0.00039999998989515007,0.048921894282102585,0.3649909496307373,0.011161725968122482,2.225372314453125,1.436783790588379,0.8059977293014526,0.39172154664993286,1.3672394752502441,1.404427170753479,0.41385728120803833,0.40686386823654175,0.5058554410934448,0.021005138754844666,0.6452351808547974,1.2932966947555542,0.2899473011493683,0.41792139410972595,0.17507055401802063,1.6604158878326416,0.04251746088266373,0.7256180047988892,1.046526551246643,0.2138839215040207,1.0800998210906982,0.5502272844314575,1.0052850246429443,0.17130374908447266,0.3541266918182373,1.413701057434082,0.3991837799549103,0.17581707239151,0.9177346229553223,1.1178416013717651,0.012966579757630825,0.18051885068416595,0.17001087963581085,0.4964340925216675,0.15299725532531738,1.0930225849151611,1.0733819007873535,0.364173024892807,0.5805425047874451,0.4448187053203583
0.5691707730293274,0.623254120349884,1.4407925605773926,1.2219395637512207,0.03204388543963432,1.49830961227417,0.8516351580619812,4.817305564880371,0.07787613570690155,0.8387582898139954,1.1753164529800415,0.6323129534721375,0.07298408448696136,0.00039999998989515007,0.24331612884998322,0.6543048620223999,0.2098979502916336,2.094210386276245,0.6800830960273743,0.9100656509399414,0.36683744192123413,0.8355998992919922,1.102081298828125,0.11740503460168839,0.8158146142959595,0.30022838711738586,0.2141258865594864,0.730699896812439,1.3932418823242188,0.12575189769268036,0.8655039668083191,0.13556213676929474,1.9290391206741333,0.015478035435080528,1.0438323020935059,1.413100242614746,0.12343917042016983,1.0582685470581055,0.926155149936676,1.1743462085723877,0.6854625940322876,1.0585039854049683,1.4657565355300903,0.34654706716537476,0.3390619158744812,0.3825186491012573,0.8685831427574158,0.05500779673457146,0.5905821323394775,0.7804997563362122,0.001590134110301733,0.20644596219062805,0.705520749092102,1.1186800003051758,0.37165969610214233,0.13893310725688934,0.27177515625953674
0.6370476484298706,0.21956224739551544,1.2586852312088013,1.038568377494812,0.05107342451810837,1.1610301733016968,1.2458213567733765,5.335959434509277,0.311158686876297,0.49306219816207886,0.5650056004524231,1.2391937971115112,0.331239253282547,0.00039999998989515007,0.17676407098770142,0.011568218469619751,0.7379427552223206,2.076381206512451,1.0663833618164062,1.0379328727722168,0.14019116759300232,1.0174741744995117,1.1936283111572266,0.23420046269893646,0.32290858030319214,0.3041352927684784,0.4136737287044525,1.2921762466430664,1.0023845434188843,0.1725715845823288,0.37896013259887695,0.062011055648326874,1.4146735668182373,0.429182231426239,0.7090964317321777,1.0605649948120117,0.1743772029876709,1.0301826000213623,0.9531294107437134,0.7895958423614502,0.45914265513420105,0.394244521856308,1.0341708660125732,0.5146633386611938,0.3134745955467224,0.8926804065704346,1.2263644933700562,0.199329674243927,0.3195626437664032,0.91124427318573,0.2477148026227951,0.04017532244324684,0.5313023328781128,1.390988826751709,0.4694843590259552,0.3839368224143982,0.5869719982147217
0.8014711141586304,0.11750670522451401,1.235080361366272,1.1515179872512817,0.14129893481731415,2.212064266204834,0.8384162187576294,5.517836570739746,0.47547289729118347,0.33697131276130676,0.3156259059906006,1.2734642028808594,0.09357570856809616,0.00039999998989515007,0.02640804648399353,0.11433006823062897,1.3974899053573608,1.3917955160140991,0.14868853986263275,1.0404804944992065,0.2667643129825592,0.9718002676963806,1.0912742614746094,0.479413777589798,0.1738777607679367,0.42921391129493713,0.942831814289093,0.658431351184845,0.4925505518913269,0.15216463804244995,1.0534420013427734,0.18836183845996857,1.7138137817382812,0.5882032513618469,0.9813312888145447,0.8845053911209106,0.14847040176391602,1.1276315450668335,0.3888193964958191,0.903827965259552,0.4069036543369293,1.077575445175171,0.33876749873161316,0.8889069557189941,0.010322359390556812,0.17435184121131897,0.9486797451972961,0.4105762243270874,0.13210219144821167,0.49994921684265137,0.47250568866729736,0.7343612909317017,0.9476681351661682,1.2607121467590332,0.4840143620967865,0.11167532950639725,0.23014608025550842
0.49957743287086487,0.010819833725690842,1.3452068567276,1.0845232009887695,0.04539938271045685,0.7215330004692078,1.1676344871520996,5.4839887619018555,0.6857588291168213,0.3711515963077545,0.24677518010139465,1.5268316268920898,0.38110506534576416,0.00039999998989515007,0.23419058322906494,0.046142760664224625,1.0861963033676147,1.8575266599655151,0.9522634744644165,0.9155318737030029,0.32658806443214417,0.8252198696136475,0.8013268709182739,0.15537917613983154,0.13806937634944916,0.5925891995429993,0.4077724516391754,1.4749069213867188,0.8785147666931152,0.2653188705444336,0.08507410436868668,0.44982317090034485,0.9922934174537659,0.3222428262233734,0.7013837099075317,0.5205656290054321,0.847624659538269,1.0335090160369873,0.811251163482666,0.8281020522117615,0.5515683889389038,0.2586137056350708,1.134978175163269,0.18254977464675903,0.30325475335121155,0.883754312992096,1.4182034730911255,0.5495946407318115,0.8807540535926819,1.3307644128799438,0.44304415583610535,0.35966742038726807,0.534916341304779,1.0819395780563354,0.3186188042163849,0.3897230625152588,0.33978956937789917
0.3499813675880432,0.031950101256370544,1.544396162033081,1.0629830360412598,0.13577698171138763,1.7065331935882568,1.5697388648986816,5.780867576599121,0.2763902246952057,0.38252517580986023,0.41320595145225525,0.4061197340488434,0.2042158991098404,0.00039999998989515007,0.09233733266592026,0.6588091850280762,0.8254349827766418,1.476933240890503,1.0001299381256104,1.043614387512207,0.13483746349811554,0.909912109375,0.9279687404632568,0.5143311023712158,0.3289801776409149,0.36952224373817444,0.6307162642478943,1.0633677244186401,0.9519501328468323,0.33178529143333435,0.4753606915473938,0.5839453935623169,1.5639972686767578,0.008489907719194889,0.977495551109314,1.2403556108474731,0.2451147437095642,0.7085999846458435,0.3475595712661743,0.6161996722221375,0.23625433444976807,0.9845245480537415,1.167924165725708,0.4358487129211426,0.5719597935676575,0.689474880695343,0.887605607509613,0.6517285704612732,0.48750755190849304,0.5673832893371582,0.08847225457429886,0.22489430010318756,0.5492579936981201,1.134557843208313,0.39046022295951843,0.13845551013946533,0.5544003844261169
0.523082971572876,0.4214957058429718,1.4223902225494385,1.0859959125518799,0.26078280806541443,1.7265925407409668,1.1561524868011475,5.6242523193359375,0.09480293095111847,0.4867630898952484,0.7576919794082642,0.9263610243797302,0.37845563888549805,0.00039999998989515007,0.12429647892713547,0.27824825048446655,0.6844537854194641,1.6331636905670166,0.7774301767349243,0.912773847579956,0.26579606533050537,1.3103556632995605,0.8983210921287537,0.22559797763824463,0.4402945339679718,0.4995466470718384,0.27325719594955444,1.0200012922286987,1.2570463418960571,0.010733844712376595,0.5937230587005615,0.17770916223526,1.6484274864196777,0.1915373057126999,0.8537931442260742,0.915864109992981,0.3553723692893982,0.7158194184303284,0.5770605802536011,1.056450605392456,0.37773388624191284,0.6434672474861145,1.1482162475585938,0.3247545659542084,0.4159623086452484,0.516639232635498,1.2294793128967285,0.13642673194408417,0.7407220602035522,0.8939067125320435,0.11965499073266983,0.10206114500761032,0.31713855266571045,1.2275373935699463,0.3739626109600067,0.22708413004875183,0.33794233202934265
0.6766486763954163,0.0505715049803257,1.1873080730438232,0.9718121290206909,0.35363784432411194,1.8563987016677856,1.145638108253479,5.375617980957031,0.061263855546712875,0.4127421975135803,0.7138151526451111,1.0480424165725708,0.519341766834259,0.00039999998989515007,0.09568240493535995,0.615003228187561,0.4713336229324341,1.8851853609085083,0.939740002155304,1.0119913816452026,0.3564756512641907,1.4518495798110962,1.270043969154358,0.047497835010290146,0.4079780876636505,0.3670573830604553,0.2594146132469177,1.2704355716705322,1.0815719366073608,0.300320565700531,0.4640667736530304,0.11043351143598557,1.516998052597046,0.05909032002091408,0.7167806625366211,1.2744085788726807,0.23249202966690063,0.7782459855079651,0.7410378456115723,0.8714722990989685,0.216691792011261,0.5221611261367798,1.2831203937530518,0.3946863114833832,0.02066776156425476,0.5660839676856995,1.1457933187484741,0.07727756351232529,0.23039919137954712,0.5386363863945007,0.047054316848516464,0.23322857916355133,0.36604368686676025,1.3126068115234375,0.2166052907705307,0.30505281686782837,0.6661929488182068
0.3620206415653229,0.19740411639213562,1.5231969356536865,1.2464492321014404,0.23409304022789001,1.4762245416641235,1.3711014986038208,5.407434463500977,0.3590659201145172,0.548559308052063,0.8988903164863586,0.5360327959060669,0.19256360828876495,0.00039999998989515007,0.024412738159298897,0.6021311283111572,0.5634732246398926,1.7275540828704834,1.1569794416427612,0.9053492546081543,0.061085253953933716,1.0557538270950317,0.9886156320571899,0.27136728167533875,0.5329862833023071,0.20360404253005981,0.31598129868507385,0.9708081483840942,1.3790972232818604,0.01939193531870842,0.2697080969810486,0.18646331131458282,1.5756973028182983,0.2445400357246399,0.6857893466949463,1.304167628288269,0.031834423542022705,0.8090755939483643,0.6819412112236023,0.7864673733711243,0.6667541861534119,0.6322401165962219,1.3099918365478516,0.31974634528160095,0.40843039751052856,0.7664836645126343,1.1609179973602295,0.3991507589817047,0.5664397478103638,0.8003617525100708,0.3082306981086731,0.07409337908029556,0.2295980304479599,1.2583465576171875,0.46173426508903503,0.07615981996059418,0.6895237565040588
0.799345076084137,0.3920480012893677,1.2522530555725098,1.2646366357803345,0.23418569564819336,1.5733877420425415,1.096678614616394,5.277268886566162,0.022304866462945938,0.5001512765884399,0.809441089630127,0.9430000185966492,0.20446716248989105,0.00039999998989515007,0.20413528382778168,0.48428425192832947,0.4539772570133209,1.9448809623718262,0.8010252118110657,0.9788629412651062,0.21620728075504303,1.1526228189468384,1.2772040367126465,0.14224088191986084,0.6430015563964844,0.30358442664146423,0.4080221354961395,0.9825466871261597,1.1280525922775269,0.026063816621899605,0.6263141632080078,0.16056771576404572,1.6059445142745972,0.14161498844623566,0.840689480304718,1.3524560928344727,0.12189972400665283,1.0611685514450073,0.9246295094490051,1.0495595932006836,0.4943729043006897,0.5964247584342957,1.044175624847412,0.3908664882183075,0.0007032951689325273,0.49955064058303833,1.0908061265945435,0.3749449849128723,0.21064957976341248,0.7387868762016296,0.05233713984489441,0.02515576407313347,0.29110971093177795,1.4480019807815552,0.2845517694950104,0.05907271057367325,0.6957782506942749
0.6607030630111694,0.3220221698284149,1.3838595151901245,0.8791607618331909,0.14652207493782043,1.5525344610214233,1.271163821220398,5.483686923980713,0.17476977407932281,0.575358510017395,0.8043930530548096,0.8456608057022095,0.4090753197669983,0.00039999998989515007,0.04103509336709976,0.3934718668460846,0.5028531551361084,1.8116254806518555,0.8349012732505798,0.9478992223739624,0.2236071527004242,1.2665636539459229,0.9989203214645386,0.340866357088089,0.6637908220291138,0.42897823452949524,0.1167122945189476,1.0759550333023071,1.1942946910858154,0.1864202916622162,0.6498715877532959,0.10474001616239548,1.7162127494812012,0.020826516672968864,0.8690068125724792,1.1902016401290894,0.08182155340909958,0.7115365266799927,0.7540786266326904,0.929067850112915,0.30797719955444336,0.7646487355232239,1.3150506019592285,0.42793339490890503,0.38599541783332825,0.5769290924072266,1.156976342201233,0.11373365670442581,0.6353188753128052,0.665536642074585,0.08029913902282715,0.00859471783041954,0.46964895725250244,1.240614891052246,0.22437769174575806,0.008758178912103176,0.5554461479187012
0.49804404377937317,0.1884869933128357,1.1784437894821167,1.0228723287582397,0.19238153100013733,1.2271479368209839,1.4677823781967163,5.315901279449463,0.35660862922668457,0.5655943155288696,0.899311363697052,0.7228273153305054,0.39951586723327637,0.00039999998989515007,0.008916016668081284,0.3942030370235443,0.46425917744636536,1.9956212043762207,1.1016347408294678,1.0639638900756836,0.18060734868049622,1.1401870250701904,1.1087220907211304,0.2062343955039978,0.6442398428916931,0.2062697857618332,0.0960724800825119,1.1872408390045166,1.2165051698684692,0.12883803248405457,0.10449395328760147,0.03172275796532631,1.495090126991272,0.3328704833984375,0.6871786117553711,1.2757467031478882,0.25671321153640747,1.1690268516540527,1.0130842924118042,0.8119884729385376,0.5277251601219177,0.5635257959365845,1.1916491985321045,0.4244384169578552,0.15528596937656403,0.9975641965866089,1.036867618560791,0.38228678703308105,0.46308988332748413,0.71360182762146,0.2560376822948456,0.1819715052843094,0.3785555362701416,1.2906655073165894,0.3066627085208893,0.3212152123451233,0.5628260374069214
0.6894930601119995,0.4518750011920929,1.2863500118255615,1.0360872745513916,0.16042642295360565,1.5852054357528687,1.3164665699005127,5.338529586791992,0.1802660971879959,0.591187596321106,0.8455677032470703,0.6394425630569458,0.2535054087638855,0.00039999998989515007,0.09290862828493118,0.5636967420578003,0.2540249228477478,1.9235455989837646,1.0177053213119507,0.9805196523666382,0.33993905782699585,1.2509320974349976,1.169360876083374,0.02139807492494583,0.6226211786270142,0.4552391767501831,0.22121214866638184,0.9503958821296692,1.1653432846069336,0.2601361572742462,0.6344120502471924,0.04534872621297836,1.6634862422943115,0.07165315747261047,0.931412935256958,1.3162754774093628,0.10444319248199463,0.9188125729560852,0.6555582284927368,0.9431217312812805,0.3346107006072998,0.8964705467224121,1.3983241319656372,0.36400800943374634,0.29860615730285645,0.5875032544136047,1.0390371084213257,0.28091078996658325,0.37202516198158264,0.5831067562103271,0.033396024256944656,0.165448397397995,0.6343257427215576,1.1733684539794922,0.22321078181266785,0.018495788797736168,0.6397764682769775
0.6359758973121643,0.3126249611377716,1.2578788995742798,1.0692869424819946,0.1189095675945282,1.4070262908935547,1.3437548875808716,5.611143589019775,0.17846845090389252,0.32479628920555115,0.4168996810913086,1.167449951171875,0.49255913496017456,0.00039999998989515007,0.05304408445954323,0.12952715158462524,0.7656883597373962,1.7233866453170776,1.0217798948287964,1.0075105428695679,0.010387059301137924,1.2391037940979004,1.1653001308441162,0.16927488148212433,0.23524819314479828,0.6030918955802917,0.5003995895385742,1.2771902084350586,0.9594029188156128,0.12571723759174347,0.42880991101264954,0.21652615070343018,1.3839257955551147,0.11825679242610931,0.8076307773590088,0.8287349939346313,0.5013091564178467,0.9236498475074768,0.6547913551330566,0.9524208903312683,0.3892560303211212,0.4678032100200653,0.9069128036499023,0.4057040214538574,0.2740281820297241,0.8368877172470093,1.2378510236740112,0.3521752953529358,0.362844854593277,0.9024946689605713,0.08485326170921326,0.0761333629488945,0.42254945635795593,1.3548513650894165,0.4208308458328247,0.33162668347358704,0.539684534072876
0.6873815059661865,0.49852320551872253,1.222447395324707,1.257413387298584,0.3096593916416168,1.5390071868896484,1.2972755432128906,5.318006992340088,0.5131057500839233,0.4399462640285492,0.5172215700149536,0.5244893431663513,0.20308716595172882,0.00039999998989515007,0.21372684836387634,0.7493778467178345,0.0718674287199974,1.7894788980484009,1.2471075057983398,0.7418407797813416,0.3248743414878845,1.2754548788070679,1.1223499774932861,0.05707671120762825,0.6997743248939514,0.4219716191291809,0.5897336006164551,0.7537948489189148,1.0483958721160889,0.15920017659664154,0.8121784329414368,0.35306575894355774,1.4028129577636719,0.05910573527216911,0.7455351948738098,1.269227147102356,0.29352685809135437,0.7426562309265137,0.6700698733329773,0.6758020520210266,0.7094172239303589,1.1899927854537964,1.1761448383331299,0.39194509387016296,0.5121175050735474,0.5033702254295349,1.1555393934249878,0.6644035577774048,0.1184084564447403,0.8124849200248718,0.14084826409816742,0.15680690109729767,0.25569164752960205,1.2943477630615234,0.3240143656730652,0.3985063433647156,1.2387125492095947
0.27703335881233215,0.5531598329544067,1.4171037673950195,1.5707334280014038,0.195245623588562,1.0027810335159302,1.2483632564544678,5.602484703063965,0.5644037127494812,0.13685478270053864,0.20153716206550598,1.1008681058883667,0.22035671770572662,0.00039999998989515007,0.6114310026168823,0.012079281732439995,0.8490564823150635,1.5315442085266113,1.0287591218948364,0.8065941333770752,0.1694602370262146,0.8324692845344543,0.9173797369003296,0.2384413182735443,0.3764972388744354,0.7542535066604614,1.1111308336257935,1.159238576889038,0.9614397883415222,0.37135952711105347,0.1759965568780899,0.5115741491317749,0.8348239660263062,0.10759419202804565,0.95601487159729,0.3420937657356262,0.9122337102890015,0.6851899027824402,0.2440568506717682,1.1080567836761475,0.9580008387565613,0.00806522648781538,0.793320894241333,0.3514915108680725,0.49927809834480286,0.5330849885940552,1.1587207317352295,1.0888994932174683,0.5384787917137146,1.3154609203338623,0.5463156700134277,0.1058151125907898,0.07265836745500565,1.1145586967468262,0.6917661428451538,0.20176325738430023,0.5179451107978821
0.6768832206726074,0.17046411335468292,1.259554386138916,1.095909833908081,0.11279337108135223,1.538325548171997,1.266459345817566,5.409326076507568,0.039431799203157425,0.5489392876625061,0.6171835064888,0.8167846202850342,0.27070218324661255,0.00039999998989515007,0.06943897157907486,0.5325700640678406,0.5346572399139404,1.8655130863189697,1.1141786575317383,0.931243360042572,0.20206372439861298,1.1549571752548218,1.0004693269729614,0.09550578147172928,0.6953468322753906,0.4318862855434418,0.43152499198913574,1.0305808782577515,0.8426861763000488,0.04890762269496918,0.7811711430549622,0.1297389566898346,1.4533482789993286,0.06493977457284927,0.7134047150611877,1.1103402376174927,0.46087008714675903,1.0366384983062744,0.7907128930091858,0.7057651281356812,0.3804813623428345,1.2560622692108154,1.2536191940307617,0.5596469044685364,0.31574442982673645,0.7723992466926575,1.142152190208435,0.2703757584095001,0.3583095371723175,0.9508119821548462,0.06715470552444458,0.1325637251138687,0.8052407503128052,1.2104569673538208,0.31067773699760437,0.01436630729585886,0.5998812317848206
0.4897997975349426,0.5757644772529602,1.378620982170105,1.0802803039550781,0.13116280734539032,1.6331888437271118,1.0336588621139526,5.201064109802246,0.1008952334523201,0.6827972531318665,1.0265452861785889,0.5605984330177307,0.14802449941635132,0.00039999998989515007,0.36645662784576416,0.6945739984512329,0.3017515242099762,1.8763049840927124,0.7873026728630066,0.9072147607803345,0.4359557330608368,1.1323233842849731,0.8929041624069214,0.041790660470724106,0.7433375716209412,0.523442804813385,0.09586156904697418,0.8433348536491394,1.2610211372375488,0.04708950221538544,0.8085409998893738,0.08105865120887756,1.7774851322174072,0.2778369188308716,1.0121607780456543,1.1861205101013184,0.3975127041339874,0.886186957359314,0.6614577174186707,1.0709389448165894,0.41625282168388367,1.20378839969635,1.5387998819351196,0.370116651058197,0.5106454491615295,0.44771867990493774,1.0374720096588135,0.07294363528490067,0.7154882550239563,0.8725177645683289,0.18631266057491302,0.24019698798656464,0.7458712458610535,0.9964621663093567,0.2426804155111313,0.06089455634355545,0.3063994348049164
0.6119817495346069,0.3743663430213928,1.337044358253479,1.0893516540527344,0.1614188849925995,1.5561846494674683,1.2769980430603027,5.4442949295043945,0.0645703449845314,0.5462209582328796,0.7806339859962463,0.8174517750740051,0.3016878664493561,0.00039999998989515007,0.08579429239034653,0.36899808049201965,0.48437973856925964,1.8474774360656738,0.9840481281280518,0.9918130040168762,0.20627641677856445,1.2274894714355469,1.1244027614593506,0.10511627048254013,0.5136091113090515,0.44696924090385437,0.2895808815956116,1.0377944707870483,1.1626063585281372,0.15442702174186707,0.5511225461959839,0.06833948194980621,1.60403311252594,0.015846775844693184,0.859377920627594,1.1719895601272583,0.24398449063301086,0.9389841556549072,0.6908949017524719,0.961105227470398,0.3970930278301239,0.77852863073349,1.2815088033676147,0.39071014523506165,0.28567570447921753,0.6738818883895874,1.1288453340530396,0.24637608230113983,0.45797964930534363,0.7447143197059631,0.047028373926877975,0.09390319138765335,0.5519155263900757,1.2358053922653198,0.33809930086135864,0.12690258026123047,0.5359199643135071
0.5411749482154846,0.4759621024131775,1.4081213474273682,1.0748143196105957,0.2011980563402176,1.7071642875671387,1.1219457387924194,5.457093238830566,0.1315191090106964,0.5065704584121704,0.8270192742347717,0.9743945002555847,0.3951004147529602,0.00039999998989515007,0.0766768753528595,0.14670918881893158,0.6569327116012573,1.7111390829086304,0.7997725605964661,0.9338262677192688,0.24373969435691833,1.24419367313385,1.0332987308502197,0.2395188808441162,0.41004472970962524,0.5317854881286621,0.29695069789886475,1.038279414176941,1.2950012683868408,0.033600252121686935,0.580396831035614,0.19965286552906036,1.7488127946853638,0.11706466972827911,0.9005598425865173,0.9828823804855347,0.331540048122406,0.7769185900688171,0.6228846907615662,1.1140416860580444,0.41139698028564453,0.6197642087936401,1.1231907606124878,0.4020618200302124,0.4294746518135071,0.5702344179153442,1.1853820085525513,0.07349217683076859,0.6286928057670593,0.853671133518219,0.11040589213371277,0.08445901423692703,0.396999329328537,1.2605736255645752,0.4010215103626251,0.2887253761291504,0.3003697693347931
0.668670117855072,0.1800297051668167,1.2045328617095947,1.0847936868667603,0.40200766921043396,1.9509594440460205,1.188123345375061,5.259755611419678,0.3084520697593689,0.4079905152320862,0.6362020969390869,0.7515554428100586,0.38536226749420166,0.00039999998989515007,0.0009186990791931748,0.9115985631942749,0.1749780923128128,1.8970321416854858,0.9991652369499207,1.016799807548523,0.47405117750167847,1.3370532989501953,1.3840563297271729,0.07756011933088303,0.4523533880710602,0.3944898247718811,0.4505244493484497,1.1211943626403809,1.0605520009994507,0.4373730719089508,0.6368471384048462,0.0664886012673378,1.5294095277786255,0.07331778854131699,0.8440245985984802,1.4446476697921753,0.16848644614219666,0.7376338839530945,0.6801564693450928,0.8859789371490479,0.3844756782054901,0.7627084255218506,1.3476918935775757,0.2669747471809387,0.09530428051948547,0.4256521761417389,0.9673165082931519,0.29486140608787537,0.022361189126968384,0.4508342742919922,0.002371755661442876,0.28729766607284546,0.3097265660762787,1.2588297128677368,0.21011903882026672,0.00296414946205914,0.8749566674232483
0.753451943397522,0.6394306421279907,1.227136492729187,1.28668212890625,0.5732259750366211,1.9701499938964844,0.8960840702056885,5.180414199829102,0.44057443737983704,0.3374251425266266,0.5041221976280212,1.1011734008789062,0.4249984920024872,0.00039999998989515007,0.19901420176029205,0.37323489785194397,0.10419178754091263,1.7587451934814453,0.8053994178771973,0.7854183316230774,0.6529573202133179,1.4703173637390137,1.4433600902557373,0.10686612874269485,0.2362728714942932,0.4405663013458252,0.6756199598312378,0.9362768530845642,1.3790754079818726,0.16590076684951782,0.7170180082321167,0.2680242359638214,1.5705649852752686,0.12475647777318954,0.8660615086555481,1.1287062168121338,0.27299001812934875,0.49913451075553894,0.6357085704803467,1.1448887586593628,0.756030261516571,0.21228256821632385,0.9126671552658081,0.07129071652889252,0.21290184557437897,0.08361288160085678,1.1098744869232178,0.3019321858882904,0.08728557825088501,0.6084709763526917,0.010562033392488956,0.031669676303863525,0.30242210626602173,1.4910486936569214,0.43909960985183716,0.0851806029677391,0.9574046730995178
0.9902793765068054,1.049985647201538,1.130339503288269,0.4217936098575592,0.1956312507390976,0.9614630937576294,1.1639429330825806,4.791727542877197,0.6471114754676819,0.898879885673523,1.2084345817565918,1.007267713546753,0.45127370953559875,0.00039999998989515007,0.10583530366420746,0.2741614580154419,0.018063921481370926,2.1337389945983887,0.8683245778083801,0.6934572458267212,0.5380160808563232,1.4001957178115845,0.9399645924568176,0.05065029487013817,0.9331799149513245,0.6985893845558167,0.49880295991897583,0.6867058277130127,1.3318361043930054,0.16083984076976776,0.8511048555374146,0.18812492489814758,1.886332392692566,0.20999281108379364,0.8710985779762268,0.8986732363700867,0.1379159539937973,0.776096761226654,0.7604181170463562,1.187726616859436,0.10941363871097565,0.7463918924331665,1.5715560913085938,0.4945438802242279,0.517681896686554,0.6220634579658508,1.2543084621429443,0.3886522650718689,0.785940945148468,0.5137882828712463,0.12493778020143509,0.1495457887649536,1.044764518737793,0.9408237338066101,0.04690627008676529,0.20686735212802887,0.2618253827095032
0.563568115234375,0.2940319776535034,1.3673655986785889,1.1487071514129639,0.16910292208194733,1.4756611585617065,1.3027235269546509,5.470276355743408,0.2322087436914444,0.5230010151863098,0.7450574040412903,0.8526126742362976,0.29590675234794617,0.00039999998989515007,0.06496497988700867,0.294403612613678,0.605240523815155,1.7917028665542603,1.046937108039856,0.9846513867378235,0.09260909259319305,1.199177861213684,1.0956029891967773,0.14152924716472626,0.4836145341396332,0.40188470482826233,0.3315403163433075,1.051320195198059,1.1549314260482788,0.09393876045942307,0.45816516876220703,0.08431100100278854,1.5173486471176147,0.07265742868185043,0.7593910694122314,1.12063729763031,0.2940826416015625,0.9856808185577393,0.7171109318733215,0.8971199989318848,0.4593082666397095,0.7382805347442627,1.2286051511764526,0.41156989336013794,0.2634938657283783,0.7683435678482056,1.2024403810501099,0.30317214131355286,0.47442641854286194,0.8335923552513123,0.13811162114143372,0.08413885533809662,0.5109880566596985,1.2693815231323242,0.40986186265945435,0.17446072399616241,0.5539687275886536
0.7917290329933167,0.10691073536872864,1.30808687210083,0.9523937106132507,0.3344360589981079,1.882229208946228,0.9183856248855591,4.891571998596191,0.2064926028251648,0.6301118731498718,0.9272648692131042,1.060045838356018,0.3826693296432495,0.00039999998989515007,0.28289204835891724,0.7152654528617859,0.2542377710342407,2.046764612197876,0.7181548476219177,0.968426525592804,0.4639529287815094,1.2299420833587646,1.4459139108657837,0.2535398602485657,0.5977004766464233,0.12671321630477905,0.24204574525356293,1.1222376823425293,1.3203301429748535,0.2425825595855713,0.6484186053276062,0.01967700384557247,1.837764859199524,0.08874446898698807,0.7985973358154297,1.6171411275863647,0.2473394274711609,0.6974126100540161,0.9925431609153748,0.954820454120636,0.4055984914302826,0.4282127022743225,1.3460782766342163,0.36121031641960144,0.028896495699882507,0.2995021939277649,0.9552131295204163,0.09445814788341522,0.21631599962711334,0.28811946511268616,0.002295525511726737,0.18153813481330872,0.27868321537971497,1.4133788347244263,0.2319020926952362,0.10351887345314026,0.6720417141914368
0.4322734773159027,0.07645586878061295,1.3180413246154785,1.211787462234497,0.25864675641059875,1.5065289735794067,1.1489487886428833,5.058598518371582,0.2013285756111145,0.638604998588562,1.1093472242355347,0.596047043800354,0.1635248363018036,0.00039999998989515007,0.09571193903684616,0.9246933460235596,0.5278735160827637,1.8768998384475708,1.2646136283874512,0.7639891505241394,0.13519933819770813,1.173467993736267,0.8629328012466431,0.10478328913450241,0.8828575611114502,0.1661866009235382,0.15212483704090118,0.7996142506599426,1.1383055448532104,0.256122887134552,0.5054935812950134,0.21542589366436005,1.4687399864196777,0.16231893002986908,0.3013071119785309,1.2816084623336792,0.4595414102077484,1.0094778537750244,0.8891003727912903,0.492843359708786,0.4972103238105774,1.343858003616333,1.3889540433883667,0.7983593344688416,0.39190465211868286,0.838085412979126,1.3456007242202759,0.1893671452999115,0.3346504867076874,1.0703076124191284,0.1691647619009018,0.30790945887565613,0.6638753414154053,1.1892966032028198,0.3840649724006653,0.09365040808916092,0.6913851499557495
0.6134804487228394,0.380122572183609,1.339101791381836,1.1021710634231567,0.17223013937473297,1.5568825006484985,1.2759841680526733,5.405638217926025,0.07002010941505432,0.5480673909187317,0.7883753776550293,0.8168208599090576,0.30580979585647583,0.00039999998989515007,0.0797768086194992,0.35654783248901367,0.4876740574836731,1.8339509963989258,0.9897685647010803,0.9945296049118042,0.21194355189800262,1.2311123609542847,1.1342023611068726,0.10901828855276108,0.5191328525543213,0.44879278540611267,0.29908353090286255,1.0406969785690308,1.1706496477127075,0.15408296883106232,0.5494319200515747,0.07865776121616364,1.6087863445281982,0.009860626421868801,0.8565996289253235,1.1810178756713867,0.2510210871696472,0.9524118304252625,0.6960819363594055,0.9664024710655212,0.40844351053237915,0.779508113861084,1.2867919206619263,0.386744886636734,0.2822573781013489,0.6782663464546204,1.1280429363250732,0.24888549745082855,0.4562702775001526,0.7578292489051819,0.04690885916352272,0.10485360026359558,0.5534099340438843,1.2494243383407593,0.3340150713920593,0.1314903199672699,0.5370056629180908
0.4881034791469574,0.17545324563980103,1.3864327669143677,1.083063006401062,0.24324089288711548,1.480238437652588,1.378847599029541,5.325024127960205,0.13377094268798828,0.5306476950645447,1.0066760778427124,0.5979863405227661,0.33173298835754395,0.00039999998989515007,0.10201828926801682,0.6397992968559265,0.5266861915588379,1.7624294757843018,1.151025414466858,0.9116803407669067,0.028396794572472572,1.2241291999816895,0.9629772305488586,0.25134849548339844,0.7001222372055054,0.27591124176979065,0.09736151248216629,1.0575463771820068,1.2912797927856445,0.07621549814939499,0.2970840632915497,0.1740841418504715,1.5791531801223755,0.20131726562976837,0.6408035755157471,1.3368339538574219,0.115110844373703,0.8428834080696106,0.7556536197662354,0.7911311388015747,0.46715590357780457,0.7097256779670715,1.4051251411437988,0.44022008776664734,0.33655065298080444,0.8251528739929199,1.2271125316619873,0.24157942831516266,0.5677878856658936,0.8009814023971558,0.14718952775001526,0.1811893731355667,0.3401898741722107,1.2656402587890625,0.251141756772995,0.09851644933223724,0.722324788570404
0.5456696152687073,0.024527182802557945,1.2276604175567627,1.039711833000183,0.4221804738044739,0.9897828698158264,1.1138529777526855,5.212464809417725,0.21160396933555603,0.6078460216522217,1.0123720169067383,1.1090987920761108,0.40106505155563354,0.00039999998989515007,0.2067268341779709,1.2555878162384033,0.6733994483947754,1.9870027303695679,1.0337949991226196,0.5941134095191956,0.27400457859039307,1.3251662254333496,0.5728091597557068,0.06207059696316719,0.9281328320503235,0.16883526742458344,0.14528580009937286,0.9949443340301514,1.134772777557373,0.19669964909553528,0.36208078265190125,0.32195761799812317,1.0829429626464844,0.1316337138414383,0.09954582154750824,1.03146493434906,0.40911605954170227,0.5849838256835938,0.9449211359024048,0.28519585728645325,0.11494702100753784,0.7978350520133972,1.3567332029342651,0.846605122089386,0.6079373359680176,0.5371017456054688,1.798338532447815,0.48505523800849915,0.4584779441356659,1.3548736572265625,0.2179345339536667,0.2895248234272003,0.5055176019668579,1.2328214645385742,0.009216110222041607,0.12171001732349396,0.8884727358818054
1.115453839302063,0.7000648379325867,0.7230545282363892,0.44265180826187134,0.09010481834411621,1.2858067750930786,1.5182771682739258,4.668264389038086,0.9505122900009155,0.608186662197113,0.9304056167602539,0.7391793727874756,0.6323930621147156,0.00039999998989515007,0.42642107605934143,0.09828147292137146,0.4024322032928467,2.121026039123535,1.599434494972229,0.6961402893066406,0.5646041631698608,1.7558808326721191,1.3863048553466797,0.39688628911972046,0.8329782485961914,0.5337388515472412,0.17859044671058655,0.7338676452636719,1.0199527740478516,0.4181164801120758,0.6241077184677124,0.29953521490097046,1.5233771800994873,0.030597981065511703,0.5023488998413086,1.2383087873458862,0.02866309881210327,0.8209574818611145,0.7026920914649963,0.6387384533882141,0.038621935993433,0.9426641464233398,1.4365999698638916,0.702931821346283,0.2779647409915924,0.9161555171012878,1.1746968030929565,0.02813955582678318,0.38846394419670105,0.10886203497648239,0.10000085830688477,0.3101769685745239,0.9042781591415405,1.1405937671661377,0.008444709703326225,0.2433008998632431,1.118931770324707
0.6261129975318909,0.32892775535583496,1.3360213041305542,1.1114203929901123,0.0947781354188919,1.387556791305542,1.277496337890625,5.388132095336914,0.004726618994027376,0.506336510181427,0.6784478425979614,0.8592309951782227,0.31950482726097107,0.00039999998989515007,0.11580981314182281,0.2902377247810364,0.5761089324951172,1.8016072511672974,1.034666895866394,0.9406657218933105,0.04986586049199104,1.1199520826339722,1.0519078969955444,0.2571430802345276,0.6554776430130005,0.48066937923431396,0.381918340921402,1.0699448585510254,1.0344865322113037,0.017737895250320435,0.6503798961639404,0.0713973417878151,1.5447434186935425,0.1743651181459427,0.7954344153404236,1.120866298675537,0.3982553482055664,0.9759992957115173,0.8357873558998108,0.8540379405021667,0.5231248140335083,0.9903780817985535,1.1632061004638672,0.5341314077377319,0.4003811478614807,0.7863054275512695,1.2025359869003296,0.3252306580543518,0.3993210196495056,0.9740528464317322,0.050546325743198395,0.054526809602975845,0.5546370148658752,1.3071104288101196,0.33722254633903503,0.031112587079405785,0.6609234809875488
0.462516725063324,0.5490835905075073,1.4153212308883667,1.0790934562683105,0.1265200972557068,1.5990394353866577,1.0182745456695557,5.170201301574707,0.04987256973981857,0.6865548491477966,1.0309151411056519,0.5739129185676575,0.15938495099544525,0.00039999998989515007,0.37972134351730347,0.6509860754013062,0.35291799902915955,1.8403944969177246,0.7697385549545288,0.9144377112388611,0.39998340606689453,1.104867696762085,0.869312584400177,0.09434979408979416,0.7565397024154663,0.5241456031799316,0.07496603578329086,0.88005530834198,1.281227946281433,0.03666125610470772,0.7922648787498474,0.09777246415615082,1.7718976736068726,0.24102964997291565,1.005638837814331,1.1704744100570679,0.42829272150993347,0.8967878222465515,0.6962846517562866,1.0803745985031128,0.45227664709091187,1.18968665599823,1.5603972673416138,0.36263149976730347,0.5179018378257751,0.47019726037979126,1.0574183464050293,0.04576990008354187,0.7957890629768372,0.9273566603660583,0.18151825666427612,0.2554469108581543,0.7385945916175842,1.0019078254699707,0.24936892092227936,0.05411208048462868,0.2751522660255432
0.8032652139663696,0.08951929956674576,1.4065613746643066,0.6865164041519165,0.32209062576293945,1.7991114854812622,1.0841997861862183,5.097175121307373,0.5004304647445679,0.6551101207733154,0.6879411339759827,1.0791096687316895,0.569663405418396,0.00039999998989515007,0.2911791503429413,0.5371667146682739,0.20511047542095184,1.90206778049469,0.7660185694694519,0.8978526592254639,0.5212982296943665,1.3508341312408447,1.2400046586990356,0.38036930561065674,0.5929138660430908,0.2049347311258316,0.17998921871185303,1.2260617017745972,1.3345471620559692,0.4337468147277832,0.7548565864562988,0.22990678250789642,1.7869571447372437,0.0759902149438858,0.793123185634613,1.3818144798278809,0.25005558133125305,0.3338545560836792,0.9040486216545105,0.8793209791183472,0.4393501281738281,0.400582492351532,1.455094814300537,0.2020394653081894,0.20936466753482819,0.2961157560348511,0.975589394569397,0.22412008047103882,0.5279965996742249,0.295845627784729,0.01991073042154312,0.065172478556633,0.17813058197498322,1.3657010793685913,0.2205246090888977,0.09262099117040634,0.7140679359436035
0.5523175001144409,0.44976165890693665,1.4096782207489014,1.0514057874679565,0.201352059841156,1.6836985349655151,1.1402485370635986,5.428028106689453,0.08889418840408325,0.4957316815853119,0.8081154823303223,0.9934626221656799,0.4318748414516449,0.00039999998989515007,0.016508247703313828,0.11890742927789688,0.6685348749160767,1.6846157312393188,0.8245536684989929,0.9374344348907471,0.21734775602817535,1.2489397525787354,1.0373610258102417,0.28385841846466064,0.4382060766220093,0.5428899526596069,0.2943204343318939,1.0746127367019653,1.2774713039398193,0.020632894709706306,0.5846656560897827,0.1538388878107071,1.7408698797225952,0.0744345635175705,0.8819316625595093,0.9895472526550293,0.3390143811702728,0.7725427746772766,0.6554009318351746,1.0830947160720825,0.4137372672557831,0.6407442092895508,1.1275079250335693,0.43243345618247986,0.44367972016334534,0.6061480641365051,1.2072303295135498,0.06609153002500534,0.6231456398963928,0.8754608631134033,0.11714544147253036,0.0808100774884224,0.3982032835483551,1.2830244302749634,0.3789321780204773,0.27093541622161865,0.34227654337882996
0.6535176038742065,0.3542727530002594,1.222731113433838,1.0204614400863647,0.2667582333087921,1.6121288537979126,1.3099538087844849,5.273890018463135,0.4144267439842224,0.4965568780899048,0.7873503565788269,0.5456492900848389,0.32925087213516235,0.00039999998989515007,0.016110828146338463,0.8396046161651611,0.15132848918437958,1.856777310371399,1.0695312023162842,0.9533727169036865,0.37816187739372253,1.3300273418426514,1.1086068153381348,0.013627751730382442,0.7263342142105103,0.48250001668930054,0.18121744692325592,1.0553950071334839,1.0985443592071533,0.37381958961486816,0.6376814842224121,0.16757656633853912,1.5401681661605835,0.056490350514650345,0.8899861574172974,1.376220703125,0.24561983346939087,0.8269076347351074,0.6926721334457397,0.8581341505050659,0.36536359786987305,1.0067132711410522,1.509430170059204,0.3427254259586334,0.3203655779361725,0.5714890956878662,1.0622957944869995,0.3173607587814331,0.30976250767707825,0.6670696139335632,0.04324314370751381,0.33151090145111084,0.5080916881561279,1.1709389686584473,0.08561135083436966,0.16476912796497345,0.8649085164070129
0.6190232634544373,0.41571131348609924,1.3656425476074219,1.0979095697402954,0.16007542610168457,1.5074585676193237,1.2749356031417847,5.385715484619141,0.06026750057935715,0.554449200630188,0.7973783016204834,0.8273014426231384,0.3060343563556671,0.00039999998989515007,0.06270644068717957,0.300159215927124,0.48527514934539795,1.8210684061050415,0.9595869779586792,0.9948452711105347,0.1881253570318222,1.2081952095031738,1.13529372215271,0.14934873580932617,0.5264959931373596,0.4527199864387512,0.2859610319137573,1.0575045347213745,1.216599464416504,0.15884661674499512,0.5379453301429749,0.09377578645944595,1.6312991380691528,0.03259184956550598,0.891974925994873,1.1782687902450562,0.22594469785690308,0.9338580369949341,0.7217336893081665,1.0204111337661743,0.4585191011428833,0.7118861079216003,1.2748774290084839,0.3524760603904724,0.28994348645210266,0.670737624168396,1.1195977926254272,0.24881239235401154,0.5078859329223633,0.7637841701507568,0.060736630111932755,0.07712974399328232,0.49563202261924744,1.2759720087051392,0.3354867100715637,0.1104368343949318,0.5314521193504333
0.49569353461265564,0.16102711856365204,1.389731526374817,1.0520415306091309,0.23599547147750854,1.4635710716247559,1.3788199424743652,5.321985721588135,0.09103391319513321,0.516491711139679,0.9782045483589172,0.639641523361206,0.3699324429035187,0.00039999998989515007,0.15434430539608002,0.5934351682662964,0.5448533296585083,1.7385613918304443,1.1529967784881592,0.9104925394058228,0.0045688156969845295,1.224655270576477,0.9613428115844727,0.2951590120792389,0.7097432613372803,0.29707446694374084,0.09642085433006287,1.091282606124878,1.2770516872406006,0.07592274993658066,0.3122524321079254,0.20726990699768066,1.5783674716949463,0.22748291492462158,0.6343833804130554,1.3154017925262451,0.1282781958580017,0.820307195186615,0.7804093360900879,0.7751609086990356,0.4657593369483948,0.7161737680435181,1.3874653577804565,0.4710944592952728,0.361836314201355,0.8463913798332214,1.2494078874588013,0.2214079052209854,0.5679520964622498,0.8188539743423462,0.12862306833267212,0.16076627373695374,0.33442556858062744,1.2806143760681152,0.24206246435642242,0.09116970002651215,0.7401219606399536
1.0758960247039795,0.11708932369947433,1.2353098392486572,0.9952865839004517,0.05890653654932976,1.6252259016036987,1.1473920345306396,5.585391521453857,0.07778207212686539,0.37026721239089966,0.006560604088008404,1.4034656286239624,0.3023930788040161,0.00039999998989515007,0.24232394993305206,0.07824326306581497,1.0028520822525024,1.7061476707458496,0.40539413690567017,1.0842468738555908,0.1571265459060669,1.0079678297042847,1.3120578527450562,0.45222461223602295,0.281173437833786,0.474447637796402,0.8857535719871521,1.0773937702178955,0.49957525730133057,0.4464031457901001,0.9481302499771118,0.005461617838591337,1.497822880744934,0.09947062283754349,1.0809580087661743,1.0888340473175049,0.25396645069122314,0.9801841974258423,0.6805256605148315,0.9004322290420532,0.12034530937671661,0.6695091128349304,0.6408930420875549,0.5338762998580933,0.07707510143518448,0.26698973774909973,0.9422855377197266,0.6430072784423828,0.10901777446269989,0.42375609278678894,0.1025477796792984,0.4237588047981262,0.7316499948501587,1.4325224161148071,0.25796571373939514,0.19581902027130127,0.39855021238327026
0.5895543694496155,0.3381485641002655,1.3682903051376343,1.1343331336975098,0.18241678178310394,1.5016448497772217,1.293493628501892,5.429023742675781,0.15393191576004028,0.5626440644264221,0.7854564785957336,0.8273430466651917,0.28046488761901855,0.00039999998989515007,0.07059021294116974,0.3375314176082611,0.5532121658325195,1.7837706804275513,1.0298495292663574,0.9710094332695007,0.15400050580501556,1.2388529777526855,1.0901190042495728,0.12573030591011047,0.5314260721206665,0.39772456884384155,0.2998064458370209,0.9965345859527588,1.1782617568969727,0.12190013378858566,0.5108702778816223,0.07249182462692261,1.5603336095809937,0.015613231807947159,0.7733619809150696,1.1534757614135742,0.25424277782440186,0.9697568416595459,0.7114582657814026,0.9069777131080627,0.43957895040512085,0.8031506538391113,1.2761706113815308,0.4111219346523285,0.2747773230075836,0.7210532426834106,1.203528642654419,0.2846657931804657,0.4812365472316742,0.7971709370613098,0.10256718099117279,0.09418369084596634,0.535556972026825,1.2608938217163086,0.38276323676109314,0.12983593344688416,0.5615323185920715
0.7301802039146423,0.3038797974586487,1.2157295942306519,1.1455389261245728,0.24262844026088715,1.703605055809021,1.1474554538726807,5.250064373016357,0.05946575105190277,0.7188380360603333,0.8001331686973572,0.7602737545967102,0.1695372462272644,0.00039999998989515007,0.1970278024673462,0.7450769543647766,0.3865108788013458,1.854417085647583,1.1718519926071167,0.8067095279693604,0.5919216275215149,1.3651920557022095,0.8680728077888489,0.31258413195610046,0.7059038877487183,0.4086993634700775,0.296623170375824,0.7224594950675964,0.9314910769462585,0.06986596435308456,0.8520070910453796,0.06411760300397873,1.4061534404754639,0.2914066016674042,0.5854485630989075,1.0092971324920654,0.532666802406311,1.0642409324645996,0.6107185482978821,0.7129843831062317,0.23872622847557068,1.39506995677948,1.5046908855438232,0.4636044204235077,0.24085171520709991,0.6087391972541809,1.230312466621399,0.12179137766361237,0.4985930025577545,0.9217072129249573,0.10612067580223083,0.3112235367298126,1.0271726846694946,1.0097960233688354,0.30262085795402527,0.18480733036994934,0.39173465967178345
0.7091230750083923,0.27272167801856995,1.1929211616516113,0.7090587019920349,0.22969062626361847,2.195073366165161,1.3838183879852295,5.425058364868164,0.19612692296504974,0.2765772044658661,0.19189578294754028,0.8015373349189758,0.47630468010902405,0.00039999998989515007,0.08734382688999176,0.853424072265625,0.3023803234100342,1.7087184190750122,0.857150673866272,1.1859129667282104,0.3456535339355469,0.9940741062164307,1.4538594484329224,0.28204554319381714,0.1896166056394577,0.5050376057624817,0.6981638073921204,1.3101259469985962,0.6636146903038025,0.7784339785575867,0.6620990633964539,0.4375532269477844,1.572378158569336,0.10878357291221619,1.0792999267578125,1.452238917350769,0.05399392545223236,0.7783954739570618,0.5081362128257751,0.6192162036895752,0.08714528381824493,1.0522897243499756,1.2018226385116577,0.49773848056793213,0.22357353568077087,0.46059492230415344,0.6948326230049133,0.37267768383026123,0.10809919238090515,0.1723606437444687,0.07479200512170792,0.11574053764343262,0.6107290983200073,1.0714114904403687,0.10933640599250793,0.07762011140584946,0.7816540598869324
0.1930970847606659,0.037048324942588806,1.3495228290557861,1.2822448015213013,0.19790872931480408,1.0465474128723145,1.271572470664978,5.4587554931640625,0.6093104481697083,0.30473241209983826,0.569847047328949,0.7383719682693481,0.2117474228143692,0.00039999998989515007,0.4493240416049957,0.536457359790802,0.702893853187561,1.7003400325775146,0.8796626329421997,1.1041420698165894,0.25211140513420105,0.9839944243431091,0.8455850481987,0.08600497245788574,0.397959440946579,0.3656134009361267,0.20397911965847015,1.5362707376480103,1.0665887594223022,0.3282557725906372,0.036711353808641434,0.47238919138908386,1.0381100177764893,0.2701151371002197,0.8318607807159424,0.9690293073654175,0.8347664475440979,1.060985803604126,0.826011598110199,1.0584452152252197,0.7850334048271179,0.32435527443885803,1.375191569328308,0.1025516465306282,0.05336351692676544,0.8571845293045044,1.0758626461029053,0.47074493765830994,0.9485067129135132,1.2427093982696533,0.19655044376850128,0.459316611289978,0.08759413659572601,1.1981755495071411,0.31572794914245605,0.12973982095718384,0.5541633367538452
0.2202913463115692,0.11248649656772614,1.422743797302246,1.2623745203018188,0.09922564029693604,0.9632460474967957,1.2976405620574951,5.443175315856934,0.7086488008499146,0.37347713112831116,0.5283364653587341,0.8084181547164917,0.1748041957616806,0.00039999998989515007,0.4661323130130768,0.2772521376609802,0.7326375842094421,1.7249560356140137,0.8546147346496582,1.1263515949249268,0.3076285123825073,0.8799924254417419,0.9210946559906006,0.16307333111763,0.31294184923171997,0.3575827181339264,0.28670957684516907,1.499839186668396,1.1165939569473267,0.31547489762306213,0.06308013945817947,0.4816936254501343,1.1255019903182983,0.325816810131073,0.9014103412628174,0.9358246326446533,0.6921201944351196,1.076788306236267,0.8231847882270813,1.1123157739639282,0.8383655548095703,0.23923179507255554,1.3066827058792114,0.11924554407596588,0.08508825302124023,0.874522864818573,1.0115571022033691,0.4588858187198639,0.9740263223648071,1.167030930519104,0.28055575489997864,0.3274720013141632,0.14840085804462433,1.2229646444320679,0.4283481240272522,0.17187820374965668,0.4504360258579254
0.5854915976524353,0.5729299187660217,1.1333504915237427,0.7647055983543396,0.21755816042423248,0.17304672300815582,1.6563488245010376,4.852578163146973,0.5179786086082458,0.5780146718025208,0.9140556454658508,0.886235237121582,0.29918304085731506,0.00039999998989515007,0.24540568888187408,0.656051754951477,0.21222133934497833,2.062133312225342,1.273637056350708,1.0129543542861938,0.3825145661830902,1.050004005432129,1.178861141204834,0.11827696114778519,0.41112449765205383,0.337446928024292,0.30983293056488037,1.3177474737167358,1.3471896648406982,0.42243796586990356,0.2941085398197174,0.5982437133789062,1.155084252357483,0.6510136127471924,0.7009119987487793,0.8738871812820435,0.26355019211769104,1.2156251668930054,0.8916312456130981,1.2183197736740112,0.7457708120346069,0.4593907594680786,1.389449954032898,0.1186651885509491,0.1031138077378273,1.3384066820144653,1.0263664722442627,0.12174607813358307,0.8377540707588196,0.6388503313064575,0.6705448627471924,0.3490847647190094,0.338405579328537,1.2070914506912231,0.3653135895729065,0.6004977822303772,0.5617868900299072
1.161116123199463,1.1999695301055908,0.9649258255958557,0.3998638987541199,0.11144024133682251,1.0675196647644043,1.9884032011032104,5.052806377410889,1.1506001949310303,0.6172804236412048,0.4341491162776947,0.24177885055541992,0.2916622757911682,0.00039999998989515007,0.0011881727259606123,0.3287809491157532,0.49854227900505066,1.7332907915115356,1.4399751424789429,0.7672919034957886,0.5727200508117676,1.4923678636550903,1.3360074758529663,0.3189181685447693,0.49701812863349915,0.775439977645874,0.17275230586528778,0.3113219738006592,0.981869637966156,0.8721372485160828,0.8482619524002075,0.5925790071487427,1.594209909439087,0.32344210147857666,1.0941892862319946,1.039246916770935,0.691662073135376,0.6562265157699585,0.006685222033411264,0.7605961561203003,0.09584653377532959,0.9096444249153137,1.250172734260559,0.3413507640361786,0.6284734606742859,0.6331541538238525,0.8065530061721802,0.5578530430793762,0.20714861154556274,0.338398814201355,0.20859885215759277,0.23667782545089722,1.0213195085525513,0.9196192622184753,0.14753831923007965,0.23087948560714722,1.0390987396240234
0.5969396829605103,0.39374497532844543,1.4051165580749512,1.0974102020263672,0.1372915506362915,1.6403017044067383,1.1930816173553467,5.171175003051758,0.051059648394584656,0.678557276725769,0.8779532313346863,0.7321843504905701,0.2250773161649704,0.00039999998989515007,0.09683585911989212,0.46286097168922424,0.34259742498397827,1.9167441129684448,1.0251339673995972,0.967580258846283,0.314177006483078,1.1117311716079712,1.1938821077346802,0.09699279069900513,0.5474119782447815,0.3938829302787781,0.3527883291244507,0.9540082216262817,1.2609456777572632,0.13035103678703308,0.6631305813789368,0.045826565474271774,1.756264567375183,0.006153361406177282,0.9061419367790222,1.3030216693878174,0.12103308737277985,0.9281461834907532,0.714945912361145,0.9515692591667175,0.49738872051239014,0.9368839263916016,1.4167835712432861,0.4017583727836609,0.36609891057014465,0.6242015957832336,0.9911550283432007,0.12954279780387878,0.4235573410987854,0.6718470454216003,0.1048191711306572,0.149277925491333,0.695064127445221,1.1982213258743286,0.3919695317745209,0.1186089739203453,0.4630237817764282
0.1711147129535675,0.27936553955078125,1.4083945751190186,0.9918986558914185,0.12514401972293854,1.001552700996399,1.61667799949646,5.883439064025879,0.8021052479743958,0.10710672289133072,0.29930803179740906,0.7799584269523621,0.23042474687099457,0.00039999998989515007,0.5641485452651978,0.005203474313020706,1.1825788021087646,1.3789031505584717,0.7657305598258972,1.3128770589828491,0.593414843082428,0.6139146685600281,0.8646556735038757,0.4683726131916046,0.08970589190721512,0.5860443115234375,0.7810714840888977,1.7080590724945068,0.43271464109420776,0.7203892469406128,0.2132190465927124,0.04975323751568794,0.9156988859176636,0.179987370967865,1.168278694152832,0.6665815711021423,0.492535263299942,1.0206209421157837,0.41249632835388184,0.7983101606369019,0.3416268527507782,0.5841107964515686,0.9851065874099731,0.0312606506049633,0.24586226046085358,0.9649837017059326,0.6952433586120605,0.8296024799346924,0.8326823711395264,0.9432402849197388,0.1615571230649948,0.07065646350383759,0.6173092126846313,1.069381833076477,0.4522143304347992,0.0448782853782177,0.25881463289260864
1.0617525577545166,0.1816115528345108,0.8489224910736084,1.1158664226531982,0.5774078369140625,2.2820231914520264,0.8490599393844604,5.092023849487305,0.3165311813354492,0.5540428161621094,0.858943521976471,1.0085127353668213,0.3708551228046417,0.00039999998989515007,0.48705750703811646,1.0909473896026611,0.4030325412750244,1.7342331409454346,0.49995747208595276,0.7700963616371155,0.6292904615402222,1.5383356809616089,1.0698862075805664,0.0364803709089756,1.0000983476638794,0.07801451534032822,0.3426031768321991,0.5012905597686768,0.7807758450508118,0.055221524089574814,0.9358384609222412,0.046781521290540695,1.6277071237564087,0.37365904450416565,0.4634774327278137,1.4295827150344849,0.12744875252246857,1.112283706665039,0.9948942065238953,0.7437554597854614,0.053776394575834274,1.1876486539840698,0.7697339653968811,0.8261901140213013,0.2624689042568207,0.14230121672153473,1.2366490364074707,0.24068939685821533,0.18513213098049164,0.5327571630477905,0.3660518229007721,0.033599380403757095,0.3496731221675873,1.3690913915634155,0.041576676070690155,0.09415876120328903,0.6437265872955322
0.5371921062469482,0.21993346512317657,1.3710706233978271,1.066955804824829,0.09064149111509323,1.1988089084625244,1.4032765626907349,5.3860368728637695,0.31570178270339966,0.4974853992462158,0.6698654294013977,0.9670776724815369,0.3862561881542206,0.00039999998989515007,0.03940868377685547,0.02993156760931015,0.6518459320068359,1.7933090925216675,1.1525640487670898,0.9928551912307739,0.1180216521024704,1.1440106630325317,1.1145936250686646,0.23924802243709564,0.442846417427063,0.3859603703022003,0.30888158082962036,1.2293213605880737,1.1551791429519653,0.12384346127510071,0.2983287274837494,0.0828210785984993,1.4273368120193481,0.32373031973838806,0.6883203387260437,1.0473395586013794,0.34842538833618164,0.9715287089347839,0.8249584436416626,0.8685418367385864,0.5997167825698853,0.524542510509491,1.1957430839538574,0.3770639896392822,0.26853084564208984,0.9741118550300598,1.2246252298355103,0.2734174132347107,0.5264683961868286,0.8944844007492065,0.2722017168998718,0.09413119405508041,0.4156143069267273,1.3435856103897095,0.4493039846420288,0.2659236192703247,0.6279085278511047
0.4605381488800049,0.40495988726615906,1.3236958980560303,1.2096210718154907,0.3281928598880768,1.3255417346954346,1.4881309270858765,5.382800579071045,0.3715653717517853,0.38933032751083374,0.6064253449440002,0.37855273485183716,0.3114335536956787,0.00039999998989515007,0.18445295095443726,0.6992363333702087,0.24248439073562622,1.5576225519180298,1.422393798828125,0.7001146078109741,0.08242148160934448,1.3068350553512573,0.8326795697212219,0.08110877126455307,0.7560773491859436,0.4547056257724762,0.3821868896484375,0.8576154708862305,1.1499665975570679,0.10782992094755173,0.5376699566841125,0.4489133059978485,1.2995182275772095,0.1939975917339325,0.5886318683624268,1.1250087022781372,0.47124916315078735,0.6390565037727356,0.6227188110351562,0.5698845982551575,0.7896272540092468,1.1330615282058716,1.276974081993103,0.38482263684272766,0.7189768552780151,0.7665043473243713,1.3528618812561035,0.6425095796585083,0.23866090178489685,1.0635628700256348,0.19437091052532196,0.2103140950202942,0.11039011925458908,1.2395429611206055,0.3043524920940399,0.3157432973384857,1.2733787298202515
0.6676983833312988,0.2794135808944702,1.3825783729553223,0.853772759437561,0.1873869150876999,1.7018582820892334,1.1810802221298218,5.335117340087891,0.17029553651809692,0.6807548999786377,0.8368375301361084,0.8371806144714355,0.35053151845932007,0.00039999998989515007,0.12170165777206421,0.5286843180656433,0.4292580187320709,1.8225098848342896,0.8020769953727722,0.9639257192611694,0.4180831015110016,1.3297908306121826,1.056687593460083,0.217564657330513,0.6434177756309509,0.3821284770965576,0.1079489216208458,0.9741612672805786,1.190170168876648,0.30922266840934753,0.7441440224647522,0.06301962584257126,1.7583147287368774,0.2257031351327896,0.869483232498169,1.269395112991333,0.00888038519769907,0.743249773979187,0.6966434717178345,0.8891002535820007,0.19230113923549652,0.9424199461936951,1.494370460510254,0.4295327067375183,0.30651164054870605,0.46502333879470825,1.110127329826355,0.013289453461766243,0.6072063446044922,0.5076743364334106,0.11989310383796692,0.11533608287572861,0.6924004554748535,1.1476407051086426,0.23657537996768951,0.03673261031508446,0.4538933038711548
0.5631160736083984,0.33253636956214905,1.2873157262802124,1.2457066774368286,0.23422102630138397,1.6723077297210693,1.0514830350875854,5.1602373123168945,0.23782497644424438,0.6998594403266907,0.9222115278244019,0.8372952342033386,0.11770614981651306,0.00039999998989515007,0.25512173771858215,0.59227454662323,0.47713813185691833,1.9281917810440063,1.0600383281707764,0.8876141905784607,0.4339136481285095,1.275718092918396,1.1001735925674438,0.15372328460216522,0.5662758350372314,0.32103171944618225,0.33825984597206116,0.7433993220329285,1.102957010269165,0.06086571887135506,0.6923598647117615,0.20483483374118805,1.527233600616455,0.19564595818519592,0.5683125853538513,1.1289962530136108,0.5048806667327881,1.1250548362731934,0.7206263542175293,0.7692820429801941,0.3707277178764343,1.257857084274292,1.3301457166671753,0.6280028223991394,0.22904127836227417,0.6154085397720337,1.2220826148986816,0.1703060269355774,0.27628177404403687,0.8761844038963318,0.08944087475538254,0.24494163691997528,0.8914246559143066,1.151180386543274,0.5137678384780884,0.24384501576423645,0.3926927447319031
0.7182301878929138,0.5672978162765503,1.3934881687164307,1.0744110345840454,0.19468528032302856,1.6673568487167358,0.8810834288597107,4.962806224822998,0.32090291380882263,0.7186351418495178,1.1174895763397217,0.7145519256591797,0.14962291717529297,0.00039999998989515007,0.020260337740182877,0.7158529758453369,0.2882297933101654,1.9004039764404297,0.518830418586731,0.8854610323905945,0.46792319416999817,1.0902659893035889,1.0171642303466797,0.30692270398139954,0.959973156452179,0.347770094871521,0.08930470794439316,0.809073269367218,1.3397014141082764,0.004897166974842548,0.933560311794281,0.02711312845349312,1.9451969861984253,0.10501262545585632,1.0130705833435059,1.437091588973999,0.028583386912941933,0.8390176296234131,0.9301220178604126,1.1585044860839844,0.458795428276062,0.968923032283783,1.3918747901916504,0.38878998160362244,0.3036561906337738,0.22581830620765686,1.0062881708145142,0.03763562813401222,0.650888204574585,0.7391901612281799,0.2383146435022354,0.08700086921453476,0.46469634771347046,1.2396507263183594,0.1311631053686142,0.27780836820602417,0.435057133436203
0.5257282853126526,0.15808723866939545,1.3833247423171997,1.1266639232635498,0.2035302072763443,1.3090838193893433,1.3899708986282349,5.1906023025512695,0.33017733693122864,0.565265417098999,1.0891425609588623,0.6548644304275513,0.2579744756221771,0.00039999998989515007,0.1406911015510559,0.5196927189826965,0.5420044660568237,1.829077124595642,1.1346431970596313,0.9654352068901062,0.09749417752027512,1.130549430847168,1.068673849105835,0.25776106119155884,0.6866003274917603,0.14919832348823547,0.059596020728349686,1.0804870128631592,1.3503406047821045,0.08839420229196548,0.13403701782226562,0.05694543942809105,1.5545649528503418,0.36774587631225586,0.6161544322967529,1.4187835454940796,0.040181003510951996,0.9930281043052673,0.8705636262893677,0.8653597831726074,0.5250340104103088,0.4288126230239868,1.3745917081832886,0.3777446746826172,0.12066320329904556,0.8997691869735718,1.1779417991638184,0.2576119303703308,0.5798593163490295,0.7266733646392822,0.2931387424468994,0.17666220664978027,0.2838856279850006,1.3439427614212036,0.28331267833709717,0.16425149142742157,0.6960819363594055
0.7849136590957642,0.002093571238219738,1.225875973701477,1.0156385898590088,0.17419211566448212,1.4341142177581787,1.1169655323028564,5.604241847991943,0.26338350772857666,0.36617013812065125,0.3539471924304962,1.526210069656372,0.45130419731140137,0.00039999998989515007,0.21819950640201569,0.015434974804520607,1.1435049772262573,1.6118954420089722,0.8023340702056885,0.9339696764945984,0.03186025470495224,1.275551438331604,0.9665814638137817,0.34637030959129333,0.4258389472961426,0.47711610794067383,0.47420692443847656,1.089186429977417,0.7138128280639648,0.0028290424961596727,0.609239935874939,0.2256583273410797,1.291640043258667,0.029723884537816048,0.5188999772071838,0.7252445816993713,0.5615799427032471,1.0590733289718628,0.8325732350349426,0.6535648703575134,0.1362200379371643,0.8738512396812439,0.7970581650733948,0.7451156973838806,0.1361343115568161,0.7131721377372742,1.5359560251235962,0.35200628638267517,0.3776181638240814,1.0268038511276245,0.03400913253426552,0.09005709737539291,0.6255571246147156,1.3378105163574219,0.35197946429252625,0.2410663515329361,0.47214236855506897
0.7122647762298584,0.3147866129875183,1.2218366861343384,0.9954811930656433,0.2553554177284241,1.6404078006744385,1.3061532974243164,5.322189807891846,0.32625696063041687,0.4631127715110779,0.7627536654472351,0.6972417235374451,0.35988515615463257,0.00039999998989515007,0.08511804789304733,0.6756817698478699,0.2904534935951233,1.811907172203064,1.0558797121047974,0.9841607213020325,0.33274808526039124,1.3225971460342407,1.1378960609436035,0.08626553416252136,0.6881627440452576,0.5161430239677429,0.21504153311252594,1.052597165107727,1.0598570108413696,0.2818017899990082,0.6299181580543518,0.12443327158689499,1.563468337059021,0.035649433732032776,0.851067304611206,1.290574550628662,0.29011914134025574,0.9209784269332886,0.7314088344573975,0.8185023665428162,0.31778764724731445,1.037697672843933,1.364627480506897,0.4721527695655823,0.30975061655044556,0.6228682994842529,1.1382204294204712,0.3118159770965576,0.27513712644577026,0.7077664136886597,0.057239364832639694,0.24229273200035095,0.5469909906387329,1.211612582206726,0.10484649240970612,0.07658152282238007,0.814824104309082
0.7350582480430603,0.7301895022392273,1.3029266595840454,1.4477862119674683,0.36499977111816406,1.5323925018310547,1.2317053079605103,5.341982364654541,0.22458907961845398,0.5190964937210083,0.5498227477073669,0.6902020573616028,0.06990139186382294,0.00039999998989515007,0.038764066994190216,0.44084301590919495,0.14686675369739532,1.7418006658554077,1.0285072326660156,0.8287727236747742,0.417466402053833,1.3023781776428223,1.249732494354248,0.16604973375797272,0.49062442779541016,0.3756066560745239,0.6606340408325195,0.6307331323623657,1.228948950767517,0.18462136387825012,0.7378512024879456,0.11677044630050659,1.4425113201141357,0.07364296913146973,0.8500297665596008,1.1865931749343872,0.2135760486125946,0.9018822312355042,0.6115472316741943,0.9723719954490662,0.7695460915565491,0.7828585505485535,1.0640974044799805,0.14379943907260895,0.25995129346847534,0.34002095460891724,1.1477376222610474,0.7123604416847229,0.046581659466028214,0.748297393321991,0.21467295289039612,0.052774932235479355,0.13515357673168182,1.3655221462249756,0.48587796092033386,0.2525317072868347,1.0005862712860107
0.7303453087806702,0.006944410502910614,1.3695214986801147,0.41093510389328003,0.05596429854631424,1.8160196542739868,1.3975592851638794,5.49318790435791,0.16050679981708527,0.6596426963806152,0.5130478739738464,0.816440224647522,0.4409506916999817,0.00039999998989515007,0.1234399750828743,0.3947959244251251,0.49806296825408936,1.6945775747299194,0.6607029438018799,1.0834091901779175,0.3236435651779175,1.003285527229309,0.9562665820121765,0.5303218364715576,0.569500744342804,0.5317668914794922,0.2038249373435974,1.0640630722045898,0.8199668526649475,0.5417162775993347,0.902222216129303,0.40718719363212585,1.8461780548095703,0.2695651948451996,1.078656792640686,1.1336157321929932,0.10313063114881516,0.7711741328239441,0.5783456563949585,0.7210330963134766,0.08621034771203995,1.3298821449279785,1.3928941488265991,0.6066198945045471,0.49604350328445435,0.5479542016983032,0.8266419768333435,0.04459337145090103,0.7155714631080627,0.3328095078468323,0.20606252551078796,0.12053898721933365,1.0825693607330322,0.8971656560897827,0.11797921359539032,0.006527903024107218,0.1834932416677475
0.7031369209289551,0.14420606195926666,1.2336100339889526,1.0499718189239502,0.4057687819004059,2.0678722858428955,1.0459728240966797,5.138942241668701,0.16664351522922516,0.5243513584136963,0.8023627996444702,0.8928038477897644,0.40156564116477966,0.00039999998989515007,0.05749095231294632,0.8179486393928528,0.2893485128879547,1.8899643421173096,0.9390525221824646,0.9776846766471863,0.5817810297012329,1.3911211490631104,1.3218660354614258,0.04118574038147926,0.45429933071136475,0.34083065390586853,0.3615475594997406,1.0937538146972656,1.1558003425598145,0.2983948886394501,0.650091290473938,0.01770549826323986,1.6567174196243286,0.1646602600812912,0.8006917834281921,1.4130150079727173,0.11620844900608063,0.7800005674362183,0.6912426352500916,0.8950712084770203,0.2663991153240204,0.7561107277870178,1.40101158618927,0.3779650032520294,0.08355305343866348,0.4048229157924652,1.0056509971618652,0.030223703011870384,0.16445136070251465,0.4719510078430176,0.055015791207551956,0.27632614970207214,0.4939126670360565,1.266331672668457,0.23402732610702515,0.22095419466495514,0.6110339164733887
0.6002963781356812,0.5335673689842224,1.1301568746566772,0.7800315618515015,0.21868057548999786,0.08130057156085968,1.7016860246658325,4.8726487159729,0.5505432486534119,0.5128483772277832,0.7584512829780579,1.0008900165557861,0.35387542843818665,0.00039999998989515007,0.10253553837537766,0.8545156717300415,0.3141506314277649,1.9784022569656372,1.3406181335449219,0.9765019416809082,0.49774396419525146,1.0418386459350586,1.1863096952438354,0.039032746106386185,0.34081578254699707,0.3322630524635315,0.18403923511505127,1.3334646224975586,1.2878425121307373,0.35763609409332275,0.32703062891960144,0.5607883930206299,1.0647083520889282,0.772125244140625,0.5999137759208679,0.7632405161857605,0.30981239676475525,1.1798954010009766,0.9169521927833557,1.1267495155334473,0.8241661190986633,0.530727744102478,1.2015351057052612,0.07363851368427277,0.07197018712759018,1.412955403327942,1.108077049255371,0.20058859884738922,0.7410212159156799,0.7090243101119995,0.7489361763000488,0.24114581942558289,0.22228199243545532,1.2927390336990356,0.45227548480033875,0.6190860271453857,0.6640745997428894
0.717883825302124,0.39616456627845764,1.3138427734375,1.0858724117279053,0.14909757673740387,1.3313127756118774,1.3741793632507324,5.174588203430176,0.0296998992562294,0.6126142740249634,1.0130983591079712,0.6631325483322144,0.20806382596492767,0.00039999998989515007,0.07565980404615402,0.45678168535232544,0.31397536396980286,1.9408823251724243,1.0268449783325195,1.0149986743927002,0.11206318438053131,1.1561850309371948,1.2243194580078125,0.13002485036849976,0.7063651084899902,0.265958309173584,0.1057170182466507,1.0037351846694946,1.2929480075836182,0.24361185729503632,0.3708907961845398,0.0060406895354390144,1.6341389417648315,0.23017750680446625,0.8369387984275818,1.4585041999816895,0.11805134266614914,1.051321268081665,0.8472118377685547,1.0123883485794067,0.4518222212791443,0.5091890096664429,1.38003408908844,0.308923602104187,0.06756081432104111,0.7310580015182495,1.043579339981079,0.30243027210235596,0.4532851278781891,0.5634961128234863,0.21516411006450653,0.15009745955467224,0.42920225858688354,1.3266593217849731,0.2142927646636963,0.013749192468822002,0.6988513469696045
0.5689101815223694,0.300544410943985,1.3733431100845337,1.1618316173553467,0.16395783424377441,1.3364439010620117,1.3661901950836182,5.466299533843994,0.2589808404445648,0.5144597887992859,0.6731303334236145,0.9171952605247498,0.3156804144382477,0.00039999998989515007,0.009149398654699326,0.1355072259902954,0.6425682902336121,1.7445261478424072,1.1045550107955933,0.9652964472770691,0.010878349654376507,1.2157158851623535,1.0899930000305176,0.17216962575912476,0.46814849972724915,0.3794814646244049,0.37162938714027405,1.061426043510437,1.15019953250885,0.09569435566663742,0.4101787805557251,0.0991019457578659,1.44741952419281,0.16191253066062927,0.6909974813461304,1.05720853805542,0.3297461271286011,0.9817529320716858,0.7501423358917236,0.863324761390686,0.5484040975570679,0.6662243604660034,1.164428949356079,0.39005598425865173,0.265188068151474,0.839388906955719,1.2631044387817383,0.3604144752025604,0.4751877784729004,0.8889214992523193,0.2151181548833847,0.05002681538462639,0.42554226517677307,1.332789659500122,0.4630720317363739,0.17923009395599365,0.6357524394989014
0.9827937483787537,0.8217930793762207,1.115765929222107,0.6674867868423462,0.07476682215929031,0.9797840118408203,1.5453325510025024,4.8609232902526855,0.20136889815330505,0.7432078719139099,1.1436023712158203,0.9007123112678528,0.42372938990592957,0.00039999998989515007,0.19212482869625092,0.4427355229854584,0.03876405954360962,2.083982229232788,1.3033645153045654,0.8792656660079956,0.2151755690574646,1.39606773853302,1.3808759450912476,0.0739060565829277,0.6357423663139343,0.4415310323238373,0.18405990302562714,0.8165403008460999,1.3967435359954834,0.21649937331676483,0.33854353427886963,0.11630421131849289,1.731897234916687,0.23299628496170044,0.7064092755317688,1.1664859056472778,0.21227039396762848,1.0233246088027954,0.7564026117324829,1.0664610862731934,0.29248517751693726,0.23703257739543915,1.3164036273956299,0.45051318407058716,0.15620434284210205,0.9974111318588257,1.150081992149353,0.0632573664188385,0.29706692695617676,0.25936731696128845,0.32614707946777344,0.040471769869327545,0.7157453298568726,1.2692787647247314,0.2708689868450165,0.44625404477119446,0.6289027333259583
0.37128835916519165,0.21437330543994904,1.4361858367919922,1.164813756942749,0.24983295798301697,1.6282447576522827,1.1794681549072266,5.430156230926514,0.40359535813331604,0.43302229046821594,0.6832950711250305,1.02585768699646,0.44772207736968994,0.00039999998989515007,0.02280629426240921,0.11148899048566818,0.7878238558769226,1.6327757835388184,1.0930222272872925,0.8993288278579712,0.05202760919928551,1.2127119302749634,1.0344080924987793,0.2271626740694046,0.2776084840297699,0.4560544788837433,0.45865049958229065,1.1403807401657104,1.243239402770996,0.09245052188634872,0.39313697814941406,0.11235849559307098,1.526552438735962,0.07777475565671921,0.642578125,0.9052649736404419,0.5388691425323486,0.7852678298950195,0.6476669311523438,0.8590652942657471,0.5967098474502563,0.6538241505622864,1.1052420139312744,0.4694438874721527,0.4787653088569641,0.8156203031539917,1.307490587234497,0.13641314208507538,0.49750664830207825,1.0230348110198975,0.09805593639612198,0.03305008262395859,0.3426348567008972,1.2901649475097656,0.5743014812469482,0.44230717420578003,0.4560792148113251
0.04878564178943634,0.10146117210388184,1.4888097047805786,1.2503613233566284,0.19873517751693726,1.3755437135696411,0.9898676872253418,5.4732184410095215,0.9452491402626038,0.3789633810520172,0.5431895852088928,0.9833481311798096,0.21516098082065582,0.00039999998989515007,0.7399356365203857,0.21708723902702332,0.9438525438308716,1.5687191486358643,0.5848143696784973,1.0723692178726196,0.06507651507854462,0.9381577372550964,0.7444307804107666,0.1303410530090332,0.07213935256004333,0.42341285943984985,0.33151453733444214,1.4592398405075073,1.1904335021972656,0.16686084866523743,0.17024900019168854,0.7524316906929016,1.2340655326843262,0.07196113467216492,0.9304842352867126,0.6408528685569763,0.9079166054725647,0.9067796468734741,0.5966806411743164,1.2429254055023193,0.7149612903594971,0.2287900447845459,1.2743744850158691,0.16528482735157013,0.18433432281017303,0.6428054571151733,0.9935030341148376,0.11931682378053665,1.2570778131484985,1.2652230262756348,0.041418492794036865,0.24560792744159698,0.19512325525283813,1.080612063407898,0.5489678978919983,0.5293450355529785,0.07280532270669937
1.012805461883545,0.4379342496395111,1.1622248888015747,1.5454950332641602,0.4280523657798767,1.4156639575958252,0.9779902100563049,5.546315670013428,0.04612714424729347,0.4351838231086731,0.16354799270629883,1.4704817533493042,0.09502457082271576,0.00039999998989515007,0.20598247647285461,0.17779192328453064,0.8101681470870972,1.598696231842041,0.7415440082550049,0.6983598470687866,0.3625333309173584,1.406877875328064,1.1291892528533936,0.14059361815452576,0.3843221068382263,0.2347753793001175,0.9097082614898682,0.47236353158950806,0.8066505193710327,0.0519963800907135,0.8361386656761169,0.4024662375450134,1.0792617797851562,0.1913832724094391,0.4342643618583679,0.8207040429115295,0.2740011215209961,1.0320593118667603,0.7136874794960022,0.7501065731048584,0.4336000680923462,0.6400413513183594,0.5350292325019836,0.4000941812992096,0.11705169826745987,0.19597366452217102,1.604264497756958,0.9135013222694397,0.11801760643720627,0.8974224925041199,0.23460224270820618,0.18988752365112305,0.17118118703365326,1.5112324953079224,0.5726298689842224,0.16389086842536926,0.9111459255218506
0.5279202461242676,0.2941949665546417,1.4140316247940063,1.1574440002441406,0.15386897325515747,1.4215724468231201,1.2699917554855347,5.118793964385986,0.3573392331600189,0.6668396592140198,0.9899766445159912,0.7428380250930786,0.196681946516037,0.00039999998989515007,0.09306567162275314,0.3988947868347168,0.39566072821617126,1.9591261148452759,1.093617558479309,1.0006201267242432,0.10266037285327911,1.0857267379760742,1.2429012060165405,0.09803347289562225,0.4990301728248596,0.2174486368894577,0.2480010688304901,1.030501365661621,1.3852108716964722,0.15161672234535217,0.31795376539230347,0.08593463152647018,1.6497968435287476,0.21890081465244293,0.7751912474632263,1.382075548171997,0.02364848181605339,1.0075560808181763,0.8047152757644653,0.9716862440109253,0.6150010228157043,0.5252537727355957,1.4260830879211426,0.2835313677787781,0.15746350586414337,0.7654640078544617,1.0254219770431519,0.18474894762039185,0.477327823638916,0.6335008144378662,0.3116835951805115,0.22373074293136597,0.47375714778900146,1.2817081212997437,0.43819236755371094,0.2513546943664551,0.5356259942054749
0.5506775379180908,0.17351078987121582,1.3383400440216064,1.1893943548202515,0.3821403384208679,1.8182284832000732,1.1757349967956543,4.9912519454956055,0.09600678086280823,0.7034648060798645,1.1260044574737549,0.3566427230834961,0.14575892686843872,0.00039999998989515007,0.0878404751420021,1.179951786994934,0.19044220447540283,1.8118653297424316,1.3065195083618164,0.7420788407325745,0.47957685589790344,1.2472586631774902,0.8561363816261292,0.08286076784133911,0.897260308265686,0.17050418257713318,0.18256008625030518,0.7174138426780701,1.2657568454742432,0.04171282798051834,0.6406099796295166,0.345431923866272,1.5755897760391235,0.009974167682230473,0.5001311898231506,1.4034885168075562,0.1864076554775238,0.8527688384056091,0.7077106237411499,0.6169940829277039,0.5104668140411377,1.2734241485595703,1.6407015323638916,0.4562770426273346,0.3739267885684967,0.631542444229126,1.1271120309829712,0.08139065653085709,0.4566725790500641,0.8477820158004761,0.20062127709388733,0.35941264033317566,0.5944651365280151,1.0988523960113525,0.25133997201919556,0.05085945501923561,0.6925230026245117
0.5871813297271729,0.13016188144683838,1.4093738794326782,0.8718205094337463,0.056718289852142334,1.6817328929901123,1.4593703746795654,5.814159393310547,0.03348341956734657,0.40914487838745117,0.24494712054729462,0.76071697473526,0.32541120052337646,0.00039999998989515007,0.21581695973873138,0.27828338742256165,0.822979211807251,1.523189663887024,0.7512949705123901,1.12905752658844,0.10454798489809036,1.0826281309127808,1.0073789358139038,0.4126705825328827,0.3059103488922119,0.5954856276512146,0.560610294342041,1.1400933265686035,0.7556400895118713,0.5115379095077515,0.749372661113739,0.24959827959537506,1.5579168796539307,0.2584359347820282,1.1302263736724854,1.0257937908172607,0.01865716651082039,0.8110473155975342,0.37905365228652954,0.8038089871406555,0.020419234409928322,1.0575543642044067,1.1391308307647705,0.44643089175224304,0.4258432388305664,0.5732991695404053,0.9046487808227539,0.47524309158325195,0.5464240908622742,0.5427790880203247,0.15572279691696167,0.2327573299407959,0.8522685170173645,1.113577127456665,0.2928875684738159,0.07815133780241013,0.33419206738471985
0.5944585204124451,0.1209108904004097,1.1807774305343628,1.0189365148544312,0.5306016802787781,1.7599211931228638,1.2012304067611694,5.2452006340026855,0.18949846923351288,0.4230688214302063,0.941967785358429,0.7470497488975525,0.5091263651847839,0.00039999998989515007,0.2803797423839569,1.0926234722137451,0.42421457171440125,1.7173361778259277,1.1545335054397583,0.8238043785095215,0.3371778726577759,1.5534470081329346,0.844874918460846,0.03130104020237923,0.8266617655754089,0.20346291363239288,0.026128321886062622,1.2087593078613281,1.1219021081924438,0.16002072393894196,0.35929274559020996,0.09934742748737335,1.3053443431854248,0.0819811001420021,0.3590497374534607,1.2791966199874878,0.425677627325058,0.7111747860908508,0.8481483459472656,0.6483114957809448,0.33870482444763184,0.7122419476509094,1.516194224357605,0.3748728632926941,0.07246892899274826,0.6896475553512573,1.3422843217849731,0.024252386763691902,0.5370057821273804,0.8997395038604736,0.024476338177919388,0.42507386207580566,0.15889376401901245,1.2813894748687744,0.03618454560637474,0.1940212994813919,0.8851780891418457
0.6900405287742615,1.2674939632415771,1.2068312168121338,0.7746034264564514,0.12343946099281311,0.7779461145401001,1.2045084238052368,4.3400092124938965,0.5160165429115295,0.9679960012435913,1.3837943077087402,0.5178004503250122,0.1526269018650055,0.00039999998989515007,0.26928046345710754,0.06452836841344833,0.5170421600341797,2.3391034603118896,1.2977559566497803,0.6389026045799255,0.4926770031452179,1.201757788658142,1.1974444389343262,0.2947467565536499,0.9109212756156921,0.5274834632873535,0.3241192102432251,0.5557491779327393,1.634600043296814,0.002294100122526288,0.6960200667381287,0.15608163177967072,1.764377474784851,0.145818829536438,0.6865852475166321,1.0744997262954712,0.42100048065185547,0.8726623058319092,0.8864384889602661,1.1007577180862427,0.8160060048103333,0.9420861005783081,1.630766749382019,0.41897958517074585,0.6808927655220032,0.7273043394088745,1.036089301109314,0.12726083397865295,0.35496005415916443,0.7344843745231628,0.29252687096595764,0.3293849229812622,0.8303694725036621,1.043958067893982,0.3808513283729553,0.1587851196527481,0.6062108874320984
0.7325146198272705,0.09047265350818634,1.2661226987838745,1.0320732593536377,0.2521738111972809,1.8232409954071045,1.023199439048767,5.4495158195495605,0.20834678411483765,0.5697377324104309,0.840875506401062,1.1250323057174683,0.3033272624015808,0.00039999998989515007,0.06519409269094467,0.4218928813934326,0.9613805413246155,1.6626017093658447,0.67732834815979,0.9202311635017395,0.2995237112045288,1.3857804536819458,0.9376916885375977,0.28237900137901306,0.6711254119873047,0.2891637980937958,0.22654084861278534,0.8061582446098328,0.917593240737915,0.08348369598388672,0.7438706159591675,0.1464582085609436,1.6185002326965332,0.3090515434741974,0.5579124689102173,1.0939297676086426,0.18642687797546387,1.0297257900238037,0.7458008527755737,0.7555891275405884,0.06577815115451813,1.0830146074295044,1.0775878429412842,0.7982349395751953,0.05623423308134079,0.5297980904579163,1.3879714012145996,0.08921352028846741,0.47529906034469604,0.7414922714233398,0.23496268689632416,0.08503330498933792,0.7755048274993896,1.2553646564483643,0.307654470205307,0.17724895477294922,0.27889859676361084
0.04558694735169411,1.1950340270996094,1.2380683422088623,0.8124206066131592,0.0258824210613966,0.8114268183708191,1.5908401012420654,5.799474239349365,1.336150050163269,0.16188570857048035,0.45643746852874756,1.093790054321289,0.38772308826446533,0.00039999998989515007,0.045288413763046265,0.05397622659802437,2.06880521774292,0.8677011728286743,0.7514560222625732,1.080548882484436,1.1238534450531006,0.7153627276420593,0.34212830662727356,0.8953211903572083,0.014838223345577717,0.1373806893825531,0.6212807297706604,1.6757982969284058,0.021088261157274246,0.4108240306377411,0.23162563145160675,0.16786600649356842,0.36341723799705505,0.3483223617076874,0.25335896015167236,0.3866310715675354,0.42811092734336853,0.9022721648216248,0.4925003945827484,0.04797937348484993,0.11075544357299805,0.4500873386859894,0.5298289060592651,0.531905472278595,0.044198743999004364,1.2470593452453613,1.2168482542037964,0.8431756496429443,0.8664008975028992,1.0776028633117676,0.19431810081005096,0.2782728374004364,0.3733299672603607,1.1339292526245117,0.4441264271736145,0.2532595992088318,0.34452351927757263
0.6085096001625061,0.24389180541038513,1.260140061378479,1.0825376510620117,0.1784028261899948,1.5091058015823364,1.2788113355636597,5.3876190185546875,0.10915423929691315,0.4171485900878906,0.6318743228912354,0.8316267728805542,0.4134869873523712,0.00039999998989515007,0.11867731064558029,0.4591526687145233,0.5268734097480774,1.7868369817733765,1.0416855812072754,0.9776206612586975,0.10851146280765533,1.2009844779968262,1.0738729238510132,0.20601563155651093,0.6344860792160034,0.5294091701507568,0.3694967031478882,1.2122139930725098,0.9719761610031128,0.13418835401535034,0.6124685406684875,0.07578601688146591,1.4891784191131592,0.13140401244163513,0.8172864317893982,1.1625864505767822,0.5005185604095459,0.9392758011817932,0.8160912394523621,0.8420493602752686,0.45785656571388245,0.9803956747055054,1.2153724431991577,0.4988737404346466,0.36424508690834045,0.7650711536407471,1.163559079170227,0.3231053352355957,0.3403589129447937,0.9703221321105957,0.03626373037695885,0.16827653348445892,0.5065047740936279,1.3008941411972046,0.225551575422287,0.01431166473776102,0.7254010438919067
1.0651297569274902,0.5699231624603271,1.0506823062896729,0.4907069504261017,0.10755856335163116,0.9014731049537659,1.562272310256958,5.126705646514893,0.1593165099620819,0.641107976436615,0.7061313986778259,1.344906210899353,0.6038201451301575,0.00039999998989515007,0.21553190052509308,0.7983568906784058,0.32192981243133545,2.0006356239318848,1.19785737991333,0.9340391755104065,0.1447862833738327,1.5277341604232788,1.3982824087142944,0.01318806130439043,0.42994770407676697,0.4750704765319824,0.07108952850103378,1.02479887008667,1.1016308069229126,0.3801071047782898,0.38188931345939636,0.24050922691822052,1.5072588920593262,0.1779346615076065,0.6027230024337769,0.8813156485557556,0.0719667300581932,0.9631795287132263,0.7740517258644104,0.9340460300445557,0.11562992632389069,0.12474065274000168,1.1178216934204102,0.48620301485061646,0.011648834683001041,1.0289536714553833,1.2721360921859741,0.08718334138393402,0.2731444239616394,0.22395433485507965,0.28151270747184753,0.0678197368979454,0.7535930275917053,1.3266539573669434,0.34448158740997314,0.5786095261573792,0.6074433326721191
0.6132478713989258,0.3817206025123596,1.3482948541641235,1.1060036420822144,0.17730781435966492,1.5584347248077393,1.2684403657913208,5.383547306060791,0.0702589750289917,0.5495109558105469,0.7974498271942139,0.821582019329071,0.3052498996257782,0.00039999998989515007,0.07438076287508011,0.3478218913078308,0.49019819498062134,1.817474603652954,0.9889715909957886,0.9956678152084351,0.21149028837680817,1.2268354892730713,1.139176607131958,0.1110520213842392,0.517568051815033,0.4527483582496643,0.29534783959388733,1.0446981191635132,1.1790462732315063,0.16164672374725342,0.5492956638336182,0.08315474539995193,1.6093870401382446,0.005405045114457607,0.859751284122467,1.1837717294692993,0.2566354274749756,0.9566470980644226,0.7056472897529602,0.9758297801017761,0.415152907371521,0.7829816937446594,1.290434718132019,0.39538711309432983,0.28302040696144104,0.6774166226387024,1.1320897340774536,0.2437206655740738,0.4584493041038513,0.765857994556427,0.04455919936299324,0.10899698734283447,0.5557709336280823,1.257445216178894,0.33660921454429626,0.13006794452667236,0.5339668989181519
0.584313154220581,0.48629647493362427,1.4462536573410034,1.3151705265045166,0.180794358253479,1.678829550743103,1.1215720176696777,5.306219100952148,0.30280250310897827,0.6669824719429016,0.7274618148803711,0.8456881046295166,0.10976468771696091,0.00039999998989515007,0.3421972692012787,0.44710227847099304,0.5094881653785706,1.8756479024887085,0.939994215965271,0.9429563879966736,0.3481041491031647,1.0739308595657349,1.2041449546813965,0.07911937683820724,0.2704780101776123,0.4237044155597687,0.586678683757782,0.8117083311080933,1.2444612979888916,0.19828622043132782,0.6052013039588928,0.17343522608280182,1.6640645265579224,0.18125885725021362,0.9674820899963379,1.1927863359451294,0.10697223991155624,0.974889874458313,0.5125287771224976,1.0284804105758667,0.44899216294288635,0.7832067012786865,1.3208945989608765,0.2707018256187439,0.30759602785110474,0.44714146852493286,1.0353922843933105,0.3852611184120178,0.4040352702140808,0.6799826622009277,0.19812211394309998,0.13403764367103577,0.7100896239280701,1.1425808668136597,0.5025433897972107,0.16196298599243164,0.3149046301841736
0.5045579075813293,0.17446690797805786,1.3405176401138306,1.0785521268844604,0.19822077453136444,1.637998104095459,1.258708119392395,5.288628101348877,0.11132883280515671,0.5455981492996216,0.7477518320083618,0.7877161502838135,0.3459130823612213,0.00039999998989515007,0.07569445669651031,0.5277999639511108,0.4387683868408203,1.8660500049591064,1.1685410737991333,0.9818366765975952,0.2109835147857666,1.2070060968399048,1.1804829835891724,0.061097629368305206,0.4632752537727356,0.411715030670166,0.3671431839466095,1.1215343475341797,1.135846495628357,0.19127166271209717,0.5210132002830505,0.07210090011358261,1.5612459182739258,0.041026271879673004,0.759547233581543,1.2442848682403564,0.3292219936847687,0.8974869251251221,0.7018696069717407,0.7876200675964355,0.4679968059062958,0.9451171159744263,1.4159917831420898,0.45607811212539673,0.35352033376693726,0.7679193615913391,1.1055089235305786,0.17677831649780273,0.31764382123947144,0.744286298751831,0.11052960902452469,0.2725358009338379,0.6408395767211914,1.1974722146987915,0.3870094418525696,0.20334821939468384,0.6164237856864929
0.8667017221450806,0.7299856543540955,1.1376452445983887,0.6580592393875122,0.04404473677277565,1.0411301851272583,1.4865397214889526,4.605096340179443,0.13465209305286407,0.8456298112869263,1.2844635248184204,0.7688825726509094,0.37385132908821106,0.00039999998989515007,0.10673390328884125,0.20125524699687958,0.15915875136852264,2.198608636856079,1.4580174684524536,0.8268665075302124,0.29904887080192566,1.3657227754592896,1.4299768209457397,0.20408804714679718,0.617536187171936,0.3171527087688446,0.22722271084785461,0.7629719376564026,1.5306938886642456,0.23867179453372955,0.27464759349823,0.021807853132486343,1.7727046012878418,0.252045601606369,0.6230776309967041,1.314979076385498,0.27270758152008057,0.9525936841964722,0.7530131936073303,0.9645946025848389,0.41208329796791077,0.29817354679107666,1.5506807565689087,0.41644811630249023,0.19793592393398285,1.001796007156372,1.074798345565796,0.19894583523273468,0.2163684070110321,0.13724081218242645,0.44860944151878357,0.25870582461357117,0.7636873722076416,1.1745284795761108,0.33915066719055176,0.534592866897583,0.667479932308197
0.6179676651954651,0.009468132629990578,1.1516180038452148,0.9996866583824158,0.23956483602523804,1.4053133726119995,1.378900408744812,5.61721134185791,0.09636135399341583,0.22638064622879028,0.26476529240608215,1.2131414413452148,0.606863796710968,0.00039999998989515007,0.15270937979221344,0.07798398286104202,0.8094195127487183,1.6275261640548706,1.127453088760376,1.000841498374939,0.023210015147924423,1.4149391651153564,1.1056307554244995,0.1455947607755661,0.3021182119846344,0.5309780836105347,0.4611036479473114,1.408162236213684,0.7616544365882874,0.26122862100601196,0.37863463163375854,0.13266363739967346,1.1247572898864746,0.13417267799377441,0.5677841305732727,0.8349457383155823,0.6834534406661987,0.8928245306015015,0.7315242886543274,0.690428614616394,0.32467785477638245,0.6187854409217834,0.9796697497367859,0.47939881682395935,0.1513754278421402,0.9219054579734802,1.3676731586456299,0.3668299913406372,0.24777622520923615,0.9528694748878479,0.06049959734082222,0.1078660637140274,0.37037593126296997,1.376701831817627,0.3454589545726776,0.2972796559333801,0.7926273345947266
0.619956910610199,0.08900231868028641,1.2891194820404053,0.931262731552124,0.3073752820491791,1.847903847694397,1.1035218238830566,5.113915920257568,0.054139114916324615,0.5158198475837708,0.7933675646781921,0.9952861666679382,0.5128926634788513,0.00039999998989515007,0.05780372768640518,0.5642037391662598,0.33241596817970276,1.9533004760742188,0.9837272763252258,1.018242359161377,0.3898504674434662,1.3160641193389893,1.3788007497787476,0.09549888968467712,0.3831882178783417,0.3536990284919739,0.2710970342159271,1.3047064542770386,1.2465362548828125,0.3345700204372406,0.4790049195289612,0.025803377851843834,1.6676009893417358,0.036766815930604935,0.8034439086914062,1.3852394819259644,0.12619665265083313,0.7206693291664124,0.7841455936431885,0.9204553961753845,0.38196057081222534,0.5084810256958008,1.4396663904190063,0.3493991494178772,0.14179880917072296,0.571555495262146,1.012646198272705,0.06548392027616501,0.2678048014640808,0.4700824022293091,0.029893111437559128,0.30488160252571106,0.4276580214500427,1.293219804763794,0.2805938720703125,0.3352118134498596,0.6126037240028381
0.5619869232177734,0.4198787212371826,1.4249846935272217,1.1060646772384644,0.07746978104114532,1.2210501432418823,1.353176474571228,5.417721748352051,0.2026539146900177,0.5205211043357849,0.6730614900588989,0.9212972521781921,0.3266547918319702,0.00039999998989515007,0.019666559994220734,0.016639437526464462,0.5885710120201111,1.7790486812591553,1.0033236742019653,0.9918215870857239,0.046769529581069946,1.0931214094161987,1.1029846668243408,0.2752207815647125,0.46408164501190186,0.44652286171913147,0.3373953402042389,1.1584209203720093,1.2310051918029785,0.11432529985904694,0.42525285482406616,0.12197790294885635,1.534885287284851,0.2571254372596741,0.8554180860519409,1.0330836772918701,0.30869588255882263,0.930290699005127,0.7999488711357117,1.0233997106552124,0.6613304018974304,0.5127747058868408,1.1548271179199219,0.28643447160720825,0.34582120180130005,0.8190372586250305,1.1575895547866821,0.3055278956890106,0.6124885678291321,0.913058340549469,0.19819018244743347,0.005472504999488592,0.3458796441555023,1.3471038341522217,0.4446108043193817,0.14221712946891785,0.5687915086746216
0.5850615501403809,0.5046376585960388,1.303583025932312,1.1471686363220215,0.19202293455600739,1.424471378326416,1.2005256414413452,5.303521156311035,0.04501700773835182,0.530281662940979,0.8839132785797119,0.8233853578567505,0.3249192535877228,0.00039999998989515007,0.04118529334664345,0.34144696593284607,0.46050596237182617,1.819585919380188,1.0103415250778198,0.9048263430595398,0.21443051099777222,1.2702898979187012,1.014042854309082,0.08078495413064957,0.6721788644790649,0.518882691860199,0.1889704316854477,1.0130985975265503,1.1958980560302734,0.017729327082633972,0.5835372805595398,0.15605241060256958,1.5473816394805908,0.039334967732429504,0.7527517676353455,1.0665714740753174,0.5720807909965515,0.9631502032279968,0.801947832107544,0.983454704284668,0.5273334383964539,0.8926306962966919,1.255116581916809,0.463215172290802,0.3818519711494446,0.7124722003936768,1.275056004524231,0.22450488805770874,0.5018972754478455,1.0427019596099854,0.007534800097346306,0.16145378351211548,0.4789755344390869,1.265300989151001,0.30822229385375977,0.08401838690042496,0.5948218703269958
1.0636793375015259,0.4015825092792511,0.9198361039161682,0.5569014549255371,0.12246843427419662,1.184319019317627,1.370010495185852,4.493250846862793,0.1792958527803421,0.596513569355011,1.2141212224960327,1.1300212144851685,0.6015214323997498,0.00039999998989515007,0.4678695499897003,0.14945504069328308,0.012319903820753098,2.2006735801696777,1.1859761476516724,0.9575898051261902,0.2572372555732727,1.489102840423584,1.6457115411758423,0.09579464048147202,0.534636914730072,0.19985494017601013,0.30488014221191406,1.1557072401046753,1.3806020021438599,0.4003123342990875,0.027375871315598488,0.23992732167243958,1.635256052017212,0.3917124569416046,0.55415278673172,1.4555548429489136,0.4296223223209381,0.9528257846832275,0.9447436928749084,1.066016674041748,0.15084978938102722,0.40615761280059814,1.3234940767288208,0.35351139307022095,0.3694259524345398,0.914916455745697,1.0282498598098755,0.28178519010543823,0.07406678795814514,0.07047193497419357,0.3283010721206665,0.2418590784072876,0.37827178835868835,1.4217486381530762,0.08551294356584549,0.6844404339790344,0.7498957514762878
0.5903258323669434,0.3357524275779724,1.3703986406326294,1.136196255683899,0.18298570811748505,1.4973819255828857,1.2903614044189453,5.4283318519592285,0.15445595979690552,0.5640652775764465,0.7868243455886841,0.8303670883178711,0.2782380282878876,0.00039999998989515007,0.0694049596786499,0.33477723598480225,0.5540721416473389,1.7834391593933105,1.028180480003357,0.9712135791778564,0.1564926952123642,1.235687494277954,1.0901252031326294,0.12600085139274597,0.5331688523292542,0.39657947421073914,0.30133938789367676,0.9963434934616089,1.1799122095108032,0.12459911406040192,0.5123166441917419,0.07274382561445236,1.55934476852417,0.01801709085702896,0.7722307443618774,1.1559841632843018,0.2523896098136902,0.9701240062713623,0.711330235004425,0.9073981642723083,0.4393687844276428,0.8009976148605347,1.2780261039733887,0.41302749514579773,0.27202919125556946,0.7200928330421448,1.2039475440979004,0.2823748290538788,0.48583275079727173,0.7997593283653259,0.10620156675577164,0.09654320776462555,0.5373497605323792,1.2614308595657349,0.38285505771636963,0.13045121729373932,0.5598426461219788
0.7728197574615479,0.43185150623321533,1.3175643682479858,1.277268886566162,0.2151288092136383,1.5514987707138062,1.108978509902954,5.194034099578857,0.08193428069353104,0.5818718075752258,0.8540999889373779,0.9224996566772461,0.15765845775604248,0.00039999998989515007,0.10877440869808197,0.39597776532173157,0.455697238445282,1.9176231622695923,0.8216854929924011,0.9926179647445679,0.23235997557640076,1.1254944801330566,1.3018029928207397,0.13071855902671814,0.6049863696098328,0.28311002254486084,0.4137606620788574,0.9232483506202698,1.2044497728347778,0.05854535102844238,0.6125624179840088,0.19057504832744598,1.6584129333496094,0.1176546961069107,0.8609778881072998,1.3641927242279053,0.05497359111905098,1.0989875793457031,0.8924667835235596,1.0744469165802002,0.5220125913619995,0.6110925674438477,1.1183768510818481,0.3663158416748047,0.014096099883317947,0.5136785507202148,1.070382833480835,0.3383719027042389,0.28185737133026123,0.7002542018890381,0.10785270482301712,0.037918008863925934,0.385061651468277,1.4246582984924316,0.352252334356308,0.008654378354549408,0.6034100651741028
0.3643253445625305,0.7357862591743469,1.4604847431182861,1.1011632680892944,0.24028761684894562,1.770926833152771,0.998302698135376,5.041294574737549,0.1153717115521431,0.7426474094390869,1.1001778841018677,0.39998680353164673,0.1689637005329132,0.00039999998989515007,0.4025818705558777,0.68672776222229,0.21667127311229706,1.8003178834915161,0.6172546148300171,0.8991761207580566,0.4409683048725128,1.004225730895996,0.8911711573600769,0.22967925667762756,0.7322601675987244,0.47736430168151855,0.16105851531028748,0.7512698769569397,1.5144727230072021,0.01939900405704975,0.8082194924354553,0.06568414717912674,2.0241646766662598,0.2849518954753876,1.1737637519836426,1.2619316577911377,0.25351157784461975,0.7678536176681519,0.6870821118354797,1.1610076427459717,0.611839771270752,1.1481666564941406,1.426534652709961,0.3024437427520752,0.7344368100166321,0.27836814522743225,0.8469577431678772,0.12373204529285431,0.806023359298706,0.8048218488693237,0.23437298834323883,0.08102446049451828,0.49956968426704407,1.0109890699386597,0.30679386854171753,0.08383612334728241,0.16391436755657196
0.5586157441139221,0.32832229137420654,1.1762068271636963,1.161298155784607,0.3000585436820984,1.5109443664550781,1.203255534172058,5.352355003356934,0.10885612666606903,0.48955047130584717,0.7921364307403564,0.8051602840423584,0.29969102144241333,0.00039999998989515007,0.07372641563415527,0.6518343091011047,0.3766138255596161,1.8150813579559326,1.0509898662567139,0.9435895085334778,0.37577444314956665,1.3578402996063232,1.0333623886108398,0.1008734405040741,0.6805616617202759,0.4684374928474426,0.24010257422924042,1.0335547924041748,1.034008502960205,0.13642755150794983,0.6674375534057617,0.08490077406167984,1.3688570261001587,0.1133924350142479,0.6134596467018127,1.0832444429397583,0.662438690662384,0.9984534978866577,0.7646296620368958,0.7840485572814941,0.40630799531936646,1.1304203271865845,1.2878071069717407,0.5336779952049255,0.36438533663749695,0.6845490336418152,1.2927442789077759,0.3265393376350403,0.24629442393779755,1.047147512435913,0.0588233582675457,0.2566753029823303,0.6104878187179565,1.231343150138855,0.25561416149139404,0.07915545254945755,0.7466827034950256
0.5780801773071289,0.3612423241138458,1.3944154977798462,1.224841833114624,0.04503104090690613,1.0599679946899414,1.280483603477478,4.981855392456055,0.5867049098014832,0.6114738583564758,0.9294891953468323,0.8889415264129639,0.14786282181739807,0.00039999998989515007,0.10362256318330765,0.04288936033844948,0.4896166920661926,1.993898868560791,1.0236849784851074,1.0030863285064697,0.24536530673503876,0.8416936993598938,1.3428503274917603,0.2682420015335083,0.4802524745464325,0.10919344425201416,0.3335295021533966,1.099191427230835,1.401239037513733,0.02097836323082447,0.15814456343650818,0.21250790357589722,1.564188838005066,0.5838287472724915,0.7474486231803894,1.3300299644470215,0.02898125909268856,1.143420696258545,1.0426135063171387,1.1021852493286133,0.8925650715827942,0.13218609988689423,1.1203809976577759,0.2046201527118683,0.013760833069682121,0.8902342915534973,0.9602879881858826,0.3519112169742584,0.4473259747028351,0.7350156903266907,0.5056014657020569,0.0035758300218731165,0.19380781054496765,1.4826366901397705,0.5230463743209839,0.24650226533412933,0.5502903461456299
0.6176170110702515,0.3226626217365265,1.3064115047454834,1.0696437358856201,0.18859557807445526,1.7367050647735596,1.2133897542953491,5.338443756103516,0.08261221647262573,0.6021592020988464,0.7867909669876099,0.8026760816574097,0.27479636669158936,0.00039999998989515007,0.2087770253419876,0.4860599935054779,0.438643217086792,1.8623212575912476,1.004960536956787,1.0074113607406616,0.37888675928115845,1.2670912742614746,1.1688224077224731,0.03579990938305855,0.45341992378234863,0.4565586745738983,0.32861098647117615,0.9837805032730103,1.10904860496521,0.23385226726531982,0.6321445107460022,0.08525034040212631,1.6279029846191406,0.19018688797950745,0.8717035055160522,1.1997030973434448,0.2433340847492218,0.9828277230262756,0.5997317433357239,0.9197419285774231,0.26542598009109497,0.9600657224655151,1.4029473066329956,0.4219824969768524,0.2486739605665207,0.6181041598320007,1.0579036474227905,0.1536467969417572,0.39504557847976685,0.6428541541099548,0.010559383779764175,0.19441014528274536,0.7977286577224731,1.139307975769043,0.34266650676727295,0.21858417987823486,0.4063917398452759
0.5836471915245056,0.4687511622905731,1.3948640823364258,1.068718671798706,0.1324276626110077,1.594451665878296,1.087776780128479,5.357386589050293,0.03458033874630928,0.4502049684524536,0.7298328280448914,1.0122249126434326,0.4436391592025757,0.00039999998989515007,0.13024531304836273,0.07371988147497177,0.695692241191864,1.6919952630996704,0.8056022524833679,0.9096576571464539,0.14264871180057526,1.120140790939331,1.0090264081954956,0.3975972533226013,0.5577037930488586,0.6205564141273499,0.3809538781642914,1.1214686632156372,1.1664409637451172,0.13263684511184692,0.7270063161849976,0.05315573886036873,1.735606074333191,0.063059501349926,0.9165496826171875,0.9686657786369324,0.4793587923049927,0.8058876991271973,0.7772894501686096,1.0650949478149414,0.5079649090766907,0.817033588886261,1.0276459455490112,0.5376562476158142,0.5484898686408997,0.6379269361495972,1.2005102634429932,0.11076351255178452,0.5590593218803406,1.065199851989746,0.1663902997970581,0.11164037883281708,0.4220615327358246,1.328683614730835,0.34527668356895447,0.11330149322748184,0.403604120016098
