E_0,L_0,P_0,M_s_0,M_e_0,M_i_0,H_s_0,H_e_0,H_i_0,H_r_0,C,sigma,gamma,mu_H,beta_M,beta_H,theta_M,theta_H,alpha_b,alpha_E,alpha_L,alpha_P,a_b,a_E,a_L,a_P,c_E,c_L,c_P,c_M,d_E,d_L,d_P,d_M,T_b_max,T_E_max,T_L_max,T_P_max,T_E_min,T_L_min,T_P_min,T_M_min,R_b,R_E,R_L,R_P,r_b,r_E,r_L,r_P,s_b,s_E,s_L,s_P,e_E,e_L,e_P
0.045370377600193024,1.873461127281189,1.3032054901123047,0.21531280875205994,0.582851767539978,0.9496949315071106,0.5245317220687866,1.0397883653640747,0.7806442975997925,0.175868421792984,0.9126642942428589,1.66744065284729,0.7978155016899109,0.00039999998989515007,0.7713120579719543,1.0005074739456177,0.6242276430130005,1.290603756904602,1.0325887203216553,0.3420209288597107,2.26088809967041,0.9578897953033447,0.9149719476699829,0.3063691258430481,0.15939021110534668,0.5494900345802307,0.1419605165719986,1.6083495616912842,1.3742763996124268,1.4960565567016602,1.1701456308364868,0.8768808841705322,0.5098024010658264,0.9062091708183289,1.4443638324737549,0.8290465474128723,0.6464000940322876,1.4877545833587646,0.35260453820228577,1.0257848501205444,1.5023351907730103,0.7417291402816772,0.1086559072136879,0.345975399017334,1.8198097944259644,0.5439073443412781,0.6620984673500061,0.11015428602695465,0.5546696782112122,0.8906870484352112,0.7227247953414917,0.9836472272872925,0.6009632349014282,0.2443149983882904,1.117039680480957,1.2823213338851929,1.3030513525009155
0.7471182942390442,0.04229292646050453,0.2343001663684845,0.332195520401001,0.6304186582565308,0.4022407531738281,0.3073982000350952,0.7390716671943665,1.221773624420166,1.2963206768035889,0.8055429458618164,0.8310460448265076,1.0065878629684448,0.00039999998989515007,1.4583532810211182,0.3184624910354614,0.41746366024017334,1.8259645700454712,0.17345982789993286,0.41020268201828003,1.9729245901107788,0.6675027012825012,0.25004613399505615,0.8376342058181763,0.8722259998321533,0.3863321840763092,1.6388089656829834,2.1710827350616455,1.4263042211532593,0.787731945514679,0.2219848930835724,0.08074352890253067,0.4980754852294922,0.7706359028816223,0.8211067318916321,2.0540218353271484,1.256650447845459,0.3309670686721802,1.9745155572891235,1.492246389389038,1.6419283151626587,0.3080421984195709,0.27939870953559875,0.6448179483413696,2.0446183681488037,0.08576259016990662,1.2368448972702026,0.27962249517440796,0.8985400795936584,1.0729587078094482,0.30112043023109436,0.7648940086364746,0.8959280252456665,0.13672029972076416,0.09578148275613785,0.26734665036201477,0.579434335231781
0.4891515076160431,1.2545088529586792,0.04815421253442764,0.33438631892204285,0.3453478515148163,1.6798650026321411,0.8347645401954651,2.662219524383545,1.125,0.26007336378097534,0.9539346098899841,1.214243769645691,1.5391371250152588,0.00039999998989515007,1.3561421632766724,0.49390846490859985,1.1339027881622314,1.7153900861740112,1.3225830793380737,0.9265543222427368,1.6937685012817383,0.4930025339126587,0.11822409182786942,1.2461777925491333,0.5764467120170593,0.553388237953186,0.0022871922701597214,0.6990481019020081,0.4030716121196747,0.36093413829803467,1.043286919593811,1.1810129880905151,0.0633268728852272,0.20061682164669037,0.9085614681243896,0.11097176373004913,0.673105001449585,0.0908152163028717,0.001895631430670619,0.018707044422626495,0.9932423233985901,0.9997121095657349,0.6756522059440613,0.1896749883890152,2.5232651233673096,1.3683502674102783,1.0062662363052368,0.48483362793922424,0.04817993566393852,0.010973232798278332,0.022604800760746002,0.9324192404747009,0.6930413842201233,0.13713933527469635,0.527445375919342,0.4956173002719879,2.1447927951812744
0.01764288917183876,1.5241341590881348,0.9019186496734619,0.33435380458831787,0.8030830025672913,1.587780475616455,0.33673059940338135,1.6368046998977661,1.0005199909210205,0.18508140742778778,0.8690434098243713,1.1471614837646484,0.6990978121757507,0.00039999998989515007,1.2868026494979858,0.6982981562614441,0.9194024801254272,1.5920828580856323,1.3700628280639648,0.5539334416389465,2.537662982940674,0.9157806038856506,0.44186079502105713,0.45875105261802673,0.3726314604282379,0.27498507499694824,0.03739891201257706,1.3666508197784424,1.3140451908111572,0.24806928634643555,1.0557185411453247,1.1114240884780884,0.2628796696662903,0.920583188533783,0.969279944896698,0.5497077107429504,0.016669567674398422,0.6740649342536926,0.4684739112854004,0.9380911588668823,1.400376319885254,0.6715570688247681,0.374519407749176,0.20317180454730988,2.178833246231079,1.2425967454910278,1.59986412525177,0.18451698124408722,0.08079198002815247,1.1735213994979858,0.5109594464302063,0.8376356959342957,1.181929588317871,0.29165738821029663,0.9242355823516846,0.5789206624031067,1.1908690929412842
0.4898208677768707,1.0783230066299438,0.36627671122550964,0.4115462601184845,0.602490246295929,1.0582966804504395,0.18636268377304077,2.1519618034362793,1.1531070470809937,0.3818328082561493,0.5755137801170349,1.4555182456970215,0.15289613604545593,0.00039999998989515007,1.5560100078582764,0.5254173278808594,0.3711376190185547,1.4365782737731934,1.5738245248794556,1.6194545030593872,2.294038772583008,1.1845338344573975,0.7615404725074768,0.011868693865835667,0.24638977646827698,0.5103126764297485,0.7723098993301392,1.1245810985565186,1.8036479949951172,0.6020835041999817,1.1932294368743896,0.16211870312690735,0.2466370314359665,1.0769250392913818,1.4443631172180176,0.7769325375556946,0.12738493084907532,0.47387123107910156,0.13315312564373016,0.8001740574836731,1.1234089136123657,0.4369054138660431,0.48479780554771423,0.45241519808769226,1.3460931777954102,1.0359580516815186,1.4159826040267944,0.8975365161895752,0.3631896376609802,0.5524870753288269,0.19428206980228424,1.6998591423034668,1.379592776298523,0.06096451357007027,0.7724705338478088,0.35849830508232117,1.167724847793579
0.18431776762008667,0.7143473625183105,0.610853374004364,0.05339408665895462,0.20933103561401367,0.10259462893009186,1.0517098903656006,1.6058504581451416,0.7618669271469116,0.6541941165924072,0.5345063209533691,1.9218205213546753,0.9921433925628662,0.00039999998989515007,1.7863378524780273,0.6235729455947876,0.28084108233451843,1.8241201639175415,1.4307047128677368,0.9520867466926575,1.9402021169662476,1.235863208770752,1.5017542839050293,0.7476946115493774,0.11237024515867233,0.37212568521499634,0.6468416452407837,0.3851752281188965,2.684762477874756,0.7758326530456543,0.46948376297950745,0.30999457836151123,0.6121808290481567,0.830176830291748,1.5455291271209717,0.32270166277885437,0.6427631974220276,0.10894332081079483,0.17775185406208038,1.2351062297821045,0.7437397241592407,0.037987593561410904,0.711943507194519,1.3566956520080566,0.9251890778541565,0.4494257867336273,1.5256131887435913,0.32836198806762695,0.32963094115257263,1.0399689674377441,0.09786365926265717,1.8380218744277954,0.6770727634429932,0.5599377751350403,0.8449462652206421,0.03495417535305023,0.7332417964935303
0.06870274245738983,0.9396498799324036,1.221337080001831,0.6009905934333801,0.7135137319564819,0.24748511612415314,0.5688172578811646,1.9207929372787476,1.46578848361969,0.2395602911710739,1.117734432220459,1.6401089429855347,0.43967318534851074,0.00039999998989515007,1.649317979812622,0.47242817282676697,0.44989874958992004,0.9698845744132996,1.0259077548980713,0.6023941040039062,1.8613718748092651,0.3838920593261719,0.9567604660987854,0.021187705919146538,0.04255445674061775,0.12334246188402176,1.029863953590393,0.31926876306533813,2.16275954246521,1.0084266662597656,0.4574028551578522,1.2892028093338013,1.0234835147857666,1.6580071449279785,1.1334604024887085,0.7838868498802185,0.6075232625007629,0.2533203959465027,0.15271414816379547,0.8055344820022583,0.9682715535163879,0.16574257612228394,0.5561771988868713,0.8922191262245178,2.1991279125213623,0.8798383474349976,0.5423474907875061,0.6824683547019958,0.3131360411643982,1.146339774131775,0.7856284379959106,1.1121196746826172,0.11693057417869568,0.6638486981391907,0.7817472815513611,0.031679362058639526,2.008120059967041
0.3724740147590637,0.08023782074451447,0.1084422618150711,0.5121690630912781,1.1625611782073975,0.2761501967906952,0.1579822450876236,1.8069449663162231,1.2624388933181763,0.12558752298355103,0.5912715792655945,1.3874019384384155,0.7178750038146973,0.00039999998989515007,1.5484291315078735,0.6660993099212646,0.0037053136620670557,1.7617608308792114,1.1013182401657104,1.6723260879516602,2.067622661590576,1.0419524908065796,0.6630120277404785,0.20778554677963257,0.24699974060058594,0.7259258031845093,1.3850712776184082,1.57740318775177,1.918018102645874,0.5546414852142334,0.6431819200515747,0.020037300884723663,0.9102391004562378,0.30171263217926025,0.5090640783309937,1.70130455493927,0.5233442187309265,0.31789639592170715,0.605118989944458,1.2511650323867798,1.5316038131713867,0.2216436266899109,0.41821709275245667,0.6493834853172302,1.6828643083572388,1.061958909034729,1.5595089197158813,0.9368783235549927,0.14752556383609772,0.38099247217178345,0.0236754659563303,1.2834969758987427,1.0952867269515991,0.012887472286820412,0.45339855551719666,0.3295045793056488,1.174383521080017
0.6686773896217346,0.72469162940979,0.40737900137901306,0.6084221005439758,0.9446654319763184,1.1091501712799072,0.48689353466033936,2.276160955429077,1.3539589643478394,0.7905979156494141,0.3005925118923187,1.1376001834869385,0.5236120820045471,0.00039999998989515007,1.6251294612884521,0.6991503834724426,0.05577739328145981,1.4501713514328003,1.2578169107437134,1.621951937675476,1.7395946979522705,1.3391932249069214,0.8434950113296509,0.7000221610069275,0.17854057252407074,1.3621426820755005,0.15650157630443573,1.0751532316207886,1.4372291564941406,0.3131294250488281,0.828433632850647,0.4084780514240265,0.471948504447937,0.4487808346748352,0.2560197114944458,1.1329206228256226,0.009096156805753708,0.37591660022735596,0.4445829689502716,0.8441259264945984,1.186143159866333,0.7029271125793457,0.05273737758398056,0.1642797291278839,1.478277564048767,1.6071758270263672,1.1142666339874268,1.6293116807937622,1.0300555229187012,0.3614954948425293,0.051395490765571594,1.1381090879440308,1.4143439531326294,0.19173790514469147,0.8540335893630981,0.6993529200553894,1.4960600137710571
0.12631948292255402,0.9737454652786255,0.4504947066307068,0.2016117125749588,0.43654897809028625,1.298673152923584,0.35916927456855774,2.3006937503814697,1.1951292753219604,0.16215132176876068,0.5873613357543945,1.5003968477249146,0.3855135440826416,0.00039999998989515007,1.6361854076385498,0.7139566540718079,0.42000195384025574,2.3230478763580322,1.5328028202056885,1.1737332344055176,1.9989627599716187,0.8328636884689331,0.2980576753616333,0.06613136827945709,0.24335093796253204,0.38969889283180237,0.6362378001213074,1.1629054546356201,1.826905369758606,0.5596269965171814,1.1217763423919678,0.25745081901550293,0.44782981276512146,0.40529128909111023,1.366750717163086,0.7188094854354858,0.4757116734981537,0.5822242498397827,0.030805738642811775,0.541352391242981,1.2768797874450684,0.5098034739494324,0.3865722119808197,0.2619280219078064,1.7107654809951782,1.5890493392944336,1.7006489038467407,0.6293497085571289,0.03756311908364296,0.5725045204162598,0.278483510017395,1.0809999704360962,0.7743403911590576,0.021143468096852303,0.5833311080932617,0.4667157828807831,1.4359160661697388
0.37879613041877747,0.5038523077964783,0.05087243765592575,0.14750438928604126,0.3157012462615967,0.5225554704666138,0.5028584003448486,2.3293845653533936,0.784292459487915,0.4357898235321045,0.7141583561897278,1.9497406482696533,0.23065702617168427,0.00039999998989515007,1.9736840724945068,0.5484334230422974,0.23492354154586792,2.1531667709350586,1.753461241722107,0.9622291922569275,1.5849276781082153,0.9581533074378967,0.4727744162082672,0.8237028121948242,0.359447181224823,0.3359455168247223,0.8152019381523132,0.3973434865474701,2.3575286865234375,0.9474871158599854,0.4698789715766907,0.23952850699424744,0.8067743182182312,0.7088779807090759,2.175011396408081,0.5627098083496094,0.08132605254650116,0.26984843611717224,0.3005940318107605,0.04057744890451431,0.38283202052116394,0.20550060272216797,0.8357982039451599,0.8330326080322266,0.8944892883300781,1.4324913024902344,1.7167744636535645,0.27263757586479187,0.2598488926887512,1.0614567995071411,0.6238675713539124,1.6953182220458984,0.1954554319381714,0.45768725872039795,0.4373783767223358,0.25497329235076904,0.8417578339576721
0.18007458746433258,0.94615638256073,0.3128680884838104,0.012520389631390572,0.10375478863716125,1.6461220979690552,0.4491683542728424,2.6163578033447266,0.826539158821106,0.32605037093162537,0.47026506066322327,1.4321200847625732,1.131079077720642,0.00039999998989515007,1.152263879776001,0.38118574023246765,0.6165433526039124,2.613891839981079,1.5691012144088745,0.81112140417099,1.3878117799758911,0.8762840032577515,0.6425433158874512,1.013323426246643,0.40178942680358887,0.8007804155349731,0.37473148107528687,0.7864705324172974,1.056030511856079,0.7669200897216797,1.27737557888031,0.3774459660053253,0.04046650975942612,0.3889503479003906,1.5430127382278442,0.37361791729927063,0.4716155529022217,0.43045517802238464,0.33956262469291687,0.09551023691892624,0.8862890601158142,0.8925115466117859,0.5728724002838135,0.018542258068919182,1.5997979640960693,1.3214868307113647,1.2413526773452759,1.4996938705444336,0.006177127826958895,0.15848371386528015,0.5775753259658813,1.140526533126831,0.9615100622177124,0.9831275343894958,0.7375485301017761,0.21154703199863434,1.6656376123428345
0.4937129616737366,0.4080299735069275,0.3212432563304901,0.1787516176700592,0.5226318836212158,0.22703704237937927,1.3167943954467773,1.9207546710968018,0.7200241684913635,0.13145101070404053,0.1028638705611229,2.534876823425293,0.27450475096702576,0.00039999998989515007,1.6531765460968018,0.8169602751731873,0.6393839716911316,2.0542361736297607,1.442842721939087,0.30146998167037964,2.2943623065948486,0.2102789729833603,0.6895037889480591,0.6248095035552979,0.0600321888923645,0.2973615527153015,0.9681702852249146,0.38290202617645264,2.1874241828918457,1.0401179790496826,0.4577632248401642,0.052212294191122055,0.7385933995246887,0.5201358199119568,1.6381406784057617,0.13380067050457,0.330746591091156,0.36034268140792847,0.428781121969223,0.061501193791627884,0.7792374491691589,0.7309195399284363,1.3786734342575073,0.46181178092956543,1.5047820806503296,1.4716966152191162,1.201102614402771,0.45411816239356995,0.760230541229248,1.292088270187378,0.34219056367874146,1.0160049200057983,0.18511582911014557,0.2530914843082428,0.6962953209877014,1.0316741466522217,0.9322894215583801
0.19366386532783508,1.0462853908538818,1.0462048053741455,0.3446277678012848,0.16404733061790466,0.7248446345329285,0.20323283970355988,2.2574591636657715,1.182000756263733,0.1294575035572052,1.3376165628433228,1.6049314737319946,0.07920049130916595,0.00039999998989515007,1.7880148887634277,0.7863563895225525,0.3530164361000061,1.7002146244049072,1.6366544961929321,1.118294358253479,1.7979259490966797,0.8586460947990417,0.3052327632904053,0.5543755292892456,0.03489870950579643,0.04669611155986786,0.9616187810897827,0.892764151096344,1.7075612545013428,1.1162766218185425,1.4460724592208862,0.3611203730106354,0.32229605317115784,1.0846306085586548,1.4629855155944824,0.6048965454101562,0.3294355869293213,0.5694155097007751,0.059729475528001785,0.19537030160427094,1.032367467880249,0.4016817510128021,0.15471746027469635,0.45059287548065186,1.7738803625106812,0.9495986104011536,1.2181113958358765,0.04483165219426155,0.23886719346046448,1.057174801826477,0.02573506161570549,1.6081702709197998,0.1053132638335228,0.2601551115512848,0.5296952724456787,0.5966103076934814,1.8434956073760986
0.6198644638061523,0.8645920753479004,0.15859995782375336,0.30968210101127625,0.051291611045598984,1.2444052696228027,0.7418262362480164,2.935426950454712,1.2797996997833252,0.4537295997142792,1.3615220785140991,1.0911222696304321,0.19700217247009277,0.00039999998989515007,1.7433141469955444,0.6096242666244507,0.39610639214515686,2.0331413745880127,1.4425327777862549,1.5551477670669556,1.0301165580749512,0.7271093130111694,0.1169389858841896,0.19786831736564636,0.44642165303230286,0.7515625953674316,0.9657348990440369,0.4647150933742523,1.6435816287994385,0.09867846220731735,0.8565091490745544,0.03741984814405441,0.6307131052017212,0.15565963089466095,1.9309415817260742,0.5536037087440491,0.8808742165565491,0.23050792515277863,0.17797131836414337,0.18358901143074036,0.28719362616539,0.4912693500518799,0.47129055857658386,0.4560220539569855,1.5634331703186035,1.6935043334960938,1.537600040435791,0.4126790761947632,0.6145074963569641,0.11356456577777863,0.520317018032074,1.6643975973129272,0.3318161070346832,0.43516772985458374,0.2697392702102661,0.16447821259498596,1.5654035806655884
0.5724272131919861,0.4688561260700226,0.6614951491355896,0.556500256061554,1.0659551620483398,0.32096436619758606,0.15029074251651764,2.0970373153686523,0.7562991380691528,0.4316655099391937,0.5539106130599976,1.4665580987930298,0.5245240330696106,0.00039999998989515007,1.6699813604354858,0.2695547342300415,0.08617976307868958,2.579119920730591,1.2804980278015137,1.5497442483901978,1.419744610786438,0.6571827530860901,0.3920287787914276,0.9847503900527954,0.568138599395752,0.8964906930923462,1.4483678340911865,1.2175447940826416,1.6237306594848633,1.1454614400863647,0.6620751023292542,0.5944216251373291,0.6404133439064026,0.6710918545722961,0.9810184240341187,1.8641546964645386,0.5762386918067932,0.282736212015152,1.4201905727386475,0.04773367941379547,1.2053025960922241,0.15051640570163727,0.3742959201335907,0.0038440327625721693,0.9906624555587769,0.7337506413459778,1.344712734222412,1.1797856092453003,0.2869311273097992,0.8605437278747559,0.677986741065979,1.28177809715271,0.7817264199256897,0.4287947416305542,0.06601887196302414,0.1324479579925537,1.177344799041748
0.18001174926757812,1.180985689163208,1.000594139099121,0.14591950178146362,0.6314266324043274,0.3315301239490509,0.15252237021923065,2.5416762828826904,1.0626146793365479,0.5524306893348694,0.07606683671474457,1.8154481649398804,0.3655976355075836,0.00039999998989515007,0.7243252992630005,0.9191091060638428,0.006705152336508036,1.8018687963485718,0.9239717721939087,1.7266324758529663,1.9442731142044067,0.425916850566864,1.0159424543380737,0.9396511316299438,0.22921906411647797,0.6802162528038025,0.81938236951828,1.2583608627319336,1.4256203174591064,0.8323301672935486,0.8642035126686096,0.6024308204650879,0.6429585814476013,0.3629991412162781,0.8061425089836121,0.06813966482877731,0.4617612957954407,0.4660521149635315,0.4258866310119629,1.5682710409164429,1.1820734739303589,1.3323367834091187,0.02709723450243473,0.7363640666007996,2.220057725906372,1.0655488967895508,1.1550394296646118,0.28185468912124634,0.024032320827245712,1.1126538515090942,0.42137205600738525,0.5624585747718811,0.40236470103263855,0.11000774800777435,0.7353799939155579,0.27066782116889954,1.7448760271072388
0.6497635841369629,0.36980241537094116,0.004037835635244846,0.023296654224395752,0.6500557065010071,0.572721004486084,0.08249682188034058,2.8529460430145264,1.5084304809570312,0.9544634222984314,0.3635469675064087,1.8132916688919067,0.7242489457130432,0.00039999998989515007,1.6115235090255737,0.5024235248565674,1.1422395706176758,2.122011661529541,1.4188365936279297,0.3698533773422241,1.5828864574432373,0.22607606649398804,0.9471094012260437,0.46598130464553833,0.20262794196605682,0.0418199747800827,0.7462641596794128,0.10847192257642746,2.0023837089538574,0.2892778217792511,0.2229907065629959,0.5210311412811279,1.7184865474700928,0.5266175270080566,1.80624258518219,0.07792413234710693,0.7846119999885559,0.12499068677425385,0.48492246866226196,0.33948078751564026,0.28174349665641785,0.22393403947353363,1.625252366065979,0.5419071316719055,1.429057240486145,2.032329797744751,1.1719334125518799,0.2835482954978943,0.01714833825826645,0.28851455450057983,0.5329293012619019,0.4691726267337799,0.1896236389875412,0.3329266309738159,0.10367386043071747,0.6494304537773132,0.9653509855270386
0.47309812903404236,0.17548330128192902,0.027714794501662254,0.10411674529314041,0.31966814398765564,0.5467897653579712,0.480575829744339,2.8284873962402344,1.1942827701568604,0.29613447189331055,0.5591090321540833,1.5436207056045532,0.02953777275979519,0.00039999998989515007,1.957016944885254,0.5396146178245544,0.02407948113977909,2.34281063079834,1.6404664516448975,1.6795761585235596,1.3976362943649292,0.644329309463501,0.1365804225206375,0.30130138993263245,0.20478735864162445,0.9781319499015808,1.203789472579956,0.35536330938339233,2.0267019271850586,0.38571223616600037,0.6945915222167969,0.1735171526670456,0.9945828914642334,0.11572650820016861,1.350915551185608,0.8611515760421753,0.6576729416847229,0.12091957032680511,0.44959649443626404,0.11651614308357239,0.6159881949424744,0.14301162958145142,0.7223681807518005,0.5470627546310425,1.4610008001327515,1.5082427263259888,1.5844396352767944,0.526340901851654,0.36920154094696045,0.4268474578857422,0.6077066659927368,1.5089994668960571,0.41924989223480225,0.24231848120689392,0.1436164230108261,0.03904983773827553,1.5815635919570923
0.3089424967765808,0.5097519755363464,0.04770386219024658,0.41310736536979675,0.11161461472511292,1.1682652235031128,0.6362674236297607,2.6695029735565186,1.1770156621932983,0.8423976898193359,1.1989223957061768,0.8732697367668152,0.3727380037307739,0.00039999998989515007,2.2858197689056396,0.008715867064893246,0.01474055740982294,2.4289357662200928,1.6932942867279053,1.0491325855255127,1.0466793775558472,0.9832901954650879,0.1388406604528427,0.12456958740949631,0.3236265480518341,1.0215789079666138,0.0829055979847908,0.4071260392665863,2.059256076812744,0.7003998160362244,0.33125054836273193,0.0756048932671547,0.8602108359336853,0.6549698114395142,1.3850562572479248,1.1513354778289795,0.6463620066642761,0.5627570748329163,0.26080209016799927,0.22180837392807007,0.20902663469314575,0.5287443995475769,0.849977970123291,0.8856169581413269,1.1093701124191284,1.5358272790908813,1.9168310165405273,0.2957274615764618,0.914352297782898,0.7131521701812744,0.5596921443939209,1.134897232055664,0.8632168769836426,0.5966277122497559,0.12502609193325043,0.3248533606529236,0.8047506213188171
0.6329666376113892,0.040314629673957825,0.34010645747184753,0.08447142690420151,0.3116660714149475,0.5988380908966064,0.5044052004814148,3.0646140575408936,0.9596412181854248,0.13597208261489868,0.588668942451477,1.5869253873825073,0.14600497484207153,0.00039999998989515007,1.9611808061599731,0.2581147253513336,0.2277749478816986,2.584245443344116,1.7766270637512207,1.4760847091674805,1.1960489749908447,0.4932319223880768,0.14182129502296448,0.33994629979133606,0.08755926042795181,0.9680561423301697,1.0378295183181763,0.02631966769695282,1.7756187915802002,0.47516849637031555,0.6383928060531616,0.13702309131622314,0.8908021450042725,0.08397011458873749,1.5317094326019287,0.7763302326202393,0.6422508358955383,0.326584130525589,0.5409232378005981,0.40877071022987366,0.379992812871933,0.05170419067144394,0.8759800791740417,0.35388651490211487,1.3744640350341797,1.4491370916366577,1.5309977531433105,0.4645129144191742,0.27768391370773315,0.641562283039093,0.8095861077308655,1.4970612525939941,0.25316840410232544,0.43572044372558594,0.018388792872428894,0.08844516426324844,1.5823196172714233
0.09065446257591248,0.27916908264160156,0.01316804438829422,0.12593446671962738,0.5014116168022156,0.54893958568573,0.09830718487501144,2.8261539936065674,1.4159706830978394,0.6508321166038513,1.0285509824752808,1.631355881690979,0.3566507399082184,0.00039999998989515007,2.0654103755950928,0.9580692648887634,0.21229952573776245,2.1356453895568848,1.4079055786132812,1.6668264865875244,0.9875077605247498,0.6808892488479614,0.05190890654921532,0.5521711111068726,0.9436784982681274,0.8939740657806396,1.299634337425232,0.606370210647583,1.8386001586914062,0.9566918015480042,0.4987044930458069,0.6490114331245422,0.8123324513435364,0.3335193991661072,1.6301804780960083,0.22287608683109283,0.39117375016212463,0.30362823605537415,0.9692386388778687,0.16074813902378082,0.3210202753543854,0.12179786711931229,0.09866416454315186,0.3344464898109436,1.2808338403701782,1.4036566019058228,0.876076340675354,0.5980125665664673,0.2454216033220291,0.015812329947948456,0.6377494931221008,1.658746361732483,0.198006272315979,0.1617625206708908,0.26283544301986694,0.53929603099823,1.8028221130371094
0.7392250895500183,0.536644458770752,0.1778562366962433,0.05160041153430939,0.03176995739340782,0.8849661350250244,0.8206776976585388,3.0753095149993896,1.2381550073623657,0.0860443040728569,0.6617312431335449,1.1554043292999268,0.006584122311323881,0.00039999998989515007,1.727392554283142,0.1548730880022049,0.2267293483018875,2.157590866088867,1.498475193977356,1.7207777500152588,1.2667607069015503,0.6339495182037354,0.21562612056732178,0.12523813545703888,0.4862389862537384,0.9433156251907349,0.9913140535354614,0.13588100671768188,1.9738378524780273,0.10666350275278091,1.1300629377365112,0.0776306539773941,0.9548580050468445,0.5346680879592896,1.7574999332427979,0.7889910340309143,0.8971385955810547,0.19104818999767303,0.07688625901937485,0.1581054925918579,0.4355783462524414,0.4949975907802582,0.8883342146873474,0.539300799369812,1.1180973052978516,1.4934700727462769,1.5897026062011719,0.5804004669189453,0.6278892159461975,0.01384728867560625,0.4713755249977112,1.423976182937622,0.8017726540565491,0.3358708322048187,0.05575180798768997,0.6070330739021301,1.3304662704467773
0.08593558520078659,0.6821961402893066,0.5782467722892761,0.2400488555431366,0.2563060522079468,0.8913582563400269,0.6770259737968445,2.8770391941070557,0.7273448705673218,0.42799896001815796,0.09240029752254486,1.7576336860656738,0.9238330125808716,0.00039999998989515007,0.9984973073005676,0.7145912647247314,0.4972209930419922,2.520801544189453,1.3523902893066406,1.1721395254135132,1.8877005577087402,0.14198778569698334,0.17210808396339417,0.527868926525116,0.7425678372383118,0.4681445062160492,0.5514415502548218,1.3627208471298218,0.9301221966743469,0.8730481266975403,0.6954706311225891,0.6581532955169678,0.2065291553735733,0.8880038857460022,0.5355440974235535,0.778960645198822,0.8548424243927002,0.1959388554096222,0.3648937940597534,0.6393184065818787,0.9643175601959229,1.1532315015792847,0.21264751255512238,0.23409968614578247,2.6042888164520264,1.1922513246536255,1.5005286931991577,0.15210172533988953,0.30970391631126404,0.1997358649969101,0.07462958246469498,0.5221700072288513,0.18587371706962585,0.14097286760807037,0.3737245798110962,0.9148794412612915,1.8657400608062744
0.3071022927761078,0.33756473660469055,0.19113120436668396,0.11744244396686554,0.3417472839355469,0.8439425230026245,0.7912124991416931,3.0540170669555664,1.209910273551941,0.10162998735904694,0.3433291018009186,1.117207646369934,0.17691686749458313,0.00039999998989515007,1.8378760814666748,0.11001433432102203,0.11070998013019562,2.6425070762634277,1.6191250085830688,1.55150306224823,1.3265162706375122,0.8797173500061035,0.2520615756511688,0.10110730677843094,0.09533432126045227,0.9000093340873718,0.5781983733177185,0.0774587094783783,1.8872876167297363,0.14438572525978088,1.1292436122894287,0.020487289875745773,1.0820531845092773,0.21200592815876007,1.558611512184143,0.850090742111206,0.886710524559021,0.18020425736904144,0.3246161639690399,0.10727442055940628,0.5000113248825073,0.503277063369751,0.6599562168121338,0.5563405156135559,1.1055066585540771,1.6434900760650635,1.91500985622406,0.6146814823150635,0.5614363551139832,0.03156059980392456,0.7947117686271667,1.0493320226669312,0.6847286224365234,0.4242587983608246,0.05360452085733414,0.6942312717437744,1.0438481569290161
0.11810197681188583,0.5201582312583923,0.3314800262451172,1.0349559783935547,0.7714183330535889,0.6404672861099243,0.38524192571640015,2.814763069152832,0.7098729014396667,0.4372331500053406,0.35049962997436523,2.3309216499328613,0.5338990688323975,0.00039999998989515007,1.4735658168792725,0.6982511878013611,0.27763351798057556,1.825325846672058,1.7414305210113525,1.292488932609558,0.8018438816070557,0.01799832470715046,0.8174233436584473,0.5349730849266052,0.03785449638962746,1.111867904663086,1.3134539127349854,0.6318387389183044,2.0020089149475098,1.5045427083969116,0.21032674610614777,0.5739124417304993,1.2189360857009888,0.8956233859062195,1.288534164428711,0.7265461087226868,0.4379875063896179,0.17518825829029083,0.1345045268535614,1.1303844451904297,0.040598489344120026,0.6785809397697449,0.5078111886978149,0.09820439666509628,0.5643476843833923,1.6821823120117188,0.3469514846801758,0.45749375224113464,0.31446465849876404,0.04846697300672531,0.9371090531349182,1.275537371635437,0.8245278596878052,0.008894827216863632,0.26598989963531494,0.016148846596479416,1.8384885787963867
0.051912255585193634,0.16398181021213531,0.3698465824127197,0.103671595454216,0.4251689314842224,1.3283088207244873,0.9156886339187622,3.255634307861328,1.2463462352752686,0.15161125361919403,0.5830556750297546,1.0439097881317139,0.6237192153930664,0.00039999998989515007,2.093060255050659,0.2046107053756714,0.40821948647499084,2.8141117095947266,1.5449203252792358,1.1408931016921997,0.8664130568504333,0.8187980055809021,0.3361148536205292,0.00037540917401202023,0.016445670276880264,0.8765597343444824,0.330929160118103,0.3514067530632019,1.5093978643417358,0.04645644873380661,0.6145161986351013,0.0004414587456267327,0.8524485230445862,0.2407592535018921,1.376051425933838,1.1405435800552368,1.0096313953399658,0.1494181901216507,0.21320421993732452,0.44733378291130066,0.15046638250350952,0.4839452803134918,0.44848448038101196,0.1418715864419937,1.2637500762939453,2.0221340656280518,1.6676170825958252,0.7045180797576904,0.604941725730896,0.2065340131521225,0.9128177762031555,0.9866484999656677,0.277836412191391,0.4435793161392212,0.022045373916625977,0.03807550296187401,1.1957730054855347
0.43200984597206116,0.049472033977508545,0.876336932182312,0.25600600242614746,0.7677633762359619,0.2738760709762573,0.9071208834648132,2.529547929763794,0.755057156085968,0.32304081320762634,0.19764064252376556,1.4904667139053345,0.4242585003376007,0.00039999998989515007,0.8253399729728699,1.2540438175201416,0.1448018103837967,2.3365864753723145,1.1113073825836182,1.8978252410888672,1.5886954069137573,0.13387703895568848,0.33286213874816895,0.2848644256591797,0.04639803245663643,0.2459041178226471,1.5231270790100098,1.7008963823318481,1.5347687005996704,0.856739342212677,1.1928790807724,0.08165659755468369,0.4275096654891968,0.9123702645301819,0.6009024977684021,0.7691349387168884,0.7108179926872253,0.4530712068080902,0.363081693649292,1.1088968515396118,1.0484230518341064,0.7301929593086243,0.06282113492488861,0.551175057888031,1.9179561138153076,1.017296552658081,1.8123748302459717,0.3040083944797516,0.3396832048892975,0.20024392008781433,0.06160753220319748,0.9866278171539307,0.022623367607593536,0.1212766245007515,0.3330073356628418,1.0263203382492065,1.7731637954711914
0.2594529986381531,0.2112438976764679,1.1501357555389404,0.8386703133583069,0.781080961227417,0.5360569953918457,1.3838006258010864,2.318066358566284,0.0037597580812871456,0.5221045017242432,0.05490852892398834,1.6663873195648193,0.3488219678401947,0.00039999998989515007,0.2895594537258148,1.307805061340332,0.05352356657385826,2.3194806575775146,1.2832002639770508,1.247756838798523,1.643446445465088,0.7552035450935364,0.0769139900803566,0.10564335435628891,0.2502131164073944,0.6499929428100586,1.8428291082382202,1.5148491859436035,1.2635384798049927,0.7489233016967773,0.9437426924705505,0.030295517295598984,0.14929097890853882,0.05862259864807129,1.0600162744522095,1.4076282978057861,0.7733957767486572,0.34956812858581543,0.16028402745723724,0.7190060019493103,0.8844146132469177,0.028894495218992233,0.3932969272136688,0.488116979598999,1.6848822832107544,1.5407609939575195,1.8459649085998535,0.098480723798275,0.22214996814727783,0.46839404106140137,0.17460590600967407,1.2892028093338013,0.5696540474891663,0.4772973954677582,0.27839726209640503,0.9437386393547058,1.5994040966033936
0.1959541290998459,0.4029466509819031,0.14556953310966492,0.20982319116592407,0.2608015239238739,1.1219638586044312,1.1424709558486938,3.502068281173706,0.883462131023407,0.5333245992660522,0.9971734285354614,1.2065438032150269,0.9128251671791077,0.00039999998989515007,1.7258790731430054,0.4438447952270508,0.16115213930606842,2.682387113571167,1.7380077838897705,1.4722533226013184,0.8440981507301331,0.3659500777721405,0.33465519547462463,0.18515202403068542,0.19273032248020172,1.1335493326187134,0.29411521553993225,0.124480701982975,1.4032087326049805,0.22175584733486176,1.0856441259384155,0.23735453188419342,0.6200973391532898,0.2515287399291992,1.1539534330368042,0.37140390276908875,0.6208881735801697,0.0748768225312233,0.3233269155025482,0.6609321236610413,0.2667578458786011,0.5306071639060974,0.2864209711551666,0.10610450804233551,1.1835280656814575,1.9849188327789307,1.5285134315490723,0.6579319834709167,0.6936046481132507,0.018396323546767235,0.7893738150596619,0.8635624051094055,0.1756746470928192,0.3099525570869446,0.03573573753237724,0.15170498192310333,1.7259079217910767
0.20113369822502136,0.44588637351989746,0.008071455173194408,0.8197895884513855,1.3016172647476196,1.0584930181503296,1.0142595767974854,2.6179938316345215,0.3289307951927185,0.5866068601608276,0.627263069152832,0.7531837224960327,0.06252682209014893,0.00039999998989515007,1.435037612915039,0.7980222105979919,0.7105920314788818,2.8177425861358643,1.9106076955795288,0.4433767795562744,1.2553197145462036,0.32075512409210205,0.9870361089706421,0.8026572465896606,0.9179278612136841,0.0426136814057827,0.4157986640930176,0.4888874888420105,1.325589656829834,0.11202444136142731,1.5240334272384644,1.0117522478103638,0.0870908573269844,0.8341812491416931,1.3380873203277588,0.9332014918327332,0.09703025221824646,0.14223052561283112,0.7968059778213501,0.9978079795837402,0.4717833697795868,0.13721537590026855,0.6978460550308228,0.17407356202602386,0.28347769379615784,1.0867841243743896,2.3447234630584717,0.034413892775774,0.41359853744506836,2.284299850463867,0.5021263360977173,0.343540221452713,0.7531646490097046,0.34698545932769775,0.250214546918869,0.112179696559906,0.32035738229751587
0.31189146637916565,0.6346219182014465,0.7456677556037903,0.5780872702598572,1.4213755130767822,0.735123336315155,0.8085389733314514,2.5284676551818848,0.4563181400299072,0.11408701539039612,0.19121959805488586,0.5158257484436035,0.27796226739883423,0.00039999998989515007,2.123143196105957,0.3334614336490631,0.4053080677986145,3.1246237754821777,1.416785717010498,1.2784812450408936,0.6442396640777588,0.8297781944274902,1.0871635675430298,1.2100107669830322,0.09273894131183624,1.3074697256088257,0.2816697061061859,0.1579737663269043,1.5447660684585571,0.21933814883232117,0.6959866285324097,0.35476255416870117,0.38102206587791443,0.13143490254878998,0.7442389726638794,2.2933316230773926,0.4141954481601715,0.23467722535133362,0.8383974432945251,0.47610583901405334,0.41871291399002075,0.00567022617906332,0.11480823904275894,0.1457357257604599,0.226982980966568,0.7101394534111023,1.6526848077774048,1.2315926551818848,0.5194113254547119,1.3810961246490479,0.8017182350158691,0.9171006679534912,1.2261488437652588,0.8069162368774414,0.25810545682907104,0.3918800950050354,0.6332824230194092
0.5904496908187866,1.1250152587890625,0.4043382406234741,0.3253656029701233,0.46621906757354736,1.0935935974121094,1.245845079421997,3.260312557220459,0.9866490960121155,0.3595636487007141,1.0930283069610596,1.1705138683319092,0.7718053460121155,0.00039999998989515007,0.8515380024909973,0.7351066470146179,0.09639792144298553,2.190927267074585,1.1764320135116577,1.8351455926895142,0.9535520076751709,0.06555016338825226,0.25178197026252747,0.6814839243888855,0.7131288051605225,0.6543973088264465,0.8432437181472778,0.7477858662605286,0.9185464978218079,0.7152665257453918,1.8950265645980835,0.32802140712738037,0.20580607652664185,0.1756245344877243,1.5148015022277832,0.5146175622940063,0.673762321472168,0.515922486782074,0.12810231745243073,0.14750945568084717,0.776451826095581,1.0704424381256104,0.025986576452851295,0.07235012948513031,1.536462426185608,1.03260338306427,0.9419150948524475,0.5897731781005859,0.01407967321574688,0.911442220211029,0.11468471586704254,1.1184505224227905,0.1574281007051468,0.22626632452011108,0.174228236079216,0.6301366090774536,2.3379898071289062
0.027522843331098557,0.14029854536056519,0.36100807785987854,0.15169452130794525,0.1701655238866806,0.4940302073955536,0.1327676922082901,3.405790090560913,0.6923404932022095,0.23702362179756165,0.3897456228733063,1.7410974502563477,0.275368869304657,0.00039999998989515007,1.9407577514648438,0.35806524753570557,0.01159379631280899,3.1821491718292236,1.735022783279419,1.1467061042785645,0.8123999834060669,0.4506988227367401,0.14981324970722198,0.647510826587677,0.187327042222023,0.8105136156082153,0.6458456516265869,0.0326957106590271,1.955934762954712,0.7934448719024658,0.4379139840602875,0.43712761998176575,0.9190104603767395,0.07494229823350906,1.7167631387710571,0.6117921471595764,0.3504638373851776,0.0144082922488451,0.3851793110370636,0.7493458986282349,0.07724444568157196,0.11504940688610077,0.5703790187835693,0.23023100197315216,0.7169426083564758,1.7161792516708374,1.5023095607757568,0.5540283918380737,0.22997906804084778,0.48758742213249207,1.0791912078857422,1.1363091468811035,0.24822160601615906,0.5184870958328247,0.0244844201952219,0.29724666476249695,1.1730906963348389
0.18499255180358887,0.12309641391038895,0.36501285433769226,0.170242577791214,0.47688421607017517,0.8793290853500366,1.0247399806976318,3.6263232231140137,0.6385494470596313,0.13141193985939026,0.46941250562667847,1.1965104341506958,0.39324966073036194,0.00039999998989515007,1.7034544944763184,0.2511196732521057,0.18066255748271942,3.194037675857544,1.701541543006897,1.3549667596817017,0.74100261926651,0.2633082866668701,0.5140327215194702,0.18546032905578613,0.20095691084861755,0.9949021339416504,0.5762932896614075,0.06172076240181923,1.5004690885543823,0.21948663890361786,0.7593348026275635,0.06100885942578316,0.6774678826332092,0.3531413674354553,1.3106753826141357,0.9930188059806824,0.8753924369812012,0.3370264768600464,0.17896632850170135,0.7098069787025452,0.11554481089115143,0.2337811440229416,0.5257570743560791,0.03451273962855339,1.0570460557937622,1.7988954782485962,1.7420588731765747,0.5474016666412354,0.3945569097995758,0.33772388100624084,0.9793722629547119,0.9310051202774048,0.1408972144126892,0.5008028745651245,0.1906869262456894,0.13076737523078918,1.3392977714538574
0.3182269334793091,0.08329237252473831,0.13478444516658783,0.14108866453170776,0.267085462808609,0.6476029753684998,1.1424696445465088,3.5956945419311523,0.9859143495559692,0.39485958218574524,0.4281015992164612,1.1454787254333496,0.06281577050685883,0.00039999998989515007,1.6956171989440918,0.09162363409996033,0.24815870821475983,3.145840883255005,1.5627907514572144,1.1273125410079956,0.5328677892684937,0.32198137044906616,0.19097957015037537,0.16574081778526306,0.4363989233970642,0.45883163809776306,0.6965552568435669,0.07121749222278595,1.5781567096710205,0.29823604226112366,1.3461267948150635,0.24141429364681244,1.1288048028945923,0.5532456636428833,1.2783126831054688,0.09610526263713837,0.9863685369491577,0.2698773145675659,0.20491600036621094,0.4407515227794647,0.2945406436920166,0.691028892993927,0.2953842878341675,0.4686669707298279,1.3706860542297363,1.5932365655899048,1.844663143157959,0.03983687981963158,0.4682970941066742,0.2309534102678299,0.8769786953926086,0.8069274425506592,0.6094540357589722,0.27545347809791565,0.3960791528224945,0.09357299655675888,1.5600345134735107
0.1873481720685959,0.020001208409667015,0.27791285514831543,0.06601262837648392,0.11833234131336212,0.5630061626434326,0.40540239214897156,3.7822818756103516,0.8999291658401489,0.14524509012699127,0.4017101526260376,1.409950613975525,0.1577264666557312,0.00039999998989515007,1.9162492752075195,0.018473850563168526,0.06618795543909073,3.2618367671966553,1.5008251667022705,1.39913010597229,0.7328409552574158,0.33019953966140747,0.036681950092315674,0.19555750489234924,0.0533657930791378,1.0087618827819824,0.509736180305481,0.3953574299812317,2.026376485824585,0.23537032306194305,0.5814514756202698,0.12530983984470367,1.036144495010376,0.1785498410463333,1.505210280418396,0.6487272381782532,0.4863327145576477,0.45901361107826233,0.12564004957675934,0.24792985618114471,0.05567190796136856,0.29443758726119995,0.846311628818512,0.3806709051132202,0.8419776558876038,1.4480785131454468,1.5285488367080688,0.5740972757339478,0.43990159034729004,0.20820271968841553,0.7834196090698242,0.9939839243888855,0.1530282348394394,0.6627172827720642,0.0018319881055504084,0.23261499404907227,1.323405385017395
0.0716891810297966,0.15222343802452087,0.014051249250769615,0.18822917342185974,0.3475291132926941,0.6772952079772949,1.366346836090088,3.8683505058288574,0.3703247606754303,0.17935246229171753,0.8423938751220703,1.0296562910079956,0.758638322353363,0.00039999998989515007,1.5392963886260986,0.06385205686092377,0.09543884545564651,3.05078387260437,1.748396635055542,1.4233074188232422,0.55352383852005,0.15622678399085999,0.7446738481521606,0.07662717252969742,0.5783184170722961,1.1200875043869019,0.19372549653053284,0.8547066450119019,1.2673797607421875,0.013568946160376072,1.2033779621124268,0.6134887337684631,0.6802204847335815,0.07221183180809021,0.9303794503211975,0.2925923764705658,0.6207891702651978,0.5161414742469788,0.4534643590450287,0.9454305171966553,0.12743598222732544,0.49519282579421997,0.6362331509590149,0.11691982299089432,0.9962692260742188,1.5742287635803223,1.675384521484375,0.2223290503025055,0.600063681602478,0.3953576982021332,0.7337598204612732,0.49410590529441833,0.06891033053398132,0.3250066041946411,0.3546454608440399,0.03148844093084335,1.6898231506347656
0.38239049911499023,0.19409313797950745,0.43916016817092896,0.1904745101928711,0.013547736220061779,0.7730878591537476,1.5330760478973389,3.658661127090454,0.7318069338798523,0.1155889704823494,0.7928571701049805,0.7690328359603882,0.7816627621650696,0.00039999998989515007,1.5795791149139404,0.02943159081041813,0.0012951984535902739,3.3005874156951904,1.445967435836792,1.0105005502700806,0.2036799192428589,0.15073058009147644,0.7402313947677612,0.050632379949092865,0.49502289295196533,0.7513996958732605,0.11986920982599258,0.5338339805603027,1.2685108184814453,0.05958996340632439,1.4087426662445068,0.6330459713935852,0.9893412590026855,0.2148255556821823,0.8135694861412048,0.0410623624920845,1.1072660684585571,0.29021531343460083,0.5285062193870544,0.7095655798912048,0.16553881764411926,0.960426390171051,0.12945176661014557,0.13378514349460602,1.2164421081542969,1.6760615110397339,1.8035424947738647,0.19703315198421478,0.5449690222740173,0.027580495923757553,0.8426567912101746,0.030258001759648323,0.5428310036659241,0.15705686807632446,0.5396152138710022,0.282604843378067,1.677494764328003
0.06988567858934402,0.1607040911912918,0.3195788264274597,0.1065748780965805,0.08527693152427673,1.0367461442947388,0.639829158782959,3.834383726119995,0.7609634399414062,0.07586267590522766,0.2998015284538269,1.3417446613311768,0.537547767162323,0.00039999998989515007,1.6404119729995728,0.19904203712940216,0.12407271564006805,3.6588642597198486,1.5456087589263916,1.1171013116836548,0.7569795250892639,0.16844864189624786,0.33285918831825256,0.059250857681035995,0.17899496853351593,0.79874187707901,0.4171845614910126,0.004614110104739666,1.6317187547683716,0.3784339725971222,0.8357774615287781,0.2044249027967453,0.6820245385169983,0.28862464427948,1.5339226722717285,0.6163314580917358,0.8427755236625671,0.07549631595611572,0.01370975747704506,0.6133151650428772,0.2953069806098938,0.3478468656539917,0.47564399242401123,0.13114456832408905,0.9166925549507141,1.7078756093978882,1.5226445198059082,0.588371753692627,0.0817827582359314,0.0616193525493145,0.9765061140060425,0.6523897051811218,0.05350838601589203,0.40965285897254944,0.12393239140510559,0.19493567943572998,1.2738124132156372
0.11518321931362152,0.007106148172169924,0.1592310667037964,0.07458872348070145,0.11218298971652985,0.6968451142311096,1.0569387674331665,4.042116165161133,0.6563527584075928,0.035406265407800674,0.6778727173805237,1.112128496170044,0.5846881866455078,0.00039999998989515007,1.7504503726959229,0.005095461383461952,0.08574855327606201,3.3445568084716797,1.6626396179199219,1.3176883459091187,0.5395638346672058,0.023564055562019348,0.6376007199287415,0.1588338315486908,0.1516941338777542,0.9328564405441284,0.4367779791355133,0.5779467225074768,1.5004875659942627,0.1541064977645874,0.9559237360954285,0.18525326251983643,0.7866141200065613,0.041491590440273285,1.2613223791122437,0.3956460952758789,0.6884874701499939,0.39301714301109314,0.09219839423894882,0.9245525598526001,0.022626355290412903,0.32503873109817505,0.5724068284034729,0.08934035152196884,0.9213085770606995,1.5986331701278687,1.5178121328353882,0.2456081211566925,0.39700430631637573,0.3639466464519501,0.8260151743888855,0.6529902815818787,0.060904361307621,0.26322031021118164,0.33134984970092773,0.012450882233679295,1.5150237083435059
0.02263152226805687,0.08109491318464279,0.12898078560829163,0.3488979637622833,0.8426823019981384,0.32533010840415955,0.08701787889003754,3.7157137393951416,0.993343710899353,0.44946038722991943,0.3548579812049866,1.708634376525879,0.2693619132041931,0.00039999998989515007,1.6137803792953491,0.7194547057151794,0.5067536234855652,3.1869730949401855,1.3347737789154053,1.55519700050354,0.547383725643158,0.228091299533844,0.24950101971626282,0.18003003299236298,0.6594679951667786,1.0610970258712769,0.9096384644508362,0.11080299317836761,1.8468775749206543,0.8897478580474854,0.6798778176307678,0.7191190123558044,0.8884040713310242,0.2859630286693573,1.4807178974151611,0.03571883589029312,0.5256140828132629,0.09455814212560654,0.38292279839515686,0.20047268271446228,0.23779074847698212,0.32650133967399597,0.21810941398143768,0.29705002903938293,0.903023362159729,1.2722816467285156,0.9252434968948364,0.7282074689865112,0.09135887771844864,0.6806002855300903,0.8399935364723206,1.1269360780715942,0.3602931499481201,0.4363495111465454,0.02675355225801468,0.26181918382644653,1.6964592933654785
0.38185328245162964,0.22128674387931824,0.13471661508083344,0.2153054028749466,0.5087924003601074,0.7196540832519531,0.4762948453426361,4.008985996246338,0.6262268424034119,0.005434374790638685,0.7450774908065796,1.4890462160110474,1.1794612407684326,0.00039999998989515007,1.6076598167419434,0.5086605548858643,0.17820316553115845,3.4491758346557617,1.4820408821105957,0.8589150309562683,0.6605650782585144,0.17388109862804413,0.6461976170539856,0.23233474791049957,0.3517097234725952,0.4341956675052643,0.3035646677017212,0.09418942034244537,1.4338538646697998,0.8914797306060791,0.7965527176856995,0.22528889775276184,0.5350269079208374,0.2875588834285736,1.3974244594573975,0.22358396649360657,0.2779826521873474,0.3627782464027405,0.05924143269658089,1.0958060026168823,0.20458975434303284,0.1658402979373932,0.1714353859424591,0.43945014476776123,0.9917631149291992,1.8250463008880615,1.0862054824829102,0.13354074954986572,0.05304752662777901,0.296083003282547,0.7257278561592102,0.3403192460536957,0.6243981122970581,0.07169529050588608,0.03201424330472946,0.7782549262046814,1.6703981161117554
0.13752086460590363,0.058735694736242294,0.41139093041419983,0.12668153643608093,0.2871328294277191,0.7350844740867615,0.6298419237136841,4.238615989685059,0.47494426369667053,0.07241364568471909,0.5501353144645691,1.2941925525665283,0.8854674696922302,0.00039999998989515007,1.7256942987442017,0.14931485056877136,0.1890663057565689,3.4336397647857666,1.5702179670333862,1.0603489875793457,0.39230877161026,0.0067266919650137424,0.735798180103302,0.25296053290367126,0.2453559786081314,0.7726537585258484,0.20323802530765533,0.4610849916934967,1.3969621658325195,0.530534029006958,0.6105588674545288,0.03899770230054855,0.6869006752967834,0.0795699954032898,1.5159012079238892,0.34403130412101746,0.42877504229545593,0.04149642214179039,0.05392395704984665,1.3071177005767822,0.2048012763261795,0.06532850861549377,0.48868057131767273,0.3508906066417694,0.5083044171333313,1.9132353067398071,1.296216368675232,0.36700618267059326,0.2797084152698517,0.2065078765153885,0.9682633280754089,0.5065682530403137,0.34919804334640503,0.2625693678855896,0.22060610353946686,0.2167941778898239,1.233436942100525
0.06915348023176193,0.07639994472265244,0.15695296227931976,0.28350284695625305,0.5630818605422974,0.3988110423088074,0.3330923616886139,3.3550944328308105,1.3808667659759521,0.9306027889251709,0.02827421948313713,1.1604321002960205,0.6868086457252502,0.00039999998989515007,1.2996982336044312,0.4946000576019287,0.1816742867231369,3.784102439880371,0.8735308647155762,0.2350916713476181,0.5340920090675354,0.259424090385437,0.48424044251441956,0.3302060067653656,0.09425082802772522,0.26517924666404724,0.34007856249809265,0.9692164659500122,1.5425547361373901,0.9154021143913269,1.0002198219299316,0.41218605637550354,0.8136367201805115,1.073379397392273,1.2002795934677124,0.4922875165939331,0.8240004181861877,0.5164180994033813,0.31107982993125916,0.3041250705718994,0.6950574517250061,0.8250888586044312,0.09534770250320435,0.5257367491722107,2.1454131603240967,0.9915562272071838,0.9107772707939148,0.19882060587406158,0.6007831692695618,0.09186509996652603,0.3851762115955353,0.4714009463787079,0.84579998254776,0.1751236468553543,0.11879132688045502,0.769189715385437,2.0237390995025635
0.08935363590717316,0.8106316328048706,0.38783708214759827,0.3226276934146881,0.20878978073596954,0.28079676628112793,0.3220023512840271,4.000392436981201,0.40816769003868103,0.19574756920337677,0.03294603154063225,1.3192460536956787,0.10801415145397186,0.00039999998989515007,1.9335277080535889,0.08157248795032501,0.14324845373630524,3.86867356300354,1.4665372371673584,0.8963428735733032,0.5323460698127747,0.08741317689418793,0.2372179627418518,0.6228560209274292,0.27801260352134705,1.040005087852478,0.44704726338386536,0.6338237524032593,1.8583961725234985,0.48426058888435364,0.3124619126319885,0.2646544873714447,0.7604601979255676,0.29034504294395447,1.0921497344970703,0.9105783700942993,0.41992220282554626,0.4565495252609253,0.2737416923046112,0.8714963793754578,0.016623349860310555,0.23103593289852142,0.6442173719406128,0.07144992798566818,0.5272926688194275,1.4046199321746826,1.3592158555984497,0.42285364866256714,0.2525229752063751,0.5396701693534851,1.0051943063735962,0.7120040655136108,0.11983823776245117,0.5491719841957092,0.1881105750799179,0.2359219342470169,1.066286325454712
0.34281665086746216,0.028306033462285995,0.26668402552604675,0.42332401871681213,0.016264978796243668,0.8288585543632507,1.1023368835449219,4.342701435089111,0.43250125646591187,0.07211943715810776,0.9870994091033936,0.671986997127533,0.5737065672874451,0.00039999998989515007,1.4740592241287231,0.18905077874660492,0.07251447439193726,3.4015824794769287,1.3734962940216064,1.2869322299957275,0.11877314001321793,0.05898309126496315,0.7241252064704895,0.14712974429130554,0.08772224932909012,1.2496901750564575,0.2186388522386551,0.763539731502533,1.3786791563034058,0.03762630373239517,0.8768813014030457,0.21242119371891022,0.4652961194515228,0.2969846725463867,1.3058524131774902,0.48653239011764526,0.5954801440238953,0.4906058609485626,0.40989840030670166,0.9028040170669556,0.11301512271165848,0.20234568417072296,0.08404305577278137,0.4728889763355255,0.5422441363334656,1.8322677612304688,1.265442132949829,0.5053361058235168,0.791790783405304,0.05610331892967224,0.8106163740158081,0.5382307171821594,0.20602717995643616,0.44778886437416077,0.11795995384454727,0.38834264874458313,1.3895198106765747
0.09453418105840683,0.05807245522737503,0.448421835899353,0.2317274957895279,0.2874120771884918,1.0262397527694702,0.7070499658584595,4.381071090698242,0.6682471632957458,0.225245401263237,0.20926405489444733,1.0710020065307617,0.7113534808158875,0.00039999998989515007,1.5441663265228271,0.039259739220142365,0.1412511020898819,3.9427883625030518,1.3648700714111328,0.9431479573249817,0.412038654088974,0.03229933977127075,0.441781610250473,0.177529975771904,0.09172062575817108,0.8008989691734314,0.06720954924821854,0.3018372058868408,1.2799335718154907,0.23905467987060547,0.7863813638687134,0.10439549386501312,0.5967374444007874,0.3591519594192505,1.4079359769821167,0.3964400291442871,0.8659753203392029,0.1845051348209381,0.1068752184510231,0.8578672409057617,0.030108816921710968,0.434707373380661,0.3766050636768341,0.3308041989803314,0.7462161779403687,1.655730962753296,1.2713229656219482,0.488571435213089,0.09111687541007996,0.2926873564720154,0.9733853936195374,0.3097129464149475,0.044672124087810516,0.37690088152885437,0.2004990130662918,0.052445005625486374,1.183642864227295
0.3320704996585846,0.046078361570835114,0.0028663547709584236,0.0828433409333229,0.5296808481216431,0.6193311810493469,0.5961966514587402,4.526520252227783,0.5870566368103027,0.10878890007734299,0.5697410702705383,1.2883894443511963,1.0444753170013428,0.00039999998989515007,1.6060627698898315,0.2536833882331848,0.14640164375305176,3.5911829471588135,1.389049768447876,0.9069385528564453,0.3498750925064087,0.2813822627067566,0.6914817690849304,0.15167517960071564,0.2761407494544983,0.5617372989654541,0.26373133063316345,0.43160417675971985,1.3054784536361694,0.6497193574905396,0.7175095677375793,0.1912979632616043,0.6489254832267761,0.21768172085285187,1.269938349723816,0.20269136130809784,0.3646734356880188,0.06473841518163681,0.06170818954706192,1.2497004270553589,0.06857956200838089,0.19092051684856415,0.2087624967098236,0.48876747488975525,0.7446256875991821,1.7953356504440308,0.987882137298584,0.056165266782045364,0.11943930387496948,0.024233780801296234,0.7408563494682312,0.19524359703063965,0.6378554105758667,0.10663226991891861,0.21377182006835938,0.3422176241874695,1.5086146593093872
0.39635294675827026,0.36702778935432434,0.5961291790008545,0.491348534822464,0.10745792090892792,0.9838561415672302,0.5892594456672668,4.2116475105285645,0.05245264992117882,0.2203051596879959,0.27127858996391296,1.258881688117981,1.2167917490005493,0.00039999998989515007,1.1293729543685913,0.4079815149307251,0.4814947545528412,3.56455397605896,1.2080293893814087,0.9192826747894287,0.975725531578064,0.7459442019462585,1.124749779701233,0.5824627876281738,0.04149695485830307,0.6876095533370972,0.04639333486557007,0.4800383448600769,0.7741694450378418,0.109257273375988,0.12208028137683868,0.5897278189659119,0.15573625266551971,0.6736838221549988,0.8274116516113281,0.7242748737335205,0.8751510977745056,0.4123210608959198,0.18047386407852173,0.7658571004867554,0.3452295958995819,0.08246805518865585,1.1891924142837524,0.6316276788711548,1.3985342979431152,1.7009271383285522,1.3692351579666138,0.07071184366941452,0.45292946696281433,0.1054486483335495,0.508155345916748,0.08535149693489075,0.23060506582260132,0.007127443794161081,0.18412332236766815,0.8604708909988403,1.3347245454788208
1.231929898262024,0.39530470967292786,0.2385535091161728,0.03065263107419014,0.07712932676076889,0.5821508765220642,0.5614502429962158,4.133486747741699,0.610175609588623,1.0014060735702515,1.1009002923965454,0.5444429516792297,0.8123771548271179,0.00039999998989515007,2.479135274887085,0.10822638124227524,0.4415305554866791,3.071167230606079,1.4346990585327148,0.9451756477355957,0.09361588954925537,0.6640365123748779,0.6467023491859436,0.5230434536933899,0.18072262406349182,1.3231769800186157,0.6339088678359985,0.981532871723175,1.4406131505966187,0.2993428409099579,0.19311365485191345,0.07692734897136688,0.48568496108055115,0.6925699710845947,0.6302773356437683,1.0075656175613403,0.17498521506786346,0.5050132274627686,0.12233076989650726,0.9046103358268738,0.8990740776062012,0.017970114946365356,0.16520541906356812,0.047971367835998535,0.2901020348072052,1.4921082258224487,1.1005942821502686,0.4527597725391388,1.1339952945709229,0.5555337071418762,0.5041317939758301,0.6758059859275818,0.37814709544181824,0.38644927740097046,0.08612704277038574,0.4635198712348938,0.7651996612548828
0.11947742104530334,0.1852557212114334,0.14644087851047516,0.3890736997127533,0.44350722432136536,0.9063243269920349,0.8514000773429871,4.350220203399658,0.5084667205810547,0.22644901275634766,0.36396902799606323,1.3215354681015015,0.7693386077880859,0.00039999998989515007,1.1607593297958374,0.632868766784668,0.133599191904068,3.9367258548736572,1.185233235359192,1.0650221109390259,0.43639490008354187,0.5115314722061157,0.5168657898902893,0.33181217312812805,0.21949352324008942,0.8075608611106873,0.3980924189090729,0.03353245183825493,1.1428459882736206,0.3585318326950073,0.8672007322311401,0.04121309518814087,0.46018093824386597,0.4802529811859131,1.1189682483673096,0.08226903527975082,0.7905257344245911,0.05045690760016441,0.13494561612606049,0.4284868836402893,0.30694887042045593,0.45045459270477295,0.10480284690856934,0.17171694338321686,1.103689193725586,1.6082146167755127,1.203655481338501,0.26243942975997925,0.17481446266174316,0.7477425336837769,0.7174912095069885,0.32568246126174927,0.21629005670547485,0.29987403750419617,0.1227167472243309,0.7055044770240784,1.7071199417114258
0.23775407671928406,0.22017689049243927,0.33957478404045105,0.01528459507972002,0.01665661111474037,0.7279421091079712,0.8768247365951538,4.658782005310059,0.18554432690143585,0.09074877947568893,0.33739349246025085,0.9633780121803284,0.7215123176574707,0.00039999998989515007,1.4473481178283691,0.12810246646404266,0.0339374877512455,3.9549989700317383,1.438917636871338,0.9688488841056824,0.24392995238304138,0.25523608922958374,0.7275842428207397,0.0257561095058918,0.13907334208488464,0.8760039806365967,0.010704077780246735,0.612785816192627,1.2266265153884888,0.12656979262828827,0.5342085361480713,0.11738085746765137,0.4250186085700989,0.26029613614082336,1.0539491176605225,0.6259288787841797,0.6336863040924072,0.3940727412700653,0.12353856861591339,1.0293909311294556,0.2609909772872925,0.18176400661468506,0.42235931754112244,0.412238210439682,0.6232410669326782,1.7221218347549438,1.4229320287704468,0.2404998242855072,0.24430081248283386,0.08005310595035553,0.832527220249176,0.200151726603508,0.0678042322397232,0.30065301060676575,0.27388444542884827,0.09484419226646423,1.1147313117980957
0.4174908995628357,0.11296190321445465,0.21245402097702026,0.36484092473983765,0.3063480854034424,0.8736280798912048,0.4398631453514099,3.827045440673828,0.1368761956691742,0.5416904091835022,0.17188124358654022,0.8711139559745789,0.8607178926467896,0.00039999998989515007,1.0298720598220825,0.5713568925857544,0.12815071642398834,4.323538780212402,0.7762277722358704,0.6022530198097229,0.1232648491859436,0.303903192281723,1.1223382949829102,0.5847038626670837,1.205189824104309,0.025043239817023277,0.0024671205319464207,0.6457133293151855,1.1438132524490356,1.3096685409545898,1.2394623756408691,0.07379312068223953,0.15906427800655365,0.42173153162002563,1.3643627166748047,0.19714583456516266,0.27373868227005005,1.05936861038208,0.33747532963752747,0.8624367713928223,0.520675778388977,0.23063376545906067,0.30587971210479736,0.9661669731140137,0.1935971975326538,1.1475167274475098,0.9728190302848816,0.7505134344100952,0.7676594853401184,0.2831054925918579,0.745335578918457,0.22222785651683807,0.3022596538066864,0.28987374901771545,0.04860586300492287,1.2300105094909668,1.253232479095459
0.5282441973686218,0.24776053428649902,0.30069249868392944,0.3040851354598999,1.156781792640686,0.22138768434524536,0.05071120709180832,4.353753566741943,0.7596344947814941,0.5484764575958252,0.5632072687149048,1.5015276670455933,0.5265729427337646,0.00039999998989515007,1.454406499862671,0.8263791799545288,0.7451661229133606,3.503936767578125,1.1373926401138306,1.4143110513687134,0.291141539812088,0.0573233999311924,0.06685387343168259,0.20116205513477325,0.8534203767776489,0.907767653465271,0.5401920676231384,0.08851394802331924,1.6881438493728638,0.9891348481178284,0.8251791596412659,0.4969402551651001,0.5947229266166687,0.21481052041053772,1.2005794048309326,0.5823445320129395,0.12549108266830444,0.31991884112358093,0.0594855472445488,0.31313538551330566,0.15371303260326385,0.4152456820011139,0.2396446168422699,0.0036227095406502485,0.6213937401771545,1.150695562362671,0.6218182444572449,0.48035305738449097,0.10677947849035263,0.8421567678451538,0.5320266485214233,0.6190991401672363,0.5147920250892639,0.08495592325925827,0.06466242671012878,0.34365445375442505,1.7223758697509766
0.25667643547058105,0.267360657453537,0.5469157099723816,0.09443072229623795,0.5338907837867737,0.5349482297897339,0.2506222426891327,4.734503269195557,0.37353381514549255,0.13090872764587402,0.07650946825742722,1.2742327451705933,0.687296450138092,0.00039999998989515007,1.5460224151611328,0.1473047435283661,0.13443304598331451,3.9856789112091064,1.3370201587677002,0.9562183022499084,0.1783912628889084,0.11159505695104599,0.3355763852596283,0.060548655688762665,0.28230801224708557,0.9330530762672424,0.05188826471567154,0.5868623852729797,1.4373866319656372,0.4328913986682892,0.26457738876342773,0.3004979193210602,0.6120679378509521,0.19925658404827118,1.2977403402328491,0.4023333191871643,0.3870477080345154,0.19960670173168182,0.010919556953012943,1.020990252494812,0.3195117115974426,0.003243975806981325,0.49374228715896606,0.3474019765853882,0.2920442223548889,1.6564815044403076,1.0003376007080078,0.5510307550430298,0.12374021112918854,0.2730557322502136,0.9225557446479797,0.34382691979408264,0.16467459499835968,0.34905558824539185,0.14306606352329254,0.07891293615102768,1.0035433769226074
0.14683681726455688,0.2118559181690216,0.605139970779419,0.08384188264608383,0.11400782316923141,1.1464608907699585,0.8379937410354614,4.4602861404418945,0.35485032200813293,0.27582475543022156,0.045223336666822433,1.437648057937622,0.051355209201574326,0.00039999998989515007,1.1096160411834717,0.8749535083770752,0.03928685933351517,4.018392086029053,0.9519547820091248,1.2493666410446167,1.062374472618103,0.4529837369918823,0.3362884819507599,0.16963352262973785,0.0476260781288147,0.3619951009750366,0.5345109105110168,0.6722741723060608,0.9708967208862305,0.5427140593528748,1.052223801612854,0.44171854853630066,0.10781290382146835,0.37201088666915894,1.2636034488677979,0.38912302255630493,0.13580569624900818,0.3862380385398865,0.261891633272171,0.011086835525929928,0.30134737491607666,0.34358760714530945,0.13819386065006256,0.174783855676651,0.7479346394538879,1.1212208271026611,1.3213167190551758,0.3183025121688843,0.5987877249717712,0.9698886871337891,0.43172305822372437,0.6462182402610779,0.30651143193244934,0.6353133916854858,0.3165256977081299,0.7610443830490112,1.3390699625015259
0.10313679277896881,0.3430871069431305,0.011490223929286003,0.14172011613845825,1.1946558952331543,0.2761809527873993,0.12977106869220734,4.295520782470703,0.28042125701904297,0.6997784972190857,0.20449043810367584,1.4863921403884888,0.9963599443435669,0.00039999998989515007,1.1687849760055542,0.3783824145793915,0.20339231193065643,3.56805682182312,1.136080026626587,0.27713894844055176,0.31471768021583557,1.0925915241241455,0.2764694392681122,0.14819768071174622,0.22430042922496796,0.1832660734653473,0.38694319128990173,1.331085443496704,1.638893485069275,0.4283730685710907,0.08763465285301208,0.2685287594795227,1.1904710531234741,0.5319418907165527,1.2287570238113403,0.46228164434432983,0.28270426392555237,0.2507515847682953,0.33434516191482544,1.3602159023284912,0.36370959877967834,0.3623272478580475,1.1057463884353638,0.3536173403263092,0.3032292127609253,1.629963994026184,0.6395614147186279,0.746243953704834,0.4103744626045227,0.2705971598625183,0.6632063388824463,0.5717676281929016,0.9041392207145691,0.526406466960907,0.3659124970436096,0.03296211361885071,0.9505901336669922
0.49173399806022644,0.5958050489425659,0.060444049537181854,0.4927595257759094,0.9163423180580139,0.10692202299833298,0.052159734070301056,4.336520195007324,0.1005232110619545,0.4593203365802765,0.12144335359334946,1.363269329071045,1.1844500303268433,0.00039999998989515007,1.1588457822799683,0.31187704205513,0.22762005031108856,3.475436210632324,1.2803937196731567,0.14931224286556244,0.02678675763309002,0.8956699967384338,0.27344629168510437,0.1150617003440857,0.12613613903522491,0.3992174565792084,0.012712805531919003,1.434537649154663,1.363288402557373,0.4583510756492615,0.12666833400726318,0.15929913520812988,1.021317958831787,0.5232608318328857,1.0912895202636719,0.4327344000339508,0.0879838690161705,0.23452308773994446,0.5542911887168884,1.821128249168396,0.6747798323631287,0.4652562439441681,0.7987719178199768,0.6257871389389038,0.028916973620653152,1.976980209350586,0.5837994813919067,0.38093724846839905,0.06968370079994202,0.15956777334213257,0.9331516027450562,0.5572775602340698,0.9659516215324402,0.3267853260040283,0.3065865635871887,0.10496532917022705,0.8116809129714966
0.5001351237297058,0.5564306378364563,0.7260716557502747,0.20410124957561493,0.00025985995307564735,0.7591108083724976,0.8977551460266113,4.2962727546691895,0.268698513507843,0.4445111155509949,0.14941348135471344,0.559180736541748,0.8067740201950073,0.00039999998989515007,1.1224316358566284,0.31026098132133484,0.08126913011074066,4.220682621002197,1.01917564868927,0.5931150913238525,0.4981596767902374,0.5196048021316528,1.5150086879730225,0.4037542939186096,0.4102911651134491,0.7775707244873047,0.282644659280777,0.48501110076904297,0.7179646492004395,0.5091994404792786,0.7481005191802979,0.04692841321229935,0.289858341217041,0.5409200191497803,0.9316856265068054,0.8448697924613953,0.652294397354126,0.02592316083610058,0.04415401071310043,1.6222857236862183,0.22704234719276428,0.11727117747068405,0.003858027746900916,1.0348761081695557,0.3858855664730072,1.4796278476715088,1.1620173454284668,0.5918930172920227,0.02904629334807396,0.04936879128217697,1.1428347826004028,0.556002140045166,0.20481738448143005,0.41862544417381287,0.54863041639328,0.1985199749469757,0.6454075574874878
0.7023472189903259,0.3140003979206085,0.7149941325187683,0.1933809369802475,0.2859031558036804,1.040677785873413,0.7879611253738403,4.549083709716797,0.15345217287540436,0.261379599571228,0.05133826658129692,0.9073238968849182,0.8308961987495422,0.00039999998989515007,0.6537544131278992,0.08412593603134155,0.8950963616371155,3.580265998840332,1.2396501302719116,0.604243814945221,0.6708317399024963,0.737398087978363,0.7214972972869873,0.9976086020469666,0.6461887955665588,0.3764215409755707,0.1623772531747818,0.7699732184410095,0.5946927070617676,0.5802097320556641,0.12098435312509537,0.7117347121238708,0.14477968215942383,0.8084364533424377,0.9398422837257385,0.5547000765800476,0.7880572080612183,0.8848718404769897,0.6518743634223938,0.8572911024093628,0.0012764426646754146,0.05175907164812088,1.2777879238128662,0.6870219707489014,1.1554328203201294,1.9080424308776855,1.415242314338684,0.13256125152111053,0.1976943016052246,0.20768646895885468,0.5332746505737305,0.10684952139854431,0.14891640841960907,0.05455994978547096,0.15190869569778442,0.20207034051418304,0.8659347295761108
0.2811572849750519,0.002166374120861292,0.024852002039551735,0.19015057384967804,0.48363226652145386,0.9216839671134949,0.7345705032348633,4.7650957107543945,0.5549954175949097,0.19402149319648743,0.20279942452907562,1.0941829681396484,0.9077127575874329,0.00039999998989515007,1.1417843103408813,0.3954680562019348,0.053158730268478394,4.192885875701904,1.0801470279693604,0.6628291606903076,0.08357436954975128,0.43287795782089233,0.4558422565460205,0.3627127408981323,0.23098784685134888,0.5384242534637451,0.10306469351053238,0.031366582959890366,0.988107442855835,0.46304649114608765,0.8033336997032166,0.050812918692827225,0.4128405451774597,0.416213721036911,1.1709634065628052,0.18449243903160095,0.5987661480903625,0.13200224936008453,0.28851115703582764,0.8386760354042053,0.06129486858844757,0.3133793771266937,0.06503889709711075,0.48254621028900146,0.8210543394088745,1.7002819776535034,0.8514979481697083,0.35242247581481934,0.17327724397182465,0.7074291706085205,0.7787461876869202,0.12272654473781586,0.4379394054412842,0.15571363270282745,0.10442861914634705,0.4268506169319153,1.5015605688095093
0.030323108658194542,0.4153743386268616,1.057386875152588,0.08161962777376175,0.08927849680185318,1.1925479173660278,0.01370455976575613,3.6564671993255615,1.0815577507019043,0.7322647571563721,0.6347333192825317,1.3923649787902832,0.4004901051521301,0.00039999998989515007,0.7721940875053406,0.7148730754852295,0.3677182197570801,3.3548951148986816,0.2532421350479126,0.40816882252693176,0.9608491659164429,0.19132187962532043,0.4784521162509918,0.6079207062721252,0.15745067596435547,0.2514957785606384,0.5699936151504517,1.7816472053527832,1.0114436149597168,0.9106525182723999,1.1359134912490845,0.3304731845855713,0.43237531185150146,0.9856338500976562,0.80287104845047,0.24422630667686462,0.36583808064460754,0.7318850755691528,1.1259486675262451,1.2739341259002686,1.5769374370574951,0.5840371251106262,0.7668585777282715,0.1279894858598709,1.1909211874008179,1.0519179105758667,0.6256777048110962,0.641726553440094,0.267301082611084,1.493173599243164,0.24123667180538177,0.4450285732746124,0.0018984867492690682,0.513336181640625,0.8244267106056213,0.3157236874103546,1.6042910814285278
0.29474690556526184,0.08998298645019531,0.462431401014328,0.12820610404014587,0.32286882400512695,1.412550687789917,1.0893774032592773,4.22440242767334,0.21114391088485718,0.5375340580940247,0.0040530432015657425,0.4746461510658264,0.1558411717414856,0.00039999998989515007,0.5981435179710388,0.7560421228408813,0.10356050729751587,3.870192527770996,0.516569972038269,1.2225064039230347,0.16317912936210632,0.29772549867630005,1.0359547138214111,0.08998018503189087,0.8810031414031982,0.5143427848815918,0.5795215964317322,0.7320194244384766,0.5673515796661377,0.7617208957672119,1.4107937812805176,0.5078439712524414,0.32767122983932495,1.200027585029602,1.145105004310608,0.42795613408088684,0.9416012167930603,0.28783172369003296,0.0004905406385660172,0.7052436470985413,0.5513074994087219,0.38957688212394714,0.5937774181365967,1.3175466060638428,0.2164793759584427,1.4490665197372437,0.9279958009719849,1.0522481203079224,0.22090770304203033,0.922229528427124,0.9479879140853882,0.1753770262002945,0.06617123633623123,0.44468528032302856,0.03458355739712715,0.5394817590713501,1.2189348936080933
0.4130357801914215,0.7203101515769958,0.3362705111503601,0.1593254655599594,0.6783779263496399,0.12632021307945251,0.7736186981201172,4.216204643249512,0.11446555703878403,0.8904376029968262,1.3613604307174683,1.6850112676620483,1.015360951423645,0.00039999998989515007,1.0714213848114014,0.5664557218551636,0.6231710314750671,3.904125928878784,1.0144932270050049,0.5840602517127991,0.7839441299438477,0.7184619307518005,0.45679840445518494,0.23198910057544708,0.7929937839508057,0.018914155662059784,0.3016839325428009,0.8743481636047363,1.3029898405075073,0.44730204343795776,0.9213384985923767,0.3024250864982605,0.8999620676040649,0.26959875226020813,0.6432961821556091,0.252119243144989,0.0914655327796936,0.4284777045249939,0.3061230480670929,1.0933669805526733,0.27148112654685974,0.4712880551815033,1.227282166481018,0.4143863320350647,0.6806023120880127,1.564342737197876,0.5232884883880615,0.43754827976226807,0.6154110431671143,0.29472726583480835,0.5460463166236877,0.7651102542877197,0.5374847650527954,0.32088208198547363,0.05878545716404915,0.36480382084846497,0.32485800981521606
0.13805097341537476,0.5625253915786743,0.15935029089450836,0.13989153504371643,0.42906397581100464,1.127198338508606,1.17745041847229,4.339493751525879,0.12055812776088715,0.6532183885574341,0.23787765204906464,0.5143165588378906,0.36923837661743164,0.00039999998989515007,0.9699084758758545,1.1380804777145386,0.24252715706825256,4.086431980133057,0.6089242696762085,0.6628086566925049,0.40749597549438477,0.7089033126831055,0.3761942386627197,0.4638100564479828,0.35034117102622986,0.7386130690574646,0.45195096731185913,0.08085732161998749,0.9682069420814514,0.5242026448249817,1.2838870286941528,0.0877617597579956,0.1081402450799942,0.6841141581535339,1.0169827938079834,0.27028533816337585,0.4413089454174042,0.45964741706848145,0.4706822633743286,0.5479679107666016,0.3451583981513977,0.27470773458480835,0.4884820282459259,0.02625563181936741,0.3482169806957245,1.6063793897628784,1.6061543226242065,0.05912325158715248,0.05115100368857384,1.2745602130889893,0.813569188117981,0.12480372190475464,0.7737792730331421,0.37248846888542175,0.26295003294944763,0.3872690200805664,1.5808918476104736
0.025599036365747452,0.08894495666027069,0.007877221331000328,0.14339789748191833,0.12325357645750046,0.15331749618053436,0.8226794004440308,5.010107040405273,0.14060944318771362,0.009193078614771366,0.12754687666893005,1.0288859605789185,0.6191149353981018,0.00039999998989515007,1.1397844552993774,0.14207573235034943,0.07028002291917801,4.029542922973633,1.375356912612915,1.0472381114959717,0.5769649147987366,0.8069111704826355,0.6813310980796814,0.060035619884729385,0.4741158187389374,0.6216059327125549,0.009665588848292828,0.9816094040870667,1.2335565090179443,0.032124266028404236,0.522700846195221,0.6111786961555481,0.39115116000175476,0.09425029903650284,0.6246326565742493,0.371969997882843,0.42622676491737366,0.6836073398590088,0.34950724244117737,0.6705254912376404,0.1756780743598938,0.29451242089271545,0.8160132169723511,0.22580495476722717,0.9213916659355164,1.126851201057434,1.459324836730957,0.42528003454208374,0.05562937259674072,0.34608161449432373,0.23721373081207275,0.19799482822418213,0.004436435177922249,0.06742144376039505,0.36155232787132263,0.09254283457994461,1.1971070766448975
0.34663301706314087,1.030289649963379,0.3488982915878296,0.36255982518196106,0.3102959394454956,0.13366566598415375,0.2094358205795288,4.652431488037109,0.36489465832710266,0.15964876115322113,0.03029763512313366,0.9314720034599304,0.10208120197057724,0.00039999998989515007,1.4517450332641602,0.326761931180954,0.38022464513778687,4.117362022399902,0.9909656047821045,0.5058325529098511,0.14424830675125122,0.36011525988578796,0.040026675909757614,0.2513551712036133,0.24209639430046082,1.2900896072387695,0.20084868371486664,1.358446478843689,1.787310242652893,0.47558942437171936,0.11203168332576752,0.056940194219350815,0.2709237039089203,0.08672864735126495,0.8899930715560913,0.8276304602622986,0.5393089652061462,0.8589451909065247,0.015204242430627346,0.8820275664329529,0.37788936495780945,0.44089561700820923,0.4975241720676422,0.3103718161582947,0.07316206395626068,1.2344779968261719,1.0467841625213623,0.006618232000619173,0.5388065576553345,0.046470582485198975,0.9010372757911682,0.39463356137275696,0.3863492012023926,0.5878266096115112,0.17455799877643585,0.716214120388031,0.7261420488357544
0.265019953250885,0.36220595240592957,0.06190331280231476,0.20399628579616547,0.4901828467845917,0.836290180683136,0.8857212066650391,4.788331031799316,0.305804967880249,0.26682573556900024,0.4822477400302887,0.9477512240409851,0.4889802932739258,0.00039999998989515007,0.9099193811416626,0.030981365591287613,0.1355256587266922,4.216745376586914,0.8625584840774536,0.8978257179260254,0.05065705627202988,0.8746345639228821,1.056584358215332,0.38297098875045776,0.38129863142967224,0.6286740899085999,0.2917614281177521,0.09883563965559006,1.0349966287612915,0.18536686897277832,0.9099669456481934,0.26869285106658936,0.5803697109222412,0.29024195671081543,1.370356559753418,0.07431050390005112,0.42064356803894043,0.1466865837574005,0.6580712795257568,0.40184274315834045,0.21807870268821716,0.32015419006347656,0.2470443695783615,0.29392945766448975,0.6562706828117371,1.528586983680725,1.1192553043365479,0.12793992459774017,0.01616268791258335,0.6001936197280884,0.5174030065536499,0.013879326172173023,0.25860944390296936,0.3488738536834717,0.1468568593263626,0.3909447491168976,1.5166606903076172
0.364631712436676,0.29977908730506897,0.46770671010017395,0.5447297096252441,0.35136476159095764,0.6851456761360168,0.4751377999782562,4.566713809967041,0.1383097767829895,0.1169566884636879,0.09974804520606995,1.2260103225708008,1.1935564279556274,0.00039999998989515007,0.8614097237586975,0.4260474741458893,0.24902869760990143,3.7987687587738037,1.0192993879318237,0.9170465469360352,0.8795749545097351,1.1874339580535889,1.1203515529632568,0.6644524931907654,0.12905994057655334,0.6738265156745911,0.08614964783191681,0.7298880219459534,0.7208875417709351,0.05568241328001022,0.09578154981136322,0.5458806753158569,0.005241065286099911,0.5782418251037598,0.583066463470459,0.41926029324531555,0.7614710330963135,0.5130597949028015,0.07692353427410126,0.7549563646316528,0.3699769973754883,0.0026860274374485016,1.1407309770584106,0.8597304821014404,1.2937226295471191,1.398989200592041,1.0378541946411133,0.25766241550445557,0.6879829168319702,0.0999453216791153,0.3282548487186432,0.37806224822998047,0.2203441560268402,0.23117683827877045,0.237533301115036,0.8242281079292297,1.398079752922058
0.6958274245262146,0.0413021482527256,1.2108463048934937,0.03061537817120552,0.5313177704811096,0.33104342222213745,0.29263514280319214,4.059985637664795,0.4191139340400696,1.826621413230896,1.0853252410888672,0.7933052182197571,0.5425397157669067,0.00039999998989515007,0.899072527885437,1.6956065893173218,1.030375599861145,3.438673257827759,0.7083640694618225,0.2720847427845001,0.7539765238761902,0.5767093300819397,0.4663403034210205,0.3374384045600891,0.04959768429398537,0.09799037128686905,0.6604619026184082,1.4395838975906372,0.7590892314910889,0.21948204934597015,0.25950831174850464,0.7551774978637695,0.27318939566612244,0.4740259647369385,1.3884501457214355,0.45506399869918823,0.18653689324855804,0.5397515892982483,0.5056542754173279,1.575001835823059,0.3241129517555237,0.23138989508152008,1.608723759651184,0.9854789972305298,0.5876854062080383,0.49147269129753113,0.48701176047325134,0.19789114594459534,0.5388577580451965,0.6806851625442505,0.48614469170570374,0.7256692051887512,0.5504555106163025,0.06046884506940842,0.3648933172225952,1.1694930791854858,0.35115736722946167
0.27270206809043884,0.1601007729768753,0.5295678973197937,0.24072572588920593,0.5272586345672607,0.6277737021446228,0.9897862672805786,4.909731864929199,0.07548990100622177,0.08095906674861908,0.4333145320415497,0.68841552734375,0.6609273552894592,0.00039999998989515007,1.1187471151351929,0.3198692798614502,0.14282383024692535,3.685199022293091,1.2387182712554932,1.3922978639602661,0.11154428869485855,0.6836333870887756,0.9297536611557007,0.2178461104631424,0.5072163343429565,0.9259204864501953,0.030142802745103836,1.1131606101989746,1.1794817447662354,0.023067547008395195,1.0047961473464966,0.18639379739761353,0.32807040214538574,0.3254438638687134,1.3637826442718506,0.25839364528656006,0.5623800754547119,0.4962608218193054,0.4711470305919647,1.0345286130905151,0.32472333312034607,0.32033562660217285,0.7465299963951111,0.5963555574417114,0.026248231530189514,1.1678264141082764,1.0848413705825806,0.24448169767856598,0.10978997498750687,0.2248019576072693,0.5247279405593872,0.07058459520339966,0.3689078390598297,0.17408069968223572,0.44517529010772705,0.37868738174438477,1.0337927341461182
0.29328879714012146,0.40638503432273865,0.35064697265625,0.17752587795257568,0.17910923063755035,0.7641884088516235,1.0480800867080688,4.867908477783203,0.09914857894182205,0.07974857836961746,0.07232671976089478,0.9477807283401489,0.42217251658439636,0.00039999998989515007,1.1003921031951904,0.6240701675415039,0.11131123453378677,4.2023539543151855,1.0134464502334595,0.8909103274345398,0.31129470467567444,0.7019088864326477,0.3919673562049866,0.038480307906866074,0.3283952474594116,0.5653708577156067,0.1614936888217926,0.2883871793746948,1.295762538909912,0.31218770146369934,0.7996984124183655,0.04574292153120041,0.1312284916639328,0.47170281410217285,0.9153035879135132,0.3738900125026703,0.6993451118469238,0.330893874168396,0.49684420228004456,0.49457719922065735,0.2496611326932907,0.46581271290779114,0.10159803181886673,0.3498119115829468,0.7256473302841187,1.5353115797042847,1.4855884313583374,0.17358066141605377,0.009124730713665485,0.6109367609024048,0.6194606423377991,0.012135988101363182,0.11600682884454727,0.3492732346057892,0.13642176985740662,0.36497291922569275,1.2264177799224854
0.34562182426452637,0.0959286242723465,0.5863314867019653,0.021656859666109085,0.36260226368904114,0.8134567141532898,0.9733977317810059,4.398997783660889,0.4582444429397583,0.916825532913208,0.3162109851837158,0.5044704079627991,0.4575277864933014,0.00039999998989515007,0.8475168347358704,0.899357795715332,0.8805825114250183,3.679439067840576,1.253570556640625,0.1454300433397293,0.34189242124557495,0.4507588744163513,0.515066385269165,0.5382010340690613,1.0048823356628418,0.1564100831747055,0.6694660782814026,1.2388485670089722,0.7963058352470398,0.48169010877609253,0.6111570596694946,0.7317194938659668,0.18132121860980988,0.25811707973480225,1.0065380334854126,0.6018832325935364,0.6934016942977905,0.9731019735336304,1.1121852397918701,1.3532094955444336,0.6593183875083923,0.09040038287639618,1.0501772165298462,0.7243952751159668,0.08555816859006882,1.4834556579589844,1.5965709686279297,0.27982833981513977,0.17729513347148895,0.5889784693717957,0.854775607585907,0.3880966901779175,0.06147315725684166,0.1595824956893921,0.45905816555023193,0.47797662019729614,0.06791891157627106
0.3401172161102295,0.12598897516727448,0.35001784563064575,0.05607828497886658,0.5035380721092224,0.7591843008995056,0.9181163907051086,4.767879486083984,0.13663087785243988,0.04722791910171509,0.5660355091094971,0.8244407176971436,0.8745672106742859,0.00039999998989515007,1.2797752618789673,0.18541696667671204,0.14168833196163177,3.8092732429504395,1.20257568359375,0.9943613409996033,0.05917774513363838,0.6905139088630676,1.0617700815200806,0.19578970968723297,0.2790246307849884,0.9838778376579285,0.02271566167473793,0.8811282515525818,1.035730242729187,0.162925586104393,0.6982757449150085,0.03989756852388382,0.29576602578163147,0.16369546949863434,1.2707781791687012,0.2062186300754547,0.485460489988327,0.38712263107299805,0.3959719240665436,1.2895365953445435,0.3454802930355072,0.02875593863427639,0.14213219285011292,0.7829704284667969,0.22601929306983948,1.7082581520080566,0.9663326144218445,0.21698755025863647,0.20316791534423828,0.4370201528072357,0.8256155848503113,0.09972596913576126,0.03523445501923561,0.2470477968454361,0.3527083694934845,0.027888718992471695,1.1763522624969482
0.0876917913556099,0.4790914058685303,0.03744254261255264,0.8654646873474121,0.5503209829330444,0.8539179563522339,0.8146659731864929,4.119194030761719,0.00027661430067382753,0.2369333803653717,0.26368388533592224,1.153784990310669,1.3752250671386719,0.00039999998989515007,0.7340304255485535,0.6352286338806152,0.1771741807460785,3.5848522186279297,0.8948153257369995,0.7716130614280701,0.6948283910751343,1.388228178024292,1.1684931516647339,0.9109557867050171,0.03335520997643471,0.6346442699432373,0.014215300790965557,0.5668798089027405,0.575288712978363,0.13182204961776733,0.4299781024456024,0.7119512557983398,0.12314356118440628,0.7588292956352234,0.4328530728816986,0.08614008873701096,1.0265398025512695,0.4465080797672272,0.2578694224357605,0.5686042904853821,0.4758428931236267,0.37919649481773376,0.7944695949554443,0.6910461783409119,1.573635458946228,1.5258371829986572,1.179978847503662,0.48625463247299194,0.6176741719245911,0.5662544369697571,0.37828513979911804,0.594754159450531,0.08438000082969666,0.19210770726203918,0.36806362867355347,1.1347144842147827,1.6499583721160889
0.8744275569915771,0.011926883831620216,0.4700554609298706,0.6899777054786682,0.10376212000846863,1.072475790977478,0.692649781703949,3.7088260650634766,0.006919527892023325,1.0628747940063477,0.8039050698280334,0.3170442581176758,1.503519892692566,0.00039999998989515007,1.7019213438034058,0.3418826758861542,0.08907584100961685,3.1597812175750732,0.978678822517395,0.5156010389328003,0.6655126810073853,0.5277242660522461,1.2618342638015747,0.6169309020042419,0.5303481221199036,1.390986680984497,1.038793683052063,1.374066710472107,0.7387557625770569,1.1685161590576172,0.7864947319030762,0.7442452907562256,0.24994032084941864,0.01948104426264763,0.13369280099868774,1.5965361595153809,0.6043021082878113,1.1686081886291504,0.011334042064845562,0.5452001690864563,0.36864015460014343,0.0032126151490956545,0.9750005602836609,0.6165611743927002,1.1629639863967896,1.409874439239502,1.176713228225708,0.1651538610458374,0.3051718473434448,0.3578236401081085,0.15575939416885376,0.31708478927612305,1.228129267692566,0.16967852413654327,0.1816861480474472,0.1710587739944458,0.7429537773132324
0.8057549595832825,0.5841691493988037,0.6663566827774048,0.11899582296609879,0.0679408460855484,0.839237630367279,0.6000304222106934,4.212411880493164,0.5812601447105408,0.7673810720443726,0.6235112547874451,0.4479789733886719,0.41044947504997253,0.00039999998989515007,2.0265777111053467,0.12891003489494324,0.4189770519733429,3.2661774158477783,1.4425898790359497,0.9715710282325745,0.11747656762599945,0.5808658003807068,0.13710178434848785,0.03741280362010002,0.3247266411781311,1.4105334281921387,0.5479753613471985,0.9859928488731384,1.4001810550689697,0.5092516541481018,0.16476266086101532,0.6298888921737671,0.2483486533164978,0.2007615566253662,0.9886292815208435,1.0631786584854126,0.12382874637842178,0.8954105973243713,0.26621222496032715,0.9061216711997986,1.1114615201950073,0.13113346695899963,0.14954091608524323,0.23375777900218964,0.0004901171778328717,1.562717080116272,0.9449233412742615,0.8779968023300171,0.9743282794952393,0.09552478790283203,0.8569419384002686,0.971909761428833,0.5763346552848816,0.691023051738739,0.10313813388347626,0.9389871954917908,0.4102139472961426
0.018593791872262955,0.36759600043296814,0.02175186388194561,0.8411563634872437,0.00918281078338623,1.0277321338653564,0.7940973043441772,3.4035708904266357,1.002479076385498,0.9546933770179749,0.01568758115172386,0.6903059482574463,0.8532788753509521,0.00039999998989515007,0.052105654031038284,0.8507193326950073,0.9767149090766907,3.165743589401245,1.530925989151001,0.2942218780517578,0.3934289813041687,0.8917811512947083,0.6457235813140869,0.20967097580432892,0.7637356519699097,0.33795565366744995,0.8098088502883911,1.2628285884857178,0.7343515753746033,0.07644014805555344,1.1346732378005981,0.6706927418708801,0.27924278378486633,0.8478813171386719,1.5690925121307373,0.3149160146713257,0.11499619483947754,0.12064428627490997,1.957643985748291,1.956190586090088,0.3066813051700592,0.22219090163707733,0.5587441325187683,1.323493480682373,0.7153472900390625,1.7247966527938843,1.3077539205551147,0.3358968198299408,0.15563374757766724,1.0259242057800293,0.7404377460479736,0.7974269390106201,0.0022508923429995775,0.10817356407642365,0.3412066102027893,0.18738172948360443,0.30040332674980164
1.131544589996338,0.3996506333351135,0.4891185164451599,0.10140001773834229,0.029024073854088783,0.6438388824462891,0.7789360880851746,4.219419479370117,0.328006386756897,0.7322044372558594,1.043969988822937,0.2593823969364166,0.6944068074226379,0.00039999998989515007,2.006298303604126,0.013469548895955086,0.6775351762771606,3.2733118534088135,1.314420223236084,1.1920109987258911,0.09732777625322342,0.110568568110466,0.9296880960464478,0.12480691075325012,0.11426408588886261,1.638953685760498,0.6224379539489746,1.351677417755127,1.2250462770462036,0.5340401530265808,0.035747818648815155,0.14057356119155884,0.13215701282024384,0.6559532284736633,0.7462547421455383,1.027522087097168,0.07302671670913696,0.8793557286262512,0.2567662298679352,0.9966669678688049,0.849215567111969,0.08100607246160507,0.029185820370912552,0.5551304221153259,0.014789807610213757,1.277782678604126,0.8662830591201782,0.6581486463546753,0.9208022952079773,0.15541668236255646,0.5990570187568665,0.48845425248146057,0.7689967751502991,0.562839686870575,0.14550645649433136,0.7837534546852112,0.7618594169616699
0.5300659537315369,0.4054800271987915,0.29774773120880127,0.10044793784618378,0.8007261157035828,0.5949710607528687,0.7785924673080444,4.523532867431641,0.3492739796638489,0.11295010149478912,0.31849876046180725,0.9257673025131226,0.9779102206230164,0.00039999998989515007,1.3727282285690308,0.16077686846256256,0.15058158338069916,3.7127866744995117,1.233449935913086,0.7892025113105774,0.33536991477012634,0.6426750421524048,0.8077950477600098,0.017451927065849304,0.3435097634792328,0.786162793636322,0.04218526929616928,0.8335521817207336,1.2119399309158325,0.3298240303993225,0.5481044054031372,0.2712705433368683,0.584844172000885,0.017723556607961655,1.3182305097579956,0.019993633031845093,0.5662092566490173,0.2710445523262024,0.3640102446079254,1.5595118999481201,0.6406652331352234,0.026047905907034874,0.038416966795921326,0.7887977957725525,0.06377854198217392,1.9146268367767334,0.8481112122535706,0.17607176303863525,0.16384021937847137,0.49658653140068054,1.0897371768951416,0.039941176772117615,0.6539883613586426,0.13128376007080078,0.47604867815971375,0.036762785166502,1.0414810180664062
0.2538236975669861,0.14461462199687958,0.247183158993721,0.4087347090244293,0.8536480069160461,0.4199247360229492,0.6836362481117249,4.327551364898682,0.3430153727531433,0.3327556550502777,0.1386069357395172,1.072507619857788,0.8012679815292358,0.00039999998989515007,1.0669554471969604,0.6399768590927124,0.4092714488506317,4.21726655960083,1.0132721662521362,0.8840208053588867,0.250326007604599,0.9058095812797546,0.7413793802261353,0.47256460785865784,0.2389163076877594,0.7339755892753601,0.15786485373973846,0.39904412627220154,1.1183812618255615,0.4282313883304596,0.8699862360954285,0.060311753302812576,0.41368725895881653,0.6308198571205139,1.1626023054122925,0.1737441122531891,0.7596163153648376,0.012354694306850433,0.11490871757268906,0.7337157726287842,0.21710465848445892,0.29292747378349304,0.07688632607460022,0.42984738945961,1.0331628322601318,1.3847031593322754,1.0386781692504883,0.023174209520220757,0.5364904403686523,0.7449928522109985,0.8395348191261292,0.15868234634399414,0.28094908595085144,0.2296999841928482,0.24311944842338562,0.6394597887992859,1.7333483695983887
0.30201804637908936,0.9368823170661926,0.4399070143699646,0.18328262865543365,1.194105863571167,0.5950719118118286,0.3422379493713379,4.025379657745361,0.019729552790522575,0.6469901204109192,0.5539788007736206,1.560798168182373,0.6333567500114441,0.00039999998989515007,1.3317954540252686,0.24354177713394165,0.24303054809570312,3.7043168544769287,1.2463537454605103,0.3558496832847595,0.2880535125732422,1.0373308658599854,0.2748429477214813,0.30676472187042236,0.04270879924297333,0.6372512578964233,0.2506249248981476,1.6180241107940674,1.6061723232269287,0.4497387707233429,0.2163386046886444,0.2606528699398041,1.0416581630706787,0.22811484336853027,1.2060123682022095,0.14994023740291595,0.1590508371591568,0.47957271337509155,0.135663703083992,1.6058305501937866,0.45876431465148926,0.7041175961494446,0.9037545323371887,0.5096715092658997,0.019249198958277702,1.412170648574829,0.6092501878738403,0.42070847749710083,0.47922268509864807,0.06019975244998932,1.0704201459884644,0.3995891809463501,0.6780371069908142,0.07483374327421188,0.4460736811161041,0.2944242060184479,0.6941741108894348
0.24425040185451508,0.045533180236816406,0.0529836043715477,0.07528205215930939,0.8114444017410278,0.07231239229440689,0.6517519950866699,4.023466110229492,0.4774869978427887,0.8324028849601746,0.11366115510463715,0.9626933932304382,0.7865695357322693,0.00039999998989515007,0.8048956394195557,1.035420298576355,0.3381742537021637,3.3592820167541504,1.2629880905151367,0.28945064544677734,0.4393273591995239,1.358229160308838,0.6635692119598389,0.17396187782287598,0.3959992527961731,0.2108788788318634,0.20514239370822906,1.9753178358078003,1.403734564781189,0.34155896306037903,0.6103700995445251,0.9931791424751282,0.750677764415741,0.6464500427246094,1.093143105506897,0.17285321652889252,0.3763149082660675,0.7369696497917175,1.22520112991333,1.338185429573059,0.40864133834838867,0.005391471553593874,1.4177765846252441,0.4183538258075714,0.03894475847482681,1.2149078845977783,1.2823512554168701,1.0291856527328491,0.1770169734954834,0.7770871520042419,0.4293193817138672,0.8905669450759888,0.17162688076496124,0.30007413029670715,0.7057899236679077,0.2787006199359894,0.43825584650039673
0.3252907395362854,0.15738677978515625,0.20747090876102448,0.467769593000412,0.7792078852653503,0.6876184940338135,1.0127447843551636,4.5833845138549805,0.4006827771663666,0.12090893089771271,0.3770920932292938,0.802422046661377,0.9635019898414612,0.00039999998989515007,1.3624002933502197,0.10598547011613846,0.1895192414522171,3.8435909748077393,1.1684526205062866,0.9322540760040283,0.09800174087285995,0.8093121647834778,0.9216836094856262,0.19856171309947968,0.32569557428359985,0.8232350945472717,0.07327385246753693,0.8700727820396423,1.2247650623321533,0.07850868254899979,0.6570480465888977,0.020970419049263,0.5506000518798828,0.15825513005256653,1.1149266958236694,0.12631337344646454,0.8906659483909607,0.45153993368148804,0.34668469429016113,1.1515686511993408,0.39095789194107056,0.3219258487224579,0.2629774808883667,0.6562301516532898,0.4796135127544403,1.70039963722229,1.0626544952392578,0.036980949342250824,0.039567649364471436,0.46863073110580444,0.8611489534378052,0.19958728551864624,0.3881109654903412,0.06280861794948578,0.5366645455360413,0.14138148725032806,1.2003415822982788
0.20499937236309052,0.6278011202812195,0.734178364276886,0.19359591603279114,0.35570552945137024,0.5315528512001038,0.8919640183448792,4.094748497009277,0.12197674810886383,0.5393253564834595,0.25961217284202576,0.7448365092277527,0.5964822769165039,0.00039999998989515007,1.1133371591567993,0.07688385993242264,0.4208165407180786,4.250508785247803,0.9948132634162903,0.9400086998939514,0.272024542093277,0.9225481152534485,1.4824639558792114,0.31731048226356506,0.6278830766677856,0.965090274810791,0.23684675991535187,0.5097857713699341,0.9710573554039001,0.423912912607193,0.8187284469604492,0.39710068702697754,0.27775660157203674,0.7743526697158813,0.9848085641860962,0.7971908450126648,0.956338107585907,0.21181009709835052,0.27948394417762756,1.363135814666748,0.021522536873817444,0.10459855943918228,0.027472129091620445,1.082836627960205,0.04035736620426178,1.1865193843841553,1.051764726638794,0.4828687608242035,0.397759348154068,0.2280188351869583,1.1537929773330688,0.3812068998813629,0.14653845131397247,0.39408543705940247,0.6822139620780945,0.3327369689941406,0.9598801732063293
0.7382859587669373,0.9940012097358704,0.123051218688488,0.544952929019928,0.20124764740467072,0.12322378903627396,0.5932754874229431,4.116693019866943,0.2881859242916107,0.3019315302371979,0.2880080044269562,0.4613530933856964,0.8072285652160645,0.00039999998989515007,1.7261921167373657,0.9760951995849609,0.09335742890834808,2.8226382732391357,1.2997701168060303,0.15034513175487518,0.07714778184890747,0.46340212225914,0.5290161967277527,0.1018645167350769,0.9239014983177185,0.9857318997383118,0.6617459654808044,2.3126306533813477,1.1576920747756958,0.49255964159965515,0.0006900193984620273,0.5740137696266174,0.4436507821083069,0.8202728033065796,0.16011527180671692,0.308909147977829,0.31010207533836365,1.0466080904006958,0.8481059074401855,1.9280893802642822,1.143014907836914,0.6675173044204712,0.714081346988678,0.9080745577812195,0.45089003443717957,1.284122109413147,0.8928156495094299,0.24060466885566711,0.7914235591888428,0.9448214173316956,0.9172504544258118,0.2331094741821289,0.03228505328297615,0.12705199420452118,0.3527657389640808,0.722054660320282,0.4543783366680145
0.8320820331573486,0.5733631253242493,0.3996293246746063,0.3488324284553528,0.29484573006629944,0.29282766580581665,0.5245090126991272,4.389313220977783,0.38716641068458557,0.8485730886459351,0.6343608498573303,0.6407925486564636,0.542482316493988,0.00039999998989515007,2.182541608810425,0.015907177701592445,0.8631036281585693,3.5158114433288574,1.353085994720459,1.2200448513031006,0.15475840866565704,0.008288135752081871,0.5528786778450012,0.28503137826919556,0.04242357984185219,1.6361039876937866,0.3388231694698334,1.2782011032104492,1.6113049983978271,0.5027450919151306,0.15145547688007355,0.30436545610427856,0.34507012367248535,0.3642336428165436,0.5960022807121277,1.1121844053268433,0.05828804895281792,0.8284807205200195,0.09513624757528305,0.682884693145752,0.7250825762748718,0.040832147002220154,0.3681948184967041,0.14389701187610626,0.1848471313714981,1.0403484106063843,0.9267120361328125,0.5386962890625,0.6493455171585083,0.13329356908798218,0.4878762662410736,0.6024661660194397,0.737388551235199,0.49140986800193787,0.20909740030765533,0.600588321685791,0.8241692781448364
0.669919490814209,0.06138484925031662,0.9337498545646667,0.47816017270088196,0.5322715044021606,0.4062936007976532,0.12450513988733292,4.5747222900390625,0.03197844326496124,0.41546380519866943,0.24414150416851044,1.4348663091659546,0.3573673963546753,0.00039999998989515007,0.8718311786651611,0.38856229186058044,0.3200998604297638,3.896425724029541,1.0909463167190552,0.8617558479309082,0.8186265230178833,0.8248928785324097,0.6034507751464844,0.7361746430397034,0.06091492995619774,0.5053824186325073,0.40218228101730347,0.5142722725868225,0.9323326349258423,0.08718648552894592,0.0021259132772684097,0.029998725280165672,0.2964034974575043,1.1546509265899658,1.2963087558746338,0.3069141209125519,0.7592004537582397,0.7159004807472229,0.01702253334224224,0.6558575630187988,0.26551786065101624,0.2690924108028412,0.8952503204345703,0.6159570217132568,1.2623178958892822,1.5928796529769897,1.098953366279602,0.07419072836637497,0.6605662107467651,0.34025266766548157,0.7608277797698975,0.1411151885986328,0.2306259125471115,0.21087923645973206,0.11911401152610779,0.3579077422618866,1.0844084024429321
0.17538964748382568,0.7625023126602173,0.4168820381164551,0.03935854882001877,0.4296225905418396,0.5673653483390808,1.587144136428833,3.8462464809417725,0.021967921406030655,1.1987380981445312,0.46313634514808655,0.3561868369579315,0.28552737832069397,0.00039999998989515007,0.7292363047599792,0.1523442566394806,0.03498418629169464,4.003759860992432,1.0014967918395996,0.6312448382377625,0.7616469264030457,0.4535099267959595,1.0449059009552002,0.3348518908023834,0.1403529793024063,0.25615525245666504,0.4662170112133026,0.16282802820205688,0.6304222941398621,0.38636329770088196,1.6405538320541382,0.38782957196235657,0.42466652393341064,1.5478383302688599,0.9298478960990906,0.22797082364559174,1.2000230550765991,0.18518656492233276,0.20549285411834717,1.272810935974121,0.07428480684757233,0.44988104701042175,0.6713955402374268,0.7059420943260193,0.1255270093679428,1.3006311655044556,1.4495930671691895,0.36741408705711365,0.0369953028857708,0.24735447764396667,1.3752102851867676,0.09601052850484848,1.0161830186843872,0.4549175202846527,0.8389991521835327,0.20769913494586945,0.8446933627128601
0.03793174400925636,0.22659637033939362,0.2520023286342621,0.41493675112724304,0.7864784002304077,0.33281847834587097,0.8565390110015869,4.7885918617248535,0.26943084597587585,0.04448240250349045,0.25588682293891907,1.0497629642486572,0.6987572908401489,0.00039999998989515007,1.3211469650268555,0.10997925698757172,0.31941646337509155,3.8505451679229736,1.2645810842514038,1.1561657190322876,0.038591399788856506,0.8158031105995178,0.7386453747749329,0.10614316165447235,0.38685935735702515,0.9075906872749329,0.3343904912471771,0.8524470329284668,1.33509361743927,0.0717398077249527,0.701707661151886,0.13415426015853882,0.5513446927070618,0.22918817400932312,1.1349575519561768,0.04805944487452507,0.6902806162834167,0.40414321422576904,0.20531706511974335,1.0664573907852173,0.24735258519649506,0.21342633664608002,0.34497472643852234,0.5254168510437012,0.44862625002861023,1.4990993738174438,1.0036888122558594,0.1040867492556572,0.04076220095157623,0.45930641889572144,0.7874568104743958,0.08410807698965073,0.3548191785812378,0.13062094151973724,0.44402575492858887,0.12579695880413055,1.3182334899902344
0.025075314566493034,0.4723544418811798,0.3861226737499237,0.03955424576997757,0.1328665167093277,0.3998602330684662,2.006136178970337,3.839945077896118,0.09310609847307205,1.0347175598144531,0.344320148229599,0.34372225403785706,0.05364637076854706,0.00039999998989515007,0.8569361567497253,0.17979834973812103,0.37895432114601135,3.6770594120025635,0.8407811522483826,0.8582702875137329,0.573186993598938,1.2145088911056519,1.9577559232711792,0.5918685793876648,0.43448519706726074,0.407595694065094,0.7510547637939453,0.024102142080664635,0.49605900049209595,0.5480275750160217,2.1755964756011963,0.19418568909168243,0.3185378313064575,0.3429342210292816,0.7651132345199585,0.16116708517074585,0.7592848539352417,0.15867306292057037,0.14799128472805023,1.2858624458312988,0.44510412216186523,0.46884167194366455,0.9865865707397461,0.7539543509483337,0.14474008977413177,0.8024501204490662,1.1362385749816895,0.15761587023735046,0.11674381792545319,0.1469973921775818,0.7611352801322937,0.20724298059940338,0.706012487411499,0.11966758966445923,0.9534141421318054,0.5526701211929321,1.5609809160232544
0.03668095916509628,0.14015617966651917,0.22904451191425323,0.6285195350646973,0.9500556588172913,0.7737362384796143,1.040212631225586,4.660944938659668,0.36263909935951233,0.26132285594940186,0.5544643402099609,0.9325162768363953,0.9501086473464966,0.00039999998989515007,1.1743955612182617,0.3283035159111023,0.30838102102279663,3.601409912109375,1.1404269933700562,1.313597321510315,0.04480266198515892,0.8294897079467773,0.8784416317939758,0.4161098599433899,0.7145392894744873,1.017319917678833,0.2808181345462799,0.6220808029174805,1.0779402256011963,0.01416006125509739,0.8482346534729004,0.18631631135940552,0.3104115128517151,0.16188201308250427,1.2282270193099976,0.003080973634496331,0.8198265433311462,0.243157759308815,0.2454647570848465,0.9269535541534424,0.17182856798171997,0.4098281264305115,0.18095439672470093,0.6587295532226562,0.5049475431442261,1.564247488975525,0.8903577327728271,0.2949551045894623,0.05925551801919937,0.9430849552154541,0.7286849021911621,0.1457930952310562,0.14415515959262848,0.184944286942482,0.336624413728714,0.31334322690963745,1.4474797248840332
0.33342936635017395,0.2830508053302765,0.05602053925395012,0.49290183186531067,0.4673771560192108,1.1365790367126465,0.709000825881958,4.920431613922119,0.2383338361978531,0.2205185890197754,0.61181640625,0.6211274862289429,1.0713557004928589,0.00039999998989515007,1.3950235843658447,0.20711638033390045,0.17427890002727509,3.831040143966675,1.0230438709259033,0.45146557688713074,0.6940756440162659,0.6666367053985596,0.8381009101867676,0.5266656875610352,0.45467978715896606,0.5466541647911072,0.2208307832479477,0.9047028422355652,1.125894546508789,0.24770520627498627,0.896828830242157,0.2676200270652771,0.2066015750169754,0.22180500626564026,0.8262966871261597,0.027611983940005302,0.5207991003990173,0.2761753797531128,0.6504026651382446,1.0251370668411255,0.0863352045416832,0.12319377809762955,0.1740732342004776,1.2934049367904663,0.47793111205101013,1.3858184814453125,1.1779495477676392,0.023667778819799423,0.09457116574048996,0.10242226719856262,0.7686118483543396,0.2383771687746048,0.11196547746658325,0.2763671875,0.036934394389390945,0.4838780164718628,1.088274598121643
0.23139764368534088,0.2953544557094574,0.21684972941875458,0.09806692600250244,0.19230952858924866,0.6796693801879883,0.5499978065490723,5.036591053009033,0.032017629593610764,0.12026020139455795,0.16304369270801544,0.9382421374320984,0.9405301809310913,0.00039999998989515007,1.2765491008758545,0.5158523321151733,0.13886573910713196,3.760730028152466,1.424138069152832,0.40355828404426575,0.6881341934204102,0.7896187901496887,0.6787077188491821,0.3031567931175232,0.05234736576676369,0.6328803896903992,0.25012388825416565,1.0375574827194214,1.0969223976135254,0.09699791669845581,0.9165279865264893,0.26926419138908386,0.024588188156485558,0.07576438039541245,0.7795512080192566,0.03386148065328598,0.008050736971199512,0.32560795545578003,0.7281613349914551,1.2915230989456177,0.016018876805901527,0.1781107485294342,0.3804037868976593,1.1767600774765015,0.41595515608787537,1.348841667175293,1.3678886890411377,0.1959036886692047,0.13111372292041779,0.13743366301059723,0.788888156414032,0.07421869039535522,0.08772055804729462,0.03782390058040619,0.0821143388748169,0.08499132841825485,1.1003698110580444
0.23832958936691284,0.003943642135709524,0.0506519190967083,0.4686375558376312,1.1876271963119507,0.25748053193092346,0.8468119502067566,4.69072151184082,0.41612088680267334,0.12575271725654602,0.6421154141426086,1.0429238080978394,1.1159878969192505,0.00039999998989515007,1.3294200897216797,0.1546328365802765,0.31128138303756714,3.4200479984283447,1.1957734823226929,1.1686697006225586,0.03744696080684662,0.9971530437469482,0.8148320913314819,0.22618156671524048,0.6298288106918335,0.8376680612564087,0.3793052136898041,0.9830763339996338,1.308613657951355,0.09225389361381531,0.6915771961212158,0.04456102102994919,0.5702398419380188,0.19571611285209656,1.0824477672576904,0.3944227695465088,0.5730194449424744,0.30791226029396057,0.29388460516929626,1.142845630645752,0.3060138523578644,0.2622469663619995,0.24790556728839874,0.6466078758239746,0.5525305867195129,1.5964189767837524,0.757221519947052,0.14044402539730072,0.02060048095881939,0.5464144349098206,0.6144909858703613,0.04499197378754616,0.5854191184043884,0.18152976036071777,0.3584108054637909,0.306169331073761,1.5557063817977905
0.20709258317947388,0.26368895173072815,0.4210195541381836,0.48853084444999695,0.8608821630477905,0.8943743705749512,1.0215963125228882,4.664055824279785,0.4695974886417389,0.0074426401406526566,0.595802903175354,0.8933005332946777,0.7846917510032654,0.00039999998989515007,0.9623175859451294,0.1347440481185913,0.1267140656709671,3.3618133068084717,1.201418399810791,1.1799895763397217,0.09767402708530426,0.6570956707000732,0.5894789099693298,0.7399956583976746,0.5006721615791321,0.7214618921279907,0.37140774726867676,0.4930139183998108,1.085262656211853,0.1261054426431656,0.7942968606948853,0.16849324107170105,0.415258526802063,0.4123530387878418,1.611132264137268,0.16434623301029205,0.8001768589019775,0.47723671793937683,0.6485818028450012,0.9493348002433777,0.34708911180496216,0.28947481513023376,0.16452692449092865,0.7004717588424683,0.5817692875862122,1.9756203889846802,0.9675073623657227,0.3470746874809265,0.12443321943283081,0.8663797974586487,0.8666831851005554,0.4033789336681366,0.5089523792266846,0.24279320240020752,0.17947886884212494,0.13145221769809723,1.3040906190872192
0.0994938388466835,0.1455197036266327,0.3289242386817932,0.9602068662643433,0.9083257913589478,0.4646326005458832,1.2429813146591187,4.153480529785156,0.44130849838256836,0.10306239128112793,0.27498728036880493,0.9618169665336609,0.6812598705291748,0.00039999998989515007,0.9752545952796936,0.314092755317688,0.2739448845386505,3.604810953140259,1.0240620374679565,0.9602876901626587,0.09329374879598618,0.946715772151947,0.636818528175354,0.48665541410446167,0.13133558630943298,0.5502546429634094,0.3743074834346771,0.3171553313732147,1.0790691375732422,0.13410811126232147,1.3775686025619507,0.1754181683063507,0.7031927704811096,0.8725467920303345,0.8038491606712341,0.5529648661613464,1.163011074066162,0.2605263292789459,0.5871830582618713,0.54542475938797,0.19463782012462616,0.8664698004722595,0.08871321380138397,0.2003842145204544,1.1154197454452515,1.4851890802383423,1.3724377155303955,0.2712808847427368,0.09745190292596817,0.9848995804786682,0.7937681078910828,0.1987353414297104,0.9636886715888977,0.04841546714305878,0.5427014231681824,0.6916078925132751,1.7027539014816284
0.31646808981895447,0.03462628647685051,0.19173242151737213,0.75845867395401,1.351034164428711,0.48590993881225586,0.6538557410240173,4.172314643859863,0.4963058829307556,0.14825786650180817,0.344169020652771,1.1422148942947388,1.2244236469268799,0.00039999998989515007,1.1469449996948242,0.5505160689353943,0.35766157507896423,3.678896903991699,1.074650764465332,0.9757130146026611,0.08625134825706482,0.9278126358985901,0.615898072719574,0.5685005784034729,0.6377119421958923,0.8577422499656677,0.2437812238931656,0.5580525398254395,1.2127903699874878,0.22325880825519562,0.6519429683685303,0.23391610383987427,0.4658344089984894,0.5636076927185059,1.1137396097183228,0.28052738308906555,0.9784774780273438,0.14170131087303162,0.1491893082857132,0.8730155229568481,0.05436764284968376,0.35515376925468445,0.17377464473247528,0.6642754673957825,0.9229838252067566,1.684831976890564,0.8771186470985413,0.1209329143166542,0.42184269428253174,1.0297099351882935,0.953641951084137,0.12153078615665436,0.6085498332977295,0.09348185360431671,0.2463766485452652,0.7186856269836426,1.6041849851608276
0.05809328705072403,0.018437260761857033,0.33890846371650696,0.7250998020172119,0.9866034984588623,0.6032886505126953,0.9322995543479919,4.45289945602417,0.239789217710495,0.23433062434196472,0.43410852551460266,0.9838356971740723,1.1412582397460938,0.00039999998989515007,1.2529062032699585,0.046582240611314774,0.21995387971401215,3.543644428253174,1.2684342861175537,1.1966662406921387,0.15546800196170807,0.9739483594894409,0.884907066822052,0.5126628875732422,0.4953569173812866,1.0632679462432861,0.13570822775363922,0.9812206029891968,1.1997193098068237,0.10245577991008759,0.7291672825813293,0.005684519652277231,0.39389172196388245,0.26947569847106934,1.0778650045394897,0.1336791068315506,0.8540543913841248,0.49150019884109497,0.3510795831680298,1.0719810724258423,0.2025967538356781,0.33512723445892334,0.513970136642456,0.7553527355194092,0.5788697004318237,1.6102590560913086,1.103739619255066,0.15941812098026276,0.11288928240537643,0.6362820863723755,0.8191173672676086,0.030180033296346664,0.15327134728431702,0.1412063091993332,0.360664039850235,0.3113458454608917,1.3815208673477173
0.09313953667879105,0.0420825332403183,0.31828945875167847,0.7375906705856323,1.2052805423736572,0.44050365686416626,0.7513880133628845,4.3899245262146,0.2870703637599945,0.1858518123626709,0.3187710642814636,1.1165661811828613,1.1001627445220947,0.00039999998989515007,1.268555998802185,0.0047834510914981365,0.3091451823711395,3.5679056644439697,1.2566137313842773,1.1602345705032349,0.12398945540189743,1.0034250020980835,0.737887442111969,0.4431058466434479,0.5853619575500488,1.0452337265014648,0.21349461376667023,1.0119999647140503,1.3702340126037598,0.03170900419354439,0.6983588337898254,0.10250155627727509,0.5386111736297607,0.22981593012809753,1.1619963645935059,0.038012899458408356,0.823386549949646,0.45314881205558777,0.3567076325416565,1.0460765361785889,0.22549311816692352,0.31174519658088684,0.5425611734390259,0.6752990484237671,0.4959443509578705,1.5700016021728516,1.0516958236694336,0.1511605978012085,0.16529464721679688,0.6801588535308838,0.8637065291404724,0.04978669807314873,0.2664431631565094,0.14602944254875183,0.370270311832428,0.2698964774608612,1.3543931245803833
1.02635657787323,0.4061698615550995,0.08468205481767654,0.5422706007957458,0.7896767258644104,0.24926124513149261,0.6136343479156494,4.264740943908691,0.5480396747589111,0.9649903178215027,0.9545542597770691,0.6691919565200806,1.0770560503005981,0.00039999998989515007,2.2019519805908203,0.08522871136665344,0.7766980528831482,3.1571269035339355,1.4145734310150146,1.1443922519683838,0.10679109394550323,0.2628045678138733,0.5820721387863159,0.014861085452139378,0.18707339465618134,1.5665035247802734,0.34985965490341187,1.5146517753601074,1.648727536201477,0.5215107202529907,0.006247653625905514,0.12513841688632965,0.45794034004211426,0.6167833805084229,0.5800192356109619,0.5976877808570862,0.10206253826618195,0.7788363695144653,0.20453587174415588,0.904918372631073,0.8050959706306458,0.10339606553316116,0.3004237413406372,0.331358402967453,0.32190340757369995,1.3194329738616943,0.8760327696800232,0.2851029634475708,0.6274903416633606,0.0035275169648230076,0.5098640322685242,0.3975125253200531,0.3635386526584625,0.2018716186285019,0.15587478876113892,0.3725777864456177,1.0678738355636597
0.25225308537483215,0.39094457030296326,0.6230676174163818,0.42081305384635925,0.7784919142723083,0.5492743253707886,0.9371090531349182,3.955700159072876,0.07917173951864243,0.22814364731311798,0.11015957593917847,0.7600098848342896,1.1135916709899902,0.00039999998989515007,1.1204867362976074,0.1901354044675827,0.4195209741592407,3.7994556427001953,1.0307222604751587,1.0966999530792236,0.21994033455848694,1.2031666040420532,1.6432645320892334,0.05101911723613739,0.9952009320259094,1.0969043970108032,0.25881561636924744,0.7002129554748535,0.9640982151031494,0.4147753119468689,0.951079249382019,0.2718349099159241,0.17823012173175812,0.49118202924728394,0.9505870342254639,0.5771673917770386,0.9112202525138855,0.17773878574371338,0.1565704196691513,1.478913426399231,0.02804037183523178,0.20027929544448853,0.0749436467885971,1.3655024766921997,0.011609526351094246,1.2437376976013184,0.9538381099700928,0.49685490131378174,0.45190802216529846,0.35831496119499207,1.0642751455307007,0.4278648793697357,0.1360035538673401,0.228394016623497,0.5443936586380005,0.5599243640899658,1.229158639907837
0.14643938839435577,0.009521710686385632,0.3576996624469757,0.4540683627128601,1.0573145151138306,0.9364168643951416,0.9197736382484436,4.30524206161499,0.3426032066345215,0.12174897640943527,0.4875968098640442,0.9156896471977234,1.0010803937911987,0.00039999998989515007,1.0952552556991577,0.008772452361881733,0.023209020495414734,3.3437628746032715,1.4021979570388794,0.9162651896476746,0.15876741707324982,0.6026124358177185,0.44288215041160583,0.5254684090614319,0.5161694884300232,0.7683565616607666,0.0446423701941967,0.7934303283691406,1.265555739402771,0.015554506331682205,0.9078943729400635,0.43066757917404175,0.37969452142715454,0.09059012681245804,1.6472933292388916,0.19695748388767242,0.7230979800224304,0.2867354154586792,0.8462235927581787,1.3757362365722656,0.5830255150794983,0.2039971500635147,0.15447458624839783,0.8744487762451172,0.047044847160577774,2.086085796356201,1.0959872007369995,0.4473646879196167,0.11991294473409653,0.81634521484375,1.2063735723495483,0.20939546823501587,0.4995465576648712,0.2572665512561798,0.2047307789325714,0.08358938246965408,0.9368483424186707
0.13052666187286377,0.013080778531730175,0.320633202791214,0.6708300709724426,1.169065237045288,0.6360560059547424,0.7871691584587097,4.420888423919678,0.3524417281150818,0.2646929919719696,0.5411116480827332,1.013496994972229,1.3045421838760376,0.00039999998989515007,1.27317214012146,0.04437221586704254,0.16283583641052246,3.307332754135132,1.2729214429855347,1.162078857421875,0.1494137942790985,0.9806995987892151,0.8298563361167908,0.547313928604126,0.6872855424880981,1.0399303436279297,0.16628731787204742,1.0110987424850464,1.237828254699707,0.05249055102467537,0.7767730355262756,0.07824574410915375,0.35441121459007263,0.07133699208498001,1.1818058490753174,0.07757824659347534,0.7005035877227783,0.38910147547721863,0.44696685671806335,1.210222601890564,0.2847155034542084,0.2243756204843521,0.4344824552536011,0.9512965083122253,0.4749220013618469,1.6739431619644165,0.98936527967453,0.233954057097435,0.11537475138902664,0.7275716066360474,0.8891799449920654,0.016808850690722466,0.23187081515789032,0.03970685601234436,0.266586035490036,0.3108483850955963,1.4189399480819702
0.29434916377067566,0.31933584809303284,0.3501470386981964,0.7558481693267822,1.1924771070480347,0.6248306632041931,1.0720282793045044,4.443120002746582,0.2379894256591797,0.14421719312667847,0.6418647766113281,0.8248687982559204,1.098730444908142,0.00039999998989515007,1.0793366432189941,0.2196444272994995,0.13550768792629242,3.15250825881958,1.2440160512924194,1.4449868202209473,0.1440572589635849,1.051358938217163,0.9400328397750854,0.608908474445343,0.8136823177337646,0.9974608421325684,0.23413720726966858,1.130380392074585,1.1929986476898193,0.12872090935707092,1.152722716331482,0.1387176513671875,0.3523638844490051,0.15464350581169128,1.374526858329773,0.09685773402452469,0.7923415303230286,0.46145325899124146,0.5955197811126709,1.0674155950546265,0.24574212729930878,0.48467645049095154,0.6486184000968933,0.7823203206062317,0.3106383681297302,1.378967046737671,1.0510880947113037,0.15421369671821594,0.06562083214521408,0.6712851524353027,0.6430991291999817,0.03567422181367874,0.04623820260167122,0.07584711909294128,0.37843701243400574,0.05837741494178772,1.355833649635315
0.02486448921263218,0.01926564984023571,0.1506953239440918,0.9151723980903625,0.910812258720398,0.21788519620895386,1.039696455001831,4.39665412902832,0.35981765389442444,0.14172694087028503,0.20883537828922272,0.9739450812339783,0.5948702096939087,0.00039999998989515007,1.1679739952087402,0.044416412711143494,0.22091735899448395,3.6402904987335205,1.218256950378418,1.0086150169372559,0.009596913121640682,0.8847387433052063,0.48100990056991577,0.429998517036438,0.0010220210533589125,0.6268271803855896,0.28484562039375305,0.7738321423530579,1.3720701932907104,0.007624367717653513,1.266001582145691,0.2815799117088318,0.7876700758934021,0.6735235452651978,0.860115110874176,0.3928617238998413,0.98040372133255,0.5344722270965576,0.7091569304466248,0.6547010540962219,0.007978641428053379,0.7216866612434387,0.31536865234375,0.1699361503124237,0.9362281560897827,1.412278175354004,1.512276291847229,0.2870642840862274,0.009041529148817062,0.5759561657905579,0.7735112905502319,0.13876071572303772,0.7635950446128845,0.0373336561024189,0.4959331750869751,0.30521130561828613,1.5081729888916016
0.05365428328514099,0.02892015315592289,0.2634018063545227,0.6932578086853027,0.9931784272193909,0.5257984399795532,0.8641597032546997,4.5227508544921875,0.18870732188224792,0.3092305064201355,0.4531598389148712,1.0254898071289062,1.1679754257202148,0.00039999998989515007,1.2316659688949585,0.04598614573478699,0.19941405951976776,3.468466281890869,1.322461724281311,1.2241195440292358,0.16663189232349396,0.969163179397583,0.7685416340827942,0.5707218050956726,0.37063300609588623,1.1078870296478271,0.09979181736707687,1.072738766670227,1.2150208950042725,0.04509814828634262,0.8077969551086426,0.07000439614057541,0.3674173951148987,0.21683211624622345,1.007188081741333,0.01419904176145792,0.7253988981246948,0.5094038248062134,0.502315104007721,1.0845445394515991,0.20071294903755188,0.33153995871543884,0.5313514471054077,0.7654956579208374,0.5675752758979797,1.594300389289856,1.1160523891448975,0.1893748790025711,0.053048260509967804,0.6466103792190552,0.8042460680007935,0.005229396279901266,0.1349850594997406,0.12087000161409378,0.27610236406326294,0.2604376971721649,1.4335787296295166
0.02309226058423519,0.1995781511068344,0.5296033024787903,0.48855096101760864,1.173667073249817,0.11679162085056305,0.08906935155391693,4.586544990539551,0.2585562467575073,0.009124454110860825,0.18641993403434753,1.3297783136367798,0.5014639496803284,0.00039999998989515007,1.435473918914795,0.05973419174551964,0.42416447401046753,3.7378501892089844,1.2756210565567017,1.2513209581375122,0.2892601191997528,0.7755280137062073,0.5240981578826904,0.20110313594341278,0.49799928069114685,1.049981713294983,0.4320163130760193,1.0328609943389893,1.6866693496704102,0.2340749204158783,0.40536656975746155,0.19296371936798096,0.6754881143569946,0.29534053802490234,1.3238970041275024,0.12198416888713837,0.36937081813812256,0.6138181090354919,0.1878797560930252,0.8104114532470703,0.11716257780790329,0.07684297859668732,0.5354301333427429,0.4795149266719818,0.5007240772247314,1.3282204866409302,1.0089887380599976,0.19540536403656006,0.17112934589385986,0.3127734959125519,0.8103729486465454,0.26302284002304077,0.26340362429618835,0.24882423877716064,0.117801733314991,0.009078781120479107,1.275025725364685
0.4134654998779297,0.2274455577135086,0.010535676963627338,0.4246918857097626,1.8516032695770264,0.05163296312093735,0.005567160900682211,4.098348617553711,0.47076383233070374,0.19815531373023987,0.2061227262020111,1.393540382385254,1.5268279314041138,0.00039999998989515007,1.21506667137146,0.17376850545406342,0.02724508009850979,3.1977105140686035,1.0564172267913818,0.38492780923843384,0.049403686076402664,1.353117823600769,0.46697360277175903,0.34037986397743225,0.7097776532173157,0.5263076424598694,0.3725498914718628,1.22761869430542,1.5492838621139526,0.22178052365779877,0.08549944311380386,0.06995270401239395,0.9498865604400635,0.36026531457901,1.355560302734375,0.5100052952766418,0.41181015968322754,0.278288334608078,0.4781448245048523,1.4032602310180664,0.5298250913619995,0.28220000863075256,0.6003934741020203,0.7659706473350525,0.3160484731197357,1.9614192247390747,0.4407428801059723,0.41503050923347473,0.3952367305755615,0.48534971475601196,0.8495303392410278,0.423797607421875,0.9425774812698364,0.3705616593360901,0.17359775304794312,0.3411957621574402,1.1416041851043701
0.015852000564336777,0.23070314526557922,0.15059475600719452,0.8320361375808716,1.368689775466919,0.18288351595401764,0.07081993669271469,4.202830791473389,0.43322253227233887,0.14103741943836212,0.06774226576089859,1.6490209102630615,0.7949382662773132,0.00039999998989515007,1.282721996307373,0.5420618057250977,0.46081021428108215,3.767434597015381,1.1141870021820068,1.001294732093811,0.44111913442611694,0.9314129948616028,0.1774654984474182,0.27465471625328064,0.5478599071502686,0.7786068320274353,0.6011111736297607,0.4747009873390198,1.6985682249069214,0.6085139513015747,0.3528132438659668,0.2377409040927887,0.6617442965507507,0.7624907493591309,0.9520394206047058,0.19926244020462036,0.6131815910339355,0.24505776166915894,0.14398173987865448,0.4724847674369812,0.21190029382705688,0.060326673090457916,0.5625653862953186,0.2682163119316101,1.1439342498779297,1.286271572113037,0.8947300910949707,0.019215190783143044,0.6130237579345703,0.5885331034660339,0.730094850063324,0.18450136482715607,0.6301173567771912,0.02193204127252102,0.09984538704156876,0.7732466459274292,1.689768671989441
0.026061812415719032,0.24269720911979675,0.19609449803829193,0.5563622117042542,0.47055214643478394,0.5679619908332825,0.3665428161621094,4.502287864685059,0.2113937884569168,0.09961482137441635,0.26285526156425476,1.0463669300079346,0.8293138742446899,0.00039999998989515007,1.3360732793807983,0.27620601654052734,0.024258237332105637,3.5073981285095215,1.369338035583496,0.7725856900215149,0.8331135511398315,0.9418412446975708,0.5527927279472351,0.5870132446289062,0.2161659449338913,0.9158978462219238,0.11943557113409042,1.1931465864181519,1.49977707862854,0.11003173142671585,1.0847392082214355,0.11635030806064606,0.03297806158661842,0.3400985300540924,0.7677236199378967,0.039422087371349335,0.38442546129226685,0.5642426013946533,0.8010965585708618,0.9785319566726685,0.14038777351379395,0.21554234623908997,0.5865552425384521,1.2107362747192383,0.6480278968811035,1.277062177658081,1.6249126195907593,0.19527119398117065,0.29864501953125,0.1093849390745163,1.126666784286499,0.023129217326641083,0.08962300419807434,0.120293989777565,0.03888620436191559,0.45299556851387024,1.423256278038025
0.2609744668006897,0.012200606055557728,0.09086128324270248,0.6591336131095886,0.43188613653182983,0.2128831297159195,0.3431806266307831,4.692080497741699,0.11297137290239334,0.0886310413479805,0.4976474344730377,1.0282255411148071,0.5166244506835938,0.00039999998989515007,1.5515888929367065,0.3221808671951294,0.011813578195869923,3.289708375930786,1.2748653888702393,1.0973763465881348,1.012202262878418,0.7461479306221008,0.4634022116661072,0.6159515976905823,0.19865302741527557,1.030885100364685,0.18372750282287598,1.51333487033844,1.6032929420471191,0.050107043236494064,1.0954279899597168,0.38657841086387634,0.01333117950707674,0.0027134299743920565,0.6318462491035461,0.07482124119997025,0.3043615221977234,0.8014150857925415,0.7170970439910889,0.8327323794364929,0.02227487601339817,0.164577454328537,0.8260029554367065,0.9685838222503662,0.5920742750167847,0.9184324145317078,1.5080925226211548,0.018400071188807487,0.025192726403474808,0.09973501414060593,0.8971548080444336,0.28939488530158997,0.24560141563415527,0.2049642652273178,0.0019550027791410685,0.3368081748485565,1.4775190353393555
0.3193076550960541,0.5635337829589844,0.6572139263153076,0.64122074842453,0.5933040976524353,0.1839408576488495,0.029406486079096794,4.312657833099365,0.33001264929771423,0.5995889902114868,0.32267752289772034,0.8929630517959595,0.028271310031414032,0.00039999998989515007,2.2027151584625244,0.03505226597189903,0.8934626579284668,3.574699640274048,1.4274743795394897,1.344064474105835,0.6490675210952759,0.0918942540884018,0.29462411999702454,0.1730702519416809,0.007389036938548088,1.5552023649215698,0.1479499638080597,1.4201794862747192,1.7325681447982788,0.4033205509185791,0.1012832298874855,0.41981422901153564,0.3899279534816742,0.09655537456274033,0.8391402363777161,0.885884702205658,0.06958495825529099,0.857997715473175,0.1690509170293808,0.4765201807022095,0.3527168035507202,0.12670981884002686,0.6081585884094238,0.03627058118581772,0.33701977133750916,0.6707726716995239,1.1657146215438843,0.40960851311683655,0.19825273752212524,0.014807780273258686,0.6431331038475037,0.7355947494506836,0.858494222164154,0.560188353061676,0.020745819434523582,0.7311362028121948,0.725002110004425
0.7544001340866089,0.3591030240058899,0.5124250054359436,0.8490520119667053,0.6315810084342957,0.6726592779159546,0.0346800833940506,3.8936691284179688,0.9052915573120117,1.1989938020706177,0.6946955323219299,0.9811941981315613,0.5794129967689514,0.00039999998989515007,2.1996898651123047,0.6057759523391724,1.4437216520309448,2.793333053588867,1.2244731187820435,1.615173101425171,0.16975589096546173,0.635245144367218,0.6793771982192993,0.4787496030330658,0.09564942866563797,1.3791273832321167,0.31387028098106384,0.49732843041419983,2.090630531311035,0.24010246992111206,0.6251047849655151,0.50657057762146,0.7119569182395935,0.04230743274092674,0.24369260668754578,0.10732246935367584,0.3136844038963318,0.5841215252876282,0.01649901457130909,0.5368866920471191,0.19922009110450745,0.4944716691970825,0.39745834469795227,0.9948452115058899,0.8478493690490723,0.27634504437446594,0.9594102501869202,0.42949503660202026,0.938502311706543,0.40538543462753296,0.16982021927833557,1.4337581396102905,0.07748020440340042,0.4112587571144104,0.07463973760604858,0.4873875081539154,1.4780253171920776
0.046348072588443756,0.42344292998313904,0.6337224841117859,0.26758530735969543,0.5241118669509888,0.5294497013092041,0.8424216508865356,4.258983135223389,0.20803092420101166,0.2805832624435425,0.011615713126957417,0.8025849461555481,0.9612854719161987,0.00039999998989515007,0.9823470711708069,0.18784311413764954,0.24575892090797424,3.8302881717681885,1.1054346561431885,1.101955771446228,0.16164059937000275,1.1011439561843872,1.449472427368164,0.04636601358652115,0.7448833584785461,1.0806219577789307,0.26674434542655945,0.6624293327331543,0.8832459449768066,0.5554346442222595,1.1073675155639648,0.22693975269794464,0.024985121563076973,0.6234280467033386,0.9143920540809631,0.44522392749786377,0.7390378713607788,0.1707700490951538,0.005963523872196674,1.5185363292694092,0.1278381049633026,0.0922788605093956,0.08001630753278732,1.4538153409957886,0.03702507168054581,1.2544671297073364,0.9881893992424011,0.6581314206123352,0.4074212610721588,0.36974036693573,1.122595191001892,0.29699599742889404,0.049761101603507996,0.234254390001297,0.36663955450057983,0.4884970784187317,1.2530367374420166
0.3983553349971771,0.04840261489152908,0.523926317691803,0.6066721677780151,0.7614315152168274,0.7924688458442688,0.8384653925895691,4.716472148895264,0.36744049191474915,0.09004320204257965,0.2814638912677765,0.9008758664131165,0.7035274505615234,0.00039999998989515007,1.0571993589401245,0.16059745848178864,0.2565307915210724,3.395411729812622,1.3560216426849365,1.034817099571228,0.07374387234449387,0.5765225291252136,0.2961723506450653,0.7884209752082825,0.20078657567501068,0.7611100673675537,0.1721532791852951,0.8281469941139221,1.2415558099746704,0.16780295968055725,0.9106783270835876,0.11723827570676804,0.39554065465927124,0.46346578001976013,1.4934674501419067,0.07524433732032776,0.7981039881706238,0.60915607213974,0.8506675362586975,1.0362123250961304,0.38917919993400574,0.23557521402835846,0.5589744448661804,0.6965342164039612,0.4105961322784424,1.8299583196640015,1.2280371189117432,0.38030320405960083,0.08307025581598282,0.7264920473098755,1.0262444019317627,0.35381004214286804,0.2211172878742218,0.24889825284481049,0.13735730946063995,0.12301298975944519,1.0540249347686768
0.06228385865688324,0.04558976739645004,0.056460604071617126,0.4825569689273834,1.0734854936599731,0.2516137659549713,0.5330813527107239,4.707339286804199,0.21356196701526642,0.1921493262052536,0.40686148405075073,1.3709938526153564,1.0540579557418823,0.00039999998989515007,1.221584677696228,0.22948673367500305,0.15028831362724304,3.4633140563964844,1.3015116453170776,1.1977617740631104,0.29368454217910767,1.0467349290847778,0.6621432900428772,0.38610610365867615,0.5034059882164001,0.9676013588905334,0.45531466603279114,0.8504482507705688,1.2817273139953613,0.4085541367530823,0.781883716583252,0.038135550916194916,0.36674922704696655,0.03881474584341049,1.0961616039276123,0.35705044865608215,0.3574776351451874,0.23919741809368134,0.36056140065193176,1.1410086154937744,0.023919910192489624,0.003990970551967621,0.36499014496803284,0.7935224175453186,0.5526672005653381,1.5249608755111694,0.7859429121017456,0.1511688232421875,0.23692160844802856,0.6812610030174255,0.7521322965621948,0.2352948635816574,0.3223326802253723,0.04886588454246521,0.11152133345603943,0.4437617063522339,1.6532669067382812
0.3736117482185364,0.2642557919025421,0.17752817273139954,0.7003434896469116,0.5520660877227783,0.5130000114440918,1.3588995933532715,4.571406364440918,0.28295063972473145,0.25685518980026245,0.5908825993537903,0.5997500419616699,0.7073268294334412,0.00039999998989515007,0.9083327054977417,0.3529724180698395,0.15433110296726227,3.051523208618164,1.2544666528701782,1.1337032318115234,0.21501542627811432,0.9932197332382202,0.6760695576667786,0.777030348777771,0.013331588357686996,0.5992017388343811,0.19447991251945496,1.0200494527816772,1.0801900625228882,0.10244276374578476,1.8929589986801147,0.694158673286438,0.34052711725234985,0.2748745381832123,0.830602765083313,0.7023489475250244,0.7465633153915405,0.5530434846878052,1.2341350317001343,0.7908833622932434,0.10615433007478714,0.6698442697525024,0.39133793115615845,0.6560328602790833,0.7977125644683838,1.1936475038528442,1.608634352684021,0.19129528105258942,0.08876216411590576,0.4946335554122925,0.6616458296775818,0.10151918977499008,0.29487597942352295,0.16709962487220764,0.37549954652786255,0.13979405164718628,1.656665563583374
0.05263432487845421,0.02074555493891239,0.32896798849105835,0.4816704988479614,1.2148255109786987,0.17676769196987152,0.39930400252342224,4.753121852874756,0.26723402738571167,0.08312970399856567,0.3266508877277374,1.1172982454299927,0.9585716724395752,0.00039999998989515007,1.274383306503296,0.2363997846841812,0.10634418576955795,3.62735652923584,1.1980174779891968,1.0555975437164307,0.016708076000213623,0.9374688267707825,0.6179729700088501,0.40185943245887756,0.5592146515846252,0.905789315700531,0.2576223313808441,1.0653576850891113,1.5907297134399414,0.15736213326454163,0.5293335318565369,0.08226308226585388,0.6370252966880798,0.12426862865686417,1.270716667175293,0.04756033048033714,0.5103836059570312,0.5241202712059021,0.554272472858429,0.9908877015113831,0.2887590527534485,0.11583486199378967,0.5570103526115417,0.6977969408035278,0.32703107595443726,1.565549373626709,0.9431482553482056,0.14706744253635406,0.05565987527370453,0.38322657346725464,0.7697018980979919,0.04360004886984825,0.34626173973083496,0.06793655455112457,0.132563978433609,0.08097073435783386,1.2630574703216553
0.057466376572847366,0.23517727851867676,0.1381402611732483,0.7514281868934631,1.122123122215271,0.451047420501709,0.7175411581993103,4.611833095550537,0.26257508993148804,0.0215076245367527,0.45918574929237366,0.9905954003334045,1.229446291923523,0.00039999998989515007,1.1407814025878906,0.13803744316101074,0.06540673971176147,3.4378044605255127,1.1500167846679688,1.0124071836471558,0.25865647196769714,1.1528781652450562,0.8026652336120605,0.741489052772522,0.4158726632595062,0.81600022315979,0.1230202317237854,1.085884690284729,1.3160406351089478,0.06713377684354782,0.795285701751709,0.44525018334388733,0.46119338274002075,0.21624931693077087,0.9942917227745056,0.19129185378551483,0.7665290832519531,0.5449435710906982,0.7206481695175171,0.8747820258140564,0.0693245455622673,0.3571985065937042,0.6902115941047668,0.78500896692276,0.7370989918708801,1.538179874420166,1.169013261795044,0.1293894499540329,0.18570595979690552,0.4917522668838501,0.6604340076446533,0.2999512851238251,0.2396906018257141,0.12003815174102783,0.21527300775051117,0.3662041127681732,1.4616646766662598
0.013635450974106789,0.09236106276512146,0.06302719563245773,0.6241493821144104,1.1326152086257935,0.446030855178833,0.4365208148956299,4.432239532470703,0.3066215217113495,0.07509152591228485,0.2248990535736084,1.4261045455932617,1.1888121366500854,0.00039999998989515007,1.1448681354522705,0.1242130845785141,0.025698401033878326,3.4431512355804443,1.2331057786941528,0.9060404300689697,0.4202582836151123,1.225476861000061,0.5882986187934875,0.6507537961006165,0.4755971431732178,0.949925422668457,0.36184900999069214,0.8251110315322876,1.3163028955459595,0.4209851324558258,0.8511862754821777,0.010434938594698906,0.39331212639808655,0.27739810943603516,1.0438530445098877,0.3684654235839844,0.4954531788825989,0.23267367482185364,0.62628173828125,1.0261294841766357,0.1116703450679779,0.04345111921429634,0.4543367922306061,0.9124149680137634,0.6688236594200134,1.5387877225875854,1.0043864250183105,0.1678876131772995,0.442425400018692,0.8790032267570496,0.9659225344657898,0.03359191119670868,0.2797512412071228,0.024462297558784485,0.09524774551391602,0.6012893915176392,1.6661559343338013
0.18829406797885895,0.0031813865061849356,0.40454915165901184,0.6731796264648438,0.9684497117996216,0.6008511781692505,0.6194207668304443,4.539066314697266,0.2756797671318054,0.02934456244111061,0.3027990162372589,1.0882700681686401,1.1496477127075195,0.00039999998989515007,1.1753686666488647,0.027431052178144455,0.06822982430458069,3.403316020965576,1.2668367624282837,1.100534439086914,0.36217930912971497,1.03606379032135,0.7014593482017517,0.7261202335357666,0.5327083468437195,0.997779905796051,0.20929154753684998,0.9788784384727478,1.301790714263916,0.13964782655239105,0.8920912742614746,0.0580521821975708,0.251611590385437,0.35307520627975464,1.0879707336425781,0.0635870099067688,0.7154334783554077,0.4632987082004547,0.6084054708480835,1.0545145273208618,0.03766218200325966,0.12235412746667862,0.6495831608772278,1.057080626487732,0.5764191150665283,1.504493236541748,1.1575233936309814,0.29009896516799927,0.30632323026657104,0.6757612228393555,0.9451990127563477,0.006194351240992546,0.04477396979928017,0.013862624764442444,0.1477181613445282,0.34756869077682495,1.444466233253479
0.5481675863265991,0.15430234372615814,0.26691317558288574,0.8117938041687012,0.7631640434265137,0.6071255803108215,0.7077608704566956,3.39292573928833,0.5518904328346252,0.5509035587310791,0.13921581208705902,1.8330549001693726,0.617141842842102,0.00039999998989515007,0.706777811050415,0.8218079209327698,0.11223448812961578,2.0864758491516113,1.1733585596084595,1.0208923816680908,1.7985984086990356,0.8858931660652161,0.3740198016166687,1.178194522857666,0.6562771201133728,0.8275849223136902,0.6953364014625549,0.22900626063346863,1.3882396221160889,0.9605464935302734,1.0988200902938843,0.3671453595161438,0.5027300119400024,0.8827616572380066,0.7667829394340515,0.8173241019248962,0.11062686890363693,0.16736425459384918,0.6954644918441772,0.003739610081538558,1.0232957601547241,0.6780450940132141,0.6062869429588318,1.2958803176879883,1.509151577949524,0.8016215562820435,1.3155978918075562,0.6790995001792908,0.9703435897827148,1.084563970565796,0.9971452355384827,0.8754092454910278,0.20406866073608398,0.21447277069091797,0.5318681001663208,1.1081938743591309,2.0253827571868896
0.40278786420822144,0.6189268231391907,0.48112499713897705,0.6900873780250549,1.1341935396194458,0.86684650182724,1.0242565870285034,4.48393440246582,0.21117368340492249,0.12992610037326813,0.821158230304718,0.7634110450744629,1.2487574815750122,0.00039999998989515007,0.9236031174659729,0.0423080250620842,0.12199945747852325,3.02091383934021,1.0820139646530151,1.4975600242614746,0.15179669857025146,1.0762314796447754,1.132032871246338,0.8971508741378784,0.96201491355896,0.9887905120849609,0.21827593445777893,0.8865312933921814,1.0216814279556274,0.09968139231204987,1.0412040948867798,0.29842275381088257,0.12061657011508942,0.03958069905638695,1.4081214666366577,0.0270928256213665,0.7847986221313477,0.4585396945476532,0.6556622385978699,0.9376063346862793,0.12466468662023544,0.4494333267211914,0.5841859579086304,1.0616508722305298,0.4197247326374054,1.4621553421020508,0.9168325066566467,0.3104904294013977,0.09477926790714264,0.7646237015724182,0.5597938299179077,0.05065077543258667,0.15185347199440002,0.08354013413190842,0.16932940483093262,0.23663991689682007,1.4410972595214844
0.4557410180568695,0.5537134408950806,0.1468810886144638,0.8407538533210754,1.2031729221343994,0.44346898794174194,0.9858657717704773,4.523126602172852,0.13640227913856506,0.07570666074752808,0.6890559792518616,0.8702039122581482,1.3001810312271118,0.00039999998989515007,1.047010064125061,0.18718336522579193,0.13109278678894043,3.035203456878662,1.1376069784164429,1.3279790878295898,0.42324188351631165,1.2823123931884766,1.0101139545440674,0.8007845282554626,0.5831047296524048,0.8244215250015259,0.13396228849887848,1.3113971948623657,1.168752670288086,0.25952404737472534,0.995581865310669,0.7180372476577759,0.3472345769405365,0.24802400171756744,1.0424634218215942,0.23079322278499603,0.7847990989685059,0.5735999941825867,0.7282018065452576,0.8701456189155579,0.08574167639017105,0.5338420271873474,1.0044161081314087,0.7122229933738708,0.6741681694984436,1.2335021495819092,1.0809919834136963,0.30054715275764465,0.18474602699279785,0.4382898509502411,0.31468209624290466,0.25145071744918823,0.10199940204620361,0.20756211876869202,0.33015933632850647,0.23525874316692352,1.4724714756011963
0.14087264239788055,0.848434329032898,0.7133671045303345,0.011904962360858917,1.651639699935913,0.8271318078041077,0.9361079335212708,3.4813530445098877,0.12951482832431793,0.5862280130386353,0.8911015391349792,1.911665439605713,0.612398624420166,0.00039999998989515007,0.8654946088790894,0.07409791648387909,0.4026126563549042,3.389495611190796,0.8144316077232361,0.7207323312759399,0.09413424879312515,1.2625807523727417,0.4097001254558563,0.5044344663619995,1.2995716333389282,0.6990567445755005,1.0508867502212524,0.5936189293861389,1.6087040901184082,1.5376813411712646,0.12149662524461746,0.9009453058242798,0.6822394728660583,0.31970059871673584,1.2568279504776,0.08946198970079422,0.13644054532051086,0.1778448522090912,0.667059600353241,1.3750141859054565,0.08500654250383377,0.7945271134376526,0.5151390433311462,0.9940701723098755,0.3602107763290405,0.8863458633422852,0.055146459490060806,0.37734633684158325,1.0650333166122437,0.40372276306152344,1.047553300857544,0.10686664283275604,0.767301082611084,0.029664533212780952,0.1604461669921875,0.47431543469429016,0.966992974281311
0.18270166218280792,0.1652819961309433,0.3824908137321472,0.6214366555213928,0.9426406025886536,0.5791200399398804,0.8710197806358337,4.671609878540039,0.038855813443660736,0.08262278884649277,0.3338748812675476,1.0234792232513428,1.2246863842010498,0.00039999998989515007,1.0429822206497192,0.04617830365896225,0.07276740670204163,3.5857772827148438,1.2045941352844238,1.1972824335098267,0.16277894377708435,1.0369410514831543,0.8950680494308472,0.6796280741691589,0.3931920826435089,1.0065178871154785,0.08383233845233917,0.9697256684303284,1.1069440841674805,0.05914575979113579,0.7970420718193054,0.23953120410442352,0.27238860726356506,0.3030361533164978,1.021834135055542,0.05679469183087349,0.8540762662887573,0.4556138515472412,0.5196147561073303,1.101047396659851,0.12011619657278061,0.3741907775402069,0.646490216255188,0.8995116949081421,0.5020829439163208,1.5423165559768677,1.0276950597763062,0.19494383037090302,0.15121278166770935,0.6561431288719177,0.766103208065033,0.1400737166404724,0.05727410688996315,0.10715794563293457,0.26609501242637634,0.3134591281414032,1.365317463874817
0.22977344691753387,0.04335235059261322,0.03832042217254639,0.6556809544563293,0.4046202003955841,0.3994463086128235,1.224944829940796,4.772729396820068,0.18403151631355286,0.32355162501335144,0.2846669852733612,0.7984495759010315,0.6436911821365356,0.00039999998989515007,1.0908963680267334,0.09273349493741989,0.2556815445423126,3.607592821121216,1.2346094846725464,0.919444739818573,0.07989883422851562,0.7861750721931458,0.6631888151168823,0.6001641154289246,0.32309359312057495,0.5082816481590271,0.10337860137224197,0.7616847157478333,1.1124370098114014,0.024966025725007057,1.3056730031967163,0.6336915493011475,0.49407416582107544,0.6941230297088623,0.7060953974723816,0.32802340388298035,0.9100995659828186,0.5985619425773621,0.8904701471328735,0.8461125493049622,0.02010980248451233,0.622829794883728,0.35399872064590454,0.4614107012748718,0.9355823397636414,1.4484212398529053,1.5594285726547241,0.2611464262008667,0.13210992515087128,0.34334906935691833,0.7380525469779968,0.10499101132154465,0.5961665511131287,0.02731144241988659,0.41864660382270813,0.25824204087257385,1.443861961364746
0.4216265082359314,0.20270214974880219,0.4445176124572754,0.6347689628601074,0.9011419415473938,0.6384714841842651,0.8417317867279053,4.720286846160889,0.007101499009877443,0.11986382305622101,0.4318973124027252,1.094731092453003,0.9540511965751648,0.00039999998989515007,1.0780504941940308,0.18128147721290588,0.03491073101758957,3.638995885848999,1.124330759048462,1.3115653991699219,0.3646458685398102,1.0525602102279663,1.0053410530090332,0.6125055551528931,0.6082823872566223,1.114615559577942,0.3326018750667572,0.7967774868011475,1.166258692741394,0.1608353555202484,0.7814821600914001,0.18789808452129364,0.11243250966072083,0.11896897107362747,1.2280793190002441,0.3277842700481415,0.8092761635780334,0.4493994414806366,0.26838114857673645,0.8995937705039978,0.04735796898603439,0.22961804270744324,0.6412729620933533,0.7881492376327515,0.5081883668899536,1.33236563205719,0.9202484488487244,0.23276269435882568,0.16298224031925201,0.6775291562080383,0.6106073260307312,0.2588297724723816,0.3710005283355713,0.2544998228549957,0.2387477159500122,0.22808250784873962,1.3943355083465576
0.14971467852592468,0.09320583939552307,0.5770869851112366,0.47204315662384033,1.044525384902954,0.27761873602867126,0.48837363719940186,4.861631393432617,0.05206915736198425,0.07533308118581772,0.24428102374076843,1.2231827974319458,1.0632883310317993,0.00039999998989515007,1.330217957496643,0.02621430717408657,0.07644056528806686,3.6409530639648438,1.263342261314392,1.1261430978775024,0.14960560202598572,0.8115034103393555,0.7740623950958252,0.3496144711971283,0.4559231102466583,0.967656672000885,0.11835353076457977,1.0419201850891113,1.3912042379379272,0.2896082103252411,0.36502882838249207,0.09019910544157028,0.41983768343925476,0.07986071705818176,1.2484132051467896,0.22711648046970367,0.5594515800476074,0.47278207540512085,0.27511629462242126,1.2702566385269165,0.41853097081184387,0.09078297019004822,0.7463830709457397,0.7440162897109985,0.17682047188282013,1.5462206602096558,0.8364056348800659,0.22230181097984314,0.023417409509420395,0.37141868472099304,0.7786855697631836,0.12463939189910889,0.11148630082607269,0.16513574123382568,0.23652778565883636,0.05579855665564537,1.06995689868927
0.17236346006393433,0.09668123722076416,0.44978779554367065,0.45310667157173157,0.8115359544754028,0.8453193306922913,0.9512025117874146,4.1972503662109375,0.0211613979190588,0.2683963477611542,0.22104236483573914,0.8760085701942444,1.276222586631775,0.00039999998989515007,0.9927865862846375,0.1329583376646042,0.031132521107792854,3.924194097518921,0.8531057238578796,0.9653181433677673,0.24516865611076355,1.1330307722091675,1.6185914278030396,0.23821231722831726,0.8922914862632751,0.9479843974113464,0.2729320228099823,0.2764444351196289,0.8201047778129578,0.6160221695899963,0.8480945825576782,0.1178859993815422,0.09002839028835297,0.5102891325950623,1.0589442253112793,0.4207218885421753,0.9865420460700989,0.030944401398301125,0.02578570321202278,1.3556461334228516,0.08390065282583237,0.2963755130767822,0.1295425146818161,1.336889624595642,0.14662399888038635,1.4445549249649048,0.6853862404823303,0.47115302085876465,0.3710806369781494,0.7113813161849976,1.0170975923538208,0.32025936245918274,0.17758849263191223,0.22271114587783813,0.38571101427078247,0.7326340079307556,1.305489420890808
0.18580996990203857,0.1844382882118225,0.21520404517650604,0.548549234867096,1.7670931816101074,0.08043161034584045,0.3660118281841278,4.026658535003662,0.15438176691532135,0.3830823600292206,0.18036526441574097,1.3132319450378418,1.7869499921798706,0.00039999998989515007,0.7324584126472473,0.09342896193265915,0.32938969135284424,3.217280387878418,0.8541028499603271,0.3322961628437042,0.10338541865348816,1.669796109199524,0.6438196897506714,0.7290326356887817,0.23941539227962494,0.2522159218788147,0.163471519947052,1.2135206460952759,1.3398962020874023,0.25312429666519165,0.13146184384822845,0.7934004068374634,0.8943524360656738,0.015660366043448448,0.9303592443466187,0.6913538575172424,0.8261228799819946,0.4021565318107605,0.7681487202644348,1.0859272480010986,0.26876723766326904,0.2838251292705536,0.8720391988754272,0.6324849128723145,0.7914158701896667,1.773007869720459,0.642204999923706,0.9110063910484314,0.43327072262763977,0.36341622471809387,0.5439123511314392,1.0273936986923218,1.0499014854431152,0.4942983388900757,0.31815579533576965,0.6881569623947144,1.347788691520691
0.08722717314958572,0.6935942769050598,0.5782867074012756,0.40557822585105896,0.8990325927734375,1.1942048072814941,1.1392873525619507,4.536419868469238,0.31929171085357666,0.018670937046408653,0.9832550287246704,0.5330459475517273,1.056445598602295,0.00039999998989515007,0.8995993733406067,0.13706640899181366,0.4145825207233429,3.1190526485443115,1.1118755340576172,1.1690328121185303,0.24749785661697388,0.5243651270866394,0.8673157095909119,0.9501215815544128,0.5631930828094482,0.7335139513015747,0.09676208347082138,0.6791136264801025,1.1530965566635132,0.2961364686489105,0.7474203109741211,0.2697022557258606,0.25678497552871704,0.004816852044314146,1.78319251537323,0.15365321934223175,0.7765898704528809,0.6482211947441101,1.1017392873764038,0.9452555775642395,0.595892071723938,0.5055667161941528,0.2344096302986145,0.8900984525680542,0.17138734459877014,2.0619637966156006,1.017768144607544,0.4529002904891968,0.5393561124801636,0.5614576935768127,0.7501890063285828,0.21327173709869385,0.14592082798480988,0.3612063229084015,0.06495822966098785,0.1396489441394806,0.9051917791366577
0.08132116496562958,0.061486370861530304,0.7346752285957336,0.46621379256248474,0.6442505717277527,0.6036896705627441,1.0124683380126953,4.269170761108398,0.2282644361257553,0.46746817231178284,0.2008412480354309,0.6640584468841553,1.0862184762954712,0.00039999998989515007,0.9261459708213806,0.35003960132598877,0.020098090171813965,3.957549810409546,0.8484638333320618,1.117343783378601,0.20505529642105103,1.204433798789978,1.8056694269180298,0.29778796434402466,0.7196254730224609,0.9619569182395935,0.11682851612567902,0.6623501777648926,0.9915806651115417,0.3401733934879303,0.8358564376831055,0.386417955160141,0.18406473100185394,0.6297771334648132,0.9844047427177429,0.7893204689025879,1.0697178840637207,0.49295786023139954,0.12823298573493958,1.1311055421829224,0.10738548636436462,0.4823642671108246,0.357683002948761,1.2203809022903442,0.1544819474220276,1.1921627521514893,1.0290113687515259,0.3370242416858673,0.21875980496406555,0.10677470266819,0.7838156819343567,0.5616361498832703,0.08120779693126678,0.31213927268981934,0.487094908952713,0.4287096858024597,1.1434987783432007
0.6245688199996948,0.22056205570697784,0.7769854068756104,0.6045272946357727,0.7045546770095825,0.848635733127594,1.004081130027771,4.64243221282959,0.18425022065639496,0.16431528329849243,0.26074057817459106,0.9950119853019714,0.7673445343971252,0.00039999998989515007,0.9337204694747925,0.035302650183439255,0.3941360414028168,3.5356688499450684,1.22657310962677,1.213248610496521,0.05846872553229332,0.6253601908683777,0.6673468947410583,0.8215869665145874,0.22527584433555603,0.8191648125648499,0.22000062465667725,0.6073910593986511,1.1305183172225952,0.05068518966436386,0.7305554747581482,0.03336792066693306,0.30143097043037415,0.6157311201095581,1.528506875038147,0.277729868888855,1.0556236505508423,0.6792197823524475,0.5564032793045044,1.0327056646347046,0.32049843668937683,0.4157414734363556,0.6313271522521973,0.7288790941238403,0.4320962131023407,1.7463797330856323,1.039353370666504,0.4215683341026306,0.10973239690065384,0.6830911636352539,0.925281822681427,0.36611801385879517,0.08372063934803009,0.4252832531929016,0.2810777425765991,0.04274430125951767,1.0305020809173584
0.313544362783432,0.3617202937602997,0.35741934180259705,0.7158350348472595,0.80861496925354,0.6370595693588257,1.22434663772583,4.5770416259765625,0.034128833562135696,0.029232420027256012,0.55938321352005,0.8369570374488831,1.220359444618225,0.00039999998989515007,1.0482299327850342,0.12948735058307648,0.22100929915905,3.412987232208252,1.1887383460998535,1.2267255783081055,0.16254469752311707,1.0038782358169556,1.0534942150115967,0.809301495552063,0.12560345232486725,0.9564094543457031,0.05988407880067825,1.1188510656356812,1.1052013635635376,0.1453348994255066,0.8723301887512207,0.6413572430610657,0.32715854048728943,0.18714074790477753,1.0058673620224,0.15990304946899414,0.9984666109085083,0.735419750213623,0.716070830821991,1.0060555934906006,0.20243434607982635,0.6512550711631775,0.7800777554512024,0.7030878067016602,0.5819334983825684,1.488546371459961,1.1507914066314697,0.01682034134864807,0.1512635499238968,0.43105465173721313,0.6000694632530212,0.16095364093780518,0.08247611671686172,0.16671575605869293,0.407309889793396,0.10601864010095596,1.3054670095443726
0.27549269795417786,0.29481595754623413,0.47646158933639526,0.6168973445892334,0.8211303949356079,0.6344979405403137,1.1448484659194946,4.564571857452393,0.04366324469447136,0.12511789798736572,0.5116909742355347,0.9312565922737122,1.2555484771728516,0.00039999998989515007,1.0136672258377075,0.054175734519958496,0.14648257195949554,3.444838523864746,1.2042365074157715,1.3028210401535034,0.10932649672031403,0.9941979050636292,1.069627046585083,0.7762495279312134,0.20320047438144684,1.1050704717636108,0.0367022342979908,1.0801631212234497,1.0874005556106567,0.023724891245365143,0.8197154998779297,0.4858624041080475,0.24973993003368378,0.22779078781604767,1.0313862562179565,0.23463742434978485,0.9363296627998352,0.6912097930908203,0.6324735879898071,1.1027454137802124,0.2036307007074356,0.5761967897415161,0.7137657999992371,0.8352130055427551,0.4485451281070709,1.5028958320617676,1.0353626012802124,0.2193067967891693,0.14346234500408173,0.5276274681091309,0.6896097660064697,0.09418574720621109,0.13544924557209015,0.27881690859794617,0.3718707859516144,0.11357786506414413,1.316251277923584
0.21810118854045868,0.2935120463371277,0.8755190968513489,0.6428949236869812,0.47414514422416687,0.4971487820148468,0.855201780796051,4.383942604064941,0.14577849209308624,0.5983231067657471,0.9142926931381226,0.4378209412097931,0.5378076434135437,0.00039999998989515007,1.670404314994812,0.4691348671913147,0.27613672614097595,3.0467402935028076,1.197475790977478,1.7173967361450195,0.260738343000412,0.1967858523130417,0.9509426951408386,0.3885657489299774,0.4374069571495056,1.5723894834518433,0.25647884607315063,1.2821518182754517,1.5496724843978882,0.5534278750419617,0.3181367516517639,0.3213145136833191,0.1303444355726242,0.37770208716392517,1.0862675905227661,1.2533924579620361,0.38088253140449524,1.112947702407837,0.314216285943985,0.3978132903575897,0.5489569902420044,0.4587763547897339,0.8864721059799194,0.291151762008667,0.05155176669359207,0.7070077657699585,1.0005639791488647,0.6749743223190308,0.6789886951446533,0.15312230587005615,0.15616720914840698,0.7382291555404663,1.3001078367233276,0.677143931388855,0.16558869183063507,0.8354694843292236,0.7699901461601257
0.6855722069740295,0.12085897475481033,0.6383825540542603,0.679558277130127,0.4117147922515869,0.4332152307033539,1.1322752237319946,4.468755722045898,0.2411859631538391,0.2421339452266693,0.2102804034948349,0.8854177594184875,0.9378709197044373,0.00039999998989515007,1.1122058629989624,0.3989259600639343,0.36169180274009705,3.575129985809326,1.2447779178619385,1.1191755533218384,0.45636725425720215,1.086778998374939,1.2440268993377686,0.5971788167953491,0.10942601412534714,0.8538464903831482,0.001511519541963935,1.2166473865509033,1.139326810836792,0.2418837547302246,0.6357728242874146,0.7672266364097595,0.26754817366600037,0.3679291307926178,0.8802916407585144,0.6849152445793152,1.0087898969650269,0.9640604853630066,0.42647799849510193,1.0259606838226318,0.09739069640636444,0.42857906222343445,1.1963450908660889,0.6713111996650696,0.6079728007316589,1.2070709466934204,1.334694504737854,0.16741415858268738,0.07459590584039688,0.19955599308013916,0.5102717280387878,0.1551673263311386,0.3755477964878082,0.18622033298015594,0.5270338654518127,0.0502861849963665,1.0334413051605225
0.6052122712135315,0.22545024752616882,0.942966103553772,0.4571759104728699,0.39478757977485657,0.45915672183036804,0.8481763005256653,4.004581451416016,0.7405017614364624,0.36272740364074707,0.09167242795228958,1.0159090757369995,1.043027400970459,0.00039999998989515007,0.40594545006752014,0.1761551946401596,0.28180840611457825,3.768338918685913,0.8352758884429932,1.161966323852539,0.3430456221103668,1.5782396793365479,1.8945997953414917,0.5334401726722717,0.35224926471710205,0.8099053502082825,0.2658819258213043,0.4867737889289856,0.7047522068023682,0.36118295788764954,0.4578994810581207,0.6742590069770813,0.114230215549469,1.0998389720916748,0.8048410415649414,1.1195634603500366,1.0922324657440186,0.7235114574432373,0.07052241265773773,0.8476489186286926,0.40217456221580505,0.32671549916267395,0.850518524646759,1.2417978048324585,0.6903570294380188,1.0576623678207397,1.1567014455795288,0.12861916422843933,0.6238439679145813,0.13788871467113495,0.5112539529800415,0.5982720851898193,0.2528127133846283,0.36150074005126953,0.42616263031959534,0.8318309187889099,1.1755077838897705
0.23378223180770874,0.4355505108833313,0.35322272777557373,0.8330468535423279,1.0160714387893677,0.9905708432197571,1.2532362937927246,4.348827362060547,0.35708871483802795,0.02477569691836834,0.6000393629074097,0.8075607419013977,1.5242758989334106,0.00039999998989515007,0.8955597281455994,0.22096969187259674,0.3493203818798065,3.3872857093811035,1.0278860330581665,0.9953066110610962,0.061341624706983566,0.8982704281806946,0.8776921629905701,1.0896366834640503,0.3095895051956177,0.7374618053436279,0.08131282031536102,0.6371591687202454,0.9843026399612427,0.00835749227553606,0.9047578573226929,0.4671262204647064,0.23122717440128326,0.4439590573310852,1.1722197532653809,0.07666333019733429,1.2698564529418945,0.45780476927757263,0.66749107837677,0.9395298361778259,0.19456221163272858,0.7832397222518921,0.5350347757339478,0.8048684597015381,0.8642107248306274,1.7306673526763916,0.965876579284668,0.13444405794143677,0.010902529582381248,0.8551766276359558,0.7523206472396851,0.15540307760238647,0.1522909253835678,0.178676038980484,0.3162029981613159,0.42552900314331055,1.4402141571044922
0.39731353521347046,0.2933572828769684,0.5492386817932129,0.7288981080055237,0.8122305870056152,0.6909776329994202,1.138683557510376,4.5757646560668945,0.08921603858470917,0.02510201185941696,0.4551342725753784,0.9077203273773193,1.0858134031295776,0.00039999998989515007,1.089758276939392,0.07688317447900772,0.21674208343029022,3.5260419845581055,1.1632848978042603,1.2603251934051514,0.11776150017976761,0.8898879289627075,1.0347378253936768,0.7455323338508606,0.2386835813522339,0.9787553548812866,0.04782773181796074,0.9345925450325012,1.1840722560882568,0.005995048210024834,0.7859016060829163,0.4204216003417969,0.3256535232067108,0.3433147370815277,1.1641411781311035,0.3286871016025543,1.074128270149231,0.7336108088493347,0.556560218334198,1.0057928562164307,0.21843969821929932,0.6195945739746094,0.7232678532600403,0.7274630665779114,0.512477695941925,1.501124620437622,1.0895564556121826,0.17810972034931183,0.14104022085666656,0.49159032106399536,0.7098766565322876,0.006535607390105724,0.09562460333108902,0.2954600751399994,0.41011548042297363,0.06805448979139328,1.2160204648971558
0.17069977521896362,0.06257320940494537,0.39783042669296265,0.3048244118690491,1.1018954515457153,0.16520218551158905,0.6953564882278442,4.068120956420898,0.12358178198337555,0.3804674744606018,0.7788076996803284,0.5628926157951355,1.3798147439956665,0.00039999998989515007,1.5679072141647339,0.9026668667793274,0.07264108955860138,2.4484105110168457,1.3040101528167725,0.8263822793960571,0.09988842904567719,0.6634084582328796,0.4999370574951172,0.4892174005508423,0.032312627881765366,1.2111625671386719,0.6037306785583496,2.320077419281006,1.5801165103912354,0.749636709690094,0.12454880774021149,0.5413627028465271,0.5865572094917297,1.3260935544967651,1.0504982471466064,0.416448712348938,0.18166883289813995,1.03694748878479,0.9903210401535034,1.3244614601135254,1.2490607500076294,0.1295909881591797,1.310964584350586,0.40885117650032043,0.486532598733902,1.2767281532287598,0.59918612241745,0.04225846752524376,0.6692798137664795,0.2168310284614563,0.35482919216156006,0.05103812739253044,0.6951878666877747,0.12707656621932983,0.2573830485343933,1.0939072370529175,0.3810341954231262
0.5376535058021545,0.3217586576938629,0.2979528307914734,0.49179989099502563,1.3534619808197021,0.13032947480678558,0.22856882214546204,4.254434585571289,0.41209346055984497,0.05015264451503754,0.07447472214698792,1.6301014423370361,1.631022572517395,0.00039999998989515007,0.5846269130706787,0.14148248732089996,0.5021755695343018,3.074324607849121,1.0332716703414917,0.7311937212944031,0.7874434590339661,1.8384382724761963,0.8832769989967346,0.8436163067817688,0.0128609174862504,0.5517827868461609,0.21632355451583862,1.4845223426818848,1.177846908569336,0.09969810396432877,0.27594515681266785,0.9668998718261719,0.4767923951148987,0.04685993865132332,0.8872168660163879,0.0008384157554246485,0.6008660197257996,0.7866191267967224,0.49944260716438293,1.0427042245864868,0.11288834363222122,0.0269258264452219,1.6177220344543457,0.7271963953971863,0.8552645444869995,1.4904521703720093,0.6744806170463562,0.7500163316726685,0.5512963533401489,0.023600568994879723,0.2207413613796234,0.6792700886726379,0.16936427354812622,0.28429481387138367,0.25297972559928894,0.5312181115150452,1.2163423299789429
0.848349928855896,0.16197249293327332,0.34106016159057617,0.5387105345726013,1.0398112535476685,0.12025241553783417,0.8980406522750854,4.531765937805176,0.5038851499557495,0.03290509432554245,0.37257182598114014,1.2099567651748657,0.6424722075462341,0.00039999998989515007,0.8763641119003296,0.2507980465888977,0.06603889167308807,3.3485331535339355,1.1463680267333984,1.2106739282608032,0.6498735547065735,1.4416543245315552,0.9149138927459717,0.5520740151405334,0.2900501787662506,1.1561568975448608,0.4117979109287262,1.429833173751831,1.4705294370651245,0.10362876206636429,0.7134676575660706,0.6921665668487549,0.22582843899726868,0.46476492285728455,1.3429685831069946,0.5493413805961609,0.7355490326881409,0.8051538467407227,0.4749325215816498,0.738243579864502,0.04762132838368416,0.2064039409160614,1.267936110496521,0.2984732985496521,0.2729158401489258,0.870549201965332,1.0083526372909546,0.26503950357437134,0.012300187721848488,0.26760363578796387,0.2407272756099701,0.2745577394962311,0.8921629190444946,0.4307021498680115,0.4057297706604004,0.2785937190055847,1.1393202543258667
0.24653804302215576,0.3026670813560486,0.3695727586746216,0.5953251719474792,0.9848809242248535,0.4655238091945648,0.9579977989196777,4.832695484161377,0.07784242182970047,0.1135217696428299,0.5568344593048096,1.0119909048080444,1.1180771589279175,0.00039999998989515007,1.1140198707580566,0.06609353423118591,0.09202313423156738,3.4820590019226074,1.1838244199752808,1.292237639427185,0.10873454064130783,0.8978044986724854,0.8604385852813721,0.6840400695800781,0.2595228850841522,1.0512750148773193,0.04337078332901001,1.130375862121582,1.307955265045166,0.05570964142680168,0.6872442960739136,0.43007785081863403,0.40210264921188354,0.05744772031903267,1.1385036706924438,0.09441201388835907,0.810171902179718,0.6460757255554199,0.6375179290771484,1.0039302110671997,0.2839662432670593,0.5616733431816101,0.6989730000495911,0.6402689814567566,0.3856082558631897,1.4654920101165771,0.9050084352493286,0.17863701283931732,0.2414342761039734,0.5169323086738586,0.5949782133102417,0.00016006089572329074,0.046903133392333984,0.23142622411251068,0.30225974321365356,0.01785658486187458,1.281869649887085
1.2915313243865967,0.12043304741382599,0.8007174730300903,0.41413694620132446,0.03146869316697121,0.17551103234291077,0.9466208219528198,4.552005290985107,0.6135006546974182,0.48978281021118164,0.5360027551651001,1.2254308462142944,0.1380823701620102,0.00039999998989515007,0.7370169162750244,0.09811366349458694,0.36589515209198,3.7225444316864014,1.4625775814056396,1.4423099756240845,0.8347507119178772,0.44435760378837585,0.3971226215362549,0.5856070518493652,0.6362011432647705,0.47252634167671204,0.6342117190361023,0.6624086499214172,1.2759315967559814,0.10922878980636597,0.3332764208316803,0.09967521578073502,0.04828425124287605,0.8164272308349609,1.4149073362350464,0.8181934952735901,1.0376768112182617,1.0550494194030762,0.005005227867513895,0.6705218553543091,0.17863041162490845,0.2122810035943985,1.0153172016143799,0.44231483340263367,0.3781769275665283,1.2047536373138428,1.326364517211914,0.030644647777080536,0.14321520924568176,0.34139204025268555,0.6472703814506531,0.7816544771194458,0.10092667490243912,0.40124234557151794,0.4387815296649933,0.23075316846370697,0.3879260718822479
0.38325855135917664,0.4634833335876465,0.5405612587928772,0.5348057746887207,0.7105925679206848,0.7242098450660706,1.0935618877410889,4.795820713043213,0.027311909943819046,0.07081889361143112,0.6419265270233154,0.8532217144966125,0.7547955513000488,0.00039999998989515007,0.9530544281005859,0.022638993337750435,0.13626845180988312,3.625941753387451,1.0198137760162354,1.3722246885299683,0.05037925764918327,0.8633183240890503,1.1555863618850708,0.7368411421775818,0.42392498254776,1.015651822090149,0.2377518266439438,0.6559168100357056,1.210931658744812,0.04230276122689247,0.7856287360191345,0.4439585208892822,0.25267720222473145,0.374813973903656,1.3469785451889038,0.47193363308906555,0.892244279384613,0.6876797080039978,0.5627390742301941,0.6806126832962036,0.041982393711805344,0.5521700978279114,0.41553476452827454,0.6779096722602844,0.5002124905586243,1.452704668045044,1.0335166454315186,0.36130189895629883,0.280815064907074,0.46967965364456177,0.5433217287063599,0.21415972709655762,0.18120168149471283,0.4840834140777588,0.24320463836193085,0.05403004214167595,1.3029096126556396
0.5724456310272217,0.4322965443134308,0.05609536170959473,0.656655490398407,0.32299962639808655,0.3589855134487152,1.3621042966842651,4.507280349731445,0.01881149597465992,0.5274483561515808,0.4417264461517334,0.7959285378456116,0.10999564081430435,0.00039999998989515007,0.8384095430374146,0.023815393447875977,0.10878143459558487,3.7297580242156982,0.8808292150497437,1.1445413827896118,0.010538510046899319,0.8342871069908142,0.9249652624130249,0.6507302522659302,0.16898909211158752,0.6383677124977112,0.5241797566413879,0.2764027714729309,1.3259408473968506,0.09022808820009232,1.3515310287475586,0.8541552424430847,0.5823424458503723,0.925389289855957,1.0467807054519653,0.1975947916507721,1.0574451684951782,0.830773115158081,0.8425448536872864,0.03738052397966385,0.4512155055999756,0.8157864212989807,0.10390930622816086,0.013862417079508305,1.057600498199463,1.1521477699279785,1.5662156343460083,0.13188092410564423,0.4455382227897644,0.3168075382709503,0.4175809919834137,0.30402612686157227,0.2515803575515747,0.5457350611686707,0.436036616563797,0.10290543735027313,1.520286202430725
0.5675410032272339,0.1900797039270401,0.618909478187561,0.5682947635650635,0.6427068114280701,0.6826295852661133,1.1441609859466553,4.749656677246094,0.017514025792479515,0.01095461193472147,0.44661304354667664,0.9760082960128784,0.921979546546936,0.00039999998989515007,1.1296285390853882,0.15264321863651276,0.19985786080360413,3.512632369995117,1.2630884647369385,1.3862429857254028,0.1854710727930069,0.7605041265487671,1.0107651948928833,0.6150702238082886,0.26822158694267273,1.0566774606704712,0.17880778014659882,0.8937511444091797,1.1350103616714478,0.11010891944169998,0.8060617446899414,0.19920310378074646,0.15079039335250854,0.29447293281555176,1.2078101634979248,0.3314490020275116,0.9551981687545776,0.5948630571365356,0.3694911301136017,1.176950216293335,0.19907917082309723,0.5019165873527527,0.6106961369514465,0.8341578841209412,0.3397068381309509,1.4419947862625122,0.9248082041740417,0.4092272222042084,0.14826147258281708,0.4994955360889435,0.7390079498291016,0.2686775326728821,0.18148279190063477,0.3464782238006592,0.36746183037757874,0.04204728826880455,1.1994009017944336
0.7080792784690857,0.3946799039840698,0.9833568930625916,0.5920270681381226,0.23869599401950836,1.0451300144195557,1.2278826236724854,4.383512020111084,0.19159965217113495,0.6197829246520996,0.6437931060791016,0.5978265404701233,0.622272253036499,0.00039999998989515007,1.087082028388977,0.10640206933021545,0.48556870222091675,2.9475529193878174,1.3854619264602661,1.3863011598587036,0.6344788074493408,0.2533155083656311,0.7769231200218201,1.0381320714950562,0.6123843789100647,1.1653835773468018,0.3561440706253052,0.8728437423706055,0.8543856143951416,0.967056155204773,0.01898084208369255,0.4835687577724457,0.28185492753982544,0.5835862159729004,0.9208769202232361,1.3573224544525146,0.7674912214279175,1.304542064666748,0.5353779196739197,0.4595927596092224,0.4891549050807953,0.39254504442214966,1.0325794219970703,0.48856768012046814,0.8565676808357239,1.4090222120285034,1.365433931350708,0.5114218592643738,0.4794746935367584,0.05725434795022011,0.3052121102809906,0.7780041694641113,0.9818113446235657,0.7335343360900879,0.05177100747823715,0.28435102105140686,0.68215012550354
0.7390669584274292,0.07266835868358612,0.46842077374458313,0.46847856044769287,1.3042678833007812,0.09065406024456024,0.40926393866539,4.523385047912598,0.12274684011936188,0.451422780752182,0.15974442660808563,1.6246947050094604,0.9064740538597107,0.00039999998989515007,0.9405214786529541,0.07032013684511185,0.28757306933403015,3.536795139312744,1.1780657768249512,0.8325781226158142,0.34911084175109863,1.3139557838439941,0.5784040689468384,0.48883867263793945,0.23398201167583466,0.683926522731781,0.5116662979125977,1.2665516138076782,1.556841254234314,0.47505709528923035,0.2955717146396637,0.2635502815246582,0.7079200148582458,0.13561005890369415,1.3694217205047607,0.10032419115304947,0.8141449689865112,0.5661452412605286,0.41385984420776367,1.2990665435791016,0.17630702257156372,0.09299840033054352,1.1140077114105225,0.5741994380950928,0.22600100934505463,1.4729994535446167,0.6622409224510193,0.1728406846523285,0.2692616283893585,0.349677175283432,0.7612048387527466,0.11738801002502441,0.334762841463089,0.11038343608379364,0.43562978506088257,0.0745108351111412,1.0558580160140991
0.7968400120735168,0.4720478355884552,0.826019823551178,0.6093953847885132,0.5794546008110046,0.9518109560012817,1.2927757501602173,4.436775207519531,0.17954771220684052,0.43077221512794495,0.4164801239967346,0.757652997970581,0.5337038040161133,0.00039999998989515007,0.7938247323036194,0.02919689007103443,0.502629280090332,3.348473072052002,1.116422176361084,1.2254917621612549,0.13149727880954742,0.5966148376464844,0.8503729104995728,0.9665620923042297,0.1778455525636673,0.7038066983222961,0.2597922384738922,0.5010311007499695,1.1003886461257935,0.08828094601631165,0.9178586006164551,0.25752946734428406,0.3845916986465454,0.8470690846443176,1.6439255475997925,0.2996023893356323,1.2372632026672363,0.8174916505813599,0.7887964844703674,0.8600183129310608,0.2249118983745575,0.6754907965660095,0.4410709738731384,0.674823522567749,0.4713593125343323,1.7705821990966797,1.1764450073242188,0.4453563690185547,0.35134103894233704,0.5854377150535583,0.8889510631561279,0.34320247173309326,0.23982663452625275,0.5932998061180115,0.35288509726524353,0.07609409093856812,1.0153460502624512
0.8187733292579651,0.5822616815567017,0.7298011183738708,0.5845311284065247,0.6741827726364136,1.2133264541625977,1.5802134275436401,4.291018009185791,0.10454393923282623,0.1990179568529129,0.6458560824394226,0.5845897793769836,0.8553645610809326,0.00039999998989515007,0.7215606570243835,0.06225517392158508,0.5091367959976196,2.9722900390625,1.218277096748352,1.3084309101104736,0.10539747029542923,0.6565601825714111,0.9347047805786133,1.0280250310897827,0.3454826772212982,0.8032500147819519,0.0725596621632576,0.7750241160392761,0.8953509330749512,0.2303016185760498,1.2207313776016235,0.21724209189414978,0.13974617421627045,0.29056745767593384,1.6991024017333984,0.12931224703788757,1.2077525854110718,0.6336921453475952,0.9703708291053772,1.1852483749389648,0.3934532403945923,0.7614092826843262,0.4872080981731415,0.896983802318573,0.10533979535102844,1.7425161600112915,1.071529746055603,0.5225721597671509,0.36418384313583374,0.7735557556152344,0.8842357397079468,0.2863212823867798,0.06198795139789581,0.5142253041267395,0.40146732330322266,0.1680479794740677,0.9193738102912903
0.5336312651634216,0.34880027174949646,0.3721630275249481,0.7402114272117615,0.5955864191055298,0.8624155521392822,1.45880925655365,4.474093914031982,0.013226397335529327,0.026001431047916412,0.5542064905166626,0.92088383436203,0.959050178527832,0.00039999998989515007,1.0460363626480103,0.23075172305107117,0.21362359821796417,3.4501900672912598,1.2144016027450562,1.3295423984527588,0.23277130722999573,0.958012580871582,1.240444302558899,0.742449164390564,0.16271285712718964,0.975299596786499,0.19674329459667206,0.6645231246948242,1.0026648044586182,0.0020862873643636703,0.9764205813407898,0.40571194887161255,0.13187746703624725,0.4334554076194763,1.132948398590088,0.39183083176612854,1.1343406438827515,0.5961446166038513,0.4978218078613281,0.9492533206939697,0.06967674940824509,0.727798581123352,0.42893296480178833,0.7393411993980408,0.6507896184921265,1.4549909830093384,1.1559762954711914,0.2092103660106659,0.09892921149730682,0.5864971876144409,0.665728747844696,0.1709471493959427,0.12361474335193634,0.4048265814781189,0.4521656632423401,0.34650829434394836,1.3441388607025146
0.7950104475021362,0.04568607360124588,0.8430758714675903,0.29464486241340637,0.3297886848449707,0.4927455484867096,1.322374701499939,4.116106033325195,0.6090760231018066,0.6981999278068542,0.21947471797466278,0.9101207852363586,0.242885023355484,0.00039999998989515007,0.464765727519989,0.08306708186864853,0.10681004077196121,3.790696859359741,1.0517864227294922,1.5038169622421265,0.08217208832502365,0.9551831483840942,1.3433443307876587,0.5322235226631165,0.23110038042068481,0.7614260911941528,0.720008134841919,0.24750939011573792,1.0734608173370361,0.4610319137573242,0.9388107061386108,0.13815617561340332,0.07265699654817581,1.1085448265075684,1.4128648042678833,0.9058724641799927,1.394659399986267,0.7261922359466553,0.0579354390501976,0.8430590629577637,0.16175150871276855,0.577673077583313,0.20015516877174377,1.091378092765808,0.19604460895061493,1.3237038850784302,1.2337464094161987,0.4151630699634552,0.10650114715099335,0.15285919606685638,0.901698112487793,0.14055801928043365,0.13462087512016296,0.6370933055877686,0.5717507600784302,0.2731323838233948,0.8766425848007202
0.5789964199066162,0.2832924723625183,0.8812817335128784,0.22373469173908234,0.4647967517375946,0.09023172408342361,0.9006429314613342,4.1965765953063965,0.6315309405326843,0.5747971534729004,0.04858284816145897,0.988142192363739,0.3631035089492798,0.00039999998989515007,0.9218176603317261,0.09500552713871002,0.1552797257900238,3.916416883468628,0.9738364815711975,1.251503348350525,0.015227622352540493,1.175376057624817,1.5711896419525146,0.060343895107507706,0.505016028881073,1.2412185668945312,0.5156807899475098,0.8120250105857849,1.2968064546585083,0.7604426741600037,0.8557029962539673,0.2674989700317383,0.12627413868904114,0.726767897605896,1.030816674232483,0.9983441233634949,1.03359854221344,0.6375086307525635,0.13862723112106323,1.1080764532089233,0.33220139145851135,0.2877253293991089,0.4478995203971863,0.9979757070541382,0.01909877546131611,0.8529754877090454,0.9850983023643494,0.4978908598423004,0.05595191940665245,0.030634846538305283,0.8127411007881165,0.018583934754133224,0.31943991780281067,0.6910399794578552,0.5736901760101318,0.13162775337696075,1.1170867681503296
1.0736393928527832,0.01477434765547514,0.7258008122444153,0.599378764629364,0.3738311231136322,0.09466437995433807,0.9388123154640198,4.590214729309082,0.2635270059108734,0.4801812767982483,0.029660167172551155,1.1607372760772705,0.3599386215209961,0.00039999998989515007,1.2300485372543335,0.12200574576854706,0.1784486323595047,3.662823438644409,1.2518677711486816,1.391194462776184,0.5315315127372742,0.9266939759254456,1.162196159362793,0.28582048416137695,0.11254622787237167,0.910153329372406,0.46847984194755554,1.010678768157959,1.35429847240448,0.20847545564174652,0.7507885098457336,0.44868776202201843,0.2878693640232086,0.5375790596008301,1.0196888446807861,0.6393131017684937,0.9619487524032593,0.7912635207176208,0.024744214490056038,1.0076929330825806,0.13530641794204712,0.36525240540504456,1.0200409889221191,0.6001810431480408,0.4362886846065521,0.8989630341529846,1.1391494274139404,0.08985147625207901,0.11314806342124939,0.20948079228401184,0.569082498550415,0.27646562457084656,0.25243085622787476,0.3080698847770691,0.5602654814720154,0.08294345438480377,1.115940809249878
0.8880130052566528,0.4821605980396271,0.46577566862106323,0.6924331784248352,0.3169887661933899,0.663405179977417,1.4855594635009766,4.25048828125,0.24352207779884338,0.8279353380203247,0.26780134439468384,0.6426612734794617,0.022688020020723343,0.00039999998989515007,0.6664498448371887,0.14394862949848175,0.513396680355072,3.3235628604888916,1.0332223176956177,1.0671160221099854,0.2766342759132385,0.5199146270751953,0.6477432250976562,0.8936052918434143,0.2744792103767395,0.2975262403488159,0.40898486971855164,0.23407818377017975,1.126650333404541,0.08694668859243393,1.3511894941329956,0.5690316557884216,0.6854908466339111,1.291717529296875,1.4173657894134521,0.0430666022002697,1.3467780351638794,0.9124207496643066,1.0619089603424072,0.46314767003059387,0.014289104379713535,0.9582765698432922,0.21231353282928467,0.21233107149600983,0.8504773378372192,1.5921528339385986,1.5611110925674438,0.06392199546098709,0.46671438217163086,0.4057314991950989,0.8093224167823792,0.2820398807525635,0.7708007097244263,0.5303999781608582,0.502711296081543,0.029372477903962135,1.1183077096939087
0.4110587537288666,0.6394620537757874,0.2827136516571045,0.6260620951652527,0.9954307675361633,0.8215537667274475,1.146278738975525,4.4290337562561035,0.09838167577981949,0.01541951484978199,0.8084300756454468,1.0848703384399414,0.9030289649963379,0.00039999998989515007,0.8945534229278564,0.20598286390304565,0.07522010803222656,3.353693723678589,0.9521321058273315,1.3226523399353027,0.07252363860607147,1.137998104095459,1.305572509765625,0.8553335666656494,0.6280776262283325,1.060733437538147,0.4311085343360901,0.5061074495315552,1.1266286373138428,0.2703651189804077,0.9431644082069397,0.46438026428222656,0.32380324602127075,0.23303556442260742,1.484931230545044,0.16209672391414642,0.8436287641525269,0.48074209690093994,0.6574381589889526,0.6886523962020874,0.17687344551086426,0.54779052734375,0.17465835809707642,0.67046058177948,0.575790286064148,1.5272287130355835,0.848343014717102,0.3356918394565582,0.20214147865772247,0.8380911350250244,0.5758664011955261,0.31091970205307007,0.05008738860487938,0.542087972164154,0.2704715430736542,0.3554762005805969,1.5879638195037842
0.4762919247150421,0.4903687834739685,0.5242577195167542,0.7050760984420776,0.831619918346405,0.5079058408737183,1.066891074180603,4.6025919914245605,0.06988506019115448,0.2923154830932617,0.5258113145828247,0.8829094171524048,0.7556793093681335,0.00039999998989515007,1.0170410871505737,0.106488898396492,0.10220243781805038,3.565809726715088,1.0149670839309692,1.3449597358703613,0.024596959352493286,0.9520925879478455,1.2106603384017944,0.6992334723472595,0.40145665407180786,0.9085098505020142,0.2686596214771271,0.7773715257644653,1.3312609195709229,0.09156744927167892,0.8275729417800903,0.5973250269889832,0.4806496202945709,0.5844898819923401,1.2520891427993774,0.3429933488368988,1.0684901475906372,0.7610094547271729,0.5500850081443787,0.6833322048187256,0.05303984880447388,0.7427175641059875,0.5249617099761963,0.6118265986442566,0.6052667498588562,1.3923863172531128,1.136719822883606,0.18128718435764313,0.21490514278411865,0.3069748282432556,0.5682364702224731,0.018638405948877335,0.10714548826217651,0.3898879587650299,0.3967290222644806,0.17680402100086212,1.32682466506958
0.6475106477737427,0.35294073820114136,0.6543291211128235,0.6135100722312927,0.7330559492111206,0.640720009803772,1.002256155014038,4.724259853363037,0.03861691430211067,0.09952676296234131,0.3366394340991974,1.1087889671325684,1.086448073387146,0.00039999998989515007,1.0677939653396606,0.08733250200748444,0.229386106133461,3.4102940559387207,1.1812745332717896,1.396731972694397,0.42021387815475464,0.9275997281074524,1.1154049634933472,0.7709531188011169,0.36177414655685425,1.0933834314346313,0.1768435537815094,0.8635513782501221,1.059952735900879,0.2552259862422943,0.7742047905921936,0.4441310167312622,0.09675246477127075,0.3129037618637085,1.1114767789840698,0.35948923230171204,0.9012993574142456,0.5582366585731506,0.31179019808769226,1.1041663885116577,0.08777567744255066,0.5627037286758423,0.7105988264083862,0.9674670100212097,0.5082830190658569,1.3330739736557007,0.7873428463935852,0.4364195168018341,0.011242727749049664,0.5019999146461487,0.5504018664360046,0.1565399467945099,0.3144857585430145,0.2876262068748474,0.341347873210907,0.08012416213750839,1.3319170475006104
0.6742957234382629,0.30680549144744873,0.05099146068096161,0.6161292195320129,0.7728403210639954,0.16405203938484192,0.9975227117538452,4.202234745025635,0.04041280597448349,0.5612972974777222,0.41490674018859863,1.150962471961975,0.6004719734191895,0.00039999998989515007,0.9019551873207092,0.25050994753837585,0.2834332585334778,3.487332582473755,0.8165250420570374,1.2666276693344116,0.05240869149565697,0.8061830997467041,0.553562581539154,0.45862942934036255,0.08503513783216476,0.8203878998756409,0.9902253746986389,0.2544104754924774,1.784029483795166,0.7197901606559753,1.4226621389389038,0.6471326351165771,0.7914325594902039,0.7680945992469788,1.3104832172393799,0.09255268424749374,0.9277938008308411,0.8121252655982971,0.6630721092224121,0.19621093571186066,0.5986776947975159,0.7257089018821716,0.07335931062698364,0.3437003791332245,0.9187677502632141,0.8721768856048584,1.2976278066635132,0.08667806535959244,0.5859823226928711,0.537215530872345,0.4439229369163513,0.7901392579078674,0.3972446322441101,0.7690466046333313,0.4424283802509308,0.08691247552633286,1.6806869506835938
0.6384472250938416,0.5239601731300354,0.4521578848361969,0.4929973781108856,0.8153994679450989,0.3758847415447235,1.2574090957641602,4.597654819488525,0.17900392413139343,0.0145028717815876,0.7216387987136841,0.9120498895645142,0.8300707340240479,0.00039999998989515007,0.8745020627975464,0.0674000158905983,0.015205606818199158,3.1191110610961914,1.1675853729248047,1.6888941526412964,0.0780775249004364,1.033340573310852,1.1856920719146729,0.7268253564834595,0.4156917333602905,1.2014888525009155,0.2786283791065216,1.0971527099609375,1.1895322799682617,0.24806340038776398,1.189756989479065,0.6462210416793823,0.2639724910259247,0.14892810583114624,1.196202278137207,0.07671409100294113,0.8241668343544006,0.6938427090644836,0.6690356135368347,0.9261623024940491,0.04556627199053764,0.733951985836029,0.5843652486801147,0.7435339093208313,0.32579508423805237,1.1941473484039307,0.9718993902206421,0.3562733232975006,0.34443050622940063,0.45976197719573975,0.48621392250061035,0.18261896073818207,0.1626969873905182,0.41181138157844543,0.39473453164100647,0.0014747491804882884,1.5126093626022339
1.1317131519317627,0.4604378640651703,0.8325387835502625,0.5327635407447815,0.5941942930221558,0.7275761961936951,1.342647671699524,4.534395694732666,0.1474238783121109,0.2833479046821594,0.350189745426178,0.8565638065338135,0.31813493371009827,0.00039999998989515007,0.563430666923523,0.09157077223062515,0.360186368227005,3.175187349319458,1.2174363136291504,1.564610481262207,0.11092671006917953,0.7649831771850586,0.8097096681594849,0.8493620157241821,0.26974815130233765,0.8094079494476318,0.482031911611557,0.5758471488952637,1.1268867254257202,0.09044278413057327,1.1228922605514526,0.26292261481285095,0.17113986611366272,0.6209231019020081,1.7607961893081665,0.43586793541908264,1.1611956357955933,0.8224298357963562,0.6588191986083984,0.7623676061630249,0.20628543198108673,0.6937847137451172,0.6675956845283508,0.6074329018592834,0.36574888229370117,1.4141004085540771,1.23408043384552,0.4331337809562683,0.2230348140001297,0.5745055079460144,0.6848646402359009,0.5582728981971741,0.12567223608493805,0.6571655869483948,0.36936429142951965,0.1732531487941742,1.0079013109207153
0.5473699569702148,0.21172845363616943,0.7001568078994751,0.5570603013038635,0.7555384039878845,0.4713369905948639,0.9759441614151001,4.621060848236084,0.06970472633838654,0.2757112681865692,0.404562383890152,0.9851650595664978,0.5041794180870056,0.00039999998989515007,1.0967767238616943,0.025802237913012505,0.07494037598371506,3.5750887393951416,1.1051362752914429,1.327581524848938,0.0282692089676857,0.7300583720207214,0.922225296497345,0.617328941822052,0.33374494314193726,1.046960711479187,0.36933401226997375,0.7462483644485474,1.468441128730774,0.2807043790817261,0.7610448598861694,0.29420721530914307,0.44217419624328613,0.6314006447792053,1.4048634767532349,0.4516918659210205,1.0625067949295044,0.8085267543792725,0.44468051195144653,0.7950360178947449,0.06350317597389221,0.5657155513763428,0.4898916780948639,0.5983576774597168,0.45501917600631714,1.4740527868270874,1.075226902961731,0.41803330183029175,0.33369025588035583,0.4289446771144867,0.7700391411781311,0.3511439263820648,0.04024698585271835,0.580251932144165,0.35744738578796387,0.07142449915409088,1.203167200088501
0.7531327605247498,0.6673967242240906,0.4769303500652313,0.8776200413703918,0.9882043600082397,0.6352999806404114,1.2632743120193481,4.455411911010742,0.09157288819551468,0.20377588272094727,0.6033746600151062,0.8329452276229858,0.9075103402137756,0.00039999998989515007,0.902751624584198,0.10303040593862534,0.14326514303684235,3.2071611881256104,1.0154025554656982,1.4955987930297852,0.14173515141010284,1.0579559803009033,1.2451307773590088,0.8025950789451599,0.6144202351570129,0.8829018473625183,0.3055270314216614,0.8584421873092651,1.1864697933197021,0.07606130093336105,1.1495095491409302,0.6231318712234497,0.3597281575202942,0.31967440247535706,1.3188228607177734,0.13088452816009521,1.1875598430633545,0.6351422071456909,0.5763752460479736,0.7611667513847351,0.06369560211896896,0.9152936339378357,0.6990044116973877,0.6658152937889099,0.5480909943580627,1.2481300830841064,1.0832476615905762,0.12722085416316986,0.08960916101932526,0.5483704209327698,0.4870302677154541,0.02273644506931305,0.07703925669193268,0.2628771960735321,0.49349451065063477,0.18150439858436584,1.367893099784851
0.6917638778686523,0.3814501166343689,0.6374531388282776,0.6560606360435486,0.68364417552948,0.44220978021621704,1.0761488676071167,4.632575035095215,0.00040748133324086666,0.2836514413356781,0.3618486821651459,0.9906678199768066,0.5810633897781372,0.00039999998989515007,0.9831289649009705,0.14703330397605896,0.15614184737205505,3.517460584640503,1.1493724584579468,1.4160733222961426,0.12531141936779022,0.868480920791626,1.0342243909835815,0.671846866607666,0.2366066575050354,0.8920966386795044,0.33781132102012634,0.7499501705169678,1.3621410131454468,0.14134010672569275,0.8428774476051331,0.49923795461654663,0.44515642523765564,0.6689810752868652,1.317449688911438,0.42340609431266785,1.0508285760879517,0.8320440649986267,0.5281725525856018,0.7059740424156189,0.014098765328526497,0.7001363635063171,0.6639232039451599,0.5543324947357178,0.6071829795837402,1.358933448791504,1.223461627960205,0.25633305311203003,0.1744198054075241,0.2676709294319153,0.6063186526298523,0.19474942982196808,0.04858069121837616,0.45659399032592773,0.40167850255966187,0.07576523721218109,1.23640775680542
0.5312102437019348,0.6017710566520691,0.6256091594696045,0.42053133249282837,0.9830319285392761,0.541034460067749,0.9261795282363892,4.559116840362549,0.36320748925209045,0.046800900250673294,0.7265933156013489,1.0546241998672485,0.3708800673484802,0.00039999998989515007,0.8086845874786377,0.24012494087219238,0.0018096931744366884,2.932147979736328,1.1218706369400024,1.7366786003112793,0.2844470143318176,0.35074853897094727,0.4160981774330139,0.8350161910057068,0.5490656495094299,1.024409532546997,0.5178406834602356,0.3719680607318878,1.3810542821884155,0.5103422999382019,1.021338701248169,0.040275633335113525,0.4821128845214844,0.5204848051071167,1.7738945484161377,0.2212292104959488,0.7043501734733582,0.6318548917770386,0.7769170999526978,0.6143632531166077,0.23245151340961456,0.6759734749794006,0.056536223739385605,0.49170640110969543,0.3401978313922882,1.6076598167419434,0.7451097965240479,0.8604180216789246,0.6529482007026672,1.0339677333831787,0.7646594047546387,0.8713290095329285,0.4181102216243744,0.6819089651107788,0.1047046035528183,0.2258288413286209,1.398815393447876
0.3651305139064789,0.5731787085533142,0.24889177083969116,0.6970018744468689,0.6629236936569214,0.15897630155086517,1.1153324842453003,4.503199100494385,0.2367880642414093,0.5842624306678772,0.5617826581001282,0.7539749145507812,0.25661230087280273,0.00039999998989515007,1.0033098459243774,0.33160826563835144,0.05438772588968277,3.4850690364837646,0.9059494733810425,1.2555187940597534,0.21750803291797638,0.7895111441612244,0.9969125390052795,0.6359543204307556,0.0639122724533081,0.592531681060791,0.35794350504875183,0.5746294260025024,1.552567958831787,0.10669850558042526,1.0547922849655151,0.9356160759925842,0.8654190301895142,0.8947805762290955,1.1084376573562622,0.0678989440202713,1.0099776983261108,0.9813187718391418,0.8808416128158569,0.18113169074058533,0.1649380922317505,0.9945254325866699,0.2773093581199646,0.14711111783981323,0.9628631472587585,1.273629069328308,1.450379490852356,0.0832802802324295,0.4994417130947113,0.01727193407714367,0.4110627770423889,0.015676377341151237,0.6215907335281372,0.36905384063720703,0.41838642954826355,0.09331697970628738,1.448439121246338
0.6664226055145264,0.25093531608581543,0.6694549322128296,0.7070441246032715,0.7794995307922363,0.7211300730705261,1.2385181188583374,4.422708511352539,0.008043715730309486,0.03346335515379906,0.3944222033023834,0.9731281399726868,1.0507272481918335,0.00039999998989515007,1.0602731704711914,0.004142899066209793,0.16993127763271332,3.2843520641326904,1.248793363571167,1.383507251739502,0.15083983540534973,0.9046669006347656,1.1048074960708618,0.7328568696975708,0.3468947112560272,1.1268384456634521,0.14050434529781342,0.9893859028816223,1.1165497303009033,0.1308833360671997,0.9261834621429443,0.27591973543167114,0.22941218316555023,0.3676522672176361,1.2393243312835693,0.33694759011268616,1.1552400588989258,0.618083119392395,0.44466397166252136,1.2213733196258545,0.13919371366500854,0.6681248545646667,0.7404910326004028,0.8803082704544067,0.30573228001594543,1.4661513566970825,0.9932194948196411,0.4373718500137329,0.08319681882858276,0.624786376953125,0.820294976234436,0.13106702268123627,0.20163781940937042,0.39599496126174927,0.4824150800704956,0.10096529126167297,1.1857125759124756
0.2945079803466797,0.44486352801322937,1.0255738496780396,0.004704453516751528,0.6422884464263916,0.03126416355371475,0.19010372459888458,4.4334001541137695,0.11397853493690491,0.2043715864419937,0.08484278619289398,1.052988052368164,0.4477267861366272,0.00039999998989515007,1.4939711093902588,0.6833012700080872,0.2565857470035553,3.0805821418762207,1.422377586364746,0.7215825915336609,0.017824063077569008,0.22213496267795563,0.07406254857778549,0.3378262221813202,0.18731719255447388,1.0200151205062866,0.027722325176000595,1.547029733657837,1.857598900794983,0.2787160873413086,0.5703988671302795,0.10872231423854828,0.7484757304191589,0.06383012235164642,1.5688778162002563,0.7763351798057556,0.24840198457241058,1.1202400922775269,0.6164286732673645,1.2507104873657227,1.069093108177185,0.2855790853500366,1.0154269933700562,0.38074958324432373,0.3859933614730835,1.708235263824463,0.6440600156784058,0.5452843904495239,0.5663405656814575,0.30176985263824463,0.8424918055534363,0.6733174324035645,0.1053989976644516,0.5885088443756104,0.09113230556249619,1.015146255493164,0.15837392210960388
0.9511404037475586,0.33464834094047546,0.2330649197101593,0.9651138782501221,0.40038397908210754,0.3564600944519043,1.5633673667907715,4.249105930328369,0.04257935658097267,0.44998815655708313,0.1759965717792511,0.8721622824668884,0.3871224820613861,0.00039999998989515007,0.9037676453590393,0.03749210387468338,0.17750468850135803,3.3853042125701904,1.1497180461883545,1.3334102630615234,0.20207937061786652,0.9417692422866821,1.0270181894302368,0.634300947189331,0.1837802231311798,0.6515378355979919,0.3519740104675293,0.650743842124939,1.1105527877807617,0.13696803152561188,1.549782633781433,0.7669820785522461,0.460923433303833,0.9480156302452087,0.831066906452179,0.039359189569950104,1.3997480869293213,0.733694851398468,0.5979688167572021,0.63041752576828,0.32639652490615845,1.1078293323516846,0.6372981667518616,0.3025493323802948,0.9404441714286804,1.0264606475830078,1.575577974319458,0.1473439335823059,0.04752885922789574,0.3431483209133148,0.5881580710411072,0.0025348039343953133,0.22243061661720276,0.264703631401062,0.7255802154541016,0.31356877088546753,1.427695631980896
1.0758552551269531,0.23247714340686798,0.9533195495605469,0.4095466434955597,0.1172214224934578,0.898233950138092,1.265488624572754,4.5217390060424805,0.38555189967155457,0.45369580388069153,0.22756843268871307,0.888157308101654,0.6669972538948059,0.00039999998989515007,0.9730076789855957,0.19034066796302795,0.6766273975372314,3.2911863327026367,1.3776084184646606,1.1413463354110718,0.3854389190673828,0.6254512071609497,1.1823960542678833,0.6380645632743835,0.03604887053370476,0.7064818143844604,0.04147152230143547,0.8556087017059326,0.8607857823371887,0.04057851806282997,0.9817697405815125,0.3867810368537903,0.1611851155757904,0.44754815101623535,1.4024051427841187,0.5522647500038147,0.9428325295448303,0.635064423084259,0.46912628412246704,1.554770827293396,0.17538650333881378,0.3398309648036957,0.7980599403381348,1.136474847793579,0.08466243743896484,1.5245798826217651,1.1755926609039307,0.44374340772628784,0.055102091282606125,0.030155522748827934,0.8781400918960571,0.3834989368915558,0.2515776753425598,0.3735787868499756,0.41217368841171265,0.0678788349032402,0.7175639867782593
0.4733842611312866,0.4489448666572571,0.4630281329154968,0.38805484771728516,1.4304022789001465,0.02668997459113598,0.5784834623336792,4.526675701141357,0.03289109095931053,0.6211573481559753,0.3845892548561096,1.1213959455490112,1.0691320896148682,0.00039999998989515007,0.7761670351028442,0.6576429605484009,0.2586492896080017,3.158897638320923,0.962721049785614,1.0003350973129272,0.023212112486362457,1.4131865501403809,1.0208011865615845,0.6646836400032043,0.585854709148407,0.6133735775947571,0.3670261800289154,1.3733338117599487,1.5844290256500244,0.2274118959903717,0.4304511547088623,0.8019501566886902,0.8612862825393677,0.03039679303765297,1.5399258136749268,0.10852786898612976,0.7305147647857666,0.769688069820404,0.828414797782898,1.0254141092300415,0.23230360448360443,0.40859702229499817,0.9588305354118347,0.6781295537948608,0.19292069971561432,1.5331909656524658,0.7605535387992859,0.20796607434749603,0.0474967360496521,0.028979014605283737,0.4660334587097168,0.4393821060657501,0.4449395537376404,0.052084699273109436,0.35374173521995544,0.010956001468002796,1.1210880279541016
0.044224970042705536,0.1810956746339798,0.41350170969963074,0.8222097158432007,1.1182060241699219,0.6741753220558167,0.9670754075050354,4.496711730957031,0.1796269565820694,0.07288635522127151,0.6225326657295227,0.7666899561882019,0.9383494257926941,0.00039999998989515007,1.2279311418533325,0.2413175106048584,0.07102104276418686,3.60148024559021,0.8994570970535278,0.9190423488616943,0.06022167578339577,0.9347327947616577,1.0484614372253418,0.631855309009552,0.4770732522010803,0.9741671085357666,0.2586277723312378,0.7806598544120789,1.5905463695526123,0.03500021994113922,0.29241490364074707,0.4180748760700226,0.2978188991546631,0.3690638542175293,1.295711874961853,0.7815871834754944,1.4292067289352417,0.8671606183052063,0.23235192894935608,0.5980254411697388,0.28891295194625854,0.6496082544326782,0.4376309812068939,0.6175247430801392,0.7886545658111572,1.6510822772979736,1.1014189720153809,0.11794878542423248,0.25464820861816406,0.4745270311832428,0.6180382370948792,0.004007867071777582,0.08019550889730453,0.3790909945964813,0.3406415283679962,0.16554538905620575,1.066183090209961
1.0833450555801392,0.09525082260370255,0.6574861407279968,0.6866540908813477,0.31656473875045776,0.2513032555580139,1.1929680109024048,4.4685540199279785,0.44292476773262024,0.37942737340927124,0.05867769569158554,1.0707197189331055,0.5061206221580505,0.00039999998989515007,0.9687850475311279,0.1703948825597763,0.20115336775779724,3.5505175590515137,1.3093181848526,1.4618449211120605,0.6254796981811523,1.0154988765716553,1.211916446685791,0.4684879183769226,0.0685969740152359,0.8158913850784302,0.41790908575057983,0.9382852911949158,1.2054356336593628,0.06738004088401794,0.8162063360214233,0.558290958404541,0.1016392633318901,0.6265871524810791,1.0350357294082642,0.7454890608787537,1.1654587984085083,0.847954511642456,0.0866912379860878,0.8899270296096802,0.11799703538417816,0.5836305618286133,1.0601146221160889,0.6707335114479065,0.5480916500091553,0.9962202310562134,1.352492094039917,0.02937495708465576,0.2377786785364151,0.1919747292995453,0.517470121383667,0.1603592187166214,0.31528374552726746,0.2764129340648651,0.6090682744979858,0.19095787405967712,0.9929560422897339
0.6826171278953552,0.3493140637874603,0.5136481523513794,0.8963533639907837,0.7641720771789551,0.6722225546836853,1.2842390537261963,4.43956184387207,0.03707936406135559,0.1629895269870758,0.36347612738609314,0.9198011755943298,0.9541183710098267,0.00039999998989515007,1.038511037826538,0.05475933104753494,0.13491469621658325,3.4200568199157715,1.130030632019043,1.3739150762557983,0.19582539796829224,0.9670100212097168,1.2220135927200317,0.6777390837669373,0.3836188018321991,0.9596837162971497,0.23502282798290253,0.8007096648216248,1.1204243898391724,0.16417652368545532,1.0818673372268677,0.4308496415615082,0.25735047459602356,0.5426140427589417,1.115330696105957,0.29646745324134827,1.3049492835998535,0.570534348487854,0.3460945785045624,0.9759573340415955,0.0812586322426796,0.8379858136177063,0.6753518581390381,0.7576777935028076,0.5670778751373291,1.3139278888702393,1.1321250200271606,0.20606833696365356,0.03037351369857788,0.5682218074798584,0.7008843421936035,0.0021457450930029154,0.11036510765552521,0.27558037638664246,0.5475958585739136,0.3073963224887848,1.298736333847046
0.5379578471183777,0.131371408700943,0.6280480623245239,0.658202588558197,0.6761983633041382,0.7315864562988281,1.1825276613235474,4.553573131561279,0.035745348781347275,0.09376903623342514,0.31624218821525574,1.0009520053863525,1.0667860507965088,0.00039999998989515007,1.1076815128326416,0.060771506279706955,0.23634105920791626,3.4099838733673096,1.2740517854690552,1.222878098487854,0.11838378757238388,0.8090478777885437,1.0090636014938354,0.7077852487564087,0.1758430004119873,1.0506706237792969,0.09903548657894135,0.9033074975013733,1.1008363962173462,0.17046496272087097,0.8266986012458801,0.2397160530090332,0.23154325783252716,0.4951845109462738,1.1798065900802612,0.3161739706993103,1.1407138109207153,0.5963752865791321,0.4221934974193573,1.2874796390533447,0.1682177037000656,0.6062214374542236,0.635676920413971,0.8999597430229187,0.38469189405441284,1.6064367294311523,0.9854430556297302,0.42046409845352173,0.09054984152317047,0.5988433361053467,0.8967858552932739,0.13970419764518738,0.06113729625940323,0.35769981145858765,0.4333336055278778,0.14146272838115692,1.1559500694274902
0.6134902834892273,0.3318398892879486,0.7498049139976501,0.6691901683807373,0.732297956943512,0.41107162833213806,0.8540195226669312,4.64707088470459,0.029565827921032906,0.24325336515903473,0.31788527965545654,1.0920264720916748,0.6154944896697998,0.00039999998989515007,1.0436005592346191,0.005034209694713354,0.058433402329683304,3.5923616886138916,1.0844109058380127,1.4595407247543335,0.13521355390548706,0.8252934217453003,1.0974828004837036,0.5805016160011292,0.45388680696487427,0.9925309419631958,0.4055277705192566,0.6212447881698608,1.400458812713623,0.35855305194854736,0.6969785094261169,0.3418668508529663,0.3889849781990051,0.758091390132904,1.3161906003952026,0.5202556848526001,1.0164315700531006,0.7349217534065247,0.24787183105945587,0.7091342806816101,0.10029202699661255,0.5848856568336487,0.6017577648162842,0.6575351357460022,0.5836219787597656,1.3386913537979126,1.0560781955718994,0.41456958651542664,0.08054326474666595,0.3213215470314026,0.6483857035636902,0.26653528213500977,0.001444508321583271,0.4665830731391907,0.3398470878601074,0.1949712485074997,1.283321738243103
0.6063305139541626,0.7558500170707703,0.4966442883014679,1.0928151607513428,1.1180216073989868,0.9665629863739014,1.290544033050537,4.364771366119385,0.30040764808654785,0.09039893001317978,0.7323623299598694,0.6557636260986328,1.1265653371810913,0.00039999998989515007,0.9722566604614258,0.00657328637316823,0.18857532739639282,3.1113710403442383,0.9151684045791626,1.4205676317214966,0.16482098400592804,0.986265242099762,1.3465362787246704,0.8429673910140991,0.8658088445663452,0.8005918860435486,0.24221982061862946,0.668174147605896,1.1291415691375732,0.09068235754966736,0.9710238575935364,0.487032413482666,0.22254280745983124,0.24208122491836548,1.4292501211166382,0.3309544026851654,1.381908655166626,0.5702919363975525,0.39873725175857544,0.688158392906189,0.09392420947551727,1.002996563911438,0.6212783455848694,0.751460611820221,0.619051992893219,1.3605310916900635,1.0301237106323242,0.08211438357830048,0.001435362733900547,0.6850611567497253,0.45822733640670776,0.057841744273900986,0.19543619453907013,0.18289253115653992,0.4505520761013031,0.30550849437713623,1.2134642601013184
0.8018722534179688,0.7874155640602112,0.26951608061790466,0.8191139101982117,1.0778579711914062,0.3771897256374359,1.1200016736984253,4.444622039794922,0.03195040300488472,0.1928192526102066,0.6038228273391724,1.2152429819107056,0.4996348023414612,0.00039999998989515007,0.5916507840156555,0.28950828313827515,0.17477348446846008,3.07407808303833,1.0180306434631348,1.99361252784729,0.3659703731536865,1.075917363166809,1.0510178804397583,0.6087093949317932,0.7672109007835388,0.9052060842514038,0.7556096911430359,0.1831180304288864,1.246628999710083,0.644230306148529,1.2973111867904663,0.34823283553123474,0.16636350750923157,0.3799670338630676,1.4937682151794434,0.14299337565898895,0.898034393787384,0.4536750912666321,0.32600128650665283,0.189194455742836,0.22689740359783173,0.9657934904098511,0.34729546308517456,0.39247238636016846,0.7729722261428833,0.8690683245658875,1.0495251417160034,0.2843037247657776,0.04849252849817276,0.8554040789604187,0.2300509512424469,0.49326130747795105,0.09278616309165955,0.4728880524635315,0.2862081825733185,0.4707539677619934,1.6542134284973145
0.8154152631759644,0.25488796830177307,0.6375201344490051,0.8249976634979248,0.7382375001907349,0.4921508729457855,1.0949863195419312,4.498748779296875,0.0795321837067604,0.08103635907173157,0.22620363533496857,1.1344926357269287,0.8090065121650696,0.00039999998989515007,1.0174626111984253,0.12536457180976868,0.06140896677970886,3.4404420852661133,1.1985199451446533,1.523308515548706,0.34663650393486023,0.9604518413543701,1.1299058198928833,0.5749427080154419,0.3840693533420563,1.0448362827301025,0.3671649694442749,0.7528891563415527,1.2089606523513794,0.3462938964366913,0.9591184854507446,0.2970186769962311,0.19810844957828522,0.5958359241485596,1.1556497812271118,0.4313585162162781,1.1885707378387451,0.5939640402793884,0.16109482944011688,0.9263262152671814,0.11242380738258362,0.7015206813812256,0.7832404375076294,0.7300443649291992,0.5498687028884888,1.189202904701233,1.0828137397766113,0.3233262300491333,0.1185249388217926,0.5208322405815125,0.6731760501861572,0.19973976910114288,0.2151176631450653,0.3662262260913849,0.4919396638870239,0.3023989200592041,1.2997835874557495
0.7168395519256592,0.24102680385112762,0.7063189744949341,0.492745578289032,0.5695589780807495,0.12584660947322845,0.9368112683296204,4.697430610656738,0.278920441865921,0.196229949593544,0.368899941444397,1.0498300790786743,0.39777663350105286,0.00039999998989515007,0.9955350756645203,0.13621987402439117,0.02481304295361042,3.485225200653076,1.1773204803466797,1.5979048013687134,0.29000264406204224,0.9304802417755127,1.1318261623382568,0.4505871832370758,0.26734960079193115,1.1017723083496094,0.45679670572280884,0.8597754836082458,1.5006160736083984,0.325744092464447,0.747877299785614,0.5649492740631104,0.26634180545806885,0.5546219944953918,1.2286770343780518,0.7319074869155884,0.89259934425354,0.930534303188324,0.24060982465744019,0.6033444404602051,0.09010803699493408,0.5423674583435059,0.7541205883026123,0.5574778318405151,0.5602350234985352,1.0506651401519775,1.2027735710144043,0.27768445014953613,0.16811010241508484,0.02113019861280918,0.42862313985824585,0.3701784610748291,0.2859063744544983,0.5385748147964478,0.35077837109565735,0.018496140837669373,1.2705625295639038
0.2689923942089081,0.6386299133300781,0.1826762706041336,0.6485514640808105,0.9398090243339539,0.15820138156414032,1.0757887363433838,4.61806583404541,0.1453462839126587,0.022204125300049782,0.5647048950195312,1.0410773754119873,0.7022522687911987,0.00039999998989515007,0.6187179088592529,0.002415081486105919,0.0843629390001297,3.3940019607543945,1.0037437677383423,1.6247913837432861,0.16447122395038605,1.2046786546707153,1.1787114143371582,0.5828901529312134,0.30243057012557983,0.7234713435173035,0.4959084987640381,0.3896903991699219,1.390216588973999,0.41065099835395813,0.8445272445678711,0.7705243825912476,0.35624074935913086,0.6863354444503784,1.1678681373596191,0.38844433426856995,0.9775840044021606,0.8039035797119141,0.5025209784507751,0.1567315310239792,0.0244356207549572,0.9998170137405396,0.3433055877685547,0.4484444856643677,1.0478447675704956,1.1728515625,1.3460503816604614,0.09835471212863922,0.07560743391513824,0.23618565499782562,0.20186421275138855,0.10486206412315369,0.33325254917144775,0.3477901220321655,0.27315735816955566,0.5852864384651184,1.5467197895050049
0.6169862747192383,0.20936767756938934,0.6433424353599548,0.5644578337669373,0.27764806151390076,0.7946920394897461,1.0792510509490967,4.522464752197266,0.3230896294116974,0.2756297290325165,0.3785307705402374,0.9296035170555115,0.9351927042007446,0.00039999998989515007,1.106920599937439,0.22235865890979767,0.3859650790691376,3.2933850288391113,1.2917934656143188,1.087924599647522,0.629974901676178,0.8557264804840088,1.336089015007019,0.6686704158782959,0.17307810485363007,0.9094763994216919,0.1126251369714737,1.045252799987793,1.0719112157821655,0.20354053378105164,1.145129680633545,0.6283211708068848,0.19554483890533447,0.35380953550338745,1.0087802410125732,0.4624955654144287,0.8860388398170471,0.5795021653175354,0.559299111366272,1.3231416940689087,0.08966697752475739,0.3958373963832855,0.7304348945617676,1.2800500392913818,0.28774717450141907,1.2664743661880493,1.3825170993804932,0.35572776198387146,0.023156169801950455,0.02887350507080555,0.8658769130706787,0.054076604545116425,0.3661583960056305,0.270018994808197,0.38439708948135376,0.3847712278366089,1.0767396688461304
0.6323828101158142,0.3173184394836426,0.7693823575973511,0.613357424736023,0.7633154988288879,0.32916975021362305,0.7998761534690857,4.57909631729126,0.036303237080574036,0.23599423468112946,0.3206069767475128,1.1887925863265991,0.5531632304191589,0.00039999998989515007,1.030204176902771,0.06644339114427567,0.006537283770740032,3.534842014312744,1.0885934829711914,1.4856752157211304,0.18300668895244598,0.9211281538009644,1.1486140489578247,0.547921895980835,0.47151172161102295,1.0492796897888184,0.4858792722225189,0.6152324080467224,1.4688647985458374,0.4275635778903961,0.6543091535568237,0.37390071153640747,0.40176165103912354,0.7157960534095764,1.3852384090423584,0.6202150583267212,0.9360511898994446,0.7957057952880859,0.2423330545425415,0.6411799788475037,0.1297057420015335,0.5130390524864197,0.6179141402244568,0.629420280456543,0.5719841122627258,1.2800469398498535,1.0538437366485596,0.4359462261199951,0.06814582645893097,0.2610245943069458,0.6045931577682495,0.34388986229896545,0.07729894667863846,0.5656589269638062,0.3240642249584198,0.195871040225029,1.3074896335601807
0.3028905689716339,0.0026387323159724474,0.8397649526596069,0.4874192774295807,0.19588342308998108,0.8254209756851196,1.278930425643921,4.434065818786621,0.0620480477809906,0.4606598913669586,0.778192400932312,0.5763271450996399,0.890467643737793,0.00039999998989515007,1.607623815536499,0.04027242586016655,0.040529653429985046,2.9673080444335938,1.454055666923523,1.5447001457214355,0.15435808897018433,0.2363295704126358,1.0632377862930298,0.5027461647987366,0.10107976943254471,1.590693712234497,0.22827650606632233,1.1993539333343506,1.1771152019500732,0.33505889773368835,0.5381081104278564,0.11249776184558868,0.0816187635064125,0.02105085551738739,1.0095621347427368,0.9769673347473145,0.7406054735183716,0.8593331575393677,0.2818590998649597,1.1935111284255981,0.5287075042724609,0.47392529249191284,0.576301097869873,0.843813419342041,0.04640056565403938,1.3212459087371826,0.9361736178398132,0.8745479583740234,0.5814110636711121,0.21438270807266235,0.6939964890480042,0.7415094971656799,0.8610986471176147,0.6317861676216125,0.2918361723423004,0.402749627828598,0.8743919730186462
0.6910982131958008,0.5447169542312622,0.6079052686691284,0.5638213753700256,0.6841121315956116,0.5374534130096436,1.3434245586395264,4.44215726852417,0.2932073175907135,0.005137917120009661,0.627810001373291,0.8846052885055542,1.029629111289978,0.00039999998989515007,0.7677452564239502,0.1339339017868042,0.10089770704507828,3.0356943607330322,1.1866962909698486,1.680591344833374,0.21829070150852203,1.171402096748352,1.457169771194458,0.7575433850288391,0.39033812284469604,1.1269428730010986,0.23360855877399445,0.9716717004776001,1.0243784189224243,0.16407343745231628,1.0707875490188599,0.7108917236328125,0.07458209246397018,0.3440799415111542,1.1592210531234741,0.42311882972717285,0.9933614730834961,0.7632665038108826,0.5169247984886169,0.9478508234024048,0.03903975337743759,0.7718866467475891,0.7186139822006226,0.9528275728225708,0.4740215241909027,1.2366490364074707,1.1050785779953003,0.32654309272766113,0.10146624594926834,0.3119087517261505,0.4656546711921692,0.03467437997460365,0.28555312752723694,0.39585575461387634,0.4207579493522644,0.26346898078918457,1.4091200828552246
0.6592636704444885,0.1799784004688263,0.692124605178833,0.3452036678791046,1.1859413385391235,0.05301639437675476,0.5071097016334534,4.477258205413818,0.1251184046268463,0.34027916193008423,0.021457988768815994,1.5032010078430176,1.0704723596572876,0.00039999998989515007,1.141702651977539,0.21889732778072357,0.182709738612175,3.195164918899536,1.3212387561798096,1.0659204721450806,0.2350912243127823,1.1408600807189941,0.8239068388938904,0.34910303354263306,0.37629225850105286,0.945140540599823,0.41241455078125,1.387779712677002,1.5380648374557495,0.56819087266922,0.3259008824825287,0.19323892891407013,0.5738149285316467,0.03868388384580612,1.4055371284484863,0.09583603590726852,0.747178852558136,0.5991901159286499,0.258952260017395,1.6175835132598877,0.33117544651031494,0.10099715739488602,1.0451464653015137,0.8690600991249084,0.03918296471238136,1.5294541120529175,0.5883516073226929,0.17125438153743744,0.12830209732055664,0.2224491983652115,0.8585354089736938,0.0581425316631794,0.19492748379707336,0.17742039263248444,0.4397510290145874,0.01790069416165352,1.0002309083938599
0.6568096876144409,0.09800588339567184,1.0350322723388672,0.4174790382385254,0.7011744976043701,0.01290186308324337,0.5171445608139038,4.203548431396484,0.25692838430404663,0.3394731283187866,0.03635377436876297,1.2396892309188843,0.15517234802246094,0.00039999998989515007,0.8923365473747253,0.026841232553124428,0.3985311985015869,3.578930139541626,0.9015076160430908,1.8220868110656738,0.020990343764424324,0.8711816668510437,1.3849965333938599,0.01962154172360897,0.9941080212593079,1.2054446935653687,0.8290235996246338,0.1822107881307602,1.449778437614441,1.149796962738037,0.8172397017478943,0.048917461186647415,0.21282309293746948,0.9809590578079224,1.3249363899230957,0.8691337704658508,0.8118579983711243,0.5429649949073792,0.39182111620903015,0.5885287523269653,0.4335441589355469,0.4469682276248932,0.26571375131607056,0.8385713696479797,0.19411829113960266,0.685387909412384,0.7842800617218018,0.9034543633460999,0.14171870052814484,0.22118303179740906,0.6430492997169495,0.44259512424468994,0.13130328059196472,0.733640193939209,0.3465490937232971,0.330898642539978,1.3305480480194092
0.6968458890914917,0.34218937158584595,0.7267916202545166,0.7089565396308899,0.7169511318206787,0.42433395981788635,1.020883560180664,4.514304161071777,0.06362690031528473,0.2789689898490906,0.33105897903442383,1.030252456665039,0.7522357106208801,0.00039999998989515007,1.0276893377304077,0.1485387235879898,0.089556485414505,3.425830364227295,1.1254576444625854,1.4525811672210693,0.1829424649477005,0.9782414436340332,1.236855149269104,0.6306556463241577,0.37721723318099976,1.0303236246109009,0.33041632175445557,0.8263633251190186,1.3136311769485474,0.2478378564119339,0.8390993475914001,0.5247737765312195,0.35998550057411194,0.6824634075164795,1.2211118936538696,0.5125691890716553,1.1147607564926147,0.7985875010490417,0.33149152994155884,0.8260834813117981,0.12022674828767776,0.6641076803207397,0.756894588470459,0.7279598116874695,0.553378164768219,1.2881304025650024,1.1287922859191895,0.31807196140289307,0.04361004754900932,0.25891631841659546,0.6323128938674927,0.11608972400426865,0.10396714508533478,0.4340488016605377,0.43980148434638977,0.21287992596626282,1.2927303314208984
0.6792734265327454,0.3038889169692993,0.3982003927230835,0.5188207626342773,0.2429565191268921,0.5059940218925476,1.5500609874725342,4.269381046295166,0.6430600881576538,0.1959192007780075,0.2768020033836365,0.832463800907135,0.8689036965370178,0.00039999998989515007,0.6916615962982178,0.31504756212234497,0.1964159458875656,3.3455841541290283,1.3576892614364624,1.3143880367279053,0.3353050947189331,1.2142163515090942,1.4034367799758911,0.6050432324409485,0.22678853571414948,0.919619619846344,0.0293427761644125,1.0963703393936157,0.9424571990966797,0.010340243577957153,1.282216191291809,0.8593025207519531,0.016934867948293686,0.5440546870231628,0.8322636485099792,0.5123698115348816,1.1024622917175293,0.7498867511749268,0.723845899105072,1.0670034885406494,0.13789308071136475,0.798595130443573,0.8345120549201965,0.8562537431716919,0.4151376187801361,1.1800446510314941,1.563703179359436,0.05928155407309532,0.03110269084572792,0.0610368512570858,0.5981015563011169,0.2840169072151184,0.275238037109375,0.3703693151473999,0.5602989792823792,0.3790876567363739,1.1341995000839233
0.5967380404472351,0.3962436616420746,0.565272331237793,0.7427982687950134,0.8695526719093323,0.44035691022872925,1.017187476158142,4.584549427032471,0.03609910234808922,0.19602124392986298,0.4566524922847748,1.0518896579742432,0.8760862946510315,0.00039999998989515007,1.0668625831604004,0.055709514766931534,0.0626218318939209,3.363924026489258,1.1015738248825073,1.4706165790557861,0.18541394174098969,1.006402850151062,1.2232922315597534,0.625767171382904,0.4822418987751007,1.007659673690796,0.3634103238582611,0.8136571645736694,1.3121832609176636,0.3117170035839081,0.8732141256332397,0.5092605948448181,0.3632213771343231,0.5217185020446777,1.217909812927246,0.3140071630477905,1.0936901569366455,0.6968820095062256,0.31859737634658813,0.853007972240448,0.10331767052412033,0.6984485983848572,0.6675813794136047,0.7432494759559631,0.592486560344696,1.3190478086471558,1.0195895433425903,0.23704683780670166,0.045601069927215576,0.3885057866573334,0.590803325176239,0.09037962555885315,0.01941569149494171,0.30639320611953735,0.41508355736732483,0.28657159209251404,1.3977264165878296
0.09726399928331375,0.5538105368614197,1.0431249141693115,0.1932382434606552,0.1969701498746872,0.04568969085812569,0.7597101330757141,4.106029510498047,0.6124067902565002,0.0076324306428432465,0.004296237602829933,0.6708635091781616,0.09880202263593674,0.00039999998989515007,1.42568838596344,0.40424036979675293,0.5120282173156738,3.7580173015594482,1.1454260349273682,1.4916390180587769,0.115066297352314,0.5041582584381104,1.5200570821762085,0.3653460741043091,0.18793989717960358,1.570541501045227,0.11148442327976227,0.6899799108505249,1.4189444780349731,0.35586121678352356,0.2700183093547821,0.05904671549797058,0.11953238397836685,0.7548819184303284,0.6467993855476379,2.03769850730896,0.6552549600601196,0.8944661021232605,0.5015227794647217,0.6601910591125488,0.046880271285772324,0.29636895656585693,0.3918471932411194,0.7446351647377014,0.09544827044010162,0.42941850423812866,1.178907871246338,0.8993008732795715,0.13989871740341187,0.6348633766174316,0.5456098318099976,0.4003380835056305,0.9733992218971252,0.9298496246337891,0.33817383646965027,0.08560959249734879,0.6475982666015625
0.2827177047729492,0.05732050538063049,0.8795668482780457,0.27530595660209656,0.06030536815524101,0.5719166994094849,1.052733302116394,4.646395683288574,0.09381886571645737,0.1827770471572876,0.5332654714584351,0.5727806687355042,0.09129761159420013,0.00039999998989515007,1.3127501010894775,0.2988298237323761,0.03102913685142994,3.2478437423706055,1.383618950843811,1.391202688217163,0.024909310042858124,0.07600487023591995,0.5617469549179077,0.4815216064453125,0.255085289478302,1.308774471282959,0.007470875512808561,0.8369709253311157,1.5285028219223022,0.3332885205745697,0.2732183635234833,0.16628064215183258,0.1275387853384018,0.5091421008110046,1.3424757719039917,1.3357981443405151,0.7460030913352966,1.236918330192566,0.4916216731071472,0.512414813041687,0.6601409912109375,0.42597782611846924,0.4897976219654083,0.3402118384838104,0.23320943117141724,1.3719865083694458,1.3198775053024292,0.7035051584243774,0.7902437448501587,0.044623736292123795,0.6073659062385559,0.9634374976158142,0.5913296341896057,0.9546999335289001,0.09220332652330399,0.6622569561004639,0.5806071162223816
0.4797583222389221,0.3533227741718292,0.5019696354866028,0.44146573543548584,0.6607306599617004,0.30248939990997314,1.1190885305404663,4.728834629058838,0.280970960855484,0.0770922377705574,0.44108209013938904,1.04299795627594,0.775395393371582,0.00039999998989515007,0.8394228219985962,0.21846067905426025,0.03266451507806778,3.3514792919158936,1.2241994142532349,1.5751547813415527,0.11263330280780792,1.0490632057189941,1.133061170578003,0.6397717595100403,0.1449110507965088,1.0870816707611084,0.27472981810569763,0.905328631401062,1.256739854812622,0.316776841878891,0.9086137413978577,0.6397829651832581,0.30343958735466003,0.5508280396461487,1.139027714729309,0.3831997215747833,0.8797485828399658,0.8107538819313049,0.5865597724914551,0.8216190934181213,0.012331894598901272,0.6956259608268738,0.617677628993988,0.721710205078125,0.49439817667007446,1.3068612813949585,1.1639400720596313,0.30161312222480774,0.19818845391273499,0.26446783542633057,0.5397204160690308,0.07749754190444946,4.0125891246134415e-05,0.44533029198646545,0.31691232323646545,0.19404111802577972,1.3871264457702637
0.30829712748527527,0.3640318512916565,0.09641966223716736,0.0771801620721817,0.6157392859458923,1.3584407567977905,0.007236247882246971,4.317038059234619,0.20599524676799774,0.4672664403915405,0.1361866444349289,1.0469162464141846,0.47050532698631287,0.00039999998989515007,1.3168752193450928,0.9386640787124634,0.28965696692466736,3.1657402515411377,1.0794442892074585,0.6252734065055847,0.034047238528728485,0.6102450489997864,0.06087339296936989,0.18766511976718903,0.8220899701118469,0.5532388687133789,0.3560856580734253,1.3251609802246094,2.500962734222412,0.06699278950691223,0.41379010677337646,1.010870337486267,1.2765718698501587,0.2258811742067337,0.7921573519706726,0.5823217630386353,0.02473539486527443,1.5019296407699585,0.8280197381973267,0.21089424192905426,0.5626862645149231,0.17648348212242126,0.5993542075157166,0.721442461013794,0.5500900149345398,0.8224356174468994,1.3142160177230835,0.6738308072090149,0.8029956221580505,1.2346190214157104,0.046695906668901443,0.20433300733566284,0.6292702555656433,0.4012853503227234,0.06741339713335037,0.6737260818481445,0.6601419448852539
0.567120373249054,0.43659064173698425,0.4773775041103363,0.6532515287399292,1.104802131652832,0.12561726570129395,0.652969479560852,4.744259357452393,0.19136197865009308,0.06139310449361801,0.5262622237205505,1.3055590391159058,0.45385226607322693,0.00039999998989515007,1.1293848752975464,0.1668495386838913,0.24816837906837463,3.216486692428589,1.1120153665542603,1.843030333518982,0.15358909964561462,0.6950461268424988,0.7241495847702026,0.4727255403995514,0.7029619812965393,1.1518573760986328,0.6384766101837158,0.6084903478622437,1.6128886938095093,0.7271307110786438,0.911375105381012,0.17132699489593506,0.46732667088508606,0.3861357271671295,1.3936686515808105,0.020275505259633064,0.7471328973770142,0.573565661907196,0.23228685557842255,0.5353763103485107,0.08676345646381378,0.6645304560661316,0.4433620274066925,0.4264870584011078,0.473760724067688,1.0710116624832153,0.7594544291496277,0.5066627264022827,0.23613962531089783,0.6947780251502991,0.5023475289344788,0.6163762807846069,0.09163771569728851,0.4180094003677368,0.22441652417182922,0.07033473253250122,1.5542086362838745
1.0142643451690674,0.3196982145309448,0.5085583329200745,0.6391669511795044,0.21302250027656555,0.45187270641326904,1.329807162284851,4.459295272827148,0.05383198335766792,0.7614457011222839,0.060750532895326614,0.8466464281082153,0.13710060715675354,0.00039999998989515007,0.6743308305740356,0.2793152332305908,0.4454087018966675,3.3471388816833496,1.1546227931976318,1.2363766431808472,0.08277325332164764,0.5539411306381226,0.5790183544158936,0.7162368297576904,0.32355621457099915,0.35777825117111206,0.5360601544380188,0.23083248734474182,1.2039098739624023,0.17229513823986053,1.3450549840927124,0.5147193074226379,0.601755678653717,1.3395276069641113,1.3662878274917603,0.09999051690101624,1.2907978296279907,0.9163236618041992,0.819898247718811,0.4726116359233856,0.05694645643234253,0.8948803544044495,0.41417375206947327,0.19341155886650085,0.8421505093574524,1.3963420391082764,1.6012922525405884,0.08714929968118668,0.28747227787971497,0.3023090064525604,0.762476921081543,0.41534551978111267,0.6272773146629333,0.4997701048851013,0.4629458785057068,0.03470529243350029,1.112638235092163
0.11313050240278244,0.28864002227783203,0.43988093733787537,0.6590055823326111,0.6044687032699585,0.49033433198928833,0.8353118896484375,4.786614894866943,0.3131752908229828,0.42297449707984924,1.0156363248825073,0.5945616364479065,0.7994554042816162,0.00039999998989515007,1.846750020980835,0.265084445476532,0.25514161586761475,3.1833672523498535,1.2048166990280151,1.5108165740966797,0.1043386310338974,0.3216300904750824,1.002381682395935,0.4465812146663666,0.3191652297973633,1.46770179271698,0.16592338681221008,1.2006555795669556,1.6499409675598145,0.3262849748134613,0.30705493688583374,0.49084216356277466,0.3375696837902069,0.08084302395582199,0.9151015877723694,0.8083436489105225,0.5905258059501648,0.928459882736206,0.38295799493789673,0.5528802871704102,0.4090035855770111,0.6558716297149658,0.4964195787906647,0.4102460443973541,0.37045589089393616,1.1510372161865234,0.966424822807312,0.4706203043460846,0.7040120363235474,0.009314279071986675,0.2987726032733917,0.48747649788856506,0.5816615223884583,0.42012810707092285,0.14127235114574432,0.31748896837234497,1.0953598022460938
0.6655792593955994,0.39689862728118896,0.6301956176757812,0.693379819393158,0.7492817640304565,0.48851945996284485,0.9608670473098755,4.6499247550964355,0.05353493243455887,0.2332048863172531,0.3671324551105499,1.0281498432159424,0.7159855365753174,0.00039999998989515007,1.00349760055542,0.1962408721446991,0.13808731734752655,3.4329171180725098,1.1183269023895264,1.4762065410614014,0.19126975536346436,0.9657676219940186,1.1557914018630981,0.6545414924621582,0.3870810270309448,0.9594078063964844,0.35431432723999023,0.7520610690116882,1.3206045627593994,0.26447296142578125,0.844505786895752,0.5205467343330383,0.35867029428482056,0.6506696343421936,1.256392240524292,0.46060335636138916,1.1088898181915283,0.7606768608093262,0.380976140499115,0.7549712657928467,0.06891044974327087,0.7192654013633728,0.7088778018951416,0.6831777095794678,0.5900170803070068,1.2878175973892212,1.1438758373260498,0.2679915726184845,0.054982513189315796,0.32222604751586914,0.5841719508171082,0.11722283810377121,0.0355689637362957,0.3796331584453583,0.3691088855266571,0.23805150389671326,1.2825367450714111
0.201131209731102,0.4861588776111603,0.6659499406814575,0.4887830317020416,1.1316921710968018,0.5926148295402527,0.7603558897972107,4.675041675567627,0.11489409953355789,0.0015200572088360786,0.8143580555915833,0.9227567911148071,1.068111538887024,0.00039999998989515007,1.1600837707519531,0.2207535356283188,0.05948545038700104,3.101980686187744,1.042611002922058,1.4234458208084106,0.15051154792308807,0.849489152431488,1.2307937145233154,0.6730131506919861,0.8276376128196716,1.1383025646209717,0.18315142393112183,0.9365347027778625,1.3811324834823608,0.3111373782157898,0.592535138130188,0.4285815358161926,0.4117676019668579,0.12581932544708252,1.5215332508087158,0.29744845628738403,0.767102062702179,0.6348418593406677,0.5164089798927307,1.0169154405593872,0.2697126567363739,0.5421354174613953,0.4349200129508972,0.8847744464874268,0.14541885256767273,1.6089329719543457,0.7349881529808044,0.5104930400848389,0.38716909289360046,0.480936199426651,0.6346851587295532,0.1668059080839157,0.05135674402117729,0.40923064947128296,0.20074355602264404,0.05482461676001549,1.221728801727295
0.6844783425331116,0.4375326335430145,0.6473398804664612,0.7299892902374268,0.762238085269928,0.5510845184326172,0.9879000186920166,4.562930583953857,0.03372923657298088,0.2157370001077652,0.41224658489227295,1.0131314992904663,0.7577150464057922,0.00039999998989515007,1.0178478956222534,0.18155845999717712,0.1462782621383667,3.3597450256347656,1.1235051155090332,1.4804930686950684,0.1829458326101303,0.970639705657959,1.1971737146377563,0.7127239108085632,0.426575630903244,0.994196355342865,0.33487772941589355,0.7695642709732056,1.2917271852493286,0.24014051258563995,0.8748689293861389,0.5293390154838562,0.34463492035865784,0.6523259878158569,1.2500468492507935,0.45027557015419006,1.151410698890686,0.7587296366691589,0.39081528782844543,0.7824316620826721,0.07354749739170074,0.7482773065567017,0.7239512205123901,0.7146329283714294,0.585435688495636,1.3119677305221558,1.1328731775283813,0.28765958547592163,0.06443598866462708,0.3560868799686432,0.6070882081985474,0.11265706270933151,0.0554642379283905,0.3900781273841858,0.39576956629753113,0.2490934431552887,1.292748212814331
0.3877536356449127,0.6429123878479004,0.47373583912849426,1.0687044858932495,0.9776774644851685,0.9417634010314941,1.095207929611206,4.3412604331970215,0.3264557123184204,0.16782210767269135,0.6479212641716003,0.7413555979728699,1.0723129510879517,0.00039999998989515007,1.121679663658142,0.02561764605343342,0.22333228588104248,3.2895569801330566,0.8929787278175354,1.2383577823638916,0.10606452077627182,0.9568029046058655,1.345216989517212,0.858275830745697,0.6288825273513794,0.7963970899581909,0.21494030952453613,0.5523350834846497,1.1994853019714355,0.028483407571911812,0.7454927563667297,0.577263355255127,0.35048142075538635,0.6462131142616272,1.2150310277938843,0.4348270297050476,1.4473977088928223,0.6990652084350586,0.36469873785972595,0.6113795638084412,0.009956208057701588,0.9591131210327148,0.5145792365074158,0.7331056594848633,0.8920319080352783,1.5204638242721558,1.1270109415054321,0.0420791320502758,0.04456549510359764,0.554399847984314,0.5629740953445435,0.1431107372045517,0.07423378527164459,0.20407918095588684,0.39900264143943787,0.49777787923812866,1.279603123664856
0.7693626880645752,0.5384387969970703,0.5751844048500061,0.7405744791030884,0.6725459694862366,0.9493076205253601,1.2713310718536377,4.3474836349487305,0.10705312341451645,0.22074490785598755,0.3941924571990967,0.9801073670387268,0.5820796489715576,0.00039999998989515007,0.6279526352882385,0.13172613084316254,0.34855881333351135,3.178222179412842,1.1002899408340454,1.4435518980026245,0.017204908654093742,0.8074621558189392,0.9136219620704651,0.9404991865158081,0.29820096492767334,0.7134697437286377,0.501765787601471,0.10455770790576935,1.008864164352417,0.3527069389820099,1.1324043273925781,0.23260754346847534,0.2520889341831207,1.0100494623184204,1.5667237043380737,0.2250843197107315,1.3155574798583984,0.6210254430770874,0.5763975381851196,0.680915355682373,0.024904925376176834,0.8533440828323364,0.2727867662906647,0.6653520464897156,0.7628120183944702,1.6613224744796753,1.2049719095230103,0.39302101731300354,0.11243875324726105,0.9085400700569153,0.8224020004272461,0.39662814140319824,0.3169059157371521,0.5317711234092712,0.2969345450401306,0.43132197856903076,1.3147521018981934
0.8838871717453003,0.4275948703289032,1.01748526096344,0.7133945226669312,0.34495899081230164,0.755168616771698,0.9627696871757507,3.872255563735962,0.5466638803482056,0.4396999478340149,0.07618919014930725,0.8789337277412415,0.9051847457885742,0.00039999998989515007,0.5809440016746521,0.1666385680437088,0.28980594873428345,3.39971661567688,0.7939921021461487,1.3158286809921265,0.3273988664150238,1.3897974491119385,1.9755803346633911,0.6857367753982544,0.5887153744697571,0.9303945302963257,0.3136245608329773,0.4522359073162079,0.6716261506080627,0.35580602288246155,0.7749261856079102,0.6759481430053711,0.10370654612779617,1.2132861614227295,0.8601611852645874,1.0472357273101807,1.3700178861618042,0.6691266298294067,0.10552626103162766,0.8408054113388062,0.6199280619621277,0.5890023708343506,0.8244502544403076,1.2492129802703857,0.7004891633987427,1.0345059633255005,1.1344037055969238,0.3550872504711151,0.4825122654438019,0.07447731494903564,0.5844585299491882,0.37955573201179504,0.37035682797431946,0.3977920114994049,0.4856002926826477,0.8283759355545044,1.2290030717849731
1.0211116075515747,0.38613101840019226,0.8281516432762146,0.538655161857605,0.5574238300323486,0.7085855007171631,1.044872522354126,4.630442142486572,0.08652803301811218,0.2003682255744934,0.28945392370224,1.0935561656951904,0.4930727183818817,0.00039999998989515007,0.7463847994804382,0.09219321608543396,0.39573562145233154,3.1731066703796387,1.2987160682678223,1.5501943826675415,0.22351962327957153,0.7558583617210388,0.8083935379981995,0.8262744545936584,0.20785892009735107,0.8362590074539185,0.4852648079395294,0.5233515501022339,1.1530170440673828,0.24929186701774597,0.8835008144378662,0.2253115326166153,0.19929243624210358,0.7791942358016968,1.599351167678833,0.4240741729736328,1.1057525873184204,0.8008307218551636,0.4852273166179657,0.8755269050598145,0.15867406129837036,0.602879524230957,0.7095032930374146,0.7150416374206543,0.5408666133880615,1.5389467477798462,1.1422617435455322,0.4691009223461151,0.10516063868999481,0.5193234086036682,0.7460785508155823,0.562873125076294,0.029319874942302704,0.528727114200592,0.27990469336509705,0.08355337381362915,1.1010552644729614
0.7196217775344849,0.5317738652229309,0.6091552376747131,0.6553381085395813,0.7958816289901733,0.8201722502708435,1.241955041885376,4.548742294311523,0.02490846998989582,0.06003974750638008,0.7064507603645325,0.7844942808151245,0.9934608936309814,0.00039999998989515007,1.004254937171936,0.2324090451002121,0.20521818101406097,2.9705235958099365,1.178205966949463,1.5708314180374146,0.11096874624490738,0.9117989540100098,1.2307766675949097,0.8238558173179626,0.5712993741035461,1.0884301662445068,0.2087983787059784,0.9979485869407654,1.0631325244903564,0.07828313112258911,1.1247080564498901,0.4800291061401367,0.17830504477024078,0.16338074207305908,1.3388439416885376,0.20899812877178192,1.0788402557373047,0.6344974637031555,0.5581093430519104,1.1189600229263306,0.110214464366436,0.7696332931518555,0.6840364336967468,0.9176813364028931,0.29485729336738586,1.3836021423339844,0.9389989972114563,0.4176022410392761,0.21787983179092407,0.5741184949874878,0.6278507709503174,0.19453738629817963,0.2476644515991211,0.2980932295322418,0.3869737684726715,0.04537723958492279,1.272025227546692
0.3301689326763153,0.8992719054222107,0.05814537778496742,0.9583671689033508,0.8404038548469543,0.7240175008773804,1.3789159059524536,4.297265529632568,0.3061501085758209,0.43192532658576965,0.9373068809509277,0.4331379532814026,0.329508900642395,0.00039999998989515007,0.786220371723175,0.2517753839492798,0.14663657546043396,3.147460460662842,0.6621652245521545,1.1951311826705933,0.11489660292863846,0.9903637170791626,1.2096680402755737,0.868990421295166,0.4317402243614197,0.4559767246246338,0.47926121950149536,0.21243590116500854,1.3371164798736572,0.09788452833890915,1.2908586263656616,1.0509366989135742,0.5519701242446899,0.612882137298584,1.3038250207901,0.22104282677173615,1.3619263172149658,0.8762834668159485,0.8876630663871765,0.19986362755298615,0.17850792407989502,1.2302734851837158,0.06021788716316223,0.11359209567308426,1.215258240699768,1.2637001276016235,1.539257287979126,0.3847058415412903,0.4615388810634613,0.41026249527931213,0.18302090466022491,0.010227429680526257,0.30830949544906616,0.3312830328941345,0.37362149357795715,0.29384589195251465,1.4377126693725586
0.6297222971916199,0.7477206587791443,0.2585665285587311,0.7132783532142639,0.9201917052268982,0.5757513642311096,1.1711666584014893,4.651984691619873,0.12263353168964386,0.06350761651992798,0.636299192905426,1.0077170133590698,0.6676701307296753,0.00039999998989515007,0.5997578501701355,0.15115594863891602,0.03536219522356987,3.1903939247131348,1.0615975856781006,1.7567107677459717,0.2514767646789551,1.1519362926483154,1.1628609895706177,0.729033887386322,0.5367181301116943,0.8216732144355774,0.5298534035682678,0.3920667767524719,1.171435832977295,0.35017403960227966,1.1855847835540771,0.5781754851341248,0.20623932778835297,0.4121238589286804,1.4272935390472412,0.292381227016449,0.9985477328300476,0.6131294369697571,0.5624732375144958,0.35746634006500244,0.04042300954461098,0.9825572967529297,0.4436079263687134,0.5087354779243469,0.7643032670021057,1.127377986907959,1.2259852886199951,0.1429828405380249,0.05045471712946892,0.6058784127235413,0.2859940528869629,0.19027212262153625,0.02547129988670349,0.3977973163127899,0.26419347524642944,0.42533373832702637,1.476927638053894
0.209083691239357,0.5875577926635742,0.34126943349838257,0.8513569831848145,1.0900071859359741,0.7703981399536133,0.9304911494255066,4.7204203605651855,0.21607442200183868,0.011137227527797222,0.6885489225387573,0.824725866317749,0.9404515027999878,0.00039999998989515007,0.9870104193687439,0.0934981182217598,0.134229838848114,3.4041452407836914,0.9506707787513733,1.3154088258743286,0.13853725790977478,0.954788088798523,1.0907856225967407,0.7422851324081421,0.5854685306549072,0.7468135356903076,0.3161463439464569,0.5055981874465942,1.3772544860839844,0.060292843729257584,0.5578932762145996,0.47513899207115173,0.31296905875205994,0.42973822355270386,1.3943464756011963,0.516019880771637,1.2422826290130615,0.7419818043708801,0.39869070053100586,0.43953636288642883,0.24769482016563416,0.8868021965026855,0.4455755650997162,0.5990051627159119,0.8811909556388855,1.5392956733703613,1.1459201574325562,0.01875300332903862,0.13380837440490723,0.5052412748336792,0.4240269362926483,0.028103161603212357,0.10682519525289536,0.23648063838481903,0.21511949598789215,0.37505120038986206,1.194352626800537
0.729158878326416,0.8665509819984436,0.004660294856876135,0.9693161249160767,0.5221624970436096,0.6055675148963928,1.27643883228302,4.219757080078125,0.06881090998649597,0.25642481446266174,0.5980547666549683,0.8136448264122009,1.029153823852539,0.00039999998989515007,0.60579514503479,0.00649547902867198,0.5203273892402649,2.8917040824890137,0.863529622554779,1.067598581314087,0.443238228559494,1.3294703960418701,1.276524305343628,1.1361089944839478,0.18397727608680725,0.39721977710723877,0.17604102194309235,0.7272094488143921,0.6901453137397766,0.18493863940238953,1.0653570890426636,1.3756752014160156,0.30650126934051514,0.8201556205749512,0.5095015168190002,0.22110320627689362,1.2705442905426025,0.7868156433105469,0.7627435326576233,0.46841317415237427,0.47886478900909424,0.979748547077179,0.8214170932769775,0.5436820983886719,1.6022309064865112,1.3534256219863892,1.384078025817871,0.6071022748947144,0.049447640776634216,0.23551346361637115,0.1774534434080124,0.4796000123023987,0.34947913885116577,0.1911763846874237,0.44215917587280273,0.7931192517280579,1.6814122200012207
1.0149736404418945,0.14333350956439972,0.4229927659034729,0.48911282420158386,0.3736342489719391,0.05723471939563751,0.9420590400695801,4.826014041900635,0.6117996573448181,0.03487597405910492,0.11851649731397629,1.2325611114501953,0.4878903329372406,0.00039999998989515007,0.8197900056838989,0.2844375967979431,0.11648999154567719,3.3802664279937744,1.4050251245498657,1.705796718597412,0.8405718803405762,1.1827006340026855,1.0799212455749512,0.28575190901756287,0.029711386188864708,0.8287293910980225,0.5293238162994385,0.872107207775116,1.225442886352539,0.2821771502494812,0.7776597738265991,0.5786787271499634,0.028528178110718727,0.3414522409439087,0.9608280062675476,0.7707035541534424,0.8303029537200928,0.7686411738395691,0.048350740224123,0.7095326781272888,0.019049450755119324,0.5822011232376099,1.1231169700622559,0.5260968208312988,0.72538161277771,0.729144275188446,1.346585750579834,0.09444161504507065,0.2873755693435669,0.21413421630859375,0.17189663648605347,0.2452457994222641,0.4197590947151184,0.19903308153152466,0.357351690530777,0.30599504709243774,1.1642435789108276
1.0789659023284912,0.22163334488868713,0.3392239809036255,0.5797736048698425,0.843768835067749,0.3882436156272888,0.4333028793334961,4.741954803466797,0.2603471577167511,0.36637935042381287,0.14916957914829254,1.6182228326797485,0.06203113868832588,0.00039999998989515007,0.9235838055610657,0.22088578343391418,0.40492814779281616,3.1200318336486816,1.3201416730880737,2.2208080291748047,0.8068874478340149,0.7535107135772705,0.4296394884586334,0.031041190028190613,0.48781222105026245,1.014371395111084,1.0124247074127197,0.4407551884651184,1.636495590209961,0.9797573089599609,0.95108562707901,0.017985021695494652,0.12985648214817047,0.23297135531902313,1.2147434949874878,0.2863554060459137,0.513071596622467,0.49670350551605225,0.2653203308582306,0.23678821325302124,0.11764007061719894,0.6170037388801575,0.7699645161628723,0.07813972234725952,0.6315864324569702,0.3015872538089752,0.9191443920135498,0.3078528046607971,0.14781135320663452,0.38954707980155945,0.10670170187950134,0.9857115149497986,0.2698148488998413,0.34813499450683594,0.20144382119178772,0.13153328001499176,1.4542856216430664
0.37951818108558655,0.7396371364593506,0.34416598081588745,1.1621309518814087,0.9333951473236084,0.7341966032981873,0.9473021030426025,4.39367151260376,0.1926642209291458,0.4823862314224243,0.5739665627479553,0.48285606503486633,1.0162545442581177,0.00039999998989515007,1.3143510818481445,0.551971435546875,0.1882094442844391,3.4010894298553467,0.7407296299934387,1.1139179468154907,0.4418677091598511,0.9368519186973572,1.5305852890014648,0.8748212456703186,0.5142890214920044,0.5528141856193542,0.14747890830039978,1.0361806154251099,1.335278034210205,0.6197277307510376,0.3473869562149048,0.9897243976593018,0.347618967294693,0.21071204543113708,1.0746480226516724,0.6129152178764343,1.427520990371704,0.9360083341598511,0.2026774138212204,0.3728467524051666,0.061676181852817535,0.8923677802085876,0.8832967877388,0.6284109950065613,0.8492431640625,1.3065568208694458,1.1620728969573975,0.5241640210151672,0.008672205731272697,0.2845019996166229,0.1723635047674179,0.3970392644405365,0.19515560567378998,0.17405104637145996,0.4915092885494232,0.2137809544801712,0.8659375905990601
0.026151025667786598,0.14313606917858124,0.5028228759765625,0.30737435817718506,0.44366559386253357,0.03466850146651268,0.36958542466163635,4.952153205871582,0.15340371429920197,0.6253915429115295,0.641185462474823,0.9218263626098633,0.2095462679862976,0.00039999998989515007,1.4213776588439941,0.4524737000465393,0.4197086691856384,3.391120672225952,1.3220634460449219,1.7626789808273315,0.34674668312072754,0.3492797911167145,0.6450883746147156,0.12634629011154175,0.07963654398918152,1.3057771921157837,0.15455427765846252,0.8277905583381653,1.8724513053894043,0.010237360373139381,0.03117823787033558,0.28944435715675354,0.23556743562221527,0.1492542326450348,1.0629655122756958,1.3217134475708008,0.25728487968444824,1.1000794172286987,0.18976986408233643,0.008389226160943508,0.5660164952278137,0.5325868725776672,0.5745801329612732,0.07449395954608917,0.5156084895133972,0.831859827041626,1.2308546304702759,0.49453848600387573,0.5577535629272461,0.38329368829727173,0.044837530702352524,0.7438622713088989,0.567017138004303,0.6889013051986694,0.09681938588619232,0.33800825476646423,0.8817525506019592
0.4484002888202667,0.05462711676955223,0.43453189730644226,0.19854605197906494,1.2786099910736084,0.2764773964881897,0.14597411453723907,4.824344158172607,0.2045857012271881,0.33558544516563416,0.0534517839550972,1.5049004554748535,0.7668774724006653,0.00039999998989515007,0.8119134306907654,0.6472669839859009,0.11435866355895996,3.3987669944763184,1.1926120519638062,1.1045668125152588,0.19561441242694855,1.2597455978393555,0.5831204056739807,0.36542046070098877,0.31973931193351746,0.6523098349571228,0.565470814704895,1.1590371131896973,1.761684536933899,0.5990977883338928,0.18855763971805573,0.37172624468803406,0.7639873623847961,0.1280791163444519,1.5102444887161255,0.10861259698867798,0.5779800415039062,0.7532245516777039,0.4923788607120514,0.9790557622909546,0.38892972469329834,0.24056613445281982,0.970859944820404,0.5179857015609741,0.277015745639801,1.4755384922027588,0.8133637309074402,0.060589879751205444,0.05155087634921074,0.0007543119718320668,0.5452063679695129,0.08690532296895981,0.4763636291027069,0.15842807292938232,0.16230598092079163,0.02342759072780609,1.0287548303604126
0.5173793435096741,0.32783734798431396,0.6657696962356567,0.45155617594718933,0.8838375806808472,0.2063049077987671,0.5062305927276611,4.810144901275635,0.09834067523479462,0.07069592922925949,0.41120001673698425,1.2140506505966187,0.4532151520252228,0.00039999998989515007,0.9727731347084045,0.2713836133480072,0.1529686599969864,3.465345621109009,1.1389203071594238,1.6925842761993408,0.21218304336071014,0.8588030338287354,0.89045649766922,0.42677539587020874,0.5513499975204468,1.082821011543274,0.574606716632843,0.6465692520141602,1.6209959983825684,0.5573879480361938,0.5934748649597168,0.2575235962867737,0.37471750378608704,0.4884317219257355,1.4341925382614136,0.6304426193237305,0.7591656446456909,0.8370368480682373,0.21270349621772766,0.4803391695022583,0.07960541546344757,0.57877516746521,0.6356423497200012,0.5045115947723389,0.5703989267349243,1.1756764650344849,1.0499860048294067,0.4752736985683441,0.19344738125801086,0.2241760641336441,0.4548184871673584,0.44420111179351807,0.08818122744560242,0.553549587726593,0.12264543771743774,0.039961185306310654,1.2867075204849243
0.21379093825817108,0.7305148243904114,0.5216457843780518,0.49533000588417053,1.1188476085662842,0.5642172694206238,0.6860755085945129,4.666528224945068,0.14201530814170837,0.17909105122089386,0.9265931248664856,0.9455358982086182,0.8828662633895874,0.00039999998989515007,0.9650408625602722,0.40779951214790344,0.13680778443813324,3.141859531402588,0.9695128798484802,1.6668270826339722,0.01578296348452568,0.9579066634178162,1.2182738780975342,0.6767825484275818,0.8858451247215271,1.1153006553649902,0.3920491635799408,0.7071205973625183,1.456046223640442,0.3234524130821228,0.6858577132225037,0.48749756813049316,0.42944857478141785,0.1366741955280304,1.533377766609192,0.40451234579086304,0.6626417636871338,0.774553656578064,0.5424877405166626,0.4813319146633148,0.1161196380853653,0.703143298625946,0.4073943793773651,0.6593137383460999,0.5340598225593567,1.392199993133545,0.8879796862602234,0.5044512152671814,0.39446374773979187,0.37710392475128174,0.34964630007743835,0.2552318572998047,0.07174896448850632,0.4876777231693268,0.05287467688322067,0.08453987538814545,1.442779779434204
0.8905361294746399,0.296800434589386,0.9746153950691223,0.48809850215911865,0.7579799294471741,0.6875924468040466,0.7727190852165222,4.52747106552124,0.10767386108636856,0.05200507491827011,0.3281438946723938,1.1281274557113647,0.4613223671913147,0.00039999998989515007,0.9331315755844116,0.23413768410682678,0.1503106951713562,3.1629528999328613,1.2648241519927979,1.6032986640930176,0.07398072630167007,0.5706769227981567,0.6797264814376831,0.6746150255203247,0.4989829659461975,1.0459827184677124,0.5131047964096069,0.6108064651489258,1.345321774482727,0.3911578953266144,0.8264355063438416,0.07727909833192825,0.35510602593421936,0.5931664705276489,1.7407810688018799,0.4337160587310791,0.9604944586753845,0.7969614863395691,0.37965285778045654,0.9219642877578735,0.2365952581167221,0.5332934260368347,0.680213212966919,0.6624376177787781,0.3072008490562439,1.534381628036499,0.9572617411613464,0.7906741499900818,0.26682940125465393,0.6080124974250793,0.8608554601669312,0.7348344922065735,0.04885076358914375,0.6732563376426697,0.19013985991477966,0.19522009789943695,1.0744431018829346
0.6070141196250916,0.20844429731369019,0.7843482494354248,0.4283085763454437,0.9700222611427307,0.16081158816814423,0.4653750956058502,4.514575958251953,0.09422030299901962,0.04247036948800087,0.4159975051879883,1.240450143814087,0.5098849534988403,0.00039999998989515007,1.1205062866210938,0.38963228464126587,0.18207766115665436,3.276176691055298,1.192215085029602,1.6079031229019165,0.19728781282901764,0.9095022678375244,0.8841297030448914,0.4419254660606384,0.5655503869056702,1.2643591165542603,0.545257568359375,1.0006177425384521,1.7383499145507812,0.5340386033058167,0.5906645655632019,0.29353758692741394,0.48102542757987976,0.32587021589279175,1.439481496810913,0.6390207409858704,0.7866112589836121,0.9712540507316589,0.24312713742256165,0.6891009211540222,0.11072415113449097,0.5056086778640747,0.8404298424720764,0.5263787508010864,0.403583288192749,1.205402135848999,0.9986644983291626,0.5088606476783752,0.2945675253868103,0.15854932367801666,0.5671426653862,0.47296208143234253,0.20815542340278625,0.635539710521698,0.19415394961833954,0.17422257363796234,1.252331018447876
0.6558529138565063,0.3783404231071472,0.7256550788879395,0.5146791934967041,0.8990416526794434,0.33818331360816956,0.7128090858459473,4.500264644622803,0.11260621249675751,0.15602847933769226,0.46047595143318176,1.1769142150878906,0.6569526195526123,0.00039999998989515007,0.9812980890274048,0.42577114701271057,0.10040223598480225,3.213355779647827,1.2459782361984253,1.7407610416412354,0.2657175660133362,0.9781064987182617,1.021518588066101,0.5169832706451416,0.5004767179489136,1.1496763229370117,0.4824908375740051,0.8621358871459961,1.5360889434814453,0.3971932828426361,0.7267433404922485,0.3660273849964142,0.3881474435329437,0.3930233120918274,1.4250303506851196,0.6572505235671997,0.8466176986694336,0.9530348181724548,0.3319513201713562,0.648878276348114,0.15034769475460052,0.7041129469871521,0.8344892859458923,0.5757249593734741,0.5465850830078125,1.2127059698104858,1.1537110805511475,0.47008204460144043,0.1945381611585617,0.18296626210212708,0.49504879117012024,0.36379721760749817,0.1796036660671234,0.5923480987548828,0.21069304645061493,0.021877996623516083,1.2810239791870117
0.48537591099739075,0.24767135083675385,0.9650243520736694,0.16220340132713318,0.6582649946212769,0.4607255160808563,0.7716182470321655,4.17544412612915,0.4425487220287323,0.04031526297330856,0.45292553305625916,0.9176821708679199,0.46207788586616516,0.00039999998989515007,0.7374269962310791,0.5701921582221985,0.2679687738418579,3.3389246463775635,1.0112895965576172,1.7604684829711914,0.040986526757478714,1.1204638481140137,1.5777544975280762,0.27388235926628113,0.9008050560951233,1.3081103563308716,0.6225542426109314,0.5271618366241455,1.3715956211090088,0.7105650305747986,0.8431434631347656,0.24700184166431427,0.12201615422964096,0.5117926001548767,1.5204399824142456,1.2167534828186035,0.8029713034629822,0.8752331733703613,0.1072143018245697,0.6541617512702942,0.04270842671394348,0.5467616319656372,0.4041832983493805,0.9447090029716492,0.16813576221466064,1.038831114768982,1.0865734815597534,0.844547688961029,0.19209298491477966,0.029918402433395386,0.5651137828826904,0.31562769412994385,0.43464696407318115,0.8880276679992676,0.18667994439601898,0.0594087652862072,1.1819268465042114
0.7560136914253235,0.3810078799724579,0.8108322024345398,0.4183744192123413,0.7847943902015686,0.1654852032661438,0.577737033367157,4.444676876068115,0.21396052837371826,0.20050114393234253,0.39225873351097107,1.2296925783157349,0.3339936137199402,0.00039999998989515007,0.9052689671516418,0.4839847981929779,0.1952541172504425,3.1859378814697266,1.270909070968628,1.9155523777008057,0.340854674577713,0.917497992515564,0.9380300641059875,0.40324610471725464,0.4944972097873688,1.1491349935531616,0.6374793648719788,0.7039328813552856,1.667481780052185,0.47116073966026306,0.6566591262817383,0.32522135972976685,0.37836334109306335,0.4894315302371979,1.497683048248291,0.8950557112693787,0.7170997858047485,1.0713428258895874,0.2441289871931076,0.365664541721344,0.13407641649246216,0.6725033521652222,0.8548553586006165,0.41846001148223877,0.5792527198791504,1.0337412357330322,1.246882677078247,0.5389783978462219,0.21098850667476654,0.016437578946352005,0.3688223659992218,0.5709075927734375,0.2531938850879669,0.7251496911048889,0.13900667428970337,0.061919569969177246,1.226199746131897
1.0080636739730835,0.047495562583208084,0.5352188944816589,0.29723137617111206,0.967321515083313,0.47301310300827026,0.3605417311191559,4.191325664520264,0.6750252842903137,0.2918868660926819,0.1476474553346634,1.4634218215942383,0.5539644360542297,0.00039999998989515007,0.7841337323188782,1.0039831399917603,0.05264155566692352,3.0703790187835693,1.3865700960159302,1.3816616535186768,0.7521523237228394,1.487516164779663,0.8512638807296753,0.26309919357299805,0.01091399323195219,0.6917092204093933,0.6529577970504761,1.5381146669387817,1.7748521566390991,0.24856844544410706,0.2823062539100647,0.7292727828025818,0.545652449131012,0.014041979797184467,1.3175489902496338,0.6559500694274902,0.6725062727928162,1.1674612760543823,0.2884640693664551,0.7956861853599548,0.29679328203201294,0.3822403848171234,1.591190218925476,0.3862919211387634,0.32583022117614746,0.9113777279853821,1.2320934534072876,0.37796562910079956,0.25497865676879883,0.7477949857711792,0.2367163896560669,0.050651222467422485,0.0854284018278122,0.21619746088981628,0.39729931950569153,0.09963920712471008,0.7996286153793335
0.4705451428890228,0.06981417536735535,0.9463518857955933,0.3932957649230957,0.7588580846786499,0.6426268815994263,0.9006978869438171,4.13381814956665,0.2385157346725464,0.03376507759094238,0.2999875545501709,0.9345167875289917,0.954728364944458,0.00039999998989515007,0.962813138961792,0.450703501701355,0.17360231280326843,3.3575971126556396,1.0994975566864014,1.5856761932373047,0.07079675048589706,1.039293646812439,1.5503419637680054,0.28520911931991577,0.8578565120697021,1.34880793094635,0.35137370228767395,0.8326361179351807,1.1457947492599487,0.6568499803543091,0.9801028966903687,0.05057152733206749,0.13981716334819794,0.4235716760158539,1.2729734182357788,0.8115531206130981,0.9961642622947693,0.5818970799446106,0.031071964651346207,1.2912219762802124,0.026579691097140312,0.6063493490219116,0.5349253416061401,1.173148512840271,0.054491061717271805,1.152061104774475,0.864747941493988,0.8726629018783569,0.020134642720222473,0.3545721471309662,0.8706910014152527,0.049588482826948166,0.33785173296928406,0.6126141548156738,0.3728386461734772,0.1436578631401062,1.1615241765975952
0.02783934585750103,0.22624309360980988,0.06601883471012115,0.5870956182479858,0.8591948747634888,0.06857578456401825,0.5672178864479065,4.4798994064331055,0.2011258751153946,1.19907808303833,0.7073582410812378,1.2606849670410156,0.9356696605682373,0.00039999998989515007,1.4184030294418335,0.3434024155139923,0.3824755847454071,2.8824195861816406,1.576869010925293,1.749401569366455,0.812664270401001,0.7266958951950073,0.5903304815292358,0.3041212558746338,0.2603066563606262,1.4778368473052979,0.05039362236857414,1.3286643028259277,1.7783176898956299,0.027376852929592133,0.049532607197761536,0.6047069430351257,0.1776687502861023,0.2374122142791748,0.7276594638824463,0.9543684124946594,0.3429683744907379,1.1124310493469238,0.25560033321380615,0.274808794260025,0.6373891830444336,0.8234873414039612,0.9945428967475891,0.03718455880880356,0.8650898933410645,0.8054447770118713,1.1807034015655518,0.047107044607400894,0.39960455894470215,0.24675971269607544,0.12527766823768616,0.5035514235496521,0.6948040723800659,0.4550466537475586,0.05222628265619278,0.10140801221132278,1.1293962001800537
0.09243078529834747,0.8628469705581665,0.06442693620920181,0.3054276704788208,1.0323817729949951,0.020786382257938385,0.7876095771789551,4.4502363204956055,0.034078944474458694,0.33214959502220154,0.8546434640884399,0.8856246471405029,0.23377837240695953,0.00039999998989515007,0.3038889169692993,0.25073742866516113,0.3706386983394623,2.978611469268799,0.8444006443023682,1.925636649131775,0.03488379716873169,1.0489909648895264,0.7642173767089844,0.5391924381256104,0.4642413854598999,0.6247689127922058,0.7949217557907104,0.06311637163162231,1.7172335386276245,0.5790320038795471,0.8459271788597107,0.7657791376113892,0.5506009459495544,0.6043834090232849,1.3796688318252563,0.47420641779899597,0.6775513887405396,1.0120919942855835,0.7851153016090393,0.6832956671714783,0.13367211818695068,1.1855082511901855,0.05321526899933815,0.018603434786200523,1.3077061176300049,1.1901625394821167,1.5393931865692139,0.009867286309599876,0.590292751789093,0.20831234753131866,0.12360407412052155,0.14914904534816742,0.5611777901649475,0.5180441737174988,0.13642345368862152,0.31628888845443726,1.5997742414474487
0.5898279547691345,0.34299227595329285,0.8206771612167358,0.465140700340271,0.8148492574691772,0.7910424470901489,0.8126989603042603,4.604252815246582,0.2656507194042206,0.023366045206785202,0.479343980550766,1.014073133468628,0.613373339176178,0.00039999998989515007,0.9284683465957642,0.27827584743499756,0.1834532916545868,3.1835286617279053,1.2184228897094727,1.4746919870376587,0.10939055681228638,0.5253927707672119,0.6274006366729736,0.7363488674163818,0.44333744049072266,0.9738935232162476,0.41105344891548157,0.6029174327850342,1.3623366355895996,0.313437819480896,0.79454106092453,0.016800010576844215,0.47131139039993286,0.5658433437347412,1.7350928783416748,0.29079052805900574,0.9328556656837463,0.7961480617523193,0.5753176808357239,0.9044780135154724,0.3530327379703522,0.5890140533447266,0.49368980526924133,0.6329736709594727,0.37787097692489624,1.751736044883728,0.975725531578064,0.723374605178833,0.4361993074417114,0.6526017785072327,0.8811271786689758,0.6143131256103516,0.179798886179924,0.6066649556159973,0.1068088486790657,0.1966588795185089,1.1163519620895386
0.44387057423591614,0.10832231491804123,0.5794029235839844,0.17998479306697845,1.404153823852539,0.24192750453948975,0.0441126674413681,4.662347793579102,0.06944400072097778,0.16989144682884216,0.15821704268455505,1.5721213817596436,0.7849818468093872,0.00039999998989515007,0.8672077655792236,0.6798860430717468,0.04626157134771347,3.2303948402404785,1.1766393184661865,1.2204432487487793,0.18247731029987335,1.1966010332107544,0.5289043188095093,0.3535963296890259,0.5074933767318726,0.7898545861244202,0.6283591389656067,1.189505696296692,1.8784242868423462,0.6553781628608704,0.08078239113092422,0.26385927200317383,0.8443129062652588,0.05251334235072136,1.6454755067825317,0.1667088270187378,0.44938528537750244,0.8360143303871155,0.4480029344558716,0.9202252626419067,0.4235604703426361,0.17891709506511688,1.0106226205825806,0.4840616285800934,0.2618409991264343,1.477533221244812,0.7150974869728088,0.13217096030712128,0.057897090911865234,0.02145712450146675,0.536872148513794,0.09221392124891281,0.4150095283985138,0.2613299489021301,0.04757552966475487,0.1155230775475502,1.06430983543396
0.5597388744354248,0.22652249038219452,0.6578923463821411,0.4579063057899475,0.7360565662384033,0.5866396427154541,0.8673081398010254,4.749379634857178,0.03744024783372879,0.1805782914161682,0.5649512410163879,1.0442066192626953,0.8947231769561768,0.00039999998989515007,1.141729712486267,0.3198380172252655,0.06122690811753273,3.2224957942962646,1.320278525352478,1.5814100503921509,0.20057663321495056,0.7786532044410706,0.961656391620636,0.5358299016952515,0.4179183542728424,1.1885240077972412,0.2960010766983032,1.0475906133651733,1.3218332529067993,0.24914249777793884,0.7799290418624878,0.215016171336174,0.28650668263435364,0.14386513829231262,1.3216347694396973,0.3933173418045044,0.7853096127510071,0.72943115234375,0.3504065275192261,1.1222835779190063,0.26183852553367615,0.5214039087295532,0.7519221901893616,0.7603214979171753,0.3426814377307892,1.420017123222351,0.9292812347412109,0.5428673028945923,0.2779283821582794,0.3516160249710083,0.6541803479194641,0.4215262830257416,0.215621218085289,0.37485814094543457,0.191350519657135,0.1037977933883667,1.2471938133239746
0.3865422010421753,0.07419196516275406,0.8553178906440735,0.17942741513252258,0.5290474891662598,0.35066506266593933,0.6803159117698669,4.601730823516846,0.403654009103775,0.035987738519907,0.26601389050483704,1.0148917436599731,0.5736057758331299,0.00039999998989515007,0.8012964725494385,0.49674153327941895,0.1944018453359604,3.6534883975982666,1.0939126014709473,1.7255548238754272,0.023722555488348007,0.9926642179489136,1.443509578704834,0.10122756659984589,0.6877022385597229,1.1694902181625366,0.5281020402908325,0.5258361101150513,1.2787784337997437,0.779537558555603,0.766568660736084,0.10211250185966492,0.10438965260982513,0.6014305353164673,1.2856162786483765,1.0061019659042358,0.704007089138031,0.6537856459617615,0.051921546459198,0.857254683971405,0.0007531206938438118,0.47639796137809753,0.41533759236335754,0.9594627618789673,0.19898472726345062,0.9935370087623596,1.0164045095443726,0.781128466129303,0.030232923105359077,0.004726857412606478,0.5925182700157166,0.1995890587568283,0.2311277985572815,0.6036802530288696,0.15699389576911926,0.18712252378463745,1.1916742324829102
0.22925470769405365,0.49660396575927734,0.49679452180862427,0.4712333679199219,1.0459662675857544,0.31817203760147095,0.5536956787109375,4.838870525360107,0.1484101563692093,0.14056214690208435,0.7289880514144897,1.0322078466415405,0.7917736768722534,0.00039999998989515007,1.0658559799194336,0.509213924407959,0.11219210922718048,3.293592691421509,1.0941846370697021,1.594870686531067,0.03623984009027481,0.8590146899223328,0.9298079013824463,0.5350355505943298,0.6111188530921936,1.0717923641204834,0.35171061754226685,0.9426226615905762,1.6337562799453735,0.31384363770484924,0.615845263004303,0.4492800831794739,0.5865119099617004,0.1720464676618576,1.3914464712142944,0.3242606520652771,0.6307254433631897,0.8377474546432495,0.5228384137153625,0.5665795207023621,0.20961377024650574,0.643842875957489,0.6146023273468018,0.4857980012893677,0.5480605959892273,1.3475242853164673,0.9852195382118225,0.3976949155330658,0.42367783188819885,0.20495152473449707,0.39604735374450684,0.23589901626110077,0.04548296332359314,0.38233909010887146,0.05532870814204216,0.09094145894050598,1.3724228143692017
0.18820133805274963,0.4992593228816986,0.8142638206481934,0.5392406582832336,1.1345654726028442,1.1149011850357056,0.5985053181648254,4.514035224914551,0.5345346331596375,0.10975389927625656,0.9153816103935242,0.6420810222625732,0.6587465405464172,0.00039999998989515007,1.0719926357269287,0.29260724782943726,0.22772397100925446,3.1603212356567383,0.8073864579200745,1.0814064741134644,0.26924413442611694,0.5047131180763245,0.794590175151825,0.8269798159599304,0.9422754645347595,0.9350250363349915,0.4057038724422455,0.5365245342254639,1.5688971281051636,0.03389348089694977,0.305631160736084,0.050354380160570145,0.4725741446018219,0.2177208960056305,2.0378363132476807,0.6344249248504639,1.03041410446167,0.9089697003364563,0.5110599994659424,0.5460851788520813,0.46280547976493835,0.39433300495147705,0.2820112705230713,0.6079455018043518,0.4462774395942688,1.9480583667755127,0.8014094233512878,0.5291752815246582,0.6574702262878418,0.631859302520752,0.7180265188217163,0.6131038069725037,0.04509902372956276,0.6220969557762146,0.061813563108444214,0.37578174471855164,0.9123377799987793
0.6578317284584045,0.7217018604278564,0.3775544762611389,0.5455939173698425,0.3901918828487396,0.24596618115901947,0.8534643054008484,4.6801862716674805,0.18575556576251984,0.08153901249170303,0.48399022221565247,0.9624756574630737,0.29850730299949646,0.00039999998989515007,0.5398344993591309,0.3453793227672577,0.12236515432596207,3.306354284286499,0.9696094989776611,1.6345863342285156,0.3426627516746521,1.024681568145752,0.9947544932365417,0.7526326179504395,0.03663531318306923,0.651384711265564,0.5293189287185669,0.407407283782959,1.2980858087539673,0.15779057145118713,0.8910652995109558,0.9609584212303162,0.43633466958999634,0.9660170078277588,0.9725486636161804,0.47412073612213135,0.8628362417221069,1.0596654415130615,0.6173989176750183,0.10708422213792801,0.33722057938575745,0.82640540599823,0.6890538930892944,0.23290473222732544,1.4357486963272095,1.1767796277999878,1.6023454666137695,0.011544597335159779,0.2748965919017792,0.07792992889881134,0.07956521958112717,0.14016534388065338,0.15040792524814606,0.33992427587509155,0.1005190834403038,0.26756229996681213,1.5670714378356934
0.1665184646844864,0.2592340111732483,0.34662437438964844,0.22791363298892975,0.016113586723804474,0.029859203845262527,0.7420415878295898,4.544517517089844,0.11698555946350098,0.42097267508506775,0.9445258975028992,0.38505682349205017,0.3267359137535095,0.00039999998989515007,1.3923600912094116,0.6781976222991943,0.5017732977867126,3.108959674835205,1.1474357843399048,1.7893145084381104,0.13523805141448975,0.007694604340940714,0.5986971855163574,0.1370854675769806,0.07959778606891632,1.2577314376831055,0.166530042886734,0.6554070711135864,1.936719298362732,0.1604117602109909,0.6208266615867615,0.5732487440109253,0.5315698981285095,0.40558862686157227,0.8746309280395508,1.1370536088943481,0.2732730507850647,1.3289010524749756,0.6316488981246948,0.4178997874259949,0.32742467522621155,0.8267725706100464,0.09391587227582932,0.26391884684562683,0.7194427251815796,0.7746765613555908,1.6042307615280151,0.6101378798484802,1.2363039255142212,0.5285622477531433,0.022530414164066315,0.8966311812400818,0.337350994348526,0.8383713364601135,0.08103547990322113,0.7472743391990662,1.072860598564148
0.5897164344787598,0.39682358503341675,0.216551274061203,0.3512817919254303,0.6449117064476013,0.4290930926799774,1.0030620098114014,4.561570644378662,0.19492867588996887,0.20285695791244507,0.42294809222221375,1.167827844619751,0.042024049907922745,0.00039999998989515007,0.559449315071106,0.23572182655334473,0.18466559052467346,3.165241241455078,1.194374918937683,1.3691109418869019,0.2248595803976059,0.5952225923538208,0.23612505197525024,0.7286694645881653,0.106114462018013,0.5803336501121521,0.6827034950256348,0.1601303219795227,1.3729262351989746,0.5527340173721313,1.3004454374313354,0.20254993438720703,0.7342847585678101,0.8481404185295105,1.6594183444976807,0.2802765369415283,0.7687813639640808,0.7703894376754761,1.0536912679672241,0.38120371103286743,0.12634457647800446,0.730595052242279,0.07825363427400589,0.05306223779916763,0.8339641094207764,1.6399377584457397,1.3201930522918701,0.3870217502117157,0.585898756980896,0.752214789390564,0.753887414932251,0.7590108513832092,0.7837850451469421,0.6696029901504517,0.0885360836982727,0.07624582201242447,1.4390323162078857
0.3384805917739868,0.38863715529441833,0.6778411865234375,0.35233405232429504,0.7773277163505554,0.5442267656326294,0.8307121396064758,4.65821647644043,0.005720031913369894,0.21644183993339539,0.6853871941566467,0.9739572405815125,0.8234190344810486,0.00039999998989515007,0.9992707967758179,0.45942285656929016,0.01864488050341606,3.157475709915161,1.25489342212677,1.639922022819519,0.04923165962100029,0.7472698092460632,0.9073739647865295,0.6660338640213013,0.39979884028434753,1.2623943090438843,0.20109690725803375,1.0107678174972534,1.3901842832565308,0.2689346969127655,0.8064041137695312,0.31911700963974,0.4281604588031769,0.3037773072719574,1.3722281455993652,0.37298280000686646,0.6818127036094666,0.8512114882469177,0.6498602032661438,0.890150249004364,0.2634422481060028,0.6095244884490967,0.5923698544502258,0.689788818359375,0.34767189621925354,1.5033475160598755,1.0275249481201172,0.7131372094154358,0.530410647392273,0.3804308772087097,0.6660526394844055,0.3735574781894684,0.05194061994552612,0.5736564993858337,0.07621617615222931,0.18448592722415924,1.3115694522857666
0.1287441849708557,0.7762301564216614,0.5643364191055298,0.7643915414810181,1.1973501443862915,0.8758015632629395,0.7930394411087036,4.522946834564209,0.45857951045036316,0.044372379779815674,0.9836372137069702,0.6354432106018066,1.0962191820144653,0.00039999998989515007,1.1090914011001587,0.5435624122619629,0.059047918766736984,3.104735851287842,0.8651403784751892,1.4105701446533203,0.10992800444364548,0.8432037234306335,1.2248005867004395,0.7806969285011292,0.958861768245697,0.9407914876937866,0.18132556974887848,0.8259658217430115,1.4334156513214111,0.043683458119630814,0.6273268461227417,0.505669891834259,0.5514310598373413,0.13889510929584503,1.5113201141357422,0.38885968923568726,0.9619794487953186,0.8032013773918152,0.5844613909721375,0.5481116771697998,0.26495060324668884,0.8269399404525757,0.522110104560852,0.6649760603904724,0.6181866526603699,1.5640984773635864,0.9644891023635864,0.34327319264411926,0.43382954597473145,0.39180776476860046,0.42693716287612915,0.0004102742823306471,0.003630124032497406,0.2880762815475464,0.09303440153598785,0.0027005800511687994,1.2540063858032227
0.4497292637825012,0.37327778339385986,0.5941093564033508,0.23024378716945648,0.7005870938301086,0.27395620942115784,0.6353417634963989,4.663509845733643,0.23757436871528625,0.3660999834537506,0.6083720922470093,1.2143042087554932,0.43396613001823425,0.00039999998989515007,0.8540951013565063,0.3041215240955353,0.1580776870250702,3.244072198867798,1.2322437763214111,1.8485608100891113,0.3304433524608612,0.9386187195777893,0.9148123860359192,0.4752899408340454,0.4576512575149536,1.2461402416229248,0.6078363656997681,0.6492063999176025,1.6223028898239136,0.4618360698223114,0.5739249587059021,0.33698272705078125,0.28541022539138794,0.3032670021057129,1.4416526556015015,0.8740779161453247,0.5332211852073669,0.9525976777076721,0.36554014682769775,0.3246663510799408,0.10406821221113205,0.4511644244194031,0.6114473938941956,0.4567906856536865,0.6717415452003479,1.2337993383407593,1.180185079574585,0.5790237784385681,0.37556228041648865,0.14208495616912842,0.31983163952827454,0.6540921330451965,0.3156951069831848,0.6802859306335449,0.05515390262007713,0.06317447125911713,1.3582580089569092
0.06697796285152435,0.6333368420600891,0.49463608860969543,0.6517956852912903,1.0718697309494019,0.9720088839530945,0.9928048253059387,4.4836626052856445,0.358683705329895,0.2528126835823059,1.0344561338424683,0.6804414987564087,1.3346835374832153,0.00039999998989515007,1.131349802017212,0.33223190903663635,0.09640008211135864,2.976081132888794,1.02397882938385,1.4067052602767944,0.07301770150661469,0.8624860644340515,1.2386399507522583,0.8241274356842041,0.748474657535553,1.0925596952438354,0.07093226909637451,0.9648712277412415,1.2194936275482178,0.030186329036951065,0.683631181716919,0.4448584318161011,0.3650948703289032,0.03519731014966965,1.3294551372528076,0.28028354048728943,0.9324361085891724,0.7302145957946777,0.6012666821479797,0.9166770577430725,0.34442639350891113,0.7554733157157898,0.466142863035202,0.8865795135498047,0.5637314915657043,1.7079061269760132,0.8815992474555969,0.4177849590778351,0.45050758123397827,0.540533185005188,0.5624546408653259,0.024464404210448265,0.018434247002005577,0.2525954246520996,0.11036518216133118,0.07544663548469543,1.3302569389343262
0.14610540866851807,0.13696369528770447,0.6209897398948669,0.34085825085639954,0.5095028877258301,0.21262112259864807,0.5738241076469421,4.567831993103027,0.10263843834400177,0.8608208894729614,0.7958881855010986,0.9928674697875977,0.6016050577163696,0.00039999998989515007,1.4948766231536865,0.44348832964897156,0.3412870764732361,3.023469924926758,1.4784090518951416,1.8577523231506348,0.41595983505249023,0.48680615425109863,0.798760712146759,0.24440015852451324,0.16286931931972504,1.5738399028778076,0.09247275441884995,1.1955475807189941,1.726112723350525,0.014171632938086987,0.18085327744483948,0.26163578033447266,0.201682910323143,0.06346248835325241,1.0178271532058716,1.1618232727050781,0.29300352931022644,1.1029986143112183,0.20444482564926147,0.4848383963108063,0.5617921948432922,0.49669331312179565,0.802065908908844,0.32333067059516907,0.44363367557525635,0.9587210416793823,1.1258938312530518,0.6781880259513855,0.5977991223335266,0.22780777513980865,0.22494351863861084,0.7783681154251099,0.7083653807640076,0.6706368327140808,0.05579196289181709,0.38027364015579224,1.0634413957595825
0.12038437277078629,0.5509432554244995,0.5945062637329102,0.7357778549194336,1.0616017580032349,0.92399662733078,0.8541415333747864,4.520529747009277,0.44493311643600464,0.09068085998296738,0.8722753524780273,0.7110856175422668,1.096840739250183,0.00039999998989515007,1.2322725057601929,0.43044424057006836,0.1036592423915863,3.210908889770508,1.0033314228057861,1.3503769636154175,0.05030476674437523,0.7621600031852722,1.157617211341858,0.7043946385383606,0.7713707089424133,0.9751046895980835,0.16448165476322174,0.8011625409126282,1.4260445833206177,0.027336234226822853,0.534243643283844,0.33903348445892334,0.4893459975719452,0.22355182468891144,1.464241862297058,0.5098930597305298,1.0240058898925781,0.8090643286705017,0.4614674746990204,0.7272539138793945,0.36975565552711487,0.7433979511260986,0.513911783695221,0.710826575756073,0.6217799782752991,1.6755681037902832,1.0022637844085693,0.37594500184059143,0.39939606189727783,0.39907944202423096,0.5801708102226257,0.1030837744474411,0.02880995161831379,0.3165842294692993,0.10659702867269516,0.0405094213783741,1.1815261840820312
0.556283712387085,0.26012948155403137,0.8687840700149536,0.05963259935379028,1.249714970588684,0.2605631649494171,0.2026013284921646,4.467492580413818,0.16669636964797974,0.49203673005104065,0.28380393981933594,1.2633775472640991,0.697425365447998,0.00039999998989515007,0.7109176516532898,0.8623944520950317,0.44456586241722107,2.937459945678711,1.165445327758789,1.0090242624282837,0.2259172946214676,0.8852919340133667,0.3646664321422577,0.7262657284736633,0.4726468026638031,0.6044812202453613,0.5218884944915771,1.0458908081054688,1.6764631271362305,0.3773197829723358,0.1993495374917984,0.14428865909576416,0.942801833152771,0.2685225307941437,2.065317392349243,0.00109074916690588,0.5666260123252869,0.9329361915588379,0.9091008901596069,1.1087146997451782,0.651023805141449,0.121605783700943,0.8275707364082336,0.6307633519172668,0.09922949224710464,2.0205321311950684,0.7220110893249512,0.40823662281036377,0.36964499950408936,0.21728098392486572,0.86613929271698,0.2744106948375702,0.7013710141181946,0.41456761956214905,0.022900016978383064,0.41736581921577454,0.8274497389793396
0.13461348414421082,0.6060490608215332,0.5846558213233948,0.7557713389396667,1.237388253211975,0.7897904515266418,0.6130356192588806,4.5298171043396,0.44292017817497253,0.17042985558509827,0.818425714969635,0.9183403849601746,0.9577531814575195,0.00039999998989515007,1.1621209383010864,0.28851526975631714,0.014799742959439754,3.2718465328216553,0.9290047287940979,1.4432083368301392,0.03042006865143776,0.8243606090545654,1.0680969953536987,0.656406044960022,0.93873131275177,0.9782792925834656,0.37928536534309387,0.582132875919342,1.5677887201309204,0.20907199382781982,0.40936946868896484,0.24262313544750214,0.5098918080329895,0.2921871542930603,1.5796926021575928,0.5537258386611938,0.9526415467262268,0.7783129811286926,0.3150484561920166,0.46076422929763794,0.2752172350883484,0.6996858716011047,0.47389012575149536,0.5929871797561646,0.745286226272583,1.5790960788726807,0.9380998611450195,0.395071804523468,0.30355191230773926,0.492953360080719,0.48825040459632874,0.22104869782924652,0.043755240738391876,0.3800533413887024,0.024753639474511147,0.1381128430366516,1.272774577140808
0.5967013239860535,0.20922359824180603,0.8156521916389465,0.4346652925014496,0.7767537236213684,0.30039724707603455,0.524060845375061,4.611794471740723,0.014663426205515862,0.09772831201553345,0.34011203050613403,1.2786202430725098,0.5008355379104614,0.00039999998989515007,1.0913304090499878,0.37481293082237244,0.0517374724149704,3.3974952697753906,1.2615466117858887,1.6628954410552979,0.21531179547309875,0.7611823678016663,0.8060057759284973,0.42434242367744446,0.4339894950389862,1.1433285474777222,0.504749059677124,0.7625002264976501,1.6200093030929565,0.507444441318512,0.5620782971382141,0.1280122846364975,0.4749998450279236,0.5602285861968994,1.4366233348846436,0.6488799452781677,0.7351020574569702,0.8876089453697205,0.228951096534729,0.6877763271331787,0.15440888702869415,0.48715123534202576,0.7662875652313232,0.5174504518508911,0.5348891615867615,1.2919429540634155,1.0797728300094604,0.6422131657600403,0.2415723204612732,0.2012253701686859,0.6269582509994507,0.5422593951225281,0.04906424880027771,0.5939722657203674,0.08149981498718262,0.05269071087241173,1.2345093488693237
0.9067568182945251,0.8902815580368042,0.5496827960014343,0.7665758728981018,0.43808799982070923,0.8670562505722046,0.5209359526634216,4.3909149169921875,0.6532521843910217,0.05721702054142952,0.5308157801628113,1.1981579065322876,0.7726426720619202,0.00039999998989515007,0.9687880873680115,0.3332599401473999,0.5297842025756836,2.984919309616089,1.1264759302139282,1.2135417461395264,1.3238552808761597,0.7565641403198242,0.917192280292511,1.0793730020523071,0.2877131402492523,0.9247414469718933,0.26750674843788147,1.339350700378418,1.1247196197509766,0.016072649508714676,1.0738136768341064,0.87785404920578,0.5187872648239136,0.05536092817783356,0.904956042766571,0.4056679606437683,0.7252569794654846,0.6788625717163086,0.7457758188247681,0.920171856880188,0.12366705387830734,0.3491761386394501,1.2842531204223633,1.169736623764038,0.39870139956474304,0.9855276346206665,1.4631389379501343,0.2809348404407501,0.005924045108258724,0.07574216276407242,0.6842524409294128,0.14298184216022491,0.683504581451416,0.19202148914337158,0.04581177607178688,0.6103502511978149,1.020174503326416
0.588151216506958,0.3294439911842346,0.7590574622154236,0.48061633110046387,0.7898749709129333,0.43568411469459534,0.7167872190475464,4.631361961364746,5.394296022132039e-05,0.07592028379440308,0.4697757363319397,1.1167571544647217,0.6096346378326416,0.00039999998989515007,1.061110019683838,0.47576621174812317,0.018574675545096397,3.3205959796905518,1.2368685007095337,1.6586167812347412,0.15965460240840912,0.8233256936073303,0.9314982891082764,0.5205584764480591,0.48566681146621704,1.1350778341293335,0.4197760820388794,0.8637319803237915,1.5227956771850586,0.3567841649055481,0.7199288606643677,0.2616533935070038,0.45691558718681335,0.4445928931236267,1.4293736219406128,0.5641016960144043,0.7918117046356201,0.8658847212791443,0.3645358979701996,0.7337222695350647,0.1592293679714203,0.5918561816215515,0.7736488580703735,0.5664021968841553,0.4937116205692291,1.3191802501678467,1.1083507537841797,0.5856680274009705,0.28363147377967834,0.23643000423908234,0.5838623046875,0.4173186421394348,0.11254949122667313,0.5342493057250977,0.12904004752635956,0.08140373229980469,1.2581416368484497
0.36520570516586304,0.39710190892219543,0.7174520492553711,0.312747985124588,0.7906617522239685,0.7828027009963989,0.9529072642326355,4.573427200317383,0.15119798481464386,0.28530797362327576,0.8010208010673523,0.9250320792198181,0.9524751901626587,0.00039999998989515007,1.0784493684768677,0.24843966960906982,0.007733500096946955,2.9687204360961914,1.225292444229126,1.7315171957015991,0.013770781457424164,0.7257229685783386,1.0460234880447388,0.6670605540275574,0.7123112082481384,1.3059395551681519,0.31539303064346313,0.881202757358551,1.2678996324539185,0.2848201096057892,0.7927547097206116,0.1413251757621765,0.26925891637802124,0.10572336614131927,1.4275208711624146,0.3892185688018799,0.7145699858665466,0.6820000410079956,0.46121954917907715,1.0732762813568115,0.26616013050079346,0.5179480910301208,0.4839338958263397,0.9493916034698486,0.28210383653640747,1.634093999862671,0.7986370325088501,0.8397347331047058,0.4650963544845581,0.5704746246337891,0.6792641878128052,0.4668984115123749,0.17324745655059814,0.4322046935558319,0.06074162945151329,0.12307737022638321,1.3306108713150024
0.7339252829551697,0.6176849007606506,0.40777280926704407,0.5904261469841003,0.3870791494846344,0.32767075300216675,0.9845492839813232,4.4646501541137695,0.3062882423400879,0.010989751666784286,0.37643173336982727,1.1486517190933228,0.5521116256713867,0.00039999998989515007,0.5636168718338013,0.23392798006534576,0.17667356133460999,3.2576093673706055,1.102569341659546,1.519690752029419,0.30587661266326904,1.1168569326400757,0.9961798191070557,0.8695054650306702,0.1939656138420105,0.83217453956604,0.36719226837158203,0.6344302296638489,1.0424295663833618,0.275808185338974,1.0315884351730347,0.9142622947692871,0.4001796245574951,1.1326903104782104,0.7778724431991577,0.17982220649719238,0.9253195524215698,0.9668738842010498,0.6588027477264404,0.3362153470516205,0.42401665449142456,0.811598002910614,0.7853689193725586,0.41248005628585815,1.371198058128357,1.2715073823928833,1.499671220779419,0.14436540007591248,0.17574575543403625,0.18661217391490936,0.35467398166656494,0.04775479808449745,0.2372586578130722,0.39006805419921875,0.20624884963035583,0.43154972791671753,1.7081230878829956
0.5367750525474548,0.41656696796417236,0.4837796688079834,1.0062427520751953,0.8243218660354614,0.9420115947723389,1.1317062377929688,4.514045715332031,0.2421613186597824,0.012635908089578152,0.5484487414360046,0.6982589960098267,0.9615097045898438,0.00039999998989515007,1.2235195636749268,0.44115716218948364,0.2648290991783142,3.3826797008514404,1.0669095516204834,1.2744439840316772,0.4544856548309326,0.9854453802108765,1.3218698501586914,0.524311363697052,0.5538746118545532,0.6705384254455566,0.2723061144351959,0.7302231788635254,1.2583436965942383,0.27046117186546326,0.5719667077064514,0.4304388761520386,0.24310950934886932,0.28570929169654846,1.2550697326660156,0.8308323621749878,1.3438204526901245,0.7827309370040894,0.09516509622335434,0.6573712229728699,0.30010566115379333,0.8507091403007507,0.8913634419441223,0.5922385454177856,0.915289580821991,1.3293706178665161,1.3083794116973877,0.12616783380508423,0.09761923551559448,0.14699599146842957,0.3558686673641205,0.06155431270599365,0.2638727128505707,0.07860121130943298,0.32521510124206543,0.290993332862854,0.9956074357032776
0.3834845721721649,0.32015106081962585,1.0464917421340942,0.6575478315353394,0.6376716494560242,1.2249239683151245,0.7964940071105957,3.966275691986084,0.1952999383211136,0.09047026932239532,0.3827104866504669,0.7331772446632385,1.4937465190887451,0.00039999998989515007,0.8804339170455933,0.24273331463336945,0.3527123034000397,3.3595457077026367,0.7263423204421997,1.0218379497528076,0.32360419631004333,1.3424252271652222,2.0697951316833496,0.617999255657196,0.9392275214195251,0.9397812485694885,0.11950121074914932,0.6326168775558472,0.5852126479148865,0.08099286258220673,0.12531422078609467,0.33818483352661133,0.20061956346035004,0.6185929775238037,0.9742717742919922,1.1923538446426392,1.2331211566925049,0.555674135684967,0.3456827402114868,1.2160831689834595,0.13651996850967407,0.287352979183197,0.8227050304412842,1.553367018699646,0.6389960050582886,1.4903745651245117,0.7264919877052307,0.39260807633399963,0.46869954466819763,0.13491323590278625,0.5934180021286011,0.49095895886421204,0.48322445154190063,0.13621091842651367,0.22570644319057465,0.7497822046279907,1.0145344734191895
0.5587720274925232,0.09289417415857315,1.0069884061813354,0.16612829267978668,0.40432530641555786,0.44438913464546204,0.8163850903511047,4.468926429748535,0.37430527806282043,0.17490388453006744,0.25699174404144287,0.9232528209686279,0.36128342151641846,0.00039999998989515007,0.8435010313987732,0.6649361848831177,0.14407691359519958,3.570197820663452,1.1053192615509033,1.7548173666000366,0.04347219318151474,0.8992307186126709,1.439078688621521,0.12518073618412018,0.7001962065696716,1.1575038433074951,0.5596204996109009,0.4978371262550354,1.265602707862854,0.681765079498291,0.8705541491508484,0.07074141502380371,0.16695892810821533,0.7169291377067566,1.3912160396575928,1.059738039970398,0.7488466501235962,0.7279490828514099,0.008494867943227291,0.839026927947998,0.018483655527234077,0.4980018734931946,0.4476599395275116,0.9158722162246704,0.15940110385417938,1.0003994703292847,1.0899375677108765,0.9102621078491211,0.10545960068702698,0.033447302877902985,0.6404639482498169,0.3216509222984314,0.25951969623565674,0.7014156579971313,0.17443673312664032,0.04003840684890747,1.1264195442199707
0.43390128016471863,0.47456642985343933,0.43204379081726074,0.919581413269043,0.6727660298347473,1.1162534952163696,1.2417640686035156,4.594235897064209,0.2772241532802582,0.05740971118211746,0.7114972472190857,0.5263127684593201,0.8765287399291992,0.00039999998989515007,1.3297231197357178,0.5332387089729309,0.30060333013534546,3.407228469848633,1.0919896364212036,1.1919199228286743,0.34187623858451843,0.7586027979850769,1.2548810243606567,0.5500066876411438,0.49104875326156616,0.6794373393058777,0.10175803303718567,0.8299711346626282,1.2576569318771362,0.46186885237693787,0.703502357006073,0.4236955940723419,0.21459747850894928,0.14831498265266418,1.2823588848114014,0.7344682216644287,1.2689093351364136,0.7675032615661621,0.32942530512809753,0.7582958936691284,0.36443454027175903,0.831859827041626,0.7515016794204712,0.6286634206771851,0.7096068859100342,1.4508490562438965,1.3426175117492676,0.023610416799783707,0.1313091218471527,0.09451665729284286,0.45684415102005005,0.008421455509960651,0.2805456221103668,0.09752265363931656,0.2770567536354065,0.15368618071079254,0.8854230046272278
0.4137554466724396,0.11819195747375488,0.7177450060844421,0.3521268963813782,0.5752919316291809,0.46850982308387756,0.8575816750526428,4.467360019683838,0.2559478282928467,0.09916903078556061,0.1545259952545166,1.092270851135254,0.4114479124546051,0.00039999998989515007,0.7170374989509583,0.2972131073474884,0.18200920522212982,3.7495243549346924,1.029724359512329,1.6674678325653076,0.028058862313628197,0.9609678387641907,1.2730756998062134,0.17140638828277588,0.6188613772392273,0.9765474200248718,0.6682050824165344,0.09723834693431854,1.2160053253173828,0.8777776956558228,0.9457780122756958,0.024772992357611656,0.19897393882274628,0.9966809153556824,1.3090064525604248,0.80821692943573,0.947119414806366,0.5562870502471924,0.05899681895971298,0.639382541179657,0.12134344130754471,0.6734191179275513,0.21841226518154144,0.7837584018707275,0.553215742111206,1.1092631816864014,1.1427758932113647,0.7319841384887695,0.04726194962859154,0.34587934613227844,0.6902847290039062,0.2153123915195465,0.10205972194671631,0.6269872784614563,0.1769009232521057,0.4315297603607178,1.3393925428390503
1.1079835891723633,0.2003515213727951,0.6369405388832092,0.4057695269584656,0.7797213792800903,0.3246482312679291,0.34141257405281067,4.477387428283691,0.24647925794124603,0.39340856671333313,0.1772150844335556,1.6287713050842285,0.15200547873973846,0.00039999998989515007,1.0010377168655396,0.023887494578957558,0.46276310086250305,3.0187180042266846,1.3193377256393433,2.3375728130340576,0.7557903528213501,0.6380637288093567,0.47440072894096375,0.010796028189361095,0.5983918905258179,1.1523633003234863,1.1130475997924805,0.48866602778434753,1.7283204793930054,0.9192333221435547,0.7356473803520203,0.17850269377231598,0.19904009997844696,0.2788258194923401,1.4194071292877197,0.5007382035255432,0.395080029964447,0.7044460773468018,0.39492130279541016,0.22978709638118744,0.10194721817970276,0.47076112031936646,0.794683039188385,0.13937392830848694,0.5318767428398132,0.4318370223045349,0.8481870293617249,0.6111894249916077,0.014011508785188198,0.19497345387935638,0.17786090075969696,1.2034368515014648,0.3097611963748932,0.5244490504264832,0.0760389193892479,0.100198894739151,1.3693385124206543
1.0374897718429565,0.38809505105018616,0.9781989455223083,0.22586923837661743,0.9875859618186951,0.22081901133060455,0.06291843950748444,4.5544328689575195,0.13829770684242249,0.5313969254493713,0.009434138424694538,1.4940837621688843,0.6423563361167908,0.00039999998989515007,0.5068923830986023,0.847174882888794,0.7191280722618103,3.0374600887298584,1.1048741340637207,0.8578479886054993,0.3535018861293793,1.1833033561706543,0.42524614930152893,0.9448180794715881,0.1312955915927887,0.41167348623275757,0.535403847694397,1.084640622138977,1.4095643758773804,0.0503593347966671,0.17477786540985107,0.49599266052246094,0.8044605255126953,0.6062305569648743,1.7726835012435913,0.1985960751771927,0.6424365639686584,1.0863492488861084,0.7112026810646057,0.8740134835243225,0.2700389623641968,0.0572323203086853,1.4683479070663452,0.5266106128692627,0.6836955547332764,1.9432934522628784,0.8557793498039246,0.03263583406805992,0.047455739229917526,0.05930904299020767,0.5638502836227417,0.12331933528184891,0.4323544204235077,0.25581854581832886,0.0221748985350132,0.1546904295682907,0.8501154780387878
0.8047085404396057,0.1842038929462433,0.27445507049560547,0.6546568870544434,0.4168260991573334,0.5177613496780396,1.317165493965149,4.6010823249816895,0.308925062417984,0.14571699500083923,0.08734124153852463,1.1274428367614746,0.37092000246047974,0.00039999998989515007,0.628193736076355,0.23968210816383362,0.07040237635374069,3.4577531814575195,1.3164187669754028,1.7028604745864868,0.5813122391700745,1.0031100511550903,0.8346755504608154,0.4131441116333008,0.06682490557432175,0.7445962429046631,0.5630031228065491,0.32416000962257385,1.133078694343567,0.36920368671417236,1.2343180179595947,0.25760334730148315,0.062070176005363464,0.8549147844314575,1.0959709882736206,0.58719801902771,1.143563985824585,0.6750411987304688,0.27709949016571045,0.427327424287796,0.02138667367398739,0.984342634677887,0.6866278052330017,0.40457215905189514,1.0070744752883911,0.977392315864563,1.6469779014587402,0.15322113037109375,0.1528395712375641,0.4214528203010559,0.46664392948150635,0.2541329860687256,0.07611224800348282,0.4344893991947174,0.28887939453125,0.43036937713623047,1.3194979429244995
0.9870776534080505,0.06415699422359467,0.7574822306632996,0.4719712436199188,0.23024319112300873,0.43573054671287537,1.1221457719802856,4.697596073150635,0.24043579399585724,0.15440616011619568,0.2181648463010788,0.9353623390197754,0.2977798581123352,0.00039999998989515007,1.1538772583007812,0.756344199180603,0.16261596977710724,3.3794970512390137,1.3812944889068604,1.5775237083435059,0.3906274735927582,0.7334640026092529,0.9538977742195129,0.3565691411495209,0.03953944146633148,1.0192798376083374,0.3559506833553314,1.046811819076538,1.2916375398635864,0.030782124027609825,0.936509370803833,0.33872371912002563,0.2973639667034149,0.4571933150291443,1.1774734258651733,0.7591516375541687,0.908230721950531,0.9220823645591736,0.2828075587749481,0.9257528185844421,0.16051940619945526,0.5975697636604309,1.037989854812622,0.47121113538742065,0.4097614288330078,1.044545292854309,1.3513718843460083,0.398147314786911,0.193191260099411,0.09307628124952316,0.5559096932411194,0.47162118554115295,0.3988472521305084,0.46072614192962646,0.3292144238948822,0.2528430223464966,1.0040388107299805
1.3371502161026,0.3990573287010193,1.1992714405059814,0.04569312557578087,0.4303104877471924,0.35483843088150024,1.090813398361206,4.155839443206787,0.85499107837677,0.5000518560409546,0.5164207220077515,0.9759857654571533,0.26069867610931396,0.00039999998989515007,0.5065852403640747,0.7640444040298462,0.2793594002723694,3.5290822982788086,1.3909327983856201,1.5137826204299927,0.35216712951660156,0.7313376069068909,1.04472815990448,0.034728094935417175,0.21535417437553406,0.7561891078948975,0.6528783440589905,0.3029513955116272,0.8993044495582581,0.4083864688873291,0.9194654822349548,0.12539732456207275,0.10496776551008224,1.213914394378662,1.2728064060211182,1.4304264783859253,0.9162921905517578,0.84059739112854,0.14985910058021545,0.965603232383728,0.03565260395407677,0.3139600157737732,0.8414289951324463,0.6885653734207153,0.1770956963300705,0.7868941426277161,1.4862921237945557,0.7217103242874146,0.22937649488449097,0.39584285020828247,0.7611346244812012,0.6111108660697937,0.4055057764053345,0.8077887892723083,0.34944841265678406,0.07872495800256729,0.5589132905006409
0.3594726622104645,0.7896820306777954,0.6702492237091064,0.9837648868560791,1.0231472253799438,0.9578245282173157,0.6168504357337952,4.523002624511719,0.34888291358947754,0.13632053136825562,0.6862298846244812,0.9385253190994263,1.038367748260498,0.00039999998989515007,1.0193382501602173,0.18841685354709625,0.19462475180625916,3.3346712589263916,0.7834921479225159,1.283223271369934,0.35136207938194275,0.9558642506599426,1.2161937952041626,0.9054835438728333,0.7296794652938843,0.8294274210929871,0.27573418617248535,0.4845317006111145,1.1939783096313477,0.15353219211101532,0.16921378672122955,0.49293336272239685,0.36550983786582947,0.6746963858604431,1.2623505592346191,0.6603887677192688,1.1248856782913208,0.827113926410675,0.16106712818145752,0.2935124933719635,0.07077142596244812,0.6706922054290771,0.7941917777061462,0.617195725440979,1.2678412199020386,1.6307255029678345,0.996145486831665,0.1786002218723297,0.0320933498442173,0.4152117967605591,0.32099103927612305,0.002035225508734584,0.08981312066316605,0.22834977507591248,0.03804074972867966,0.4388834238052368,1.3334925174713135
0.20608916878700256,0.5733059048652649,0.7489364147186279,0.5427696108818054,0.9002785086631775,1.142701506614685,0.9909708499908447,4.605929851531982,0.5410050749778748,0.07275255024433136,0.9266327023506165,0.5179574489593506,0.6893183588981628,0.00039999998989515007,1.0422250032424927,0.4891163110733032,0.19321393966674805,3.078908681869507,0.963991641998291,1.3236994743347168,0.35035470128059387,0.4091508388519287,0.8490235209465027,0.8223753571510315,0.7018629312515259,0.8991822600364685,0.24329721927642822,0.53477543592453,1.326023817062378,0.14721018075942993,0.6342290043830872,0.10770616680383682,0.47412607073783875,0.36253824830055237,1.83256196975708,0.4381967782974243,0.9871364831924438,0.8490315675735474,0.6764175891876221,0.6712786555290222,0.5028246641159058,0.7046605944633484,0.2222200185060501,0.6459783911705017,0.4475058615207672,1.929736852645874,0.9441184401512146,0.6547206044197083,0.7054201364517212,0.6108282804489136,0.7169159054756165,0.4842369258403778,0.11041049659252167,0.5468116402626038,0.005837407894432545,0.31603291630744934,1.0077141523361206
0.4320255219936371,0.32236719131469727,0.6870080828666687,0.5798490047454834,0.6602543592453003,0.6356678605079651,0.9487602710723877,4.712475776672363,0.2283421903848648,0.14011508226394653,0.5282812714576721,0.8277073502540588,0.5217351317405701,0.00039999998989515007,1.1406160593032837,0.6150129437446594,0.03859299421310425,3.4355947971343994,1.1557124853134155,1.4499458074569702,0.06885228306055069,0.6026611924171448,0.9048001170158386,0.563650369644165,0.3446520268917084,1.0007171630859375,0.28543806076049805,0.7438110709190369,1.440283179283142,0.02043857052922249,0.8098601698875427,0.27335333824157715,0.5691674947738647,0.5880481004714966,1.4071581363677979,0.536831259727478,0.9450920820236206,0.8822025060653687,0.5255295038223267,0.6858208775520325,0.20502738654613495,0.7440599799156189,0.5516671538352966,0.46794193983078003,0.5521226525306702,1.5073459148406982,1.215994954109192,0.5508998036384583,0.4723336696624756,0.26067009568214417,0.6702441573143005,0.3619445264339447,0.029769714921712875,0.5372434258460999,0.18534377217292786,0.19408375024795532,1.15579092502594
0.49383339285850525,0.2659621834754944,0.7346020340919495,0.47824063897132874,0.7895629405975342,0.4111382067203522,0.7617473602294922,4.712141036987305,0.11182119697332382,0.02491050399839878,0.5285477042198181,1.0459682941436768,0.5574784278869629,0.00039999998989515007,1.1470692157745361,0.5225220322608948,0.10801412910223007,3.335782051086426,1.2243926525115967,1.6296489238739014,0.035038094967603683,0.69256591796875,0.8868234753608704,0.4690740406513214,0.46231019496917725,1.1898643970489502,0.3869992196559906,0.8709819316864014,1.5068434476852417,0.24326403439044952,0.7475740313529968,0.17698709666728973,0.5200632214546204,0.40813401341438293,1.4224680662155151,0.5055227279663086,0.7499205470085144,0.8351712226867676,0.38138502836227417,0.791680097579956,0.17362675070762634,0.614034116268158,0.6328763961791992,0.5270189046859741,0.41378846764564514,1.3798234462738037,1.023342490196228,0.6752287149429321,0.4233136773109436,0.28053316473960876,0.6389968991279602,0.48841357231140137,0.07860512286424637,0.5675440430641174,0.14530210196971893,0.2102661281824112,1.2515664100646973
0.42768168449401855,0.42371469736099243,0.44440898299217224,0.5363013744354248,0.9161558151245117,0.39510026574134827,0.7044384479522705,4.607173919677734,0.09617014974355698,0.1527504324913025,0.5140904784202576,1.3251219987869263,0.43698427081108093,0.00039999998989515007,0.8469330668449402,0.2427533119916916,0.20988582074642181,3.4778313636779785,1.1146678924560547,1.661219835281372,0.17208102345466614,0.904249906539917,0.8640018105506897,0.48453542590141296,0.5053907632827759,0.9898273348808289,0.6789443492889404,0.19555971026420593,1.49216890335083,0.5421887040138245,0.7710609436035156,0.1329689472913742,0.48210757970809937,0.6064999103546143,1.5800443887710571,0.5102170705795288,0.6625694632530212,0.6678019762039185,0.3308641016483307,0.25295740365982056,0.026080718263983727,0.6390970349311829,0.3366151452064514,0.2672401964664459,0.8589495420455933,1.307424545288086,1.0989387035369873,0.5790855884552002,0.18250441551208496,0.4996561110019684,0.4750971794128418,0.6350023746490479,0.07632879912853241,0.7013352513313293,0.007637828588485718,0.2624472677707672,1.5265429019927979
0.5284548997879028,0.350571870803833,0.6970536708831787,0.6105473041534424,0.8235331177711487,0.4493097960948944,0.8381287455558777,4.62725305557251,0.14474451541900635,0.02446207031607628,0.5109796524047852,1.0133293867111206,0.5502400398254395,0.00039999998989515007,1.0669742822647095,0.48470067977905273,0.0840098112821579,3.3433194160461426,1.1931155920028687,1.6077669858932495,0.03972794488072395,0.7307213544845581,0.8992792963981628,0.5414474010467529,0.4153817892074585,1.0912445783615112,0.39907926321029663,0.7605687975883484,1.4855194091796875,0.19067512452602386,0.8239830732345581,0.24196338653564453,0.545075535774231,0.5515762567520142,1.4249716997146606,0.5135642886161804,0.8918235301971436,0.8710832595825195,0.4370635151863098,0.6641274094581604,0.13927115499973297,0.7478938102722168,0.6213980317115784,0.46272721886634827,0.5795159339904785,1.4061241149902344,1.1584903001785278,0.5794684290885925,0.39836710691452026,0.3148851692676544,0.6352978944778442,0.41748592257499695,0.008010167628526688,0.581843912601471,0.1841316670179367,0.11647433042526245,1.2720997333526611
0.3888480067253113,0.40668046474456787,0.7196844816207886,0.7765192985534668,1.0137360095977783,1.1097300052642822,1.0930413007736206,4.422890663146973,0.5199873447418213,0.04481824114918709,0.6791596412658691,0.7417002320289612,0.9454197287559509,0.00039999998989515007,1.080397367477417,0.2833757698535919,0.19419138133525848,3.053084135055542,1.147086501121521,1.2946850061416626,0.1378801167011261,0.5149137377738953,0.7714818716049194,0.8369595408439636,0.5398291945457458,0.96346116065979,0.17639197409152985,0.671941876411438,1.197600245475769,0.14327341318130493,0.733034610748291,0.05786251649260521,0.4268343150615692,0.35971373319625854,1.681588888168335,0.3516904413700104,1.1769368648529053,0.7155628204345703,0.5780435800552368,1.0056164264678955,0.5308266282081604,0.7753034234046936,0.45379722118377686,0.6955453157424927,0.4182327687740326,1.933316946029663,0.935239851474762,0.6179307103157043,0.4547894597053528,0.8565034866333008,0.9078174233436584,0.4020630717277527,0.08343856036663055,0.4930211305618286,0.17559610307216644,0.15597128868103027,0.9932940602302551
0.4410591125488281,0.5943325161933899,0.635686993598938,0.6265902519226074,1.0356608629226685,0.46028804779052734,0.8793197870254517,4.539554595947266,0.12299660593271255,0.09599774330854416,0.7774143218994141,0.9085459113121033,0.7758057117462158,0.00039999998989515007,0.976460337638855,0.5898955464363098,0.15599386394023895,3.080314874649048,1.1254140138626099,1.711176872253418,0.019335318356752396,0.9034232497215271,1.0879327058792114,0.6661581993103027,0.6213239431381226,1.1692850589752197,0.3225173354148865,0.9323440790176392,1.4404956102371216,0.09462279826402664,0.8590309023857117,0.4441688060760498,0.5204395055770874,0.2715195417404175,1.446042776107788,0.4491017460823059,0.8153902888298035,0.8873209357261658,0.5713412165641785,0.6152357459068298,0.16018912196159363,0.8416554927825928,0.6601731181144714,0.540693998336792,0.5316064357757568,1.3685280084609985,1.0790890455245972,0.5446223616600037,0.4638998806476593,0.308712899684906,0.4681212604045868,0.2614864408969879,0.1018591821193695,0.5419924259185791,0.1598823368549347,0.12342217564582825,1.3537226915359497
0.5340997576713562,0.38138633966445923,0.7876399755477905,0.6800787448883057,0.9002823233604431,0.5110510587692261,0.7750529050827026,4.49943733215332,0.26655420660972595,0.022156761959195137,0.5367714762687683,1.0253394842147827,0.5418445467948914,0.00039999998989515007,1.0908178091049194,0.36472171545028687,0.1150607019662857,3.2803056240081787,1.1547542810440063,1.6124813556671143,0.017587507143616676,0.6415627598762512,0.869045615196228,0.5852549076080322,0.523695170879364,1.1206226348876953,0.44035786390304565,0.6380601525306702,1.492519736289978,0.24135836958885193,0.7986827492713928,0.1229819804430008,0.5640455484390259,0.6363852620124817,1.5100412368774414,0.516852855682373,0.9372044801712036,0.8631736636161804,0.3849390149116516,0.6494879126548767,0.1229051947593689,0.7451618313789368,0.5343416333198547,0.4827914237976074,0.5953224897384644,1.4861372709274292,1.0855681896209717,0.6975201964378357,0.4353909194469452,0.4381881356239319,0.7202619314193726,0.5240585803985596,0.05796882510185242,0.6492886543273926,0.16644257307052612,0.10739920288324356,1.2801300287246704
0.6402769684791565,0.6997079849243164,0.8062803745269775,0.8141883611679077,0.9047248363494873,0.5273514986038208,0.6531897783279419,4.432095527648926,0.03703927993774414,0.06781000643968582,0.5956084132194519,1.078057050704956,0.8497287034988403,0.00039999998989515007,0.8783690333366394,0.3763493001461029,0.03404013440012932,3.194741725921631,1.007792353630066,1.5435001850128174,0.33131805062294006,1.0521374940872192,1.1976414918899536,0.8580126166343689,0.4834597110748291,1.0541731119155884,0.33276963233947754,0.7677479982376099,1.274124264717102,0.014888271689414978,0.4845932722091675,0.613781213760376,0.4354317784309387,0.7166974544525146,1.2468100786209106,0.6802260875701904,0.9437897801399231,1.00131356716156,0.36106011271476746,0.4221162497997284,0.15111079812049866,0.6851078271865845,0.9459245204925537,0.5745322108268738,1.0560640096664429,1.4561467170715332,1.1503584384918213,0.38644036650657654,0.18694408237934113,0.1781366914510727,0.38808315992355347,0.1571912318468094,0.14966097474098206,0.48972514271736145,0.11585746705532074,0.2147284895181656,1.4137290716171265
0.7935175895690918,0.6891492009162903,0.9573971033096313,0.6477149128913879,0.9698657989501953,0.453898161649704,0.566133975982666,4.359589099884033,0.11623448878526688,0.0575731061398983,0.7003028988838196,1.0462301969528198,0.5689266324043274,0.00039999998989515007,0.7910451889038086,0.4155990481376648,0.06855267286300659,3.0507164001464844,0.9440155029296875,1.6415430307388306,0.2925102710723877,1.063581943511963,1.1598448753356934,0.8333667516708374,0.7018284797668457,1.2530205249786377,0.5112621784210205,0.8441610336303711,1.4144076108932495,0.099942147731781,0.5292178988456726,0.5658780336380005,0.3544848561286926,0.5069751739501953,1.5180453062057495,0.852459192276001,0.8546715378761292,1.0991564989089966,0.3343229293823242,0.3138999938964844,0.1859295517206192,0.5259910225868225,0.9509869813919067,0.5315291881561279,0.8172643184661865,1.3110917806625366,1.0555106401443481,0.5360834002494812,0.3499404489994049,0.19607898592948914,0.33996957540512085,0.4714445173740387,0.4723309576511383,0.7296230792999268,0.058930590748786926,0.10462749749422073,1.3583347797393799
0.7156413197517395,0.03261478990316391,0.8270511031150818,0.05923191457986832,0.7248410582542419,0.027715565636754036,0.7202240228652954,3.958571672439575,0.038424767553806305,1.748757243156433,0.21021310985088348,0.6825948357582092,0.05764687806367874,0.00039999998989515007,0.2741859257221222,1.4794682264328003,0.3716247081756592,3.235201120376587,0.8293317556381226,0.6884733438491821,0.9398490190505981,0.9459734559059143,0.8130040764808655,0.24590420722961426,0.30593612790107727,0.02295190468430519,0.7305035591125488,0.536027729511261,1.3724488019943237,0.5822476744651794,1.2094954252243042,0.27998438477516174,1.1626735925674438,0.9949854016304016,1.9165199995040894,0.0558597706258297,0.9016000032424927,0.7994851469993591,1.0350890159606934,1.1259697675704956,0.2245596945285797,0.5087918043136597,0.19582590460777283,0.5899146795272827,0.18616431951522827,1.6009347438812256,1.1459051370620728,0.33460190892219543,0.3605296015739441,0.21478715538978577,1.094475269317627,0.21388733386993408,1.2660738229751587,0.5105998516082764,0.41345903277397156,0.389446496963501,0.6473265886306763
0.40450599789619446,0.2666751742362976,0.6867562532424927,1.0053858757019043,0.8172891139984131,0.9003629088401794,1.2948616743087769,4.124205112457275,0.13242636620998383,0.26377740502357483,0.43298712372779846,0.48005905747413635,0.938349187374115,0.00039999998989515007,1.0606199502944946,0.5208064317703247,0.14935503900051117,3.522113084793091,0.8683549165725708,1.3956332206726074,0.05335080996155739,0.9982640743255615,1.759550929069519,0.31921589374542236,0.9026327133178711,1.003385066986084,0.2518230974674225,0.5591745376586914,1.004494309425354,0.07008232921361923,1.164719820022583,0.17944318056106567,0.18932005763053894,0.5316528677940369,1.1528576612472534,0.9061097502708435,1.455429196357727,0.5054658651351929,0.022783823311328888,0.9362146854400635,0.04339589923620224,1.0434492826461792,0.42016756534576416,0.9161906838417053,0.3789723217487335,1.1071439981460571,1.1502094268798828,0.46209925413131714,0.032925672829151154,0.40322741866111755,0.703849732875824,0.23886820673942566,0.3262177109718323,0.37644073367118835,0.5113139748573303,0.3063517212867737,1.0892002582550049
0.7849481701850891,0.6741617918014526,0.7484092712402344,0.7401813864707947,1.1367741823196411,0.01544379722326994,0.21220511198043823,4.481548309326172,0.037244029343128204,0.48024219274520874,0.5684815645217896,1.5158710479736328,0.46590521931648254,0.00039999998989515007,0.8782545328140259,0.013952829875051975,0.38930004835128784,2.9827804565429688,1.0695106983184814,2.034634590148926,0.530882716178894,0.8660694360733032,0.7189253568649292,0.6176757216453552,0.6798941493034363,1.2793443202972412,0.7093368172645569,0.5998601317405701,1.5741709470748901,0.49665218591690063,0.4828687310218811,0.24753513932228088,0.4112628400325775,0.5309975743293762,1.3375664949417114,0.4653257131576538,0.5427052974700928,0.8703889846801758,0.049700066447257996,0.10134370625019073,0.2409626841545105,0.5799728631973267,0.8825359344482422,0.26074638962745667,0.9962258338928223,1.018820881843567,0.8480002880096436,0.6344495415687561,0.19731034338474274,0.4192149341106415,0.21608896553516388,0.761925995349884,0.21919508278369904,0.5988924503326416,0.04461608827114105,0.11589240282773972,1.637795329093933
0.29482579231262207,0.542867124080658,0.540349543094635,0.4101019501686096,0.7897543907165527,0.1867125779390335,0.6253000497817993,4.671295166015625,0.2534120976924896,0.19659852981567383,0.5399708151817322,1.0060673952102661,0.18926265835762024,0.00039999998989515007,0.8412943482398987,0.21220239996910095,0.418811172246933,3.2208659648895264,1.0206689834594727,2.044304847717285,0.23103584349155426,0.5880740284919739,0.6641858220100403,0.5461443066596985,0.6252278685569763,1.0798122882843018,0.6616120934486389,0.2527545094490051,1.7745405435562134,0.16194865107536316,0.6789549589157104,0.2118377536535263,0.5875823497772217,0.547216534614563,1.4510669708251953,0.8199196457862854,0.6772900223731995,0.8679769039154053,0.5039383172988892,0.1492455005645752,0.025976145640015602,0.7627441883087158,0.367238312959671,0.2397802323102951,0.8216173052787781,1.4502313137054443,1.2919682264328003,0.7042710781097412,0.5387014150619507,0.3826805055141449,0.3176262080669403,0.5581269860267639,0.09750249981880188,0.5913251042366028,0.10785675793886185,0.18707190454006195,1.2960087060928345
0.45922788977622986,0.3896930515766144,0.6893672347068787,0.62568598985672,0.903058648109436,0.3225042521953583,0.7216877341270447,4.684262275695801,0.1614672839641571,0.11812081933021545,0.5801098942756653,1.0453325510025024,0.5767813920974731,0.00039999998989515007,1.0525604486465454,0.42425045371055603,0.24455900490283966,3.3286778926849365,1.1745173931121826,1.6934584379196167,0.055402591824531555,0.7049881219863892,0.8824142217636108,0.5214846730232239,0.4748227298259735,1.1821417808532715,0.3997982442378998,0.7549724578857422,1.5202677249908447,0.18345747888088226,0.7740055322647095,0.20310501754283905,0.5119754076004028,0.4575330317020416,1.4310358762741089,0.5365098714828491,0.7729793190956116,0.8406379222869873,0.3813208341598511,0.5951411128044128,0.11792141944169998,0.7311216592788696,0.5860067009925842,0.43759968876838684,0.5569478869438171,1.3631621599197388,1.0766973495483398,0.656891942024231,0.4272756278514862,0.3297579884529114,0.5789760947227478,0.48872125148773193,0.07628262788057327,0.6061332821846008,0.12037770450115204,0.1229991540312767,1.3104658126831055
0.5799670219421387,0.2046346664428711,0.5952568054199219,0.6631368398666382,0.8508066534996033,0.5315409302711487,1.0557408332824707,4.626889228820801,0.15502899885177612,0.2399345487356186,0.5529350638389587,1.0314375162124634,0.8489553332328796,0.00039999998989515007,1.1237292289733887,0.2310975044965744,0.11072144657373428,3.178123950958252,1.3480902910232544,1.6330115795135498,0.16439956426620483,0.7032083868980408,0.8567965626716614,0.5481775403022766,0.34450843930244446,1.2463618516921997,0.2965201139450073,0.949536144733429,1.2520078420639038,0.09311941266059875,0.9656973481178284,0.04670684412121773,0.3039070963859558,0.20730876922607422,1.3233957290649414,0.34501615166664124,0.9145207405090332,0.6471009850502014,0.34233808517456055,1.114970088005066,0.2587462067604065,0.7238122224807739,0.6529858112335205,0.6426376700401306,0.3799497187137604,1.4603149890899658,0.9603208303451538,0.6224803328514099,0.32589784264564514,0.6119271516799927,0.7561370134353638,0.4946368336677551,0.19282791018486023,0.45930442214012146,0.2528342604637146,0.09956195950508118,1.266208529472351
0.0939154103398323,0.5878706574440002,0.5215787887573242,0.9022975564002991,1.1588698625564575,0.7381067276000977,0.8201184272766113,4.633337497711182,0.557985246181488,0.1656886786222458,0.8687219023704529,0.7414917945861816,0.9436082243919373,0.00039999998989515007,1.183268427848816,0.36200588941574097,0.15599492192268372,3.277296543121338,0.9559075832366943,1.422703504562378,0.07420183718204498,0.6442016363143921,1.0024386644363403,0.6901072859764099,0.7083917260169983,1.0225697755813599,0.21216478943824768,0.6493579745292664,1.4381405115127563,0.1556665450334549,0.5897858142852783,0.23387761414051056,0.5324211120605469,0.2995087504386902,1.4673715829849243,0.47093695402145386,0.9941364526748657,0.7601033449172974,0.4223094582557678,0.5234692096710205,0.27875396609306335,0.8784247040748596,0.3955673277378082,0.4970235824584961,0.7153536677360535,1.6492371559143066,0.9798735976219177,0.4503214657306671,0.468936026096344,0.5443453192710876,0.5444234013557434,0.23348113894462585,0.009273279458284378,0.3985407054424286,0.09132920205593109,0.009857109747827053,1.238789439201355
0.7078520059585571,0.3136298358440399,0.5851525068283081,0.82680743932724,0.821571409702301,0.5139496326446533,1.1093175411224365,4.586018085479736,0.10778770595788956,0.21901345252990723,0.4823128283023834,0.9962687492370605,0.736494243144989,0.00039999998989515007,1.0489567518234253,0.2673763334751129,0.14601925015449524,3.24196720123291,1.2831003665924072,1.694387435913086,0.24733589589595795,0.7516643404960632,0.8973656892776489,0.5850216150283813,0.3410051763057709,1.2116899490356445,0.30623286962509155,0.8861335515975952,1.2332725524902344,0.024194400757551193,1.1081762313842773,0.15040560066699982,0.30478140711784363,0.33633461594581604,1.2628263235092163,0.4079057276248932,1.0301697254180908,0.6684943437576294,0.33286014199256897,0.8878301978111267,0.09325206279754639,0.8707098960876465,0.7527825236320496,0.510569155216217,0.5051857829093933,1.2773953676223755,1.1198712587356567,0.5490103960037231,0.25153106451034546,0.6122313141822815,0.6638849973678589,0.4285322427749634,0.30233845114707947,0.4818687438964844,0.3065623939037323,0.054496195167303085,1.2924069166183472
0.35125502943992615,0.23790860176086426,0.7306087017059326,0.16635632514953613,1.2605632543563843,0.039946384727954865,0.1412087380886078,4.724778175354004,0.34025007486343384,0.44495663046836853,0.3695788085460663,1.1754906177520752,0.5149447321891785,0.00039999998989515007,0.8019726276397705,0.8953803181648254,0.12370613217353821,3.0970664024353027,1.1113765239715576,1.011811375617981,0.3287208378314972,0.6767172813415527,0.2261570394039154,0.6072303652763367,0.3386823236942291,0.6205304861068726,0.4792940020561218,0.9832621216773987,1.8037623167037964,0.15832555294036865,0.18350790441036224,0.11562273651361465,1.051701545715332,0.24498817324638367,2.012697458267212,0.006897697225213051,0.43232262134552,0.9310381412506104,0.8913565874099731,0.8706098198890686,0.6270044445991516,0.22789528965950012,0.6465969681739807,0.33774620294570923,0.1543993353843689,1.9977468252182007,0.740066647529602,0.42091116309165955,0.5630348920822144,0.13675759732723236,0.7729020118713379,0.38881006836891174,0.6903878450393677,0.4553191065788269,0.06770423799753189,0.5386834144592285,0.8288257718086243
0.4143278896808624,0.3941341042518616,0.6731224656105042,0.649470865726471,0.8369709849357605,0.38164934515953064,0.8077147006988525,4.715518474578857,0.22224611043930054,0.12012608349323273,0.6243682503700256,0.9519662261009216,0.5874168276786804,0.00039999998989515007,1.0810883045196533,0.4478721618652344,0.2308448702096939,3.347198009490967,1.16970956325531,1.642059564590454,0.011487875133752823,0.6343230605125427,0.881631076335907,0.5606946349143982,0.4147259294986725,1.1671072244644165,0.319153368473053,0.763247549533844,1.477978229522705,0.04386439919471741,0.809109628200531,0.213120236992836,0.5068339109420776,0.4466160833835602,1.4131511449813843,0.534330427646637,0.8015531301498413,0.8396914601325989,0.4320359230041504,0.6121843457221985,0.14577800035476685,0.7638071775436401,0.5596814751625061,0.42637667059898376,0.5492122173309326,1.4189395904541016,1.1103187799453735,0.6525809168815613,0.48489031195640564,0.33146539330482483,0.6023320555686951,0.47670501470565796,0.09406287968158722,0.5984821915626526,0.1235685870051384,0.16172243654727936,1.2718887329101562
0.9156901240348816,0.16844341158866882,0.7853537797927856,0.7113405466079712,0.6382739543914795,0.5761661529541016,1.0796266794204712,4.55980920791626,0.1458759754896164,0.10069447010755539,0.28430604934692383,1.0680707693099976,0.4728311002254486,0.00039999998989515007,0.9557249546051025,0.20280557870864868,0.03316926583647728,3.2262532711029053,1.388649344444275,1.608213186264038,0.18363188207149506,0.4954964816570282,0.5542067289352417,0.6363549828529358,0.11987869441509247,1.0856914520263672,0.3866010904312134,0.6844585537910461,1.2126508951187134,0.048954904079437256,1.0532419681549072,0.129429429769516,0.3222106397151947,0.5779235363006592,1.5060827732086182,0.4195946455001831,1.0520669221878052,0.7289947271347046,0.37969687581062317,0.9670734405517578,0.23331809043884277,0.7272219657897949,0.7274161577224731,0.453673392534256,0.4333341717720032,1.4929828643798828,1.1375527381896973,0.7108163833618164,0.30482542514801025,0.6896779537200928,0.8876972198486328,0.7543586492538452,0.15097366273403168,0.635351300239563,0.25411295890808105,0.21533651649951935,1.0819605588912964
0.4584049582481384,0.43568503856658936,0.7256589531898499,0.4490721821784973,1.1674280166625977,0.553493320941925,0.47820141911506653,4.346158981323242,0.42547905445098877,0.3800228238105774,0.9764663577079773,0.6842959523200989,0.7760785222053528,0.00039999998989515007,1.0520780086517334,0.14984248578548431,0.7274006009101868,3.268699884414673,0.6955701112747192,1.7068960666656494,0.6064567565917969,0.456831157207489,1.2014957666397095,0.31564876437187195,1.2630308866500854,1.4308993816375732,0.3702402114868164,0.198175847530365,1.4356273412704468,0.5609662532806396,0.583848774433136,0.251456618309021,0.3271663784980774,0.3847751021385193,1.4853230714797974,0.66597580909729,0.5829730033874512,0.5125654339790344,0.07368418574333191,0.47453585267066956,0.1474146693944931,0.693017303943634,0.4208861291408539,0.8321513533592224,0.20582643151283264,1.4158079624176025,0.49918270111083984,1.2383092641830444,0.6829691529273987,0.7317339777946472,0.6768678426742554,0.4492926001548767,0.030945152044296265,0.7458090782165527,0.13560521602630615,0.038488540798425674,1.3650593757629395
0.24576526880264282,0.3219331204891205,0.7177649140357971,0.37073826789855957,0.8040454983711243,0.24427521228790283,0.6954273581504822,4.673863887786865,0.10990846157073975,0.3677111268043518,0.7037270665168762,1.0356301069259644,0.6176276206970215,0.00039999998989515007,1.0164697170257568,0.3797024190425873,0.3331521451473236,3.1525704860687256,1.2716264724731445,1.742195963859558,0.12813007831573486,0.5197423696517944,0.6917041540145874,0.5898041725158691,0.29650378227233887,1.4040745496749878,0.24890916049480438,0.8784006237983704,1.4838224649429321,0.19510102272033691,0.7331796884536743,0.10253013670444489,0.4806038737297058,0.3696884512901306,1.4129029512405396,0.4437548518180847,0.5077602863311768,0.8663212060928345,0.5711187720298767,0.7415176033973694,0.25485458970069885,0.6159688234329224,0.4153130054473877,0.49804195761680603,0.33454805612564087,1.5235567092895508,0.948249876499176,0.9553465247154236,0.7147321105003357,0.4187459349632263,0.7020527124404907,0.6752572655677795,0.05542338266968727,0.7619431614875793,0.012723331339657307,0.3109670579433441,1.3144195079803467
0.6247894167900085,0.7390612363815308,0.5447653532028198,0.8173239827156067,1.133238673210144,0.11092909425497055,0.44567593932151794,4.546541213989258,0.10441767424345016,0.7616807222366333,0.7259523868560791,1.4578380584716797,0.7177603244781494,0.00039999998989515007,0.8500313758850098,0.2378794401884079,0.3865843713283539,2.920307159423828,1.1035012006759644,2.0515427589416504,0.5452767014503479,0.8431369066238403,0.7102289795875549,0.7295253276824951,0.5405232310295105,1.311404824256897,0.569668710231781,0.5771963000297546,1.3813307285308838,0.34964749217033386,0.6039610505104065,0.25366485118865967,0.2814904749393463,0.4230838119983673,1.1996171474456787,0.28663381934165955,0.5806863307952881,0.7574901580810547,0.13266906142234802,0.186336949467659,0.20964491367340088,0.7082260847091675,0.7437268495559692,0.31783318519592285,1.1199721097946167,1.1448665857315063,0.8404126167297363,0.5938217639923096,0.24276399612426758,0.6702374815940857,0.22448092699050903,0.7115426659584045,0.20353223383426666,0.5031908750534058,0.05755363777279854,0.25386136770248413,1.7609914541244507
0.393433153629303,0.20438013970851898,0.581818699836731,0.3530440926551819,1.3639605045318604,0.35584166646003723,0.12671655416488647,4.708227157592773,0.138347327709198,0.13539539277553558,0.36890876293182373,1.3777918815612793,0.7291852831840515,0.00039999998989515007,0.9730195999145508,0.8083080053329468,0.11275136470794678,3.166271686553955,1.189832329750061,1.2269718647003174,0.05595701187849045,1.0051934719085693,0.48323994874954224,0.48144006729125977,0.348135381937027,0.9068232774734497,0.4530719816684723,1.3214658498764038,1.8735318183898926,0.192705899477005,0.2119966745376587,0.3233262300491333,0.9628955721855164,0.024854116141796112,1.603154182434082,0.14692296087741852,0.419837087392807,0.9143750071525574,0.6265642046928406,0.853608250617981,0.41018664836883545,0.32387951016426086,0.9844780564308167,0.3033967614173889,0.3007076680660248,1.5889710187911987,0.7875753045082092,0.25030410289764404,0.35543906688690186,0.008253130130469799,0.5523473620414734,0.19937361776828766,0.3241399824619293,0.3477722704410553,0.0481196753680706,0.3524918854236603,1.075707197189331
0.6845187544822693,0.3068266808986664,0.466084748506546,0.7396101951599121,0.570553719997406,0.1775406301021576,0.7781861424446106,4.604988098144531,0.17515385150909424,0.10955165326595306,0.3581326901912689,1.0737148523330688,0.02628517895936966,0.00039999998989515007,1.0348665714263916,0.42356637120246887,0.2911752164363861,3.412400960922241,1.1896960735321045,1.6678568124771118,0.05773185193538666,0.5391620397567749,0.5825003385543823,0.38888198137283325,0.03871096298098564,0.9295390844345093,0.5518953204154968,0.584254801273346,1.6598830223083496,0.23021942377090454,1.1572790145874023,0.39188867807388306,0.7662639617919922,0.8535799980163574,1.154468059539795,0.3070756793022156,0.7954167723655701,0.9664880037307739,0.48778992891311646,0.20554795861244202,0.16169597208499908,0.9321867823600769,0.5385356545448303,0.10099721699953079,0.9128860831260681,1.0437875986099243,1.4608523845672607,0.4068945646286011,0.533201277256012,0.08202140033245087,0.4951348602771759,0.626888632774353,0.21912795305252075,0.6162430644035339,0.25008079409599304,0.1762060523033142,1.4306696653366089
0.3296169936656952,0.4672314524650574,0.4451252818107605,0.7891287803649902,1.0344644784927368,0.6484739184379578,1.0813759565353394,4.502013206481934,0.3506302237510681,0.34050872921943665,0.7545568346977234,0.965967059135437,1.0053414106369019,0.00039999998989515007,0.9552562832832336,0.05766056478023529,0.14953389763832092,3.1933460235595703,1.1564414501190186,1.5605436563491821,0.014131834730505943,0.7179580926895142,0.825547993183136,0.798101544380188,0.43384626507759094,1.1470909118652344,0.2371046394109726,0.6219583749771118,1.218079686164856,0.0896698385477066,1.0162014961242676,0.14667141437530518,0.3751056492328644,0.36735934019088745,1.3814992904663086,0.17539170384407043,0.9748917818069458,0.5717737674713135,0.505466103553772,0.767169177532196,0.15065361559391022,0.8880571722984314,0.4156271815299988,0.5301368832588196,0.7035432457923889,1.6240184307098389,0.9741378426551819,0.628642737865448,0.37694573402404785,0.8614991307258606,0.7204713821411133,0.4125737249851227,0.00963636301457882,0.520039439201355,0.12891294062137604,0.15100273489952087,1.505251169204712
0.21134936809539795,0.35646936297416687,0.5215559601783752,0.6345984935760498,0.9777160882949829,0.4961172044277191,0.9007562398910522,4.617633819580078,0.21796461939811707,0.29108941555023193,0.7007908821105957,0.9642167687416077,0.9547607898712158,0.00039999998989515007,1.1233580112457275,0.39801928400993347,0.15754909813404083,3.2590956687927246,1.2851260900497437,1.467429518699646,0.02952091582119465,0.678565502166748,0.8264092803001404,0.6252021193504333,0.30602914094924927,1.2176753282546997,0.08937735110521317,0.9925621747970581,1.4172706604003906,0.021866554394364357,0.8158994913101196,0.18929196894168854,0.4369329810142517,0.1526799499988556,1.3657306432724,0.37674659490585327,0.7851389050483704,0.734977662563324,0.6091822981834412,0.9397675395011902,0.3159809708595276,0.7811802625656128,0.5450184345245361,0.5822420120239258,0.39484113454818726,1.6157292127609253,1.0295172929763794,0.6254709959030151,0.5112448334693909,0.45601120591163635,0.7179999351501465,0.32205018401145935,0.0951995775103569,0.5242441296577454,0.12787990272045135,0.14926020801067352,1.2062749862670898
0.4496912658214569,0.1721939742565155,0.42273378372192383,0.681124210357666,1.0272003412246704,0.6395630240440369,0.644765317440033,4.40488862991333,0.7499364018440247,0.8705989718437195,1.2746964693069458,0.6327183246612549,1.2527164220809937,0.00039999998989515007,1.8619762659072876,0.21256716549396515,0.3181057870388031,2.7695093154907227,1.246147632598877,1.328568935394287,0.03168335556983948,0.1857096403837204,0.7798256278038025,0.43271946907043457,0.4450174570083618,1.4881280660629272,0.18640325963497162,1.2165884971618652,1.590904951095581,0.5422040820121765,0.10448803752660751,0.011815260164439678,0.38077688217163086,0.4893488585948944,1.1228758096694946,0.7452765703201294,0.4716886281967163,0.8629708886146545,0.2639175057411194,0.8936720490455627,0.8971951007843018,0.5351816415786743,0.3494125306606293,0.5060508847236633,0.38414525985717773,1.6901404857635498,0.5959902405738831,0.6110751032829285,0.8721184134483337,0.2661127746105194,0.5030778050422668,0.6423717737197876,0.3687199354171753,0.37675315141677856,0.06631705909967422,0.41148650646209717,0.9720932841300964
0.41066184639930725,0.22755002975463867,0.5426803827285767,0.33377376198768616,1.7604739665985107,0.7314134836196899,0.37909096479415894,4.487709999084473,0.2331283688545227,0.2074020802974701,0.34550347924232483,1.7927615642547607,0.5877026319503784,0.00039999998989515007,0.9542407989501953,0.3288070559501648,0.43398556113243103,2.882335901260376,1.1205545663833618,1.5435447692871094,0.17312031984329224,0.9082263112068176,0.13856510818004608,0.3001379668712616,0.7246584892272949,1.0666033029556274,0.8189569115638733,1.0659101009368896,2.07216215133667,0.7596380710601807,0.08191481977701187,0.06530368328094482,0.9618701338768005,0.10688696801662445,1.692290186882019,0.1241559237241745,0.11783844977617264,0.6932098865509033,0.27403557300567627,0.6388491988182068,0.2860579788684845,0.1806000918149948,0.8232414722442627,0.1705273538827896,0.2760770916938782,1.3144067525863647,0.33498525619506836,0.4717700779438019,0.27675414085388184,0.35406002402305603,0.46916767954826355,0.603091835975647,0.41395848989486694,0.37467241287231445,0.09858574718236923,0.27260375022888184,1.3162126541137695
0.272189736366272,0.0016136892372742295,0.6478731632232666,0.8247601985931396,0.9600912928581238,0.9217724204063416,1.1168544292449951,4.145337104797363,0.13038146495819092,0.027319204062223434,0.5177004337310791,0.7093283534049988,0.7884286642074585,0.00039999998989515007,1.1124306917190552,0.11984910815954208,0.26747703552246094,3.6062519550323486,0.8546385765075684,1.223065733909607,0.0727023035287857,0.8835927844047546,1.4144515991210938,0.3327045738697052,0.9095474481582642,1.350517749786377,0.4199484884738922,0.47787556052207947,1.1662589311599731,0.21488747000694275,0.971541166305542,0.20332251489162445,0.07507481426000595,0.2624899446964264,1.458459496498108,1.0152915716171265,1.3302655220031738,0.4387752413749695,0.11520256102085114,0.9649088978767395,0.007682465948164463,0.641152560710907,0.19858112931251526,0.8174552917480469,0.19630198180675507,1.3372844457626343,0.8710058927536011,0.6708755493164062,0.17142254114151,0.8649054169654846,0.9109624624252319,0.3324511647224426,0.6037108302116394,0.7044067978858948,0.3369636535644531,0.0761350467801094,1.0867383480072021
0.4962974786758423,0.39175543189048767,0.7141022086143494,0.6256686449050903,1.1113303899765015,0.0905054435133934,0.2728327512741089,4.581450939178467,0.331973135471344,0.3843630254268646,0.578502357006073,1.3178832530975342,0.2629859149456024,0.00039999998989515007,1.1109635829925537,0.10098717361688614,0.5103550553321838,3.1372435092926025,1.1393259763717651,1.9605411291122437,0.09849223494529724,0.42405080795288086,0.4649706780910492,0.374525249004364,0.6468137502670288,1.3116742372512817,0.6643497943878174,0.536257803440094,1.7948015928268433,0.5206867456436157,0.6589481234550476,0.12878970801830292,0.6020140051841736,0.3963886797428131,1.560775637626648,0.38299280405044556,0.4755844175815582,0.763024628162384,0.15483905375003815,0.3014238774776459,0.058558687567710876,0.6334967017173767,0.4569891095161438,0.15300777554512024,0.5215397477149963,1.1385207176208496,0.7898074388504028,0.8914254307746887,0.5224924683570862,0.5078898072242737,0.5124431848526001,0.9841315746307373,0.032677389681339264,0.7105985879898071,0.029873011633753777,0.25076642632484436,1.4227205514907837
0.35242611169815063,0.5678728222846985,0.4446849822998047,0.8056647777557373,0.9383679628372192,0.46792131662368774,0.9097911715507507,4.627200603485107,0.2893966734409332,0.23882432281970978,0.7062183618545532,1.0089986324310303,0.7395069003105164,0.00039999998989515007,0.9239444136619568,0.16597025096416473,0.1846894770860672,3.3102800846099854,1.0714353322982788,1.6414209604263306,0.01439913921058178,0.724753201007843,0.8989309072494507,0.7226577997207642,0.37790217995643616,1.1038299798965454,0.35781389474868774,0.5059507489204407,1.3053847551345825,0.14711375534534454,0.9835797548294067,0.2676798403263092,0.48710358142852783,0.5463306307792664,1.3518610000610352,0.26166343688964844,0.8765414357185364,0.7039734721183777,0.5157546401023865,0.48906949162483215,0.031979650259017944,0.8867295980453491,0.3614085018634796,0.3961544334888458,0.8150427937507629,1.5117157697677612,1.0864630937576294,0.5674659609794617,0.443153977394104,0.6670825481414795,0.5950769782066345,0.43607842922210693,0.076807402074337,0.5454766154289246,0.11061859875917435,0.12740974128246307,1.5363036394119263
0.7682906985282898,0.2621738910675049,0.6004571318626404,0.8202148079872131,0.8222350478172302,0.3508809804916382,1.0210598707199097,4.586243152618408,0.09855253249406815,0.2399568259716034,0.41417941451072693,1.0794727802276611,0.6698209047317505,0.00039999998989515007,1.0453065633773804,0.2315765768289566,0.13051265478134155,3.2648162841796875,1.3198622465133667,1.7181966304779053,0.2672148644924164,0.7090024948120117,0.7873173952102661,0.5542690753936768,0.242633655667305,1.228042483329773,0.3468687832355499,0.8831188678741455,1.3034446239471436,0.06929939240217209,1.0898414850234985,0.11228878051042557,0.3571721315383911,0.37018275260925293,1.278780460357666,0.4068407714366913,0.9875821471214294,0.6966916918754578,0.3305646479129791,0.8726388812065125,0.09269454330205917,0.8576241731643677,0.7896263599395752,0.42779022455215454,0.4950087070465088,1.2586369514465332,1.1173958778381348,0.5706303119659424,0.2711789309978485,0.5808640718460083,0.6867613196372986,0.5150913596153259,0.2725243866443634,0.5199788212776184,0.3042110204696655,0.10508069396018982,1.286757230758667
0.14852029085159302,0.8296053409576416,0.2152545154094696,0.4161440432071686,1.0025537014007568,0.09583717584609985,0.7495529055595398,4.724236965179443,0.18850484490394592,0.4687667489051819,0.892509400844574,0.8226912617683411,0.39466771483421326,0.00039999998989515007,0.5200396180152893,0.1717653125524521,0.501470148563385,3.14082407951355,0.926267683506012,2.0865349769592285,0.07192593067884445,0.7289296984672546,0.8120341897010803,0.6154783368110657,0.5179432034492493,0.9280087351799011,0.5527836084365845,0.05870632454752922,1.5752112865447998,0.13137778639793396,0.7514873147010803,0.39742565155029297,0.47152048349380493,0.43728432059288025,1.4706562757492065,0.6360728740692139,0.5972951650619507,0.8321385383605957,0.6682727932929993,0.4188900291919708,0.1302824169397354,1.0377084016799927,0.019045623019337654,0.18264596164226532,1.06038498878479,1.4130480289459229,1.3541626930236816,0.456513375043869,0.5801494717597961,0.45558786392211914,0.11225277185440063,0.29936912655830383,0.14644387364387512,0.5392552614212036,0.2123129665851593,0.07433175295591354,1.4400123357772827
0.2956050634384155,0.41522014141082764,0.6915368437767029,0.39754030108451843,0.8233581781387329,0.0969686284661293,0.5074702501296997,4.6979522705078125,0.15912187099456787,0.22057291865348816,0.6871289610862732,0.9883062839508057,0.27959302067756653,0.00039999998989515007,0.9925004243850708,0.4298940896987915,0.3782980740070343,3.2836263179779053,1.0647943019866943,1.7703639268875122,0.02071242779493332,0.5732815861701965,0.7403735518455505,0.5265393853187561,0.48999205231666565,1.331713318824768,0.48016658425331116,0.6540195345878601,1.7424908876419067,0.12287930399179459,0.6045756340026855,0.22294163703918457,0.5880748629570007,0.3099365830421448,1.5548254251480103,0.8024788498878479,0.5006142854690552,0.9417679905891418,0.5117570161819458,0.20714102685451508,0.05639684945344925,0.550834596157074,0.43959006667137146,0.23300699889659882,0.47787344455718994,1.3848543167114258,1.0566222667694092,0.8144561648368835,0.6998648643493652,0.24210821092128754,0.43988505005836487,0.7477470636367798,0.3104974329471588,0.7804866433143616,0.07179776579141617,0.43233370780944824,1.2420026063919067
0.7108832001686096,0.42417553067207336,0.7343453764915466,0.6049419045448303,0.7673665881156921,0.15254078805446625,0.79571932554245,4.699074745178223,0.03255558758974075,0.2076023668050766,0.6099646687507629,0.9726662635803223,0.3620118498802185,0.00039999998989515007,0.9515646696090698,0.44846296310424805,0.22761817276477814,3.1959407329559326,1.2239967584609985,1.886297345161438,0.16056933999061584,0.6421181559562683,0.818916380405426,0.5065298676490784,0.3593454360961914,1.237758755683899,0.4498613178730011,0.803476095199585,1.5110422372817993,0.09575435519218445,0.9407153129577637,0.25026726722717285,0.4017506241798401,0.351909875869751,1.483183741569519,0.6389725208282471,0.7079952359199524,0.9162366390228271,0.4021935760974884,0.48237624764442444,0.10381002724170685,0.7807021141052246,0.7039569616317749,0.30962511897087097,0.48225194215774536,1.140730381011963,1.152397871017456,0.6789312958717346,0.49825769662857056,0.22915402054786682,0.45623868703842163,0.7037139534950256,0.33879050612449646,0.6854815483093262,0.1251852810382843,0.3224121928215027,1.2592443227767944
0.49794530868530273,0.3947552740573883,0.6364757418632507,0.6499242186546326,0.8030015230178833,0.16422562301158905,0.761747419834137,4.71795129776001,0.1692347228527069,0.13225221633911133,0.5815423727035522,0.9860358238220215,0.4930341839790344,0.00039999998989515007,1.036653995513916,0.47947537899017334,0.17845848202705383,3.326788902282715,1.2157806158065796,1.6746459007263184,0.04692686349153519,0.6269965171813965,0.7717167735099792,0.5565508604049683,0.21356450021266937,1.143829107284546,0.33721646666526794,0.8115891218185425,1.5528653860092163,0.036808062344789505,0.8288606405258179,0.304188996553421,0.5806005001068115,0.47506576776504517,1.3961238861083984,0.5252298712730408,0.7513723969459534,0.9330433011054993,0.5328079462051392,0.521048903465271,0.14812642335891724,0.8090266585350037,0.634467601776123,0.27941516041755676,0.593656599521637,1.3634623289108276,1.1959456205368042,0.5896115899085999,0.5361167788505554,0.21771454811096191,0.5540726780891418,0.5229081511497498,0.06527631729841232,0.6226934790611267,0.12808766961097717,0.23456062376499176,1.26943039894104
0.5093392729759216,0.47074079513549805,0.5859406590461731,0.699828028678894,1.147974967956543,0.01917457766830921,0.4593501389026642,4.591211795806885,0.3380022943019867,0.4424753785133362,0.6447804570198059,1.2735515832901,0.3801153302192688,0.00039999998989515007,1.061423659324646,0.037633005529642105,0.45888158679008484,3.075319766998291,1.1581940650939941,1.9898223876953125,0.09931647777557373,0.4786166846752167,0.4861052632331848,0.4617118239402771,0.5931816697120667,1.3096823692321777,0.6140727400779724,0.5660368800163269,1.6902062892913818,0.4901750683784485,0.8588284850120544,0.0485759861767292,0.5649042725563049,0.3502461910247803,1.5034101009368896,0.22094093263149261,0.5627005100250244,0.7070709466934204,0.27751797437667847,0.35290151834487915,0.048860929906368256,0.7807577252388,0.43405118584632874,0.17551733553409576,0.5553295612335205,1.1642686128616333,0.8233251571655273,0.8275225162506104,0.5311316251754761,0.6690742373466492,0.5147304534912109,0.898486316204071,0.009837985038757324,0.6532054543495178,0.019268633797764778,0.18854308128356934,1.5118719339370728
0.24007032811641693,0.5997041463851929,0.5205718278884888,0.6187714338302612,0.8765447735786438,0.8244960308074951,1.0712575912475586,4.448668956756592,0.6182625889778137,0.02094954624772072,0.8906446695327759,0.6862695813179016,0.6899699568748474,0.00039999998989515007,0.7787746787071228,0.204387828707695,0.015932489186525345,3.306483745574951,0.9720579385757446,1.3319671154022217,0.37703657150268555,0.4138970375061035,0.6819101572036743,0.9256944060325623,0.45342177152633667,0.7999236583709717,0.2865063548088074,0.038141075521707535,1.2730015516281128,0.05152130872011185,1.0361195802688599,0.12991926074028015,0.5152158141136169,0.6374804973602295,1.8497973680496216,0.21047386527061462,0.8818457722663879,0.5752918124198914,0.7866179943084717,0.3714790344238281,0.21046775579452515,0.8519387245178223,0.005003875587135553,0.3199476897716522,0.7635473608970642,1.8497999906539917,1.0171560049057007,0.8182859420776367,0.5554297566413879,0.7503170967102051,0.7435909509658813,0.68373042345047,0.24370019137859344,0.7588850259780884,0.06839542090892792,0.06435580551624298,1.3977277278900146
0.5630103945732117,0.38862472772598267,0.7688976526260376,0.6873611807823181,0.835362434387207,0.16735978424549103,0.6155872344970703,4.643360614776611,0.21492892503738403,0.13972601294517517,0.5168201923370361,1.0791690349578857,0.445677250623703,0.00039999998989515007,1.0593241453170776,0.3742024898529053,0.17066927254199982,3.351597547531128,1.186299204826355,1.6862677335739136,0.09126614034175873,0.572149932384491,0.7427875399589539,0.5521188378334045,0.3139215409755707,1.1699204444885254,0.41852837800979614,0.6872279047966003,1.5840104818344116,0.12739592790603638,0.7038472294807434,0.17315776646137238,0.5695260167121887,0.5853773951530457,1.4684613943099976,0.6170958876609802,0.7640302777290344,0.9254555702209473,0.38443315029144287,0.4871619641780853,0.09108105301856995,0.7289672493934631,0.6429755687713623,0.29861313104629517,0.620293915271759,1.3841580152511597,1.1111700534820557,0.6924605369567871,0.48138362169265747,0.2617928683757782,0.6004831790924072,0.6370261311531067,0.08345244824886322,0.6734272837638855,0.09334881603717804,0.2031787931919098,1.252193570137024
0.6728841066360474,0.5300376415252686,0.7486108541488647,0.6812284588813782,0.8931617140769958,0.23641380667686462,0.8138391971588135,4.600584983825684,0.16254718601703644,0.2129344642162323,0.6695970296859741,0.9520664215087891,0.5124960541725159,0.00039999998989515007,0.9598774313926697,0.4675169289112091,0.1799527108669281,3.1045238971710205,1.196013331413269,1.8507630825042725,0.07401703298091888,0.6358457803726196,0.8249969482421875,0.6264378428459167,0.4434480369091034,1.2376278638839722,0.3859860897064209,0.8248238563537598,1.4769428968429565,0.06266123801469803,0.9681665897369385,0.24556182324886322,0.484847754240036,0.3394237458705902,1.5356444120407104,0.5060930252075195,0.7457130551338196,0.8864158987998962,0.5185704231262207,0.54812091588974,0.12519624829292297,0.8459498286247253,0.6846060752868652,0.3574078381061554,0.4448590576648712,1.272755742073059,1.0809953212738037,0.7377609014511108,0.5356568694114685,0.3668631911277771,0.527271568775177,0.633077085018158,0.25081610679626465,0.6729575395584106,0.1285003125667572,0.3125035762786865,1.2808618545532227
0.672095775604248,0.5261209607124329,0.7133122086524963,0.7109840512275696,0.8676092028617859,0.2814216911792755,0.9159162640571594,4.576155662536621,0.14991095662117004,0.1790168583393097,0.6693248748779297,0.9002130627632141,0.5720288157463074,0.00039999998989515007,0.9581636786460876,0.4979396164417267,0.13401374220848083,3.1127588748931885,1.2031316757202148,1.8015700578689575,0.06424204260110855,0.6724348664283752,0.8778068423271179,0.6499326825141907,0.39098432660102844,1.2113723754882812,0.3383999764919281,0.8683039546012878,1.4246256351470947,0.0010807930957525969,1.0257285833358765,0.30036455392837524,0.47921979427337646,0.3392638564109802,1.4898221492767334,0.4944683313369751,0.8176648616790771,0.8882496356964111,0.5617960691452026,0.6089634895324707,0.13618235290050507,0.8955075740814209,0.6991727948188782,0.3839079737663269,0.45307475328445435,1.3014743328094482,1.1317522525787354,0.677282989025116,0.5278303027153015,0.3611624240875244,0.549591064453125,0.5450835824012756,0.23965798318386078,0.6424803733825684,0.1730944663286209,0.28455719351768494,1.2696198225021362
0.7866007089614868,0.6122834086418152,0.7954810261726379,0.8364138603210449,0.7680967450141907,0.3013918101787567,0.7078386545181274,4.511688709259033,0.03968391567468643,0.26473045349121094,0.5025149583816528,1.1473156213760376,0.7773227095603943,0.00039999998989515007,0.8262090086936951,0.2518802285194397,0.03873772174119949,3.2211360931396484,1.1315863132476807,1.653857946395874,0.4417339563369751,0.9391981959342957,1.0097144842147827,0.8560811281204224,0.1836652010679245,1.1507469415664673,0.31499114632606506,0.7915431261062622,1.232143521308899,0.07898147404193878,0.5908040404319763,0.5235735774040222,0.345206618309021,0.7031553387641907,1.2023940086364746,0.7033929228782654,0.8983598351478577,0.9839112162590027,0.36086007952690125,0.4619695842266083,0.14434988796710968,0.7225772142410278,1.0217413902282715,0.4601394534111023,1.0023350715637207,1.3945834636688232,1.183678388595581,0.4593155086040497,0.2134486883878708,0.22621458768844604,0.4228249490261078,0.3489973545074463,0.30199140310287476,0.5460700392723083,0.11705608665943146,0.12997232377529144,1.388124942779541
0.6587503552436829,0.5012310147285461,0.4472639858722687,0.7961006760597229,0.6348245739936829,0.04477939009666443,0.90956711769104,4.487164497375488,0.22959958016872406,0.11120026558637619,0.486049085855484,0.9640997052192688,0.11940812319517136,0.00039999998989515007,0.8871153593063354,0.4225187301635742,0.11216152459383011,3.277235507965088,1.1459980010986328,1.61038076877594,0.03161143511533737,0.5924669504165649,0.6329787373542786,0.6119624376296997,0.09211624413728714,0.8468508720397949,0.48967245221138,0.5236405730247498,1.5486422777175903,0.1300714761018753,1.202970266342163,0.5205122232437134,0.780738890171051,0.9196851849555969,1.2438640594482422,0.24404463171958923,0.9100494384765625,1.0310918092727661,0.7184317708015442,0.1776406615972519,0.11732476204633713,1.0666189193725586,0.4848679006099701,0.040155623108148575,1.0127289295196533,1.2726449966430664,1.5052090883255005,0.3661169111728668,0.6144330501556396,0.17648689448833466,0.5238783359527588,0.5148680806159973,0.34167054295539856,0.6272033452987671,0.23534001410007477,0.12186319380998611,1.4483609199523926
0.7076855301856995,0.7421934604644775,0.058856427669525146,1.006223440170288,0.9592862725257874,0.8022891283035278,1.526760458946228,4.225713729858398,0.1569526344537735,0.5940458178520203,0.7259868383407593,0.9902821183204651,0.7780761122703552,0.00039999998989515007,0.5999821424484253,0.07941802591085434,0.1223565861582756,2.895597219467163,1.116410732269287,1.8815861940383911,0.4187213182449341,1.0002590417861938,0.9751306176185608,0.8083326816558838,0.49176129698753357,1.052937388420105,0.5366414189338684,0.1784953474998474,0.920539140701294,0.03852556273341179,1.547648310661316,0.18000158667564392,0.12760812044143677,0.14734959602355957,1.4324522018432617,0.27694207429885864,1.0459877252578735,0.374260812997818,0.5787876844406128,0.3401242196559906,0.09108209609985352,1.143019676208496,0.34863317012786865,0.29268506169319153,0.8054385781288147,1.2308471202850342,1.1920132637023926,0.4281436502933502,0.1363031417131424,1.2507432699203491,0.4023003578186035,0.552271842956543,0.40259578824043274,0.5263738036155701,0.22697539627552032,0.33505311608314514,1.5597296953201294
0.35575947165489197,0.3305057883262634,0.6299996972084045,0.5470749139785767,0.6902618408203125,0.3246292769908905,0.8876465559005737,4.388654708862305,0.05056189373135567,0.09344376623630524,0.43901321291923523,1.0650935173034668,0.45578107237815857,0.00039999998989515007,0.7366454005241394,0.2844740152359009,0.31883037090301514,3.607309579849243,1.0173676013946533,1.7287894487380981,0.09031645208597183,0.888981819152832,1.2858201265335083,0.3538439869880676,0.5090827345848083,1.1652281284332275,0.5826537609100342,0.08310206979513168,1.2221596240997314,0.5732190012931824,1.0877965688705444,0.04607217386364937,0.31909871101379395,0.8251095414161682,1.4325172901153564,0.8084917664527893,0.787936270236969,0.6026973128318787,0.22201243042945862,0.4757271409034729,0.19533799588680267,0.7866990566253662,0.09208428114652634,0.5679351687431335,0.5473617315292358,1.2224034070968628,1.129596471786499,0.882097065448761,0.23880386352539062,0.46186673641204834,0.686181366443634,0.4494844675064087,0.04532181844115257,0.840739905834198,0.12545515596866608,0.2977827191352844,1.4415984153747559
0.5939944386482239,0.193240225315094,0.3076833188533783,0.6315909028053284,0.8673074245452881,0.1774519681930542,0.5358861684799194,4.4567084312438965,0.26545220613479614,0.25855255126953125,0.43431293964385986,1.4575954675674438,0.16960278153419495,0.00039999998989515007,1.0627039670944214,0.20278695225715637,0.2844782769680023,3.370372772216797,1.0029853582382202,1.6549168825149536,0.26677143573760986,0.6552700400352478,0.477987676858902,0.4036964476108551,0.29483699798583984,1.1996201276779175,0.7406821250915527,0.2613215148448944,1.6583216190338135,0.6828902363777161,1.006919026374817,0.04659024626016617,0.4857359230518341,0.5794455409049988,1.4922893047332764,0.32079073786735535,0.5584627985954285,0.6036258339881897,0.4131849706172943,0.24895526468753815,0.28875261545181274,0.594245433807373,0.32340294122695923,0.15062600374221802,0.6823726296424866,1.2882016897201538,0.9710047841072083,0.7463125586509705,0.4083119034767151,0.8256288170814514,0.64496910572052,0.9925289750099182,0.11715780198574066,0.8906654119491577,0.06375504285097122,0.01955045387148857,1.6042609214782715
0.8947873115539551,0.4142322242259979,0.32799336314201355,0.7934498190879822,0.49628201127052307,0.2476748377084732,1.3065248727798462,4.333652973175049,0.4627636671066284,0.4938604533672333,0.2608587145805359,1.1667115688323975,0.7254726886749268,0.00039999998989515007,0.3865966200828552,0.02505900338292122,0.019414199516177177,3.091953754425049,1.3439158201217651,1.8338347673416138,0.724226176738739,1.1995834112167358,0.9309521317481995,0.743719220161438,0.3114132285118103,0.9916401505470276,0.37111759185791016,0.5733351707458496,0.8841387629508972,0.10748177021741867,1.267727255821228,0.5382367968559265,0.04255290329456329,0.79071444272995,0.8576154708862305,0.5702422261238098,1.0809046030044556,0.8100290894508362,0.442009836435318,0.42700260877609253,0.1453889012336731,1.0738273859024048,0.8953641057014465,0.457021027803421,1.1832687854766846,1.0034112930297852,1.6272845268249512,0.20591481029987335,0.06972695887088776,0.4485348165035248,0.3998090624809265,0.18410977721214294,0.2589927017688751,0.5051518678665161,0.2808007001876831,0.4987610876560211,1.5207964181900024
1.0701266527175903,0.18109090626239777,0.7724304795265198,0.7308331727981567,0.4363251328468323,0.14150826632976532,1.0658353567123413,4.498655796051025,0.14289897680282593,0.0022698850370943546,0.2587117552757263,0.9882348775863647,0.42450499534606934,0.00039999998989515007,0.9958658814430237,0.49239814281463623,0.05813397467136383,3.281031608581543,1.389261245727539,1.6795142889022827,0.4181479811668396,0.7721678614616394,0.9381693601608276,0.46829235553741455,0.05522269755601883,1.1088244915008545,0.35458049178123474,1.0023952722549438,1.2782667875289917,0.11010809242725372,1.062642216682434,0.3468921482563019,0.3338509500026703,0.5159223675727844,1.184687614440918,0.7513819336891174,0.9742134809494019,0.9473885893821716,0.31476855278015137,0.8393669128417969,0.03466058894991875,0.8003953695297241,1.0595463514328003,0.37241074442863464,0.5401790738105774,1.0845304727554321,1.3741744756698608,0.4396114945411682,0.23074033856391907,0.0015094305854290724,0.5840625166893005,0.499165415763855,0.4210701882839203,0.5578207969665527,0.3781406283378601,0.2162010222673416,1.104854702949524
0.8075187802314758,0.6113008260726929,0.8100483417510986,0.7454359531402588,0.7359632849693298,0.19538836181163788,0.6839545369148254,4.574680328369141,0.10662121325731277,0.28393325209617615,0.5020753741264343,1.159595251083374,0.6709786057472229,0.00039999998989515007,0.7607371211051941,0.2631845772266388,0.029610469937324524,3.2000057697296143,1.1762992143630981,1.7438268661499023,0.4499364495277405,0.9208110570907593,0.9487150311470032,0.8079898953437805,0.1481047421693802,1.1390180587768555,0.35274362564086914,0.7774251103401184,1.271021842956543,0.044003695249557495,0.6031613945960999,0.5113158822059631,0.3425534665584564,0.681637167930603,1.2679955959320068,0.7393913865089417,0.8121061325073242,1.0299111604690552,0.37863561511039734,0.396578848361969,0.10019095987081528,0.7015929818153381,1.0212143659591675,0.4059315323829651,0.9673843383789062,1.3479543924331665,1.221352458000183,0.4779062867164612,0.2575048506259918,0.14800430834293365,0.3829566240310669,0.4280973970890045,0.2892649173736572,0.5937570929527283,0.07890085875988007,0.05403215065598488,1.3647994995117188
0.252782940864563,0.510408341884613,0.5263896584510803,0.7210585474967957,1.1678982973098755,0.14213067293167114,0.6239426136016846,4.656851291656494,0.3527723550796509,0.21922442317008972,0.7229841351509094,1.0495600700378418,0.7874848246574402,0.00039999998989515007,1.0541061162948608,0.2861303389072418,0.1984889656305313,3.2570414543151855,1.0928806066513062,1.6148408651351929,0.03415128216147423,0.7147339582443237,0.7929263114929199,0.6147544980049133,0.45258626341819763,1.1437960863113403,0.3434330224990845,0.7843500971794128,1.591526985168457,0.15918824076652527,0.7196422815322876,0.291727215051651,0.6714074015617371,0.35895437002182007,1.4239718914031982,0.30509188771247864,0.7522204518318176,0.8296442627906799,0.5323047637939453,0.5325285792350769,0.1568320244550705,0.8299332857131958,0.5010034441947937,0.3598012626171112,0.6618645191192627,1.5249074697494507,0.9836804866790771,0.5473273396492004,0.5459334254264832,0.4313619136810303,0.5676442980766296,0.36289292573928833,0.14693792164325714,0.5123281478881836,0.07264269143342972,0.08111657202243805,1.4144660234451294
0.6424900889396667,0.5112794041633606,0.7382550835609436,0.6728430986404419,0.8566251993179321,0.22187161445617676,0.8666715621948242,4.623019695281982,0.14719922840595245,0.1568634808063507,0.6586732268333435,0.8941442966461182,0.5532757639884949,0.00039999998989515007,0.9580309987068176,0.4763622581958771,0.12388881295919418,3.1441850662231445,1.2028002738952637,1.795745611190796,0.04542674124240875,0.6534948945045471,0.8592637181282043,0.6281006336212158,0.37622544169425964,1.2122000455856323,0.32610267400741577,0.8868849277496338,1.4456735849380493,0.0010086840484291315,0.9964451193809509,0.3061932623386383,0.5059174299240112,0.34129488468170166,1.4883151054382324,0.5107611417770386,0.7782489657402039,0.9082589149475098,0.5643714666366577,0.5993109941482544,0.14302147924900055,0.8628661632537842,0.6992866396903992,0.36999988555908203,0.4412265419960022,1.3073920011520386,1.1291744709014893,0.6864967346191406,0.5583771467208862,0.3006177842617035,0.5458291172981262,0.5400902032852173,0.22439129650592804,0.6448666453361511,0.15666042268276215,0.3302890658378601,1.2535444498062134
0.5994216203689575,0.4070591926574707,0.43117988109588623,0.7724389433860779,0.5799746513366699,0.043576933443546295,0.9824371337890625,4.5391716957092285,0.23135419189929962,0.14066000282764435,0.47647741436958313,0.8862717151641846,0.1569613665342331,0.00039999998989515007,0.9635189175605774,0.42382651567459106,0.11013264209032059,3.338353157043457,1.169701337814331,1.583330750465393,0.06834933906793594,0.5578383803367615,0.6649633646011353,0.5414210557937622,0.13574500381946564,0.8835945725440979,0.39857017993927,0.6303584575653076,1.5294252634048462,0.08413731306791306,1.2746566534042358,0.5188543200492859,0.780317485332489,0.8437674045562744,1.168228268623352,0.25385940074920654,0.9194353222846985,1.0079290866851807,0.7253633141517639,0.296573281288147,0.07848316431045532,1.080975890159607,0.47231048345565796,0.010685179382562637,0.913652241230011,1.246658205986023,1.5266555547714233,0.37295183539390564,0.6539459824562073,0.14043885469436646,0.5667904615402222,0.4528770446777344,0.30048975348472595,0.6040605902671814,0.2747214138507843,0.18511390686035156,1.4091737270355225
0.7072350978851318,0.6139928698539734,0.8422037363052368,0.8181463479995728,0.7954472303390503,0.23731204867362976,0.5467882752418518,4.595364570617676,0.04689551144838333,0.22981804609298706,0.4957854747772217,1.169435977935791,0.6879797577857971,0.00039999998989515007,0.8572899699211121,0.1686009019613266,0.023605482652783394,3.3085062503814697,1.0870734453201294,1.646058440208435,0.3971802890300751,0.8427723050117493,0.936833918094635,0.8083417415618896,0.23687192797660828,1.1175543069839478,0.35592222213745117,0.6812282204627991,1.3167463541030884,0.02433151938021183,0.48360010981559753,0.45548444986343384,0.4135648310184479,0.7729379534721375,1.2578126192092896,0.7303252220153809,0.8449823260307312,1.005208134651184,0.3025830388069153,0.3464197814464569,0.1521487683057785,0.6615034341812134,0.9441241025924683,0.40165844559669495,1.053700566291809,1.4232314825057983,1.1496611833572388,0.49828532338142395,0.2588880658149719,0.18675416707992554,0.4223397672176361,0.4155212342739105,0.208293154835701,0.5636290907859802,0.05469837039709091,0.09298494458198547,1.3775336742401123
0.35493412613868713,0.4902639091014862,0.6666502356529236,0.6517688632011414,0.9226307272911072,0.15203405916690826,0.7006180286407471,4.66494607925415,0.23916232585906982,0.13969194889068604,0.6983656287193298,0.9219706654548645,0.631597638130188,0.00039999998989515007,1.041148066520691,0.4556882083415985,0.15816204249858856,3.2779946327209473,1.1400697231292725,1.6476603746414185,0.048554494976997375,0.6513790488243103,0.8621053695678711,0.60557621717453,0.34112420678138733,1.1761274337768555,0.2813817262649536,0.8454502820968628,1.5609050989151,0.02943369559943676,0.7700545191764832,0.3607540428638458,0.6341444849967957,0.4282890856266022,1.4186872243881226,0.5214750170707703,0.7270525693893433,0.950286865234375,0.5806604027748108,0.515461266040802,0.15597514808177948,0.816317081451416,0.5759461522102356,0.3470408618450165,0.5797768831253052,1.4563474655151367,1.1227513551712036,0.6245623230934143,0.6227865815162659,0.20366449654102325,0.555206298828125,0.42171555757522583,0.015102015808224678,0.6168305277824402,0.08888129144906998,0.23985879123210907,1.2947183847427368
0.44510766863822937,0.07375210523605347,0.7375521659851074,0.7783668041229248,0.34852445125579834,0.22019393742084503,0.8754482269287109,4.378509044647217,0.1725887656211853,0.6879469156265259,0.6388728022575378,0.7575005292892456,0.357584148645401,0.00039999998989515007,1.5594918727874756,0.27877289056777954,0.3552810549736023,3.0938191413879395,1.4478002786636353,1.8161245584487915,0.3157813847064972,0.11010347306728363,0.651736319065094,0.32420217990875244,0.07555084675550461,1.6454371213912964,0.03851676732301712,1.1026350259780884,1.5402679443359375,0.3913048207759857,0.6643785238265991,0.08580897748470306,0.29906877875328064,0.23740240931510925,0.917959451675415,1.1239088773727417,0.6500449776649475,1.0472179651260376,0.2214283049106598,0.5117620229721069,0.3479348421096802,0.825279712677002,0.7835034728050232,0.0750608816742897,0.3929348886013031,0.9247747659683228,1.2421976327896118,0.8531646132469177,0.7410474419593811,0.04610028490424156,0.4889012277126312,0.9401178359985352,0.8381524682044983,0.8259962201118469,0.18285970389842987,0.6245253086090088,0.9700943231582642
0.23721463978290558,0.3666906952857971,0.7302245497703552,0.545539379119873,0.47411108016967773,0.6814226508140564,0.9573851823806763,4.809267044067383,0.24642203748226166,0.07271189242601395,0.22129395604133606,0.7033258080482483,1.1214133501052856,0.00039999998989515007,1.0143159627914429,0.5506187677383423,0.17335790395736694,3.011887550354004,1.0906192064285278,1.5082201957702637,0.617311954498291,0.5676966905593872,0.923793375492096,1.0116668939590454,0.4314028322696686,1.2387511730194092,0.1983865350484848,0.7440630793571472,1.121718406677246,0.21731677651405334,1.0043367147445679,0.6531686186790466,0.22353646159172058,0.1666136384010315,0.8829665780067444,0.9201692938804626,0.7173364162445068,0.5469658970832825,0.7642139792442322,0.7520720362663269,0.1224067360162735,0.8045844435691833,0.7118118405342102,0.9637189507484436,0.45274072885513306,1.583817720413208,1.1925503015518188,0.9315997958183289,0.49787986278533936,0.5083026885986328,0.4551964998245239,0.04529557749629021,0.7525559663772583,0.27056148648262024,0.0829172283411026,0.533028781414032,1.0625704526901245
0.37957707047462463,0.4136327803134918,0.620093822479248,0.6013398766517639,0.9677131772041321,0.1314314901828766,0.7180410027503967,4.692914962768555,0.26601770520210266,0.1707935929298401,0.6883721947669983,1.0169998407363892,0.6900744438171387,0.00039999998989515007,1.0505809783935547,0.3159722089767456,0.1282917559146881,3.2214155197143555,1.2080305814743042,1.6584159135818481,0.03400406241416931,0.6453483700752258,0.7762802243232727,0.5882936716079712,0.32983437180519104,1.1853119134902954,0.34370020031929016,0.8531873226165771,1.5315134525299072,0.13487379252910614,0.8126007914543152,0.2534680962562561,0.6088298559188843,0.35723426938056946,1.4326527118682861,0.3563902676105499,0.7077449560165405,0.8723956942558289,0.551007866859436,0.6886897087097168,0.20248745381832123,0.7610946297645569,0.5275918245315552,0.41242554783821106,0.5434764623641968,1.520391821861267,1.0169904232025146,0.6371959447860718,0.6024473905563354,0.3324744403362274,0.6351378560066223,0.4954974353313446,0.08172598481178284,0.5628578662872314,0.09716775268316269,0.2150132954120636,1.3503942489624023
0.511142909526825,0.3829018473625183,0.7388365864753723,0.6597860455513,0.8277539610862732,0.19125181436538696,0.7714000940322876,4.628451824188232,0.21060526371002197,0.12303943186998367,0.565306544303894,0.9758468270301819,0.5566700100898743,0.00039999998989515007,1.0319499969482422,0.3513266444206238,0.09685009717941284,3.2902514934539795,1.2211281061172485,1.6651976108551025,0.0010152487084269524,0.5832228660583496,0.7684938907623291,0.5981976389884949,0.2558170258998871,1.1914867162704468,0.31892192363739014,0.8011392951011658,1.496695637702942,0.06755959987640381,0.858307957649231,0.22216364741325378,0.577259361743927,0.5166396498680115,1.4305802583694458,0.5294245481491089,0.8067708611488342,0.9222167134284973,0.5179260969161987,0.6338295340538025,0.15815412998199463,0.7959378957748413,0.6066337823867798,0.3635711669921875,0.5374043583869934,1.454444169998169,1.1392511129379272,0.6950438022613525,0.5738184452056885,0.3030076026916504,0.6736794114112854,0.5404968857765198,0.03779983147978783,0.6588829755783081,0.1367277354001999,0.26300615072250366,1.2483973503112793
0.3817521631717682,0.6523938179016113,0.9422410726547241,0.7206418514251709,0.45287472009658813,0.32802513241767883,0.5828288793563843,4.344491481781006,0.03793018311262131,0.8152116537094116,1.0328528881072998,0.6616814732551575,0.730293333530426,0.00039999998989515007,1.2753939628601074,0.4133143723011017,0.18758325278759003,2.759687662124634,1.1715811491012573,1.840513825416565,0.46855345368385315,0.45453283190727234,1.0767464637756348,0.7307853102684021,0.17922306060791016,1.6214113235473633,0.15993723273277283,1.1843050718307495,1.3523114919662476,0.6800872087478638,0.1241007149219513,0.6324511170387268,0.176371768116951,0.16205112636089325,0.9360381960868835,1.3654800653457642,0.3972690999507904,1.2780908346176147,0.34053319692611694,0.15816719830036163,0.18853293359279633,0.638006865978241,1.0338815450668335,0.2958252429962158,0.7603946328163147,1.055069923400879,1.119728922843933,0.7616310119628906,0.7422464489936829,0.3033086359500885,0.040773358196020126,0.6899240612983704,1.0575153827667236,0.7440565824508667,0.0889149010181427,0.45913073420524597,1.0896145105361938
0.08497615158557892,0.3730098009109497,0.5689032077789307,0.3528904616832733,1.051147222518921,0.4530184268951416,0.07623876631259918,4.419990062713623,0.17377585172653198,0.48825109004974365,0.3137534260749817,1.2924753427505493,0.8502864241600037,0.00039999998989515007,1.5939314365386963,0.5095815658569336,0.1988549381494522,2.997116804122925,1.5317580699920654,1.122810959815979,0.224722221493721,0.44739943742752075,0.09291580319404602,0.22001910209655762,0.21042560040950775,1.4409828186035156,0.04365554824471474,1.8238513469696045,1.9600739479064941,0.18056310713291168,0.21572794020175934,0.00800444558262825,0.8008459210395813,0.3281943202018738,1.071682333946228,0.5603769421577454,0.2270207405090332,0.9894319176673889,0.4557064473628998,1.1680691242218018,0.8510689735412598,0.19230547547340393,1.060668706893921,0.14941412210464478,0.05077210068702698,1.4539695978164673,0.6744793653488159,0.49381035566329956,0.6303049921989441,0.07864993810653687,0.699766218662262,0.5535563230514526,0.18238958716392517,0.4836069941520691,0.06754343211650848,0.7791881561279297,0.6888643503189087
0.5894989967346191,0.41443243622779846,0.7825037837028503,0.6155254244804382,0.8621643781661987,0.34695562720298767,0.7880954742431641,4.619103908538818,0.35856205224990845,0.03948591649532318,0.5242508053779602,0.9666193723678589,0.48360586166381836,0.00039999998989515007,0.8942363858222961,0.29698026180267334,0.11521167308092117,3.1902077198028564,1.2163642644882202,1.5171293020248413,0.13600021600723267,0.44203492999076843,0.5146090984344482,0.7458453178405762,0.21482859551906586,0.9700750708580017,0.38751688599586487,0.607107400894165,1.440536379814148,0.06955446302890778,0.8604648113250732,0.07129192352294922,0.6393165588378906,0.6292046904563904,1.7054634094238281,0.3203316926956177,0.8744525909423828,0.903548002243042,0.6839340329170227,0.6936251521110535,0.29696840047836304,0.7401518821716309,0.49302875995635986,0.3669646680355072,0.5242957472801208,1.7539104223251343,1.0916309356689453,0.711166262626648,0.6268189549446106,0.5014527440071106,0.833191454410553,0.6672320365905762,0.24766509234905243,0.6663661003112793,0.08954744040966034,0.32397282123565674,1.1324673891067505
0.7080883979797363,0.5922399163246155,0.8282434940338135,0.7202067375183105,0.6841498613357544,0.38740888237953186,0.7636913657188416,4.61541223526001,0.034849509596824646,0.27952203154563904,0.5910419821739197,1.0425059795379639,0.949472188949585,0.00039999998989515007,0.8361361026763916,0.2224755436182022,0.22400705516338348,3.1269047260284424,1.2077277898788452,1.5506880283355713,0.41499266028404236,0.8861880302429199,0.9730559587478638,0.956139326095581,0.048356737941503525,1.150243878364563,0.1388704776763916,0.9725762009620667,1.1206541061401367,0.29342201352119446,0.4941152334213257,0.575644850730896,0.3097701966762543,0.5687462687492371,1.1795132160186768,0.6839946508407593,0.8336841464042664,1.0386935472488403,0.5163741111755371,0.6547142863273621,0.02392067015171051,0.6181179881095886,1.0549064874649048,0.5719218850135803,0.9447218775749207,1.5960291624069214,1.1549526453018188,0.45631298422813416,0.3295244872570038,0.16282355785369873,0.4649346172809601,0.3227784037590027,0.2900491952896118,0.4948347210884094,0.07751431316137314,0.002523113042116165,1.285851001739502
0.6298113465309143,0.37305885553359985,0.7447891235351562,0.7145566940307617,0.5271556973457336,0.09347888082265854,0.8736539483070374,4.5672149658203125,0.014726736582815647,0.10636189579963684,0.4411185085773468,0.8140823245048523,0.5137863755226135,0.00039999998989515007,1.0057671070098877,0.6533387303352356,0.03736438602209091,3.4097752571105957,1.1929324865341187,1.5091521739959717,0.13227578997612,0.7671252489089966,1.0349005460739136,0.5904895663261414,0.0015207089018076658,1.0755332708358765,0.18384550511837006,0.9919593930244446,1.4100432395935059,0.22624075412750244,0.848774254322052,0.6098199486732483,0.5823190808296204,0.6527785062789917,1.1431267261505127,0.7961651086807251,0.8936847448348999,1.0883231163024902,0.5573391318321228,0.5562231540679932,0.0015809978358447552,0.8341038823127747,0.8703011870384216,0.31751665472984314,0.690355122089386,1.2764531373977661,1.4373284578323364,0.42058947682380676,0.4777015745639801,0.18290738761425018,0.5182836651802063,0.24046801030635834,0.19064001739025116,0.5811745524406433,0.2550586462020874,0.2261255383491516,1.1436119079589844
0.3258325457572937,0.6536946892738342,0.4164493978023529,0.7753186821937561,0.9081212282180786,0.35954317450523376,0.9788494110107422,4.5869460105896,0.21004696190357208,0.26436346769332886,0.7702622413635254,0.9397834539413452,0.8684937357902527,0.00039999998989515007,0.8676148653030396,0.12501509487628937,0.10032371431589127,3.226592540740967,1.0766710042953491,1.687461018562317,0.044562023133039474,0.8351123332977295,1.0141196250915527,0.7891795039176941,0.3440943658351898,1.1739201545715332,0.2818320691585541,0.6406959295272827,1.2379071712493896,0.05738421157002449,1.0623236894607544,0.46606695652008057,0.4880048334598541,0.4851122200489044,1.2150309085845947,0.2924346327781677,0.8454867601394653,0.7382660508155823,0.638460099697113,0.4939480125904083,0.09908445179462433,0.9269864559173584,0.4110793471336365,0.4438309967517853,0.8417395949363708,1.4961929321289062,1.1321895122528076,0.5422916412353516,0.5031521916389465,0.5758615732192993,0.5288639068603516,0.29587313532829285,0.021454842761158943,0.5075777173042297,0.12493916600942612,0.11760344356298447,1.5978434085845947
0.5371930003166199,0.28130966424942017,0.7606732249259949,0.6127184629440308,0.9114081263542175,0.10516766458749771,0.5005355477333069,4.645514965057373,0.20553557574748993,0.016363708302378654,0.42862778902053833,1.1411219835281372,0.4189257025718689,0.00039999998989515007,1.1007568836212158,0.39022210240364075,0.13640844821929932,3.3682985305786133,1.2271153926849365,1.645705223083496,0.05507158860564232,0.5885013341903687,0.6565205454826355,0.45431041717529297,0.29652470350265503,1.1697355508804321,0.4366552233695984,0.8358215093612671,1.705761432647705,0.20725437998771667,0.7048861980438232,0.1733272820711136,0.7160335183143616,0.5186578035354614,1.4601808786392212,0.5430800914764404,0.696168839931488,0.9285407662391663,0.40724003314971924,0.5811709761619568,0.12413075566291809,0.6744825839996338,0.6777151823043823,0.25403058528900146,0.4976523220539093,1.354357361793518,1.0814435482025146,0.6582766175270081,0.5231608152389526,0.15302912890911102,0.6553037166595459,0.5929297804832458,0.0522424653172493,0.6471278667449951,0.11978328973054886,0.30411383509635925,1.2187389135360718
0.7313055992126465,0.347136914730072,0.5795341730117798,0.766903281211853,0.8308908343315125,0.2351090908050537,1.0419809818267822,4.618182182312012,0.05186052620410919,0.20722271502017975,0.4764131009578705,1.038808822631836,0.7704772353172302,0.00039999998989515007,0.9531159400939941,0.14874425530433655,0.015846917405724525,3.2271227836608887,1.3031381368637085,1.7552359104156494,0.26060250401496887,0.7989315986633301,0.8753859400749207,0.5973853468894958,0.22132237255573273,1.1995725631713867,0.3276674747467041,0.911594808101654,1.2466182708740234,0.05861625820398331,1.13629949092865,0.2587517201900482,0.36398032307624817,0.3670109212398529,1.2254204750061035,0.36726346611976624,0.9607449173927307,0.7295404672622681,0.41242846846580505,0.8672890067100525,0.058739837259054184,0.8932381272315979,0.7589207887649536,0.4869724214076996,0.5700584053993225,1.2810049057006836,1.139716386795044,0.5195501446723938,0.3086239993572235,0.49719667434692383,0.6367113590240479,0.40091434121131897,0.17599992454051971,0.4681433439254761,0.28894612193107605,0.05558132007718086,1.359408974647522
0.07457533478736877,0.26972484588623047,0.8282307982444763,0.31501731276512146,0.4558882415294647,0.0835893303155899,0.5760664939880371,4.425029754638672,0.09849001467227936,0.714804470539093,0.9269239902496338,0.6910073757171631,0.5232554078102112,0.00039999998989515007,1.3363133668899536,0.42550432682037354,0.42515093088150024,2.96183443069458,1.3121098279953003,1.8358434438705444,0.13716007769107819,0.13610634207725525,0.7325780987739563,0.46294230222702026,0.10418442636728287,1.7926558256149292,0.11308484524488449,1.0951343774795532,1.589968204498291,0.19796578586101532,0.40915369987487793,0.2084997445344925,0.4132424592971802,0.23197585344314575,1.0663655996322632,1.0646026134490967,0.21931616961956024,1.1085079908370972,0.5653644800186157,0.4657916724681854,0.3934743106365204,0.6166167855262756,0.37759336829185486,0.3268798887729645,0.20564578473567963,1.2566533088684082,1.0086743831634521,1.2064688205718994,1.107006311416626,0.037264615297317505,0.5100916624069214,0.8679881691932678,0.5391672253608704,0.9709978699684143,0.10993669182062149,0.6919260025024414,1.0822337865829468
0.8900887370109558,0.8834050297737122,0.7835643291473389,0.8038153648376465,1.0464740991592407,0.018216494470834732,0.4212372303009033,4.534302234649658,0.10874670743942261,0.5303118228912354,0.7148104906082153,1.2904350757598877,0.43134376406669617,0.00039999998989515007,0.7516250610351562,0.08150267601013184,0.1887919008731842,2.816195487976074,1.086003303527832,2.160600185394287,0.4445173740386963,0.6974183320999146,0.6389284729957581,0.8179374933242798,0.5618734955787659,1.2849000692367554,0.5916745662689209,0.594904363155365,1.431212067604065,0.24093657732009888,0.7701975107192993,0.32238075137138367,0.3950623571872711,0.5013579726219177,1.4284993410110474,0.38469526171684265,0.5639229416847229,0.9089021682739258,0.33323001861572266,0.04495208337903023,0.21679596602916718,0.7629319429397583,0.8340984582901001,0.19940677285194397,0.9504532217979431,1.0712305307388306,0.9299795031547546,0.7309291958808899,0.4266534149646759,0.5075212717056274,0.21594205498695374,0.8670915365219116,0.27164024114608765,0.64571613073349,0.04935064911842346,0.09394896775484085,1.6016286611557007
0.3617432713508606,0.5319716334342957,0.6817622184753418,0.648146390914917,0.9379889369010925,0.14728610217571259,0.7202318906784058,4.6543121337890625,0.23143582046031952,0.06452177464962006,0.6963005065917969,0.8844591975212097,0.6754429340362549,0.00039999998989515007,1.0012134313583374,0.45356252789497375,0.08374997228384018,3.264352321624756,1.1243740320205688,1.6425917148590088,0.0706167221069336,0.6845993399620056,0.9040956497192383,0.6489664316177368,0.38610634207725525,1.161338210105896,0.2774541974067688,0.8520574569702148,1.5296388864517212,0.00015168380923569202,0.804589033126831,0.4014543890953064,0.6437259912490845,0.4413297772407532,1.4265799522399902,0.5140520930290222,0.7540364265441895,0.9347151517868042,0.6281511783599854,0.5331664681434631,0.1350826621055603,0.8303632736206055,0.561610996723175,0.39884769916534424,0.5692365765571594,1.4727027416229248,1.1271369457244873,0.6222236752510071,0.6184076070785522,0.2053743302822113,0.5659876465797424,0.36643990874290466,0.025485074147582054,0.5947745442390442,0.10170243680477142,0.22816045582294464,1.2899543046951294
0.21253365278244019,0.46358200907707214,0.5043410062789917,0.9148093461990356,0.7606208324432373,0.951878547668457,0.8973594307899475,4.792040824890137,0.32954999804496765,0.030998479574918747,0.727530837059021,0.6511107087135315,1.1881129741668701,0.00039999998989515007,1.246933102607727,0.3431604206562042,0.39792126417160034,3.3334124088287354,1.1322174072265625,1.0183696746826172,0.500251829624176,0.5662703514099121,1.150324821472168,0.7137148976325989,0.4290485084056854,0.7570958733558655,0.18876966834068298,0.8109354376792908,1.1499558687210083,0.31166407465934753,0.8977231383323669,0.4437105357646942,0.031432945281267166,0.09579651057720184,1.2600092887878418,0.5027654767036438,0.9005767107009888,0.5322678089141846,0.5500563979148865,1.033915400505066,0.22581088542938232,0.7087580561637878,0.5079847574234009,0.9841064810752869,0.5756141543388367,1.608157992362976,1.2650078535079956,0.3048282265663147,0.2615201473236084,0.17594297230243683,0.7046226263046265,0.09288433194160461,0.18939189612865448,0.13922856748104095,0.13056884706020355,0.1697121262550354,0.9713837504386902
0.5802490711212158,0.32177188992500305,0.42677149176597595,0.7775541543960571,0.6141731142997742,0.1325433850288391,0.8904125094413757,4.5062456130981445,0.25968724489212036,0.23160722851753235,0.3401123881340027,0.9959083199501038,0.1306372582912445,0.00039999998989515007,0.9647536873817444,0.26724591851234436,0.061344824731349945,3.427408218383789,1.178548812866211,1.5198397636413574,0.08811965584754944,0.5326403379440308,0.5773820281028748,0.5072384476661682,0.13756024837493896,0.851546049118042,0.4811919629573822,0.5186120271682739,1.5543266534805298,0.2186775505542755,1.247292160987854,0.4073221683502197,0.8325279355049133,0.9932804107666016,1.1500746011734009,0.19499368965625763,0.9663684368133545,0.9360822439193726,0.6494063138961792,0.34255537390708923,0.1213456317782402,1.0336145162582397,0.3863835334777832,0.0007099990616552532,0.9481889009475708,1.2956198453903198,1.4824408292770386,0.37953251600265503,0.5920207500457764,0.211819589138031,0.6803179383277893,0.4662988483905792,0.49141862988471985,0.5836237072944641,0.29677504301071167,0.094772569835186,1.4236948490142822
0.7959899306297302,0.5310854315757751,1.2296030521392822,0.32891845703125,0.15033027529716492,0.29991281032562256,0.5410849452018738,4.045790195465088,0.41523218154907227,0.23442721366882324,0.16293860971927643,0.7644648551940918,0.1076635867357254,0.00039999998989515007,1.3843111991882324,0.8019858002662659,0.2451852262020111,3.549438953399658,1.2886412143707275,1.5669951438903809,0.2577742338180542,0.3615759015083313,1.1671333312988281,0.3358267545700073,0.07245878130197525,1.4564456939697266,0.2495294213294983,1.0381746292114258,1.4607200622558594,0.034799717366695404,0.5940682888031006,0.05119122564792633,0.2272270768880844,0.5877927541732788,0.830254852771759,1.763275384902954,0.5884382128715515,0.9270461201667786,0.3576928973197937,0.920479953289032,0.01861526072025299,0.35142287611961365,0.8870317339897156,0.45460444688796997,0.22813887894153595,0.38801223039627075,1.1915220022201538,0.9688962697982788,0.24102921783924103,0.7984659075737,0.6637381315231323,0.6557049751281738,0.9163843989372253,0.8334717750549316,0.37976834177970886,0.5737345814704895,0.5121722221374512
0.4101512134075165,0.47367510199546814,0.5749080181121826,0.7197422981262207,1.034715175628662,0.11081424355506897,0.7435068488121033,4.660338878631592,0.28453248739242554,0.023841077461838722,0.6049784421920776,1.001187801361084,0.7213428616523743,0.00039999998989515007,1.0143399238586426,0.31195157766342163,0.03233468160033226,3.3004069328308105,1.148914098739624,1.583632230758667,0.018311433494091034,0.7212344408035278,0.8078492283821106,0.6381675601005554,0.3560483455657959,1.0782127380371094,0.3500840663909912,0.8126453757286072,1.528104305267334,0.0859610065817833,0.8682101368904114,0.34063097834587097,0.6767302751541138,0.46121254563331604,1.403672456741333,0.32213008403778076,0.8515027165412903,0.8410195112228394,0.5884396433830261,0.6203911900520325,0.11850682646036148,0.8516369462013245,0.5571550130844116,0.38172516226768494,0.6415443420410156,1.5058311223983765,1.1007698774337769,0.5021244287490845,0.5124789476394653,0.3520625829696655,0.6342666745185852,0.3390420079231262,0.18587207794189453,0.492825984954834,0.16190002858638763,0.11227119714021683,1.3501086235046387
1.0575863122940063,0.31795117259025574,0.7467437982559204,0.7659649848937988,0.5344646573066711,0.18571007251739502,1.145084261894226,4.551729679107666,0.11209863424301147,0.11359904706478119,0.2936477065086365,0.8767209649085999,0.4921620786190033,0.00039999998989515007,0.8979504108428955,0.4846420884132385,0.17796871066093445,3.270353317260742,1.326088547706604,1.6877672672271729,0.3605501353740692,0.7942055463790894,0.9599770903587341,0.5603556036949158,0.07828205823898315,1.025686502456665,0.3293896019458771,0.9635913968086243,1.2249664068222046,0.1852126121520996,1.186547040939331,0.4051835238933563,0.3537745773792267,0.4925715923309326,1.2681461572647095,0.6667995452880859,1.049525499343872,0.8786881566047668,0.4289729595184326,0.8017191886901855,0.028691638261079788,0.8844232559204102,1.008824110031128,0.40179601311683655,0.5131609439849854,1.106544852256775,1.3933677673339844,0.3902943432331085,0.23377585411071777,0.09182120859622955,0.5731199383735657,0.3976975083351135,0.3400954604148865,0.496745765209198,0.3839535713195801,0.20507651567459106,1.0917630195617676
0.3460911810398102,0.5967491269111633,0.628704309463501,0.4842246472835541,0.8431714177131653,0.006547098979353905,0.7809284925460815,4.674047946929932,0.13194265961647034,0.16635052859783173,0.7107855081558228,0.8596211075782776,0.5060024857521057,0.00039999998989515007,0.8697826862335205,0.4829886853694916,0.1252686083316803,3.1499264240264893,1.1685967445373535,1.8545714616775513,0.004347659181803465,0.6742795705795288,0.8141332864761353,0.6474966406822205,0.35653045773506165,1.1463825702667236,0.36617347598075867,0.7266148328781128,1.6243544816970825,0.04892810061573982,0.8007360696792603,0.4525207281112671,0.6242266297340393,0.39926812052726746,1.4659569263458252,0.7022392749786377,0.6519170999526978,1.0048351287841797,0.7390556931495667,0.25922247767448425,0.18597273528575897,0.8687501549720764,0.5251418352127075,0.2974490523338318,0.6063147783279419,1.4274533987045288,1.27634596824646,0.6450878381729126,0.6989473104476929,0.10378768295049667,0.4098166525363922,0.45677873492240906,0.031159307807683945,0.6356090307235718,0.020518077537417412,0.30541324615478516,1.2448691129684448
0.07008163630962372,0.5893561840057373,0.48719316720962524,0.9036519527435303,1.342041015625,0.32469722628593445,0.5638598203659058,4.62070894241333,0.5793257355690002,0.15972891449928284,0.7826569676399231,0.9591231942176819,1.0325943231582642,0.00039999998989515007,1.1848770380020142,0.13560661673545837,0.044371020048856735,3.32370662689209,0.9586755633354187,1.4197663068771362,0.0022673241328448057,0.7024139165878296,0.8915306925773621,0.6875457167625427,0.6653305888175964,1.0244888067245483,0.30773648619651794,0.6400596499443054,1.5687649250030518,0.02643776498734951,0.4669157862663269,0.2571672797203064,0.676018238067627,0.3340848386287689,1.4453704357147217,0.382005900144577,0.8987336754798889,0.7443813681602478,0.41852009296417236,0.4776538610458374,0.19578146934509277,0.8057676553726196,0.40965649485588074,0.4364900290966034,0.8077757358551025,1.6790145635604858,0.8837465643882751,0.3942481279373169,0.4425453245639801,0.5049476027488708,0.5632578730583191,0.2381100356578827,0.23358497023582458,0.34199562668800354,0.05472862720489502,0.08648168295621872,1.3377197980880737
0.25694888830184937,0.35692232847213745,0.22179433703422546,0.313073992729187,1.645275592803955,0.7223919630050659,0.16747407615184784,4.626997947692871,0.0023681947495788336,0.06611041724681854,0.31522107124328613,1.5613007545471191,0.8216080665588379,0.00039999998989515007,0.5772941708564758,0.49554118514060974,0.0023179566487669945,3.1161508560180664,1.1593211889266968,1.3071633577346802,0.06952043622732162,1.3055676221847534,0.38628315925598145,0.49611443281173706,0.2432502955198288,0.6419820785522461,0.6858090758323669,0.95440673828125,1.8491771221160889,0.5085614919662476,0.34872809052467346,0.4285898208618164,0.9879857897758484,0.16848772764205933,1.6260251998901367,0.08593969792127609,0.44688546657562256,0.8187171220779419,0.7795783281326294,0.5784755349159241,0.40195631980895996,0.5433605313301086,0.7150064706802368,0.21962694823741913,0.624787449836731,1.6024950742721558,0.8991824388504028,0.03403956815600395,0.2327984869480133,0.15068954229354858,0.45785510540008545,0.008688502945005894,0.8537864089012146,0.26129570603370667,0.004022600594907999,0.06183190271258354,1.2906341552734375
0.03757330775260925,0.8850070834159851,0.26649951934814453,0.7588016986846924,0.9917576313018799,0.03249259293079376,1.0238759517669678,4.401423454284668,0.23398074507713318,0.32503098249435425,0.7787217497825623,1.0514651536941528,0.4387081563472748,0.00039999998989515007,0.5114458203315735,0.08673732727766037,0.20785558223724365,3.1476614475250244,0.9266958832740784,1.6943076848983765,0.18502570688724518,1.0656318664550781,0.8164034485816956,0.6874279975891113,0.1874392181634903,0.6280101537704468,0.6637671589851379,0.1452769637107849,1.4566503763198853,0.12923136353492737,1.0684404373168945,0.6748650670051575,0.6978914141654968,0.5439324975013733,1.2941466569900513,0.3521171808242798,0.682097315788269,0.7318299412727356,0.9055281281471252,0.5516654849052429,0.11761782318353653,1.142872929573059,0.012854465283453465,0.1993868350982666,1.4552240371704102,1.3331043720245361,1.5524810552597046,0.0158228762447834,0.43769198656082153,0.4840145707130432,0.05061059072613716,0.27410370111465454,0.44299426674842834,0.4857620298862457,0.0250403955578804,0.46995213627815247,1.6918507814407349
0.5195869207382202,0.7846905589103699,0.7386205792427063,0.7771738767623901,0.882942259311676,0.23585738241672516,0.6916652917861938,4.568869113922119,0.07607191056013107,0.1127464771270752,0.6836249232292175,0.9539235234260559,0.9212802648544312,0.00039999998989515007,0.8314043879508972,0.35665789246559143,0.19095371663570404,3.1848320960998535,1.031083106994629,1.520983338356018,0.2504827082157135,0.942338228225708,1.0641008615493774,0.9725314974784851,0.2469462901353836,1.0327049493789673,0.1894598752260208,0.8451002836227417,1.282004714012146,0.27208930253982544,0.5179844498634338,0.7421674728393555,0.5173591375350952,0.6517860889434814,1.242332935333252,0.6387001872062683,0.8607820272445679,1.056084394454956,0.6364369988441467,0.35662564635276794,0.07381054759025574,0.760602593421936,0.8919746279716492,0.47635433077812195,1.0542508363723755,1.560583233833313,1.2244443893432617,0.35256218910217285,0.3936353027820587,0.0830572322010994,0.37987303733825684,0.146055206656456,0.05274733901023865,0.4645899832248688,0.06009635329246521,0.07645881175994873,1.3582082986831665
0.731885552406311,0.5664728283882141,0.7624963521957397,0.7812460064888,0.8024157881736755,0.13802874088287354,0.7098296284675598,4.569228172302246,0.06572181731462479,0.1270761340856552,0.40643009543418884,1.1696863174438477,0.8373576998710632,0.00039999998989515007,0.8328660130500793,0.17075525224208832,0.18062596023082733,3.3183131217956543,1.1443034410476685,1.5817643404006958,0.430597186088562,0.968587338924408,0.9785938262939453,0.8463751673698425,0.1444249302148819,1.075329303741455,0.311553955078125,0.7997625470161438,1.238293170928955,0.0944044440984726,0.5915418267250061,0.5502194762229919,0.41108599305152893,0.7548108696937561,1.1591790914535522,0.6619611382484436,0.9390376806259155,0.9527625441551208,0.3994879424571991,0.5171768665313721,0.14996279776096344,0.7016384601593018,0.9893724918365479,0.4953596889972687,1.021790862083435,1.4334462881088257,1.216010570526123,0.37146443128585815,0.18260981142520905,0.1775583028793335,0.48581767082214355,0.24266071617603302,0.10375229269266129,0.46284765005111694,0.14563769102096558,0.17427851259708405,1.3625421524047852
0.5195801258087158,0.37833911180496216,0.679943859577179,0.6489608287811279,0.8980701565742493,0.052913177758455276,0.8109352588653564,4.623645782470703,0.15708498656749725,0.050919584929943085,0.4958372414112091,1.0330486297607422,0.644995927810669,0.00039999998989515007,1.0389233827590942,0.3184167742729187,0.002911190502345562,3.3293511867523193,1.234036922454834,1.6370394229888916,0.04728759452700615,0.68393474817276,0.7872718572616577,0.613406240940094,0.2544865012168884,1.1488004922866821,0.34578457474708557,0.8191806674003601,1.5021491050720215,0.06878388673067093,0.8748739957809448,0.27974697947502136,0.6032827496528625,0.5398884415626526,1.3827372789382935,0.4856870472431183,0.858672022819519,0.870144784450531,0.5376574397087097,0.6747574806213379,0.11983996629714966,0.8185794353485107,0.6225778460502625,0.3999360203742981,0.57564377784729,1.4384765625,1.1651407480239868,0.5890781879425049,0.484951376914978,0.29905545711517334,0.687495768070221,0.4363386631011963,0.07623835653066635,0.5749154686927795,0.17674826085567474,0.14955522119998932,1.2762880325317383
0.4882271885871887,0.4743085503578186,0.6777219176292419,0.6163397431373596,0.9405177235603333,0.003516159253194928,0.7834042310714722,4.629592418670654,0.16632670164108276,0.06677079945802689,0.6038069128990173,0.9837400317192078,0.6304579973220825,0.00039999998989515007,1.0251367092132568,0.4114181399345398,0.02848340943455696,3.24230694770813,1.2067134380340576,1.6886224746704102,0.011759660206735134,0.6904821991920471,0.8131945729255676,0.6339497566223145,0.31611326336860657,1.1572145223617554,0.34014663100242615,0.8636881709098816,1.5487487316131592,0.031185990199446678,0.8680959343910217,0.360658198595047,0.6380757093429565,0.455978661775589,1.4279677867889404,0.4819314777851105,0.7805821299552917,0.9226645231246948,0.6150529980659485,0.5835003852844238,0.1354401558637619,0.8360387682914734,0.6191623210906982,0.3717714548110962,0.5612547993659973,1.4065253734588623,1.1595088243484497,0.5948782563209534,0.564060389995575,0.22561736404895782,0.604055643081665,0.44334715604782104,0.06028735265135765,0.5891717076301575,0.14255565404891968,0.22027380764484406,1.2861040830612183
0.2506881654262543,0.6326826214790344,0.5645257234573364,0.5382054448127747,1.068457841873169,0.2359239161014557,0.8464284539222717,4.611020088195801,0.27563121914863586,0.20588156580924988,0.8942667841911316,0.9303349256515503,0.8907945156097412,0.00039999998989515007,0.9695704579353333,0.27138975262641907,0.031833019107580185,3.077454090118408,1.1191024780273438,1.6953051090240479,0.13379009068012238,0.722900390625,0.9496093988418579,0.7471802830696106,0.5220805406570435,1.2123262882232666,0.3218705654144287,0.7446995973587036,1.387251377105713,0.09617238491773605,0.893686056137085,0.33459869027137756,0.554951548576355,0.27504193782806396,1.5153213739395142,0.282629132270813,0.6572660803794861,0.7751493453979492,0.7161391973495483,0.6698675751686096,0.1512274444103241,0.78435218334198,0.31468573212623596,0.5706584453582764,0.5281965732574463,1.6110984086990356,0.9283019304275513,0.7075368762016296,0.6553151607513428,0.4841102361679077,0.6134740710258484,0.4557212293148041,0.13532550632953644,0.5592936873435974,0.04105692356824875,0.10085145384073257,1.4490188360214233
0.08646991848945618,0.4834620952606201,0.5624706745147705,0.5426455736160278,1.3160210847854614,0.4635709226131439,0.739940345287323,4.404453754425049,0.6741414666175842,0.1498035490512848,0.9150000810623169,0.8331872224807739,0.9081733822822571,0.00039999998989515007,0.9304444193840027,0.2874439060688019,0.02827126905322075,3.151592254638672,0.8973000049591064,1.4451946020126343,0.34425291419029236,0.382904052734375,0.42963218688964844,0.8627045750617981,0.7289973497390747,1.0056082010269165,0.342574805021286,0.25033748149871826,1.5398201942443848,0.3339521288871765,0.831278920173645,0.0011761615751311183,0.4849812984466553,0.5088034272193909,1.7755168676376343,0.07643640041351318,0.8975157141685486,0.5361595153808594,0.5895198583602905,0.4522957503795624,0.2650924324989319,0.8113127946853638,0.05948026105761528,0.5023684501647949,0.7006862163543701,1.8524707555770874,0.7170735001564026,0.8721356987953186,0.6194373965263367,0.9355816841125488,0.8067346811294556,0.6411458253860474,0.3674173355102539,0.6828292608261108,0.1520809829235077,0.025577403604984283,1.494470477104187
0.3800531327724457,0.564367949962616,0.6596511602401733,0.689642071723938,1.014545202255249,0.10762879252433777,0.7760240435600281,4.5929036140441895,0.28449544310569763,0.019505968317389488,0.6739555597305298,0.9118044376373291,0.7276897430419922,0.00039999998989515007,1.0414531230926514,0.4018755257129669,0.01584276556968689,3.2580902576446533,1.1106605529785156,1.5937906503677368,0.06093693524599075,0.688481330871582,0.87460857629776,0.706802248954773,0.3964579105377197,1.0880306959152222,0.3053230345249176,0.7840097546577454,1.5339195728302002,0.02057063579559326,0.8143353462219238,0.40328261256217957,0.6834410429000854,0.5095336437225342,1.4470421075820923,0.4526199400424957,0.8501825928688049,0.9164842367172241,0.6472877264022827,0.529371976852417,0.11814025044441223,0.8718051314353943,0.5423797369003296,0.40452995896339417,0.6555891633033752,1.5233066082000732,1.1445930004119873,0.5515146851539612,0.5805596709251404,0.26563549041748047,0.6131956577301025,0.34395238757133484,0.15765099227428436,0.5457695722579956,0.1251930296421051,0.14502625167369843,1.3040012121200562
0.39424535632133484,0.5172257423400879,0.692711591720581,0.5412233471870422,1.0231860876083374,0.05345802754163742,0.6661152839660645,4.568243503570557,0.1733883172273636,0.13438473641872406,0.7018148899078369,1.0290950536727905,0.5264734625816345,0.00039999998989515007,0.9799118638038635,0.27607154846191406,0.0964481309056282,3.2375171184539795,1.0804297924041748,1.688123106956482,0.014983652159571648,0.6987299919128418,0.8090510368347168,0.6617511510848999,0.5142240524291992,1.2671208381652832,0.4785218834877014,0.6645498275756836,1.6183639764785767,0.15415702760219574,0.7713006138801575,0.2762584090232849,0.5963526964187622,0.4111419916152954,1.6002634763717651,0.6225324869155884,0.701936662197113,0.9046934247016907,0.5760046243667603,0.3842937648296356,0.044771719723939896,0.6778300404548645,0.4413549602031708,0.3550218939781189,0.5650008320808411,1.4547462463378906,1.0524568557739258,0.7167472839355469,0.6391868591308594,0.37750205397605896,0.5846609473228455,0.6464400887489319,0.05868285521864891,0.7423443794250488,0.022329868748784065,0.23966257274150848,1.336687445640564
0.027451537549495697,0.6865598559379578,0.5425417423248291,0.6617380380630493,1.0898667573928833,0.5581446290016174,1.0375014543533325,4.490875244140625,0.5560494065284729,0.20991218090057373,0.9629794359207153,0.4990551471710205,1.071219801902771,0.00039999998989515007,1.0959452390670776,0.41590583324432373,0.0644332766532898,2.911734104156494,1.0331149101257324,1.5298336744308472,0.19506534934043884,0.5312345623970032,0.864998459815979,0.9134221076965332,0.6200236678123474,1.139715552330017,0.035443179309368134,0.8674772381782532,1.4400303363800049,0.4797760844230652,0.7358382940292358,0.37733396887779236,0.631340742111206,0.052369095385074615,1.4791533946990967,0.5020524859428406,0.9066007137298584,0.8265969157218933,0.932865560054779,0.5944724082946777,0.4324747920036316,0.9418104887008667,0.39094364643096924,0.5609802603721619,0.41257697343826294,1.8700551986694336,1.0381098985671997,0.6241014003753662,0.8159103393554688,0.5450973510742188,0.5975209474563599,0.20088697969913483,0.030558815225958824,0.40295979380607605,0.06258708983659744,0.36882832646369934,1.0745660066604614
0.42544931173324585,0.49348288774490356,0.6864781975746155,0.6117078065872192,0.9724012613296509,0.09476049989461899,0.8403251767158508,4.591476917266846,0.26529961824417114,0.07104088366031647,0.6750316619873047,0.907791793346405,0.6832354068756104,0.00039999998989515007,1.0671582221984863,0.4127647280693054,0.02063595876097679,3.1686666011810303,1.1989244222640991,1.6380951404571533,0.08736230432987213,0.5939409732818604,0.7667315602302551,0.6939287185668945,0.3242458999156952,1.156761884689331,0.2759932279586792,0.865828275680542,1.5336006879806519,0.029138635843992233,0.8747128248214722,0.32383784651756287,0.6647651791572571,0.42317524552345276,1.4909390211105347,0.4209017753601074,0.8028315901756287,0.9212518930435181,0.707233726978302,0.6415074467658997,0.22022828459739685,0.8586205840110779,0.5413936972618103,0.39843741059303284,0.5054200291633606,1.5238844156265259,1.126565933227539,0.6454733610153198,0.661640465259552,0.31418079137802124,0.6730242371559143,0.4691304862499237,0.11006162315607071,0.6031418442726135,0.13107524812221527,0.28282296657562256,1.2410379648208618
0.9327275156974792,0.31796184182167053,0.7031261324882507,0.7624287009239197,0.6336737275123596,0.08950185775756836,1.1436669826507568,4.51673698425293,0.09491202980279922,0.07587958872318268,0.2755144536495209,0.9274694919586182,0.596886396408081,0.00039999998989515007,0.9583748579025269,0.47727543115615845,0.19911804795265198,3.316570997238159,1.3206722736358643,1.6021088361740112,0.3330042362213135,0.8234145045280457,0.9219523668289185,0.6079721450805664,0.02490234561264515,1.0190595388412476,0.28443971276283264,0.9698746204376221,1.281040072441101,0.21700909733772278,1.0909326076507568,0.43899908661842346,0.42754247784614563,0.5507461428642273,1.2225253582000732,0.6643834114074707,1.0845179557800293,0.904566764831543,0.49415022134780884,0.7759411931037903,0.05608128756284714,0.9185695052146912,0.9893076419830322,0.3926237225532532,0.5891250371932983,1.1841495037078857,1.423529863357544,0.3445161283016205,0.24088767170906067,0.10659613460302353,0.612491250038147,0.30461546778678894,0.215580552816391,0.4882937967777252,0.3770662248134613,0.13798931241035461,1.0964988470077515
0.7869498133659363,0.5835931897163391,0.9067012667655945,0.5942692160606384,0.8592309355735779,0.3193988502025604,0.9575312733650208,4.5271806716918945,0.25867611169815063,0.05810768902301788,0.5966209173202515,0.8373793363571167,0.4732803404331207,0.00039999998989515007,0.8386067748069763,0.40607932209968567,0.19920234382152557,3.0157649517059326,1.2001371383666992,1.7068794965744019,0.10976815968751907,0.46633976697921753,0.6546940803527832,0.8198366165161133,0.39380720257759094,1.0233770608901978,0.3954401910305023,0.6394720077514648,1.3565573692321777,0.042531952261924744,1.045496940612793,0.14244048297405243,0.5475587248802185,0.5425395965576172,1.8037256002426147,0.41005739569664,0.8937311768531799,0.9020860195159912,0.7349026799201965,0.6628254652023315,0.24488502740859985,0.8294810652732849,0.5628064274787903,0.441940575838089,0.3859699070453644,1.5762605667114258,1.1110517978668213,0.7978705167770386,0.6257568597793579,0.4794139862060547,0.7584332823753357,0.7154408097267151,0.05776369571685791,0.7006149291992188,0.12478768825531006,0.40526705980300903,1.0916682481765747
0.33893683552742004,0.918215811252594,0.5855766534805298,1.0629793405532837,1.1544278860092163,0.5012198686599731,0.7455877661705017,4.459980487823486,0.3352542817592621,0.15287642180919647,0.8045569658279419,0.8051401376724243,1.2331558465957642,0.00039999998989515007,0.9321097135543823,0.21244554221630096,0.2803596258163452,3.1561896800994873,0.8454277515411377,1.339986801147461,0.29486915469169617,0.9852412939071655,1.1932700872421265,1.0351113080978394,0.49379047751426697,0.8586200475692749,0.1388413906097412,0.698419451713562,1.207517385482788,0.47162413597106934,0.35374897718429565,0.7349995970726013,0.47503727674484253,0.538367509841919,1.2358497381210327,0.6195111274719238,1.0972293615341187,0.9349847435951233,0.5023902654647827,0.2774409353733063,0.0016808048821985722,0.881377637386322,0.822542667388916,0.52940434217453,1.2454867362976074,1.65921151638031,1.1338012218475342,0.08619184046983719,0.24351628124713898,0.2653539180755615,0.30524519085884094,0.0901399552822113,0.0064458162523806095,0.22909677028656006,0.08444403111934662,0.30870839953422546,1.3159550428390503
0.26875823736190796,0.29715320467948914,0.9969689846038818,0.511505663394928,0.408731609582901,0.3571891188621521,0.7561978697776794,4.428361415863037,0.3923468291759491,0.3698042631149292,0.7738896012306213,0.556200385093689,0.3000566363334656,0.00039999998989515007,1.4247019290924072,0.44523829221725464,0.012541262432932854,3.0193824768066406,1.3044956922531128,1.6180846691131592,0.1257745325565338,0.15973883867263794,0.4952752888202667,0.5970137715339661,0.07704536616802216,1.397843837738037,0.020629722625017166,0.7631537914276123,1.5789027214050293,0.49619433283805847,0.4040464460849762,0.004545272793620825,0.4692559838294983,0.4722650349140167,1.4520611763000488,1.124610424041748,0.5798388719558716,1.1530321836471558,0.5865220427513123,0.4131401479244232,0.5610870122909546,0.6767258644104004,0.422944575548172,0.2091836929321289,0.302573561668396,1.463884949684143,1.1580562591552734,1.0767074823379517,1.0261081457138062,0.05604235455393791,0.6701990962028503,1.092893362045288,0.3881579041481018,0.9421790242195129,0.049646273255348206,0.7883124947547913,0.7358357310295105
0.43359050154685974,0.222996324300766,0.7556971311569214,0.513822615146637,1.0055216550827026,0.006238962057977915,0.674163281917572,4.618680000305176,0.24621354043483734,0.06228130683302879,0.45770949125289917,1.1208319664001465,0.6824735403060913,0.00039999998989515007,1.1467758417129517,0.25085827708244324,0.0016064001247286797,3.3194591999053955,1.2743005752563477,1.5869905948638916,0.043338593095541,0.546261727809906,0.6474686861038208,0.5212923288345337,0.36662906408309937,1.2049634456634521,0.38493701815605164,0.8010155558586121,1.5715417861938477,0.20446519553661346,0.7270990014076233,0.002096220152452588,0.6238538026809692,0.4457039535045624,1.5312789678573608,0.4297819435596466,0.7678591012954712,0.7742747068405151,0.43830132484436035,0.8915926218032837,0.2594018280506134,0.6458176970481873,0.5137639045715332,0.4977797269821167,0.3360203504562378,1.5638818740844727,0.9308881759643555,0.7506486177444458,0.5039098858833313,0.4175828695297241,0.8557678461074829,0.5869595408439636,0.1760527491569519,0.5905552506446838,0.12702301144599915,0.22805948555469513,1.1858888864517212
0.3676425516605377,0.4951454699039459,0.6001352071762085,0.8672515153884888,0.8494545817375183,0.5497276782989502,0.7565664649009705,4.423568248748779,0.7099210619926453,0.563721776008606,1.1573553085327148,0.305816650390625,0.8926724791526794,0.00039999998989515007,1.7196506261825562,0.3757944703102112,0.184348002076149,3.1078622341156006,1.026576280593872,1.4438285827636719,0.15891967713832855,0.04111044108867645,0.9069296717643738,0.5669107437133789,0.4691998064517975,1.3970681428909302,0.24081094563007355,0.8430576920509338,1.6304385662078857,0.7320801019668579,0.19393357634544373,0.24861042201519012,0.508986234664917,0.11714741587638855,1.1641792058944702,1.0961860418319702,0.7199987173080444,1.0082910060882568,0.47079533338546753,0.24898895621299744,0.5813937187194824,0.9158118963241577,0.2416231334209442,0.2715020179748535,0.5511571168899536,1.4654396772384644,1.0515104532241821,0.7028554677963257,0.9695101380348206,0.12811969220638275,0.43147560954093933,0.5320133566856384,0.37912628054618835,0.5966464281082153,0.029026364907622337,0.4478447735309601,0.9039823412895203
0.3598436415195465,0.284298300743103,0.7705511450767517,0.31577563285827637,1.0651099681854248,0.3579879105091095,0.2896973788738251,4.507749557495117,0.056707099080085754,0.01822218857705593,0.6358435750007629,1.1121537685394287,0.17738425731658936,0.00039999998989515007,1.0861949920654297,0.40433269739151,0.2001943290233612,3.3029980659484863,1.0153402090072632,1.4998314380645752,0.0830269604921341,0.6621019244194031,0.6387860178947449,0.4430130422115326,0.5126949548721313,1.3642330169677734,0.6215943694114685,0.8275071382522583,1.9586280584335327,0.30964240431785583,0.5080897212028503,0.2573505938053131,0.729238748550415,0.2961716949939728,1.7104114294052124,0.7833281755447388,0.4939000904560089,1.0407408475875854,0.48117128014564514,0.2764506936073303,0.01970212534070015,0.3626869320869446,0.46551814675331116,0.16247588396072388,0.3782460689544678,1.3134764432907104,0.9484725594520569,0.6976077556610107,0.772214949131012,0.09388159960508347,0.5563022494316101,0.8591628670692444,0.15175262093544006,0.9013586044311523,0.03874701261520386,0.5442619919776917,1.2024766206741333
0.2750158905982971,0.3851357698440552,0.5628286004066467,0.2554706633090973,1.5197250843048096,0.5129113793373108,0.21101097762584686,4.633069038391113,0.14851541817188263,0.2313591092824936,0.42199575901031494,1.2608261108398438,0.8915684819221497,0.00039999998989515007,0.8123155832290649,0.7390255928039551,0.12952618300914764,3.087475538253784,1.1025168895721436,1.2397701740264893,0.1187228187918663,1.0595219135284424,0.5333476066589355,0.6150409579277039,0.4534347951412201,0.8139486908912659,0.4783911406993866,1.1780645847320557,1.835442066192627,0.18877674639225006,0.2852034568786621,0.41521063446998596,1.027434229850769,0.07816226780414581,1.7310162782669067,0.09733853489160538,0.47675684094429016,0.8838247060775757,0.8635098934173584,0.8115261793136597,0.42831090092658997,0.4320792555809021,0.7800275087356567,0.4359661638736725,0.2724894881248474,1.7799855470657349,0.7867496013641357,0.25975069403648376,0.4409164488315582,0.06648644804954529,0.6077688932418823,0.03908289968967438,0.6027843356132507,0.3031299412250519,0.01851334609091282,0.29174962639808655,1.071303367614746
0.6316829919815063,0.5813818573951721,0.6618106961250305,0.5901023149490356,0.9421546459197998,0.009940113872289658,0.9024264216423035,4.682304382324219,0.06229105591773987,0.06380544602870941,0.5910131335258484,0.9507737159729004,0.5774458646774292,0.00039999998989515007,0.8280214667320251,0.44618678092956543,0.0656435564160347,3.179401397705078,1.2102382183074951,1.7814427614212036,0.07226185500621796,0.7592012882232666,0.8050214052200317,0.6760566234588623,0.31722602248191833,1.0221753120422363,0.41703367233276367,0.7453433871269226,1.467948079109192,0.0019442432094365358,0.9627851843833923,0.38804906606674194,0.5454856157302856,0.45470547676086426,1.5660369396209717,0.4943731427192688,0.8153895735740662,0.9250950813293457,0.6633747816085815,0.48422929644584656,0.17903950810432434,0.9043135643005371,0.6550589203834534,0.3623642325401306,0.5957241654396057,1.3659305572509766,1.2475495338439941,0.5154518485069275,0.48387134075164795,0.2411370426416397,0.517347514629364,0.45098695158958435,0.05399797111749649,0.5799416899681091,0.13346360623836517,0.1834789514541626,1.24386727809906
0.4804435074329376,0.19366377592086792,0.6621822118759155,0.5435664057731628,0.2900766134262085,0.005152979865670204,1.2374849319458008,4.283517360687256,0.01806654967367649,0.6124129891395569,0.20966245234012604,0.5675362944602966,0.14892582595348358,0.00039999998989515007,0.8279702067375183,0.6052171587944031,0.01858227141201496,3.6911895275115967,0.9830735325813293,1.4394952058792114,0.4560040831565857,0.6331723928451538,1.2245423793792725,0.30322161316871643,0.0922456905245781,0.8183212876319885,0.41098254919052124,0.2913459539413452,1.2162209749221802,0.27539896965026855,1.565280795097351,0.3912217915058136,0.6178293228149414,1.2329554557800293,1.103255033493042,0.6029084324836731,1.12868070602417,0.7961022257804871,0.5270982980728149,0.5950778722763062,0.2765003740787506,1.0846060514450073,0.06172088906168938,0.4673280715942383,0.54472416639328,1.133802890777588,1.5579386949539185,0.6253545880317688,0.4820478856563568,0.00552440294995904,0.8571250438690186,0.10963353514671326,0.4093487560749054,0.6679604649543762,0.42894598841667175,0.026795992627739906,1.2357248067855835
0.05786842480301857,0.42097949981689453,0.40987974405288696,0.7489004731178284,1.3222568035125732,0.28596583008766174,0.8136138319969177,4.657808303833008,0.5760585069656372,0.0945388451218605,0.8099180459976196,0.8231130838394165,1.149743676185608,0.00039999998989515007,1.2949644327163696,0.2759905159473419,0.07898624986410141,3.2079479694366455,1.0945504903793335,1.3183956146240234,0.12673038244247437,0.6534233093261719,0.8306179642677307,0.6325479745864868,0.5493586659431458,1.0039881467819214,0.1913936287164688,0.9124041795730591,1.5247611999511719,0.15163110196590424,0.6238186359405518,0.22660678625106812,0.6804196834564209,0.06998559832572937,1.4588465690612793,0.2000991255044937,0.9115990996360779,0.6967417001724243,0.5833573937416077,0.882102906703949,0.4501158595085144,0.8247338533401489,0.40253371000289917,0.5482935309410095,0.4971219599246979,1.7652443647384644,0.8598808646202087,0.343226820230484,0.5248321890830994,0.5107022523880005,0.7021909356117249,0.17921318113803864,0.30666956305503845,0.24371305108070374,0.1518411487340927,0.08926407992839813,1.1953409910202026
0.6249757409095764,0.14846715331077576,0.9000476598739624,0.12456328421831131,0.29830971360206604,0.2505711615085602,0.5982083082199097,4.525290489196777,0.7022339105606079,0.3327953815460205,0.14125566184520721,1.0757161378860474,0.30509743094444275,0.00039999998989515007,1.222725749015808,0.48961150646209717,0.12140493839979172,3.5979299545288086,1.2688217163085938,1.3525896072387695,0.31237098574638367,0.49984031915664673,1.3015830516815186,0.1619967818260193,0.4596392512321472,1.0019360780715942,0.21489296853542328,0.9521369338035583,1.3475220203399658,0.5192340612411499,1.0707067251205444,0.09838560968637466,0.048861123621463776,0.30271393060684204,1.2025554180145264,0.8796874284744263,0.45594972372055054,0.3916105628013611,0.055073559284210205,1.5784192085266113,0.11488127708435059,0.1628463715314865,0.5044098496437073,1.0990527868270874,0.5400466918945312,0.9988781213760376,1.233541488647461,0.7457842230796814,0.2118895798921585,0.553671658039093,1.089074730873108,0.4196806252002716,0.05196503922343254,0.46016111969947815,0.2450316995382309,0.2537994980812073,0.6481171250343323
0.4986932575702667,0.6689954400062561,0.8213164806365967,0.505744993686676,0.8379871845245361,0.05046738684177399,0.506537914276123,4.652467727661133,0.05142495036125183,0.14253084361553192,0.5168799757957458,1.0886316299438477,0.6210179924964905,0.00039999998989515007,0.8285770416259766,0.25970640778541565,0.0037624689284712076,3.279693841934204,0.998253345489502,1.8001976013183594,0.29098135232925415,0.8347973823547363,0.9347050786018372,0.7942274212837219,0.5038292407989502,1.179656982421875,0.4625047743320465,0.5773091316223145,1.5328736305236816,0.049261424690485,0.4370717406272888,0.5004016757011414,0.5650200247764587,0.6277443170547485,1.355735421180725,0.90700763463974,0.6808204650878906,0.9661082029342651,0.490644633769989,0.14360608160495758,0.19067887961864471,0.5832465887069702,0.7551218271255493,0.4409731328487396,0.8763760328292847,1.5050711631774902,1.1450603008270264,0.6549820303916931,0.41974160075187683,0.12048283219337463,0.34943723678588867,0.39732858538627625,0.1801154464483261,0.5424249768257141,0.048891983926296234,0.05963437259197235,1.3258898258209229
0.271578311920166,0.31815844774246216,0.8824877738952637,0.4157589077949524,0.7344156503677368,0.07525434345006943,0.8616191148757935,4.50230073928833,0.0492202490568161,0.26881134510040283,0.4627903401851654,0.6986410021781921,0.6907323002815247,0.00039999998989515007,0.9267362356185913,0.6553742289543152,0.07882536947727203,3.609949827194214,0.9706688523292542,1.5709244012832642,0.322163462638855,0.8213276267051697,1.4235351085662842,0.3827756941318512,0.6119352579116821,1.1682729721069336,0.3048627972602844,0.6342418193817139,1.3136438131332397,0.21146678924560547,0.9726080894470215,0.30353662371635437,0.4838082194328308,0.692769467830658,1.3569015264511108,0.8539844155311584,0.860639214515686,0.7546529173851013,0.37179723381996155,0.7931884527206421,0.058949824422597885,0.7809720039367676,0.3047613799571991,0.8144015669822693,0.2333804965019226,1.2954946756362915,1.1092637777328491,0.8274572491645813,0.40518316626548767,0.022252487018704414,0.7497608661651611,0.06727810949087143,0.017902815714478493,0.6342663764953613,0.21607935428619385,0.023598501458764076,1.1725218296051025
0.0308085884898901,0.29904839396476746,0.7323181629180908,0.5680220127105713,0.6006877422332764,0.07770446687936783,0.7162753939628601,4.568815231323242,0.3004097044467926,0.4818376302719116,0.8597221374511719,0.6130523085594177,0.5560409426689148,0.00039999998989515007,1.568031907081604,0.465084969997406,0.2411443442106247,3.1845204830169678,1.2559815645217896,1.6917269229888916,0.039380285888910294,0.13406668603420258,0.7699612975120544,0.4398461580276489,0.19878563284873962,1.542940378189087,0.06055939197540283,1.0074392557144165,1.6830741167068481,0.42637312412261963,0.4381105303764343,0.24925865232944489,0.5054647326469421,0.24396519362926483,1.1330339908599854,1.0604031085968018,0.5123366117477417,1.053480625152588,0.48428094387054443,0.3996182680130005,0.40866968035697937,0.7716179490089417,0.4590293765068054,0.22690461575984955,0.3695208430290222,1.2252957820892334,1.1439162492752075,0.8702235817909241,0.9168332815170288,0.051935285329818726,0.4849828779697418,0.7502313256263733,0.44464460015296936,0.7528688907623291,0.01642920821905136,0.5753570795059204,0.9941778779029846
0.5568677186965942,0.28713279962539673,1.0922577381134033,0.14766056835651398,0.46377408504486084,0.186483696103096,0.9358288645744324,4.499274253845215,0.11445080488920212,0.2343990057706833,0.3303333818912506,0.7387593984603882,0.2970660328865051,0.00039999998989515007,0.6337342262268066,0.4946995675563812,0.037359818816185,3.39963698387146,1.0924909114837646,1.8030340671539307,0.3019983470439911,0.5518575310707092,1.0784592628479004,0.4426581859588623,0.5350679755210876,1.084427833557129,0.533223032951355,0.2283218950033188,1.2362353801727295,0.3013783097267151,1.0147877931594849,0.03519410267472267,0.3212094008922577,0.854058563709259,1.7001540660858154,0.9957773685455322,0.7868211269378662,0.7784380912780762,0.4174472987651825,0.7071046829223633,0.08741569519042969,0.6473774313926697,0.1882767230272293,0.813726544380188,0.12475678324699402,1.4499526023864746,1.1362817287445068,1.1404229402542114,0.4832566976547241,0.1818174421787262,0.8389748334884644,0.5628789663314819,0.009984508156776428,0.8306807279586792,0.08176012337207794,0.21700546145439148,0.9804098010063171
0.4352404475212097,0.626626193523407,0.7040857076644897,0.539982795715332,0.9878487586975098,0.09577200561761856,0.8517308235168457,4.6563262939453125,0.19225704669952393,0.1029379814863205,0.7559722661972046,0.841781497001648,0.6982135772705078,0.00039999998989515007,0.93946772813797,0.40578508377075195,0.02024153247475624,3.1236979961395264,1.1140300035476685,1.8033961057662964,0.07802902162075043,0.6671739816665649,0.9100546836853027,0.704517126083374,0.5521461963653564,1.1847351789474487,0.3502552807331085,0.7592460513114929,1.4657243490219116,0.007235346827656031,0.9299362897872925,0.34835442900657654,0.5623738765716553,0.35724779963493347,1.552027702331543,0.46736419200897217,0.7454156279563904,0.852469801902771,0.6555913090705872,0.549984872341156,0.12495804578065872,0.8411616086959839,0.4899742603302002,0.5040111541748047,0.46383798122406006,1.4691815376281738,1.0647118091583252,0.7087945938110352,0.6198133230209351,0.3468090295791626,0.5642359256744385,0.45637229084968567,0.010126247070729733,0.5708712339401245,0.08083812147378922,0.23291455209255219,1.307038426399231
0.7681427597999573,0.334552526473999,0.6053242683410645,0.7635520696640015,0.9210382699966431,0.09839435666799545,1.0583668947219849,4.574984550476074,0.07964465022087097,0.08041515946388245,0.38762325048446655,1.0556833744049072,0.7814810872077942,0.00039999998989515007,1.0309300422668457,0.19014431536197662,0.08090834319591522,3.271136522293091,1.286313533782959,1.6799712181091309,0.23150478303432465,0.771726667881012,0.8197300434112549,0.6169275045394897,0.26378923654556274,1.1492737531661987,0.33753374218940735,0.9077228903770447,1.300126075744629,0.024509118869900703,1.1400926113128662,0.23637302219867706,0.4552863836288452,0.4225509464740753,1.2869309186935425,0.3195282220840454,1.0344215631484985,0.6912358999252319,0.43701374530792236,0.9079419374465942,0.03791336715221405,0.8906031847000122,0.7772819399833679,0.48508256673812866,0.5156990885734558,1.307243824005127,1.140590786933899,0.48379895091056824,0.26592764258384705,0.5299022197723389,0.72821444272995,0.3787689805030823,0.053378067910671234,0.43303370475769043,0.32690903544425964,0.04392068088054657,1.3048566579818726
0.8730323910713196,0.2937964200973511,0.6761741638183594,0.4854285717010498,0.4418051838874817,0.026232929900288582,1.2280796766281128,4.663536548614502,0.2331537902355194,0.08946097642183304,0.2905689477920532,0.9008883833885193,0.46677643060684204,0.00039999998989515007,0.9163321256637573,0.3157985210418701,0.12490779161453247,3.31526255607605,1.386176586151123,1.8786900043487549,0.4111441671848297,0.6293016076087952,0.9159744381904602,0.6325463056564331,0.04027804732322693,1.0024428367614746,0.46232032775878906,0.8356152772903442,1.2913801670074463,0.23136278986930847,0.9640583395957947,0.3244825601577759,0.19209598004817963,0.451887309551239,1.337544560432434,0.7396776676177979,0.980454683303833,0.9445461630821228,0.3484286069869995,0.7388113141059875,0.1005076989531517,0.7769261002540588,0.7405044436454773,0.587600588798523,0.4562971591949463,1.3248577117919922,1.3302369117736816,0.4161851704120636,0.34384647011756897,0.06864975392818451,0.5922054052352905,0.5768893361091614,0.1562599241733551,0.4268368184566498,0.3118858337402344,0.21666240692138672,0.9831666350364685
0.6529134511947632,0.24858218431472778,0.7008623480796814,0.34896862506866455,0.8009528517723083,0.009431331418454647,0.9443327188491821,4.683416843414307,0.019839279353618622,0.14917217195034027,0.6262369155883789,1.0169894695281982,0.6869147419929504,0.00039999998989515007,1.061576008796692,0.12632571160793304,0.048733871430158615,3.071831226348877,1.3219772577285767,1.7837328910827637,0.14871405065059662,0.6674068570137024,0.790311872959137,0.5785069465637207,0.34921345114707947,1.3511700630187988,0.4547565281391144,0.9752547740936279,1.4107959270477295,0.11462946981191635,0.9443983435630798,0.19183477759361267,0.3545610308647156,0.18950586020946503,1.4015437364578247,0.44479694962501526,0.7448433637619019,0.7882711887359619,0.4346877634525299,0.994605541229248,0.1320737600326538,0.5763763189315796,0.6078091859817505,0.6577343940734863,0.34842604398727417,1.4767004251480103,0.9321537017822266,0.695022702217102,0.5525662899017334,0.3819933235645294,0.701261579990387,0.6983763575553894,0.15582266449928284,0.5010553598403931,0.15344007313251495,0.29929086565971375,1.312869906425476
0.2960371673107147,0.3372560441493988,0.632728636264801,0.4599897563457489,0.7935965657234192,0.062063831835985184,0.9615012407302856,4.483443737030029,0.1324962079524994,0.043774113059043884,0.3840007483959198,0.9634068608283997,0.6285232901573181,0.00039999998989515007,0.7028486132621765,0.2650352418422699,0.1457592099905014,3.6226792335510254,1.019247055053711,1.7228903770446777,0.16472768783569336,0.9449793100357056,1.2981904745101929,0.35514238476753235,0.5170192122459412,1.0762726068496704,0.5360412001609802,0.21110916137695312,1.2197831869125366,0.5033368468284607,1.1300578117370605,0.15768097341060638,0.3504575490951538,0.8376765847206116,1.3658027648925781,0.7302284240722656,0.8882713317871094,0.6090551018714905,0.289765864610672,0.5978556275367737,0.12406554073095322,0.8700013160705566,0.10522006452083588,0.7144473791122437,0.5329664349555969,1.251822590827942,1.182787537574768,0.7527275681495667,0.22733871638774872,0.35503798723220825,0.7185484766960144,0.19183070957660675,0.19399219751358032,0.6705290079116821,0.1822020560503006,0.3336877226829529,1.399004578590393
0.22320596873760223,0.6419834494590759,0.5234460830688477,0.9062090516090393,1.1677284240722656,0.3672093152999878,0.8987911939620972,4.570507049560547,0.5025904774665833,0.010127831250429153,0.7642841935157776,0.7142826318740845,0.9766075611114502,0.00039999998989515007,1.1288830041885376,0.3372493386268616,0.12273949384689331,3.290031671524048,0.9764910936355591,1.3860173225402832,0.0803258940577507,0.695875346660614,0.9857373237609863,0.7632586359977722,0.5305116772651672,0.9044457077980042,0.21769478917121887,0.6734818816184998,1.444780945777893,0.255108505487442,0.7308135032653809,0.4149237275123596,0.6550013422966003,0.4366541802883148,1.4504843950271606,0.4280683398246765,1.0837448835372925,0.8237295746803284,0.5995140671730042,0.516442060470581,0.21673358976840973,0.9847990870475769,0.46310171484947205,0.460561066865921,0.7901905179023743,1.6685882806777954,1.1354906558990479,0.31624680757522583,0.47344455122947693,0.4024697244167328,0.5969734787940979,0.12022056430578232,0.23034623265266418,0.34635668992996216,0.17002703249454498,0.026815734803676605,1.2280359268188477
0.34450551867485046,0.5948054790496826,0.4078863859176636,0.6832140684127808,1.0871893167495728,0.007616261951625347,0.8436306118965149,4.613797664642334,0.17812764644622803,0.1943150758743286,0.609992504119873,1.1050634384155273,0.6665640473365784,0.00039999998989515007,0.814149022102356,0.09234477579593658,0.05933162569999695,3.2946653366088867,1.111811637878418,1.733035683631897,0.03235219046473503,0.8148593306541443,0.7983472347259521,0.6348342299461365,0.3396548628807068,0.9600537419319153,0.5251693725585938,0.3677312135696411,1.462632179260254,0.26186642050743103,0.9409820437431335,0.31003862619400024,0.5702458024024963,0.6529619693756104,1.4485782384872437,0.3391733467578888,0.8573213219642639,0.7803657650947571,0.5550194978713989,0.30593597888946533,0.059569187462329865,0.9722741842269897,0.31691598892211914,0.32438164949417114,0.9302861094474792,1.4532594680786133,1.219784140586853,0.4431338310241699,0.4069688618183136,0.49784180521965027,0.5413763523101807,0.385181188583374,0.37934544682502747,0.5393931865692139,0.08973333984613419,0.21300415694713593,1.5030264854431152
0.6366989016532898,0.6804202198982239,0.8129881024360657,0.655916154384613,1.0347685813903809,0.32078099250793457,0.3257254362106323,4.569334983825684,0.0072349137626588345,0.04628508910536766,0.49165990948677063,1.210546851158142,0.6706563234329224,0.00039999998989515007,0.8967377543449402,0.4456600844860077,0.0923222079873085,3.2706668376922607,1.0016015768051147,1.566504716873169,0.3037757873535156,1.0019139051437378,0.9670276045799255,0.7466789484024048,0.3772059977054596,1.0091197490692139,0.45836833119392395,0.8442249894142151,1.5909380912780762,0.0028664725832641125,0.3552803099155426,0.68531334400177,0.7034540772438049,0.6810497641563416,1.3383804559707642,0.6610868573188782,0.7010117769241333,1.0839771032333374,0.4410625398159027,0.24338485300540924,0.18422088027000427,0.5962132215499878,0.9909185767173767,0.3478487432003021,0.9986953735351562,1.3615481853485107,1.1338430643081665,0.3249343931674957,0.29264405369758606,0.1512894630432129,0.33109191060066223,0.24351546168327332,0.07154247164726257,0.46829482913017273,0.05092198774218559,0.04375004023313522,1.3629450798034668
0.5642676949501038,0.5048158168792725,0.36657097935676575,0.6450607180595398,0.7567746639251709,0.360694944858551,0.9250447750091553,4.505152225494385,0.13774839043617249,0.16238243877887726,0.4868721663951874,1.0128717422485352,0.2379898577928543,0.00039999998989515007,0.9020379185676575,0.4466569721698761,0.03814051300287247,3.2689762115478516,1.1606862545013428,1.6073445081710815,0.05803195759654045,0.728866696357727,0.6879782676696777,0.5803418755531311,0.047685712575912476,0.856818437576294,0.5056636929512024,0.6011099219322205,1.5919747352600098,0.15122517943382263,1.2349238395690918,0.6060502529144287,0.8627140522003174,0.8021696209907532,1.2487798929214478,0.19774146378040314,0.8080911636352539,0.9859024286270142,0.8237514495849609,0.22898226976394653,0.11853858083486557,1.0348819494247437,0.43514829874038696,0.010827348567545414,0.9387289881706238,1.2466589212417603,1.4971565008163452,0.31723055243492126,0.6060282588005066,0.09689442068338394,0.5246546268463135,0.4119074046611786,0.47530436515808105,0.5829265713691711,0.23928242921829224,0.07677579671144485,1.4844993352890015
0.5939169526100159,0.26263922452926636,0.8438514471054077,0.2527368664741516,0.785054087638855,0.006890106946229935,0.8456064462661743,4.543628215789795,0.037041522562503815,0.04111107066273689,0.4543396532535553,1.0768201351165771,0.5585737824440002,0.00039999998989515007,0.8622610569000244,0.3446202874183655,0.12115684151649475,3.0496644973754883,1.3747518062591553,1.613086223602295,0.18925927579402924,0.5060091018676758,0.48654162883758545,0.7228416204452515,0.07603468000888824,1.2178772687911987,0.3308214843273163,0.8702003359794617,1.3944165706634521,0.18177387118339539,0.9288455843925476,0.06905153393745422,0.5763949155807495,0.5454171895980835,1.6113550662994385,0.286189466714859,0.6740553975105286,0.8859661221504211,0.8122632503509521,0.9936834573745728,0.3185850977897644,0.6113494038581848,0.5106382369995117,0.556306779384613,0.20256859064102173,1.707598328590393,1.0126358270645142,0.9211016893386841,0.687150776386261,0.4600951373577118,0.9582422971725464,0.7073147892951965,0.23832747340202332,0.7652509212493896,0.10045026242733002,0.4117060899734497,1.1393507719039917
0.5207707285881042,0.5363893508911133,0.602436900138855,0.6457223296165466,1.2780734300613403,0.284374475479126,0.5075321793556213,4.528050422668457,0.32296863198280334,0.2946572005748749,0.625053882598877,1.2714433670043945,0.5047359466552734,0.00039999998989515007,1.0680872201919556,0.0030240248888731003,0.2669883966445923,3.033513069152832,1.1461611986160278,1.9658936262130737,0.048485394567251205,0.5608673691749573,0.534885585308075,0.5193746089935303,0.6554007530212402,1.2684838771820068,0.6340622901916504,0.6139011979103088,1.7015694379806519,0.4636852443218231,0.9258584976196289,0.0466831810772419,0.6637578010559082,0.3819044530391693,1.5251425504684448,0.14120444655418396,0.6234827637672424,0.7085372805595398,0.3792475461959839,0.42131420969963074,0.011998603120446205,0.8147339224815369,0.4264867305755615,0.2659052014350891,0.5580399036407471,1.217931866645813,0.8332078456878662,0.7715317010879517,0.5265717506408691,0.631245493888855,0.581674337387085,0.7767143845558167,0.20546455681324005,0.5857199430465698,0.07174147665500641,0.13846638798713684,1.5298335552215576
0.7061449885368347,0.5740662217140198,0.770902156829834,0.5683436989784241,1.1093953847885132,0.02967623993754387,0.6569250226020813,4.483795642852783,0.3820684254169464,0.22967031598091125,0.5838584899902344,1.1886566877365112,0.3805067539215088,0.00039999998989515007,0.8790358304977417,0.06650424748659134,0.059192173182964325,2.8766934871673584,1.1943992376327515,1.9558911323547363,0.027001097798347473,0.3366807699203491,0.3256279528141022,0.7185731530189514,0.5749390721321106,1.162602186203003,0.6384264230728149,0.3929598927497864,1.5243592262268066,0.3878993093967438,0.9955930113792419,0.1520010530948639,0.5762214660644531,0.5287343263626099,1.788840889930725,0.11385030299425125,0.7021292448043823,0.7093740105628967,0.5251331329345703,0.4914476275444031,0.13545307517051697,0.7560253739356995,0.3679180145263672,0.32568788528442383,0.4633636474609375,1.497363567352295,0.8323895335197449,0.9560308456420898,0.6116457581520081,0.8514635562896729,0.7479020953178406,1.0198067426681519,0.2425672858953476,0.696019172668457,0.012732304632663727,0.2761535346508026,1.3555843830108643
0.5629348158836365,0.48193979263305664,0.7070854902267456,0.5821470022201538,0.9144863486289978,0.08792085200548172,0.8465664982795715,4.600409030914307,0.1122715026140213,0.0013002066407352686,0.5906624794006348,0.9632964730262756,0.6650545001029968,0.00039999998989515007,1.0383707284927368,0.47687458992004395,0.024007372558116913,3.2140557765960693,1.2113631963729858,1.6832658052444458,0.04049471765756607,0.7479321956634521,0.9058644771575928,0.6400879621505737,0.3170088529586792,1.1407750844955444,0.33865073323249817,0.9105379581451416,1.5173249244689941,0.02365715429186821,0.8948032259941101,0.4317234754562378,0.6240575909614563,0.45020848512649536,1.413251280784607,0.5052591562271118,0.8029568195343018,0.9321994781494141,0.6115296483039856,0.6355423331260681,0.10636745393276215,0.8323302268981934,0.6914781928062439,0.43230244517326355,0.5531364679336548,1.3892792463302612,1.1831523180007935,0.5556704998016357,0.5117326974868774,0.13594594597816467,0.5957510471343994,0.39226019382476807,0.04861439764499664,0.5542826056480408,0.18410983681678772,0.1898171305656433,1.2785146236419678
0.21174189448356628,0.5478435158729553,0.5005539655685425,0.4789722263813019,1.0001884698867798,0.21094097197055817,0.969921350479126,4.554299831390381,0.13878214359283447,0.17226937413215637,0.8096153140068054,0.850382924079895,0.9317065477371216,0.00039999998989515007,1.0266437530517578,0.4000970125198364,0.04118433967232704,3.163931369781494,1.2868870496749878,1.5111393928527832,0.10484626889228821,0.6670352816581726,0.8311951160430908,0.6887375712394714,0.30942612886428833,1.138214111328125,0.08264483511447906,1.0008758306503296,1.4724609851837158,0.10223556309938431,0.9831804037094116,0.34596502780914307,0.5284367203712463,0.16728836297988892,1.4816527366638184,0.2663338780403137,0.7281332612037659,0.765755832195282,0.922980785369873,0.8769962191581726,0.2787954807281494,0.8324607014656067,0.4355047941207886,0.6020190119743347,0.30624425411224365,1.7004804611206055,1.1464558839797974,0.6175253391265869,0.6529675126075745,0.31554025411605835,0.7518444061279297,0.28056618571281433,0.13482390344142914,0.5177696347236633,0.10942849516868591,0.1522793024778366,1.1851119995117188
0.22344008088111877,0.6583520770072937,0.49358850717544556,0.8620532155036926,1.2136162519454956,0.34859880805015564,0.9247007369995117,4.5606207847595215,0.4385295510292053,0.08658930659294128,0.8268231153488159,0.7689329385757446,1.1199815273284912,0.00039999998989515007,1.114856481552124,0.26675963401794434,0.11129513382911682,3.190819263458252,1.0084679126739502,1.4500751495361328,0.014914162456989288,0.7927533984184265,1.0603073835372925,0.7832610607147217,0.5679978728294373,0.9816742539405823,0.22104454040527344,0.7607913613319397,1.3832601308822632,0.22329017519950867,0.7294875979423523,0.4421738088130951,0.572265625,0.31535425782203674,1.4033375978469849,0.37511149048805237,1.0339781045913696,0.7841355800628662,0.572345495223999,0.626390278339386,0.20833154022693634,0.9499645233154297,0.49001947045326233,0.5744301080703735,0.7736069560050964,1.6697815656661987,1.0466598272323608,0.31809064745903015,0.437233567237854,0.4372212290763855,0.5711501240730286,0.10122641921043396,0.18416067957878113,0.2973201870918274,0.16895420849323273,0.08951792120933533,1.3099831342697144
0.25928255915641785,0.3583707809448242,0.26391658186912537,0.3064803183078766,1.6716941595077515,0.694460928440094,0.2860742509365082,4.544060230255127,0.06190289184451103,0.1509782075881958,0.328398734331131,1.480025291442871,0.9476763010025024,0.00039999998989515007,0.6296905875205994,0.48222994804382324,0.10278897732496262,3.0566999912261963,1.1429312229156494,1.2196552753448486,0.051207900047302246,1.2605068683624268,0.4146105647087097,0.5742409229278564,0.2736413776874542,0.6345326900482178,0.6241554021835327,0.994136393070221,1.777985692024231,0.45885226130485535,0.44344332814216614,0.4130610227584839,1.0064500570297241,0.2030647248029709,1.6369911432266235,0.21990373730659485,0.5610038638114929,0.7809130549430847,0.8519113063812256,0.7740103006362915,0.4073854386806488,0.574793815612793,0.666208028793335,0.36837151646614075,0.5540354251861572,1.7510814666748047,0.859343409538269,0.00853724218904972,0.26085421442985535,0.2570623457431793,0.6137054562568665,0.07964596152305603,0.9698453545570374,0.21705643832683563,0.06501511484384537,0.07533619552850723,1.2815762758255005
0.5309056043624878,0.45714253187179565,0.7088736295700073,0.635669469833374,0.921390175819397,0.0921730175614357,0.9266626834869385,4.570892810821533,0.18016722798347473,0.008605359122157097,0.5591669082641602,0.9249591827392578,0.7257282733917236,0.00039999998989515007,1.0295989513397217,0.37890708446502686,0.07229777425527573,3.2518951892852783,1.1941722631454468,1.6132924556732178,0.03159565478563309,0.6891707181930542,0.8808534145355225,0.6808883547782898,0.3286190330982208,1.1201817989349365,0.313068687915802,0.8122694492340088,1.4301038980484009,0.016417525708675385,0.9502673149108887,0.32205456495285034,0.5904597043991089,0.5230174660682678,1.4470241069793701,0.4533887207508087,0.9175779223442078,0.8599591851234436,0.613545835018158,0.7322449684143066,0.12607315182685852,0.8589310050010681,0.58594810962677,0.5031920671463013,0.5313692688941956,1.5104402303695679,1.161067247390747,0.6042477488517761,0.49764224886894226,0.3329611122608185,0.7237288951873779,0.38382723927497864,0.10606622695922852,0.5556455254554749,0.2055748552083969,0.13940754532814026,1.2552616596221924
0.40634268522262573,0.4100796580314636,0.994727373123169,0.49155622720718384,0.4319993853569031,0.40096262097358704,0.9747256636619568,4.3987040519714355,0.32998529076576233,0.36120837926864624,0.8787006735801697,0.4002039134502411,0.32928192615509033,0.00039999998989515007,1.3368598222732544,0.5667075514793396,0.0035369901452213526,2.8226003646850586,1.3035985231399536,1.7529739141464233,0.16172873973846436,0.11297470331192017,0.6042004227638245,0.63307124376297,0.21691900491714478,1.4205740690231323,0.03348497673869133,0.8445618152618408,1.4647505283355713,0.5714904069900513,0.6827253699302673,0.05709616094827652,0.3785020709037781,0.2726091146469116,1.547969102859497,1.0430107116699219,0.5977476835250854,1.0946667194366455,0.6793889999389648,0.4913165867328644,0.5824129581451416,0.7883907556533813,0.444281667470932,0.2882393002510071,0.11102356761693954,1.351658821105957,1.1499978303909302,1.109951138496399,1.032166600227356,0.1288870871067047,0.6176508069038391,1.0844475030899048,0.5352290272712708,0.923399806022644,0.010187428444623947,0.8678702116012573,0.7188525199890137
0.5058428049087524,0.5203381180763245,0.6756712198257446,0.6352714896202087,0.9707631468772888,0.015033163130283356,0.8482764959335327,4.595067024230957,0.22588475048542023,0.03793497756123543,0.6220198273658752,0.9078190922737122,0.6710585355758667,0.00039999998989515007,1.0529427528381348,0.47653859853744507,0.0592428483068943,3.204456329345703,1.171190619468689,1.6031233072280884,0.044759150594472885,0.6821944713592529,0.8364489078521729,0.6860973834991455,0.3290466368198395,1.0724128484725952,0.31830331683158875,0.8653409481048584,1.542080283164978,0.0646292045712471,0.8944724798202515,0.4224780201911926,0.6911414861679077,0.4713902771472931,1.4757200479507446,0.4254089295864105,0.8516969084739685,0.9338988661766052,0.689710795879364,0.6053429245948792,0.14930053055286407,0.870383083820343,0.6210480332374573,0.39422088861465454,0.5756336450576782,1.489771842956543,1.189019799232483,0.5303488373756409,0.5656700134277344,0.21343979239463806,0.6353141665458679,0.3827807903289795,0.1492125242948532,0.5420780777931213,0.17796605825424194,0.20760273933410645,1.2529942989349365
1.2045601606369019,0.3324035704135895,0.6104433536529541,0.6563898324966431,0.5420610904693604,0.05015909671783447,1.2409062385559082,4.435389518737793,0.29777026176452637,0.06835014373064041,0.007715764455497265,1.2250361442565918,0.232343390583992,0.00039999998989515007,0.4178471565246582,0.08204179257154465,0.2886509895324707,3.1834449768066406,1.4423805475234985,1.8370682001113892,0.5430388450622559,0.7533959150314331,0.5362197160720825,0.6315045356750488,0.2290228307247162,0.7541517615318298,0.6971021890640259,0.2118007242679596,1.1222034692764282,0.17114633321762085,1.1997708082199097,0.1087648794054985,0.13874632120132446,1.0130170583724976,1.4937447309494019,0.6583101749420166,1.1514954566955566,0.8210713267326355,0.3835175037384033,0.4425637423992157,0.11999627202749252,0.9827478528022766,0.7680364847183228,0.28438442945480347,0.9240007996559143,1.1643340587615967,1.579975962638855,0.34052231907844543,0.006432659458369017,0.38710877299308777,0.6062888503074646,0.6801024675369263,0.02426607348024845,0.6332000494003296,0.28817740082740784,0.1905161291360855,1.082511305809021
0.7353713512420654,0.419060617685318,0.8529548048973083,0.5805967450141907,0.7586293816566467,0.22543631494045258,0.9729309678077698,4.545895576477051,0.21150387823581696,0.1623375564813614,0.4308154582977295,0.902521550655365,0.512648344039917,0.00039999998989515007,0.9006736278533936,0.3743869364261627,0.25404593348503113,3.2046077251434326,1.2383792400360107,1.5321601629257202,0.09166455268859863,0.5124173760414124,0.6631510853767395,0.77107834815979,0.17896787822246552,0.9582064747810364,0.3716815710067749,0.6324160099029541,1.3553181886672974,0.04134427756071091,0.9721328020095825,0.17634129524230957,0.5872967839241028,0.7245209813117981,1.6566944122314453,0.436860054731369,0.9824305772781372,0.9057987332344055,0.6951344609260559,0.7641341090202332,0.21228669583797455,0.7907466888427734,0.5699558854103088,0.46727868914604187,0.5000095367431641,1.6799366474151611,1.2125229835510254,0.6762718558311462,0.5291717052459717,0.39352869987487793,0.8619385361671448,0.5871292948722839,0.20955826342105865,0.6421354413032532,0.18374842405319214,0.25185897946357727,1.0859969854354858
0.4125462770462036,0.8270739316940308,0.6551743149757385,1.067549705505371,1.1799848079681396,0.4484883248806,0.6672723293304443,4.467083930969238,0.33004412055015564,0.11232594400644302,0.6678056120872498,0.9190292358398438,1.2311373949050903,0.00039999998989515007,0.963563859462738,0.09646379947662354,0.27440139651298523,3.251713752746582,0.8414202332496643,1.3342983722686768,0.3359878659248352,0.9856258630752563,1.1856414079666138,0.9766623973846436,0.5628626942634583,0.871386706829071,0.22142760455608368,0.6115586757659912,1.204044222831726,0.3535672128200531,0.31846383213996887,0.5966882109642029,0.4495541453361511,0.6220624446868896,1.256040096282959,0.6268236637115479,1.145166277885437,0.8518527150154114,0.33362704515457153,0.36293962597846985,0.0672268271446228,0.7995226979255676,0.8340709805488586,0.5999345779418945,1.22419011592865,1.6680477857589722,1.0550063848495483,0.1394362449645996,0.10608517378568649,0.3511214554309845,0.3958737254142761,0.047697730362415314,0.02362166903913021,0.21178188920021057,0.10839664191007614,0.40438148379325867,1.3223674297332764
0.5411653518676758,0.44648098945617676,0.7148592472076416,0.6506343483924866,0.9667465686798096,0.03383895009756088,0.8121116757392883,4.606606483459473,0.19295993447303772,0.010356743820011616,0.5104398727416992,1.0275325775146484,0.7141106724739075,0.00039999998989515007,1.0365501642227173,0.3082297742366791,0.06100858747959137,3.3033010959625244,1.181260108947754,1.6089140176773071,0.032214488834142685,0.706709086894989,0.8473294377326965,0.6659809350967407,0.35457324981689453,1.1042368412017822,0.3672841489315033,0.761238157749176,1.4690479040145874,0.047278303653001785,0.8529496192932129,0.2940557897090912,0.6038874983787537,0.5690969824790955,1.4467074871063232,0.45358556509017944,0.9043603539466858,0.8436744213104248,0.5247721672058105,0.6855236291885376,0.08542326837778091,0.8036045432090759,0.6247943639755249,0.4821733832359314,0.6005541682243347,1.5082725286483765,1.1203384399414062,0.5749503374099731,0.4271596372127533,0.33155056834220886,0.7061792016029358,0.39709582924842834,0.14015509188175201,0.532137930393219,0.18594950437545776,0.07847291976213455,1.283504843711853
0.2213878184556961,0.6243500113487244,0.5443210601806641,0.8918807506561279,1.205514907836914,0.3583347201347351,0.8759279847145081,4.563921928405762,0.48742684721946716,0.015094676055014133,0.7587582468986511,0.749409556388855,1.0361433029174805,0.00039999998989515007,1.1431289911270142,0.3025844097137451,0.10469324886798859,3.2676098346710205,0.9816520810127258,1.4048681259155273,0.06894699484109879,0.7228123545646667,1.0101104974746704,0.7599843144416809,0.5830901861190796,0.9615153074264526,0.2211197465658188,0.7101761102676392,1.434588074684143,0.21987587213516235,0.7117053270339966,0.3865806758403778,0.6299585103988647,0.39389991760253906,1.4517751932144165,0.4199785888195038,1.0680370330810547,0.7858289480209351,0.5612905621528625,0.5905162692070007,0.21210457384586334,0.950154185295105,0.47565600275993347,0.523314893245697,0.731273889541626,1.677518367767334,1.0697180032730103,0.3515217900276184,0.44440537691116333,0.4476562440395355,0.6195220947265625,0.11726866662502289,0.1968400627374649,0.33390870690345764,0.17236603796482086,0.04671892523765564,1.2434566020965576
0.7170637845993042,0.35691148042678833,0.35843074321746826,0.6885826587677002,1.3750965595245361,0.49541547894477844,0.6032472848892212,4.5297956466674805,0.24750575423240662,0.3753255307674408,0.5285139083862305,1.4558002948760986,0.6116057634353638,0.00039999998989515007,1.166062593460083,0.14460121095180511,0.2999642789363861,2.907510757446289,1.2879525423049927,2.0162289142608643,0.3231430947780609,0.7080531120300293,0.4587806165218353,0.354069322347641,0.6069773435592651,1.285254955291748,0.7096033096313477,0.8824148178100586,1.6713813543319702,0.5403127670288086,1.1090776920318604,0.018091406673192978,0.5874856114387512,0.02638060599565506,1.3279346227645874,0.16235072910785675,0.6132519841194153,0.5130206346511841,0.2209101915359497,0.7087308168411255,0.0019616535864770412,0.8039236068725586,0.6288682222366333,0.24296687543392181,0.4662468135356903,0.9685199856758118,0.7099583148956299,0.529193639755249,0.3072451055049896,0.7190988659858704,0.5257135033607483,0.7594298720359802,0.12553857266902924,0.33940285444259644,0.22529760003089905,0.07829175144433975,1.618549108505249
0.40317025780677795,0.5558448433876038,0.7152624726295471,0.5343152284622192,0.9726306796073914,0.04885444417595863,0.8113147616386414,4.638228893280029,0.1925533413887024,0.0721438005566597,0.6867862343788147,0.9072580933570862,0.7376543283462524,0.00039999998989515007,0.9925960302352905,0.3570760190486908,0.015554363839328289,3.19145131111145,1.124758243560791,1.7343004941940308,0.07291936129331589,0.6857751607894897,0.9277671575546265,0.6831817626953125,0.5008596777915955,1.189653754234314,0.3544140160083771,0.754490315914154,1.4806071519851685,0.03606546297669411,0.8586534857749939,0.3420669436454773,0.5782621502876282,0.4397490620613098,1.490285038948059,0.49232104420661926,0.7719578146934509,0.8528375625610352,0.6126160025596619,0.6065021753311157,0.10174478590488434,0.8015193939208984,0.48779934644699097,0.5492939352989197,0.5124083757400513,1.5243550539016724,1.0631506443023682,0.7006337642669678,0.5709185004234314,0.3204413056373596,0.6238211393356323,0.41758885979652405,0.0742056742310524,0.5575016140937805,0.10382042825222015,0.15545973181724548,1.3165119886398315
0.5402832627296448,0.45991164445877075,0.6992688775062561,0.6541965007781982,0.9525812268257141,0.005788818467408419,0.8152942657470703,4.62595272064209,0.17456232011318207,0.020077060908079147,0.5160026550292969,1.0000677108764648,0.7055571675300598,0.00039999998989515007,1.0389695167541504,0.3495233356952667,0.05542245879769325,3.311882495880127,1.174328088760376,1.6141953468322754,0.03498844429850578,0.7141405344009399,0.8619066476821899,0.657845139503479,0.34083065390586853,1.0982317924499512,0.35968852043151855,0.7927331328392029,1.4827686548233032,0.01845708303153515,0.8624939322471619,0.34133943915367126,0.6114174127578735,0.550520122051239,1.4284217357635498,0.46031251549720764,0.8938955068588257,0.8611695766448975,0.5418241620063782,0.6600996851921082,0.07157701998949051,0.8163086771965027,0.6317417621612549,0.46454331278800964,0.6052947044372559,1.4766799211502075,1.143612027168274,0.5490193963050842,0.4370426833629608,0.28424355387687683,0.6741010546684265,0.3820455074310303,0.12070044130086899,0.5176261067390442,0.1907206028699875,0.09165061265230179,1.28036630153656
0.6333762407302856,0.2633965015411377,0.691875696182251,0.2846793532371521,1.509527564048767,0.7775355577468872,0.17273497581481934,4.537351608276367,0.014659034088253975,0.3116621971130371,0.32212284207344055,1.3341258764266968,0.6328162550926208,0.00039999998989515007,0.9224107265472412,0.7572875022888184,0.03306110203266144,3.0372025966644287,1.1418752670288086,1.3763117790222168,0.0198289155960083,1.0395478010177612,0.5201238989830017,0.4416731595993042,0.5639688968658447,0.977473258972168,0.6223670840263367,1.3521322011947632,1.939067006111145,0.31419265270233154,0.476986825466156,0.3571643531322479,0.9741214513778687,0.023724794387817383,1.757953405380249,0.14127711951732635,0.49017441272735596,0.8743834495544434,0.6199399828910828,0.8688631057739258,0.27000704407691956,0.3751981854438782,0.990421712398529,0.3495993912220001,0.07881984859704971,1.3915841579437256,0.7366384267807007,0.29600396752357483,0.3694232106208801,0.0007393514388240874,0.5945522785186768,0.2801336944103241,0.3165983259677887,0.3808096945285797,0.13503596186637878,0.44574642181396484,1.068681001663208
0.4763190746307373,0.30939728021621704,0.804639995098114,0.47780269384384155,0.999345064163208,0.2422119677066803,0.5338956117630005,4.621777534484863,0.18478022515773773,0.032308951020240784,0.4395316243171692,1.1412495374679565,0.5092531442642212,0.00039999998989515007,1.1051819324493408,0.36302095651626587,0.08307250589132309,3.3512136936187744,1.18193519115448,1.675941824913025,0.05411284789443016,0.6001715064048767,0.7269135117530823,0.464053213596344,0.43950268626213074,1.184025526046753,0.4868893027305603,0.7269566655158997,1.6849186420440674,0.27833595871925354,0.7164580821990967,0.1332409828901291,0.7046597003936768,0.5543823838233948,1.5470141172409058,0.5202519297599792,0.6889787316322327,0.8533655405044556,0.4172416627407074,0.6421495079994202,0.10281456261873245,0.6573017835617065,0.5268114805221558,0.41716501116752625,0.42171427607536316,1.4047274589538574,0.9999947547912598,0.7526580095291138,0.49430808424949646,0.2195904403924942,0.7267018556594849,0.5786734819412231,0.18233008682727814,0.6341506838798523,0.10632601380348206,0.20490315556526184,1.2376035451889038
0.07636627554893494,0.38991203904151917,0.3905026912689209,0.439212828874588,1.6865190267562866,0.1132625937461853,0.3437873423099518,4.500663757324219,0.377321720123291,0.20115423202514648,0.5483893752098083,1.0879850387573242,1.4293795824050903,0.00039999998989515007,0.908988356590271,0.5405402183532715,0.26754987239837646,3.065486431121826,0.97579026222229,0.83832186460495,0.27592986822128296,1.0797617435455322,0.6542990803718567,0.7812548875808716,0.46962466835975647,0.7241221070289612,0.2212166041135788,1.1808197498321533,1.5736117362976074,0.006264171097427607,0.16005726158618927,0.4087117910385132,0.9665820002555847,0.04307768493890762,1.5865676403045654,0.14176197350025177,0.7114022970199585,0.7162003517150879,0.8984960317611694,1.1009451150894165,0.5412886142730713,0.4720955491065979,0.5842244625091553,0.6901426315307617,0.36611208319664,2.1529037952423096,0.6163634061813354,0.09506004303693771,0.374068021774292,0.3920114040374756,0.7811949849128723,0.30466872453689575,0.8131428360939026,0.08653921633958817,0.06425086408853531,0.010656033642590046,1.0738633871078491
0.4247966706752777,0.3369578719139099,0.4617355763912201,0.33028754591941833,1.8547323942184448,0.9229527711868286,0.15318706631660461,4.493196964263916,0.266776978969574,0.0026928549632430077,0.3611387312412262,1.6735215187072754,0.734475314617157,0.00039999998989515007,0.9241201281547546,0.2817886471748352,0.16034585237503052,2.851346254348755,1.0953247547149658,1.5064926147460938,0.030299372971057892,0.9421361684799194,0.1968654990196228,0.4034467041492462,0.7292240858078003,0.961438775062561,0.7944392561912537,1.061875820159912,1.999295711517334,0.7146512269973755,0.37043657898902893,0.07835069298744202,1.0443190336227417,0.06679093837738037,1.7222830057144165,0.35858622193336487,0.27175796031951904,0.6217301487922668,0.5043820738792419,0.7502676844596863,0.24978938698768616,0.3512807786464691,0.7052010297775269,0.2718124985694885,0.23328812420368195,1.4166005849838257,0.379239559173584,0.3793564438819885,0.31493958830833435,0.44127094745635986,0.5744659304618835,0.4317784309387207,0.6927236318588257,0.25607210397720337,0.002330370945855975,0.20516285300254822,1.3506747484207153
0.2725979685783386,0.3167625665664673,0.9087775349617004,0.24203845858573914,0.8711644411087036,0.23774631321430206,0.4016243815422058,4.405435085296631,0.09848645329475403,0.028155522421002388,0.3960137963294983,1.0759360790252686,0.26244181394577026,0.00039999998989515007,0.925720751285553,0.2367122322320938,0.4086277186870575,3.4303088188171387,0.9017572402954102,1.9514631032943726,0.21034114062786102,0.5739269256591797,1.0235949754714966,0.24044661223888397,0.998234212398529,1.3777157068252563,0.7400546073913574,0.16424526274204254,1.6350376605987549,0.6767388582229614,0.8214887380599976,0.12846659123897552,0.558764636516571,0.6334081292152405,1.5856807231903076,0.870697557926178,0.49322080612182617,0.5830706357955933,0.14012417197227478,0.3624509871006012,0.25250962376594543,0.49533572793006897,0.0441618338227272,0.5916351079940796,0.15748851001262665,1.195085883140564,0.786585807800293,1.2395588159561157,0.4756309688091278,0.35954442620277405,0.6823316812515259,0.7043125033378601,0.038144275546073914,0.8022792339324951,0.017202667891979218,0.11596432328224182,1.3145228624343872
0.0825289636850357,0.20126833021640778,0.5081579089164734,0.5255815386772156,0.08370435237884521,0.1064603254199028,1.1012078523635864,4.364973068237305,0.57196444272995,0.08683886379003525,0.7871572375297546,0.3082737624645233,0.10576730221509933,0.00039999998989515007,1.4746850728988647,0.49293357133865356,0.03771486133337021,3.023599624633789,1.308668851852417,1.3877545595169067,0.4649578630924225,0.40253859758377075,0.24191032350063324,0.4888586401939392,0.48921632766723633,1.035555124282837,0.03082265518605709,0.5635719299316406,1.6365084648132324,0.5222797393798828,0.9096140265464783,0.24752788245677948,0.7618108987808228,0.767838716506958,1.1450856924057007,0.6456922888755798,0.6609768867492676,1.2132610082626343,0.9712168574333191,0.18630985915660858,0.5215930938720703,1.0070360898971558,0.03475255146622658,0.20098480582237244,0.6082353591918945,1.4412257671356201,1.5606369972229004,0.7528655529022217,1.3255555629730225,0.05306708812713623,0.7009060382843018,1.0458805561065674,0.2354506254196167,0.8632034063339233,0.1000373512506485,0.7864468097686768,0.8634451627731323
0.8189535140991211,0.2665289044380188,0.6006117463111877,0.4394618570804596,0.4698673486709595,0.03006027638912201,1.3591156005859375,4.556216239929199,0.3582943379878998,0.06591806560754776,0.4065625071525574,0.904259443283081,0.8590914011001587,0.00039999998989515007,0.8236830234527588,0.41224443912506104,0.20615966618061066,3.1290745735168457,1.4221469163894653,1.6791527271270752,0.24351350963115692,0.9475021958351135,1.0726455450057983,0.6466649174690247,0.14054454863071442,1.187397837638855,0.16841666400432587,1.1618504524230957,1.0021085739135742,0.13791075348854065,1.2635585069656372,0.5551389455795288,0.22781872749328613,0.3984828293323517,1.0229673385620117,0.4504009783267975,0.895023763179779,0.8100170493125916,0.6515248417854309,1.146895170211792,0.0483819805085659,0.8299219608306885,0.8475908041000366,0.7170751094818115,0.4358144700527191,1.2745128870010376,1.3093037605285645,0.4610528349876404,0.3095880448818207,0.15287011861801147,0.6648316383361816,0.22691699862480164,0.19579018652439117,0.4390106201171875,0.36838847398757935,0.049768172204494476,1.2678978443145752
0.15564073622226715,0.7040584087371826,0.4383351504802704,0.9114258885383606,1.5433835983276367,0.10967537760734558,0.5191482901573181,4.565186023712158,0.6991176009178162,0.2986745238304138,0.8533592820167542,1.0198431015014648,0.8337067365646362,0.00039999998989515007,1.1826387643814087,0.10367459058761597,0.19828763604164124,3.086686372756958,0.9079402685165405,1.7275934219360352,0.058200374245643616,0.5190987586975098,0.670676052570343,0.6081876158714294,0.928933322429657,1.0682380199432373,0.5096419453620911,0.4181175231933594,1.6601216793060303,0.23442727327346802,0.7128538489341736,0.0572601780295372,0.6738026738166809,0.27341029047966003,1.5874241590499878,0.10410171002149582,0.8267738223075867,0.6027479767799377,0.33980146050453186,0.298377126455307,0.1398380696773529,0.9290209412574768,0.21158020198345184,0.3286307156085968,0.7421653866767883,1.4626084566116333,0.7385631203651428,0.5519627332687378,0.49424049258232117,0.8252113461494446,0.5246947407722473,0.5197999477386475,0.3262972831726074,0.3660726845264435,0.03056655079126358,0.05667560175061226,1.4784833192825317
0.7124611139297485,0.5249189138412476,0.7247189283370972,0.7286065220832825,0.7501657605171204,0.02600698731839657,0.7804260849952698,4.581457614898682,0.14939647912979126,0.06427938491106033,0.34765076637268066,1.1419627666473389,0.8763680458068848,0.00039999998989515007,0.8217411637306213,0.21329578757286072,0.2271500676870346,3.3811984062194824,1.1447631120681763,1.5256246328353882,0.43062764406204224,1.027074933052063,1.0545463562011719,0.8031690716743469,0.07759296149015427,1.0175111293792725,0.2915622293949127,0.7839247584342957,1.1994783878326416,0.12543746829032898,0.6092764735221863,0.6183519959449768,0.38755789399147034,0.8052506446838379,1.1004571914672852,0.6940730214118958,0.9715085625648499,0.9322081804275513,0.3919481933116913,0.5476187467575073,0.172590970993042,0.711157500743866,0.9861389398574829,0.5429826974868774,1.0480138063430786,1.4207509756088257,1.2838644981384277,0.2921599745750427,0.09792923182249069,0.09182491898536682,0.4877568185329437,0.13388124108314514,0.05815104395151138,0.4141221344470978,0.18593654036521912,0.27429211139678955,1.3471643924713135
0.6388390064239502,0.7296688556671143,0.026316383853554726,1.2208664417266846,0.8786713480949402,0.3773440718650818,1.6184735298156738,4.319674015045166,0.4144914448261261,0.16829903423786163,0.6947976350784302,0.4793926477432251,0.8030235767364502,0.00039999998989515007,0.926716148853302,0.22264045476913452,0.21461792290210724,3.023878335952759,0.9859406352043152,1.408959150314331,0.08328834921121597,0.8287736177444458,1.0196421146392822,0.7871723771095276,0.15481506288051605,0.5599292516708374,0.2558659315109253,0.6342955231666565,1.0606048107147217,0.39570605754852295,1.6555027961730957,0.7642736434936523,0.5439865589141846,0.4717565178871155,1.0034112930297852,0.11379867792129517,1.4380754232406616,0.6691440343856812,0.7564472556114197,0.4619631767272949,0.07422294467687607,1.4761548042297363,0.475601464509964,0.21712177991867065,1.1041842699050903,1.238625168800354,1.5106104612350464,0.2123555839061737,0.32754671573638916,0.5424985289573669,0.4288029074668884,0.08223738521337509,0.29405078291893005,0.05249282717704773,0.5279255509376526,0.22143083810806274,1.4483038187026978
0.5178488492965698,0.440965473651886,0.6751390099525452,0.6389551758766174,0.8975427746772766,0.0019045609515160322,0.8527505993843079,4.6627726554870605,0.16299718618392944,0.0692448690533638,0.5178303718566895,0.9547532796859741,0.6734378933906555,0.00039999998989515007,1.0374634265899658,0.3978433310985565,0.05360760539770126,3.3553850650787354,1.1627562046051025,1.5954619646072388,0.006825692486017942,0.7149838209152222,0.901246964931488,0.6332829594612122,0.31724947690963745,1.0766490697860718,0.3375900685787201,0.7859295606613159,1.4702723026275635,0.008856989443302155,0.910480797290802,0.37513619661331177,0.6145376563072205,0.5675081014633179,1.3995519876480103,0.469162255525589,0.9009707570075989,0.8582112789154053,0.553967297077179,0.6523326635360718,0.06017345190048218,0.8347405791282654,0.6135189533233643,0.4592932164669037,0.5913091897964478,1.4478617906570435,1.184653878211975,0.5278252959251404,0.44082945585250854,0.23581798374652863,0.6661553978919983,0.33798748254776,0.1185852438211441,0.5120687484741211,0.20491108298301697,0.08948243409395218,1.2734932899475098
0.44320201873779297,0.17900493741035461,0.9334589242935181,0.39608514308929443,0.6475884318351746,0.00488054845482111,0.8737514615058899,4.491088390350342,0.13415493071079254,0.29904410243034363,0.27574145793914795,0.822066068649292,0.606522262096405,0.00039999998989515007,0.927270770072937,0.5526585578918457,0.058252714574337006,3.6492555141448975,1.0479183197021484,1.595098853111267,0.2167966365814209,0.8024142980575562,1.3518863916397095,0.31130367517471313,0.5367274284362793,1.1804041862487793,0.3812335729598999,0.6053041219711304,1.285865306854248,0.2966190278530121,1.0185933113098145,0.18912509083747864,0.4152681529521942,0.7723703384399414,1.3348033428192139,0.8716564774513245,0.9025800824165344,0.6986117959022522,0.24688097834587097,0.9046724438667297,0.1030350774526596,0.7145720720291138,0.37843024730682373,0.8371061086654663,0.1883705109357834,1.2381291389465332,1.1085565090179443,0.8570365309715271,0.27656856179237366,0.06507298350334167,0.8343881368637085,0.16552431881427765,0.01563236303627491,0.643443763256073,0.2728422284126282,0.018187377601861954,1.1428215503692627
0.4910280704498291,0.30215030908584595,0.6038181185722351,0.612621545791626,0.9146783947944641,0.19622905552387238,1.0416197776794434,4.65163516998291,0.13736918568611145,0.048711735755205154,0.4809447228908539,0.9415608644485474,0.9267948865890503,0.00039999998989515007,1.0499851703643799,0.3004610538482666,0.14453312754631042,3.286168336868286,1.290669322013855,1.486588478088379,0.01483218651264906,0.70604008436203,0.8080834746360779,0.673631489276886,0.20325447618961334,1.1238569021224976,0.189427450299263,0.9597066044807434,1.3126676082611084,0.0807521790266037,0.9678739309310913,0.24621711671352386,0.4932367205619812,0.37436532974243164,1.3617489337921143,0.328755646944046,0.9672946929931641,0.7255876064300537,0.6307541131973267,1.030000925064087,0.24775221943855286,0.8110665678977966,0.6334132552146912,0.6072022318840027,0.3932251036167145,1.604133129119873,1.09967839717865,0.5352727174758911,0.4019538462162018,0.4801579713821411,0.827865481376648,0.2916611135005951,0.0782792866230011,0.4444802701473236,0.2590544819831848,0.10856051743030548,1.178590178489685
0.36281856894493103,0.5258461833000183,0.6112436652183533,0.6361581683158875,1.0009682178497314,0.020751671865582466,0.8267136812210083,4.675716876983643,0.2160738706588745,0.03432586044073105,0.6342244744300842,0.8930670022964478,0.7980583906173706,0.00039999998989515007,1.0307040214538574,0.4266928434371948,0.03458872064948082,3.3205816745758057,1.0988346338272095,1.5666985511779785,0.06795511394739151,0.753466010093689,0.9550279378890991,0.6601213812828064,0.3863696753978729,1.061214566230774,0.2888268828392029,0.8118888735771179,1.489112138748169,0.021046893671154976,0.8590695858001709,0.4576354920864105,0.654499888420105,0.48218098282814026,1.4030356407165527,0.41369688510894775,0.8615199327468872,0.8557291626930237,0.6341037154197693,0.6106177568435669,0.08764040470123291,0.8626552820205688,0.5385921597480774,0.48177430033683777,0.6193822622299194,1.5106370449066162,1.1497472524642944,0.49285128712654114,0.49660104513168335,0.24227258563041687,0.6130183935165405,0.23357009887695312,0.17548872530460358,0.46907511353492737,0.1642691045999527,0.060420144349336624,1.3134207725524902
0.3496798276901245,0.3841060698032379,0.5546868443489075,0.5261356830596924,1.0424076318740845,0.017837371677160263,0.8309121131896973,4.675569534301758,0.08569435030221939,0.16913513839244843,0.551730751991272,1.1036041975021362,0.948116660118103,0.00039999998989515007,0.9785670042037964,0.18068745732307434,0.022201409563422203,3.269723653793335,1.21868097782135,1.6271971464157104,0.025296149775385857,0.8014066815376282,0.8347536325454712,0.6521339416503906,0.316083699464798,1.2348673343658447,0.293723464012146,0.8899733424186707,1.378954291343689,0.1894664764404297,0.9110949635505676,0.28493595123291016,0.5308811664581299,0.4186020791530609,1.3017271757125854,0.22427257895469666,0.7895513772964478,0.7026776671409607,0.5862636566162109,0.8886269927024841,0.09948638081550598,0.7663686275482178,0.5141518712043762,0.6204307675361633,0.48735761642456055,1.5490163564682007,0.9725570678710938,0.6221391558647156,0.42967650294303894,0.517357587814331,0.7487667798995972,0.29186776280403137,0.18989618122577667,0.4734223186969757,0.16804340481758118,0.015425197780132294,1.4220666885375977
1.174209713935852,0.3706997036933899,0.7686284780502319,0.7521275877952576,0.45527520775794983,0.014126411639153957,1.0475871562957764,4.479456901550293,0.36950767040252686,0.11198218166828156,0.13993553817272186,1.0560578107833862,0.7493937611579895,0.00039999998989515007,0.8039501309394836,0.35534238815307617,0.38262078166007996,3.298224449157715,1.252416968345642,1.526591181755066,0.7004700303077698,1.1040023565292358,1.1733214855194092,0.6770070791244507,0.06275161355733871,0.9176203012466431,0.3240291178226471,0.9634599089622498,1.0079636573791504,0.30149438977241516,0.8447795510292053,0.6744586825370789,0.19768847525119781,0.685273289680481,0.9734448790550232,0.8029902577400208,1.0836857557296753,0.8966241478919983,0.24518445134162903,0.7793813943862915,0.22798144817352295,0.6929225325584412,1.2982257604599,0.5729382038116455,0.9085383415222168,1.106929898262024,1.3974988460540771,0.11374955624341965,0.12671563029289246,0.13315708935260773,0.42726895213127136,0.14220140874385834,0.37189051508903503,0.28840646147727966,0.3821982443332672,0.2040214240550995,1.1674724817276
1.2625740766525269,0.26734644174575806,0.9171043038368225,0.5392374992370605,0.313931405544281,0.061146412044763565,1.1711479425430298,4.557951927185059,0.1630244106054306,0.3199383318424225,0.13646073639392853,0.876467764377594,0.20916235446929932,0.00039999998989515007,0.7856057286262512,0.615770697593689,0.43521034717559814,3.1909425258636475,1.4128267765045166,1.5609369277954102,0.3098851442337036,0.5998691916465759,0.6862123012542725,0.6478877663612366,0.19619965553283691,0.7897928357124329,0.3939395248889923,0.793703019618988,1.2229804992675781,0.3078779876232147,1.0675013065338135,0.3442980945110321,0.3916284441947937,0.7254535555839539,1.5105434656143188,0.7412275075912476,1.0179275274276733,1.0255086421966553,0.5911257266998291,0.7600786089897156,0.18429461121559143,0.7447625398635864,1.040702223777771,0.3322041630744934,0.502924382686615,1.2879923582077026,1.5150758028030396,0.41132673621177673,0.27837884426116943,0.07779952138662338,0.6668276190757751,0.635420560836792,0.156942680478096,0.5928549766540527,0.32695287466049194,0.3576785624027252,0.822920024394989
0.4857225716114044,0.5540756583213806,0.5256642699241638,0.6162763833999634,1.2514305114746094,0.28576552867889404,0.5221027731895447,4.666580677032471,0.2673482298851013,0.3233378231525421,0.6704892516136169,1.2745716571807861,0.6168621778488159,0.00039999998989515007,1.0460388660430908,0.05573967099189758,0.2607969343662262,3.064077615737915,1.129535436630249,1.9906432628631592,0.11392664164304733,0.6390166878700256,0.6398425102233887,0.5076462030410767,0.6701803207397461,1.2676259279251099,0.6245898604393005,0.6361643075942993,1.6248668432235718,0.46854251623153687,0.9251673817634583,0.12719374895095825,0.5677672028541565,0.31084078550338745,1.4368600845336914,0.09221120178699493,0.5821424722671509,0.6430122256278992,0.3277553617954254,0.4638230502605438,0.04230372607707977,0.7745529413223267,0.42489898204803467,0.3600830137729645,0.6004664897918701,1.195622205734253,0.7827584147453308,0.7017870545387268,0.44929763674736023,0.6102128624916077,0.5072164535522461,0.7065359950065613,0.16183920204639435,0.47709527611732483,0.06348010152578354,0.0244740042835474,1.6136417388916016
0.233530655503273,0.4811512231826782,0.5385231375694275,0.5514499545097351,1.0103733539581299,0.3156326115131378,0.23071151971817017,4.488393783569336,0.5455738306045532,0.8240734338760376,1.1018633842468262,0.8125419616699219,0.36027422547340393,0.00039999998989515007,1.639317274093628,0.1142437532544136,0.6753321886062622,2.873676061630249,1.0926642417907715,2.0370519161224365,0.09712809324264526,0.08570786565542221,0.47291243076324463,0.24979116022586823,0.6495611667633057,1.6756267547607422,0.21054790914058685,0.7270296216011047,2.0030789375305176,0.016954008489847183,0.3433910012245178,0.030873708426952362,0.5986467599868774,0.02419697679579258,1.2123595476150513,0.7289144396781921,0.12234898656606674,0.8888552784919739,0.2838132679462433,0.08602894097566605,0.320386677980423,0.7573941349983215,0.09643065929412842,0.02245248295366764,0.3937218487262726,0.9261729717254639,0.7529470920562744,1.0472091436386108,1.0500872135162354,0.20698001980781555,0.2463882714509964,1.1153929233551025,0.2939372956752777,0.7610412240028381,0.18243522942066193,0.5639040470123291,1.273364543914795
0.3952305316925049,0.20733636617660522,0.6426249742507935,0.28031525015830994,0.18344341218471527,0.048857130110263824,1.1924647092819214,4.612198829650879,0.4267245829105377,0.5864700078964233,0.6200664639472961,0.6638018488883972,0.560817301273346,0.00039999998989515007,1.0357483625411987,0.5754793882369995,0.07067952305078506,3.0522642135620117,1.543001651763916,1.866441011428833,0.23890820145606995,0.49375924468040466,0.8418931365013123,0.4791806936264038,0.3688225746154785,1.4727035760879517,0.10161750763654709,1.1690300703048706,1.27894926071167,0.49725431203842163,0.7691842913627625,0.47986143827438354,0.11055685579776764,0.26799190044403076,0.9516004920005798,1.1656596660614014,0.5138182044029236,1.1079065799713135,0.672052264213562,0.5966947674751282,0.460123747587204,0.8220500946044922,0.7418195605278015,0.3712722361087799,0.3373771905899048,1.0484251976013184,1.4894812107086182,0.7087880969047546,0.685020923614502,0.2258634716272354,0.39175283908843994,0.6140956878662109,0.6350341439247131,0.7817738652229309,0.115930937230587,0.4413602948188782,0.9238927364349365
0.7447352409362793,0.35821080207824707,0.856566309928894,0.4783270061016083,0.7770320773124695,0.0832328274846077,0.8178280591964722,4.698052406311035,0.08291491866111755,0.09532615542411804,0.33860620856285095,1.053537368774414,0.49347561597824097,0.00039999998989515007,0.8336718678474426,0.3531930446624756,0.24015149474143982,3.281078577041626,1.285243034362793,1.5719735622406006,0.029911719262599945,0.5764186382293701,0.5915970802307129,0.7001712322235107,0.14330275356769562,0.9492597579956055,0.43493375182151794,0.6246451735496521,1.4125187397003174,0.030302712693810463,0.7900459170341492,0.138189435005188,0.5340192914009094,0.6989723443984985,1.6909054517745972,0.5251220464706421,0.8696226477622986,0.9075036644935608,0.6052092909812927,0.721706211566925,0.2536340653896332,0.6662266850471497,0.6588228344917297,0.4577006995677948,0.5035423040390015,1.6411312818527222,1.1802237033843994,0.6470946073532104,0.4166185259819031,0.31413429975509644,0.7922295331954956,0.6235359311103821,0.17637325823307037,0.6389011740684509,0.11910402029752731,0.21218064427375793,1.0492342710494995
0.7260961532592773,0.3247258961200714,0.664861798286438,0.4688839912414551,1.3053667545318604,0.5490315556526184,0.10941265523433685,4.510945796966553,0.23078122735023499,0.27806776762008667,0.005505684297531843,1.5921392440795898,1.1576088666915894,0.00039999998989515007,0.6758556962013245,0.4893806576728821,0.41727215051651,3.228256940841675,1.0921406745910645,0.9862295985221863,0.4849039316177368,1.4676158428192139,0.7417197227478027,0.7703040838241577,0.11383047699928284,0.711129903793335,0.42807629704475403,1.290790319442749,1.4452762603759766,0.06419385969638824,0.002262937370687723,0.6814503073692322,0.7689110636711121,0.442502498626709,1.2617307901382446,0.2303813397884369,0.6970816850662231,0.8753882050514221,0.5025352239608765,0.9439229369163513,1.651549246162176e-05,0.2034430205821991,1.4110010862350464,0.5901893973350525,0.77724289894104,1.673306941986084,0.8433552384376526,0.1183248981833458,0.1821669191122055,0.09684953838586807,0.5221511125564575,0.26514387130737305,0.38218650221824646,0.07858392596244812,0.14738820493221283,0.2330249845981598,1.1551315784454346
0.3781440556049347,0.5457007884979248,0.4054783284664154,0.5881251096725464,1.0276941061019897,0.06988681107759476,0.8027175068855286,4.700417995452881,0.052982397377491,0.20028868317604065,0.5617373585700989,1.1931209564208984,0.6444194912910461,0.00039999998989515007,0.7876470685005188,0.15276072919368744,0.089072085916996,3.371617078781128,1.13798189163208,1.7536547183990479,0.11297217756509781,0.9062967896461487,0.8693049550056458,0.5737025141716003,0.34383997321128845,1.0163456201553345,0.5577424168586731,0.3846488893032074,1.4527537822723389,0.29349836707115173,0.9154639840126038,0.3129764199256897,0.5205437541007996,0.5618709921836853,1.4801101684570312,0.43173378705978394,0.7245845794677734,0.7325704097747803,0.5217803716659546,0.3222857713699341,0.004753496032208204,0.8381299376487732,0.3592188358306885,0.337099552154541,0.8335031867027283,1.371323823928833,1.1864941120147705,0.47987598180770874,0.31284046173095703,0.43602702021598816,0.49540022015571594,0.43881717324256897,0.22062715888023376,0.5786470174789429,0.06883400678634644,0.23021790385246277,1.5013456344604492
0.31090277433395386,0.16296204924583435,0.1014939397573471,0.38777977228164673,1.1758230924606323,0.6310330629348755,0.6528548002243042,4.495096683502197,0.278531551361084,0.5923338532447815,0.24689728021621704,1.120535969734192,0.6224796175956726,0.00039999998989515007,0.8756116032600403,0.6909787058830261,0.259406715631485,3.1357529163360596,1.1950726509094238,0.8209490776062012,0.3158394694328308,0.8859499096870422,0.22546476125717163,0.5691209435462952,0.2700400948524475,0.40006956458091736,0.3873775899410248,1.1365729570388794,1.7470812797546387,0.13198907673358917,0.8845362663269043,0.602311372756958,1.2551337480545044,0.40307244658470154,1.3577351570129395,0.5377324819564819,0.7368735671043396,0.852186381816864,1.218230962753296,0.9189651608467102,0.35769954323768616,0.7231369614601135,0.5409027934074402,0.11198250204324722,0.5412380695343018,1.8167556524276733,1.1854138374328613,0.16104581952095032,0.5481210947036743,0.08908812701702118,0.8146994709968567,0.09556345641613007,1.1907275915145874,0.15204553306102753,0.28401803970336914,0.20231369137763977,1.1515917778015137
0.0208735391497612,0.3085080087184906,0.7594080567359924,0.4759201407432556,0.5818327069282532,0.04046735540032387,0.7054954767227173,4.630216121673584,0.23646831512451172,0.43802571296691895,0.878559410572052,0.6145215034484863,0.612794041633606,0.00039999998989515007,1.5295066833496094,0.49508291482925415,0.23476426303386688,3.1894538402557373,1.2442501783370972,1.710514783859253,0.04122966155409813,0.19408798217773438,0.8769166469573975,0.43006983399391174,0.25561097264289856,1.5470634698867798,0.055589061230421066,1.0145812034606934,1.6495455503463745,0.4090142548084259,0.4168184697628021,0.2941243052482605,0.45146676898002625,0.21932698786258698,1.1527845859527588,1.0818006992340088,0.4666280448436737,1.028880000114441,0.4625578224658966,0.44680625200271606,0.3830825090408325,0.7084885239601135,0.46873053908348083,0.34368541836738586,0.3249393403530121,1.2373158931732178,1.1003639698028564,0.888788104057312,0.8611850142478943,0.11775032430887222,0.4643114507198334,0.706795871257782,0.46272599697113037,0.7319107055664062,0.005288578569889069,0.5222220420837402,1.0059244632720947
0.8533507585525513,0.1530241221189499,1.0312570333480835,0.5086900591850281,0.8109080791473389,0.6034980416297913,0.06573497503995895,4.2787861824035645,0.33837005496025085,0.07392916828393936,0.16516992449760437,1.6123343706130981,0.3314705193042755,0.00039999998989515007,0.7875885367393494,0.09252480417490005,0.2372581660747528,3.6236531734466553,0.9292933344841003,1.8062747716903687,0.42550894618034363,0.9687159061431885,1.0691242218017578,0.15077441930770874,0.6529797315597534,1.1913350820541382,0.8687800765037537,0.24766679108142853,1.3851462602615356,0.887827455997467,0.5324660539627075,0.010939705185592175,0.3207852840423584,1.123380422592163,1.0987294912338257,0.8639359474182129,0.6844265460968018,0.5832483172416687,0.48871323466300964,0.4527347981929779,0.6512003540992737,0.33975860476493835,0.7208856344223022,0.6149075031280518,0.7058025598526001,0.7573080658912659,0.7896208763122559,0.7921643853187561,0.26786938309669495,0.1038684993982315,0.5690237283706665,0.46753838658332825,0.043312132358551025,0.5757871866226196,0.1468217372894287,0.46758130192756653,1.4446396827697754
0.6593627333641052,0.4239101707935333,0.759281575679779,0.5776768922805786,0.829095721244812,0.1631513386964798,0.7400054335594177,4.691755771636963,0.043131135404109955,0.006469726096838713,0.42828279733657837,1.0575588941574097,0.4824313521385193,0.00039999998989515007,0.9909604787826538,0.3697144687175751,0.02728286013007164,3.3524608612060547,1.1990832090377808,1.7810746431350708,0.14635469019412994,0.6947910785675049,0.8403263688087463,0.5378573536872864,0.34129804372787476,1.1310811042785645,0.46641936898231506,0.7089499235153198,1.5502314567565918,0.08971217274665833,0.855166494846344,0.312688946723938,0.5535688996315002,0.5943797826766968,1.4286426305770874,0.6426762342453003,0.7967515587806702,0.8892983198165894,0.4172270894050598,0.49423712491989136,0.0016687341267243028,0.7737273573875427,0.6897479295730591,0.37924906611442566,0.5960651636123657,1.259809136390686,1.2001049518585205,0.6110238432884216,0.3831215500831604,0.14376962184906006,0.5596944689750671,0.5202694535255432,0.03580424189567566,0.5830525159835815,0.16010408103466034,0.12727011740207672,1.2554283142089844
0.43732744455337524,0.9496139883995056,0.4075263738632202,0.7119021415710449,1.0244187116622925,0.07224101573228836,0.8404674530029297,4.605053901672363,0.04579392820596695,0.18875889480113983,0.7571256756782532,0.9429845809936523,0.8099216818809509,0.00039999998989515007,0.5085856318473816,0.24810843169689178,0.038901470601558685,3.142124891281128,0.9613624811172485,1.7760016918182373,0.23811417818069458,1.0988988876342773,1.0488461256027222,0.8543448448181152,0.32380032539367676,0.7954482436180115,0.42251715064048767,0.43202871084213257,1.3159931898117065,0.010445205494761467,0.8166534304618835,0.8373392224311829,0.43896111845970154,0.6821948885917664,1.3071695566177368,0.47766339778900146,0.8350505232810974,0.9302142262458801,0.6250152587890625,0.07379582524299622,0.10509535670280457,1.0403627157211304,0.6229126453399658,0.3166840374469757,1.3045307397842407,1.2941538095474243,1.3696553707122803,0.16323737800121307,0.26359784603118896,0.12282099574804306,0.121671661734581,0.08069039136171341,0.18816523253917694,0.417974591255188,0.018098386004567146,0.39878785610198975,1.5912951231002808
1.2173844575881958,0.4105474054813385,0.7458477020263672,0.5826972723007202,0.7683979272842407,0.33077508211135864,0.6938149333000183,4.533414840698242,0.0912521705031395,0.2120201736688614,0.256888747215271,1.3248374462127686,0.20184244215488434,0.00039999998989515007,0.7754692435264587,0.12078404426574707,0.10049597173929214,2.9070959091186523,1.3435611724853516,2.209428071975708,0.3538846969604492,0.2735511362552643,0.12907899916172028,0.40915238857269287,0.29598188400268555,0.9988844990730286,0.9242674112319946,0.20660269260406494,1.5625264644622803,0.4831951856613159,1.1824994087219238,0.2151966691017151,0.3927518427371979,0.6547203660011292,1.7065924406051636,0.3009827733039856,0.6628586053848267,0.7438456416130066,0.21858546137809753,0.21540066599845886,0.03438153490424156,0.7881292700767517,0.5577744245529175,0.00845051184296608,0.5927319526672363,0.8993670344352722,1.0865044593811035,0.786548912525177,0.3643575608730316,0.5768535137176514,0.5169357657432556,1.3689757585525513,0.029531575739383698,0.7135909795761108,0.09831971675157547,0.2826993763446808,1.264264702796936
0.8426753282546997,0.6627656817436218,0.27789679169654846,0.9569429755210876,1.1131200790405273,0.08968282490968704,0.8913703560829163,4.398022651672363,0.08529543876647949,0.556771993637085,0.36824026703834534,1.5041083097457886,0.881281852722168,0.00039999998989515007,0.5681388974189758,0.5755401253700256,0.027000820264220238,3.0736806392669678,1.1048204898834229,1.9107028245925903,0.691366970539093,1.1148544549942017,0.7922353744506836,0.7495740652084351,0.3575077950954437,1.027849793434143,0.6641086935997009,0.25096508860588074,0.9876164793968201,0.40928152203559875,1.0822834968566895,0.23217524588108063,0.12413173168897629,0.6331311464309692,1.0979045629501343,0.11264297366142273,0.9737718105316162,0.4302251935005188,0.1259024292230606,0.3479519188404083,0.37680530548095703,0.8908873200416565,0.6741839647293091,0.4020766615867615,1.2402616739273071,1.091015338897705,1.0074487924575806,0.2873145341873169,0.1931411474943161,1.0073082447052002,0.37628787755966187,0.4334166347980499,0.00867421180009842,0.32608887553215027,0.18254350125789642,0.7023947238922119,1.795702338218689
0.321249783039093,0.7069875597953796,0.501735508441925,0.835968017578125,1.616654634475708,0.04119718819856644,0.09563080221414566,4.376392364501953,0.31353873014450073,0.3492162227630615,0.4224889874458313,1.1027331352233887,1.4887326955795288,0.00039999998989515007,0.8047040104866028,0.6055787205696106,0.6010145545005798,3.042050838470459,0.7391210198402405,0.5805031061172485,0.33376649022102356,1.371473789215088,0.8711497187614441,1.0116022825241089,0.4151720702648163,0.3343062698841095,0.19949288666248322,1.1534075736999512,1.4469223022460938,0.5069147348403931,0.3827054798603058,0.8917543888092041,0.8966212868690491,0.24458959698677063,1.4039779901504517,0.23933814465999603,0.9053419828414917,0.9352149367332458,0.6593427062034607,0.5910141468048096,0.2478499561548233,0.3726140260696411,1.274847388267517,0.5157120227813721,1.0712268352508545,1.9949193000793457,0.816582977771759,0.5084443092346191,0.0790911316871643,0.09058253467082977,0.3119240403175354,0.5953117609024048,0.5068662762641907,0.17974120378494263,0.058369848877191544,0.28604432940483093,0.9539241194725037
0.5108515620231628,0.2851875126361847,0.635919988155365,0.5686874389648438,0.8732898235321045,0.20108918845653534,1.0434293746948242,4.677215099334717,0.15674327313899994,0.016539983451366425,0.5047873854637146,0.9401381611824036,0.8950678706169128,0.00039999998989515007,1.0589431524276733,0.24752770364284515,0.13856032490730286,3.2767982482910156,1.283305287361145,1.532518982887268,0.00017210574878845364,0.6773892641067505,0.8476080894470215,0.6419466137886047,0.2488478124141693,1.1225095987319946,0.2577270269393921,0.8813830018043518,1.2930184602737427,0.01459705550223589,0.9795953035354614,0.201217919588089,0.4573780298233032,0.39521023631095886,1.390302300453186,0.3278123140335083,0.9434618353843689,0.7030441164970398,0.5580141544342041,1.06192946434021,0.23231428861618042,0.772631049156189,0.5575539469718933,0.6629617810249329,0.396975576877594,1.607486367225647,1.0516332387924194,0.5813484191894531,0.4016890227794647,0.4785306751728058,0.8392501473426819,0.365967333316803,0.09960057586431503,0.43785423040390015,0.24243459105491638,0.08263605833053589,1.2179710865020752
0.5029333233833313,0.7650940418243408,0.20609235763549805,0.8087185621261597,0.7315748333930969,0.05479852482676506,1.0593081712722778,4.439268589019775,0.10631776601076126,0.11223359405994415,0.4821355640888214,1.0367259979248047,0.656491219997406,0.00039999998989515007,0.4435219466686249,0.020956948399543762,0.10681291669607162,3.2255523204803467,1.0060714483261108,1.6043686866760254,0.23836788535118103,1.0727301836013794,0.9256148338317871,0.8340010046958923,0.14858178794384003,0.6532819867134094,0.4549461305141449,0.23182633519172668,1.0934522151947021,0.11116702854633331,1.094810128211975,0.8119775652885437,0.44267338514328003,1.1111897230148315,0.9433081150054932,0.24823716282844543,1.0554594993591309,0.8899198174476624,0.6499762535095215,0.006512507330626249,0.29944634437561035,1.1491951942443848,0.46397653222084045,0.24871230125427246,1.577511191368103,1.3273507356643677,1.5848292112350464,0.013464424759149551,0.2090841680765152,0.3017706274986267,0.3116369843482971,0.0067581962794065475,0.5000435709953308,0.373110294342041,0.17898079752922058,0.6164558529853821,1.6910268068313599
0.7894731163978577,0.6256839632987976,0.31113365292549133,0.8783558011054993,0.9613625407218933,0.2562747001647949,1.4253723621368408,4.520988941192627,0.0012317693326622248,0.21737930178642273,0.530288577079773,0.9009682536125183,0.7895019054412842,0.00039999998989515007,0.6360688209533691,0.018104124814271927,0.055599577724933624,3.072578191757202,1.1955772638320923,1.8873080015182495,0.2558872103691101,0.9314926862716675,0.9152630567550659,0.6972173452377319,0.31611478328704834,0.9152136445045471,0.45076486468315125,0.5174649953842163,1.0486009120941162,0.06519681960344315,1.5541625022888184,0.35017767548561096,0.2276894450187683,0.45102962851524353,1.30093252658844,0.15828156471252441,1.1869558095932007,0.5704389810562134,0.523404061794281,0.5847004055976868,0.005936911795288324,1.2485558986663818,0.5538463592529297,0.4529258906841278,0.7893606424331665,1.1523199081420898,1.3175729513168335,0.29087939858436584,0.15251870453357697,0.7755217552185059,0.5077901482582092,0.2596786916255951,0.019314568489789963,0.35937705636024475,0.34784913063049316,0.2564462125301361,1.4705482721328735
0.6465938687324524,0.412466436624527,0.4412882626056671,0.6991013288497925,0.6315487623214722,0.3045766353607178,0.9925703406333923,4.558177947998047,0.15377283096313477,0.3048234283924103,0.3808014988899231,0.9176663756370544,0.22809846699237823,0.00039999998989515007,0.9719598889350891,0.42189866304397583,0.0032438121270388365,3.3883731365203857,1.145259976387024,1.5593153238296509,0.05867038294672966,0.646565318107605,0.7493622303009033,0.5228263139724731,0.049510128796100616,0.8191478252410889,0.4716796278953552,0.6075471043586731,1.5318843126296997,0.10037141293287277,1.3023009300231934,0.5801219940185547,0.8021835684776306,0.89841628074646,1.1587817668914795,0.22731421887874603,0.9560193419456482,0.9365538358688354,0.6905758380889893,0.3523363471031189,0.1737997829914093,1.0464226007461548,0.47428977489471436,0.09690146148204803,0.9017420411109924,1.2069973945617676,1.5135959386825562,0.30420610308647156,0.5212426781654358,0.06420095264911652,0.593083381652832,0.3569064438343048,0.4303971827030182,0.5028830170631409,0.3275119364261627,0.05691496655344963,1.4195066690444946
0.6377688050270081,0.42877453565597534,0.7124230861663818,0.54921555519104,0.8440499901771545,0.1025874987244606,0.8249546885490417,4.71239709854126,0.009190816432237625,0.011779481545090675,0.4127563238143921,1.0412518978118896,0.5970099568367004,0.00039999998989515007,0.914064347743988,0.3914555311203003,0.04452871158719063,3.3370325565338135,1.2179681062698364,1.7198529243469238,0.14738209545612335,0.7730245590209961,0.8480462431907654,0.601353108882904,0.28692299127578735,1.0727839469909668,0.4241085946559906,0.7557966113090515,1.4930384159088135,0.02940930612385273,0.8636319637298584,0.36310580372810364,0.5426376461982727,0.557178258895874,1.4316961765289307,0.6020961999893188,0.8400775194168091,0.8740876317024231,0.5205744504928589,0.5770178437232971,0.06216205656528473,0.7818653583526611,0.7207484245300293,0.44048309326171875,0.5884152054786682,1.3784459829330444,1.2314938306808472,0.541603684425354,0.36036065220832825,0.1754126250743866,0.5842945575714111,0.40172314643859863,0.010840008035302162,0.5340046286582947,0.17269757390022278,0.09711847454309464,1.2271332740783691
0.7855010032653809,0.28675156831741333,0.12334825098514557,0.666935920715332,1.2434828281402588,0.5911638736724854,0.16059653460979462,4.228542327880859,0.8743696808815002,0.225443497300148,0.9011927843093872,0.353666216135025,0.7306702136993408,0.00039999998989515007,1.6931939125061035,1.1474430561065674,0.04538622125983238,2.919776678085327,0.8271141648292542,0.3956828713417053,0.4321458637714386,0.3768904507160187,0.3570249080657959,0.3458145558834076,0.09469401836395264,0.4577997922897339,0.2070929855108261,1.3705236911773682,2.2479991912841797,0.8875570297241211,0.3203102946281433,0.9288870692253113,1.4705743789672852,0.14830118417739868,0.9633106589317322,0.3038041591644287,0.4031750559806824,1.2322735786437988,1.1110221147537231,0.013231233693659306,0.8682026863098145,0.7629380822181702,0.3957917094230652,0.40406903624534607,0.7176374197006226,1.5780023336410522,1.1590362787246704,0.4929586946964264,1.02351713180542,0.727330207824707,0.15534165501594543,0.2652585506439209,0.7608026266098022,0.038727134466171265,0.03997260704636574,0.5972446203231812,0.6308911442756653
0.8669849634170532,0.47601741552352905,0.6025719046592712,0.5998582243919373,0.7100747227668762,0.46013814210891724,0.5980594158172607,4.398589611053467,0.411332905292511,0.23158080875873566,0.3081090450286865,1.1374670267105103,0.4125095009803772,0.00039999998989515007,0.8292838931083679,0.08170320838689804,0.10064876824617386,3.0455803871154785,1.1023703813552856,1.8088834285736084,0.15299145877361298,0.12432500720024109,0.06035584583878517,0.48143619298934937,0.10482562333345413,0.7276136875152588,0.8648651838302612,0.03931136056780815,1.7309191226959229,0.5182729959487915,1.265694260597229,0.06056055799126625,0.8974191546440125,1.0849733352661133,1.6020257472991943,0.01617867685854435,0.7109550833702087,0.8952805995941162,0.6007104516029358,0.05009515583515167,0.14519447088241577,0.9107620716094971,0.17925113439559937,0.23947641253471375,0.8624733686447144,1.1487761735916138,1.2625467777252197,0.6811977624893188,0.7031627893447876,0.4170701801776886,0.6301872134208679,1.1295605897903442,0.6661422848701477,0.7371819019317627,0.11167025566101074,0.30965089797973633,1.3766875267028809
0.5946593880653381,0.4045845568180084,0.5492721199989319,0.33370286226272583,0.43580198287963867,0.08952800929546356,1.3590748310089111,4.6735920906066895,0.26404207944869995,0.07345502823591232,0.47836703062057495,0.7775163054466248,0.8047173023223877,0.00039999998989515007,0.7878382205963135,0.3214275538921356,0.07702161371707916,3.1634743213653564,1.3179640769958496,1.898187279701233,0.26368987560272217,0.826298177242279,1.1048333644866943,0.7277341485023499,0.08701677620410919,1.1848371028900146,0.2862631380558014,0.9262534379959106,1.1470787525177002,0.24601446092128754,1.1212284564971924,0.5405605435371399,0.20979031920433044,0.3344667851924896,1.1030147075653076,0.6512008905410767,0.8847067952156067,0.8104245662689209,0.6363661289215088,0.836122989654541,0.00132936576846987,0.8077779412269592,0.6351326107978821,0.7837744355201721,0.4443832039833069,1.4737906455993652,1.3069207668304443,0.5443437099456787,0.4350936710834503,0.12872985005378723,0.5561963319778442,0.26200762391090393,0.22747299075126648,0.3567074239253998,0.26102906465530396,0.10700292885303497,1.215412974357605
0.5329355597496033,0.22917456924915314,0.49345290660858154,0.19795863330364227,1.36214017868042,0.3618772029876709,0.6765029430389404,4.681037902832031,0.07491092383861542,0.2513905465602875,0.49564439058303833,1.15359365940094,1.0594618320465088,0.00039999998989515007,0.8910718560218811,0.6381603479385376,0.2005622684955597,2.9185965061187744,1.2756143808364868,1.3414853811264038,0.08530473709106445,1.040503978729248,0.7076663374900818,0.5151540040969849,0.45927539467811584,0.9050793051719666,0.4489354193210602,1.369238018989563,1.5104464292526245,0.20550906658172607,0.7997319102287292,0.3077540099620819,0.7337163686752319,0.2350480556488037,1.6591684818267822,0.20819737017154694,0.5458124876022339,0.6194491386413574,0.7697650194168091,1.4231033325195312,0.45667189359664917,0.4621833264827728,0.7453576922416687,0.7346250414848328,0.05232735723257065,1.6482415199279785,0.6325729489326477,0.3092826306819916,0.3400672674179077,0.2546629011631012,0.7402563095092773,0.13944096863269806,0.4259915351867676,0.15736094117164612,0.2165958285331726,0.27999967336654663,1.1346231698989868
0.31855472922325134,0.5045899748802185,0.509443998336792,0.5959397554397583,0.8711568117141724,0.06558400392532349,1.0085946321487427,4.7028889656066895,0.07795463502407074,0.020182380452752113,0.6189697980880737,0.8294392228126526,0.8201119899749756,0.00039999998989515007,0.9124341011047363,0.44604480266571045,0.06343237310647964,3.3374853134155273,1.1674048900604248,1.550925850868225,0.04064718633890152,0.8179425597190857,0.9721325039863586,0.6767774820327759,0.17553043365478516,0.9970824122428894,0.23353302478790283,0.7798198461532593,1.3976435661315918,0.10927217453718185,0.9094591736793518,0.5329751968383789,0.5585673451423645,0.5293369889259338,1.3278734683990479,0.49318885803222656,0.90233314037323,0.890790581703186,0.7187113165855408,0.5832840800285339,0.17426583170890808,0.9433243274688721,0.5148597359657288,0.4753032922744751,0.7007449269294739,1.5250837802886963,1.321753978729248,0.3947941064834595,0.47734445333480835,0.18960072100162506,0.5802376866340637,0.15064464509487152,0.1781318485736847,0.480090856552124,0.17503850162029266,0.013446339406073093,1.2819938659667969
0.7424005270004272,0.3071833550930023,0.5987029671669006,0.7138668894767761,0.8532493710517883,0.11746986955404282,1.1253387928009033,4.62808895111084,0.061461422592401505,0.05396784469485283,0.3979487717151642,0.9851059913635254,0.7916554808616638,0.00039999998989515007,1.0374925136566162,0.24532492458820343,0.08743502199649811,3.269615411758423,1.3101235628128052,1.6455349922180176,0.18032047152519226,0.7400729656219482,0.8300153017044067,0.6139389276504517,0.21802808344364166,1.1452192068099976,0.2861451506614685,0.9467688202857971,1.2835031747817993,0.048994388431310654,1.1704026460647583,0.2555711567401886,0.4263201951980591,0.3889400362968445,1.2842960357666016,0.33227667212486267,1.030203104019165,0.69010990858078,0.49759018421173096,0.9588119983673096,0.09548793733119965,0.8907709121704102,0.759345531463623,0.5214563608169556,0.4417300820350647,1.329932689666748,1.1613036394119263,0.5009564161300659,0.28738829493522644,0.49423107504844666,0.7436550259590149,0.37086865305900574,0.08685384690761566,0.43392425775527954,0.3459669053554535,0.08985087275505066,1.244676113128662
0.5058655738830566,0.4327874779701233,0.7185057401657104,0.5705006718635559,0.936991810798645,0.08882973343133926,0.7260698676109314,4.7083024978637695,0.114967480301857,0.020214423537254333,0.5023514032363892,1.032383680343628,0.6823347210884094,0.00039999998989515007,1.0196682214736938,0.37192273139953613,0.00972104724496603,3.362948417663574,1.1565674543380737,1.6516759395599365,0.02227938361465931,0.7299515604972839,0.8863076567649841,0.5934833288192749,0.3749591112136841,1.1328665018081665,0.37768906354904175,0.7958994507789612,1.5199525356292725,0.09211818128824234,0.8222413659095764,0.33972904086112976,0.6023790836334229,0.5364192128181458,1.4192087650299072,0.4872584640979767,0.7982721924781799,0.8423912525177002,0.504485547542572,0.6381354331970215,0.040768902748823166,0.7513707280158997,0.6212409138679504,0.4842785894870758,0.5499545931816101,1.4172275066375732,1.0987844467163086,0.6035817861557007,0.4223877191543579,0.22382532060146332,0.6380252838134766,0.38723909854888916,0.08420439064502716,0.5343388319015503,0.15517090260982513,0.0891108438372612,1.2960460186004639
0.33684858679771423,0.0610506646335125,0.9456473588943481,0.34059664607048035,0.7743532061576843,0.15937231481075287,0.5750583410263062,4.514217376708984,0.016822729259729385,0.32937145233154297,0.1695934236049652,1.0172538757324219,0.5164111256599426,0.00039999998989515007,0.9943366646766663,0.41767409443855286,0.13432668149471283,3.7442355155944824,1.0238900184631348,1.5225119590759277,0.26272228360176086,0.7052556872367859,1.1423386335372925,0.20723047852516174,0.5856318473815918,1.1444425582885742,0.5163773894309998,0.4499393701553345,1.4766162633895874,0.5273467302322388,0.7917442917823792,0.012041427195072174,0.5359439253807068,0.8694743514060974,1.425826072692871,0.8099687099456787,0.8077341318130493,0.6530483961105347,0.12151920050382614,0.8586326837539673,0.07684368640184402,0.5704842805862427,0.26265227794647217,0.7702538371086121,0.20526933670043945,1.3199580907821655,0.9648256301879883,0.917084276676178,0.25954148173332214,0.1172066181898117,0.9151888489723206,0.28896963596343994,0.1990877389907837,0.6643540859222412,0.18994984030723572,0.054861389100551605,1.1493721008300781
0.44696420431137085,0.36028340458869934,0.6407305598258972,0.5352098345756531,0.8927246332168579,0.22521862387657166,1.0159088373184204,4.698843002319336,0.07631302624940872,0.08446046710014343,0.512450098991394,0.9661900401115417,1.0261898040771484,0.00039999998989515007,0.9759551286697388,0.2604530155658722,0.13837359845638275,3.242487668991089,1.2673972845077515,1.5315299034118652,0.015272947959601879,0.7334895730018616,0.8603671193122864,0.7453488111495972,0.21164387464523315,1.1895041465759277,0.15833695232868195,0.9187840223312378,1.206544041633606,0.017579512670636177,0.9760323762893677,0.29387417435646057,0.39781421422958374,0.39254438877105713,1.3210335969924927,0.29737770557403564,0.8734269142150879,0.6931278109550476,0.6327653527259827,1.0622230768203735,0.1786046326160431,0.7941311597824097,0.5648642182350159,0.7385289072990417,0.4186370372772217,1.6031537055969238,0.998179018497467,0.652526319026947,0.41181108355522156,0.5307003259658813,0.792576789855957,0.2922341823577881,0.040856827050447464,0.466767281293869,0.19833554327487946,0.08107737451791763,1.2824528217315674
0.6588291525840759,0.4503503739833832,0.42379340529441833,0.6359689235687256,0.6049890518188477,0.26479947566986084,1.0829288959503174,4.590442657470703,0.07618800550699234,0.24162040650844574,0.4233560562133789,0.8986181020736694,0.2388308048248291,0.00039999998989515007,0.8573839664459229,0.4278614819049835,0.030764449387788773,3.3201944828033447,1.1850515604019165,1.6219491958618164,0.0267446581274271,0.6861949563026428,0.7521644830703735,0.5564361214637756,0.10639044642448425,0.7841114401817322,0.46421948075294495,0.574981153011322,1.4753570556640625,0.06924646347761154,1.3175705671310425,0.6039395928382874,0.7239902019500732,0.8622635006904602,1.2115931510925293,0.27034685015678406,0.9392107725143433,0.9654536843299866,0.7498989105224609,0.32089483737945557,0.08796104043722153,1.078909993171692,0.47742775082588196,0.11495276540517807,0.922593355178833,1.2224690914154053,1.5764082670211792,0.289402037858963,0.5254608392715454,0.055680178105831146,0.5437893271446228,0.35923895239830017,0.41099199652671814,0.530813992023468,0.29618266224861145,0.04590427502989769,1.3966976404190063
0.7218565940856934,0.40531378984451294,0.7835105657577515,0.5320649147033691,1.0175378322601318,0.22989530861377716,0.7040477991104126,4.670815467834473,0.04544580727815628,0.06782552599906921,0.4870867431163788,1.0399595499038696,0.5063183307647705,0.00039999998989515007,1.0102508068084717,0.4621054232120514,0.05723061040043831,3.2358126640319824,1.175462245941162,1.7572096586227417,0.08386483788490295,0.740688145160675,0.8235560059547424,0.5064624547958374,0.5239779353141785,1.1881194114685059,0.4926171898841858,0.9310327768325806,1.6229091882705688,0.13514503836631775,0.9292232990264893,0.2942092716693878,0.5846905708312988,0.32371145486831665,1.5625903606414795,0.5039315819740295,0.7621311545372009,0.842279314994812,0.44569531083106995,0.6459322571754456,0.057688649743795395,0.719784677028656,0.7634158730506897,0.4125981330871582,0.33005422353744507,1.1978158950805664,1.0422006845474243,0.6133148670196533,0.42031848430633545,0.19428440928459167,0.5771053433418274,0.5294668078422546,0.11070068925619125,0.5760230422019958,0.19739991426467896,0.3027636408805847,1.2162723541259766
0.6782082915306091,0.5800389051437378,0.4323351979255676,0.71406489610672,0.6792056560516357,0.13073517382144928,1.1917682886123657,4.535242557525635,0.16790948808193207,0.2904391884803772,0.5536091923713684,0.7311856746673584,0.31709587574005127,0.00039999998989515007,0.8666420578956604,0.5328706502914429,0.0390741229057312,3.2001638412475586,1.1105209589004517,1.6237294673919678,0.1316174566745758,0.6774453520774841,0.8408172726631165,0.649544894695282,0.05343104153871536,0.8093395829200745,0.38327524065971375,0.6734156012535095,1.4146466255187988,0.034085653722286224,1.492723822593689,0.6723159551620483,0.7527828216552734,0.7304638028144836,1.258780837059021,0.14733897149562836,0.9899283051490784,0.9279174208641052,0.8669424057006836,0.36756420135498047,0.11177283525466919,1.1746468544006348,0.4737568497657776,0.15402089059352875,0.8000007271766663,1.2109240293502808,1.5266190767288208,0.3236272633075714,0.6000398993492126,0.1532922238111496,0.536699116230011,0.29100465774536133,0.32857486605644226,0.5035544037818909,0.33887001872062683,0.14312821626663208,1.4015753269195557
0.7234589457511902,0.6171842217445374,0.8028399348258972,0.7197335362434387,0.8213363885879517,0.11685746163129807,0.7254448533058167,4.627079963684082,0.06924867630004883,0.0596558041870594,0.4389549195766449,1.1072802543640137,0.9232980012893677,0.00039999998989515007,0.8210703730583191,0.2266085147857666,0.24631664156913757,3.2972469329833984,1.1024330854415894,1.5289534330368042,0.3795502483844757,0.9764258861541748,1.038432002067566,0.890209436416626,0.20398204028606415,1.0370240211486816,0.27332812547683716,0.8111304044723511,1.2051646709442139,0.17078763246536255,0.563679039478302,0.6003541350364685,0.3999074697494507,0.7297845482826233,1.2210311889648438,0.6386580467224121,0.9325826168060303,0.9322718977928162,0.44853490591049194,0.5636385679244995,0.14463460445404053,0.6614663600921631,0.9932795166969299,0.5943968892097473,0.9779301285743713,1.507205843925476,1.1806963682174683,0.37900978326797485,0.1568966805934906,0.16037650406360626,0.491677463054657,0.1896916925907135,0.09453564137220383,0.42382827401161194,0.14015315473079681,0.1926017552614212,1.328956961631775
1.0440844297409058,0.3036476969718933,0.7768493294715881,0.7047799229621887,0.5777937173843384,0.029834318906068802,1.1728650331497192,4.521692752838135,0.18367420136928558,0.199548602104187,0.23058275878429413,0.8715630769729614,0.6200804114341736,0.00039999998989515007,0.9434137344360352,0.5863248705863953,0.2198675572872162,3.2994561195373535,1.2933977842330933,1.5908962488174438,0.32901138067245483,0.8612918853759766,1.033731460571289,0.5932867527008057,0.09851860255002975,1.0401657819747925,0.2625375986099243,1.0671428442001343,1.2106268405914307,0.25303488969802856,1.1637732982635498,0.48413607478141785,0.39081448316574097,0.5022503733634949,1.222460150718689,0.6492599844932556,1.077038288116455,0.8451683521270752,0.46047118306159973,0.9044806957244873,0.03568900749087334,0.8474384546279907,1.0736221075057983,0.4985586702823639,0.43231818079948425,1.1172057390213013,1.3696725368499756,0.376961350440979,0.16661128401756287,0.048760488629341125,0.6243945360183716,0.26233530044555664,0.3270685076713562,0.44508886337280273,0.42786291241645813,0.1555182784795761,1.0586050748825073
0.5209761261940002,0.302213579416275,0.6413295865058899,0.5458281636238098,0.8838615417480469,0.13535140454769135,0.9967955350875854,4.696055889129639,0.11750983446836472,0.0366959385573864,0.5293154716491699,0.9781723022460938,0.9234430193901062,0.00039999998989515007,1.0597453117370605,0.2539469003677368,0.11048214882612228,3.270075559616089,1.2824305295944214,1.5790396928787231,0.05043109133839607,0.7242052555084229,0.9044052362442017,0.6165326237678528,0.2875986695289612,1.148942470550537,0.2771971523761749,0.9124316573143005,1.310407042503357,0.012582747265696526,0.9430093765258789,0.23673124611377716,0.44677478075027466,0.3584520220756531,1.3667713403701782,0.34292104840278625,0.8913244605064392,0.7059919834136963,0.5070638060569763,1.0492771863937378,0.1843423992395401,0.7323465943336487,0.5977517366409302,0.6821652054786682,0.414653480052948,1.5648345947265625,1.0187550783157349,0.5767531991004944,0.38098523020744324,0.4103432595729828,0.7871217727661133,0.3692054748535156,0.07016738504171371,0.4211316704750061,0.22942163050174713,0.054118648171424866,1.2640700340270996
0.2281341403722763,0.1335141509771347,1.0809601545333862,0.1255127340555191,0.35457417368888855,0.21242935955524445,0.3350749909877777,4.332004547119141,0.012472139671444893,0.11197454482316971,0.4973311126232147,0.6134511828422546,0.3068180978298187,0.00039999998989515007,1.5261503458023071,0.6403664946556091,0.4925655126571655,3.6062991619110107,1.0494002103805542,1.6025643348693848,0.35897761583328247,0.1344406008720398,1.1948028802871704,0.1261299103498459,0.5550714135169983,1.6358834505081177,0.12583370506763458,0.6248233914375305,1.7044886350631714,0.13737165927886963,0.2273387461900711,0.1072319746017456,0.39956384897232056,0.5688812136650085,1.1412461996078491,1.610038161277771,0.29096442461013794,0.8520060181617737,0.059697818011045456,0.5594428181648254,0.19503511488437653,0.38576021790504456,0.048278361558914185,0.6063936352729797,0.1411028802394867,0.9714761972427368,0.8946492671966553,1.3328174352645874,0.7088673710823059,0.4274679124355316,0.6884580254554749,0.6798579692840576,0.4374423623085022,0.9536756873130798,0.023589273914694786,0.4140458106994629,0.8020636439323425
0.37279289960861206,0.5021467208862305,0.6461405754089355,0.60118567943573,0.9872651696205139,0.007243267260491848,0.8041085004806519,4.679651737213135,0.16960613429546356,0.0417843796312809,0.6090573668479919,0.9126534461975098,0.8010114431381226,0.00039999998989515007,1.0249205827713013,0.44261491298675537,0.005015139933675528,3.337630271911621,1.1094119548797607,1.5710211992263794,0.06490963697433472,0.7697427868843079,0.9806296825408936,0.6396864056587219,0.40288016200065613,1.091124415397644,0.29701367020606995,0.8301610946655273,1.4977378845214844,0.0026276661083102226,0.8398011922836304,0.44313061237335205,0.636849582195282,0.4848945438861847,1.4022928476333618,0.4533962607383728,0.8381894826889038,0.8481379747390747,0.6056479811668396,0.6391322016716003,0.07928112149238586,0.825616717338562,0.5569948554039001,0.5149937272071838,0.5731971263885498,1.4920787811279297,1.1305640935897827,0.5332404971122742,0.47390758991241455,0.2112230360507965,0.6227139830589294,0.23876646161079407,0.13912194967269897,0.4909560978412628,0.16875192523002625,0.06205689162015915,1.3013238906860352
0.5178449749946594,0.3965160548686981,0.7393174767494202,0.5435841083526611,0.8914504647254944,0.0701608657836914,0.7724805474281311,4.693531036376953,0.1271800696849823,0.01839694008231163,0.5138018131256104,0.9895268082618713,0.6403648853302002,0.00039999998989515007,1.061593770980835,0.4150626063346863,0.0003512300900183618,3.322061061859131,1.205579400062561,1.6435647010803223,0.003083882387727499,0.6542856097221375,0.8323398232460022,0.5899888873100281,0.3233153820037842,1.1525806188583374,0.3429233431816101,0.8484282493591309,1.5409741401672363,0.02983664721250534,0.8359419703483582,0.31247445940971375,0.6073495745658875,0.499007910490036,1.4480199813842773,0.5099629759788513,0.7900930047035217,0.8751698136329651,0.550555408000946,0.6802059412002563,0.11481357365846634,0.7542164325714111,0.6231110692024231,0.4649035632610321,0.47526681423187256,1.4304864406585693,1.123278021812439,0.640900194644928,0.48670443892478943,0.20388759672641754,0.6726791858673096,0.4521496593952179,0.056260112673044205,0.5729761123657227,0.16581812500953674,0.19003506004810333,1.227360486984253
0.3866690993309021,0.8262448310852051,0.7789378762245178,0.5868264436721802,0.9698343276977539,0.03620773181319237,0.576691746711731,4.641879081726074,0.036306265741586685,0.11424047499895096,0.7068995833396912,0.9707417488098145,0.9220724105834961,0.00039999998989515007,0.7937912940979004,0.3356426954269409,0.043522030115127563,3.206561803817749,0.9242631196975708,1.7010952234268188,0.18354807794094086,0.9691909551620483,1.1856108903884888,0.873924970626831,0.5471028089523315,1.114209532737732,0.3073446452617645,0.6935455799102783,1.3779284954071045,0.10366250574588776,0.47058501839637756,0.6956031918525696,0.500077486038208,0.6001949906349182,1.319206714630127,0.7353346943855286,0.7294357419013977,0.96245938539505,0.5382225513458252,0.25215139985084534,0.16129830479621887,0.700078010559082,0.7415921688079834,0.6146255731582642,0.9318686723709106,1.5164952278137207,1.0989799499511719,0.5301533341407776,0.3712987005710602,0.07705547660589218,0.3166710436344147,0.12994889914989471,0.0722201019525528,0.4678678512573242,0.011629062704741955,0.1312510371208191,1.413033366203308
0.4807514250278473,0.5283845067024231,0.5981371402740479,0.5014470219612122,1.1776204109191895,0.35514867305755615,0.42481905221939087,4.672834873199463,0.22344742715358734,0.23435921967029572,0.6467311978340149,1.319240927696228,0.5252922773361206,0.00039999998989515007,1.0218801498413086,0.04802041873335838,0.2657304108142853,3.1241188049316406,1.1215758323669434,1.9441699981689453,0.07683056592941284,0.6536501049995422,0.6768348813056946,0.47878190875053406,0.6450361609458923,1.2521979808807373,0.6708258390426636,0.5796406865119934,1.678215503692627,0.5075352787971497,0.8241883516311646,0.13906602561473846,0.6237474083900452,0.36512187123298645,1.5187352895736694,0.19875182211399078,0.46584317088127136,0.6937195658683777,0.34705254435539246,0.4148697257041931,0.07288532704114914,0.6466283202171326,0.3985501229763031,0.34239572286605835,0.583835780620575,1.2239537239074707,0.7826606035232544,0.7669282555580139,0.4669702649116516,0.45814478397369385,0.5024451017379761,0.7776793241500854,0.1680440455675125,0.5646871328353882,0.013730608858168125,0.049986839294433594,1.5845916271209717
0.22677083313465118,0.3564428985118866,0.21305420994758606,0.30546754598617554,1.6725337505340576,0.6730219125747681,0.3004535436630249,4.620683193206787,0.030520234256982803,0.16884687542915344,0.26531317830085754,1.48573899269104,1.0442349910736084,0.00039999998989515007,0.5123384594917297,0.4537580907344818,0.12973792850971222,3.154355525970459,1.090301275253296,1.1787034273147583,0.02255701832473278,1.3887319564819336,0.5173724889755249,0.5450319051742554,0.2627907991409302,0.5230913758277893,0.6316462159156799,0.9031038880348206,1.7023957967758179,0.46191272139549255,0.37616708874702454,0.4677067995071411,0.9182629585266113,0.24288082122802734,1.601518988609314,0.15077157318592072,0.6102907061576843,0.7354042530059814,0.7738081812858582,0.7343817949295044,0.3853769302368164,0.5747372508049011,0.6769598126411438,0.43414542078971863,0.6569904685020447,1.7358379364013672,0.8963567018508911,0.10848326981067657,0.10151427984237671,0.22323915362358093,0.5418757200241089,0.24130232632160187,0.9672052264213562,0.14417056739330292,0.06068022549152374,0.2608524262905121,1.2737720012664795
0.528932511806488,0.410112202167511,0.7066700458526611,0.6001271605491638,0.9175628423690796,0.004176074173301458,0.8367419838905334,4.664328098297119,0.1134742721915245,0.02605140581727028,0.4908777177333832,0.9974251389503479,0.7380934357643127,0.00039999998989515007,1.0210022926330566,0.35422709584236145,0.024295268580317497,3.3521838188171387,1.1829332113265991,1.6161640882492065,0.023125845938920975,0.739267885684967,0.9075523614883423,0.6170254349708557,0.34322309494018555,1.1273785829544067,0.34149742126464844,0.8164519667625427,1.4577343463897705,0.04723599925637245,0.891082763671875,0.33163321018218994,0.567787230014801,0.535252034664154,1.398816704750061,0.4737713634967804,0.8770868182182312,0.817719042301178,0.5189571380615234,0.7282377481460571,0.06105051189661026,0.7911952137947083,0.627185583114624,0.5258291363716125,0.5371374487876892,1.4451267719268799,1.1263985633850098,0.5910944938659668,0.4006502330303192,0.27741381525993347,0.6894593834877014,0.35112079977989197,0.07229936122894287,0.5234155654907227,0.20258621871471405,0.06969374418258667,1.280064582824707
0.4659433960914612,0.23246997594833374,0.6172459125518799,0.3295919895172119,1.4093862771987915,0.5206637382507324,0.31262513995170593,4.625261306762695,0.035170577466487885,0.3270455002784729,0.24390654265880585,1.3258957862854004,0.9820703268051147,0.00039999998989515007,0.8935565948486328,0.6900548934936523,0.17619222402572632,3.216938018798828,1.1627377271652222,1.1512553691864014,0.00042063352884724736,1.1243003606796265,0.6498231887817383,0.5642786622047424,0.353887140750885,0.8532022833824158,0.4330389201641083,1.2952854633331299,1.7086131572723389,0.18330609798431396,0.39183318614959717,0.4107445180416107,0.9242886900901794,0.15979497134685516,1.5768896341323853,0.08814907819032669,0.6185250282287598,0.7985227704048157,0.6995843052864075,1.0792008638381958,0.3008671998977661,0.3993297815322876,0.9408136606216431,0.5577844381332397,0.2423277050256729,1.6836304664611816,0.7921078205108643,0.22496631741523743,0.22718830406665802,0.06397765874862671,0.7180953025817871,0.027983272448182106,0.4886854588985443,0.25248539447784424,0.1681586354970932,0.15869702398777008,1.0781395435333252
0.4153851270675659,0.522446870803833,0.3845404088497162,0.7171422839164734,0.7635471224784851,0.17106665670871735,1.0190883874893188,4.540364742279053,0.23904949426651,0.29557004570961,0.5371900200843811,0.791366457939148,0.4472321569919586,0.00039999998989515007,0.9554957151412964,0.48036786913871765,0.0050675831735134125,3.361593246459961,1.057154655456543,1.4565917253494263,0.20123787224292755,0.6985037922859192,0.8655157089233398,0.6146578192710876,0.04520721361041069,0.793351411819458,0.3619248867034912,0.6272994875907898,1.5133516788482666,0.0167602077126503,1.2370573282241821,0.6714630126953125,0.8444806933403015,0.8297232389450073,1.184495449066162,0.18662290275096893,0.9856458306312561,0.9325376152992249,0.8156054019927979,0.35017848014831543,0.10122188925743103,1.1020735502243042,0.3670119643211365,0.18436628580093384,0.9156192541122437,1.3765681982040405,1.4820339679718018,0.2717205286026001,0.5946652293205261,0.10085059702396393,0.5891121029853821,0.16507957875728607,0.5146932005882263,0.46296921372413635,0.2957976460456848,0.002542588161304593,1.4264750480651855
0.4628937840461731,0.45058631896972656,0.7037517428398132,0.5604875087738037,0.9106546640396118,0.017619676887989044,0.8217033743858337,4.673375606536865,0.15637454390525818,0.02308700606226921,0.575111448764801,0.9333523511886597,0.6903810501098633,0.00039999998989515007,1.0347206592559814,0.42436063289642334,0.004666592925786972,3.2897844314575195,1.1754928827285767,1.6247857809066772,0.054557014256715775,0.6797762513160706,0.8717958927154541,0.6364844441413879,0.33480939269065857,1.1327251195907593,0.31601381301879883,0.8340936899185181,1.5148391723632812,0.01062700804322958,0.8777531981468201,0.36730340123176575,0.6209955811500549,0.5035148859024048,1.4419406652450562,0.46800434589385986,0.8105040788650513,0.8743571639060974,0.6185562014579773,0.6628524661064148,0.11689392477273941,0.8054441809654236,0.5720765590667725,0.48030591011047363,0.5119313597679138,1.4743001461029053,1.14591383934021,0.6206807494163513,0.5208591818809509,0.2323198914527893,0.6667429208755493,0.3884154260158539,0.09671486169099808,0.5606483817100525,0.16153469681739807,0.15845096111297607,1.2662755250930786
0.1683238297700882,0.2261228710412979,0.4604249596595764,0.3031553328037262,1.4904258251190186,0.23612716794013977,0.43295374512672424,4.578782558441162,0.17032110691070557,0.21254770457744598,0.39418545365333557,1.223227620124817,1.1738266944885254,0.00039999998989515007,0.9344772100448608,0.5466593503952026,0.17870864272117615,3.202026844024658,1.19621741771698,1.0064878463745117,0.1577441692352295,0.9999483823776245,0.5703074932098389,0.5844706892967224,0.37285491824150085,0.826598584651947,0.2799301743507385,1.2385833263397217,1.6672700643539429,0.16018663346767426,0.44988059997558594,0.2512072026729584,0.8659762740135193,0.012389877811074257,1.6415244340896606,0.09063281118869781,0.6374273300170898,0.6409267783164978,0.8533045649528503,1.2560653686523438,0.4790526330471039,0.43642085790634155,0.6591887474060059,0.671081006526947,0.10328928381204605,1.951615333557129,0.7381689548492432,0.2810298204421997,0.3282569646835327,0.29725149273872375,0.8813450336456299,0.07633855193853378,0.62221360206604,0.22032742202281952,0.12282589077949524,0.10165894776582718,1.0171773433685303
0.21685555577278137,0.5961357951164246,0.5644682049751282,0.8683671355247498,1.1726762056350708,0.368200421333313,0.8752932548522949,4.600393772125244,0.4598195254802704,0.016613228246569633,0.726009726524353,0.7511073350906372,1.0511090755462646,0.00039999998989515007,1.1264636516571045,0.29427701234817505,0.1002521961927414,3.329146385192871,0.9708107709884644,1.394790530204773,0.06471633166074753,0.7157501578330994,1.0437909364700317,0.7329703569412231,0.5817360281944275,0.9523413777351379,0.21234752237796783,0.6785117387771606,1.4169405698776245,0.20016640424728394,0.7015687823295593,0.3729790151119232,0.6025278568267822,0.4343935549259186,1.4495538473129272,0.44649916887283325,1.0784556865692139,0.7600443959236145,0.5165355205535889,0.6119372844696045,0.18035314977169037,0.922080934047699,0.46452993154525757,0.5659225583076477,0.7232749462127686,1.675933599472046,1.0652883052825928,0.37580403685569763,0.407062828540802,0.43667227029800415,0.6359829902648926,0.10469187796115875,0.18454323709011078,0.33941391110420227,0.17177793383598328,0.09026767313480377,1.2335915565490723
0.9994539618492126,0.47479525208473206,0.5022382140159607,0.6297122240066528,0.9828717708587646,0.46386706829071045,0.6119516491889954,4.555283069610596,0.051030080765485764,0.30573365092277527,0.48884281516075134,1.3905718326568604,0.10969473421573639,0.00039999998989515007,1.0900483131408691,0.15258283913135529,0.3154062032699585,2.994020700454712,1.3305683135986328,2.2005391120910645,0.4765200912952423,0.4390031099319458,0.3941653370857239,0.26731979846954346,0.550727128982544,1.2266905307769775,0.7703991532325745,0.6732006669044495,1.717432975769043,0.5142218470573425,1.3035050630569458,0.04622233659029007,0.36601537466049194,0.16814924776554108,1.420516848564148,0.069893017411232,0.5286298990249634,0.5537341237068176,0.19884413480758667,0.4708312749862671,0.14591367542743683,0.7642405033111572,0.5973263382911682,0.16932906210422516,0.3889567255973816,0.7292240262031555,0.9345927238464355,0.7076707482337952,0.3478104770183563,0.456277072429657,0.4802529811859131,1.1082775592803955,0.12519796192646027,0.48801666498184204,0.15355229377746582,0.12210529297590256,1.4580109119415283
0.30531466007232666,0.20598222315311432,1.0065181255340576,0.41429489850997925,0.36854273080825806,0.2739803194999695,0.7934796214103699,4.53535270690918,0.27098920941352844,0.29650187492370605,0.6764126420021057,0.5901587009429932,0.35141536593437195,0.00039999998989515007,1.3956115245819092,0.45887818932533264,0.024250809103250504,3.1187620162963867,1.3357971906661987,1.6161599159240723,0.1279975324869156,0.08909298479557037,0.5690957903862,0.5311335325241089,0.07625554502010345,1.4126226902008057,0.0023733421694487333,0.7953870892524719,1.5424718856811523,0.44376108050346375,0.45528653264045715,0.005133385304361582,0.4113228917121887,0.4729263484477997,1.43986976146698,1.1143696308135986,0.584089457988739,1.0718985795974731,0.5364269614219666,0.5657585859298706,0.5298264026641846,0.6178112626075745,0.4404139220714569,0.33544567227363586,0.1955006718635559,1.4518922567367554,1.1410592794418335,1.0911957025527954,0.9053817391395569,0.04628464952111244,0.7220684885978699,1.0357469320297241,0.3973428010940552,0.9049124717712402,0.0013719561975449324,0.7082180380821228,0.7295593619346619
0.3601590096950531,0.17074467241764069,0.14935916662216187,0.1740596443414688,1.504655122756958,0.8940694332122803,0.08452645689249039,4.316892623901367,0.5489184856414795,0.07116418331861496,0.19949661195278168,1.9367464780807495,0.060555458068847656,0.00039999998989515007,0.41811037063598633,0.18049147725105286,0.0838063582777977,3.2518699169158936,0.8279789090156555,0.8587200045585632,0.41594716906547546,1.6869336366653442,0.20213371515274048,0.20689049363136292,0.17673175036907196,0.8655402660369873,1.2347242832183838,0.5697942972183228,2.100762128829956,0.9948503971099854,0.22310659289360046,0.28079289197921753,0.689757764339447,0.1735239028930664,2.0415456295013428,0.4836263954639435,0.07428949326276779,0.7488178014755249,0.6547509431838989,0.050724003463983536,0.060920268297195435,0.25919803977012634,0.4972551763057709,0.09933242946863174,0.47075793147087097,1.3375293016433716,0.8080052733421326,0.1182771623134613,0.1648995578289032,0.3375703692436218,0.3130863606929779,0.7382392287254333,0.008307810872793198,0.9033006429672241,0.28429114818573,0.038454148918390274,1.2430802583694458
0.2163747251033783,0.673873782157898,0.6811183094978333,0.5201148986816406,1.0247660875320435,0.023054417222738266,0.7152371406555176,4.649527549743652,0.25456762313842773,0.044012222439050674,0.7733684778213501,0.8232120871543884,0.7794415354728699,0.00039999998989515007,0.9649587273597717,0.4286506474018097,0.0979391485452652,3.2028260231018066,0.994070291519165,1.7182931900024414,0.1530536264181137,0.707900881767273,1.011325716972351,0.711979329586029,0.620124340057373,1.1611355543136597,0.3269384205341339,0.6937830448150635,1.5632760524749756,0.0015109797241166234,0.766607403755188,0.46385884284973145,0.663016140460968,0.44698724150657654,1.4687533378601074,0.5356894731521606,0.7240726351737976,0.8736528754234314,0.6793251633644104,0.3996676504611969,0.043814461678266525,0.8208329081535339,0.40958622097969055,0.539668083190918,0.5790703296661377,1.5558208227157593,1.0673331022262573,0.7003084421157837,0.6272450089454651,0.24122168123722076,0.5218961238861084,0.28583255410194397,0.10196784883737564,0.5341169238090515,0.042489681392908096,0.12057067453861237,1.3460909128189087
0.011847236193716526,0.1458107829093933,1.1263169050216675,0.16100074350833893,0.18430505692958832,0.1084292009472847,0.566167414188385,4.3233819007873535,0.2246086150407791,0.17311833798885345,0.36722564697265625,0.6130989193916321,0.32834893465042114,0.00039999998989515007,1.3602864742279053,0.6245982646942139,0.37718665599823,3.623335599899292,1.1603511571884155,1.666426181793213,0.16692887246608734,0.24513477087020874,1.2518997192382812,0.05928315967321396,0.3456961512565613,1.6012390851974487,0.0892762839794159,0.6293091773986816,1.5211893320083618,0.010295087471604347,0.3082183301448822,0.056099873036146164,0.20153464376926422,0.6904361248016357,1.0723868608474731,1.7973700761795044,0.46065062284469604,0.9130469560623169,0.0803695097565651,0.5947896838188171,0.20979952812194824,0.46941494941711426,0.24566572904586792,0.6626067161560059,0.04040345549583435,0.9235265851020813,1.1006048917770386,1.2520830631256104,0.559057891368866,0.46302613615989685,0.673157811164856,0.6246241927146912,0.5883845686912537,0.976467490196228,0.048194438219070435,0.3242632746696472,0.7203903794288635
0.3939020037651062,0.365257203578949,0.6862088441848755,0.5413172245025635,1.079414963722229,0.24418601393699646,0.5807145833969116,4.666426658630371,0.17831635475158691,0.07668481767177582,0.4920700192451477,1.0847629308700562,0.68841153383255,0.00039999998989515007,1.1189981698989868,0.4494535028934479,0.07799726724624634,3.377676248550415,1.145883321762085,1.5733692646026611,0.03294872120022774,0.74774569272995,0.8507644534111023,0.49525681138038635,0.4411757290363312,1.1244910955429077,0.41192540526390076,0.871196985244751,1.6975853443145752,0.1576918661594391,0.6970734000205994,0.3218391537666321,0.740254282951355,0.4560379683971405,1.4557100534439087,0.4678281545639038,0.735685408115387,0.8454576730728149,0.483294814825058,0.6568073630332947,0.10511582344770432,0.7117705345153809,0.6049620509147644,0.436801016330719,0.47839558124542236,1.4223672151565552,1.0403773784637451,0.5596792697906494,0.4436165988445282,0.13330939412117004,0.6503552198410034,0.33933505415916443,0.1875142902135849,0.5101737976074219,0.15305274724960327,0.1187884658575058,1.2654194831848145
0.3660748302936554,0.15664611756801605,0.6577063798904419,0.7349727749824524,0.44741442799568176,0.1999560445547104,1.1167058944702148,4.531578540802002,0.13470032811164856,0.4955602288246155,0.650547981262207,0.6220526695251465,0.6371286511421204,0.00039999998989515007,1.5601482391357422,0.3176213204860687,0.17982950806617737,3.225428581237793,1.3958725929260254,1.7437283992767334,0.2197781652212143,0.23350515961647034,0.8549932241439819,0.3976213335990906,0.05813194066286087,1.5460193157196045,0.08528990298509598,1.0831055641174316,1.4406752586364746,0.5244162678718567,0.8037534356117249,0.2075214684009552,0.26335999369621277,0.22845426201820374,0.9393553733825684,1.0345100164413452,0.8073554635047913,0.8922114372253418,0.32892125844955444,0.6668004989624023,0.3203054666519165,0.9115298390388489,0.6627194881439209,0.3134182393550873,0.3517216145992279,1.0247390270233154,1.271732211112976,0.7460920810699463,0.6231885552406311,0.12125847488641739,0.5518695712089539,0.6969775557518005,0.6815335154533386,0.6457992196083069,0.2536140978336334,0.4248664081096649,0.9777589440345764
0.7030501961708069,0.6914093494415283,0.4189026653766632,0.7657685279846191,0.4877966046333313,0.0003168570401612669,1.1551212072372437,4.3792524337768555,0.17757201194763184,0.08082317560911179,0.4340614676475525,0.9332075119018555,0.7300098538398743,0.00039999998989515007,0.583041787147522,0.19860324263572693,0.23183117806911469,3.179250717163086,1.0663563013076782,1.4500857591629028,0.19872911274433136,1.0427582263946533,1.0315203666687012,0.9742526412010193,0.31095582246780396,0.8187249898910522,0.2280404418706894,0.6866229772567749,0.9809786677360535,0.13168659806251526,1.1803661584854126,0.9923070073127747,0.4947774410247803,1.0931099653244019,0.7744256854057312,0.21717548370361328,1.0617974996566772,0.9736308455467224,0.8198404312133789,0.3772391378879547,0.41672638058662415,1.0228692293167114,0.7313085794448853,0.3849433362483978,1.3553471565246582,1.3894249200820923,1.5723401308059692,0.1287592053413391,0.31355103850364685,0.1486329287290573,0.4573787748813629,0.04389197379350662,0.2882678806781769,0.38795310258865356,0.29843631386756897,0.3699006736278534,1.6247295141220093
0.5598860383033752,0.5182846784591675,0.4442104995250702,0.7126697897911072,0.7044270634651184,0.16318389773368835,1.0486788749694824,4.5347900390625,0.23913344740867615,0.31250035762786865,0.519305944442749,0.7845355868339539,0.3466337323188782,0.00039999998989515007,0.9697800278663635,0.5283608436584473,0.059437647461891174,3.283698797225952,1.112535834312439,1.4845781326293945,0.1394599825143814,0.633053183555603,0.7734643816947937,0.6413689255714417,0.022921614348888397,0.7781532406806946,0.36321961879730225,0.6839721202850342,1.5318641662597656,0.07230913639068604,1.2491533756256104,0.6624928712844849,0.8451346755027771,0.7947574257850647,1.253925085067749,0.21526606380939484,0.9783612489700317,0.9981874227523804,0.8588324189186096,0.3475674092769623,0.05247492715716362,1.0913889408111572,0.46859651803970337,0.12433294951915741,0.8816845417022705,1.3510799407958984,1.5291731357574463,0.2812674939632416,0.6235641241073608,0.06319039314985275,0.5848005414009094,0.283262699842453,0.44121068716049194,0.5007057189941406,0.29992756247520447,0.12747228145599365,1.3471226692199707
0.4431471824645996,0.4849349856376648,0.5939631462097168,0.4845215678215027,0.8773210644721985,0.05029788240790367,1.0052601099014282,4.6745452880859375,0.03231991082429886,0.15000562369823456,0.6632815599441528,0.9569699764251709,0.9627220630645752,0.00039999998989515007,0.9090588092803955,0.30112409591674805,0.026841992512345314,3.1756751537323,1.2332427501678467,1.7088533639907837,0.04149993881583214,0.8781903386116028,1.0509735345840454,0.6892384886741638,0.28285378217697144,1.211730718612671,0.2636258900165558,0.9265970587730408,1.2724623680114746,0.028418388217687607,0.9778031706809998,0.46498289704322815,0.40853816270828247,0.37703976035118103,1.2736753225326538,0.3820050060749054,0.7842056751251221,0.7897214293479919,0.6231600642204285,0.8552577495574951,0.08386704325675964,0.8123408555984497,0.5737708806991577,0.6980868577957153,0.5460633635520935,1.4764279127120972,1.0894793272018433,0.5830274224281311,0.43682652711868286,0.30675917863845825,0.6190400719642639,0.26262354850769043,0.030076071619987488,0.46955761313438416,0.18217001855373383,0.018814651295542717,1.412642240524292
0.08777422457933426,0.32412055134773254,0.7700702548027039,0.4737619459629059,0.5860546231269836,0.0722077339887619,0.792487621307373,4.592698097229004,0.23305846750736237,0.3752578794956207,0.8750308752059937,0.5625320672988892,0.617440402507782,0.00039999998989515007,1.4930444955825806,0.5811857581138611,0.18909400701522827,3.120138645172119,1.2656852006912231,1.6748653650283813,0.08243665844202042,0.20058152079582214,0.8542131781578064,0.46992161870002747,0.2220538705587387,1.5012315511703491,0.072895348072052,1.081565260887146,1.6414337158203125,0.4681164026260376,0.5026705265045166,0.32303059101104736,0.484050989151001,0.18239803612232208,1.2104843854904175,1.0253081321716309,0.5111956000328064,1.0544593334197998,0.5720983147621155,0.5126751661300659,0.43152472376823425,0.7505822777748108,0.49559199810028076,0.34952476620674133,0.26658862829208374,1.272790789604187,1.1415128707885742,0.8751366138458252,0.8947113752365112,0.1092977374792099,0.5015062689781189,0.6898689270019531,0.4430442452430725,0.7355634570121765,0.043922871351242065,0.5882596969604492,0.9521512985229492
0.5900834202766418,0.38820508122444153,0.7574286460876465,0.4169310927391052,0.7838552594184875,0.2471238523721695,1.035787582397461,4.608063697814941,0.1123143658041954,0.0510060116648674,0.5091233253479004,0.9387131929397583,0.752450704574585,0.00039999998989515007,0.8129984736442566,0.2858530879020691,0.2337018996477127,3.1219069957733154,1.2885586023330688,1.5280625820159912,0.163580983877182,0.5823992490768433,0.6763311624526978,0.8163152933120728,0.13267295062541962,1.0507988929748535,0.2864184081554413,0.7509531378746033,1.2294645309448242,0.04326961189508438,1.019304633140564,0.18187366425991058,0.49986082315444946,0.5962210297584534,1.5848342180252075,0.22636137902736664,0.8821614980697632,0.8015508651733398,0.7959234118461609,1.0076916217803955,0.25546449422836304,0.7194966077804565,0.47609350085258484,0.6623963713645935,0.38017281889915466,1.8064771890640259,1.071441650390625,0.7452201247215271,0.5570991039276123,0.5374710559844971,0.9333577752113342,0.5140836238861084,0.27639758586883545,0.60318922996521,0.15753372013568878,0.18214555084705353,1.1865012645721436
0.42602503299713135,0.04651994630694389,0.9282810688018799,0.33028629422187805,0.6553908586502075,0.16307003796100616,0.9910794496536255,4.446313858032227,0.1241334080696106,0.22083169221878052,0.273757666349411,0.8514437079429626,0.8068321943283081,0.00039999998989515007,0.9513395428657532,0.3711850643157959,0.023247625678777695,3.559978723526001,1.1291139125823975,1.5560296773910522,0.2173246592283249,0.7834939360618591,1.3392218351364136,0.3087615966796875,0.5402028560638428,1.2373734712600708,0.3512476980686188,0.6295982003211975,1.1443369388580322,0.34702178835868835,1.0412224531173706,0.006023800931870937,0.27339866757392883,0.6585429906845093,1.332008719444275,0.7688391804695129,0.9312770962715149,0.5533974766731262,0.18448936939239502,1.2451210021972656,0.012781062163412571,0.6421968340873718,0.30503740906715393,1.0487515926361084,0.04656605049967766,1.370886206626892,0.9491027593612671,0.9457401633262634,0.22438393533229828,0.27816957235336304,0.9898043870925903,0.20518824458122253,0.014432448893785477,0.5952585339546204,0.29482540488243103,0.07588919252157211,1.1304923295974731
0.585839569568634,0.7735505104064941,0.39059877395629883,0.675940990447998,1.134360671043396,0.1638677418231964,0.628822922706604,4.569277763366699,0.09856662154197693,0.5062762498855591,0.5447748303413391,1.4538583755493164,0.6418704986572266,0.00039999998989515007,0.5101516246795654,0.25257065892219543,0.14473189413547516,3.1044976711273193,1.0795154571533203,2.0146026611328125,0.45331716537475586,1.0414446592330933,0.7706714272499084,0.6880581974983215,0.40095075964927673,1.006838321685791,0.740376353263855,0.15817253291606903,1.3292956352233887,0.47078609466552734,0.8045797944068909,0.32813894748687744,0.3124602138996124,0.6789886355400085,1.3884196281433105,0.3779618740081787,0.6681577563285828,0.7044756412506104,0.31531327962875366,0.006703656166791916,0.19310906529426575,0.8351134061813354,0.4966980516910553,0.2905857563018799,1.2161871194839478,1.1777828931808472,1.1033564805984497,0.42918992042541504,0.10460764914751053,0.6010255813598633,0.2500722110271454,0.5479140281677246,0.15147888660430908,0.5446923971176147,0.02916809357702732,0.5086105465888977,1.7192597389221191
0.7846604585647583,0.47336652874946594,0.9172859191894531,0.48752355575561523,0.6957142949104309,0.22537021338939667,0.9584836959838867,4.627665042877197,0.12002380937337875,0.1324235200881958,0.4800475537776947,0.8984274864196777,0.538186252117157,0.00039999998989515007,0.8378472924232483,0.3713155686855316,0.23556111752986908,3.1609625816345215,1.2283530235290527,1.6377010345458984,0.04218430817127228,0.5466009378433228,0.7626121640205383,0.7821782827377319,0.25099509954452515,1.01348876953125,0.388487309217453,0.6414526700973511,1.3000481128692627,0.036612845957279205,0.9606074094772339,0.2188573181629181,0.482532262802124,0.673874020576477,1.6615421772003174,0.4936508536338806,0.8926670551300049,0.896854043006897,0.6603774428367615,0.7654680013656616,0.15262536704540253,0.7193089723587036,0.5994513034820557,0.5771241784095764,0.4674936532974243,1.6313623189926147,1.1525107622146606,0.7593691349029541,0.503024160861969,0.33781978487968445,0.7865882515907288,0.6272951364517212,0.07698702067136765,0.6445302367210388,0.1480322927236557,0.24778109788894653,1.1163841485977173
0.6613847017288208,0.14767710864543915,0.951305627822876,0.11433784663677216,0.29356685280799866,0.26700884103775024,0.6353210210800171,4.447829246520996,0.7441537380218506,0.3712444007396698,0.1133418008685112,1.0823761224746704,0.35620754957199097,0.00039999998989515007,1.1963729858398438,0.484994500875473,0.12040741741657257,3.5432777404785156,1.261004090309143,1.3537914752960205,0.3142561912536621,0.5434838533401489,1.3756181001663208,0.1452033966779709,0.47719788551330566,1.0055744647979736,0.2189367711544037,0.9442028999328613,1.3131449222564697,0.5166022777557373,1.0765410661697388,0.12725742161273956,0.0749049261212349,0.3500329554080963,1.2020745277404785,0.9061500430107117,0.4980279803276062,0.38359466195106506,0.03525266423821449,1.618607521057129,0.08387952297925949,0.1599515974521637,0.525394856929779,1.1728285551071167,0.5358365774154663,1.013253927230835,1.2338498830795288,0.7711731791496277,0.16129013895988464,0.5598308444023132,1.1136951446533203,0.38874682784080505,0.051589831709861755,0.46911653876304626,0.2793005704879761,0.32237711548805237,0.6543111205101013
0.6934527158737183,0.5374743938446045,0.6679869294166565,0.599036693572998,1.2932164669036865,0.3626399338245392,0.515763521194458,4.581221103668213,0.25903820991516113,0.1770375370979309,0.59059739112854,1.2212592363357544,0.41303694248199463,0.00039999998989515007,1.0244168043136597,0.17167866230010986,0.286756306886673,2.9826879501342773,1.1424040794372559,2.0447912216186523,0.0692896619439125,0.5797330737113953,0.5710737705230713,0.43372946977615356,0.79142826795578,1.235614538192749,0.6882908940315247,0.6972747445106506,1.7402184009552002,0.456452339887619,1.033134937286377,0.04453234001994133,0.6438937187194824,0.21574409306049347,1.6595560312271118,0.15363462269306183,0.5832259058952332,0.6699166893959045,0.3524021804332733,0.45410194993019104,0.02887425757944584,0.796159029006958,0.5397843718528748,0.2662619650363922,0.3331785202026367,1.041081190109253,0.795525074005127,0.7814127206802368,0.4639236629009247,0.541728675365448,0.5151901245117188,0.8149396181106567,0.05014695227146149,0.570887565612793,0.11316261440515518,0.2621626853942871,1.4234023094177246
0.7305333018302917,0.637645423412323,0.8024035692214966,0.7204778790473938,0.8217026591300964,0.11929959803819656,0.7808879613876343,4.571214199066162,0.10381022840738297,0.049219612032175064,0.4663105607032776,1.0768896341323853,0.961025595664978,0.00039999998989515007,0.8101670742034912,0.23966532945632935,0.21443769335746765,3.2681896686553955,1.0831995010375977,1.575056552886963,0.37368327379226685,1.0329028367996216,1.1535552740097046,0.8716409802436829,0.2687780261039734,1.0675671100616455,0.28839558362960815,0.8208771347999573,1.1677331924438477,0.14349053800106049,0.636802077293396,0.6333195567131042,0.3652145564556122,0.7077252864837646,1.1872135400772095,0.6533067226409912,0.9481008648872375,0.90997713804245,0.41638436913490295,0.5941041707992554,0.18897631764411926,0.6960676908493042,0.9734328985214233,0.6579275727272034,0.9567726254463196,1.4473861455917358,1.1703674793243408,0.39157697558403015,0.13896848261356354,0.14540192484855652,0.47811758518218994,0.14386363327503204,0.12716282904148102,0.4120801091194153,0.17069274187088013,0.2346004694700241,1.3718608617782593
0.3349100947380066,0.4114042818546295,0.7358393669128418,0.4179352819919586,0.7827584147453308,0.3066509962081909,1.0417314767837524,4.626185894012451,0.16110417246818542,0.08524437248706818,0.4644830822944641,0.8124222755432129,0.9582124948501587,0.00039999998989515007,0.9725270867347717,0.3267921507358551,0.04680535942316055,3.1763782501220703,1.1855711936950684,1.6953003406524658,0.04831039905548096,0.6222729682922363,0.8699480295181274,0.8117554783821106,0.46336600184440613,1.3163572549819946,0.14475010335445404,0.8045221567153931,1.3241493701934814,0.15233422815799713,0.910581111907959,0.27254781126976013,0.44500336050987244,0.3171016573905945,1.314754843711853,0.6704531908035278,0.8784428834915161,0.6832535862922668,0.703963577747345,0.8502988815307617,0.11529084295034409,0.7822168469429016,0.5537994503974915,0.7862609028816223,0.26946118474006653,1.70968496799469,1.0374947786331177,0.897638201713562,0.5374634265899658,0.5507272481918335,0.7331094145774841,0.2678260803222656,0.2275092601776123,0.4810318648815155,0.1345369815826416,0.30109140276908875,1.1294422149658203
0.5268570184707642,0.30135732889175415,0.7372531294822693,0.5102367401123047,0.7169897556304932,0.2883355915546417,0.5674341320991516,4.374881267547607,0.4166969358921051,0.13098932802677155,0.027077265083789825,1.2910332679748535,0.5991494059562683,0.00039999998989515007,0.5562735199928284,0.11068010330200195,0.08319801837205887,3.7343499660491943,0.9199233651161194,1.6312532424926758,0.2569257616996765,1.2212117910385132,1.3577991724014282,0.3190423250198364,0.35864681005477905,0.9072558283805847,0.6713162064552307,0.1439710557460785,1.2128421068191528,0.6023725867271423,0.6870866417884827,0.3562881350517273,0.2841683328151703,1.2280962467193604,1.072657823562622,0.9528689980506897,0.9134370684623718,0.7120672464370728,0.07431340217590332,0.3636448383331299,0.45043882727622986,0.6749652028083801,0.5181090831756592,0.707558810710907,0.9930753111839294,1.0760362148284912,1.2347067594528198,0.46859148144721985,0.19000458717346191,0.01760411262512207,0.5234836339950562,0.014369753189384937,0.20250791311264038,0.5407452583312988,0.17067290842533112,0.7123394012451172,1.4388659000396729
0.6631714701652527,0.34502092003822327,0.7329046130180359,0.5011252760887146,0.7086523771286011,0.3726845681667328,1.194409728050232,4.603315830230713,0.16523532569408417,0.08507667481899261,0.5171125531196594,0.8101697564125061,0.7642928957939148,0.00039999998989515007,0.9278509020805359,0.3534354865550995,0.30527016520500183,3.1112825870513916,1.3410589694976807,1.4606897830963135,0.08779169619083405,0.5287581086158752,0.7002800107002258,0.7956362962722778,0.07630115747451782,0.9907203912734985,0.20603317022323608,0.8468571305274963,1.2066067457199097,0.18248170614242554,1.0670397281646729,0.19453610479831696,0.4525587856769562,0.46519365906715393,1.5646191835403442,0.29266172647476196,0.9801453948020935,0.807745635509491,0.8022468686103821,1.082838773727417,0.3511269688606262,0.7795799970626831,0.5629138350486755,0.6416022181510925,0.3381349444389343,1.7730828523635864,1.1553359031677246,0.6409516334533691,0.5336591601371765,0.465453565120697,0.9172695279121399,0.5016480088233948,0.14178024232387543,0.5328781008720398,0.2339245229959488,0.2646631598472595,1.0415775775909424
0.7574474215507507,0.1641431301832199,0.34389519691467285,0.7235604524612427,0.5153142213821411,0.10828543454408646,1.2451502084732056,4.574230670928955,0.08349864929914474,0.384851336479187,0.11876580864191055,1.0128331184387207,0.5747411847114563,0.00039999998989515007,1.0435839891433716,0.36927151679992676,0.28993502259254456,3.3776426315307617,1.3532356023788452,1.2268447875976562,0.16690362989902496,0.6827667951583862,0.6058091521263123,0.6414278149604797,0.4927559792995453,0.7533614635467529,0.21801671385765076,0.8372851014137268,1.2214384078979492,0.022450705990195274,1.4231464862823486,0.6036638021469116,0.6223369836807251,0.7955709099769592,0.9132298231124878,0.0010958698112517595,1.0851597785949707,0.800153374671936,0.7398866415023804,0.9241291284561157,0.08799375593662262,1.0678309202194214,0.6284477710723877,0.30328086018562317,0.8889748454093933,1.3090659379959106,1.44181489944458,0.17531412839889526,0.3491749167442322,0.23688244819641113,0.7547561526298523,0.22259414196014404,0.3985576331615448,0.3424203395843506,0.4591936767101288,0.08097929507493973,1.3444911241531372
0.2939322590827942,0.16392630338668823,0.6507060527801514,0.5049600005149841,0.47805050015449524,0.1406099498271942,1.1088346242904663,4.507327079772949,0.07950081676244736,0.7509087324142456,0.7296433448791504,0.7424631714820862,0.8357865810394287,0.00039999998989515007,1.4027819633483887,0.19787339866161346,0.26371070742607117,3.012752056121826,1.4687963724136353,1.895992636680603,0.18742325901985168,0.3344099819660187,0.8415151238441467,0.47665151953697205,0.04272972792387009,1.8003056049346924,0.1466178148984909,1.2553123235702515,1.2872530221939087,0.3512236773967743,0.8554505705833435,0.18973809480667114,0.12376091629266739,0.07422838360071182,0.8553041219711304,0.8612027168273926,0.5875744819641113,0.810056209564209,0.4304562509059906,0.8829219937324524,0.31306174397468567,0.806898295879364,0.6262103915214539,0.5160746574401855,0.16141179203987122,1.05112624168396,1.0658684968948364,0.968842089176178,0.6818292140960693,0.308452308177948,0.5856446027755737,0.7186689972877502,0.7484864592552185,0.7040391564369202,0.18555058538913727,0.4263240396976471,1.1296677589416504
0.5775995850563049,0.5200091004371643,0.5119460225105286,1.0737384557724,0.8887607455253601,0.5566067099571228,1.2667412757873535,4.494738578796387,0.2929726541042328,0.1505637913942337,0.5399469137191772,0.5839287042617798,1.0750564336776733,0.00039999998989515007,1.0957480669021606,0.37834304571151733,0.33427757024765015,3.3439345359802246,1.0411347150802612,1.2640345096588135,0.25565508008003235,0.8676382303237915,1.237646460533142,0.720041036605835,0.34567204117774963,0.7322164177894592,0.14473992586135864,0.7695761919021606,1.143351435661316,0.5738199353218079,0.869787871837616,0.5299670696258545,0.3781372010707855,0.42765507102012634,1.2308483123779297,0.6431890726089478,1.3924721479415894,0.7638023495674133,0.40771275758743286,0.7319180965423584,0.16352038085460663,1.0436501502990723,0.7870640754699707,0.5803203582763672,0.8529585003852844,1.4799610376358032,1.337815761566162,0.0062383320182561874,0.10847120732069016,0.24379408359527588,0.5440298914909363,0.08634485304355621,0.08209796994924545,0.14911730587482452,0.39502182602882385,0.19246184825897217,1.0387967824935913
0.6513308882713318,0.5354386568069458,0.73456209897995,0.6168537139892578,0.9408737421035767,0.059958282858133316,0.9610880613327026,4.613325119018555,0.09547711163759232,0.03792928159236908,0.5880185961723328,0.8831617832183838,0.7271056771278381,0.00039999998989515007,0.9460512399673462,0.4584123194217682,0.042193517088890076,3.1812100410461426,1.165074348449707,1.7312730550765991,0.021072566509246826,0.7599890232086182,0.9725950956344604,0.6658296585083008,0.45303189754486084,1.1259084939956665,0.3334145247936249,0.8737261891365051,1.401249885559082,0.019907895475625992,1.0614759922027588,0.3924251198768616,0.5313467979431152,0.4021563231945038,1.4961061477661133,0.4392393231391907,0.8810206651687622,0.8184895515441895,0.5993057489395142,0.7185429930686951,0.06637735664844513,0.874280571937561,0.6759011745452881,0.5375218987464905,0.4342769980430603,1.3579216003417969,1.1369121074676514,0.6092769503593445,0.44043442606925964,0.3013584315776825,0.62295001745224,0.3671306371688843,0.04296969249844551,0.5324959754943848,0.21972739696502686,0.15816837549209595,1.2668333053588867
1.1841427087783813,0.3672374486923218,0.7977823615074158,0.7400341033935547,0.45324593782424927,0.029667701572179794,1.0670700073242188,4.43897008895874,0.38341349363327026,0.11378902941942215,0.13430413603782654,1.061795949935913,0.7642900943756104,0.00039999998989515007,0.7906466722488403,0.3465452194213867,0.36244702339172363,3.2782630920410156,1.2587685585021973,1.5401605367660522,0.6939885020256042,1.112128496170044,1.1950280666351318,0.6777799129486084,0.05149076133966446,0.92909175157547,0.32996824383735657,0.9491444826126099,1.0011472702026367,0.2859542667865753,0.854913055896759,0.6561571955680847,0.18345476686954498,0.7035109400749207,0.985499918460846,0.8249267935752869,1.096321940422058,0.8951963186264038,0.23758567869663239,0.7999475002288818,0.22468580305576324,0.7005987167358398,1.2904502153396606,0.6063027381896973,0.8972007632255554,1.1094111204147339,1.396824836730957,0.15487229824066162,0.13347232341766357,0.12628963589668274,0.449282705783844,0.14709597826004028,0.37562859058380127,0.31529903411865234,0.38984543085098267,0.21830658614635468,1.1652811765670776
0.5544630885124207,0.34075772762298584,0.47307202219963074,0.23580601811408997,1.3955069780349731,0.8066967725753784,0.2856113910675049,4.717682838439941,0.15353477001190186,0.13752399384975433,0.3506791293621063,1.4301567077636719,0.8431784510612488,0.00039999998989515007,0.761810839176178,0.6833335161209106,0.10551854223012924,3.053722858428955,1.2543063163757324,1.4264918565750122,0.27379611134529114,1.2737503051757812,0.641066312789917,0.46224308013916016,0.27700552344322205,0.7755774259567261,0.6116858124732971,1.2439813613891602,1.8104729652404785,0.21208694577217102,0.31739136576652527,0.5696360468864441,0.8189586997032166,0.012867027893662453,1.5783774852752686,0.21233870089054108,0.4176260828971863,0.9098301529884338,0.6341152191162109,0.7585546374320984,0.3588751554489136,0.4377579987049103,1.0331138372421265,0.3890731930732727,0.48248425126075745,1.429365634918213,0.9239746928215027,0.01810135878622532,0.1703667789697647,0.2235138863325119,0.3670485317707062,0.08679486066102982,0.42088666558265686,0.21580857038497925,0.0808047503232956,0.0800076574087143,1.1704550981521606
0.5595179200172424,0.3694777488708496,0.8091527819633484,0.5614729523658752,0.9174907803535461,0.14143992960453033,0.6373151540756226,4.646986961364746,0.12135951966047287,0.06197240576148033,0.4156242311000824,1.0973472595214844,0.5798266530036926,0.00039999998989515007,1.0563267469406128,0.34776759147644043,0.030510149896144867,3.3948521614074707,1.1684280633926392,1.6482568979263306,0.0398598276078701,0.681449294090271,0.840610146522522,0.5416954159736633,0.38760730624198914,1.1412369012832642,0.44683119654655457,0.7314617037773132,1.5874372720718384,0.15829074382781982,0.7460758686065674,0.2515350878238678,0.6251981854438782,0.631273627281189,1.460578203201294,0.5799767971038818,0.7959002256393433,0.8615153431892395,0.40548935532569885,0.6230952143669128,0.02547623962163925,0.6982916593551636,0.6291438341140747,0.46038007736206055,0.5453693270683289,1.3955574035644531,1.0900095701217651,0.6642760634422302,0.3968650996685028,0.18347488343715668,0.6823063492774963,0.4783392548561096,0.09073544293642044,0.58778315782547,0.15327735245227814,0.10101452469825745,1.256164312362671
0.6271309852600098,0.4113858640193939,0.5207590460777283,0.5633032321929932,1.2282993793487549,0.4923948347568512,0.452469140291214,4.638899326324463,0.09909609705209732,0.3628550171852112,0.4762113094329834,1.4892064332962036,0.5317733883857727,0.00039999998989515007,0.9978632926940918,0.12869712710380554,0.2915893495082855,3.0945382118225098,1.237773060798645,2.036165714263916,0.3120516836643219,0.7309583425521851,0.5474132299423218,0.38527199625968933,0.5418785214424133,1.2453514337539673,0.7479453682899475,0.6253585815429688,1.6811234951019287,0.5888685584068298,0.8408222794532776,0.05823751911520958,0.5191970467567444,0.35022684931755066,1.3956159353256226,0.18501481413841248,0.556434690952301,0.6487802863121033,0.17040590941905975,0.46890291571617126,0.03586745262145996,0.7060179114341736,0.5646604299545288,0.30210328102111816,0.6538667678833008,1.0641237497329712,0.8217394948005676,0.6305792331695557,0.28312376141548157,0.5178800225257874,0.4811650216579437,0.7699941396713257,0.1481984257698059,0.48450490832328796,0.08734792470932007,0.05469488352537155,1.5880800485610962
0.5103696584701538,0.4091092348098755,0.5741425156593323,0.5074078440666199,1.2222139835357666,0.20456460118293762,0.5967990159988403,4.631983280181885,0.2791809141635895,0.3499932885169983,0.6585121750831604,1.29373300075531,0.6772061586380005,0.00039999998989515007,1.0875686407089233,0.13650913536548615,0.23275040090084076,2.9773805141448975,1.239671230316162,1.9813048839569092,0.0857149213552475,0.5446397066116333,0.5635300278663635,0.46691277623176575,0.6573749780654907,1.3197720050811768,0.616938054561615,0.6707912087440491,1.5720434188842773,0.5143755078315735,0.9387894868850708,0.06885748356580734,0.4929738938808441,0.20660251379013062,1.5133880376815796,0.036169473081827164,0.5603939294815063,0.5605048537254333,0.28431224822998047,0.7476909756660461,0.09361720830202103,0.6782603859901428,0.3710421323776245,0.4833003878593445,0.40289542078971863,1.2963130474090576,0.657518208026886,0.8249543905258179,0.46418315172195435,0.7242181897163391,0.6580264568328857,0.8463099002838135,0.16683286428451538,0.4901941120624542,0.07231824845075607,0.08774132281541824,1.5438557863235474
0.7680572271347046,0.5114593505859375,0.10203053802251816,0.7872862219810486,1.0706465244293213,0.23020192980766296,1.055681586265564,4.446908473968506,0.068076953291893,0.5924729108810425,0.4276990592479706,1.3061599731445312,0.42152658104896545,0.00039999998989515007,0.5194463729858398,0.26846131682395935,0.32845401763916016,2.8254547119140625,1.2789959907531738,2.2619879245758057,0.6055809259414673,0.8916161060333252,0.4642994701862335,0.4967045187950134,0.33241504430770874,1.0459316968917847,0.7696608901023865,0.2885454297065735,1.3434369564056396,0.612021267414093,1.6613932847976685,0.1205529198050499,0.1382405161857605,0.43225011229515076,1.197431206703186,0.01520391646772623,0.8368974328041077,0.4966890811920166,0.3761937618255615,0.10426618158817291,0.11296007037162781,1.203528642654419,0.4262106716632843,0.22529998421669006,0.9527727961540222,0.6120424866676331,1.3328654766082764,0.4220413863658905,0.07363715767860413,0.9252501130104065,0.36500611901283264,0.6532938480377197,0.02971126325428486,0.47103816270828247,0.20463430881500244,0.3350406289100647,1.763243556022644
0.34529027342796326,0.5406066179275513,0.2847491502761841,0.6346755027770996,1.0544734001159668,0.08689026534557343,1.0258349180221558,4.671894073486328,0.15996642410755157,0.19605706632137299,0.7152090072631836,1.0908277034759521,0.9673805832862854,0.00039999998989515007,0.903777003288269,0.059385817497968674,0.0019530210411176085,3.2122561931610107,1.1677652597427368,1.6579560041427612,0.10701462626457214,0.94736647605896,0.9881696105003357,0.6464927196502686,0.32387202978134155,1.0114377737045288,0.434379518032074,0.5987297296524048,1.3000891208648682,0.1754520982503891,1.0442454814910889,0.4146333336830139,0.4734601676464081,0.3674268424510956,1.3142634630203247,0.15643912553787231,0.8224319815635681,0.6475983262062073,0.5814905166625977,0.6633644104003906,0.035426028072834015,0.8900505900382996,0.35278210043907166,0.5351736545562744,0.8481714129447937,1.5066182613372803,1.0943840742111206,0.36608752608299255,0.3373605012893677,0.5299345850944519,0.5548044443130493,0.2867867648601532,0.2830084562301636,0.3668226897716522,0.1649990826845169,0.29409804940223694,1.5998564958572388
0.5403592586517334,0.41649770736694336,0.7142393589019775,0.6073887348175049,0.9220325350761414,0.0029782194178551435,0.8461803197860718,4.638250350952148,0.11222410202026367,0.026566775515675545,0.4919167459011078,0.9997560381889343,0.7416207790374756,0.00039999998989515007,1.0199239253997803,0.3511785864830017,0.020709283649921417,3.329057216644287,1.1851547956466675,1.622707724571228,0.025214698165655136,0.7490655183792114,0.9141646027565002,0.6269935965538025,0.3463209271430969,1.1347852945327759,0.3458091914653778,0.8214040398597717,1.4565484523773193,0.05022989585995674,0.8986400961875916,0.3350362181663513,0.570541501045227,0.5377693176269531,1.4011625051498413,0.4750652611255646,0.8830211162567139,0.820950984954834,0.5235914587974548,0.7354791164398193,0.06017552316188812,0.7997440099716187,0.6315141320228577,0.5299111604690552,0.5357375144958496,1.447957158088684,1.1301218271255493,0.5943401455879211,0.4042755365371704,0.2852103114128113,0.6946098208427429,0.35076209902763367,0.06949180364608765,0.527065098285675,0.20724856853485107,0.0666062980890274,1.2855949401855469
0.3550235629081726,0.5481469631195068,0.6741594672203064,0.5795063972473145,0.9915347099304199,0.04708319902420044,0.8411902189254761,4.637326240539551,0.17398487031459808,0.017428308725357056,0.6774060130119324,0.8717635869979858,0.8419218063354492,0.00039999998989515007,1.0064640045166016,0.45711418986320496,0.0051945531740784645,3.2586543560028076,1.1024836301803589,1.5981769561767578,0.09007085114717484,0.7710666060447693,1.0192753076553345,0.6862100958824158,0.42551389336586,1.1196292638778687,0.25949886441230774,0.8485548496246338,1.4671627283096313,0.032225511968135834,0.8469324111938477,0.46874889731407166,0.6179386377334595,0.4559105634689331,1.4223450422286987,0.4667835533618927,0.827275276184082,0.870107889175415,0.6530687808990479,0.6439023613929749,0.10187149792909622,0.8456088900566101,0.5487086772918701,0.5579856634140015,0.555978000164032,1.5152969360351562,1.123020052909851,0.5781604647636414,0.5192365050315857,0.2196177840232849,0.6157346367835999,0.2316843718290329,0.11383870989084244,0.5187526941299438,0.1532382220029831,0.08303044736385345,1.304418683052063
0.04467375949025154,0.45055484771728516,0.34228020906448364,0.5639575123786926,0.4295855760574341,0.3716069459915161,1.180237889289856,4.683761119842529,0.14542369544506073,0.8884474635124207,0.7851212620735168,0.5987169742584229,0.9157810211181641,0.00039999998989515007,1.1880111694335938,0.18974974751472473,0.2072993963956833,2.7763049602508545,1.347205400466919,2.0196919441223145,0.6729469895362854,0.3727124333381653,0.6881201863288879,0.803828239440918,0.1216907724738121,1.5994830131530762,0.1548013985157013,0.8103825449943542,1.319780945777893,0.5391845107078552,0.8885303139686584,0.46595752239227295,0.039471112191677094,0.03964774310588837,0.7197181582450867,1.0691720247268677,0.5714638233184814,0.7980992197990417,0.6658868789672852,0.1770496964454651,0.22150979936122894,1.038528323173523,0.5148836374282837,0.5236368775367737,0.7227382659912109,1.0309314727783203,1.3329648971557617,0.8439717292785645,0.6504871845245361,0.4223601222038269,0.16100138425827026,0.5855783224105835,0.9744594693183899,0.4823639392852783,0.02672967128455639,0.40495359897613525,1.2332897186279297
0.6754656434059143,0.3858084976673126,1.0859392881393433,0.5186147689819336,0.52665776014328,0.16896985471248627,0.810547411441803,4.334389686584473,0.396979957818985,0.22774828970432281,0.19359292089939117,0.927282452583313,0.8678186535835266,0.00039999998989515007,0.6693630218505859,0.3796258568763733,0.13258400559425354,3.578263759613037,0.928544282913208,1.5312703847885132,0.16276764869689941,1.1333129405975342,1.6412607431411743,0.5825778841972351,0.47108107805252075,1.1246271133422852,0.33120298385620117,0.5494461059570312,0.9337150454521179,0.13875237107276917,0.731910228729248,0.4577687978744507,0.15710115432739258,1.0288565158843994,1.105907917022705,1.1059761047363281,1.011284351348877,0.7630128860473633,0.07379207760095596,0.7965582609176636,0.40372905135154724,0.5910775065422058,0.7403950691223145,1.0357993841171265,0.6330279111862183,1.2463254928588867,1.1360018253326416,0.6982368230819702,0.06299121677875519,0.03940689563751221,0.6493809819221497,0.06608020514249802,0.2543330788612366,0.5493505597114563,0.24261917173862457,0.4040614664554596,1.2322652339935303
0.7989175319671631,0.5665587782859802,0.8256582617759705,0.4290623366832733,0.8176925182342529,0.05049510300159454,0.9113934636116028,4.66749906539917,0.010878505185246468,0.041723910719156265,0.4684959948062897,0.9775807857513428,0.381721168756485,0.00039999998989515007,0.5969956517219543,0.40695855021476746,0.1810876876115799,3.10292649269104,1.2453501224517822,1.7830474376678467,0.02263001911342144,0.6557144522666931,0.6372668147087097,0.7389538884162903,0.24052761495113373,0.8796217441558838,0.5461301803588867,0.4817841351032257,1.4146392345428467,0.060715287923812866,0.9314664006233215,0.2338867485523224,0.47462284564971924,0.6617794632911682,1.8359770774841309,0.5662777423858643,0.8326389789581299,0.9682170748710632,0.7035324573516846,0.4549840986728668,0.26833435893058777,0.8034510016441345,0.5967095494270325,0.40696534514427185,0.56864333152771,1.5289746522903442,1.2841252088546753,0.6409051418304443,0.4660643935203552,0.28453877568244934,0.6192296743392944,0.6580654382705688,0.15628460049629211,0.707055389881134,0.07116863131523132,0.20872966945171356,1.0907469987869263
0.5229419469833374,0.2897232174873352,0.6493723392486572,0.591695249080658,0.8957199454307556,0.22748355567455292,1.0701433420181274,4.6253814697265625,0.12227187305688858,0.0334220752120018,0.4942357540130615,0.9537146091461182,0.9728182554244995,0.00039999998989515007,1.0445078611373901,0.2386610209941864,0.15883764624595642,3.243318557739258,1.291783332824707,1.5025215148925781,0.017742207273840904,0.7121885418891907,0.8857645988464355,0.6634836196899414,0.24543625116348267,1.116253137588501,0.2163316309452057,0.9120048880577087,1.253412127494812,0.025841228663921356,0.9760009050369263,0.22772759199142456,0.44806867837905884,0.40318918228149414,1.3744257688522339,0.32197949290275574,0.9724318981170654,0.6881251335144043,0.5567057728767395,1.120214819908142,0.230463445186615,0.7753321528434753,0.6032289862632751,0.693583607673645,0.39528360962867737,1.641236424446106,1.0602649450302124,0.5655277967453003,0.38043972849845886,0.492623895406723,0.8607087731361389,0.3202606439590454,0.11315043270587921,0.4361525774002075,0.2687632441520691,0.040078818798065186,1.2096742391586304
0.5876559019088745,0.545045793056488,0.6226288676261902,0.6435349583625793,1.023087978363037,0.1861247420310974,1.0989089012145996,4.595961093902588,0.17179429531097412,0.02061031572520733,0.6468600630760193,0.8240823745727539,0.8479896783828735,0.00039999998989515007,0.9199982285499573,0.39288368821144104,0.0665910467505455,3.113203287124634,1.1666682958602905,1.6736623048782349,0.07016982138156891,0.7625194787979126,0.9468385577201843,0.7092524766921997,0.47861161828041077,1.083977222442627,0.30764240026474,0.8667312860488892,1.3171348571777344,0.021223807707428932,1.1999682188034058,0.3476324677467346,0.5102353692054749,0.31060996651649475,1.511350154876709,0.24263440072536469,0.952555775642395,0.7197305560112,0.6853998303413391,0.8458459973335266,0.14719629287719727,0.9489777088165283,0.564098060131073,0.5971393585205078,0.3836786448955536,1.450752854347229,1.0831857919692993,0.5782725214958191,0.45376572012901306,0.496624618768692,0.6898952722549438,0.30582061409950256,0.052638109773397446,0.4668865203857422,0.2600213289260864,0.13360102474689484,1.2867202758789062
0.2261381596326828,0.6178543567657471,0.5909623503684998,0.8959304690361023,1.2050583362579346,0.34780171513557434,0.8054296970367432,4.599753379821777,0.4873747229576111,0.005889859516173601,0.734639585018158,0.7698954343795776,1.0256110429763794,0.00039999998989515007,1.1549859046936035,0.2785034477710724,0.0741763636469841,3.3324666023254395,0.9526146054267883,1.4139161109924316,0.036421697586774826,0.705565333366394,1.0404844284057617,0.7218720316886902,0.6506748199462891,0.9578911662101746,0.24660362303256989,0.65131014585495,1.4630368947982788,0.19653095304965973,0.6407575607299805,0.3530533015727997,0.6082435846328735,0.43330657482147217,1.4716660976409912,0.4883723556995392,1.064749002456665,0.7673238515853882,0.45510950684547424,0.5483784079551697,0.16823641955852509,0.9012762308120728,0.48523712158203125,0.5413323640823364,0.7457967400550842,1.6465601921081543,1.0370465517044067,0.3803185820579529,0.38803407549858093,0.4161904752254486,0.6049885153770447,0.14389145374298096,0.16185812652111053,0.34008920192718506,0.15624578297138214,0.08906930685043335,1.2358603477478027
0.5368667840957642,0.41553056240081787,0.7148221135139465,0.6055580973625183,0.9235016107559204,0.005384278483688831,0.847716748714447,4.6386919021606445,0.11068296432495117,0.026354210451245308,0.49118539690971375,0.9991881847381592,0.7492340803146362,0.00039999998989515007,1.020512342453003,0.3559746742248535,0.023446746170520782,3.3321306705474854,1.1854976415634155,1.6192580461502075,0.02358626201748848,0.7479434609413147,0.9182685613632202,0.6250316500663757,0.3472272753715515,1.135020136833191,0.339768648147583,0.8242821097373962,1.4509303569793701,0.04898672550916672,0.9010431170463562,0.33398038148880005,0.5670503377914429,0.5361120104789734,1.3980334997177124,0.4743669927120209,0.8864290118217468,0.8212942481040955,0.5231766700744629,0.7419279217720032,0.059214796870946884,0.8010396361351013,0.6316118240356445,0.5389201045036316,0.5328899621963501,1.4462883472442627,1.1258825063705444,0.5979546904563904,0.40194594860076904,0.28519779443740845,0.6973392367362976,0.3457784354686737,0.07157213985919952,0.5276530981063843,0.21090054512023926,0.06903944164514542,1.2811588048934937
