E_0,L_0,P_0,M_s_0,M_e_0,M_i_0,H_s_0,H_e_0,H_i_0,H_r_0,C,sigma,gamma,mu_H,beta_M,beta_H,theta_M,theta_H,alpha_b,alpha_E,alpha_L,alpha_P,a_b,a_E,a_L,a_P,c_E,c_L,c_P,c_M,d_E,d_L,d_P,d_M,T_b_max,T_E_max,T_L_max,T_P_max,T_E_min,T_L_min,T_P_min,T_M_min,R_b,R_E,R_L,R_P,r_b,r_E,r_L,r_P,s_b,s_E,s_L,s_P,e_E,e_L,e_P
0.39307594299316406,0.6111928224563599,1.83233642578125,0.8885741829872131,1.7447378635406494,0.7894592881202698,1.0471441745758057,0.16477960348129272,1.1813536882400513,2.0917749404907227,0.02790498360991478,0.29570627212524414,0.3820329010486603,0.00039999998989515007,0.16312843561172485,1.6376417875289917,0.8975591063499451,0.596444845199585,1.6146198511123657,0.6561949253082275,0.4821632504463196,0.4793297052383423,0.4974459409713745,0.5181403160095215,0.271194726228714,0.5713088512420654,0.45972999930381775,1.928004503250122,1.0914106369018555,0.0044160387478768826,0.35321447253227234,0.9983934164047241,2.231745958328247,0.5656698942184448,0.6352731585502625,1.0552109479904175,0.9638243317604065,0.8475688099861145,0.02104055881500244,0.7448227405548096,0.0762709453701973,0.10244567692279816,0.1878402680158615,1.4131897687911987,0.544958770275116,1.1896517276763916,0.6577814817428589,0.598853349685669,1.6866025924682617,0.2524915039539337,0.8997962474822998,1.331170678138733,0.6218934059143066,0.6075701713562012,1.2677688598632812,0.2402014583349228,2.1255171298980713
0.6264184713363647,0.4029444456100464,1.767781138420105,0.5304490327835083,0.6782243847846985,2.2745704650878906,1.0656414031982422,0.06703180074691772,0.3702825903892517,1.1920279264450073,0.9752675294876099,0.27872347831726074,0.6862794160842896,0.00039999998989515007,0.14872153103351593,1.2044168710708618,1.686035394668579,0.41852179169654846,1.0912744998931885,1.283096432685852,2.0125184059143066,0.07882215827703476,0.49868372082710266,0.8300909996032715,0.39314186573028564,0.5370615720748901,0.24247047305107117,1.5156139135360718,0.10917787253856659,0.12038148194551468,0.699339747428894,1.9503082036972046,0.7460227608680725,0.8858582973480225,0.5398192405700684,1.4982900619506836,0.9368362426757812,1.5328656435012817,0.8289703726768494,2.0286927223205566,0.34991276264190674,0.6121669411659241,0.6511470675468445,0.8869051933288574,0.05379345640540123,0.6594405770301819,0.44622036814689636,0.5240536332130432,1.3472187519073486,0.23223304748535156,0.6847341656684875,0.7075440883636475,0.09322918206453323,0.5768353343009949,0.7964594960212708,0.5170912146568298,2.041247606277466
0.04255509749054909,0.4193127751350403,2.121872663497925,0.4818376302719116,1.4638117551803589,1.6194508075714111,0.657569408416748,0.2278260886669159,0.6814140677452087,1.3568485975265503,0.4829522371292114,0.8033130168914795,0.10475146770477295,0.00039999998989515007,0.1627172976732254,1.3821043968200684,0.8362817764282227,1.1065669059753418,1.2830408811569214,0.9010469317436218,1.344343900680542,1.241498351097107,0.2571853697299957,0.17499788105487823,0.11943241208791733,0.5190733075141907,0.24321699142456055,1.6893248558044434,0.28812673687934875,0.580786943435669,0.34295764565467834,0.846923291683197,0.9438052177429199,0.9166203141212463,0.08556796610355377,0.8260230422019958,0.44106027483940125,1.5068824291229248,0.8454373478889465,1.92822265625,0.4639413058757782,1.2644027471542358,0.165873721241951,0.47044241428375244,0.3045160174369812,0.768912136554718,0.31279176473617554,0.08729812502861023,1.8713003396987915,0.8559879660606384,1.5202852487564087,1.4946775436401367,0.9383703470230103,1.2318358421325684,0.41763660311698914,0.018890440464019775,2.2164413928985596
0.08679066598415375,0.3854633867740631,1.4498978853225708,1.0360071659088135,1.142475962638855,2.350637912750244,0.5738228559494019,0.42433634400367737,0.1438845694065094,0.14085163176059723,0.2651917338371277,0.4886152148246765,0.21364623308181763,0.00039999998989515007,0.8183506727218628,0.901375412940979,0.7610369920730591,0.33520054817199707,1.469058871269226,1.299149990081787,1.8354592323303223,0.6113492846488953,0.17701533436775208,0.6371992230415344,0.9868640899658203,0.19870667159557343,0.10978555679321289,1.5246424674987793,0.07807721942663193,1.0840731859207153,0.7597054839134216,1.9511158466339111,0.08781768381595612,1.2654123306274414,0.45339009165763855,1.1831469535827637,0.8937441110610962,1.5027821063995361,0.8457737565040588,2.416524887084961,0.47042080760002136,0.6672148704528809,0.7150246500968933,1.052752137184143,0.09982317686080933,0.7765759825706482,0.26422348618507385,0.971015214920044,1.5191224813461304,0.5432487726211548,1.4047470092773438,0.8761963248252869,0.19284190237522125,0.7184412479400635,0.0932224690914154,0.8646098375320435,1.5633280277252197
1.1339939832687378,0.39765465259552,0.6746670007705688,0.5417824983596802,2.0052661895751953,1.8240619897842407,0.6669573783874512,0.033702243119478226,1.1943222284317017,0.8193135857582092,0.45316776633262634,0.21420171856880188,1.7762104272842407,0.00039999998989515007,1.177642583847046,0.18534144759178162,0.44804850220680237,1.4069299697875977,1.3216578960418701,0.8358363509178162,0.9558227062225342,0.6139073371887207,1.2800904512405396,1.602064609527588,1.0524121522903442,1.3346704244613647,1.0910019874572754,0.8054918646812439,0.633025050163269,0.6979857683181763,0.03956408053636551,0.6095492243766785,0.8413496613502502,0.07623206824064255,0.7502564191818237,0.42320650815963745,1.2614408731460571,1.1534583568572998,2.2173714637756348,1.6436330080032349,0.1718989908695221,0.9465502500534058,0.6734504103660583,1.2588542699813843,0.09739408642053604,0.04452701658010483,0.5538941621780396,1.039551854133606,1.0412287712097168,0.8336606621742249,0.9866952896118164,0.45021119713783264,1.0881203413009644,0.3214380741119385,1.1675747632980347,0.07387446612119675,1.0037444829940796
0.6195573806762695,0.9081528782844543,2.0021111965179443,0.7917770743370056,1.8645124435424805,1.5505636930465698,0.7605356574058533,0.4893482029438019,0.03801437467336655,0.5101550221443176,0.7423028945922852,0.6236092448234558,1.6737186908721924,0.00039999998989515007,0.6568276286125183,0.8127837181091309,1.1176738739013672,0.6533183455467224,1.3447163105010986,1.2302098274230957,1.5788884162902832,0.5054742097854614,1.0025235414505005,0.4979884624481201,0.05180596560239792,1.8025493621826172,1.21675705909729,1.467124104499817,0.027973175048828125,0.6333178877830505,0.04750455915927887,1.2814878225326538,0.304135799407959,0.9798162579536438,0.05744318291544914,1.5482499599456787,0.302018940448761,1.239467978477478,0.4098398983478546,1.4978468418121338,0.35663554072380066,0.33383747935295105,0.8673590421676636,0.2415464073419571,0.3287169635295868,0.3658549189567566,0.32581377029418945,0.16597846150398254,2.3759164810180664,1.078642725944519,0.9157158732414246,1.3214665651321411,0.13535721600055695,0.5841610431671143,0.04725240170955658,0.6560808420181274,1.1525306701660156
0.46416574716567993,0.1656324863433838,0.8162859082221985,0.35275134444236755,1.39939284324646,2.256709098815918,0.15354156494140625,0.25994932651519775,0.30548644065856934,0.044303663074970245,0.24015477299690247,0.5821343064308167,1.2800029516220093,0.00039999998989515007,0.7383906841278076,1.4161440134048462,0.8914409279823303,0.120168536901474,0.7765417695045471,0.9661864638328552,1.8850324153900146,0.4896164834499359,0.7354480624198914,0.7032902836799622,1.4082894325256348,0.08373687416315079,0.5822904109954834,1.570764183998108,0.018660737201571465,1.05701744556427,0.40554356575012207,1.9582690000534058,0.10334364324808121,0.9775979518890381,0.35714733600616455,0.7546260356903076,0.010207349434494972,0.45718228816986084,0.6142591238021851,2.2973101139068604,1.1557259559631348,0.19271481037139893,0.7377771139144897,2.082641363143921,0.5582478046417236,1.2224010229110718,1.117907166481018,1.0783724784851074,1.7371832132339478,0.07606515288352966,0.6631253361701965,1.3802282810211182,0.3488136827945709,0.25427138805389404,0.12516683340072632,0.7498230934143066,1.3942749500274658
0.6145420670509338,0.38060295581817627,1.9000409841537476,0.5717839002609253,0.8211125731468201,1.8579877614974976,0.6956208944320679,0.2587798535823822,0.5070652961730957,0.9964180588722229,0.04401816055178642,0.8795669674873352,0.16409821808338165,0.00039999998989515007,0.4630375802516937,2.0329842567443848,2.191164970397949,0.4389553368091583,0.5702815651893616,2.2180325984954834,2.016993284225464,0.28235960006713867,0.4145192503929138,0.35419484972953796,0.3139173984527588,0.5654125809669495,0.3403877317905426,1.1448051929473877,0.6108942031860352,0.3614502549171448,0.8132098913192749,1.284558892250061,0.719961941242218,1.0978068113327026,0.19215378165245056,0.8556431531906128,0.41801705956459045,0.6394028663635254,0.8391996622085571,1.0184370279312134,0.4521313011646271,1.4856626987457275,0.4773714542388916,0.01847139187157154,0.4292420744895935,0.8752084374427795,0.31147992610931396,0.0666823610663414,2.2021114826202393,0.16652163863182068,0.7990697026252747,0.19921377301216125,0.06819334626197815,1.536736011505127,0.9154950976371765,0.8364261388778687,1.7951704263687134
0.062054023146629333,0.26769763231277466,1.115924596786499,0.09424813836812973,0.25067582726478577,0.40443751215934753,0.5188156962394714,0.463091641664505,0.07726815342903137,1.7109829187393188,0.4361511170864105,0.2653537690639496,1.2932473421096802,0.00039999998989515007,0.22789287567138672,1.7322161197662354,0.5096828937530518,0.06346647441387177,1.8159810304641724,1.3238153457641602,0.5937196612358093,0.525434672832489,0.5790396928787231,0.7732987403869629,0.2533513903617859,0.5955737829208374,0.21050135791301727,2.257797956466675,1.3300436735153198,0.4272999167442322,0.7406759262084961,0.33883848786354065,0.9624969959259033,0.7149026989936829,0.42008185386657715,1.428109884262085,0.07890207320451736,1.6170449256896973,0.5272097587585449,0.8603715300559998,0.048473868519067764,1.6650453805923462,1.413465142250061,0.6461286544799805,0.46327847242355347,0.11683980375528336,0.5462271571159363,1.5691899061203003,1.508379578590393,1.211916446685791,1.5497406721115112,0.7689381241798401,0.011322597041726112,1.1040046215057373,0.05547440052032471,0.44941338896751404,2.7161550521850586
0.38339462876319885,0.20513330399990082,1.8671687841415405,0.8640570044517517,0.9506726264953613,2.4634878635406494,0.7497735023498535,0.6486303806304932,0.33467188477516174,0.6695547699928284,0.2684410810470581,0.6495228409767151,0.6528806686401367,0.00039999998989515007,0.22423045337200165,0.5707513689994812,0.8692520260810852,0.19813808798789978,1.9455090761184692,0.9769037365913391,1.6368472576141357,0.5356212854385376,0.05977021902799606,0.20427998900413513,0.5150174498558044,0.17646220326423645,0.47441959381103516,1.7934521436691284,0.16671620309352875,1.1916626691818237,0.3628099858760834,2.167419195175171,0.4036277234554291,1.2448596954345703,0.2683004140853882,1.3665961027145386,0.7949116230010986,1.746626377105713,0.41311177611351013,2.4261581897735596,0.47406888008117676,0.5322082042694092,0.6458377838134766,0.5009188652038574,0.11271753907203674,0.5946699976921082,0.18924260139465332,0.8482751846313477,1.2053695917129517,0.9144824743270874,1.1963008642196655,1.0362920761108398,0.04789990186691284,0.5812715888023376,0.7297447919845581,0.6058476567268372,1.23357093334198
0.9648979902267456,0.04931444674730301,1.765163779258728,0.16258929669857025,0.857518196105957,2.196140766143799,0.30400267243385315,0.23306144773960114,0.24698135256767273,0.48781853914260864,0.5534210205078125,1.3578258752822876,0.18735437095165253,0.00039999998989515007,0.7143127918243408,1.420184850692749,2.2735939025878906,0.04332359507679939,0.7446489930152893,1.5211117267608643,1.6302512884140015,0.8503169417381287,0.07615796476602554,0.32249024510383606,0.4210527539253235,0.22254639863967896,0.464082270860672,1.3152693510055542,0.3587106764316559,2.0705411434173584,0.092483289539814,1.7270009517669678,0.26451006531715393,1.432267427444458,0.16692708432674408,1.0572705268859863,0.874038577079773,0.003480212762951851,0.206621453166008,1.58258056640625,0.553657591342926,0.5125381350517273,1.304456114768982,1.0225884914398193,0.7809234857559204,1.105281949043274,0.5688546895980835,0.8306503891944885,1.993004322052002,0.20970986783504486,0.14276452362537384,0.06039668992161751,0.2795330882072449,0.07532042264938354,1.3679986000061035,0.7343491911888123,0.9359764456748962
0.3390386402606964,0.9175035953521729,1.8526872396469116,0.8497486114501953,2.1414294242858887,1.0163997411727905,0.9107195138931274,0.16118860244750977,0.887546718120575,0.5385470390319824,0.280813992023468,0.059598442167043686,0.5815361738204956,0.00039999998989515007,0.7341477870941162,0.3485223352909088,0.939960241317749,0.6353069543838501,0.06055160239338875,0.14431095123291016,1.1447120904922485,1.3286678791046143,0.3491283059120178,0.450303852558136,0.34646090865135193,1.978695273399353,1.717288851737976,0.4124656319618225,0.5294218063354492,0.26826685667037964,1.3754992485046387,0.36845991015434265,0.2967890799045563,0.6177687048912048,1.7078269720077515,0.8744210004806519,0.5719650387763977,0.6701926589012146,0.6703653931617737,1.8311820030212402,0.15107361972332,1.3892030715942383,0.6353530287742615,1.9402146339416504,0.8669543862342834,1.8484888076782227,0.8751727938652039,0.7036905288696289,1.3681182861328125,0.6095731854438782,0.6651543378829956,1.6321882009506226,0.6425887942314148,0.6241286396980286,0.33888399600982666,0.2671729624271393,1.1729038953781128
0.9193213582038879,1.2591850757598877,2.071984052658081,0.014972338452935219,1.0390937328338623,1.9541370868682861,0.5065131187438965,0.4729043245315552,0.9823132157325745,1.418522596359253,0.514011800289154,1.1817351579666138,0.20484191179275513,0.00039999998989515007,0.20393048226833344,0.8188214302062988,1.1100846529006958,0.15882980823516846,2.3136138916015625,0.9487167596817017,0.6693950295448303,0.9679810404777527,0.21021181344985962,1.0834769010543823,0.10995827615261078,0.5482855439186096,1.5495425462722778,2.2872254848480225,0.5242953896522522,1.259706735610962,0.9969019293785095,0.6886850595474243,1.085098147392273,1.0804752111434937,0.4798494875431061,1.1703561544418335,0.5642572641372681,0.6777746081352234,0.7964498996734619,1.0369218587875366,0.11123234778642654,1.3735707998275757,0.25382715463638306,0.43962517380714417,0.06384751945734024,0.5064375996589661,1.3322628736495972,0.25847530364990234,1.306383728981018,0.6871764659881592,0.12388511002063751,0.4781598746776581,0.37712982296943665,1.183902382850647,1.0187705755233765,0.7533326745033264,0.9457024931907654
0.05673987418413162,0.5350664258003235,2.318176507949829,0.6101943254470825,1.4779349565505981,1.88204026222229,1.1791363954544067,0.31927722692489624,1.3230745792388916,0.7174612283706665,0.7858688831329346,0.08645332604646683,1.4766006469726562,0.00039999998989515007,0.8443535566329956,0.5746174454689026,1.1046379804611206,1.1758729219436646,0.7522618174552917,0.24845007061958313,1.1517616510391235,1.138327956199646,0.8443481922149658,0.6019318699836731,0.6618632674217224,1.3013523817062378,1.1554200649261475,0.9211532473564148,1.3912134170532227,0.03763272985816002,1.358749508857727,0.5280638337135315,0.9386135935783386,0.4069405198097229,1.873487114906311,0.9974696636199951,0.07347886264324188,0.8833038210868835,1.470479130744934,1.6100118160247803,0.12419187277555466,0.2848679721355438,0.704655110836029,1.6841129064559937,0.5726272463798523,1.1883375644683838,0.14670926332473755,0.67609703540802,1.3431285619735718,0.04508582875132561,0.0007359547889791429,0.4670408368110657,0.6620544791221619,1.0774494409561157,0.19328787922859192,0.3247731924057007,0.9315094947814941
0.263821542263031,0.14386199414730072,2.058248519897461,0.3296954333782196,1.0324348211288452,2.359194755554199,0.9878306984901428,0.25923430919647217,0.598594069480896,0.8773593306541443,0.10271017253398895,0.5175601243972778,0.3537459075450897,0.00039999998989515007,0.1803557127714157,1.0063155889511108,1.1142367124557495,0.5991137623786926,1.8124229907989502,0.9699728488922119,1.6939499378204346,0.7326697111129761,0.33124008774757385,0.2094082236289978,0.5218314528465271,0.06328489631414413,0.5793936848640442,1.9379271268844604,0.31659114360809326,0.725814938545227,0.20036816596984863,1.6524213552474976,0.7777085900306702,1.0720045566558838,0.3490961790084839,1.182814359664917,0.7917102575302124,1.7072093486785889,0.9383963942527771,2.376852512359619,0.2192135453224182,0.7350013852119446,0.2550441026687622,0.9068811535835266,0.22615256905555725,0.6944764256477356,0.2267892211675644,0.5422017574310303,1.451810359954834,0.6389184594154358,1.1663849353790283,0.9354165196418762,0.3317979872226715,0.3337203562259674,0.6599813103675842,0.49983423948287964,1.6982390880584717
0.9633426070213318,0.19699956476688385,1.407985806465149,1.4059383869171143,1.1692638397216797,1.6229190826416016,0.909753680229187,0.3787997364997864,0.48335206508636475,0.9789077639579773,0.884721577167511,0.9454936385154724,0.453672856092453,0.00039999998989515007,0.25070565938949585,0.987128734588623,0.3678662180900574,0.23448872566223145,1.0456024408340454,0.3306935131549835,1.5980846881866455,0.8712950944900513,0.11581236124038696,1.3236936330795288,0.43231910467147827,0.552939772605896,0.38297542929649353,1.0108875036239624,0.34491488337516785,1.0832467079162598,0.4216005206108093,1.5759756565093994,1.2318062782287598,0.6435104012489319,0.24257592856884003,0.10838256031274796,0.2760739028453827,1.2927379608154297,0.00646396866068244,2.1159520149230957,0.2237926870584488,0.04584347456693649,0.33690619468688965,0.23255906999111176,0.7077171206474304,0.13887710869312286,0.7491104006767273,0.6232162714004517,1.4309414625167847,1.8490848541259766,1.9693808555603027,2.534867525100708,0.17744575440883636,1.1827683448791504,0.8012622594833374,0.3944556713104248,1.4157954454421997
0.6624671816825867,1.347471833229065,1.830788254737854,1.0300902128219604,1.5774312019348145,1.686881184577942,0.9707682132720947,0.029502393677830696,1.55426824092865,1.7562665939331055,0.06831397116184235,0.04690801352262497,0.33409491181373596,0.00039999998989515007,1.1970182657241821,0.2700778841972351,0.30292102694511414,0.12739185988903046,2.085582971572876,0.3852103054523468,0.16544613242149353,0.9072257280349731,1.0494943857192993,1.9072123765945435,0.3351304233074188,1.6498545408248901,1.324379563331604,1.1769713163375854,1.3711861371994019,0.19870588183403015,1.3486931324005127,0.8136039972305298,1.4718681573867798,0.5856374502182007,1.1101144552230835,1.432372808456421,0.5078416466712952,1.2995924949645996,0.7705024480819702,0.8696755170822144,0.14346562325954437,0.18255576491355896,0.36187857389450073,1.0749073028564453,0.004008312709629536,0.3880765736103058,1.0096431970596313,0.2691003978252411,0.6002535820007324,0.14146876335144043,0.1813586801290512,0.5228367447853088,0.30449262261390686,1.515407919883728,0.4039340913295746,0.6075299978256226,0.2816924452781677
0.07175243645906448,0.6810440421104431,1.717052936553955,1.3504844903945923,1.6264132261276245,1.5761795043945312,0.6818649768829346,0.14613911509513855,0.4620041251182556,1.2451599836349487,1.6820393800735474,1.612452745437622,0.7188544273376465,0.00039999998989515007,0.793154776096344,0.8464552164077759,0.2471965253353119,0.22827716171741486,1.491247296333313,0.26956427097320557,0.9365689754486084,1.0806695222854614,0.44341033697128296,0.5261457562446594,0.24537838995456696,1.5469868183135986,1.0473943948745728,1.3540481328964233,0.9965120553970337,1.4299737215042114,0.6176940202713013,0.8472025990486145,1.4046528339385986,0.8982933163642883,0.13408982753753662,0.3565783202648163,0.7910131216049194,0.623053252696991,0.7386372685432434,1.432349681854248,0.13864488899707794,0.7555721998214722,0.9267869591712952,0.16559354960918427,0.8278951644897461,0.2914251387119293,0.3680480122566223,0.09682536125183105,1.8237409591674805,2.0295519828796387,1.3434761762619019,1.429639220237732,0.23491588234901428,0.10285773128271103,0.8812950849533081,0.310959130525589,0.6802851557731628
0.10616111010313034,0.4040610194206238,2.347778558731079,0.7484353184700012,0.8470812439918518,2.359133005142212,1.1400434970855713,0.42431768774986267,0.22321899235248566,0.8221228718757629,0.04822828993201256,0.5013676285743713,0.13632312417030334,0.00039999998989515007,0.16723959147930145,0.7540757656097412,0.9621177911758423,0.7340071797370911,1.2752829790115356,1.010622501373291,1.678153395652771,0.8024653792381287,0.17457421123981476,0.19233497977256775,0.6615511775016785,0.08568321168422699,0.02517654560506344,1.4251325130462646,0.34193331003189087,0.5570656061172485,0.42811137437820435,1.7738767862319946,0.5194072723388672,1.1017292737960815,0.1430937945842743,1.2463008165359497,1.2222375869750977,1.7775681018829346,0.7532577514648438,2.620656728744507,0.06840167194604874,0.9486925005912781,0.27433618903160095,0.364985853433609,0.024680322036147118,0.7314532995223999,0.10495764762163162,0.6145686507225037,1.3671549558639526,0.8454313278198242,1.4384626150131226,1.0289316177368164,0.22161319851875305,0.980676531791687,0.7400699853897095,0.5447855591773987,1.372681736946106
0.48078206181526184,0.323859304189682,2.3441641330718994,0.8789147138595581,1.1660231351852417,1.7500580549240112,1.4672157764434814,0.014795837923884392,0.3174167573451996,0.24230308830738068,0.862218976020813,0.6922236084938049,0.4455566108226776,0.00039999998989515007,0.06502082943916321,1.1780321598052979,1.1878470182418823,1.2082196474075317,1.2168992757797241,1.2776293754577637,1.7827664613723755,0.8493627309799194,0.29255858063697815,0.5435796976089478,0.3579002022743225,0.33432406187057495,0.5434350371360779,1.52840256690979,0.5859847664833069,0.429735392332077,0.009280960075557232,1.0823729038238525,0.7844895124435425,1.1757855415344238,0.5921834111213684,0.8709132671356201,0.33687520027160645,1.3541078567504883,1.4230974912643433,2.1886885166168213,0.11794046312570572,0.6167852282524109,0.7177233695983887,0.23603597283363342,0.6134045124053955,0.8240484595298767,0.6607304215431213,0.30464431643486023,2.042891025543213,1.082842230796814,1.2843296527862549,1.046433925628662,0.04011312872171402,0.30888575315475464,0.6342708468437195,0.45142513513565063,1.3848904371261597
0.2392960637807846,1.2998785972595215,2.078958511352539,0.35188132524490356,0.004646358545869589,1.480594277381897,0.8237382769584656,0.14252105355262756,1.0654712915420532,1.7362465858459473,1.1339459419250488,1.1517510414123535,0.3622649610042572,0.00039999998989515007,0.4805234968662262,1.828955888748169,0.848376989364624,0.8477829098701477,1.11823570728302,0.7332523465156555,0.4912909269332886,1.1657061576843262,1.186626672744751,0.3472343981266022,0.11695670336484909,0.9844908118247986,1.10444974899292,0.4244275689125061,1.2216788530349731,1.2899863719940186,1.585490345954895,0.01889624074101448,1.9390733242034912,0.6204610466957092,0.2740700840950012,0.889219343662262,1.233067512512207,0.9319697022438049,0.37640899419784546,0.7639939785003662,0.6207923889160156,0.5305742025375366,1.0417391061782837,0.8706834316253662,0.9314991235733032,2.1420013904571533,0.033873625099658966,1.0406912565231323,1.1928766965866089,0.5365039110183716,0.4159460961818695,0.3361664414405823,1.0016666650772095,0.841971218585968,1.0263841152191162,0.22291456162929535,0.3993584215641022
0.27692776918411255,0.3503686487674713,0.5378117561340332,0.20833872258663177,1.0598021745681763,2.489680528640747,0.9189031720161438,0.09980359673500061,0.13807649910449982,0.8120127320289612,1.2892649173736572,0.5719475746154785,1.105467438697815,0.00039999998989515007,0.4085451066493988,1.4698745012283325,0.9015007615089417,0.03687731921672821,1.2927556037902832,1.652572751045227,2.3034331798553467,0.34615516662597656,0.8304255604743958,0.19699813425540924,1.2732332944869995,1.0008457899093628,0.40130195021629333,1.462358832359314,0.620430588722229,0.35048753023147583,1.0267573595046997,1.6309192180633545,0.7475449442863464,0.9628211259841919,0.011246579699218273,1.059891939163208,0.8020434379577637,1.0708603858947754,0.919373095035553,1.8055568933486938,0.48966291546821594,0.6563326120376587,0.8105124235153198,1.2789716720581055,0.12566332519054413,0.537818193435669,0.3731907606124878,0.47750124335289,1.3040976524353027,0.4178685247898102,1.0445380210876465,0.5653574466705322,0.4726578891277313,0.019713276997208595,0.23797985911369324,0.8440666198730469,2.063624143600464
0.13738639652729034,0.016582420095801353,1.9243414402008057,0.739284098148346,1.0256006717681885,2.4179983139038086,0.8345165848731995,0.4359301030635834,0.5024787187576294,0.744890570640564,0.028110289946198463,0.8234609365463257,0.06629996001720428,0.00039999998989515007,0.3381987512111664,1.0075565576553345,1.0804166793823242,0.4292236864566803,1.8140997886657715,0.9244222044944763,1.6193350553512573,0.8561172485351562,0.2472517490386963,0.17594048380851746,0.539972186088562,0.12849324941635132,0.5601306557655334,1.8041725158691406,0.28564968705177307,1.320756435394287,0.19846248626708984,1.780349850654602,0.6150962114334106,1.1617250442504883,0.030633293092250824,1.0055278539657593,0.6518988013267517,1.409397840499878,0.7001031637191772,2.412407636642456,0.5536709427833557,0.7081806063652039,0.6501939296722412,0.8458734154701233,0.309373140335083,0.8020316362380981,0.06792569160461426,0.8522953391075134,1.4790271520614624,0.8209324479103088,1.1709747314453125,1.0237988233566284,0.2809663414955139,0.4815620183944702,0.702831506729126,0.43080735206604004,1.560623288154602
0.44916829466819763,0.5190926790237427,2.407808780670166,0.17226962745189667,0.2005983144044876,2.2896928787231445,0.13801024854183197,0.07835434377193451,0.47560298442840576,1.0889666080474854,0.10816749185323715,1.5535029172897339,0.5855436325073242,0.00039999998989515007,0.32974693179130554,0.6480826139450073,1.0088913440704346,0.5470293164253235,2.2818267345428467,1.0130844116210938,0.35714980959892273,0.55448979139328,0.11120127141475677,1.0398815870285034,0.19444257020950317,0.3385825753211975,0.9809131622314453,2.207430601119995,0.37480685114860535,1.2854762077331543,0.20826315879821777,1.1689579486846924,0.2171744406223297,1.4381135702133179,0.4667441248893738,1.6120601892471313,0.5821011066436768,0.8441383838653564,0.6117104291915894,1.3809374570846558,0.30639326572418213,2.3239262104034424,0.11559945344924927,0.1807786375284195,0.5326688289642334,0.7847008109092712,1.392114520072937,0.42036890983581543,1.3653663396835327,0.15995562076568604,0.2741301953792572,0.8414238691329956,0.2659095823764801,0.6825838088989258,0.6176116466522217,0.7678998708724976,0.7700558304786682
0.2475336343050003,0.15935416519641876,1.9018523693084717,0.17287981510162354,1.0297324657440186,2.2939538955688477,1.0741230249404907,0.24174340069293976,0.8185529112815857,0.9626696109771729,0.14827078580856323,0.4601859450340271,0.6808199882507324,0.00039999998989515007,0.28198572993278503,1.1482794284820557,1.0610204935073853,0.9353443384170532,1.9465365409851074,0.8785416483879089,1.5640895366668701,0.7880616188049316,0.5611566305160522,0.4694528877735138,0.6181508302688599,0.02787407487630844,0.5435525178909302,1.960831642150879,0.38296249508857727,0.7444047331809998,0.15668411552906036,1.4476221799850464,1.0059385299682617,1.0690622329711914,0.39091429114341736,1.0410929918289185,0.672940731048584,1.5533766746520996,1.1324173212051392,2.2681429386138916,0.24381791055202484,0.8867843747138977,0.2118494212627411,1.0940217971801758,0.2527887523174286,0.7350211143493652,0.38019710779190063,0.46533316373825073,1.4773881435394287,0.4904962480068207,1.1590538024902344,0.6514399647712708,0.45793604850769043,0.06168024614453316,0.5942609310150146,0.48715224862098694,1.7231987714767456
0.37200847268104553,0.9244984984397888,1.6947096586227417,0.5956621766090393,0.47289809584617615,1.4655756950378418,0.8062816858291626,0.5793797969818115,0.6528137922286987,0.8539443612098694,0.14931440353393555,0.0724482461810112,2.98514723777771,0.00039999998989515007,0.5108848810195923,0.1827472299337387,1.030851125717163,1.695883870124817,1.3543260097503662,0.7131210565567017,1.0618358850479126,0.1318718045949936,0.3030986189842224,0.8233657479286194,0.10772387683391571,1.0859887599945068,0.6631389260292053,0.7705259323120117,0.12877534329891205,1.0595390796661377,0.2355496883392334,2.2652177810668945,0.3638328015804291,0.7530446648597717,0.3637233078479767,1.4614624977111816,0.131321981549263,1.6646044254302979,1.5599638223648071,1.3352657556533813,0.29624485969543457,1.0019965171813965,0.7811825275421143,0.07215364277362823,0.15156234800815582,0.13740147650241852,0.44405636191368103,0.8604212999343872,0.726767361164093,1.3125931024551392,0.4344329535961151,1.6487822532653809,0.814893901348114,0.9372768998146057,1.0381430387496948,0.679341197013855,0.6584576368331909
0.07939463108778,0.09023463726043701,0.9205527901649475,1.0309964418411255,1.1517685651779175,2.012549638748169,0.4044875502586365,0.29583296179771423,1.3060933351516724,1.932486653327942,0.901534378528595,0.38752326369285583,0.6529295444488525,0.00039999998989515007,0.6095458269119263,0.7691998481750488,0.043221842497587204,0.60161954164505,1.818412184715271,0.027870947495102882,0.8747351765632629,0.20809628069400787,0.8655955195426941,1.8022041320800781,0.5246283411979675,0.3290766477584839,0.19644944369792938,2.06782865524292,0.3781611919403076,0.31503933668136597,0.654386043548584,1.2050697803497314,1.1424707174301147,0.0631968080997467,0.3915332853794098,1.2917895317077637,0.922808051109314,2.3690237998962402,0.7608695030212402,1.2504918575286865,0.6462811827659607,1.0811471939086914,1.2658417224884033,1.4006104469299316,0.33923399448394775,0.37257105112075806,0.410973459482193,0.10448271036148071,0.5351912379264832,0.10315589606761932,1.153502345085144,0.8141437768936157,1.2603944540023804,0.046727973967790604,0.12442058324813843,0.26821255683898926,2.032649040222168
0.8484377861022949,0.39139920473098755,2.0549707412719727,0.8882666230201721,0.39376941323280334,2.1714537143707275,0.4876636862754822,0.67879319190979,0.9207233786582947,2.0421082973480225,0.09202118963003159,0.8851754665374756,0.6471213102340698,0.00039999998989515007,0.11513776332139969,1.2900750637054443,1.8961035013198853,0.4566947817802429,1.4411046504974365,1.199056625366211,0.5451064109802246,0.710755467414856,0.8172684907913208,1.5455138683319092,0.2161310464143753,0.17445123195648193,1.0562539100646973,1.5794225931167603,0.4009386897087097,1.006547451019287,0.5670416355133057,0.5945662260055542,1.072675108909607,1.034023642539978,0.4483650028705597,1.19802725315094,0.34078454971313477,0.13493163883686066,0.7498911023139954,0.6634162664413452,0.11192779242992401,2.0049426555633545,0.3479894995689392,0.9856967926025391,0.0010835028951987624,0.7116020321846008,0.7451624274253845,0.20441356301307678,1.2103601694107056,0.2209678441286087,0.5205765962600708,1.324326515197754,0.65141361951828,0.9193688035011292,1.3602596521377563,1.0650769472122192,1.066886067390442
0.1222156509757042,0.18130584061145782,1.7367494106292725,0.8332909941673279,1.0742048025131226,2.163268566131592,1.0360777378082275,0.020242882892489433,1.7445006370544434,1.3346983194351196,0.20794567465782166,0.3091999590396881,1.606613278388977,0.00039999998989515007,0.544710099697113,0.6451504826545715,0.581515908241272,1.414016842842102,1.4912779331207275,0.07315029203891754,0.9023113250732422,1.0497453212738037,1.4890477657318115,1.4571720361709595,1.06038236618042,0.541753351688385,0.5385710597038269,1.209693193435669,0.9711512923240662,0.03806402161717415,0.7064728140830994,0.5918222069740295,1.2348719835281372,0.4909120202064514,1.3029855489730835,1.020677089691162,0.6989082098007202,1.2484468221664429,1.4735051393508911,1.7047266960144043,0.02235213667154312,0.6004647016525269,0.10024150460958481,1.9153809547424316,0.045868657529354095,0.9479518532752991,0.3658181130886078,0.40669554471969604,0.8091785907745361,0.319273978471756,0.45465293526649475,0.13052228093147278,1.102884292602539,0.927982747554779,0.03221861273050308,0.36156561970710754,1.1859245300292969
0.35724666714668274,0.14605265855789185,1.8119657039642334,0.24791119992733002,0.46205615997314453,1.105650782585144,0.003617307171225548,0.34058690071105957,0.38843798637390137,1.5627491474151611,0.8420853614807129,0.13297885656356812,0.17227475345134735,0.00039999998989515007,0.08378002047538757,1.8834556341171265,1.4584532976150513,0.44430944323539734,1.4590238332748413,1.9089232683181763,0.8998129963874817,0.24965232610702515,0.12290454655885696,1.1388604640960693,0.7610841989517212,0.3098311424255371,0.14227800071239471,1.9705561399459839,1.158784031867981,0.32052427530288696,0.40987545251846313,0.33977824449539185,0.8275298476219177,0.8222049474716187,0.29842108488082886,1.761496901512146,0.7719775438308716,1.0056490898132324,0.613443911075592,1.3079432249069214,0.11482171714305878,1.8756723403930664,1.2871025800704956,0.8401358127593994,0.7194008231163025,0.9654988050460815,0.1279175877571106,1.244741678237915,1.4708157777786255,0.5414695143699646,1.0120902061462402,0.20496799051761627,0.2054804563522339,0.6690126061439514,0.2518154978752136,0.7867485284805298,2.4193761348724365
0.6192623972892761,0.15076331794261932,0.7961404919624329,0.49479371309280396,0.7368953227996826,1.9317283630371094,0.27953433990478516,0.04595097899436951,0.8482881784439087,2.425374746322632,0.46264320611953735,0.8857245445251465,0.7303561568260193,0.00039999998989515007,1.0349560976028442,0.139381542801857,0.5180097222328186,0.3659629225730896,1.8417185544967651,1.5043870210647583,0.2610589861869812,0.12964026629924774,1.1740081310272217,1.3176758289337158,0.7424629330635071,1.2760084867477417,0.0854434221982956,1.5000905990600586,1.3690084218978882,1.1345031261444092,0.03396778553724289,1.7108533382415771,1.753067135810852,0.25040528178215027,0.5449488162994385,0.5749605894088745,0.315571129322052,1.727256417274475,0.6216954588890076,0.8567577600479126,0.8760345578193665,0.4673241674900055,0.09223664551973343,1.5053404569625854,0.06094830855727196,1.2190862894058228,0.7721592783927917,0.39125704765319824,0.10232637077569962,1.622199535369873,1.2104414701461792,1.0450043678283691,0.7458295226097107,0.4282289147377014,1.3723125457763672,0.06900344789028168,0.20284798741340637
0.1471063494682312,0.4062894582748413,1.4764987230300903,0.2402018904685974,0.6935997605323792,2.2456862926483154,1.3294166326522827,0.9223912358283997,0.8719270825386047,1.089827060699463,0.6340821981430054,0.01668674126267433,1.1385301351547241,0.00039999998989515007,0.2842088043689728,1.1432867050170898,0.6276955604553223,1.4264013767242432,1.64383864402771,0.6405782699584961,1.4419879913330078,0.46963512897491455,1.1530966758728027,0.4890386760234833,1.1840089559555054,0.4758933484554291,0.30597856640815735,1.2782315015792847,0.4922015368938446,0.43192532658576965,0.5497148036956787,1.6589030027389526,1.3146851062774658,1.1089295148849487,0.039548132568597794,0.908128559589386,1.0650222301483154,1.2080168724060059,1.141435980796814,2.475069522857666,0.39368191361427307,0.8939098119735718,0.10399579256772995,1.170285701751709,0.16539210081100464,1.0295175313949585,0.14510229229927063,0.5389256477355957,1.298271656036377,0.33408263325691223,1.5691449642181396,0.5057437419891357,0.33798539638519287,0.18253232538700104,0.527642548084259,0.329801082611084,1.3763211965560913
0.8561148047447205,0.6425754427909851,0.24482126533985138,1.0362643003463745,1.9722518920898438,0.43623673915863037,0.09474930912256241,0.8148676156997681,0.9027358889579773,2.1977486610412598,0.7694547772407532,0.7912371754646301,0.2959807217121124,0.00039999998989515007,0.31181156635284424,2.3978898525238037,0.09988505393266678,0.8432846069335938,1.3322941064834595,0.8463521003723145,0.12608973681926727,0.9384328126907349,0.38643038272857666,0.2631324231624603,0.02972644567489624,0.8856963515281677,0.26348796486854553,0.7984594702720642,0.06248070299625397,0.8105243444442749,0.16334976255893707,0.7882022857666016,1.9101088047027588,0.2669871747493744,0.7697844505310059,0.44758105278015137,0.9258137941360474,0.44758591055870056,1.1698400974273682,0.7676906585693359,0.11195854097604752,2.201833963394165,0.04765699803829193,1.1666470766067505,0.1787172108888626,0.6740109324455261,0.6344946026802063,0.4682583510875702,1.9163867235183716,0.6838979721069336,1.514402985572815,0.06263556331396103,1.4781779050827026,0.013724199496209621,0.4045192003250122,0.31233566999435425,2.337555170059204
0.3938729465007782,0.24023199081420898,1.3332364559173584,0.3497196435928345,0.9488073587417603,1.1759337186813354,0.9990925788879395,0.6840806603431702,0.8655380010604858,1.6833425760269165,0.19852286577224731,0.0772150382399559,0.5089859962463379,0.00039999998989515007,0.3272489607334137,2.1118640899658203,0.9200783967971802,1.2623053789138794,1.8065427541732788,1.1862791776657104,1.1611583232879639,0.5133124589920044,0.01837318018078804,0.7726708054542542,0.07076933234930038,0.1931799352169037,0.30639904737472534,2.286001443862915,0.06943365931510925,0.03606028854846954,0.5932834148406982,0.38936740159988403,1.6603057384490967,0.6526780128479004,0.3459439277648926,0.7623839378356934,0.0007176236831583083,1.5385316610336304,0.9534956812858582,0.9491147398948669,0.8149446845054626,1.324570894241333,0.8942204117774963,0.7599331736564636,0.21548587083816528,0.27063465118408203,0.11541453003883362,0.9845834374427795,1.6122043132781982,0.5135378241539001,1.352842092514038,0.8920121192932129,0.9035859704017639,0.27576690912246704,0.4371876120567322,0.12741737067699432,2.698948860168457
1.8568143844604492,0.7149590253829956,0.07719358056783676,0.6890742182731628,0.49777093529701233,0.23821274936199188,1.1638168096542358,0.24015939235687256,0.6775000691413879,1.348741888999939,0.7228261232376099,0.4181162118911743,0.016902996227145195,0.00039999998989515007,0.5277788043022156,1.0099197626113892,1.3956620693206787,1.2260607481002808,0.9517423510551453,0.2600124776363373,0.5071723461151123,0.44075867533683777,0.7235530018806458,0.6448389291763306,2.504650115966797,1.8488832712173462,0.5902827382087708,0.23993106186389923,0.5963683128356934,0.1518745869398117,0.11385096609592438,0.9971397519111633,1.0882327556610107,0.38314345479011536,0.6405185461044312,0.7523735165596008,0.0747329369187355,0.1376160979270935,0.9842020869255066,0.9417566657066345,0.6233068108558655,2.2319252490997314,0.05223090574145317,1.4623594284057617,0.6240108609199524,0.7415990829467773,1.020950198173523,1.1362942457199097,1.5338809490203857,1.4188650846481323,2.0694291591644287,0.31597989797592163,1.0534424781799316,0.2824106812477112,1.6485283374786377,0.11233648657798767,0.965225338935852
0.3220936059951782,0.07882040739059448,1.5477267503738403,0.7939334511756897,0.9193581342697144,1.8949878215789795,1.0939903259277344,0.2309451699256897,1.713622808456421,1.301401972770691,0.029453156515955925,0.19509875774383545,2.0725879669189453,0.00039999998989515007,0.36460116505622864,1.021706461906433,0.460286408662796,2.1819567680358887,1.200498342514038,0.0066391583532094955,0.827827513217926,1.0463308095932007,1.3508931398391724,1.3324668407440186,1.0592416524887085,0.33676302433013916,0.22831910848617554,1.1848399639129639,0.9025269150733948,0.14151883125305176,0.5044848918914795,0.21138611435890198,1.3400803804397583,0.37744444608688354,1.211962342262268,0.690010666847229,0.718445360660553,1.1181706190109253,1.6941742897033691,1.6328736543655396,0.16708701848983765,0.9337750673294067,0.10739896446466446,1.824593424797058,0.16548101603984833,0.8871169090270996,0.27860227227211,0.0012653593439608812,0.9742737412452698,0.2259231060743332,0.7561795115470886,0.015821542590856552,1.329367756843567,0.665428102016449,0.13241952657699585,0.05496225506067276,1.3117340803146362
0.14883826673030853,0.15285074710845947,1.4315505027770996,0.19076521694660187,1.0450383424758911,1.5184519290924072,1.0938794612884521,0.6718334555625916,0.48943808674812317,0.6573161482810974,0.2774820327758789,0.5979446768760681,1.5285085439682007,0.00039999998989515007,0.4928267300128937,1.8114863634109497,1.1285860538482666,1.923249363899231,1.5010108947753906,0.9490545988082886,1.574169635772705,0.7003311514854431,0.17209750413894653,0.568004846572876,0.46186262369155884,0.317869633436203,0.5232122540473938,2.2371575832366943,0.0033706561662256718,0.13959527015686035,0.48725152015686035,0.5194471478462219,1.170422077178955,0.7377726435661316,0.5196290016174316,0.48405107855796814,0.28752967715263367,1.2882777452468872,1.5987906455993652,1.7210465669631958,0.4344094395637512,1.429701328277588,0.5237398147583008,0.8734738230705261,0.4042617082595825,0.18256253004074097,0.6043635606765747,0.4408666789531708,2.024646759033203,0.27729496359825134,1.3890740871429443,0.558299720287323,0.7584254741668701,0.06499339640140533,0.2602441608905792,0.35955485701560974,1.9848963022232056
0.4640654921531677,0.46552255749702454,1.8175946474075317,0.29831400513648987,0.622348964214325,1.5896774530410767,1.7007956504821777,0.39013049006462097,1.122987985610962,1.188800573348999,0.17453978955745697,0.2324220985174179,0.7497576475143433,0.00039999998989515007,0.06957908719778061,1.4709042310714722,0.9683635830879211,1.67162024974823,2.107727527618408,0.8748825192451477,1.2023286819458008,0.47940558195114136,0.4327230155467987,0.7668572068214417,0.13178470730781555,0.20475159585475922,0.8598133325576782,1.7338346242904663,0.41468504071235657,0.17611028254032135,0.1792462170124054,0.6054319739341736,1.5355525016784668,1.084039568901062,0.7379633188247681,0.6196120977401733,0.5513050556182861,0.9993554949760437,1.8291089534759521,1.8857293128967285,0.1622208058834076,1.1375024318695068,0.20926885306835175,0.4469433128833771,0.4835071563720703,1.0440348386764526,1.1875971555709839,0.012180819176137447,1.5549333095550537,0.7179930806159973,1.1166571378707886,0.5382342338562012,0.21970562636852264,0.23699083924293518,0.52998286485672,0.0479816235601902,1.9204901456832886
0.6241288185119629,0.7964633107185364,1.9605677127838135,0.5375731587409973,0.5453184843063354,0.5970394611358643,0.7935957312583923,1.8901877403259277,0.2679011821746826,0.8727889657020569,1.371141791343689,0.8592086434364319,0.35626763105392456,0.00039999998989515007,0.15631628036499023,2.446707010269165,2.0917012691497803,0.7595000267028809,0.5628259778022766,1.1408027410507202,0.5671151876449585,0.198068767786026,0.8662905097007751,0.7782315611839294,0.9713842272758484,1.2897614240646362,1.329163908958435,1.8171827793121338,0.2923717498779297,0.18886619806289673,0.28103384375572205,0.6100304126739502,0.36612746119499207,0.0005324339144863188,0.9868865609169006,0.7729538083076477,0.20680807530879974,0.2059655636548996,0.9500929117202759,0.29235222935676575,0.019618220627307892,1.64431893825531,0.1278107613325119,0.03951483592391014,0.36116650700569153,0.4258670210838318,0.6091537475585938,1.3174360990524292,2.7574312686920166,1.0238093137741089,0.31754761934280396,0.48816898465156555,0.6262297630310059,0.009474431164562702,0.23793892562389374,0.04975425824522972,1.8249130249023438
0.6359372735023499,0.366192489862442,0.14486096799373627,0.41969263553619385,1.0345407724380493,0.07797957211732864,0.15646427869796753,1.3764111995697021,0.24375002086162567,2.0791754722595215,1.0874691009521484,0.762665331363678,0.3666137158870697,0.00039999998989515007,0.019174858927726746,2.435155153274536,0.05441127344965935,0.7333183884620667,1.3135546445846558,0.5516928434371948,0.27943432331085205,0.5405447483062744,0.4516611695289612,0.025051187723875046,0.005606365390121937,0.6098530292510986,0.24606435000896454,1.758600115776062,0.22349174320697784,0.5265776515007019,0.3857988119125366,0.6012468934059143,2.333118200302124,0.0488491989672184,0.42889052629470825,0.35472628474235535,1.5175082683563232,0.432064950466156,0.07504566013813019,0.3552146255970001,0.7484963536262512,1.1859972476959229,0.9127535820007324,0.41714468598365784,0.5185956954956055,0.47656330466270447,0.5912245512008667,1.7244261503219604,1.7033500671386719,1.7411131858825684,1.8348686695098877,1.4473471641540527,1.046625018119812,0.08954004943370819,0.332780659198761,0.5490236878395081,2.199895143508911
1.3124042749404907,0.31250131130218506,0.0008605789626017213,0.1553831547498703,1.0196696519851685,1.8954830169677734,0.10281173884868622,0.6925809979438782,1.570700764656067,1.5978742837905884,1.1584575176239014,0.55340975522995,1.0986939668655396,0.00039999998989515007,0.4017272889614105,0.9392828345298767,0.5263827443122864,0.4199311435222626,1.0074334144592285,1.042924165725708,0.005577498115599155,1.0550774335861206,1.5861176252365112,0.46618151664733887,1.5698415040969849,1.1432467699050903,0.2827403247356415,0.7693430781364441,1.4290591478347778,1.687170147895813,1.024722695350647,0.40248918533325195,1.7605971097946167,0.3801652193069458,0.18461835384368896,0.19907720386981964,1.0870983600616455,0.14292012155056,0.026128195226192474,0.34219032526016235,0.9006497263908386,0.32478392124176025,0.9447744488716125,2.6927297115325928,0.6694818735122681,0.012793786823749542,1.08724844455719,0.41775596141815186,0.27546781301498413,1.006495714187622,0.5990592241287231,0.5285375118255615,1.562774896621704,1.832421898841858,0.243608295917511,0.3577311336994171,0.11330108344554901
0.11772460490465164,0.07756631821393967,1.3154619932174683,0.2033098340034485,0.9886767268180847,1.6680322885513306,1.0762639045715332,0.7087884545326233,1.1670602560043335,1.0326321125030518,0.40861842036247253,0.6635273694992065,1.7131025791168213,0.00039999998989515007,0.6095495820045471,1.96474289894104,0.9294784665107727,2.302698850631714,1.5669808387756348,0.7013834714889526,1.0739136934280396,1.0416245460510254,0.5003761649131775,0.7452227473258972,0.5562987327575684,0.13462254405021667,0.4498239755630493,2.0106961727142334,0.3537072241306305,0.646819531917572,0.06664922833442688,0.20653854310512543,1.3298202753067017,0.7694217562675476,0.5036492943763733,0.3264505863189697,0.10179784148931503,0.7941740155220032,1.6354109048843384,1.4440579414367676,0.12856337428092957,1.4783313274383545,0.08055499941110611,1.322762131690979,0.49922066926956177,0.6820583939552307,0.43582427501678467,0.36391544342041016,1.770612120628357,0.19076445698738098,1.02935791015625,0.11777946352958679,1.0697176456451416,0.43035680055618286,0.2173672616481781,0.11140888929367065,1.865563154220581
0.9039339423179626,1.0142176151275635,0.2119467407464981,0.3672988712787628,2.231152057647705,1.4377875328063965,1.6498191356658936,0.10943160951137543,0.6067528128623962,0.9499515295028687,0.3559454083442688,0.07329761236906052,1.5520832538604736,0.00039999998989515007,0.20248395204544067,1.2914657592773438,0.7794691324234009,2.262594223022461,1.3518732786178589,0.07997126132249832,0.8251467943191528,0.5150822997093201,0.7752674221992493,0.21176747977733612,0.752418041229248,0.46442726254463196,0.31006330251693726,1.065218448638916,0.8043927550315857,0.22394806146621704,1.0886319875717163,0.948661208152771,1.3349592685699463,0.4438210725784302,0.4857419729232788,0.2758704721927643,0.27130186557769775,0.9559983611106873,1.6783729791641235,1.1811532974243164,0.34148311614990234,1.3314534425735474,0.5238316059112549,0.9305226802825928,0.15520259737968445,0.33769428730010986,0.35409799218177795,0.6141350865364075,1.7253819704055786,0.058094970881938934,2.026710271835327,1.2337088584899902,0.9493923783302307,0.02724013291299343,0.6638880968093872,0.33745479583740234,2.0152084827423096
0.537725031375885,0.08747725188732147,0.23339444398880005,0.08656024187803268,1.854733943939209,0.28448447585105896,0.8031279444694519,1.8281915187835693,0.0028946928214281797,0.36274653673171997,1.3949190378189087,0.6456055641174316,0.659833550453186,0.00039999998989515007,0.05105502903461456,2.4761531352996826,0.9900678992271423,1.0284631252288818,0.5269896984100342,0.178122416138649,1.1188483238220215,0.4585306644439697,0.23044005036354065,0.5885972380638123,0.23523788154125214,1.1408565044403076,1.0007845163345337,1.3117420673370361,0.5467822551727295,0.7816791534423828,0.5820850729942322,0.23533760011196136,1.5609025955200195,0.5780040621757507,0.04496169090270996,0.9393870234489441,1.906802773475647,0.10396615415811539,0.4081040620803833,0.40485966205596924,0.15594540536403656,0.40373489260673523,0.2658935785293579,1.1787174940109253,1.479993462562561,0.7931215763092041,0.9215586185455322,0.5565537214279175,2.4718315601348877,0.8483418226242065,1.0564043521881104,2.078343391418457,0.657096803188324,0.43652939796447754,0.13354210555553436,0.17861072719097137,1.9603856801986694
0.5185148119926453,0.2880202531814575,1.0100970268249512,0.5591913461685181,0.4143228828907013,1.8323637247085571,0.5908143520355225,0.6700802445411682,0.7895885109901428,0.3133580684661865,0.4150841534137726,1.0154163837432861,2.0927646160125732,0.00039999998989515007,0.9874941110610962,2.2202913761138916,1.229645013809204,2.0194015502929688,0.9167743921279907,1.1607216596603394,1.322464108467102,1.1988705396652222,0.3137599527835846,0.40332046151161194,0.7673026919364929,0.3295969069004059,0.9663932919502258,1.6018084287643433,0.36885130405426025,1.3890091180801392,0.42503246665000916,0.23345574736595154,0.5002874135971069,0.8443410992622375,0.412960022687912,0.16571295261383057,0.1827123463153839,0.46888384222984314,1.5232932567596436,1.6217366456985474,0.4862675666809082,1.2943449020385742,0.11704301834106445,1.282212495803833,0.6560213565826416,1.417931318283081,0.19423331320285797,0.03406387194991112,1.7688480615615845,0.12206234037876129,0.5346195101737976,0.34400126338005066,1.3191554546356201,0.21452446281909943,0.21203584969043732,0.18342280387878418,1.809291958808899
0.42441022396087646,0.7189751863479614,0.7387734055519104,0.5149856209754944,0.5773458480834961,0.42389336228370667,2.1267693042755127,0.4545857906341553,1.0507898330688477,0.5175123810768127,0.06941308826208115,0.033798400312662125,1.7720776796340942,0.00039999998989515007,1.2751027345657349,2.1209557056427,0.9599754810333252,2.556938409805298,1.5909276008605957,0.40438663959503174,0.7533819079399109,0.5676602125167847,0.9207106232643127,0.19997988641262054,0.06731201708316803,0.14919745922088623,0.8089006543159485,1.1237071752548218,0.875236451625824,0.25967907905578613,0.29664674401283264,0.1083909198641777,2.175750255584717,0.8534206748008728,1.0746268033981323,0.20785008370876312,1.0657963752746582,0.16633479297161102,1.1814045906066895,0.901605486869812,0.7023622989654541,0.37834078073501587,0.3621172308921814,1.2754273414611816,1.2766640186309814,1.5686450004577637,0.23651592433452606,0.02579960972070694,1.6120326519012451,0.0542764887213707,0.5308238863945007,0.5170924663543701,0.018189992755651474,1.1894792318344116,0.6248182058334351,0.27567338943481445,1.8602323532104492
0.6358765363693237,0.9394605159759521,1.3575576543807983,0.6953896284103394,1.4104299545288086,1.6188974380493164,1.428338646888733,0.8881471753120422,1.4285693168640137,0.3504115641117096,0.07695742696523666,0.011728528887033463,0.6278149485588074,0.00039999998989515007,0.37506741285324097,1.7239679098129272,1.8039897680282593,1.5506136417388916,0.6621038913726807,1.1762560606002808,1.5930441617965698,0.9744646549224854,0.16220545768737793,0.2599468231201172,0.27317678928375244,1.1173590421676636,1.088334560394287,1.2546175718307495,0.12620136141777039,0.6562450528144836,0.4270370602607727,0.21330544352531433,0.42456182837486267,0.6930343508720398,1.1395756006240845,0.8504154086112976,0.8297060132026672,0.8752146363258362,0.9749704599380493,1.2490559816360474,0.39718711376190186,0.3197498023509979,0.7597048282623291,1.9727189540863037,1.2416040897369385,1.2040797472000122,0.18324758112430573,0.4363820254802704,2.018514633178711,0.37835004925727844,0.2874683141708374,0.7755639553070068,1.0199476480484009,0.9452377557754517,0.14576122164726257,0.6380154490470886,1.5934467315673828
0.8631007075309753,0.6386168599128723,0.563869833946228,0.3047665059566498,1.158780813217163,0.5995680093765259,0.17067022621631622,1.3906066417694092,0.8142519593238831,1.974241018295288,1.0219275951385498,0.8983696699142456,0.736056387424469,0.00039999998989515007,0.172940194606781,1.6694401502609253,0.769008457660675,2.6672375202178955,0.7850788831710815,0.09350421279668808,0.37222784757614136,1.021156907081604,0.16884547472000122,0.7500037550926208,0.6025780439376831,1.0612785816192627,0.05889657884836197,0.9782823920249939,0.20092496275901794,0.2784253656864166,0.18037287890911102,1.2761543989181519,1.0827962160110474,0.5540962219238281,0.40569767355918884,0.026917360723018646,0.330090194940567,0.007173950783908367,1.611860752105713,0.5603801012039185,0.7253063321113586,2.889266014099121,0.6679486632347107,0.4397137463092804,0.2082461267709732,0.4319395422935486,0.03560740128159523,1.653874158859253,1.6489840745925903,0.6161776781082153,1.4486409425735474,0.19570031762123108,1.616746425628662,0.401337206363678,0.9819278120994568,0.551203191280365,1.39844810962677
0.29568925499916077,1.1648985147476196,0.4406135678291321,0.15937168896198273,0.9716364741325378,1.8945906162261963,0.47225645184516907,0.9010971784591675,0.8795562386512756,0.3783186376094818,0.7339165210723877,0.37052661180496216,0.8963839411735535,0.00039999998989515007,1.2509870529174805,2.152996778488159,0.6695203185081482,2.288677215576172,1.4944326877593994,1.2597265243530273,0.662503719329834,0.10630485415458679,0.4758039712905884,0.3410119414329529,0.34104135632514954,0.3976342976093292,0.0860835462808609,0.7873157262802124,0.9060172438621521,0.39026394486427307,2.058882474899292,0.4720275402069092,1.0312187671661377,0.6692426800727844,0.7107360363006592,0.010431350208818913,0.0033767069689929485,0.15149322152137756,1.8281702995300293,0.6863333582878113,0.41045668721199036,1.9126384258270264,0.2149377167224884,0.8125751614570618,0.01609356887638569,0.5908898115158081,0.09375383704900742,0.7310846447944641,1.3800204992294312,1.740051507949829,0.6511952877044678,0.9464085698127747,1.3532887697219849,1.2189147472381592,0.908313512802124,1.1648927927017212,1.5220978260040283
0.928939163684845,0.1996270716190338,1.1395628452301025,1.0513341426849365,0.5558291673660278,0.7136029005050659,0.6124545335769653,1.334873080253601,1.7001067399978638,1.3507916927337646,0.3988463580608368,0.5604960322380066,1.2534611225128174,0.00039999998989515007,0.5380201935768127,1.9493820667266846,0.8772625923156738,2.873771905899048,1.513473391532898,0.3425942361354828,0.13262325525283813,0.9701231122016907,0.4198320508003235,1.6510915756225586,0.1679297536611557,0.02154620550572872,0.006110168993473053,1.9607142210006714,0.4037192463874817,0.4623205363750458,0.22100570797920227,0.7017318606376648,1.3609634637832642,0.6464974284172058,0.301952600479126,0.2546136975288391,0.8489763736724854,0.41428443789482117,1.3107481002807617,0.37460264563560486,0.4080081582069397,2.034177541732788,0.0010774958645924926,1.1155786514282227,0.20889879763126373,0.5067117214202881,0.9548901319503784,1.086423397064209,1.5198973417282104,0.2777986526489258,0.3468343913555145,1.1221681833267212,1.2414517402648926,0.6974989175796509,0.32715269923210144,0.25311028957366943,1.3022475242614746
1.0753201246261597,0.26335129141807556,0.631349503993988,0.4815250337123871,1.2059171199798584,0.5001507997512817,0.2541159689426422,2.630793571472168,0.1821175068616867,1.8266785144805908,2.032454013824463,1.0707966089248657,0.10902649909257889,0.00039999998989515007,1.3675644397735596,1.592504620552063,0.4967595338821411,1.2575880289077759,0.3882461190223694,0.1325870305299759,0.3256897032260895,0.8890445232391357,0.9972724914550781,0.179424449801445,0.16488800942897797,1.8675224781036377,0.6520934104919434,0.581299364566803,0.09300052374601364,0.26775550842285156,0.5245802402496338,1.3479535579681396,0.7186866998672485,0.59392249584198,0.12448690831661224,0.18249687552452087,0.7730425000190735,0.23048073053359985,0.3789064586162567,0.6488547921180725,1.4551974534988403,1.9678385257720947,0.7001593708992004,0.43623870611190796,0.09195969253778458,0.37024158239364624,0.44108447432518005,1.6200120449066162,1.608809471130371,1.3851555585861206,0.9897667765617371,1.1301113367080688,1.7725608348846436,0.30981212854385376,0.5989652872085571,0.8141180276870728,0.8692996501922607
0.1968083381652832,0.4113043248653412,1.5734468698501587,0.19717690348625183,0.6628488898277283,2.0308451652526855,1.465983510017395,1.396766185760498,0.5949341058731079,0.22688676416873932,0.4876086115837097,0.6033036708831787,1.9512187242507935,0.00039999998989515007,0.5756285786628723,1.8722089529037476,1.275609016418457,3.173232078552246,0.7311007976531982,0.7746405601501465,1.2863317728042603,1.0279273986816406,0.1030920147895813,0.3961314558982849,0.542473316192627,0.23015546798706055,0.4551735520362854,1.7550077438354492,0.05789515748620033,0.46061989665031433,0.14465804398059845,0.2687067687511444,0.25811147689819336,0.5424534678459167,0.7091272473335266,0.4254431426525116,0.39615267515182495,0.9031174182891846,1.734766960144043,1.6761841773986816,0.4180518090724945,1.4428322315216064,0.20691417157649994,1.0851385593414307,0.29907193779945374,0.6916232705116272,0.40511953830718994,0.02521473914384842,1.8301032781600952,0.301929235458374,0.6078262329101562,0.01872759498655796,0.8522258996963501,0.010228271596133709,0.1552518755197525,0.30519887804985046,1.5514612197875977
0.29794684052467346,0.4220447540283203,1.1243067979812622,0.18570181727409363,0.6841322183609009,0.8687373995780945,0.49207860231399536,2.5739104747772217,0.9395455121994019,1.3706891536712646,1.4456247091293335,0.8937827944755554,1.3479974269866943,0.00039999998989515007,0.1990009993314743,2.2478137016296387,0.6262905597686768,3.0153419971466064,0.1844165325164795,0.39848092198371887,0.100434310734272,1.5206748247146606,0.2662001848220825,0.12927338480949402,0.23128968477249146,0.7269099354743958,0.6245795488357544,1.277403712272644,0.13469389081001282,0.7316607236862183,0.7510045766830444,1.4417567253112793,0.9165652394294739,0.1451558768749237,0.4952220618724823,0.3423249125480652,0.9208391904830933,0.16381606459617615,1.125625491142273,0.11857136338949203,0.9468880891799927,1.7651817798614502,0.32912251353263855,0.8117809891700745,0.4223320484161377,0.5383505821228027,0.03642021864652634,1.1399078369140625,1.6529666185379028,0.30562713742256165,0.28012585639953613,0.15433239936828613,1.917614459991455,0.11389904469251633,0.2769041061401367,0.4164423942565918,1.456704020500183
0.44624730944633484,0.746799647808075,0.6323555111885071,1.0621588230133057,0.7131087183952332,0.4784683883190155,0.9758652448654175,2.8479156494140625,0.7107086181640625,1.5180836915969849,0.8546702861785889,0.26895585656166077,0.4765731990337372,0.00039999998989515007,0.19559480249881744,2.527252435684204,1.5048969984054565,2.0808603763580322,0.234309121966362,0.9591255784034729,0.4452400803565979,0.5793543457984924,0.5175747871398926,0.01839875802397728,0.4175626337528229,0.8537145256996155,1.0712627172470093,1.2180181741714478,0.09326151013374329,0.4725257158279419,0.19573022425174713,1.0117405652999878,1.3676530122756958,0.0800807923078537,0.6122654676437378,0.07112466543912888,1.9828510284423828,0.16404058039188385,0.4435610771179199,0.8836602568626404,1.3228812217712402,0.5891255736351013,0.5075194835662842,1.1784837245941162,1.2004811763763428,0.12544460594654083,0.08610162138938904,1.0517590045928955,1.8281952142715454,0.2022203803062439,0.3815835118293762,0.4721105694770813,1.4101636409759521,0.9215317368507385,0.3828904628753662,0.1685301810503006,1.6633533239364624
0.25119227170944214,0.0004587931325659156,0.1486484706401825,1.2074943780899048,0.27640143036842346,0.3926222622394562,0.6531214714050293,1.1019400358200073,1.5549346208572388,1.1777029037475586,0.18341666460037231,0.6338015198707581,1.6839275360107422,0.00039999998989515007,0.6149703860282898,2.212341070175171,0.20587360858917236,3.3771159648895264,0.873083233833313,0.27042490243911743,0.0987936481833458,1.4144041538238525,0.6505378484725952,0.9957682490348816,0.7909559607505798,0.11047842353582382,0.31529247760772705,0.868026852607727,0.07894936203956604,0.8128571510314941,0.3995927572250366,1.2208178043365479,1.7116950750350952,0.6584789752960205,0.2734392285346985,0.15548661351203918,1.6825096607208252,1.1629990339279175,0.6536583304405212,0.17595908045768738,0.4203651547431946,1.4499273300170898,0.12185204774141312,0.8118106722831726,0.7078683376312256,1.5469635725021362,0.354503870010376,1.3802173137664795,1.565055251121521,0.690654456615448,0.05107707902789116,0.6953462362289429,1.130807876586914,0.7476561665534973,0.334041565656662,0.8682887554168701,1.0948331356048584
0.1506170779466629,0.39044493436813354,0.7913532853126526,0.7245692014694214,0.46414852142333984,0.7906664609909058,0.6400538682937622,2.6894302368164062,0.932471513748169,1.4310566186904907,1.0965477228164673,0.6930304169654846,1.598681926727295,0.00039999998989515007,0.077580027282238,2.1619441509246826,0.6245259046554565,3.624274969100952,0.4620175063610077,0.09060420840978622,0.18400938808918,1.2676283121109009,0.1861231029033661,0.6243903636932373,0.18729524314403534,0.6443760395050049,0.8374068737030029,1.2230864763259888,0.28788459300994873,0.6579380631446838,0.7093477249145508,1.334753155708313,1.0874848365783691,0.15075206756591797,0.5204979181289673,0.55120450258255,1.0926810503005981,0.16307684779167175,1.279268503189087,0.005710950121283531,0.5564086437225342,1.5651158094406128,0.4514574408531189,1.1577036380767822,0.5229450464248657,0.3531498312950134,0.19778317213058472,0.8309340476989746,1.3973097801208496,0.0407266765832901,0.09851773828268051,0.23877185583114624,1.6330196857452393,0.4515225887298584,0.1952066868543625,0.4117494225502014,1.4011576175689697
0.33209899067878723,0.37705206871032715,1.0215270519256592,0.8888217806816101,0.36589592695236206,0.825986921787262,0.5460653305053711,3.2312681674957275,0.7967392802238464,1.504764437675476,0.9515066742897034,0.5857991576194763,1.2268823385238647,0.00039999998989515007,0.029009122401475906,2.2854082584381104,1.0310568809509277,3.300868272781372,0.4111484885215759,0.30155816674232483,0.19206668436527252,0.894819974899292,0.12539009749889374,0.7603273987770081,0.1289081871509552,0.6202084422111511,0.9073678851127625,1.5262507200241089,0.18185333907604218,0.4894021451473236,0.5117227435112,1.1876407861709595,0.8329594731330872,0.08475556969642639,0.4448649287223816,0.22901639342308044,1.1250818967819214,0.05470835790038109,1.167730689048767,0.3115258514881134,0.7670338749885559,1.7125171422958374,0.6588665246963501,0.9798626899719238,0.3477526009082794,0.07935260981321335,0.3270319998264313,0.9195292592048645,1.4569422006607056,0.06430362910032272,0.37185534834861755,0.32124316692352295,1.546123743057251,0.38855475187301636,0.02628142572939396,0.05187346041202545,1.5258409976959229
0.7289242744445801,0.8042965531349182,0.3890637159347534,1.6313154697418213,1.4813275337219238,1.0231436491012573,0.3158077001571655,1.1984500885009766,0.2213939130306244,0.3227502107620239,0.36437177658081055,0.49384015798568726,0.48836416006088257,0.00039999998989515007,0.16440828144550323,0.9097326993942261,0.8621290326118469,2.3709444999694824,0.7851804494857788,0.34454065561294556,0.3459184467792511,0.8740466833114624,1.2722009420394897,0.13224726915359497,2.0831143856048584,0.5679036974906921,0.10523232072591782,1.1838839054107666,0.4317581057548523,1.1385807991027832,1.1171321868896484,0.20999713242053986,0.6615837812423706,0.4839532971382141,0.24262021481990814,0.8904608488082886,1.3557945489883423,2.216135263442993,1.4208217859268188,0.07979286462068558,0.31798654794692993,0.10985958576202393,0.4445721507072449,0.28693073987960815,0.6571553349494934,1.6685240268707275,0.07549988478422165,1.4273265600204468,1.36647629737854,1.088551640510559,1.3037452697753906,1.6324135065078735,0.15154477953910828,0.30229583382606506,0.33142873644828796,0.23705504834651947,2.134748935699463
0.7336999177932739,1.403622031211853,0.4949599504470825,0.14888909459114075,0.3672221302986145,0.7737568616867065,0.1381373405456543,3.5307304859161377,0.2850973308086395,1.2813029289245605,1.0327816009521484,0.633344292640686,1.125752329826355,0.00039999998989515007,0.25772419571876526,2.1227715015411377,0.18212738633155823,3.468419075012207,0.09822237491607666,0.058187998831272125,0.3763103187084198,0.8897291421890259,0.11153457313776016,0.47571414709091187,0.2764438986778259,1.2832379341125488,0.9638205170631409,0.7282110452651978,0.005831656511873007,0.8430235981941223,0.03207702189683914,1.3768497705459595,0.3614891767501831,0.19140882790088654,0.4992583990097046,0.9821503758430481,0.9656108617782593,0.4073779881000519,1.1338602304458618,0.5876316428184509,0.20190481841564178,1.506316065788269,0.48527270555496216,1.0531798601150513,0.47793281078338623,0.13292114436626434,0.030133474618196487,0.002568344119936228,1.2654149532318115,0.14103448390960693,0.251380980014801,0.3359120786190033,2.1207196712493896,0.17972254753112793,0.6048893928527832,0.1413179337978363,1.5513383150100708
0.3403812348842621,0.7190659046173096,0.3302696645259857,0.9660207033157349,0.24873724579811096,1.0291463136672974,0.5221764445304871,4.099233627319336,0.4336305856704712,0.9103244543075562,0.3391568958759308,0.053402189165353775,1.2004233598709106,0.00039999998989515007,0.10315224528312683,2.6263997554779053,1.5823701620101929,3.3246500492095947,0.12128976732492447,0.6546849012374878,0.37139588594436646,0.29490312933921814,0.12461986392736435,0.18406732380390167,0.22349904477596283,0.5462709069252014,0.8476585745811462,1.1730619668960571,0.2520907521247864,0.5616181492805481,0.2046525925397873,0.7589035630226135,0.3799886703491211,0.2070906162261963,0.13905566930770874,0.33594557642936707,1.1424150466918945,0.10612417757511139,0.8592872619628906,0.45060858130455017,0.683877170085907,0.9223519563674927,0.5673145651817322,1.4626797437667847,0.6111437678337097,0.1560872197151184,0.07422436028718948,0.06016705930233002,1.8383105993270874,0.38289594650268555,0.6888937950134277,0.024105146527290344,1.4161443710327148,0.47639200091362,0.2688116431236267,0.373704731464386,1.484052300453186
0.028737328946590424,0.7309296131134033,1.1921321153640747,0.7356935739517212,0.05020527541637421,0.8582324385643005,0.23575538396835327,4.203956604003906,0.27946820855140686,1.6019787788391113,1.3356268405914307,0.7327032089233398,0.541846752166748,0.00039999998989515007,0.4857255220413208,1.623348355293274,0.6951218843460083,2.7313625812530518,0.1086326465010643,0.1498728096485138,1.0667052268981934,0.2845698893070221,0.10608825087547302,0.5259127616882324,0.4335947334766388,1.8399286270141602,1.1487679481506348,0.5026135444641113,0.8325653076171875,0.9996352195739746,0.007050235755741596,0.4231933057308197,0.2491806298494339,0.036771632730960846,0.9828494787216187,0.24645276367664337,1.7401658296585083,0.12983718514442444,0.08308003842830658,1.5227508544921875,0.26669397950172424,1.0066711902618408,0.15930062532424927,0.7178345918655396,0.5746302008628845,0.9742466807365417,0.2317119687795639,0.2984265685081482,1.0234851837158203,0.7473106384277344,1.0719696283340454,0.28563839197158813,1.3663320541381836,0.0627770647406578,0.5634342432022095,0.8628319501876831,0.7290940284729004
0.27554672956466675,0.5167971849441528,0.8519490361213684,0.8155803084373474,0.3378881812095642,0.41815781593322754,0.6831114888191223,4.5497660636901855,0.1549251526594162,1.0719938278198242,1.248882532119751,0.33047887682914734,0.6193508505821228,0.00039999998989515007,0.29751384258270264,2.095548629760742,0.9009124636650085,3.8370614051818848,0.11666104942560196,0.06253010779619217,0.4664399027824402,0.6116780042648315,0.5057204961776733,0.18470101058483124,0.34535133838653564,1.0555243492126465,0.8108303546905518,1.065327525138855,0.2640538811683655,0.27484768629074097,0.33893221616744995,1.0510151386260986,0.4459872245788574,0.5556998252868652,0.21169927716255188,0.44035592675209045,1.2388850450515747,0.34915485978126526,0.6418043375015259,0.8179056644439697,0.9156686067581177,0.9967185854911804,0.5231914520263672,0.6623674631118774,0.413065105676651,0.4599551558494568,0.22654373943805695,0.533160924911499,1.5493308305740356,0.19490855932235718,0.5003118515014648,0.1388097107410431,1.2384825944900513,0.14484111964702606,0.12869125604629517,0.02353649027645588,1.1255600452423096
1.5584884881973267,1.6501107215881348,0.9301390051841736,0.4543271064758301,0.521653413772583,0.5042265057563782,0.7674710154533386,3.879512310028076,0.0543987937271595,0.5561989545822144,0.5088566541671753,0.6325645446777344,0.8477514982223511,0.00039999998989515007,1.689017415046692,1.086539626121521,1.2498667240142822,2.0176451206207275,0.6312717795372009,1.1115827560424805,0.09537442028522491,0.5261431932449341,0.3566662073135376,0.0972333773970604,1.3775943517684937,1.4562604427337646,0.08232732117176056,0.3212273120880127,0.3837800920009613,0.24395900964736938,0.5898216366767883,0.8972033262252808,0.20993180572986603,1.084093689918518,1.140596628189087,0.76243656873703,0.6616190075874329,0.7458699941635132,0.4006766974925995,0.9858595132827759,0.7140610218048096,1.2205915451049805,1.2154327630996704,0.11345860362052917,0.0042619723826646805,0.9787248373031616,0.8407257795333862,0.10295610874891281,1.2206299304962158,0.2695521116256714,0.8698542714118958,1.1523184776306152,1.7694334983825684,0.393307626247406,1.337480068206787,0.015609490685164928,0.4378741681575775
0.7386391162872314,0.5734565258026123,0.7729406952857971,0.9040483236312866,0.25696051120758057,0.33609825372695923,0.7735403776168823,4.957212924957275,0.013852820731699467,0.7342008948326111,0.7219551801681519,0.14826491475105286,0.4912148118019104,0.00039999998989515007,0.27159711718559265,2.1097252368927,1.2373273372650146,3.7429614067077637,0.022569049149751663,0.23554249107837677,0.21146534383296967,0.03489942103624344,0.6153673529624939,0.33921265602111816,0.4244053065776825,0.7431513667106628,0.6459354162216187,1.2846561670303345,0.07024408131837845,0.15364116430282593,0.2391764372587204,0.7357292771339417,0.22209013998508453,0.7346944212913513,0.24370177090168,0.2782728672027588,0.9086090922355652,0.7981523871421814,0.640430748462677,0.7784060835838318,0.9310462474822998,0.845432698726654,0.6879695653915405,0.652572751045227,0.2338976263999939,0.7897825241088867,0.44698601961135864,0.16174283623695374,1.6200990676879883,0.13748019933700562,0.45125138759613037,0.14907923340797424,0.9853578805923462,0.20366479456424713,0.02084016054868698,0.507990300655365,1.2680349349975586
0.5800163149833679,0.4890076816082001,0.7812346816062927,0.7919581532478333,0.173110693693161,0.547404408454895,0.6758213043212891,5.183012962341309,0.009387669153511524,1.0328071117401123,0.8426026701927185,0.01252843625843525,0.2369774430990219,0.00039999998989515007,0.4730323553085327,1.9647512435913086,0.926042377948761,3.8419301509857178,0.01808539219200611,0.017647337168455124,0.5097061395645142,0.045754410326480865,0.6096099019050598,0.33284956216812134,0.4258013665676117,0.9929454326629639,0.7648534178733826,1.097352385520935,0.18832910060882568,0.02787495218217373,0.02560730092227459,0.6870657205581665,0.2281213402748108,0.6963123679161072,0.03375539928674698,0.1671876460313797,0.9297696352005005,0.6089231371879578,0.5767353773117065,0.9617892503738403,0.9644304513931274,1.0617073774337769,0.6698602437973022,0.336658239364624,0.19491972029209137,0.7200748920440674,0.5154532194137573,0.3576873242855072,1.4736522436141968,0.26145145297050476,0.5728422999382019,0.06504590064287186,0.9842898845672607,0.14386582374572754,0.0745425596833229,0.20891326665878296,0.9749655723571777
0.41379836201667786,0.9315297603607178,1.0110342502593994,0.6676195859909058,0.09736518561840057,0.7855165600776672,0.4324833154678345,5.001384258270264,0.25803738832473755,1.8137978315353394,0.9221009016036987,0.21788732707500458,0.11719989776611328,0.00039999998989515007,0.16009213030338287,1.6052591800689697,0.5447788834571838,4.028182029724121,0.22542263567447662,0.38420969247817993,1.2317041158676147,0.2276979684829712,0.2309536337852478,0.24677883088588715,0.40667933225631714,0.87162846326828,0.7387538552284241,0.7837597727775574,0.562630832195282,0.5913258194923401,0.15880011022090912,0.4860285520553589,0.2715322971343994,0.21666881442070007,0.45198866724967957,0.23938408493995667,1.0680961608886719,0.7271988391876221,0.2932106852531433,0.8825327157974243,0.4006117284297943,1.2541215419769287,0.4416484236717224,0.6887773275375366,0.08076313883066177,0.7431923747062683,0.24570849537849426,0.030864544212818146,0.6044283509254456,0.5095056295394897,0.9129915833473206,0.3560607433319092,1.0667457580566406,0.08409549295902252,0.4626058340072632,0.3335963487625122,0.8904882669448853
0.5900814533233643,1.0915305614471436,0.6417281031608582,0.8772607445716858,0.09164709597826004,1.8248361349105835,0.7781933546066284,3.748924493789673,0.07373347878456116,0.6804978847503662,0.4441901445388794,0.8438767790794373,0.9067384600639343,0.00039999998989515007,1.0216343402862549,0.8643519878387451,1.1573907136917114,3.274451971054077,0.3486725091934204,0.2652656137943268,0.36214008927345276,0.6671570539474487,0.3661906123161316,0.23700301349163055,0.9732747673988342,1.0198962688446045,1.2832995653152466,0.5921185612678528,0.2737545371055603,0.6643533110618591,0.07648269832134247,1.1385935544967651,1.3252897262573242,0.7195058465003967,0.2087109386920929,0.866486668586731,0.5582475662231445,1.472173810005188,0.6099843978881836,0.6525248885154724,0.3298572897911072,0.3937070369720459,0.4693528413772583,1.9638264179229736,0.6891359686851501,0.36769378185272217,0.8774986267089844,1.174390196800232,0.5536667108535767,1.3874375820159912,0.6231147050857544,1.1855494976043701,0.3007053732872009,0.19942347705364227,0.5795010328292847,1.2194907665252686,0.1442231833934784
0.2952568829059601,0.11707969754934311,1.015997052192688,0.7891740202903748,0.006387646310031414,0.5923472046852112,1.6049256324768066,4.711330890655518,1.1365087032318115,2.0078048706054688,0.6449189186096191,0.3260865807533264,0.6055680513381958,0.00039999998989515007,0.03572075441479683,1.4230971336364746,0.3242852985858917,3.8225619792938232,0.053429581224918365,0.13265655934810638,0.913041353225708,0.4943631589412689,0.6872909665107727,0.12561137974262238,1.0200445652008057,0.9177906513214111,0.8582338690757751,0.23052266240119934,0.12938188016414642,0.5157555937767029,0.1790059208869934,0.20576739311218262,0.3684948682785034,0.10785851627588272,0.254330575466156,0.3482961356639862,0.5430587530136108,1.1193794012069702,0.3327783942222595,0.8856958150863647,1.2347451448440552,1.160348892211914,1.2187345027923584,0.327414870262146,0.029550930485129356,0.8281928300857544,0.48863863945007324,0.9696152210235596,0.8599308729171753,0.5401571989059448,0.4905138611793518,0.03376239538192749,0.3730912506580353,0.5534968972206116,0.13172003626823425,0.06956719607114792,0.9481895565986633
0.6228222250938416,0.8645535111427307,0.38871124386787415,0.450496643781662,0.2927567660808563,0.5997214913368225,0.5638352036476135,5.886496543884277,0.5060142278671265,0.7154211401939392,0.35060518980026245,0.40817293524742126,0.2276538759469986,0.00039999998989515007,0.806455135345459,1.5252327919006348,0.695684015750885,3.605541229248047,0.23824821412563324,0.04816693812608719,0.3448559045791626,0.5346161127090454,0.9113717675209045,0.14399096369743347,0.44976872205734253,0.9204044938087463,0.5373077988624573,0.7316284775733948,0.04114517197012901,0.3275611996650696,0.4965808391571045,0.18128111958503723,0.28376975655555725,0.9425644874572754,0.42567896842956543,0.006304503418505192,0.44214943051338196,0.8461419939994812,0.4255777597427368,1.0136178731918335,1.1526154279708862,0.9564171433448792,0.8861686587333679,0.14063400030136108,0.09353263676166534,1.061842441558838,0.3675324022769928,0.14904294908046722,1.3418593406677246,0.1913260817527771,0.4616859555244446,0.2753850221633911,0.6118811964988708,0.16135165095329285,0.3080493211746216,0.3599966764450073,0.7871082425117493
0.3759162127971649,0.3538839817047119,0.1982346773147583,0.7513309121131897,0.4048268496990204,0.8981040716171265,0.6910504102706909,5.634757041931152,0.3640958368778229,1.3088003396987915,0.7100966572761536,0.004004566930234432,0.17984434962272644,0.00039999998989515007,0.022661009803414345,1.5254238843917847,0.0379360094666481,3.734804630279541,0.5044581890106201,0.47198691964149475,0.646410346031189,0.5747553706169128,0.5182283520698547,0.6274210214614868,0.0021776186767965555,0.2584880590438843,0.343096524477005,1.2172678709030151,0.02687223255634308,0.611719012260437,0.7462527751922607,0.09945915639400482,0.6112233400344849,1.1005322933197021,0.09313707053661346,0.18280600011348724,0.9879075288772583,1.1332354545593262,0.6996979117393494,0.8594644665718079,1.241429090499878,0.39380133152008057,0.6807596683502197,0.5597494840621948,0.016257766634225845,0.39219042658805847,0.24639900028705597,1.124827265739441,0.811615526676178,0.23129989206790924,0.0674954429268837,0.2488105148077011,0.6917485594749451,0.7726042866706848,0.17404994368553162,0.4571607708930969,0.33911457657814026
0.283287912607193,0.9900373816490173,0.007947657257318497,0.11500965058803558,0.030564868822693825,0.332927405834198,0.042286936193704605,6.078487873077393,0.3756660223007202,0.7418329119682312,0.2665785551071167,0.45135414600372314,0.27947404980659485,0.00039999998989515007,0.29600200057029724,1.5362261533737183,0.24492092430591583,4.148308277130127,0.09040355682373047,0.22544263303279877,0.7042829394340515,0.48650693893432617,0.7572106719017029,0.3051130473613739,0.1719338595867157,0.9160192012786865,0.43338555097579956,0.6395888328552246,0.22979380190372467,0.056738488376140594,0.5619113445281982,0.5556881427764893,0.19616633653640747,0.7583904266357422,0.7300722002983093,0.5056567192077637,0.43805477023124695,0.7607976794242859,0.3963126540184021,0.8273340463638306,0.4566570520401001,0.7810573577880859,0.5014786124229431,0.3228762149810791,0.01669294945895672,0.9442828893661499,0.39711716771125793,0.28010472655296326,0.9575673937797546,0.5230045914649963,0.34945088624954224,0.3112841248512268,1.029281735420227,0.23114271461963654,0.4795292913913727,0.1753203570842743,0.7835051417350769
1.6512846946716309,0.1042148694396019,1.1497621536254883,0.10054595023393631,0.0604780837893486,0.15505647659301758,1.5002702474594116,4.630945205688477,0.6330506205558777,0.4756337106227875,0.6336101293563843,0.34171804785728455,0.3212065100669861,0.00039999998989515007,0.13882333040237427,1.652329683303833,1.9413694143295288,3.117558479309082,0.05862805247306824,0.7725158929824829,0.24168579280376434,0.8327022790908813,1.3389941453933716,0.48863983154296875,1.4887124300003052,0.8426423072814941,1.377468466758728,0.7335927486419678,0.33760011196136475,0.37584614753723145,0.12091375142335892,0.048163436353206635,0.39311614632606506,0.5237031579017639,0.6614485383033752,0.08385270088911057,0.6769200563430786,0.5378547310829163,0.8070273995399475,0.726227879524231,0.22289550304412842,0.44812676310539246,0.03890134394168854,0.4399433135986328,0.6812282204627991,0.2658748924732208,0.9303717017173767,0.903194785118103,1.5367573499679565,0.45676881074905396,1.1556172370910645,0.6138679385185242,0.6936176419258118,0.21252143383026123,0.46615880727767944,0.3372720777988434,1.1255395412445068
0.6856546998023987,0.3154582977294922,0.4048520624637604,1.1753617525100708,0.8555347919464111,0.7096617221832275,0.1226339191198349,5.394603729248047,0.5069282650947571,0.2846214175224304,0.45991024374961853,1.0223308801651,0.14768411219120026,0.00039999998989515007,0.3084699809551239,1.3878358602523804,1.4918792247772217,2.969965934753418,0.6065517663955688,0.11115483194589615,0.04684355482459068,0.49568119645118713,0.31418028473854065,0.08873970806598663,0.9454494118690491,0.7978736162185669,1.4561121463775635,0.05441984161734581,0.7223312258720398,0.7023361325263977,0.5186061263084412,0.9569361209869385,0.1714869886636734,1.040410041809082,0.7118818759918213,0.3357122242450714,0.6539786458015442,0.08462328463792801,1.9340113401412964,0.6273373365402222,0.41667667031288147,0.8895008563995361,0.21773919463157654,0.9630768895149231,0.01869303733110428,0.22459223866462708,0.5744476914405823,0.1939045935869217,1.0338971614837646,0.8292397260665894,0.8781949877738953,1.0224848985671997,0.18063752353191376,0.28051358461380005,0.0518798828125,0.4950198829174042,0.9076293110847473
0.8749312162399292,0.6330177187919617,0.16803717613220215,0.17685595154762268,0.18920284509658813,0.25440171360969543,0.46813544631004333,6.299700736999512,0.6916205286979675,0.238099604845047,0.3783135712146759,0.46821802854537964,0.33772653341293335,0.00039999998989515007,0.01786115951836109,1.3050882816314697,0.9006167054176331,4.3359479904174805,0.2046264261007309,0.1388951539993286,0.2832489609718323,0.5329717993736267,1.1151869297027588,0.44762763381004333,0.5216894149780273,0.6997749209403992,0.34538474678993225,0.4659540057182312,0.19214531779289246,0.03507044538855553,0.235830157995224,0.012027282267808914,0.6319084167480469,0.9009008407592773,0.23468846082687378,0.3406814932823181,0.5283372402191162,0.8135414123535156,0.18075452744960785,0.5928957462310791,0.34113582968711853,0.15599149465560913,0.07074219733476639,0.20120356976985931,0.22449003159999847,0.6585592031478882,0.22358866035938263,0.7826909422874451,1.2275792360305786,0.12480374425649643,0.731509804725647,0.22094203531742096,0.022270044311881065,0.09695218503475189,0.34018680453300476,0.18205229938030243,0.5003666877746582
0.4532880187034607,0.3942810893058777,1.0519274473190308,0.4452625513076782,0.4837445318698883,0.20346035063266754,0.7938689589500427,5.912164688110352,0.7898653149604797,0.8119825124740601,0.8272937536239624,0.2849794030189514,0.32927072048187256,0.00039999998989515007,0.7744991779327393,0.9446204304695129,0.5461614727973938,4.6286702156066895,0.09573826193809509,0.5196384191513062,1.103667974472046,0.2819361388683319,0.40448805689811707,0.10222499817609787,0.3424129784107208,0.5243915319442749,0.00778659014031291,0.240732803940773,0.29022371768951416,0.3417152464389801,0.06457541137933731,0.292021244764328,0.19829194247722626,0.9202812314033508,0.12052075564861298,0.21641506254673004,0.18945463001728058,0.8827101588249207,0.2114536613225937,0.7276543974876404,0.7288335561752319,0.7190799713134766,0.5722836852073669,0.4390711784362793,0.16011829674243927,0.8628228902816772,1.0409018993377686,0.1563691943883896,0.7140327095985413,0.7063733339309692,0.43519821763038635,0.28499510884284973,0.30450698733329773,0.12769658863544464,0.436392217874527,0.24664731323719025,0.18063917756080627
0.6269981265068054,0.9027302265167236,0.04085102304816246,0.7131935358047485,0.4000536799430847,0.8173954486846924,0.26270073652267456,5.661070823669434,0.6317128539085388,0.45522916316986084,0.6687524318695068,1.4073877334594727,0.5599483847618103,0.00039999998989515007,0.44033482670783997,0.7268559336662292,0.7233240604400635,2.9788544178009033,0.08022550493478775,0.06081077829003334,0.6131932139396667,1.134270191192627,0.04399343580007553,0.01844516023993492,0.46436798572540283,0.0595872700214386,0.8792389035224915,0.24413591623306274,0.4331139624118805,0.06462328881025314,1.122130036354065,0.9558339715003967,1.1891368627548218,1.0659713745117188,0.8506616353988647,0.625037670135498,0.37999871373176575,1.2929537296295166,0.9923601746559143,0.5712317228317261,0.186696395277977,0.3362843096256256,0.3755452036857605,1.3033218383789062,0.6816977858543396,0.8812012076377869,0.1198142021894455,1.154072642326355,0.4680960178375244,0.3589560091495514,0.675420880317688,0.7033830881118774,0.3045606315135956,0.11557105928659439,0.5111602544784546,1.4542083740234375,0.21376773715019226
0.9901631474494934,0.6454278826713562,1.1610594987869263,0.9922896027565002,0.6498123407363892,1.0693172216415405,0.5116429924964905,4.92451286315918,0.06305563449859619,0.2335241138935089,0.4643770158290863,0.3851447105407715,1.1267997026443481,0.00039999998989515007,0.7532185912132263,0.5442298054695129,0.2357858121395111,2.686819076538086,0.049895983189344406,1.332611083984375,0.5189058780670166,1.1940391063690186,1.2376571893692017,0.6895803809165955,0.2774219214916229,1.386374831199646,0.6084919571876526,0.6818677186965942,0.16302548348903656,0.6264371871948242,0.7761890888214111,0.14205503463745117,0.37656092643737793,1.380493402481079,0.716996431350708,0.3006718158721924,1.3129574060440063,0.986452043056488,0.42433884739875793,1.0860424041748047,0.8469604849815369,0.4264974892139435,0.13399779796600342,0.3070487976074219,0.5411378741264343,1.8985410928726196,0.2870599031448364,0.7862297892570496,1.392794132232666,0.2851044237613678,0.39776864647865295,0.4537377655506134,0.20697037875652313,0.2142999768257141,0.5226054191589355,0.48556065559387207,0.8396742939949036
1.5684852600097656,0.07205303758382797,0.9280654191970825,0.16361381113529205,0.10708130151033401,0.33402466773986816,1.2015607357025146,5.153347969055176,0.40020570158958435,1.0024194717407227,0.37913480401039124,0.7779865264892578,0.3724297285079956,0.00039999998989515007,0.35220760107040405,1.1917065382003784,1.6054728031158447,3.2564308643341064,0.1862848401069641,0.6200185418128967,0.22252504527568817,1.0256186723709106,1.2994223833084106,0.6365956664085388,1.1539264917373657,1.0364919900894165,1.0867215394973755,0.4321483373641968,0.34237077832221985,0.450181245803833,0.10930886119604111,0.16178862750530243,0.8697373867034912,0.8307695984840393,0.6569534540176392,0.019095569849014282,0.16023631393909454,0.730009138584137,0.8271135687828064,0.617638111114502,0.035548970103263855,0.7880280613899231,0.38411256670951843,0.2141575664281845,0.48741257190704346,0.2065597027540207,0.9392632842063904,1.4273500442504883,1.331180214881897,0.38493967056274414,1.1408250331878662,0.592634916305542,0.6151355504989624,0.34635454416275024,0.022890061140060425,0.5007577538490295,0.7104195952415466
0.03830708563327789,1.560203194618225,0.41637805104255676,0.11111735552549362,0.411197304725647,0.7315784096717834,0.8205318450927734,5.662103176116943,0.8797401785850525,0.00426845857873559,0.4285126328468323,1.0645067691802979,0.7262645959854126,0.00039999998989515007,0.4420781135559082,0.6149171590805054,0.08827293664216995,3.21346116065979,0.23857177793979645,0.3945722281932831,0.9726749658584595,0.9317870140075684,0.055173296481370926,0.9376654028892517,0.4379414916038513,0.3504270315170288,0.499580055475235,0.4176219701766968,0.40998148918151855,0.7218635678291321,1.1478772163391113,0.498345285654068,1.23653244972229,0.6673784852027893,1.4535542726516724,0.2136688530445099,0.3412608504295349,0.6123929023742676,0.8252362012863159,0.46556198596954346,0.7046366333961487,0.10901772230863571,0.6518403887748718,1.1010385751724243,0.5273630619049072,0.7701394557952881,0.24413442611694336,1.5267869234085083,0.08210747689008713,0.20378725230693817,0.7062297463417053,0.2641086280345917,0.823845624923706,0.6375131011009216,0.5645696520805359,0.8965869545936584,0.23689797520637512
0.4924893081188202,0.2514452040195465,0.24507828056812286,0.05847577378153801,0.03437509015202522,0.21590806543827057,0.28650522232055664,6.395452499389648,0.6526956558227539,0.7105556726455688,0.30181631445884705,0.598427951335907,0.9229592680931091,0.00039999998989515007,0.4401143193244934,1.0578796863555908,0.04224447160959244,4.210407257080078,0.3150428533554077,0.3084450364112854,0.9121084213256836,0.8368872404098511,0.9252594113349915,0.1710054874420166,0.4616747796535492,0.9629349708557129,0.3345605432987213,0.4613860845565796,0.12143357843160629,0.21624162793159485,0.1817314326763153,0.1576855182647705,0.02610267512500286,0.879662036895752,0.5877683162689209,0.06506731361150742,0.31747186183929443,1.095329761505127,0.06897709518671036,1.0075125694274902,0.6300800442695618,0.4642089307308197,0.6708365082740784,0.26436007022857666,0.07221855223178864,0.929218053817749,0.6876760125160217,0.11100052297115326,0.772050142288208,0.7806828618049622,0.3110675811767578,0.22135891020298004,0.22763963043689728,0.1282762736082077,0.28516680002212524,0.035120707005262375,0.36414533853530884
1.085465669631958,0.37921687960624695,0.458673357963562,0.11783789843320847,0.1138964518904686,0.6570978760719299,0.718695342540741,6.436164855957031,0.4125799834728241,0.38425305485725403,0.02612309157848358,0.7135143280029297,0.41248753666877747,0.00039999998989515007,0.10672980546951294,1.2213106155395508,0.6407619118690491,4.578300952911377,0.42298099398612976,0.0083429254591465,0.45052969455718994,0.5694526433944702,0.9170388579368591,0.04974472150206566,0.6246209740638733,0.297197550535202,0.33983081579208374,0.742043137550354,0.07135915011167526,0.0809321478009224,0.05610669404268265,0.1770898848772049,0.2945370078086853,0.7037301659584045,0.052089862525463104,0.03810006380081177,0.18415267765522003,1.2583013772964478,0.27062326669692993,0.49603819847106934,0.41351425647735596,0.09094377607107162,0.48956456780433655,0.2199213206768036,0.06213429197669029,0.44062113761901855,0.5297257304191589,0.5211899280548096,0.6877382397651672,0.30207812786102295,0.712760329246521,0.079010970890522,0.04416636377573013,0.18733538687229156,0.05261588469147682,0.16759897768497467,0.7459883093833923
0.7701377868652344,0.6245336532592773,1.357067346572876,1.0038375854492188,0.9198527932167053,0.4473510980606079,0.792951226234436,4.600310802459717,0.34712302684783936,0.7193175554275513,0.4714168906211853,0.42922860383987427,0.24606899917125702,0.00039999998989515007,1.1176624298095703,1.4163178205490112,0.8548477292060852,3.643186092376709,0.3029167354106903,0.789681613445282,0.6591730117797852,1.0554308891296387,0.7360936999320984,0.6194198727607727,0.7202967405319214,0.7898330688476562,1.2165559530258179,0.3321429491043091,0.2395196259021759,0.316987544298172,0.11954917758703232,0.8423351645469666,0.07127523422241211,0.1778862327337265,0.11242347210645676,0.5068519115447998,0.6258102059364319,0.00268084486015141,1.3214420080184937,0.3382902443408966,0.13910028338432312,1.3080517053604126,0.47478416562080383,1.1983157396316528,0.05154603719711304,0.1084720715880394,2.1416056156158447,0.601771891117096,0.7993187308311462,1.7367942333221436,0.5494943857192993,0.319692999124527,0.5056588649749756,0.05329350382089615,0.6554310321807861,0.25119003653526306,0.741173505783081
0.6741757392883301,0.3106357157230377,0.20004412531852722,0.09545866400003433,0.00071002944605425,0.2839922308921814,0.164457306265831,6.543277263641357,0.7263995409011841,0.42777571082115173,0.2683277428150177,0.5604560375213623,0.8633860349655151,0.00039999998989515007,0.3808351159095764,1.013025164604187,0.3485259711742401,4.157912731170654,0.22293391823768616,0.27235716581344604,0.8064031600952148,0.8450332283973694,0.9633076786994934,0.33045387268066406,0.6524025797843933,0.8434851169586182,0.5017130970954895,0.39018523693084717,0.05010123923420906,0.10298717021942139,0.17881344258785248,0.009696802124381065,0.23839350044727325,0.9340972900390625,0.5766910910606384,0.21483761072158813,0.35717132687568665,0.8907235264778137,0.01777689717710018,1.059012770652771,0.5013424158096313,0.2049584835767746,0.4855380058288574,0.2562553882598877,0.045418135821819305,0.9280062913894653,0.7136931419372559,0.32803165912628174,0.8302081823348999,0.6247766017913818,0.6428442001342773,0.241048201918602,0.11714726686477661,0.08160387724637985,0.12837910652160645,0.05816488340497017,0.2667776644229889
1.11287522315979,0.2829388380050659,0.05169631913304329,0.15551550686359406,0.45379936695098877,0.11533480137586594,0.3347651958465576,5.044375896453857,0.5876634120941162,0.0919983983039856,0.7232201099395752,0.2497488111257553,1.9769153594970703,0.00039999998989515007,0.3110208213329315,0.23814374208450317,0.1011076346039772,2.775911569595337,0.44863778352737427,0.9057716131210327,1.1579328775405884,1.1250249147415161,1.4658814668655396,0.334482878446579,1.202181100845337,2.0895566940307617,1.0230653285980225,0.41860318183898926,0.5955938100814819,0.46956464648246765,0.12446383386850357,0.4864028990268707,0.6613989472389221,0.5814089775085449,1.272221565246582,0.15545561909675598,1.1881122589111328,0.9750763177871704,0.04654322564601898,1.4106175899505615,0.04946788400411606,0.030240697786211967,0.5178734660148621,0.5730705261230469,0.43618500232696533,1.4058115482330322,0.6688092350959778,0.5064802169799805,0.7829133868217468,0.7580748200416565,0.9130727648735046,0.4571908116340637,0.399531751871109,0.23275545239448547,0.07970410585403442,0.007925211451947689,0.35112276673316956
1.729833960533142,0.5745810270309448,0.8194016218185425,0.20453797280788422,0.2047775685787201,0.3158579170703888,0.6549357175827026,4.7947893142700195,0.01521794218569994,0.10147790610790253,0.2090167999267578,0.43819111585617065,0.9758897423744202,0.00039999998989515007,0.18670757114887238,1.0339082479476929,0.8519015908241272,3.8495631217956543,0.7132357358932495,0.137623131275177,0.560932993888855,1.3661210536956787,1.237481713294983,0.1413867175579071,1.2855273485183716,1.6327016353607178,1.5004957914352417,0.6996586918830872,0.44146162271499634,0.20262642204761505,0.1331225335597992,0.06841271370649338,0.3731805980205536,0.16082680225372314,0.16831859946250916,0.2599649131298065,0.4855786859989166,0.7480646371841431,1.2821600437164307,0.8953389525413513,0.00159334612544626,0.10939598083496094,0.21960687637329102,0.6265764832496643,0.6288870573043823,0.41480469703674316,1.8513989448547363,0.371123731136322,1.139419674873352,0.625523030757904,1.2165476083755493,0.19698919355869293,0.42227157950401306,0.1496223360300064,0.025243325158953667,0.05114157870411873,0.3886108100414276
1.3417563438415527,1.3577303886413574,0.348920613527298,0.40116429328918457,0.557063639163971,0.15590934455394745,0.7813591957092285,4.982283592224121,0.04607141762971878,0.8574215769767761,0.6895303726196289,0.15027087926864624,0.9816170930862427,0.00039999998989515007,0.5289573669433594,0.5067517757415771,0.5166211128234863,3.062652111053467,0.16642585396766663,0.28382012248039246,0.22554093599319458,1.0379583835601807,1.6891274452209473,0.014710333198308945,1.2921993732452393,1.8196419477462769,1.0340862274169922,0.5710572600364685,0.1312761902809143,0.40056902170181274,0.607507050037384,0.054645661264657974,0.6669672727584839,1.0743732452392578,0.165988951921463,0.4843330681324005,0.39771220088005066,0.7238050699234009,0.6093626022338867,1.0200821161270142,0.7791493535041809,0.30278974771499634,0.1572878509759903,1.0995452404022217,0.7118539214134216,0.5244658589363098,1.3805723190307617,0.3068760931491852,1.698760747909546,0.3025611937046051,0.6900821924209595,0.4822843074798584,0.7089274525642395,0.496957391500473,0.7338640689849854,0.46354031562805176,0.431212455034256
0.2571448087692261,0.19677086174488068,0.5939303040504456,0.09820099174976349,0.8072311282157898,0.36255714297294617,0.021143756806850433,6.186580657958984,0.7067259550094604,0.5825871229171753,0.7045992612838745,0.04374445602297783,0.7433681488037109,0.00039999998989515007,0.4521990716457367,0.47384339570999146,0.7591267228126526,3.2274882793426514,0.06648584455251694,1.0827499628067017,0.8806537389755249,0.4099331498146057,1.2801456451416016,0.052190203219652176,0.5870821475982666,0.848097562789917,0.0498962365090847,0.2387937605381012,0.6622331738471985,0.25973427295684814,0.2443723976612091,0.19652755558490753,0.4531055688858032,1.5813912153244019,0.5966712832450867,0.20446835458278656,0.15297099947929382,0.6158807873725891,0.5597383379936218,0.8070781230926514,1.0187007188796997,0.6256347298622131,0.8067436814308167,0.7665403485298157,0.26768961548805237,0.9235245585441589,0.13155989348888397,0.969025731086731,1.0409693717956543,0.5949190855026245,0.30633825063705444,0.3479243516921997,0.37848228216171265,0.009057206101715565,1.0516562461853027,0.9935703873634338,0.5288784503936768
0.7426988482475281,1.2879602909088135,0.09319811314344406,0.16200369596481323,0.2538517415523529,0.9491479992866516,0.4610631465911865,5.752993583679199,1.0179237127304077,0.21494001150131226,0.6627187728881836,1.1332694292068481,0.842379093170166,0.00039999998989515007,0.39873284101486206,0.4621005654335022,0.6217543482780457,3.7931551933288574,0.010789369232952595,0.020905280485749245,0.6350560188293457,0.9737877249717712,0.3466677665710449,0.6472207307815552,0.036696162074804306,0.05207515507936478,0.15740910172462463,0.1340278834104538,0.22730208933353424,0.8000040650367737,0.7774649262428284,1.0168461799621582,1.265322208404541,0.5584434866905212,1.040416955947876,0.19534213840961456,0.2899695932865143,1.0448310375213623,0.4388168752193451,0.4738624095916748,0.21547092497348785,0.3010380268096924,0.16568435728549957,0.8154336810112,0.5035302042961121,0.6419103145599365,0.019056877121329308,1.7497726678848267,0.21830004453659058,0.18820619583129883,1.1704431772232056,0.4820203185081482,0.10368141531944275,0.500366747379303,0.19409751892089844,1.0084158182144165,0.0077773770317435265
0.6254470944404602,0.2693246304988861,0.7963370084762573,0.43435388803482056,0.42668890953063965,0.1739061176776886,0.20255769789218903,5.92563009262085,0.8195679783821106,1.2334246635437012,0.42378151416778564,0.4910905063152313,0.9542521834373474,0.00039999998989515007,0.6301116943359375,0.7778372764587402,0.22457891702651978,4.281006336212158,0.4522266387939453,0.5002650618553162,1.389309048652649,0.714527428150177,0.4294760823249817,0.14978338778018951,0.5818235278129578,0.46878960728645325,0.15431077778339386,0.391974538564682,0.2756141722202301,0.08625181764364243,0.11655136197805405,0.059157442301511765,0.406120240688324,0.8370058536529541,0.5042704343795776,0.16209441423416138,0.26170286536216736,1.1190801858901978,0.34290310740470886,1.0737197399139404,0.6074720621109009,0.6558459401130676,0.833715558052063,0.3827691078186035,0.34268632531166077,1.1484342813491821,1.0940659046173096,0.16425581276416779,0.37671196460723877,0.999174177646637,0.46844685077667236,0.2426171749830246,0.16815945506095886,0.09900328516960144,0.657881498336792,0.2797025740146637,0.05226226523518562
0.6124791502952576,0.1576467901468277,0.1355053037405014,0.37928515672683716,1.7925665378570557,0.7633212208747864,0.7976945638656616,4.984060764312744,0.6092017889022827,1.2399368286132812,0.5082724690437317,1.0033634901046753,0.6534504294395447,0.00039999998989515007,0.11226402968168259,0.9212542772293091,0.02794470638036728,3.2727279663085938,0.5291103720664978,0.0908391997218132,1.419875979423523,0.7292848825454712,1.0417953729629517,0.09478872269392014,1.3517919778823853,0.7119008302688599,1.247797966003418,0.07580088824033737,0.7919387817382812,0.7953963279724121,0.19507309794425964,0.23640458285808563,0.7163036465644836,0.8625261187553406,1.1642186641693115,0.26048997044563293,0.5067911148071289,0.1313679963350296,1.750713586807251,0.7247829437255859,0.03974258899688721,0.5820987224578857,0.7964766621589661,0.5339764952659607,0.818132221698761,0.3332493007183075,0.6734939813613892,0.8472520112991333,0.04902539774775505,0.8670649528503418,0.011247553862631321,1.1642014980316162,0.5748116970062256,0.16658668220043182,0.26429811120033264,0.4270600378513336,0.9824697971343994
0.7169040441513062,0.19720065593719482,0.9545266628265381,0.4959997832775116,0.23228421807289124,0.5946832299232483,0.7242835164070129,5.753654956817627,0.8221097588539124,0.14059899747371674,0.41573795676231384,0.5297011733055115,0.6642454862594604,0.00039999998989515007,0.681663990020752,1.250827431678772,1.0199474096298218,3.4502463340759277,0.10926557332277298,0.6124485731124878,0.43428048491477966,0.9318907260894775,1.076090693473816,0.9078066945075989,1.2193796634674072,0.9157333374023438,1.5817906856536865,0.27055275440216064,0.13816066086292267,0.11482090502977371,0.311204731464386,0.2006131410598755,0.4049130082130432,0.8821616172790527,0.09886248409748077,0.2681737542152405,0.10079391300678253,0.31561771035194397,0.5887446999549866,1.183068037033081,0.34070560336112976,0.12630924582481384,0.5389930605888367,0.8249368071556091,0.13176938891410828,0.3247852027416229,1.2789825201034546,0.8038915395736694,1.0190848112106323,1.0620659589767456,1.0457277297973633,0.7029221653938293,0.0855901762843132,0.11072534322738647,0.15341119468212128,0.13126759231090546,0.7808536291122437
1.3502886295318604,0.1887560486793518,0.5341049432754517,0.06741832941770554,0.057632338255643845,0.039760418236255646,0.24917744100093842,5.222326755523682,0.47416073083877563,0.6864036321640015,0.3460538685321808,0.5118917226791382,1.0183463096618652,0.00039999998989515007,0.18378767371177673,0.6854050159454346,0.7501857876777649,4.090021133422852,0.20093251764774323,0.09100823104381561,0.5261515974998474,1.2245333194732666,1.3603829145431519,0.741675615310669,1.2024896144866943,1.6701080799102783,1.3445085287094116,0.18456287682056427,0.2701560854911804,0.01772489957511425,0.07654780149459839,0.0561395063996315,0.7700018286705017,0.47877877950668335,0.22728407382965088,0.08000283688306808,0.41124626994132996,0.6517178416252136,0.9884449243545532,0.9071527123451233,0.021051250398159027,0.4341464638710022,0.3969508707523346,0.5393510460853577,0.5703995823860168,0.4795684218406677,1.364837408065796,0.8732351660728455,1.2308586835861206,0.47202932834625244,1.2283512353897095,0.4427901804447174,0.49810701608657837,0.1516055017709732,0.3620041608810425,0.02713649533689022,0.12797991931438446
0.2191270887851715,0.48654940724372864,0.29720890522003174,0.6825262308120728,0.2347610890865326,1.408460259437561,0.738227367401123,5.830698013305664,0.43010663986206055,0.17342233657836914,0.5402058362960815,0.6856173872947693,0.6049939393997192,0.00039999998989515007,0.33411380648612976,0.16173110902309418,0.15960632264614105,3.210824966430664,0.22150731086730957,0.6467934846878052,0.79743891954422,0.12876223027706146,0.07830095291137695,0.3224965035915375,0.43498653173446655,0.4054396152496338,0.9792476296424866,0.34241560101509094,0.4446040689945221,1.200480341911316,0.02932785637676716,1.2808456420898438,1.1571751832962036,1.3802472352981567,0.9256521463394165,0.6852557063102722,0.49643924832344055,1.348577618598938,1.4137797355651855,0.5980991721153259,0.5745304822921753,0.029574282467365265,0.28495559096336365,0.916347324848175,0.9055919051170349,0.6580016016960144,0.4105454087257385,0.6479902863502502,0.03403546288609505,0.6753932237625122,0.6237327456474304,1.0180838108062744,0.09383153915405273,0.237600177526474,0.636790931224823,0.5849528908729553,0.8096412420272827
0.02719143219292164,0.44355762004852295,0.11132186651229858,0.16920901834964752,0.27850398421287537,0.7632027268409729,0.5352150797843933,6.146134853363037,0.43963873386383057,1.5001541376113892,0.15748363733291626,0.5216156840324402,0.9526315927505493,0.00039999998989515007,0.06807059049606323,1.1877211332321167,0.32948002219200134,3.9071388244628906,0.8882297277450562,0.20477014780044556,1.2440239191055298,0.6548604965209961,0.4682479798793793,0.3885616660118103,0.2983206510543823,0.4209170937538147,0.579589307308197,0.58941650390625,0.32088005542755127,0.9743860363960266,0.13573820888996124,0.22685672342777252,0.24982337653636932,0.7062285542488098,1.1246628761291504,0.4084709584712982,0.13838471472263336,0.7057198286056519,0.21408423781394958,1.1716326475143433,0.33107852935791016,0.7890747785568237,0.9588518738746643,0.07852901518344879,0.3278128206729889,0.7581221461296082,0.6871134042739868,0.13467161357402802,0.21880529820919037,1.0825142860412598,0.40790650248527527,0.12469185888767242,0.860336184501648,0.0017250723903998733,0.07313516736030579,0.16427551209926605,0.5277760624885559
1.5601849555969238,0.19246968626976013,0.599236786365509,0.4005260765552521,0.48396769165992737,0.6902491450309753,0.11575419455766678,4.653599262237549,0.4994412064552307,1.0670530796051025,0.47308847308158875,1.1336601972579956,1.1156914234161377,0.00039999998989515007,0.5238626003265381,0.44321954250335693,1.1091716289520264,3.5750653743743896,0.25230878591537476,0.2219856232404709,0.5273905396461487,1.5705819129943848,0.5507421493530273,0.8119219541549683,0.6928989887237549,1.1738173961639404,0.8366301655769348,0.09785406291484833,0.32854214310646057,0.4235067069530487,0.521571159362793,0.8943777084350586,1.3019535541534424,0.10448919236660004,0.6993988156318665,0.5342991352081299,0.09248565882444382,0.8138492703437805,0.40737882256507874,0.7751033306121826,0.639889121055603,0.8954181671142578,1.0956493616104126,0.4253118634223938,0.26194068789482117,0.3270804286003113,1.0711761713027954,1.779065728187561,0.6904298067092896,0.1360456496477127,1.780651569366455,0.22634148597717285,0.546059787273407,0.315723717212677,0.2158402055501938,1.0171970129013062,0.12810581922531128
0.28285667300224304,0.204627126455307,0.16490113735198975,0.0399806909263134,0.15841729938983917,0.29543766379356384,0.0420081801712513,6.304967880249023,0.9593119621276855,0.6053135991096497,0.44166260957717896,0.5073870420455933,1.1673266887664795,0.00039999998989515007,0.38032522797584534,0.6820310354232788,0.11450912803411484,4.147696018218994,0.19943010807037354,0.5065299868583679,1.0643030405044556,0.7006846070289612,0.9994970560073853,0.6520024538040161,0.8108165860176086,0.9751335382461548,0.5961222648620605,0.08449398726224899,0.03154374659061432,0.4401460587978363,0.0052903578616678715,0.030960598960518837,0.1842389553785324,1.0150331258773804,0.707423985004425,0.29627934098243713,0.2875804603099823,0.9337607622146606,0.22473962604999542,1.2480661869049072,0.7106795907020569,0.08242343366146088,0.6095479726791382,0.43549615144729614,0.07018570601940155,0.9546383619308472,0.5892013907432556,0.09782852977514267,0.7219836115837097,0.8250874876976013,0.5417701005935669,0.4569739103317261,0.15839852392673492,0.29805314540863037,0.2408803403377533,0.19725309312343597,0.06649855524301529
0.16535909473896027,1.1185109615325928,0.023957252502441406,0.1462094783782959,0.372403621673584,0.9612631797790527,0.7842227220535278,5.981803894042969,1.0403766632080078,0.43321117758750916,0.41109752655029297,0.9521166086196899,1.033387541770935,0.00039999998989515007,0.281280517578125,0.40675029158592224,0.06404810398817062,3.971287727355957,0.1822085827589035,0.3396342694759369,1.176468014717102,0.714885950088501,0.13325685262680054,0.738680362701416,0.0014477964723482728,0.14925256371498108,0.0968184694647789,0.23216672241687775,0.17902642488479614,1.1854134798049927,0.5270033478736877,0.7145044803619385,0.796643078327179,0.7064144015312195,1.302614450454712,0.030085360631346703,0.175272598862648,0.9257007837295532,0.8221399784088135,0.882901668548584,0.018793582916259766,0.0446837842464447,0.14008556306362152,0.7172722220420837,0.598468542098999,0.756242036819458,0.07458634674549103,1.1536388397216797,0.010024847462773323,0.20838432013988495,1.0007293224334717,0.4095383882522583,0.3441741168498993,0.5151301026344299,0.1397700011730194,0.6817516088485718,0.17767970263957977
0.019307933747768402,0.3363116681575775,0.382112056016922,0.18410275876522064,0.4378456473350525,0.6289870142936707,0.1636294573545456,6.352145671844482,0.3898049592971802,0.8110485076904297,0.30061861872673035,0.159458726644516,0.6755916476249695,0.00039999998989515007,0.10086831450462341,0.8326089382171631,0.4202550947666168,3.805799722671509,0.6273700594902039,0.5873859524726868,0.8784523606300354,0.006034960970282555,0.8857339024543762,0.011556604877114296,0.49587559700012207,0.1797495186328888,0.23372501134872437,0.8056023120880127,0.5172324776649475,0.9238002300262451,0.6634508967399597,0.08488406240940094,0.16964907944202423,1.4771689176559448,0.4520370364189148,0.2941271662712097,0.2964991331100464,0.8897517323493958,0.676048994064331,1.1801230907440186,1.1377806663513184,0.2677980661392212,1.2769601345062256,0.1382637470960617,0.22469419240951538,0.6780824065208435,0.18178243935108185,0.7388581037521362,0.6664703488349915,0.5222878456115723,0.15621624886989594,0.1666087806224823,0.3191662132740021,0.4545474648475647,0.4674031436443329,0.7790641188621521,0.11499844491481781
0.2557956278324127,0.4442557692527771,0.013326467014849186,0.011143127456307411,0.038617927581071854,0.50296550989151,0.2205491065979004,6.242302417755127,0.8668510913848877,0.9882287383079529,0.15673740208148956,0.49987339973449707,1.0076491832733154,0.00039999998989515007,0.2725973129272461,0.8888298273086548,0.1444377899169922,4.2910614013671875,0.45168906450271606,0.4024987518787384,1.1013014316558838,0.5924966931343079,0.8657622337341309,0.4412356913089752,0.6697548031806946,0.5298961997032166,0.5707607269287109,0.34462228417396545,0.22640837728977203,0.6997299790382385,0.02328287996351719,0.10882113128900528,0.026123885065317154,0.9396501779556274,0.8062132000923157,0.4370480179786682,0.22452688217163086,0.8942343592643738,0.14696428179740906,1.1524819135665894,0.7429782748222351,0.4151358902454376,1.0363922119140625,0.2102864384651184,0.29345354437828064,0.9066294431686401,0.5464950799942017,0.026317978277802467,0.5744658708572388,0.8013835549354553,0.5333211421966553,0.22664064168930054,0.303995281457901,0.23814059793949127,0.1112895980477333,0.2421652227640152,0.31622764468193054
0.7353489398956299,0.2118925303220749,0.8658404350280762,0.40112146735191345,0.3980168104171753,0.7056676149368286,0.43387019634246826,5.663358688354492,0.8713626265525818,0.5170019865036011,0.4606072008609772,0.4520738124847412,0.9416287541389465,0.00039999998989515007,0.3340741693973541,1.2812347412109375,0.9071077108383179,3.687373399734497,0.32790088653564453,0.3873496949672699,0.8283776044845581,0.8560640811920166,0.8986680507659912,0.9950987100601196,1.2590562105178833,0.8538907766342163,1.5876439809799194,0.19530747830867767,0.2516552209854126,0.7027297616004944,0.4216693937778473,0.13099749386310577,0.1879432648420334,0.7029929161071777,0.1717543601989746,0.433824360370636,0.3029892146587372,0.24328023195266724,0.2838051915168762,1.3293370008468628,0.11619213223457336,0.08519207686185837,0.42338526248931885,0.42463845014572144,0.08676284551620483,0.3050961196422577,1.0539273023605347,0.8172594308853149,0.7955225706100464,1.1638765335083008,1.32748544216156,0.4975542724132538,0.08090904355049133,0.06682668626308441,0.461174875497818,0.04045635834336281,0.6737186908721924
0.14254090189933777,0.5039917230606079,0.013117287307977676,0.05119564011693001,0.008201315999031067,0.5218895673751831,0.31669318675994873,5.715768337249756,0.8718030452728271,1.4851138591766357,0.06760022789239883,0.519052267074585,1.244632363319397,0.00039999998989515007,0.25080132484436035,0.8212167024612427,0.5042045712471008,3.9777650833129883,0.72364342212677,0.5493175983428955,1.4267418384552002,0.6381497383117676,0.7191639542579651,0.2220630794763565,0.6555136442184448,0.5528793334960938,0.5282535552978516,0.48736417293548584,0.13478253781795502,0.6589117050170898,0.1803261637687683,0.10650864243507385,0.1452532410621643,0.8661298751831055,1.033153772354126,0.3507671356201172,0.26167458295822144,1.2183966636657715,0.2021561861038208,1.2783936262130737,0.7610734105110168,0.6611835956573486,1.2549428939819336,0.01863107457756996,0.5591638088226318,1.1767923831939697,0.4875960052013397,0.1651640236377716,0.26850080490112305,0.9757137894630432,0.39452677965164185,0.151251882314682,0.4599635899066925,0.3289232850074768,0.01181236281991005,0.09272924065589905,0.42788878083229065
0.2037576586008072,0.5973109602928162,0.079261414706707,0.05081124231219292,0.10571663081645966,0.4552386999130249,0.34527111053466797,5.880112171173096,1.0470690727233887,1.0158896446228027,0.1683966964483261,0.5238879323005676,1.2781543731689453,0.00039999998989515007,0.4101119041442871,0.7560408711433411,0.29120081663131714,3.9073009490966797,0.39446836709976196,0.5069631934165955,1.2582614421844482,0.6983733177185059,0.9345178604125977,0.5428779721260071,0.790097713470459,0.7109293937683105,0.6414071321487427,0.26017042994499207,0.13525786995887756,0.675885796546936,0.21358823776245117,0.05885966494679451,0.16266433894634247,1.0319743156433105,1.0079352855682373,0.4590943455696106,0.27706706523895264,1.0023634433746338,0.19501136243343353,1.359214425086975,0.8032939434051514,0.376808762550354,1.0557175874710083,0.18974557518959045,0.44109994173049927,1.1910231113433838,0.4397589862346649,0.18500128388404846,0.5381093621253967,0.8722500801086426,0.56517493724823,0.362315833568573,0.3137964904308319,0.4337595999240875,0.09660018980503082,0.11279919743537903,0.26542431116104126
0.20191501080989838,0.483953058719635,0.14799274504184723,0.07296345382928848,0.10414405912160873,0.5426151752471924,0.3129473030567169,5.817209243774414,0.9042912721633911,1.095080852508545,0.11081666499376297,0.5055345296859741,1.210667371749878,0.00039999998989515007,0.42547205090522766,0.8540757298469543,0.3576185703277588,3.925081253051758,0.5197451114654541,0.463280588388443,1.2223061323165894,0.6557687520980835,0.968105673789978,0.423266738653183,0.7607113718986511,0.6249966621398926,0.6410406231880188,0.42626088857650757,0.24262122809886932,0.6841318011283875,0.14498326182365417,0.14302067458629608,0.0874478667974472,1.0630261898040771,0.9875319600105286,0.44879767298698425,0.2021005004644394,0.9984617233276367,0.1197224035859108,1.3240820169448853,0.9255073070526123,0.5182697176933289,1.2263798713684082,0.23663587868213654,0.47922483086586,1.133979082107544,0.5405499935150146,0.0352480374276638,0.6138108968734741,0.8951089382171631,0.4725527763366699,0.3406825661659241,0.37852948904037476,0.3527810573577881,0.1590435653924942,0.2467348873615265,0.297891229391098
0.19731345772743225,1.2162952423095703,0.04023757204413414,0.11979545652866364,0.20208260416984558,1.1478908061981201,0.6709142923355103,5.360957145690918,1.2165335416793823,0.8662350177764893,0.4432564079761505,0.8981691002845764,1.3573299646377563,0.00039999998989515007,0.02225576341152191,0.3240886926651001,0.2728494703769684,3.662107229232788,0.3279384672641754,0.49842917919158936,1.4118653535842896,0.7945420145988464,0.34064409136772156,0.5351160168647766,0.30981090664863586,0.27129074931144714,0.13215754926204681,0.06485241651535034,0.08435028046369553,1.0892432928085327,0.6156796216964722,0.7401421070098877,0.8195334672927856,0.8123775720596313,1.5084108114242554,0.02303323708474636,0.1859472095966339,1.2288157939910889,0.6252919435501099,1.1033083200454712,0.46069732308387756,0.29809901118278503,0.6621224880218506,0.5502705574035645,0.9597468376159668,1.1427936553955078,0.09098569303750992,0.9843515753746033,0.002645721659064293,0.3220791220664978,0.9696714282035828,0.3155738115310669,0.3094777464866638,0.7287167310714722,0.05786699801683426,0.6394261717796326,0.11174535006284714
0.04946919530630112,0.835243284702301,0.018496660515666008,0.15936313569545746,0.3173072040081024,0.6929327249526978,0.05669703334569931,5.172792434692383,1.3558223247528076,1.4103617668151855,0.1341427117586136,0.407992422580719,1.3248039484024048,0.00039999998989515007,0.3832445442676544,0.5846501588821411,0.5848418474197388,3.7485244274139404,0.370555579662323,0.5557956695556641,1.2979434728622437,0.5176246762275696,1.0667227506637573,0.5336853861808777,1.1061627864837646,0.6935389637947083,0.9744517207145691,0.15544502437114716,0.029673883691430092,0.5657282471656799,0.14753194153308868,0.0398126021027565,0.2977515459060669,0.8246070742607117,1.0519977807998657,0.35431817173957825,0.17509391903877258,1.2386788129806519,0.10325846076011658,1.323541522026062,1.1062790155410767,0.66086345911026,1.4939477443695068,0.35710492730140686,0.6436047554016113,1.2189053297042847,0.2486591935157776,0.17392899096012115,0.3081415295600891,0.7410058379173279,0.6275332570075989,0.4344744384288788,0.19223295152187347,0.7746714353561401,0.12806878983974457,0.18641291558742523,0.6094449162483215
0.5147602558135986,0.3540368378162384,0.6916996836662292,0.4857815206050873,0.13086336851119995,0.45789071917533875,0.4689871668815613,5.3588762283325195,1.155482292175293,0.3398163318634033,0.6230643391609192,0.432883083820343,1.0204468965530396,0.00039999998989515007,0.7449131608009338,1.0265038013458252,0.5713123083114624,3.6478090286254883,0.0808403417468071,0.1234443187713623,0.8821492195129395,0.7580016851425171,1.20657479763031,1.0496071577072144,1.3660908937454224,0.9559128880500793,1.4777995347976685,0.12378213554620743,0.1448642462491989,0.3813839852809906,0.3107934892177582,0.3320750296115875,0.3895925283432007,1.095477819442749,0.1689315140247345,0.5923046469688416,0.0897272601723671,0.487982839345932,0.3735252916812897,1.375535488128662,0.6251092553138733,0.00867438968271017,0.7885191440582275,0.714045524597168,0.15527793765068054,0.6725267171859741,1.0381519794464111,0.6855005025863647,1.0159528255462646,1.1913893222808838,1.021230936050415,0.7549073696136475,0.08454515039920807,0.24346308410167694,0.1980230063199997,0.0748891830444336,0.486930251121521
0.018062774091959,1.1457582712173462,0.1375802457332611,0.0950336903333664,0.019687166437506676,0.7541319131851196,0.31207454204559326,5.035824775695801,1.2854934930801392,1.6370545625686646,0.10877739638090134,0.613698422908783,1.3945921659469604,0.00039999998989515007,0.3450848162174225,0.5410300493240356,0.5919129252433777,3.7789878845214844,0.5266565084457397,0.8430858850479126,1.5117764472961426,0.6791931390762329,0.6641809344291687,0.46201613545417786,0.8063372373580933,0.5485302209854126,0.7219326496124268,0.09073462337255478,0.03277914598584175,0.8718520402908325,0.3428437411785126,0.18517737090587616,0.1881537288427353,0.8271394371986389,1.1968224048614502,0.586925208568573,0.11140649765729904,1.2817589044570923,0.19743232429027557,1.1107587814331055,0.5480287075042725,0.3800573945045471,1.3152014017105103,0.2244100421667099,0.7693345546722412,1.3383326530456543,0.05221734195947647,0.6097642183303833,0.0793626457452774,0.9101933240890503,0.6908245086669922,0.3306790888309479,0.30758461356163025,0.7315696477890015,0.17054666578769684,0.08164702355861664,0.471179723739624
0.16021721065044403,0.41762036085128784,0.10086868703365326,0.042498841881752014,0.03939462825655937,0.5665723085403442,0.28656625747680664,5.480563163757324,0.9435990452766418,1.3258589506149292,0.16841182112693787,0.47227030992507935,1.3840606212615967,0.00039999998989515007,0.38181063532829285,0.8720197081565857,0.43978169560432434,3.638460159301758,0.6616126894950867,0.5186946988105774,1.4377963542938232,0.6445601582527161,0.8858832120895386,0.4222073554992676,0.8912178874015808,0.670443594455719,0.7617669701576233,0.4785098135471344,0.1046527549624443,0.7773975729942322,0.12038023769855499,0.1329530030488968,0.026525234803557396,1.075540542602539,1.0626429319381714,0.4565320611000061,0.3336808681488037,1.0759236812591553,0.2546963691711426,1.534523606300354,0.9011281728744507,0.48020684719085693,1.2448463439941406,0.11402775347232819,0.5505422353744507,1.254001498222351,0.5226767063140869,0.07158602029085159,0.4774419963359833,1.0419964790344238,0.540630578994751,0.3714161813259125,0.4364698827266693,0.33987629413604736,0.015427445992827415,0.18000441789627075,0.3426435589790344
0.3295235335826874,1.1682037115097046,0.3448466956615448,0.05693211406469345,0.2283461093902588,0.9156855344772339,0.4579436182975769,5.1198248863220215,1.5760345458984375,0.9970362186431885,0.569563627243042,1.1411287784576416,1.347836971282959,0.00039999998989515007,0.034326061606407166,0.6283776760101318,0.4584001898765564,3.38175368309021,0.24070142209529877,0.23913519084453583,1.2141801118850708,0.7946469783782959,0.3855723440647125,1.0060102939605713,0.42252326011657715,0.14266978204250336,0.3037283420562744,0.22190818190574646,0.4248296022415161,0.8412493467330933,0.8923135995864868,0.5186702013015747,0.5546057224273682,0.8902993202209473,1.591228723526001,0.1917523741722107,0.2620977759361267,1.1441210508346558,0.7137746810913086,1.388100028038025,0.8831755518913269,0.1620607078075409,1.1335502862930298,0.32520800828933716,0.8494678735733032,1.2102947235107422,0.018486831337213516,0.6314879655838013,0.09249270707368851,0.3916705548763275,0.662835955619812,0.28315311670303345,0.5046076774597168,1.0466556549072266,0.35210928320884705,0.4172632694244385,0.3197017312049866
0.411117821931839,0.5864555835723877,0.48118463158607483,0.7141387462615967,0.21716491878032684,0.5759908556938171,0.19874459505081177,5.29185152053833,1.0565277338027954,0.6414430141448975,0.4379800856113434,0.4883038401603699,1.1232185363769531,0.00039999998989515007,0.5247862935066223,1.1907238960266113,0.41432374715805054,3.486334800720215,0.256350040435791,0.19319218397140503,0.9857195615768433,0.9571700096130371,1.142341136932373,1.2072199583053589,1.3011277914047241,1.0445386171340942,1.6359845399856567,0.08594862371683121,0.04298175871372223,0.619846522808075,0.08447951078414917,0.43411487340927124,0.4051916003227234,0.821361780166626,0.4794439375400543,0.733143150806427,0.05832507833838463,0.30422523617744446,0.5156842470169067,1.3198381662368774,0.216507688164711,0.17768806219100952,0.6290749311447144,0.5150186419487,0.17003481090068817,0.609131932258606,0.9864556193351746,0.8095185160636902,0.8372180461883545,1.4230399131774902,1.024158000946045,0.8119379281997681,0.20613537728786469,0.29709380865097046,0.1300472617149353,0.09109851717948914,0.7054831981658936
0.2630878686904907,0.3234860897064209,0.13595223426818848,0.01026185043156147,0.18273308873176575,0.48036497831344604,0.15014415979385376,5.730824947357178,0.8731255531311035,1.060841679573059,0.14686553180217743,0.532275915145874,1.1825472116470337,0.00039999998989515007,0.4798213839530945,0.8883535265922546,0.3104448914527893,3.822645902633667,0.5702924728393555,0.42742738127708435,1.1555182933807373,0.6306484937667847,1.0253442525863647,0.26799970865249634,0.8564309477806091,0.5270267724990845,0.6183249950408936,0.584251344203949,0.2838616967201233,0.5588670969009399,0.09695526212453842,0.17011874914169312,0.0029000069480389357,1.2257283926010132,0.8081592321395874,0.4289000332355499,0.186748668551445,1.1329013109207153,0.14242438971996307,1.391408085823059,1.1302306652069092,0.4799906313419342,1.399000883102417,0.2556489109992981,0.4964863061904907,1.2225534915924072,0.5792371034622192,0.1774584949016571,0.7118262648582458,0.8871676325798035,0.36541637778282166,0.38356852531433105,0.32969334721565247,0.21271347999572754,0.1415390968322754,0.25337105989456177,0.3392294943332672
0.023380015045404434,0.3429209291934967,0.12073864042758942,0.05436946079134941,0.07805261760950089,0.2163202166557312,0.29252752661705017,5.483010768890381,1.0480235815048218,1.38339364528656,0.23675157129764557,0.5424233078956604,1.3974156379699707,0.00039999998989515007,0.4199579060077667,0.7791273593902588,0.6285394430160522,3.6507391929626465,0.5966543555259705,0.5854095816612244,1.4544180631637573,0.7627125978469849,0.9345872402191162,0.12755264341831207,0.7233424186706543,0.6777421236038208,0.42790549993515015,0.46179503202438354,0.35414132475852966,0.36613836884498596,0.15931199491024017,0.27828267216682434,0.12251304090023041,1.124283790588379,0.9152008295059204,0.30133211612701416,0.22102712094783783,1.2438489198684692,0.24687989056110382,1.3781249523162842,0.9808750748634338,0.6409213542938232,1.4826416969299316,0.1601783186197281,0.6644365787506104,1.3136829137802124,0.40505295991897583,0.5206273794174194,0.5348451137542725,1.0942038297653198,0.12432055175304413,0.2597213089466095,0.3064640760421753,0.35320591926574707,0.2005007117986679,0.17774029076099396,0.34094589948654175
0.6661187410354614,0.4243887960910797,0.4588060975074768,0.6715855598449707,0.02977849170565605,0.6691712737083435,0.8659565448760986,5.149499416351318,0.8649113178253174,0.47314774990081787,0.5338568091392517,0.8374131917953491,1.7251020669937134,0.00039999998989515007,0.17121702432632446,0.015553615055978298,0.4247857928276062,3.834275245666504,0.4713647663593292,0.8023943901062012,1.2904075384140015,1.224610447883606,0.6056613922119141,0.23323263227939606,0.34401556849479675,0.900270402431488,0.09005135297775269,0.03813597932457924,0.1547224521636963,0.7571519017219543,0.9000654220581055,0.7686852216720581,0.660940945148468,0.5080788731575012,1.7630999088287354,0.29447048902511597,0.3346130847930908,1.386085867881775,0.38690370321273804,1.181438684463501,0.6519016623497009,0.18114060163497925,0.3037380278110504,0.3804219663143158,0.36012282967567444,1.4483572244644165,0.41165482997894287,0.49401789903640747,0.3838684558868408,0.025208212435245514,0.8673690557479858,0.36568424105644226,0.09422372281551361,0.6284385919570923,0.39333298802375793,0.5092923641204834,0.6027092933654785
0.08046058565378189,0.15479408204555511,0.48728474974632263,0.06585200130939484,0.5676228404045105,0.5895770788192749,0.09993931651115417,5.908497333526611,0.9081902503967285,0.7708640694618225,0.5057476758956909,0.009158240631222725,1.0015450716018677,0.00039999998989515007,0.5115441083908081,0.5173972845077515,0.37487295269966125,3.448989152908325,0.10179431736469269,0.6624833941459656,0.8745733499526978,0.018086552619934082,1.2054154872894287,0.22984562814235687,0.7274665832519531,0.25393742322921753,0.314969539642334,0.30554482340812683,0.5485665798187256,0.9586271643638611,0.6795898079872131,0.016328832134604454,0.08584050089120865,1.6456828117370605,0.558318018913269,0.37571996450424194,0.3783760666847229,0.6630429625511169,0.7970654368400574,1.3509026765823364,1.587775707244873,0.2483971267938614,1.5150606632232666,0.47764983773231506,0.26688799262046814,0.9405577182769775,0.007121081463992596,0.5491762161254883,0.9133056402206421,0.4840521812438965,0.30286893248558044,0.24854856729507446,0.009007337503135204,0.2501802146434784,0.347078412771225,0.8243373036384583,0.31621018052101135
0.21223782002925873,0.9513973593711853,0.25826409459114075,0.23539718985557556,0.4695482850074768,0.2273850440979004,0.8001313209533691,5.175464153289795,1.358264684677124,1.2364673614501953,0.49397557973861694,0.46729153394699097,1.5044833421707153,0.00039999998989515007,0.7631694078445435,0.04337698221206665,0.4447135925292969,3.2898526191711426,0.018259219825267792,1.020353078842163,1.9156079292297363,0.545197606086731,0.07041747123003006,0.3760365843772888,0.20422391593456268,0.41122016310691833,0.3425040543079376,0.39896947145462036,0.2851184606552124,0.8222828507423401,0.44589853286743164,0.24945147335529327,0.0011591248912736773,1.1120431423187256,1.336850643157959,0.39265313744544983,0.1947142332792282,0.9067206382751465,1.3663402795791626,1.4055447578430176,0.5822782516479492,0.4258700907230377,0.5668780207633972,0.00662799971178174,0.7829917669296265,1.591813087463379,0.26640382409095764,0.34055379033088684,0.14930059015750885,0.9976001381874084,0.4435145854949951,0.2353486567735672,0.47429803013801575,0.5824093818664551,0.5873700976371765,0.5021979808807373,0.8353306651115417
0.13140304386615753,0.018969807773828506,0.15770334005355835,0.24573436379432678,0.17478381097316742,0.5522984862327576,0.3178347647190094,5.78328800201416,0.7762101888656616,0.7554636597633362,0.23927883803844452,0.5189305543899536,1.317549705505371,0.00039999998989515007,1.1040611267089844,0.3602023124694824,0.5495413541793823,3.3434112071990967,0.4365963637828827,0.7376969456672668,1.1257256269454956,1.067828893661499,0.7859594821929932,0.3029012382030487,0.38899457454681396,1.0129663944244385,0.3128555715084076,0.4632934629917145,0.1671178638935089,0.1073727235198021,0.07764210551977158,0.21086421608924866,0.02461320534348488,1.5020471811294556,0.8719310760498047,0.12579652667045593,0.01624985784292221,1.1835600137710571,0.2566598057746887,1.4341297149658203,1.2033812999725342,0.6416976451873779,1.3488072156906128,0.4961227476596832,0.5030909180641174,1.5573740005493164,0.6726483106613159,0.34776440262794495,0.8140203952789307,0.8508419394493103,0.024028504267334938,0.23107777535915375,0.05156835541129112,0.11613671481609344,0.3698957860469818,0.10194402188062668,0.3991529941558838
0.0015246592229232192,0.26818379759788513,0.20012524724006653,0.0349469818174839,0.19528330862522125,0.18099893629550934,0.07341958582401276,5.919909954071045,0.9844209551811218,0.859413206577301,0.32321256399154663,0.49432051181793213,1.0018788576126099,0.00039999998989515007,0.22177527844905853,0.8763711452484131,0.3406549394130707,4.3497772216796875,0.39881250262260437,0.5098694562911987,1.0420818328857422,0.43089425563812256,1.0083118677139282,0.5829766392707825,0.7965793609619141,0.5015429854393005,0.5805957913398743,0.28038254380226135,0.40226536989212036,0.5756320357322693,0.04925630986690521,0.3279286324977875,0.11319075524806976,1.1077442169189453,0.661739706993103,0.6718873977661133,0.2753191590309143,0.9532018899917603,0.16727004945278168,1.259236216545105,1.0304166078567505,0.170449897646904,1.2281068563461304,0.26791927218437195,0.17206797003746033,1.00015127658844,0.44161051511764526,0.21780410408973694,0.6965081691741943,0.7818946242332458,0.28482502698898315,0.5230320692062378,0.3049379885196686,0.2686688005924225,0.34947872161865234,0.5242844820022583,0.357785165309906
0.10705491900444031,0.4202779531478882,0.1766178160905838,0.09129674732685089,0.36962103843688965,0.48502764105796814,0.23833754658699036,5.971213340759277,0.8612300753593445,1.0350948572158813,0.2386871874332428,0.40044334530830383,1.190999984741211,0.00039999998989515007,0.6118748784065247,0.6972039937973022,0.43699437379837036,3.6996710300445557,0.4302952289581299,0.4630296230316162,1.060529351234436,0.6132249236106873,1.0537240505218506,0.28122255206108093,0.8035465478897095,0.7116189002990723,0.6757336854934692,0.4236956834793091,0.26072949171066284,0.526561975479126,0.07847818732261658,0.12040150910615921,0.05822077393531799,1.1737337112426758,0.8666304349899292,0.3883831799030304,0.1759204864501953,1.0380829572677612,0.08949799835681915,1.4109292030334473,1.1429017782211304,0.6393528580665588,1.3285821676254272,0.4302724003791809,0.373588502407074,1.2595722675323486,0.44082093238830566,0.09047150611877441,0.6255333423614502,0.834357500076294,0.2625882029533386,0.4877135157585144,0.3847745358943939,0.1674368530511856,0.3140155076980591,0.2929293215274811,0.3351828455924988
0.11490446329116821,0.09672024101018906,0.11098546534776688,0.028298374265432358,0.3883455693721771,0.42573076486587524,0.04692297801375389,5.9059648513793945,0.8754136562347412,1.0079171657562256,0.41415151953697205,0.32302358746528625,1.2695094347000122,0.00039999998989515007,0.6967918872833252,0.6738777160644531,0.4088327884674072,3.5307326316833496,0.3580550253391266,0.4942215085029602,1.058341145515442,0.6856117844581604,1.1236562728881836,0.2858981192111969,0.9249671697616577,0.8908083438873291,0.7378294467926025,0.34761661291122437,0.2321091741323471,0.39812350273132324,0.016281304880976677,0.15466715395450592,0.018707191571593285,1.2263790369033813,0.7679855227470398,0.31064745783805847,0.22986555099487305,0.9425199031829834,0.1556987166404724,1.484196662902832,1.234878659248352,0.6040558218955994,1.268418312072754,0.6600902676582336,0.2475205361843109,1.267538070678711,0.5627774000167847,0.3263855278491974,0.7854417562484741,0.9265562295913696,0.21644283831119537,0.5736534595489502,0.3272075653076172,0.0855163037776947,0.30214723944664,0.3953233063220978,0.1403600126504898
0.06491148471832275,0.1890629082918167,0.13951463997364044,0.04895338788628578,0.21549390256404877,0.14205947518348694,0.03848843276500702,5.844724655151367,0.9329644441604614,0.9970805644989014,0.2803404629230499,0.5647294521331787,1.0131158828735352,0.00039999998989515007,0.3679603636264801,0.914851188659668,0.33854082226753235,4.104893207550049,0.4879595935344696,0.4375113546848297,1.0109299421310425,0.5461270809173584,0.9798523187637329,0.3549359142780304,0.8412946462631226,0.47540855407714844,0.5431281924247742,0.4452652633190155,0.3902807831764221,0.3346411883831024,0.09107561409473419,0.33337515592575073,0.2518674433231354,1.1635589599609375,0.5942889451980591,0.5737334489822388,0.19729045033454895,1.1166285276412964,0.14227820932865143,1.3226770162582397,1.1914619207382202,0.3483749032020569,1.416040062904358,0.3606009781360626,0.23555073142051697,1.1863127946853638,0.5623475313186646,0.38914886116981506,0.7000856399536133,0.8571153879165649,0.10699469596147537,0.5635043382644653,0.36291009187698364,0.20430909097194672,0.2862386107444763,0.41817009449005127,0.44813278317451477
0.23338699340820312,0.44079136848449707,0.5888872146606445,0.05946850776672363,0.5424211025238037,0.4992208778858185,0.07735143601894379,5.557124614715576,0.3028431832790375,1.0415315628051758,0.42334920167922974,0.008145181462168694,0.7133477330207825,0.00039999998989515007,0.2892685830593109,0.8003212213516235,0.7794316411018372,3.547882556915283,0.6986579298973083,0.6939490437507629,0.9225428104400635,0.1746666580438614,1.0458170175552368,0.15290220081806183,0.5787467956542969,0.132820725440979,0.25083062052726746,0.9017089605331421,0.6782231330871582,0.8458598852157593,0.7976804375648499,0.3961198925971985,0.3642955720424652,1.5787960290908813,0.4170069396495819,0.4472016990184784,0.25084230303764343,0.8972995281219482,0.5184714794158936,1.22311270236969,1.524511456489563,0.5039328336715698,1.6961089372634888,0.3052138686180115,0.2840285301208496,0.8173453211784363,0.23161038756370544,1.1695208549499512,0.7389223575592041,0.6419814229011536,0.18172110617160797,0.31365901231765747,0.43016818165779114,0.48114344477653503,0.6072002053260803,1.132668375968933,0.0783248245716095
1.3427455425262451,0.10962206870317459,0.039937954396009445,0.04996548593044281,0.309196799993515,0.28084492683410645,0.19065599143505096,5.322243690490723,0.361238569021225,0.2183925062417984,0.17643015086650848,0.6707912683486938,0.9375832080841064,0.00039999998989515007,0.3101324439048767,1.1237640380859375,0.5659723877906799,4.0757036209106445,0.4896106421947479,0.06232099235057831,0.291542112827301,1.2575576305389404,1.596409559249878,0.39494088292121887,1.2536494731903076,1.1082483530044556,1.154072880744934,0.6803882718086243,0.25153055787086487,0.11340049654245377,0.18760111927986145,0.5056477785110474,0.11881540715694427,0.7195475101470947,0.059017613530159,0.6180123686790466,0.48731422424316406,0.8203496336936951,1.1074951887130737,0.9562603831291199,0.5516549944877625,0.23128576576709747,0.6051947474479675,0.5118378400802612,0.4156561493873596,0.8270943760871887,1.1510107517242432,0.30183857679367065,1.4058464765548706,0.749580442905426,0.5692113637924194,0.7629818320274353,0.3218003809452057,0.06045280769467354,0.3266735374927521,0.35133326053619385,0.6989443302154541
0.050454068928956985,0.5209322571754456,0.4076234996318817,0.3170029819011688,0.3068523705005646,0.36963576078414917,0.4499278664588928,5.8816609382629395,0.7599915266036987,1.0088248252868652,0.24169695377349854,0.3224620223045349,1.1110467910766602,0.00039999998989515007,0.42517536878585815,0.7849169373512268,0.5641574859619141,4.033837795257568,0.45207929611206055,0.5132636427879333,1.0704158544540405,0.49384406208992004,1.1041909456253052,0.5366523861885071,0.6545475125312805,0.6953418850898743,0.6741960048675537,0.307647168636322,0.46245232224464417,0.7953817844390869,0.004478751681745052,0.4012202322483063,0.06015660613775253,1.0229066610336304,0.9437127113342285,0.7166039347648621,0.19206973910331726,0.7690111994743347,0.07012554258108139,1.2069287300109863,0.9179947376251221,0.5971364974975586,1.1996095180511475,0.3065342605113983,0.24097035825252533,1.0382859706878662,0.42179471254348755,0.08860365301370621,0.6140768527984619,0.9179415702819824,0.22720244526863098,0.5116418600082397,0.5141950845718384,0.21622444689273834,0.5094932317733765,0.5770703554153442,0.32335543632507324
0.1519855409860611,0.14479871094226837,0.17389702796936035,0.04111315682530403,0.27652356028556824,0.3447990417480469,0.11373110115528107,5.9098944664001465,0.753652036190033,1.0676484107971191,0.36295074224472046,0.3368324041366577,1.1161314249038696,0.00039999998989515007,0.4547846019268036,0.8715384602546692,0.35899344086647034,3.9511899948120117,0.5505199432373047,0.47290557622909546,1.0690611600875854,0.47113949060440063,1.0513747930526733,0.2693038880825043,0.8401374220848083,0.5950344800949097,0.671796441078186,0.5108489394187927,0.33160334825515747,0.6526157855987549,0.17430199682712555,0.29221734404563904,0.1804903894662857,1.158248782157898,0.6715705990791321,0.5412859320640564,0.337232768535614,0.9373376965522766,0.12493599206209183,1.373443841934204,1.1371922492980957,0.4631941020488739,1.3360029458999634,0.35314473509788513,0.21369150280952454,1.1007987260818481,0.5206965208053589,0.334351122379303,0.6942702531814575,0.894771158695221,0.26710304617881775,0.4538975954055786,0.33182257413864136,0.002004066249355674,0.2581663131713867,0.5292984843254089,0.3232799172401428
0.7585164308547974,0.392684668302536,0.13249287009239197,0.05303820222616196,0.6611509919166565,0.18676739931106567,0.04117850959300995,5.9085588455200195,0.6735033392906189,0.4268919825553894,0.14354641735553741,0.6457401514053345,0.9577165246009827,0.00039999998989515007,0.40429437160491943,0.7739704847335815,0.025457074865698814,3.9175190925598145,0.5325775742530823,0.310098797082901,0.6745610237121582,0.7290797233581543,1.35191011428833,0.041475262492895126,1.0379501581192017,0.5065520405769348,0.5913575887680054,0.8381816744804382,0.2942340075969696,0.261148065328598,0.1387500911951065,0.12097682803869247,0.2709035575389862,1.3132908344268799,0.23815223574638367,0.5037493109703064,0.14805850386619568,1.5069963932037354,0.29503366351127625,1.0930176973342896,1.0314799547195435,0.110820472240448,1.2632830142974854,0.01971338503062725,0.339217871427536,1.2957130670547485,0.4535411298274994,0.3424571752548218,0.8604729175567627,0.6479241847991943,0.285640150308609,0.4966161549091339,0.01233386155217886,0.11879151314496994,0.2849520444869995,0.06068820506334305,0.6777471899986267
0.24567818641662598,0.1123763918876648,0.33990415930747986,0.05098936706781387,0.4029145836830139,0.26281675696372986,0.2511512041091919,5.875032424926758,0.6557756066322327,0.8393322825431824,0.3207160234451294,0.3901363015174866,1.1906274557113647,0.00039999998989515007,0.5048851370811462,0.8602681159973145,0.35939136147499084,3.678903102874756,0.5733581185340881,0.45789995789527893,1.002584457397461,0.5935921669006348,1.178204894065857,0.2594541609287262,0.8747572898864746,0.7186135053634644,0.6804487705230713,0.6319399476051331,0.36984097957611084,0.6125045418739319,0.05397399142384529,0.29469215869903564,0.04789277911186218,1.3062046766281128,0.6904394626617432,0.5528062582015991,0.3511994779109955,1.0126057863235474,0.08634387701749802,1.4600543975830078,1.141242265701294,0.34837183356285095,1.2677221298217773,0.27453112602233887,0.214300274848938,1.23668372631073,0.5006223917007446,0.22415828704833984,0.8159534335136414,0.893878698348999,0.228751540184021,0.5800758600234985,0.3450487554073334,0.06542085856199265,0.3821888864040375,0.46405908465385437,0.3254121243953705
0.0998927429318428,0.4564571976661682,0.47452405095100403,0.2456633299589157,0.36746683716773987,0.19593675434589386,0.3913588225841522,5.566356658935547,0.8393154144287109,1.1734668016433716,0.29857444763183594,0.39649686217308044,1.239118218421936,0.00039999998989515007,0.43549013137817383,0.8261805176734924,0.682396411895752,3.623291492462158,0.5312627553939819,0.6011739373207092,1.1990642547607422,0.6121214628219604,1.1320346593856812,0.45631909370422363,0.821907639503479,0.7446855306625366,0.6690719127655029,0.400653213262558,0.44090843200683594,0.6474599242210388,0.18886080384254456,0.46485814452171326,0.026247015222907066,1.142098069190979,0.9375850558280945,0.7775576114654541,0.204141303896904,0.9484202265739441,0.047477152198553085,1.3533459901809692,0.9667416214942932,0.5512656569480896,1.2983530759811401,0.24246254563331604,0.3482446074485779,1.3012467622756958,0.3866382837295532,0.23639218509197235,0.5915611982345581,1.0796767473220825,0.07469864934682846,0.6686781644821167,0.6095209717750549,0.2720639407634735,0.45841705799102783,0.5216776728630066,0.4058873951435089
0.3104095458984375,0.20566995441913605,0.9537726044654846,0.07269848883152008,0.9906218647956848,0.058909837156534195,0.3769553303718567,5.409119606018066,0.2044295072555542,0.7607765197753906,0.32694879174232483,0.13769787549972534,0.8881151676177979,0.00039999998989515007,0.5563364028930664,0.7800008654594421,0.5677767395973206,2.8065643310546875,0.6550210118293762,0.6482279896736145,0.6844848990440369,0.16573861241340637,1.4724922180175781,0.4358394742012024,0.7834524512290955,0.1606930047273636,0.10366492718458176,1.2493174076080322,0.6961691379547119,0.637394905090332,0.36063849925994873,0.3930061161518097,0.16688500344753265,1.8657282590866089,0.2711099684238434,0.63108891248703,0.4506079852581024,1.1799415349960327,0.3785293400287628,1.2632709741592407,1.5355018377304077,0.2574700713157654,1.7632380723953247,0.08576449006795883,0.4055429697036743,1.3184844255447388,0.05572042986750603,0.7558324933052063,0.9387167692184448,0.686972975730896,0.29697608947753906,0.5013852715492249,0.20878912508487701,0.6514566540718079,0.4906701445579529,0.8882575631141663,0.2888975441455841
0.5185517072677612,0.6463125348091125,0.4445081949234009,0.031345199793577194,0.0020132241770625114,0.10170015692710876,0.15512116253376007,5.143352508544922,0.6823446154594421,1.1942543983459473,0.5676167607307434,0.16043630242347717,1.0684016942977905,0.00039999998989515007,0.4790448546409607,0.8965904712677002,0.8171165585517883,3.335418224334717,0.6238048076629639,0.5921196937561035,1.1925750970840454,0.19774577021598816,0.8752763271331787,0.09173085540533066,0.3255736827850342,0.36269134283065796,0.13030210137367249,0.6183461546897888,0.8494910597801208,0.5504559874534607,0.8642053604125977,0.572635293006897,0.648991584777832,1.5729438066482544,0.4224684238433838,0.26432955265045166,0.3219000995159149,0.7164202332496643,0.6745295524597168,1.411424160003662,1.4410938024520874,0.43381473422050476,1.876344919204712,0.3212064802646637,0.37032824754714966,0.804283618927002,0.2590385675430298,1.6076421737670898,0.8163169026374817,1.0289956331253052,0.32691341638565063,0.22174593806266785,0.1224866732954979,0.38109010457992554,0.6116216778755188,1.055189847946167,0.09578203409910202
0.15026715397834778,0.3080472946166992,0.7986661791801453,0.10301028937101364,0.6495967507362366,0.07781103253364563,0.4896085560321808,5.52974796295166,0.5010572671890259,1.0346440076828003,0.15029889345169067,0.4846228063106537,1.1064608097076416,0.00039999998989515007,0.9506487250328064,0.8145052194595337,0.5856085419654846,2.7416365146636963,0.5746496319770813,0.5404198169708252,0.8205927014350891,0.6821672320365906,1.1898337602615356,0.1760447472333908,0.6288530230522156,0.4009383022785187,0.18455030024051666,0.9229626655578613,0.5028834342956543,0.3860117793083191,0.3257216811180115,0.32720863819122314,0.27777621150016785,1.702329397201538,0.6713569760322571,0.7165055871009827,0.2272367775440216,1.1810662746429443,0.28524553775787354,1.396369457244873,1.3622246980667114,0.49897629022598267,1.7317641973495483,0.22090911865234375,0.4781110882759094,1.700501561164856,0.22471033036708832,0.3726043403148651,0.7674357891082764,1.0700852870941162,0.37106096744537354,0.7332143187522888,0.4527587890625,0.26147451996803284,0.2893790602684021,0.44521400332450867,0.33533528447151184
0.17221571505069733,0.35104331374168396,0.7386966943740845,0.38678836822509766,0.24923866987228394,0.29354605078697205,0.6561887860298157,5.613428592681885,0.23412032425403595,1.3703190088272095,0.05402233451604843,0.43090835213661194,1.0400397777557373,0.00039999998989515007,0.4122357666492462,1.3205645084381104,0.44962385296821594,3.224567413330078,0.9395220279693604,0.17309460043907166,0.9215453267097473,0.6485582590103149,1.0817766189575195,0.1735069900751114,0.5716322660446167,0.31775152683258057,0.5713602900505066,0.991109311580658,0.6749041676521301,0.9000958204269409,0.18228679895401,0.6474742293357849,0.4143223166465759,1.138221263885498,0.8606551885604858,0.9224743247032166,0.31742843985557556,0.7120832204818726,0.01877838559448719,1.281731367111206,0.8322989344596863,0.700587272644043,1.5080240964889526,0.014594747684895992,0.2959834337234497,1.1183123588562012,0.47282758355140686,0.4254917502403259,0.6501649022102356,1.268289566040039,0.06357213109731674,0.5985525250434875,0.7696130871772766,0.26198768615722656,0.2535618841648102,0.6140284538269043,0.739120364189148
0.18268290162086487,0.7877780795097351,0.5982466340065002,0.37761390209198,0.5583025813102722,0.11842507869005203,0.48194068670272827,5.839030742645264,0.9533686637878418,0.4497227072715759,0.16143277287483215,0.5476504564285278,1.0980998277664185,0.00039999998989515007,0.1825321465730667,0.7621033191680908,0.28227686882019043,3.9877724647521973,0.26087382435798645,0.44547560811042786,0.7943979501724243,0.6228274703025818,1.3446006774902344,0.8723283410072327,0.8297001123428345,0.6982132792472839,0.7356199026107788,0.20804403722286224,0.4890750050544739,0.8221585154533386,0.2199278026819229,0.2971300482749939,0.45360031723976135,1.0636041164398193,0.7782927751541138,0.9647074341773987,0.29818543791770935,0.8790460824966431,0.1943044662475586,1.0994446277618408,0.6699330806732178,0.07578275352716446,0.9141963124275208,0.06951846927404404,0.11040763556957245,1.0788425207138062,0.08638282865285873,0.592138409614563,0.7283144593238831,0.7105539441108704,0.4419189989566803,0.7422321438789368,0.23234429955482483,0.3259395956993103,0.6221994757652283,0.4037609100341797,0.5608583688735962
0.42236611247062683,0.13409048318862915,0.17685814201831818,0.4656082093715668,0.3607900142669678,0.22680167853832245,0.49507835507392883,4.641922473907471,0.7187432646751404,1.232554316520691,0.26286303997039795,0.8676242232322693,1.2957688570022583,0.00039999998989515007,0.11050189286470413,0.49216341972351074,0.7861065864562988,4.761722087860107,0.8531660437583923,1.0236153602600098,0.9390451908111572,0.783930242061615,1.014061450958252,0.024365447461605072,1.0012412071228027,0.9014043211936951,0.6021511554718018,0.3984256088733673,0.16992449760437012,0.05423097312450409,0.2847110331058502,0.051021285355091095,0.2919541299343109,0.5392563939094543,0.6410559415817261,0.2779472768306732,0.1340474933385849,1.973018765449524,0.5046225786209106,0.7067965269088745,1.1365619897842407,0.031116150319576263,1.4400925636291504,0.17744606733322144,0.03434127941727638,1.2174882888793945,0.5083310008049011,0.3820208013057709,0.3100093603134155,0.3985532224178314,0.13416987657546997,0.6667042374610901,0.045314252376556396,0.7637085914611816,0.5385590195655823,0.7282159328460693,0.6193335056304932
0.19104231894016266,0.30643871426582336,0.0860455259680748,0.08665340393781662,0.2703718841075897,0.227108895778656,0.16990870237350464,5.828994274139404,1.036773443222046,0.8628823161125183,0.27636364102363586,0.5484024286270142,0.9997469186782837,0.00039999998989515007,0.36318081617355347,0.9657658338546753,0.15419252216815948,4.2146735191345215,0.34408053755760193,0.28510376811027527,0.8254308700561523,0.5686318874359131,1.1510372161865234,0.5886278748512268,0.9746701717376709,0.5421555042266846,0.7667816281318665,0.32168370485305786,0.39035823941230774,0.41988617181777954,0.046610552817583084,0.3041607439517975,0.07637583464384079,1.0099353790283203,0.5619707107543945,0.6317111849784851,0.2374901920557022,0.9495108723640442,0.10928939282894135,1.2695629596710205,1.2054506540298462,0.27595028281211853,1.3602213859558105,0.47656142711639404,0.05825148895382881,1.0349215269088745,0.5643095374107361,0.18933124840259552,0.834819495677948,0.7260705828666687,0.32600516080856323,0.6474338173866272,0.18174374103546143,0.34200984239578247,0.35722479224205017,0.48627737164497375,0.5448610186576843
0.18599925935268402,0.05771326273679733,0.4560428559780121,0.6118493676185608,0.0697394534945488,0.10539162904024124,0.3579498529434204,5.4891252517700195,1.0523438453674316,0.3820091784000397,1.0665861368179321,0.0905086100101471,1.0435950756072998,0.00039999998989515007,0.7246293425559998,1.039042353630066,0.45398131012916565,3.225396156311035,0.026520274579524994,0.001641110866330564,0.8201233148574829,0.49698910117149353,1.22506582736969,1.254725694656372,1.3800780773162842,1.1097285747528076,1.5488371849060059,0.007081726100295782,0.14208711683750153,0.6340869665145874,0.6208216547966003,0.5577625632286072,0.03110235556960106,1.1510077714920044,0.0667504370212555,0.9280290007591248,0.5534166693687439,0.07653342932462692,0.06820778548717499,1.6112688779830933,0.5679119825363159,0.23344409465789795,0.5845481157302856,0.8033771514892578,0.3428846597671509,0.6505141258239746,0.7206388115882874,0.4480067789554596,0.9700102210044861,1.3382154703140259,0.8307816982269287,1.0874320268630981,0.01604170724749565,0.07051406800746918,0.1217585951089859,0.46724697947502136,0.45845189690589905
0.4603364169597626,0.4462434947490692,0.08246258646249771,0.04620055854320526,0.32271692156791687,0.6578057408332825,0.06621720641851425,6.02459716796875,0.8689275979995728,1.0468077659606934,0.22292838990688324,0.3923167884349823,1.0717378854751587,0.00039999998989515007,0.4589548707008362,0.8091720938682556,0.10745581984519958,4.204695701599121,0.40634414553642273,0.3008576035499573,0.8943315744400024,0.6151432991027832,1.119812250137329,0.2641320526599884,0.9190305471420288,0.5910232067108154,0.7662395238876343,0.4059460163116455,0.22491586208343506,0.6336567401885986,0.04376339167356491,0.034841857850551605,0.09496436268091202,0.843314528465271,0.7029992341995239,0.35259130597114563,0.22984425723552704,0.9483210444450378,0.20138657093048096,1.1878364086151123,1.1211587190628052,0.6611983180046082,1.2681196928024292,0.489175409078598,0.17794671654701233,1.0007747411727905,0.5730144381523132,0.035071682184934616,0.7201434373855591,0.6105003356933594,0.5346155762672424,0.2680942416191101,0.1149599477648735,0.22481229901313782,0.21082428097724915,0.34058088064193726,0.4121561348438263
0.6134281754493713,0.474167138338089,0.2393544763326645,0.0928327888250351,0.4765329658985138,0.1396159678697586,0.25082680583000183,6.157693862915039,0.6771908402442932,0.7966424822807312,0.23959854245185852,0.5093615651130676,1.0013864040374756,0.00039999998989515007,0.32009485363960266,1.0283548831939697,0.051328785717487335,3.8960466384887695,0.5033887624740601,0.26964107155799866,0.7928034663200378,0.6594741344451904,1.254395604133606,0.31005746126174927,0.9275092482566833,0.4500789940357208,0.5931140184402466,0.7238090634346008,0.3400461971759796,0.666196882724762,0.12176140397787094,0.3278326392173767,0.008852845057845116,1.1211624145507812,0.46568793058395386,0.8035963773727417,0.45727136731147766,1.021138310432434,0.07499175518751144,1.1993134021759033,0.803748369216919,0.18298208713531494,1.1267495155334473,0.0296892412006855,0.11776424944400787,1.170047402381897,0.37483617663383484,0.16228605806827545,0.8035564422607422,0.8458555936813354,0.35049113631248474,0.4979585111141205,0.20038801431655884,0.06391146034002304,0.11882845312356949,0.2603534758090973,0.6831891536712646
0.5149312019348145,1.0525791645050049,0.24200886487960815,0.02462998405098915,0.16637678444385529,0.609463095664978,0.776597797870636,6.136289596557617,0.7017734050750732,0.37237483263015747,0.3002943694591522,1.0011203289031982,0.9991963505744934,0.00039999998989515007,0.22963765263557434,0.6915391087532043,0.16060836613178253,3.725238800048828,0.513305127620697,0.1805080622434616,0.9455643892288208,0.7331620454788208,0.5979101657867432,0.48571616411209106,0.3616704046726227,0.0037218115758150816,0.011094474233686924,0.5079483389854431,0.348995178937912,1.1730058193206787,0.5723459720611572,0.32150623202323914,0.6438918709754944,1.106208086013794,0.8218792676925659,0.5269405841827393,0.021666891872882843,1.304319143295288,0.5483061671257019,1.0417109727859497,0.21500462293624878,0.18324396014213562,0.46068480610847473,1.009530782699585,0.5228918194770813,1.1427357196807861,0.03599591180682182,1.1587876081466675,0.23851843178272247,0.42406001687049866,0.6577061414718628,0.037333227694034576,0.44710686802864075,0.02108316496014595,0.16965919733047485,0.6577204465866089,0.42471569776535034
0.15092046558856964,0.20682154595851898,0.6222115755081177,0.22817955911159515,0.37755072116851807,1.2994824647903442,0.48713451623916626,6.1219329833984375,0.7325137853622437,0.18550516664981842,0.11746442317962646,0.5696877837181091,0.7486231327056885,0.00039999998989515007,0.4310236871242523,0.44141319394111633,0.20274929702281952,3.4994876384735107,0.22093231976032257,0.4497535526752472,0.7283603549003601,0.10348741710186005,0.5299599170684814,0.4416184723377228,0.14865928888320923,0.4744966924190521,0.31841933727264404,0.299546480178833,0.7179667353630066,1.7043699026107788,0.49746081233024597,0.7347798943519592,0.7082464098930359,1.5475976467132568,0.79989093542099,0.014718207530677319,0.06748704612255096,0.8897966742515564,1.4026093482971191,1.1457288265228271,1.0740578174591064,0.3404320478439331,0.7480930089950562,0.6714634895324707,0.391632616519928,0.5272868275642395,0.49195364117622375,0.20022132992744446,0.44147226214408875,0.33555465936660767,0.6451212167739868,0.2765458822250366,0.19931164383888245,0.26978635787963867,0.7944667339324951,0.269496351480484,0.3919735550880432
0.38791224360466003,0.28073763847351074,0.4713032841682434,0.22431062161922455,0.03969011455774307,0.05261170119047165,0.39825981855392456,5.446293354034424,1.0884603261947632,1.0287895202636719,0.4416998326778412,0.6950488686561584,0.9950100779533386,0.00039999998989515007,0.7148743867874146,0.838923454284668,0.00697937048971653,4.221837997436523,0.3684319257736206,0.3761146366596222,1.1233835220336914,0.7074517011642456,0.8520233035087585,0.19867685437202454,0.9555059671401978,0.3055586814880371,0.4144309163093567,0.4341293275356293,0.03162044286727905,0.022323841229081154,0.27668237686157227,0.3363923132419586,0.345379501581192,1.0853567123413086,0.3822692334651947,0.523032546043396,0.08555115014314651,1.3707152605056763,0.052254918962717056,1.298545479774475,1.3875645399093628,0.5227209329605103,1.3874057531356812,0.6145562529563904,0.27806541323661804,1.318006157875061,1.0709470510482788,0.36637434363365173,0.741322934627533,0.8392488360404968,0.17862173914909363,0.3611631691455841,0.2167435884475708,0.35277441143989563,0.16743230819702148,0.009233198128640652,0.21175196766853333
0.34049415588378906,0.434585303068161,0.04500088840723038,0.1553955227136612,0.18699316680431366,0.6867280006408691,0.01952294632792473,5.823615074157715,1.114244818687439,1.084126353263855,0.24800077080726624,0.49824950098991394,1.2574537992477417,0.00039999998989515007,0.3133140504360199,0.9774523973464966,0.056985702365636826,3.890958786010742,0.33590561151504517,0.16547439992427826,0.9708631634712219,0.710149347782135,1.098346471786499,0.7280552387237549,1.0459117889404297,0.39785560965538025,0.9756554365158081,0.22302328050136566,0.20312801003456116,0.9059826731681824,0.01818106509745121,0.061508920043706894,0.0827966034412384,0.8906992673873901,0.8113382458686829,0.5639079213142395,0.42882853746414185,0.8023293018341064,0.07445228099822998,1.4726617336273193,1.1080999374389648,0.3153930902481079,1.1377171277999878,0.32111257314682007,0.06501390784978867,0.9253629446029663,0.4715306758880615,0.14980749785900116,0.7488298416137695,0.6658217906951904,0.7857487201690674,0.4390219748020172,0.13733640313148499,0.18699955940246582,0.08855994045734406,0.2573002874851227,0.3630126118659973
0.035569727420806885,0.12691567838191986,0.2511531114578247,0.1948358416557312,0.42251619696617126,0.21065270900726318,0.024145569652318954,5.470990180969238,1.1312298774719238,0.8804685473442078,0.6426032185554504,0.3742896020412445,1.4262467622756958,0.00039999998989515007,0.5401734709739685,0.8118205070495605,0.32392412424087524,3.3710379600524902,0.22254839539527893,0.4891118109226227,1.091491937637329,0.5905992984771729,1.2667018175125122,0.88873690366745,1.1708483695983887,0.7507980465888977,0.9618072509765625,0.2000749111175537,0.0794852003455162,0.6466097235679626,0.08402228355407715,0.30006852746009827,0.04064309224486351,1.24423086643219,0.7531534433364868,0.7153981328010559,0.6261500120162964,0.9252281188964844,0.28215691447257996,1.757806658744812,1.2947697639465332,0.003615556750446558,1.0383501052856445,0.5209338068962097,0.03854035213589668,1.1535155773162842,0.3607480525970459,0.13403402268886566,0.8280148506164551,0.8578191995620728,0.45449113845825195,0.9251652956008911,0.22114798426628113,0.21691903471946716,0.28525906801223755,0.47842487692832947,0.20336118340492249
0.8745753765106201,0.8888201713562012,0.39814281463623047,0.0989244282245636,0.5337815284729004,0.7920979261398315,0.5816539525985718,4.9908766746521,1.0379447937011719,1.0917248725891113,0.11791487038135529,0.853482723236084,1.2537307739257812,0.00039999998989515007,0.47351786494255066,0.5235827565193176,0.040049947798252106,3.9721620082855225,0.6282100081443787,0.4830307364463806,0.8431060910224915,0.8752129077911377,1.1924762725830078,0.038509681820869446,1.3336429595947266,0.20668406784534454,0.749748706817627,0.7168825268745422,0.120454803109169,0.23806454241275787,0.2682541608810425,0.39755821228027344,0.3474660813808441,0.9560486674308777,0.3125183582305908,0.29287275671958923,0.17227208614349365,2.246657371520996,0.36270394921302795,0.7841981053352356,1.0687756538391113,0.2316841036081314,1.4427012205123901,0.03995687514543533,0.5698015689849854,1.2356762886047363,0.3625863194465637,0.7469478249549866,0.34474825859069824,0.46569696068763733,0.5521092414855957,0.4636671841144562,0.24428080022335052,0.37367287278175354,0.14887264370918274,0.16205085813999176,0.8018739223480225
0.5560184121131897,0.5306899547576904,0.047223884612321854,0.12460397928953171,0.2689610421657562,1.0630640983581543,0.05964488908648491,5.60574197769165,0.8898752927780151,1.3401330709457397,0.06752602756023407,0.4832801818847656,1.2197614908218384,0.00039999998989515007,0.2979392111301422,0.9861425161361694,0.07114972919225693,3.9846620559692383,0.563988447189331,0.1828494369983673,0.9976918697357178,0.7049412727355957,1.1377460956573486,0.3283360004425049,1.0424096584320068,0.19414517283439636,0.9624518752098083,0.5014694333076477,0.17199012637138367,0.9468288421630859,0.10281320661306381,0.0387272834777832,0.13329102098941803,0.7520596385002136,0.890093207359314,0.3574613034725189,0.3127877712249756,1.0147202014923096,0.20583872497081757,1.3186887502670288,1.2615667581558228,0.6984092593193054,1.3185003995895386,0.3207572102546692,0.2686351239681244,0.8043392300605774,0.5177825093269348,0.004055038094520569,0.6879233121871948,0.47396495938301086,0.812775731086731,0.15347428619861603,0.10325894504785538,0.13404668867588043,0.14181995391845703,0.3296057879924774,0.4097916781902313
0.3257445693016052,0.4307750165462494,0.24943041801452637,0.1695292890071869,0.3070547878742218,0.6633359789848328,0.16268384456634521,5.698902130126953,0.931797444820404,1.0256876945495605,0.22730809450149536,0.5924685597419739,1.2810554504394531,0.00039999998989515007,0.2614266872406006,1.019519567489624,0.13328558206558228,3.7203235626220703,0.5306780934333801,0.2692354917526245,1.085409164428711,0.7375876903533936,1.1444833278656006,0.6432838439941406,1.0478185415267944,0.3134731650352478,0.9341322183609009,0.5147703289985657,0.18434090912342072,0.8883106112480164,0.023844026029109955,0.17250759899616241,0.10930505394935608,1.0888268947601318,0.8449853658676147,0.6352545619010925,0.39800727367401123,1.0938608646392822,0.06493344902992249,1.572769045829773,1.1107914447784424,0.25992584228515625,1.0978425741195679,0.10701236128807068,0.19448165595531464,0.9926145076751709,0.4534057378768921,0.10828375816345215,0.7430660724639893,0.6581907868385315,0.6561585068702698,0.5088034272193909,0.32140469551086426,0.0836142897605896,0.2552672028541565,0.2278052419424057,0.3969598412513733
0.3640129566192627,0.44471850991249084,0.2923099994659424,0.1464109867811203,0.3677562475204468,0.6029754281044006,0.11672500520944595,5.679934978485107,0.9797546863555908,0.9081993103027344,0.1995439976453781,0.6724640130996704,1.2714769840240479,0.00039999998989515007,0.3279142379760742,0.998019278049469,0.10534177720546722,3.685703754425049,0.462311327457428,0.24139054119586945,0.9920452833175659,0.808691143989563,1.2192025184631348,0.6296542286872864,1.0747157335281372,0.29868045449256897,0.8988597393035889,0.5150415897369385,0.2176479697227478,0.7374477386474609,0.12830312550067902,0.1539216786623001,0.15211282670497894,1.1365842819213867,0.8112010359764099,0.6135714650154114,0.35286208987236023,1.1711236238479614,0.016423556953668594,1.568743109703064,1.2422635555267334,0.2304735630750656,1.1532381772994995,0.1847342550754547,0.20157882571220398,1.0441802740097046,0.45732155442237854,0.12040458619594574,0.8347224593162537,0.5827382802963257,0.6068079471588135,0.5680012702941895,0.2632372975349426,0.13409465551376343,0.32191789150238037,0.20472833514213562,0.39587923884391785
0.2949003577232361,0.37160733342170715,0.22036491334438324,0.13907615840435028,0.2756222188472748,0.6031938195228577,0.0024409436155110598,5.68034553527832,1.170607089996338,1.0107656717300415,0.2774006426334381,0.5607532262802124,1.2972607612609863,0.00039999998989515007,0.2783169150352478,0.9427482485771179,0.06698641926050186,3.6735663414001465,0.30962541699409485,0.18781313300132751,1.0091636180877686,0.7215692400932312,1.1802939176559448,0.8154414892196655,1.1125751733779907,0.1774749755859375,0.948853075504303,0.278866171836853,0.2116149216890335,0.8657777905464172,0.017373349517583847,0.1609179973602295,0.08881895989179611,1.1145920753479004,0.7412368059158325,0.6929850578308105,0.46704885363578796,1.0048409700393677,0.22877563536167145,1.587001919746399,1.2898533344268799,0.15839393436908722,1.184973955154419,0.18636870384216309,0.08564452081918716,1.0029188394546509,0.43500304222106934,0.17743965983390808,0.8205355405807495,0.6255748867988586,0.744690477848053,0.5037140250205994,0.1933174878358841,0.038069307804107666,0.07692182809114456,0.13763251900672913,0.25764116644859314
0.2466503083705902,0.40976420044898987,0.2845289409160614,0.2167389690876007,0.2811266779899597,0.8066693544387817,0.04925371706485748,5.620039939880371,0.8931436538696289,1.064551591873169,0.12862001359462738,0.6650533080101013,1.1613819599151611,0.00039999998989515007,0.02535562962293625,1.1202300786972046,0.1631404459476471,3.864384174346924,0.6557869911193848,0.18282738327980042,1.0689607858657837,0.6166409850120544,1.1010102033615112,0.7120952606201172,1.0485904216766357,0.10383404791355133,0.9891244769096375,0.6000789403915405,0.256285160779953,0.9708136916160583,0.05800902098417282,0.20194374024868011,0.11760860681533813,1.0533504486083984,0.7857471108436584,0.6548788547515869,0.3013973534107208,1.186326026916504,0.013619439676404,1.5044025182724,1.119651436805725,0.22816328704357147,1.1620980501174927,0.040339551866054535,0.22912952303886414,0.8220858573913574,0.4477280080318451,0.09567722678184509,0.6774433255195618,0.5866113901138306,0.6845497488975525,0.48105600476264954,0.3893079161643982,0.03231912478804588,0.3470973074436188,0.26584967970848083,0.5332594513893127
0.3199288845062256,1.0224146842956543,0.5970509052276611,0.46473678946495056,0.20048540830612183,1.560505986213684,0.4204004406929016,4.938940048217773,0.956913411617279,1.4534268379211426,0.6274139881134033,0.9918786883354187,1.0806500911712646,0.00039999998989515007,0.8230938911437988,1.1414296627044678,0.43389299511909485,3.675637722015381,0.8430891036987305,0.06520313024520874,1.1725025177001953,0.47375863790512085,0.4037778675556183,1.1464473009109497,0.45946288108825684,0.5040934085845947,0.794385552406311,0.2148761749267578,0.5116710662841797,1.7428585290908813,0.19721752405166626,0.193585604429245,0.3568683862686157,0.47401201725006104,1.4434298276901245,0.5613841414451599,0.10288570821285248,0.9478105306625366,0.33357492089271545,1.2107794284820557,0.5104442238807678,0.28076934814453125,0.9368956089019775,0.8505105376243591,0.5131418108940125,0.370768278837204,0.026707850396633148,0.5371684432029724,0.1376807689666748,0.30759117007255554,0.9424338340759277,0.07679402828216553,0.7906731963157654,0.2946159243583679,0.5296240448951721,0.02158398926258087,0.694336473941803
0.20591463148593903,0.3190173804759979,0.3596346378326416,0.18986685574054718,0.1979522705078125,0.8324742317199707,0.12029679864645004,5.610875606536865,0.8584569692611694,1.2998889684677124,0.20822058618068695,0.4917212724685669,1.1905063390731812,0.00039999998989515007,0.0646868571639061,1.1602590084075928,0.2139206826686859,3.911339521408081,0.6212192177772522,0.27546876668930054,1.1234534978866577,0.541938841342926,1.0664767026901245,0.6325886845588684,0.9628350138664246,0.04890969768166542,0.9007474184036255,0.5196773409843445,0.27668556571006775,1.1336259841918945,0.20599761605262756,0.22978177666664124,0.07680542767047882,0.9567453861236572,0.8924663066864014,0.6777310371398926,0.47298309206962585,0.9086149334907532,0.13832497596740723,1.4915698766708374,1.1841249465942383,0.34567296504974365,1.2075875997543335,0.09394486993551254,0.13771338760852814,0.7220412492752075,0.41014498472213745,0.19863398373126984,0.6828424334526062,0.5873833298683167,0.6764447093009949,0.3579481542110443,0.3471370041370392,0.0015773347113281488,0.2554793953895569,0.522164523601532,0.34224870800971985
0.3823942244052887,0.44061246514320374,0.32331687211990356,0.10689415037631989,0.37702158093452454,0.6518082022666931,0.19738703966140747,5.739528179168701,0.9197117686271667,0.868030846118927,0.1536371111869812,0.7409769892692566,1.2945908308029175,0.00039999998989515007,0.39143091440200806,0.9564167857170105,0.1221204400062561,3.5730538368225098,0.47360509634017944,0.2404175102710724,1.015305757522583,0.8997880816459656,1.1744812726974487,0.5499411225318909,1.0052942037582397,0.25905367732048035,0.8216220140457153,0.572572648525238,0.19939731061458588,0.7002365589141846,0.2136077731847763,0.11393864452838898,0.18108314275741577,1.2109278440475464,0.8641613721847534,0.531140148639679,0.2828463315963745,1.2737915515899658,0.04502295330166817,1.6009103059768677,1.304026484489441,0.31187695264816284,1.1179468631744385,0.16188901662826538,0.2546102702617645,1.0849096775054932,0.5212664604187012,0.13187609612941742,0.838209331035614,0.5459305047988892,0.5547152757644653,0.5213328003883362,0.33414676785469055,0.06247914955019951,0.3657386600971222,0.08205143362283707,0.2914040982723236
0.5293199419975281,0.09520226716995239,0.3514360189437866,0.42032626271247864,0.06985113769769669,0.7963802218437195,0.42090144753456116,5.524250030517578,1.0071442127227783,0.5992996692657471,0.5928213000297546,0.4984056055545807,1.1868072748184204,0.00039999998989515007,0.6139643788337708,1.2147663831710815,0.5095053911209106,3.2620043754577637,0.19459663331508636,0.21301233768463135,0.8013936281204224,0.9888052940368652,1.2619235515594482,0.9557331800460815,1.4211643934249878,0.5803642272949219,1.575108528137207,0.27643147110939026,0.05601416155695915,0.6526024341583252,0.34319525957107544,0.2291059046983719,0.18073512613773346,1.0689020156860352,0.38670602440834045,0.5039207339286804,0.32848697900772095,0.46437525749206543,0.22029978036880493,1.689375877380371,1.060690999031067,0.11933111399412155,0.8048142790794373,0.7417334914207458,0.12282553315162659,0.569595992565155,0.91969233751297,0.3128880560398102,1.1513890027999878,0.8133049011230469,1.0122164487838745,0.7821192145347595,0.02109616808593273,0.09751187264919281,0.058108702301979065,0.2363802194595337,0.32401779294013977
0.278878778219223,0.24546706676483154,0.4352528750896454,0.2564144432544708,0.6477428078651428,0.37808236479759216,0.9107060432434082,4.9516682624816895,1.2915256023406982,1.1067861318588257,0.8845528960227966,0.05799376964569092,0.6416997313499451,0.00039999998989515007,0.5896182656288147,0.27116677165031433,0.23414567112922668,4.3436102867126465,0.02341114543378353,0.8817835450172424,1.0363168716430664,0.29750993847846985,1.2178682088851929,0.16340923309326172,1.1952626705169678,0.3527076542377472,0.2363298088312149,0.3542129397392273,0.035274241119623184,0.23293538391590118,0.792747974395752,0.16993968188762665,0.04278477653861046,1.2845304012298584,0.145300030708313,0.43415093421936035,0.14042501151561737,1.6161240339279175,0.14871737360954285,0.8650726079940796,2.0962822437286377,0.5475262403488159,1.7698129415512085,0.7629702091217041,0.46687597036361694,0.8177868723869324,0.3185226321220398,0.5923078060150146,0.5970592498779297,0.1523255854845047,0.2879311144351959,0.10549270361661911,0.3911631107330322,0.055356092751026154,0.06261104345321655,0.6141860485076904,0.11284007877111435
0.7875953316688538,0.19821850955486298,0.5092757344245911,0.5173178315162659,0.08626722544431686,0.6714399456977844,0.8176769018173218,5.396101474761963,0.8341096639633179,0.5207300782203674,0.40596073865890503,0.7443738579750061,0.795583963394165,0.00039999998989515007,0.16118694841861725,1.5022635459899902,0.793829619884491,3.8352816104888916,0.3993021249771118,0.521852970123291,0.4835329055786133,0.7597025036811829,1.3249242305755615,0.9651170372962952,1.4342724084854126,0.1059192344546318,1.5110617876052856,0.5390300750732422,0.047113336622714996,0.5939211845397949,0.4874110817909241,0.3905127942562103,0.06564498692750931,0.8869256973266602,0.16930870711803436,0.6921010613441467,0.2456979751586914,0.7778845429420471,0.5807580947875977,1.2277463674545288,0.8485445976257324,0.20096071064472198,0.9135769605636597,0.3272649943828583,0.1312996745109558,0.19884194433689117,0.8369562029838562,0.49423977732658386,1.0417498350143433,0.7649864554405212,0.9853426814079285,0.719501793384552,0.1443980634212494,0.26522308588027954,0.038112837821245193,0.23371803760528564,0.8943954706192017
0.29137855768203735,0.9080882668495178,0.6079809665679932,0.3261898159980774,0.605897843837738,0.41589662432670593,0.258891761302948,5.536902904510498,1.0405396223068237,1.2518310546875,0.12601099908351898,0.681020975112915,1.1772100925445557,0.00039999998989515007,0.07904276996850967,1.0114489793777466,0.3214077055454254,3.764003276824951,0.4848812222480774,0.3747069239616394,1.0228911638259888,0.7886975407600403,1.3144073486328125,0.6743492484092712,1.0988799333572388,0.10864156484603882,0.9048041701316833,0.4407629668712616,0.26983097195625305,0.8912907242774963,0.3078325390815735,0.3243445158004761,0.1733836829662323,0.8180648684501648,0.8552499413490295,0.9549246430397034,0.40538644790649414,1.274398684501648,0.2296420782804489,1.1958810091018677,0.813079297542572,0.29736328125,1.1122171878814697,0.16651663184165955,0.2714498043060303,0.9388468265533447,0.03899293392896652,0.33641690015792847,0.48073792457580566,0.6149539947509766,0.5040010213851929,0.5518004894256592,0.3629331588745117,0.2025703638792038,0.35200804471969604,0.28193196654319763,0.7657434344291687
0.048804495483636856,0.832266628742218,0.4078390598297119,0.07340877503156662,0.1405092030763626,0.8837701678276062,0.33670955896377563,5.840420246124268,1.2774066925048828,0.5471271872520447,0.2716684639453888,1.2961095571517944,1.0602450370788574,0.00039999998989515007,0.40988889336586,1.0410432815551758,0.19529946148395538,4.000395774841309,0.22684699296951294,0.017364731058478355,0.8828601837158203,0.7911884188652039,0.5629696249961853,1.1816401481628418,0.5141374468803406,0.42746949195861816,0.39648759365081787,0.03546762838959694,0.43888068199157715,1.2389473915100098,0.40651214122772217,0.2950005531311035,0.38279861211776733,0.9504804015159607,1.0361005067825317,0.5585890412330627,0.038120027631521225,1.0087909698486328,0.6673330664634705,1.3487187623977661,0.8083947896957397,0.3764364421367645,0.6439160108566284,0.575182318687439,0.22220364212989807,0.6246762275695801,0.08176766335964203,0.7319748401641846,0.4623677432537079,0.12272197008132935,0.8995029926300049,0.21408402919769287,0.366359680891037,0.26339662075042725,0.4513561725616455,0.23499180376529694,0.21937932074069977
0.0954476147890091,0.34445920586586,0.5628801584243774,0.33810311555862427,0.09884919226169586,0.8867618441581726,0.3717822730541229,5.803671360015869,0.5358158349990845,1.3514820337295532,0.0678413137793541,0.663640558719635,1.0968091487884521,0.00039999998989515007,0.283017635345459,1.3451522588729858,0.29714417457580566,3.530925750732422,0.7570234537124634,0.021142393350601196,0.9618061184883118,0.8376990556716919,0.9390080571174622,0.5197839140892029,0.6465305089950562,0.0663221925497055,0.8609330058097839,0.7013027667999268,0.42288738489151,0.9937037229537964,0.1379224956035614,0.3608049154281616,0.22459182143211365,0.9550424814224243,1.0610564947128296,0.6230936050415039,0.21787229180335999,0.7850284576416016,0.0020103170536458492,1.4883157014846802,1.15668523311615,0.7465406060218811,1.2886853218078613,0.21459369361400604,0.15824581682682037,0.7321687936782837,0.6501229405403137,0.3245736062526703,0.6987326741218567,0.7456538081169128,0.3328954875469208,0.48758187890052795,0.736204981803894,0.1316167414188385,0.41254913806915283,0.4272852838039398,0.4425307512283325
0.5855889320373535,0.2149459421634674,0.7399638891220093,0.29609692096710205,0.007093497086316347,0.9652178883552551,1.1968724727630615,5.217921733856201,1.4316960573196411,0.6816188097000122,0.645392119884491,0.36151379346847534,0.7313724160194397,0.00039999998989515007,0.17457325756549835,1.1106282472610474,0.8469412922859192,4.199909687042236,0.1449608951807022,0.21362853050231934,0.4759078323841095,0.44310498237609863,1.1568769216537476,0.9926072955131531,1.4978108406066895,0.0437285341322422,1.5627775192260742,0.21160927414894104,0.10121677815914154,0.7379962801933289,0.8910844326019287,0.0574018768966198,0.10876359790563583,0.5518305897712708,0.07076767832040787,0.4380352199077606,0.401780903339386,0.2757042646408081,0.35728776454925537,1.1099677085876465,1.1561497449874878,0.12282317876815796,0.955755889415741,0.83148592710495,0.30271464586257935,0.0360654853284359,0.5323049426078796,0.3839944303035736,0.9251964092254639,0.26773637533187866,1.3795461654663086,0.3591087758541107,0.6793179512023926,0.02494838275015354,0.1509069800376892,0.5867446064949036,0.41532960534095764
0.24394996464252472,0.46369099617004395,0.23519070446491241,0.08076890558004379,0.2587445080280304,0.671280562877655,0.20773173868656158,5.949509620666504,0.8187368512153625,1.1976606845855713,0.22041742503643036,0.6198976635932922,1.1477055549621582,0.00039999998989515007,0.1895289421081543,1.0047152042388916,0.20560196042060852,3.9066338539123535,0.5925284028053284,0.3427990674972534,1.1597446203231812,0.661361813545227,0.9556399583816528,0.463660329580307,0.8526634573936462,0.08194659650325775,0.7368729710578918,0.5703020095825195,0.15078599750995636,0.9088704586029053,0.047718875110149384,0.1958523988723755,0.0677480474114418,1.047736644744873,0.8420878648757935,0.6164916157722473,0.35392507910728455,1.2388418912887573,0.15594926476478577,1.4633569717407227,1.0968154668807983,0.43661507964134216,1.0870052576065063,0.016193456947803497,0.22664013504981995,0.904365062713623,0.4693751633167267,0.00696347514167428,0.5577735900878906,0.6069027781486511,0.5086519122123718,0.3212527930736542,0.48443499207496643,0.06318894773721695,0.21930544078350067,0.15757696330547333,0.3359822630882263
0.5451217889785767,1.036734938621521,0.3477244973182678,0.34454575181007385,0.45178988575935364,0.646011233329773,0.10391119867563248,5.825199127197266,1.2016545534133911,0.5734907984733582,0.03512689843773842,0.819972038269043,1.0375730991363525,0.00039999998989515007,0.06942387670278549,0.9696573615074158,0.29529279470443726,4.04471492767334,0.10962085425853729,0.038152288645505905,0.6552236676216125,0.8016969561576843,1.3028987646102905,0.9869216680526733,1.0411403179168701,0.021518992260098457,0.9656349420547485,0.12985141575336456,0.2697661221027374,0.9878859519958496,0.1713532954454422,0.01527407206594944,0.5254079699516296,0.792741596698761,0.6822549104690552,0.7876213788986206,0.330670028924942,0.9693369269371033,0.2520439028739929,1.0913201570510864,0.7813114523887634,0.11198807507753372,0.8080723881721497,0.13383939862251282,0.10083261877298355,0.6044338941574097,0.022911515086889267,0.9646493792533875,0.7117857336997986,0.23697485029697418,0.9921520948410034,0.4204961061477661,0.045867275446653366,0.19381749629974365,0.36669525504112244,0.07542052865028381,0.5891830325126648
0.35723140835762024,0.4410630762577057,0.3382270634174347,0.06086686626076698,0.28949394822120667,0.7347216606140137,0.22434529662132263,6.03977632522583,0.8495177626609802,0.9878091216087341,0.14565852284431458,0.692008912563324,1.18623685836792,0.00039999998989515007,0.24858877062797546,1.0244358777999878,0.0725645124912262,3.815701484680176,0.4839288890361786,0.2561427056789398,1.012576699256897,0.7845885753631592,1.0461888313293457,0.5053268671035767,0.8595420718193054,0.09241891652345657,0.7346147894859314,0.5260828137397766,0.22551843523979187,0.8932662606239319,0.10621601343154907,0.08217795193195343,0.05572592839598656,1.1019177436828613,0.8802216053009033,0.5392791628837585,0.35686925053596497,1.1318031549453735,0.16057255864143372,1.4983378648757935,1.1949682235717773,0.33597928285598755,1.0433777570724487,0.09025600552558899,0.1764717549085617,0.8876720666885376,0.4419599771499634,0.07906806468963623,0.7514339685440063,0.4809150993824005,0.593431293964386,0.34029754996299744,0.3603242039680481,0.05233610048890114,0.32024091482162476,0.16081970930099487,0.2405993789434433
0.27588915824890137,0.8718128204345703,0.5342249870300293,0.027584152296185493,0.1016785204410553,1.038620948791504,0.7555885314941406,5.894042491912842,0.9396737217903137,0.5245563387870789,0.2978321611881256,1.161345362663269,1.3230143785476685,0.00039999998989515007,0.10284622758626938,0.737159013748169,0.0009802081622183323,3.350332260131836,0.3782977759838104,0.19424325227737427,1.0829919576644897,0.9970777630805969,0.6174876689910889,0.7439940571784973,0.44374004006385803,0.15113279223442078,0.2891700863838196,0.27414804697036743,0.27598345279693604,1.2412256002426147,0.5860889554023743,0.46592390537261963,0.6089299917221069,1.1631476879119873,1.2906426191329956,0.3129611015319824,0.04453570023179054,1.289531946182251,0.6988072395324707,1.4937916994094849,0.7314671874046326,0.06202159449458122,0.44351309537887573,0.66645747423172,0.453529417514801,0.9661789536476135,0.10424765199422836,0.8892462849617004,0.4313722848892212,0.1684412807226181,0.8389882445335388,0.052073024213314056,0.5206209421157837,0.062079865485429764,0.4787923991680145,0.5557636022567749,0.039025720208883286
0.46653616428375244,0.5997918248176575,0.5303534269332886,0.6113177537918091,0.19565512239933014,0.8280279040336609,0.9584358930587769,5.0274763107299805,1.2488373517990112,0.7592332363128662,0.13448554277420044,0.897803783416748,0.6534976363182068,0.00039999998989515007,0.18453332781791687,1.5823769569396973,0.8583293557167053,3.982691764831543,0.3045957088470459,0.7039963006973267,0.4716714918613434,0.7515922784805298,1.0362117290496826,1.3606760501861572,1.4021179676055908,0.14217254519462585,1.7537416219711304,0.13222135603427887,0.12950120866298676,0.7011929750442505,0.19918543100357056,0.3234275281429291,0.09939518570899963,0.46634382009506226,0.03235304355621338,0.8338343501091003,0.09570778906345367,0.5795723795890808,0.6567348837852478,1.1176843643188477,0.6557710766792297,0.13499228656291962,0.9757020473480225,0.22448228299617767,0.12765038013458252,0.04243983328342438,0.7392123341560364,0.7953407168388367,0.7212663888931274,0.6050137877464294,1.206719160079956,0.6833465099334717,0.031128685921430588,0.07198140770196915,0.07178175449371338,0.07576611638069153,1.143486738204956
0.2962440848350525,0.8794957995414734,0.32642459869384766,0.4056721031665802,0.37712687253952026,0.6314754486083984,0.26837289333343506,5.502537250518799,1.251051902770996,1.0023341178894043,0.1476271003484726,1.0797579288482666,1.2323927879333496,0.00039999998989515007,0.23041968047618866,0.503000795841217,0.06410685181617737,3.9832711219787598,0.2614825963973999,0.5592947602272034,1.5910941362380981,0.7308323383331299,0.20992805063724518,0.356132447719574,0.4394787549972534,0.42263948917388916,0.2087329626083374,0.080459825694561,0.11169915646314621,0.8102936148643494,0.5090740919113159,0.31975820660591125,0.11620094627141953,1.1267894506454468,0.9698150157928467,0.3649551570415497,0.013763082213699818,1.6140445470809937,1.0257593393325806,1.3474366664886475,0.9422153830528259,0.16822515428066254,0.6367538571357727,0.40090543031692505,0.6428787708282471,1.1696885824203491,0.5266534686088562,0.47403499484062195,0.14547231793403625,0.38212981820106506,0.6780127882957458,0.38903161883354187,0.40560322999954224,0.22976331412792206,0.3124554455280304,0.7914957404136658,0.42709463834762573
0.46485981345176697,0.482361763715744,0.24188277125358582,0.17235729098320007,0.012878515757620335,0.4260537326335907,0.059908658266067505,5.571052074432373,0.9764350652694702,1.3273154497146606,0.3912199139595032,0.6697307229042053,1.2000813484191895,0.00039999998989515007,0.7669811844825745,0.8402611017227173,0.05855292081832886,3.8471100330352783,0.4408896863460541,0.4568171501159668,1.3419605493545532,0.8261898159980774,0.827944278717041,0.0770743265748024,0.8735755085945129,0.04288719594478607,0.4243960380554199,0.5305243134498596,0.06719060242176056,0.3482460677623749,0.2888699471950531,0.222098708152771,0.2528332769870758,1.1298563480377197,0.7182883024215698,0.5101560950279236,0.23664268851280212,1.436555027961731,0.21651682257652283,1.4430773258209229,1.4134647846221924,0.732909083366394,1.2405987977981567,0.4234780967235565,0.4148324728012085,1.2061922550201416,0.896488606929779,0.2151537537574768,0.6284613609313965,0.7318035364151001,0.3514459431171417,0.11998599767684937,0.35031813383102417,0.068434938788414,0.22519038617610931,0.1403331607580185,0.026077071204781532
0.49988192319869995,0.11915197223424911,0.28318944573402405,0.41577351093292236,0.2984236478805542,0.16583341360092163,0.3467470705509186,4.968377590179443,0.7935878038406372,1.1005656719207764,0.5308868885040283,0.4463692605495453,1.5726126432418823,0.00039999998989515007,0.8521967530250549,0.41270968317985535,0.6299781799316406,3.549957036972046,0.44537103176116943,1.0547667741775513,1.4831966161727905,1.0623829364776611,1.0444318056106567,0.08804014325141907,0.8707692623138428,0.7310948371887207,0.33003515005111694,0.4495592713356018,0.1714961975812912,0.041761238127946854,0.5370630621910095,0.32517629861831665,0.3341001868247986,0.9999976754188538,1.0921682119369507,0.47512346506118774,0.677314281463623,1.5585319995880127,0.08150523155927658,1.542311668395996,1.4448996782302856,0.6681634187698364,0.9235870838165283,0.6466562747955322,0.14142578840255737,1.565028429031372,0.887336254119873,0.6159994602203369,0.7169010639190674,0.6575800776481628,0.07012231647968292,0.30856573581695557,0.2899104952812195,0.2674166262149811,0.11752314120531082,0.132338285446167,0.4115670323371887
0.547062873840332,0.29033735394477844,0.04674684628844261,0.5388371348381042,0.09265287965536118,0.7553360462188721,0.2736075222492218,5.674953460693359,0.8028385043144226,0.5037511587142944,0.32962948083877563,0.6455312371253967,0.9946861267089844,0.00039999998989515007,0.22675125300884247,1.4601194858551025,0.5632043480873108,3.4908599853515625,0.41477257013320923,0.34270963072776794,0.6744976043701172,0.8927816152572632,1.2467857599258423,1.0981664657592773,1.2804830074310303,0.31387725472450256,1.603094220161438,0.46115002036094666,0.12636178731918335,0.8561652898788452,0.24049624800682068,0.3729175329208374,0.18473663926124573,0.9969176650047302,0.3591209948062897,0.7797535061836243,0.35332053899765015,0.512360692024231,0.3694075644016266,1.5248522758483887,0.7042538523674011,0.08804371953010559,0.6941936016082764,0.28016307950019836,0.15256354212760925,0.3784378468990326,0.7612562775611877,0.6038764119148254,1.0473628044128418,0.7652837634086609,1.0248396396636963,0.78364497423172,0.17857594788074493,0.24746710062026978,0.2110576331615448,0.20200669765472412,0.6507518291473389
0.6631703972816467,0.3523058295249939,0.1563340425491333,0.41765591502189636,0.09106118977069855,0.7764220237731934,0.24187862873077393,5.818410396575928,0.8751763701438904,0.4594288766384125,0.33447161316871643,0.6870319247245789,1.0880885124206543,0.00039999998989515007,0.3662252724170685,1.343624234199524,0.6490827798843384,3.406707286834717,0.3201591968536377,0.3162188231945038,0.7111487984657288,1.0042434930801392,1.207309603691101,0.9834986329078674,1.2692179679870605,0.33511996269226074,1.48106050491333,0.4139081537723541,0.04408637061715126,0.7716081738471985,0.14350467920303345,0.20079317688941956,0.24421614408493042,1.0684152841567993,0.40231016278266907,0.6353846192359924,0.35912638902664185,0.6063233613967896,0.24513208866119385,1.591688632965088,0.777617335319519,0.06591729819774628,0.6576547622680664,0.3092341721057892,0.08929910510778427,0.5211411714553833,0.7556595206260681,0.6926486492156982,1.0634323358535767,0.7046616077423096,1.0651779174804688,0.678636372089386,0.10474328696727753,0.2289174199104309,0.11237870156764984,0.002003916772082448,0.49730369448661804
0.21263711154460907,0.6752312183380127,0.2794887125492096,0.16088545322418213,0.38788384199142456,0.8569635152816772,0.06607197225093842,5.692864418029785,0.9898057579994202,1.378429651260376,0.1674226075410843,0.5415408611297607,1.1982803344726562,0.00039999998989515007,0.008713694289326668,0.9531051516532898,0.29223746061325073,3.8999276161193848,0.5817002058029175,0.3743014931678772,1.1926536560058594,0.5249149799346924,1.029652714729309,0.5612093806266785,1.0138881206512451,0.0460023507475853,0.9676697850227356,0.4559618830680847,0.1250012069940567,1.0117546319961548,0.024061646312475204,0.08516702055931091,0.09817437082529068,0.8783398270606995,0.917917788028717,0.6168470978736877,0.4074495732784271,1.2960129976272583,0.02845131605863571,1.4131447076797485,1.0596222877502441,0.43365028500556946,1.1271265745162964,0.07116971909999847,0.29813069105148315,0.8201262354850769,0.20880983769893646,0.20176976919174194,0.39095020294189453,0.4799746572971344,0.7176287174224854,0.27535152435302734,0.3786902129650116,0.04168412834405899,0.27069708704948425,0.18097935616970062,0.4964984059333801
0.05515380576252937,0.5347610116004944,0.7464790344238281,0.3989596366882324,0.05514533445239067,1.0339056253433228,0.44801849126815796,5.773003578186035,0.7505987882614136,1.4844646453857422,0.15754103660583496,0.6381666660308838,1.20894455909729,0.00039999998989515007,0.2004714012145996,1.3916375637054443,0.18043136596679688,3.3620753288269043,0.5987597703933716,0.04029909148812294,0.9409743547439575,0.8320034146308899,0.9268937110900879,0.7272736430168152,0.625582754611969,0.07709058374166489,0.9138204455375671,0.44097328186035156,0.5118331909179688,1.2218151092529297,0.18078799545764923,0.23149080574512482,0.1251371204853058,0.8536661267280579,1.253783941268921,0.6986997723579407,0.35479554533958435,0.5077646970748901,0.1763465404510498,1.5182653665542603,1.100611686706543,0.6525941491127014,1.2307319641113281,0.1189657673239708,0.1420775055885315,0.6706414222717285,0.37429264187812805,0.12368262559175491,0.6657419800758362,0.6563059091567993,0.5679753422737122,0.38907620310783386,0.6540565490722656,0.09431610256433487,0.34752753376960754,0.40267595648765564,0.3562083840370178
0.2533949315547943,0.6293899416923523,0.5788151025772095,0.16977135837078094,0.5093639492988586,0.6961717009544373,0.3429572284221649,5.887346267700195,0.9149752855300903,0.8724821209907532,0.035444460809230804,0.7677237391471863,1.2881101369857788,0.00039999998989515007,0.4006125032901764,0.9413488507270813,0.2252945452928543,3.285170316696167,0.41904962062835693,0.23256032168865204,0.948015570640564,0.9179806709289551,1.1706935167312622,0.5761538743972778,0.9136722683906555,0.22572976350784302,0.8208609819412231,0.5402690768241882,0.2681146264076233,0.6778345108032227,0.3796742260456085,0.03737528622150421,0.26175907254219055,1.2467515468597412,1.018494963645935,0.5264428853988647,0.2619878947734833,1.2790943384170532,0.1071382388472557,1.6326897144317627,1.271959662437439,0.3470420837402344,1.0908403396606445,0.10492047667503357,0.3033619821071625,1.096354603767395,0.2800552546977997,0.2840382158756256,0.7673813700675964,0.46005749702453613,0.49148961901664734,0.5787893533706665,0.45419734716415405,0.0340469628572464,0.5356044769287109,0.0046228524297475815,0.336770623922348
0.12514011561870575,0.4940688908100128,0.7961640954017639,0.5370994210243225,0.13206014037132263,1.010895848274231,0.41930821537971497,5.738339424133301,0.46607524156570435,1.2142815589904785,0.2880503535270691,0.8056806921958923,1.0756468772888184,0.00039999998989515007,0.27330881357192993,1.5469245910644531,0.11591704934835434,3.4024274349212646,0.8817183971405029,0.2129310965538025,0.8613209128379822,0.7600454092025757,0.9474883675575256,0.9378102421760559,0.6579738855361938,0.15316364169120789,1.0329053401947021,0.7058157324790955,0.5390802025794983,1.3581093549728394,0.11957498639822006,0.34120848774909973,0.01421391312032938,0.8798800706863403,1.0221209526062012,0.8390101194381714,0.2939576208591461,0.7707207798957825,0.03449898958206177,1.4107223749160767,0.6486430168151855,0.2520049512386322,0.9553278088569641,0.4265337288379669,0.11396773904561996,0.49431201815605164,0.33221644163131714,0.23180438578128815,0.5522535443305969,0.7371601462364197,0.6075771450996399,0.5203568935394287,0.8026195168495178,0.32750436663627625,0.4613061547279358,0.24973000586032867,0.7197952270507812
0.17927637696266174,0.49765270948410034,0.7043143510818481,0.14123208820819855,0.3697873055934906,0.3978623151779175,0.23810648918151855,5.843456268310547,1.0085400342941284,0.7569411396980286,0.0073734768666327,0.9366030097007751,1.1586167812347412,0.00039999998989515007,0.14746898412704468,1.1758739948272705,0.13795775175094604,3.6493496894836426,0.3993076682090759,0.18038485944271088,0.8361141681671143,0.8864057660102844,1.1508557796478271,0.8196832537651062,0.896777331829071,0.08892005681991577,0.7688541412353516,0.44884711503982544,0.4360044300556183,0.6096766591072083,0.41157665848731995,0.22938212752342224,0.08167269080877304,1.1787534952163696,0.8984395265579224,0.7523253560066223,0.3354862928390503,1.1725609302520752,0.12472860515117645,1.5485376119613647,1.2342381477355957,0.01183570921421051,1.0858858823776245,0.044676512479782104,0.10705682635307312,0.9675593972206116,0.2932424545288086,0.10905392467975616,0.8769571185112,0.4464969038963318,0.42600783705711365,0.7116228938102722,0.4233027696609497,0.1190292090177536,0.609360933303833,0.19670745730400085,0.42845776677131653
0.12370330095291138,0.5094661116600037,0.3510850965976715,0.14596232771873474,0.37305405735969543,0.8917051553726196,0.12682406604290009,5.640723705291748,1.4071481227874756,1.410807728767395,0.20022061467170715,0.4089016616344452,1.3684455156326294,0.00039999998989515007,0.05957077443599701,0.8113239407539368,0.07188702374696732,3.734484910964966,0.1882486641407013,0.27828601002693176,1.054771900177002,0.6909072399139404,1.1277682781219482,0.937714695930481,1.1570473909378052,0.1524045318365097,1.194155216217041,0.1277131736278534,0.20408733189105988,1.0407698154449463,0.0022869689855724573,0.059076618403196335,0.18024535477161407,0.6640821099281311,0.9989338517189026,0.56991046667099,0.563931941986084,0.8678580522537231,0.19115276634693146,1.4427250623703003,1.1840022802352905,0.34726080298423767,1.0848568677902222,0.1900162398815155,0.016736969351768494,0.7763612270355225,0.10116598755121231,0.2831740081310272,0.5350088477134705,0.40739190578460693,0.9737314581871033,0.30620473623275757,0.15658482909202576,0.0924246534705162,0.1552804708480835,0.20154839754104614,0.24302054941654205
0.062257930636405945,0.6357974410057068,0.49228784441947937,0.31110256910324097,0.12447501718997955,0.9961178302764893,0.4644325077533722,5.976062774658203,1.1892229318618774,1.0356026887893677,0.058636441826820374,0.6840428709983826,1.4369763135910034,0.00039999998989515007,0.6317960023880005,0.9824121594429016,0.1411719173192978,2.97747540473938,0.12527844309806824,0.04423976317048073,0.9934481382369995,0.9967238306999207,0.9619949460029602,0.7667480111122131,0.6685574054718018,0.22308307886123657,0.7948892116546631,0.09423178434371948,0.38712960481643677,0.8623252511024475,0.19206330180168152,0.13147354125976562,0.2644088566303253,1.1960623264312744,1.273539662361145,0.2858850359916687,0.2144593894481659,0.5901646614074707,0.46485257148742676,1.7974274158477783,1.3426594734191895,0.5217742323875427,1.1339476108551025,0.40269309282302856,0.3192521631717682,0.8654969334602356,0.17875772714614868,0.11197339743375778,0.8053762912750244,0.48643800616264343,0.6430915594100952,0.4177614152431488,0.33589181303977966,0.10221318155527115,0.5264295935630798,0.08990478515625,0.005688738543540239
0.5006038546562195,0.46891680359840393,0.3101336658000946,0.1155926063656807,0.5191496014595032,0.6870839595794678,0.012863308191299438,5.925956726074219,0.8439358472824097,0.7761141061782837,0.007916547358036041,0.9243831038475037,1.4004331827163696,0.00039999998989515007,0.3202205002307892,0.9178443551063538,0.042151324450969696,3.5478506088256836,0.44475090503692627,0.1670532375574112,0.8558061718940735,0.9339936375617981,1.2886849641799927,0.609775960445404,1.038562297821045,0.28479692339897156,0.827324628829956,0.533778727054596,0.22621706128120422,0.5489645004272461,0.1739049106836319,0.03552671894431114,0.29896244406700134,1.2224465608596802,0.6963024735450745,0.3735969662666321,0.24160434305667877,1.5767099857330322,0.07293775677680969,1.466212511062622,1.2205127477645874,0.002733888104557991,0.9905604720115662,0.009619654156267643,0.23598185181617737,0.9215534329414368,0.24313704669475555,0.38940194249153137,0.7762352824211121,0.4648188352584839,0.6038022041320801,0.6162405610084534,0.22533972561359406,0.04510342329740524,0.48299527168273926,0.019197707995772362,0.41935911774635315
0.039761416614055634,0.5190966725349426,0.7105438709259033,0.22085721790790558,0.47744500637054443,0.26991766691207886,0.4969569742679596,5.797052383422852,1.0199891328811646,0.94648677110672,0.388241708278656,0.5471316576004028,1.3669967651367188,0.00039999998989515007,0.357738733291626,0.9602792263031006,0.3078858554363251,3.180696725845337,0.31444501876831055,0.4753076732158661,1.1253598928451538,0.7151418924331665,1.160970687866211,0.815381646156311,0.9525789618492126,0.30825719237327576,0.7984598875045776,0.3554396331310272,0.19955411553382874,0.8315358757972717,0.19579710066318512,0.2693929076194763,0.034015025943517685,1.3038831949234009,0.9827925562858582,0.8879151344299316,0.6452032923698425,1.0048402547836304,0.4242677092552185,1.7570210695266724,1.0559027194976807,0.009248119778931141,0.9020949602127075,0.06482407450675964,0.11705254018306732,1.1105159521102905,0.06191859021782875,0.1744234263896942,0.6950321793556213,0.6697364449501038,0.4613255262374878,0.7415827512741089,0.45957812666893005,0.003408069023862481,0.38071703910827637,0.2503630518913269,0.23172776401042938
0.010121602565050125,0.9798318147659302,0.650041401386261,0.007540613412857056,0.11596876382827759,0.9677994847297668,0.7814580202102661,5.773216724395752,1.0196330547332764,0.7538664937019348,0.307671457529068,1.1260623931884766,1.2615631818771362,0.00039999998989515007,0.21060477197170258,0.7477849721908569,0.19504855573177338,3.3100781440734863,0.4072597622871399,0.3055238723754883,1.2082771062850952,0.7425462603569031,0.49045243859291077,0.7816223502159119,0.36708277463912964,0.3461068570613861,0.15694163739681244,0.24368467926979065,0.33869120478630066,1.2477786540985107,0.5551007390022278,0.4091704189777374,0.524991512298584,1.2205408811569214,1.3140043020248413,0.43579015135765076,0.03878086060285568,1.3636082410812378,0.9213168621063232,1.484727382659912,0.7222219705581665,0.09195753931999207,0.5621628165245056,0.8234089612960815,0.5753968358039856,0.9892381429672241,0.11784255504608154,0.801541805267334,0.2256297916173935,0.18555022776126862,0.7190569639205933,0.019227150827646255,0.6595167517662048,0.05841093510389328,0.4830986559391022,0.5345714688301086,0.008742130361497402
0.27351444959640503,0.4185822010040283,0.49593988060951233,0.15182682871818542,0.3829210102558136,0.7706364989280701,0.4178614616394043,6.005424976348877,0.7653863430023193,0.8806890845298767,0.20520035922527313,0.5709955096244812,1.3096230030059814,0.00039999998989515007,0.09413205087184906,1.0008676052093506,0.16156752407550812,3.5169777870178223,0.5561666488647461,0.34122493863105774,1.136919617652893,0.7035103440284729,1.0499640703201294,0.6892696022987366,0.9050732254981995,0.25278329849243164,0.9219995737075806,0.5224862694740295,0.1722879707813263,1.0821151733398438,0.018160399049520493,0.05804786831140518,0.21798105537891388,1.1696288585662842,0.9857070446014404,0.5918239951133728,0.5034350752830505,1.0727224349975586,0.28235289454460144,1.6576573848724365,0.8914638757705688,0.10295533388853073,0.7161986827850342,0.15352016687393188,0.15325424075126648,0.867043673992157,0.25441989302635193,0.32516759634017944,0.6721674799919128,0.5163528919219971,0.7533961534500122,0.4057160019874573,0.462167888879776,0.18271148204803467,0.4419371485710144,0.11611144989728928,0.21371570229530334
0.7152087092399597,0.5865151286125183,0.8354594707489014,0.07829390466213226,0.6334850192070007,0.19656674563884735,0.5486633777618408,5.981979846954346,0.8719592690467834,0.4652431011199951,0.005564453080296516,0.8103164434432983,1.2790600061416626,0.00039999998989515007,0.1913793385028839,0.9453994631767273,0.36486026644706726,3.073408603668213,0.2806476950645447,0.1155981793999672,0.7063804864883423,1.0639231204986572,1.3592753410339355,0.6852357387542725,0.9341158866882324,0.007754819467663765,0.6368141174316406,0.5556650161743164,0.3680889308452606,0.7916945219039917,0.4946536719799042,0.12609151005744934,0.32547512650489807,1.3622645139694214,0.6730377078056335,0.8898476958274841,0.6237898468971252,1.1978026628494263,0.30374640226364136,1.4743539094924927,0.8798713684082031,0.27391886711120605,0.7806645631790161,0.3820854723453522,0.08541205525398254,1.188144564628601,0.06423766911029816,0.8074814081192017,0.9538862109184265,0.4854434132575989,0.6655811667442322,0.49697595834732056,0.20468421280384064,0.3653508424758911,0.16042335331439972,0.28206637501716614,0.26528647541999817
0.19669143855571747,0.9589027762413025,0.6822428107261658,0.03810266777873039,0.14692391455173492,1.0272161960601807,0.7666417360305786,5.813680171966553,0.9870828986167908,0.5334281325340271,0.3544386923313141,1.1550889015197754,1.2889430522918701,0.00039999998989515007,0.2364513874053955,0.8203996419906616,0.002942554885521531,3.2876126766204834,0.3590649962425232,0.16871768236160278,1.0425136089324951,0.8636441230773926,0.6286318302154541,0.8739849925041199,0.4601602554321289,0.2616919279098511,0.3266233503818512,0.2318631261587143,0.35649991035461426,1.2810335159301758,0.5267598032951355,0.47335371375083923,0.6646793484687805,1.1709178686141968,1.2917404174804688,0.39941760897636414,0.0963594913482666,1.232793927192688,0.7704952955245972,1.4944188594818115,0.668592095375061,0.23635824024677277,0.4357298016548157,0.7999451756477356,0.45827752351760864,0.8940262794494629,0.12011589854955673,0.9867326021194458,0.39170190691947937,0.10737741738557816,0.9053621888160706,0.08113416284322739,0.5086756944656372,0.042170554399490356,0.5541380643844604,0.5065647959709167,0.03842824324965477
0.17229852080345154,0.45659834146499634,0.6431082487106323,0.13149039447307587,0.3234141767024994,0.46956729888916016,0.16721771657466888,5.859005928039551,1.0046237707138062,0.7455907464027405,0.0025904534850269556,0.9709171056747437,1.1408804655075073,0.00039999998989515007,0.1279883235692978,1.2152388095855713,0.1023772582411766,3.673243999481201,0.4199824035167694,0.13936537504196167,0.8501667976379395,0.893766462802887,1.1133750677108765,0.8291651010513306,0.9025921821594238,0.0640593096613884,0.7659533023834229,0.4493919610977173,0.4481298327445984,0.6009573340415955,0.39310264587402344,0.19741001725196838,0.10583663731813431,1.2038289308547974,0.8797909617424011,0.7012656331062317,0.2693164050579071,1.165462851524353,0.15929733216762543,1.5641974210739136,1.2401437759399414,0.00018497322162147611,1.0660171508789062,0.04371563345193863,0.1289685219526291,0.9343364834785461,0.35228240489959717,0.1004195287823677,0.9051770567893982,0.4417913258075714,0.451896995306015,0.6811139583587646,0.43874356150627136,0.09895846247673035,0.6280128359794617,0.16460977494716644,0.3904959261417389
0.27100473642349243,0.3287543058395386,0.5363823771476746,0.07746066898107529,0.4612636864185333,0.6345046758651733,0.22096247971057892,5.92822265625,0.9656919836997986,0.893498420715332,0.19662117958068848,0.6710209846496582,1.3510558605194092,0.00039999998989515007,0.3429214358329773,0.9688257575035095,0.15356490015983582,3.321927309036255,0.3718808591365814,0.31308263540267944,1.0153685808181763,0.9606137871742249,1.196578860282898,0.6152775883674622,1.0159740447998047,0.322039395570755,0.8638738989830017,0.4275028109550476,0.28295472264289856,0.6607010364532471,0.23822204768657684,0.08613383769989014,0.21381258964538574,1.2542141675949097,0.9496573209762573,0.50821453332901,0.3520711064338684,1.1251220703125,0.23964923620224,1.6590138673782349,1.2427775859832764,0.25849202275276184,0.9630093574523926,0.20011253654956818,0.17150340974330902,1.0603443384170532,0.3641149401664734,0.07503927499055862,0.9106860160827637,0.533165693283081,0.541020393371582,0.5462484359741211,0.40022262930870056,0.04700148105621338,0.4971007704734802,0.11722806096076965,0.12540258467197418
0.11922068893909454,0.22655385732650757,0.6059698462486267,0.014548882842063904,0.033342670649290085,0.7543180584907532,0.4180559515953064,5.879942417144775,0.8513807058334351,1.2396092414855957,0.19258083403110504,0.6065924763679504,1.2036885023117065,0.00039999998989515007,0.12336021661758423,1.0717905759811401,0.404745489358902,3.8045403957366943,0.5655263662338257,0.5104365348815918,1.2932264804840088,0.5275103449821472,0.717337429523468,0.5389401912689209,0.5027608871459961,0.0812535211443901,0.4107201397418976,0.402487576007843,0.38072508573532104,1.0901310443878174,0.13367214798927307,0.12120656669139862,0.16451139748096466,1.2415266036987305,1.0680292844772339,0.5743839740753174,0.41953057050704956,0.9261661767959595,0.7109475135803223,1.5749765634536743,1.1416267156600952,0.2133212387561798,1.0483982563018799,0.11402197182178497,0.21630249917507172,0.8085805773735046,0.24897706508636475,0.37366294860839844,0.6085177659988403,0.5525527596473694,0.43781307339668274,0.16700021922588348,0.5025267601013184,0.16961410641670227,0.4318951964378357,0.3920675218105316,0.12367124855518341
0.588379979133606,0.10293260216712952,0.9148883819580078,0.22223123908042908,0.6828859448432922,0.29938098788261414,0.38803306221961975,5.485687255859375,0.5344827771186829,0.5021722912788391,0.053771086037158966,0.7256916165351868,1.3067500591278076,0.00039999998989515007,0.19857944548130035,0.7429589033126831,0.5187888145446777,3.817397117614746,0.622533917427063,0.623826265335083,0.9029510021209717,1.0205905437469482,1.381874918937683,0.21661125123500824,0.8571488261222839,0.5031305551528931,0.5857366919517517,0.7420735955238342,0.3768045902252197,0.30878251791000366,0.438076376914978,0.16621820628643036,0.21113388240337372,1.0987697839736938,1.0551952123641968,0.3845255970954895,0.43918314576148987,1.6128896474838257,0.25434407591819763,1.3863400220870972,1.4278429746627808,0.2731735408306122,0.9414405822753906,0.16645389795303345,0.050419677048921585,1.1832184791564941,0.5730013847351074,0.27101436257362366,1.0649482011795044,0.1768193244934082,0.26699191331863403,0.43916434049606323,0.2938346266746521,0.06260529905557632,0.9545819759368896,0.28323912620544434,0.009741434827446938
0.1639346033334732,0.27069249749183655,0.6804834604263306,0.07278593629598618,0.16929891705513,0.5766904950141907,0.4812752902507782,5.978325843811035,0.9229142665863037,0.8312727808952332,0.12690401077270508,0.7493047714233398,1.3325761556625366,0.00039999998989515007,0.33430764079093933,1.143797516822815,0.1133502647280693,3.446892261505127,0.3920143246650696,0.247833251953125,1.0474121570587158,0.8613372445106506,1.0411642789840698,0.6280294060707092,0.6844107508659363,0.08384107053279877,0.5512012243270874,0.4497493505477905,0.48732227087020874,0.837524950504303,0.08757251501083374,0.13356132805347443,0.08395125716924667,1.3703633546829224,1.00795578956604,0.5234399437904358,0.43157199025154114,0.8678788542747498,0.526107668876648,1.704435110092163,1.251037836074829,0.0945751890540123,1.018822431564331,0.05840113386511803,0.18894101679325104,0.9008220434188843,0.2703501582145691,0.16103783249855042,0.9773885011672974,0.49767595529556274,0.5178428292274475,0.37533244490623474,0.3281676769256592,0.10890571773052216,0.5627998113632202,0.2457088679075241,0.033609483391046524
0.29548001289367676,0.7162848114967346,0.7761081457138062,0.16983994841575623,0.6078445911407471,0.4087800681591034,0.44407981634140015,5.678597927093506,0.9893270134925842,0.8849489688873291,0.13726520538330078,0.8361980319023132,1.364600658416748,0.00039999998989515007,0.2743985056877136,0.9187572598457336,0.3661878705024719,3.227827548980713,0.36024782061576843,0.4938708245754242,1.1206634044647217,1.1816693544387817,1.3028539419174194,0.5906469225883484,1.0041553974151611,0.3586259186267853,0.6631646752357483,0.4271663427352905,0.36696383357048035,0.554151713848114,0.6431190967559814,0.22621101140975952,0.4281957149505615,1.2260950803756714,1.0699150562286377,0.7179956436157227,0.16379038989543915,1.2743498086929321,0.050917353481054306,1.392382264137268,0.9083933234214783,0.3025781810283661,0.8048980236053467,0.0025116177275776863,0.3896467089653015,1.2084746360778809,0.25561848282814026,0.23354174196720123,0.8677528500556946,0.637181282043457,0.3364856243133545,0.5876815319061279,0.5331348180770874,0.17893297970294952,0.656694769859314,0.050697095692157745,0.17935997247695923
0.6059420704841614,0.5851551294326782,0.9591354131698608,0.00022305203310679644,0.9991446733474731,0.02899271994829178,0.5368934869766235,5.047134876251221,0.934151291847229,0.546768069267273,0.1788640022277832,0.5555978417396545,1.7196391820907593,0.00039999998989515007,0.39075130224227905,0.4096723794937134,0.5172857642173767,2.958224296569824,0.39990052580833435,0.8689533472061157,0.9934521913528442,1.1821987628936768,1.5864264965057373,0.4414515793323517,1.2478711605072021,0.8393670320510864,0.9091649055480957,0.5077805519104004,0.020000198855996132,0.37158751487731934,0.5955992937088013,0.054767727851867676,0.43429896235466003,1.1172221899032593,1.1090983152389526,0.643642246723175,0.7580423951148987,1.7212138175964355,0.1799260377883911,1.4981824159622192,0.963837206363678,0.10836183279752731,0.7040119171142578,0.0673312097787857,0.09512689709663391,1.5171343088150024,0.039456598460674286,0.5652028322219849,0.720329225063324,0.3813450038433075,0.46412965655326843,0.8675532937049866,0.006211993284523487,0.24024440348148346,0.6202292442321777,0.11530641466379166,0.2432669997215271
0.20614877343177795,0.6556353569030762,0.8880236148834229,0.3155753016471863,0.6697370409965515,0.0025695860385894775,0.33565381169319153,5.497352600097656,1.1872903108596802,0.4879065155982971,0.25045397877693176,0.869172990322113,1.3760868310928345,0.00039999998989515007,0.21796837449073792,1.0124517679214478,0.10384272038936615,3.01761794090271,0.15992045402526855,0.27226942777633667,0.8069729208946228,0.8701372742652893,1.4155008792877197,1.1319233179092407,1.1331576108932495,0.2751864790916443,0.8426908254623413,0.2906312346458435,0.30319640040397644,0.6019625663757324,0.4338286221027374,0.24508631229400635,0.25650864839553833,1.3675134181976318,0.7861161231994629,1.0113213062286377,0.6544025540351868,1.1762596368789673,0.25053465366363525,1.6870373487472534,1.0300129652023315,0.5499172806739807,0.8135430812835693,0.09828504174947739,0.05262063816189766,1.1324646472930908,0.16345913708209991,0.5744010210037231,0.8542664051055908,0.5508022904396057,0.5040093660354614,1.060414433479309,0.22016191482543945,0.12217095494270325,0.5484268069267273,0.1319495439529419,0.4811166524887085
0.5259079933166504,0.5195088386535645,1.0544599294662476,0.39985769987106323,0.3558727204799652,0.7778565287590027,0.9319042563438416,5.350209712982178,0.6255236268043518,0.08778585493564606,0.623551607131958,1.281205415725708,1.4800747632980347,0.00039999998989515007,0.3734099268913269,0.4754354953765869,0.40376555919647217,3.546692371368408,0.5967687964439392,0.5247548222541809,1.0189411640167236,1.2277780771255493,0.767882227897644,0.468213826417923,0.36098968982696533,0.16962411999702454,0.0972522646188736,0.4372533857822418,0.42369937896728516,0.7957324385643005,0.8843180537223816,0.5619837641716003,0.7493978142738342,1.005513310432434,1.5692507028579712,0.020176278427243233,0.15420430898666382,1.7580965757369995,0.3753822445869446,1.3911551237106323,0.8754622340202332,0.18830743432044983,0.23264352977275848,0.7565198540687561,0.32074442505836487,1.1735382080078125,0.19004599750041962,0.5861144661903381,0.6160321831703186,0.2666735053062439,0.6667094826698303,0.030998140573501587,0.42642173171043396,0.17499634623527527,1.0931360721588135,0.4845605492591858,0.29530441761016846
0.15282191336154938,0.603275716304779,0.3379971981048584,0.17130199074745178,0.41435152292251587,0.7260834574699402,0.10136199742555618,5.686941623687744,1.1196813583374023,1.2231101989746094,0.1886167973279953,0.5946879982948303,1.133263111114502,0.00039999998989515007,0.06328655034303665,1.030128836631775,0.23158691823482513,4.046645164489746,0.47783663868904114,0.31286534667015076,1.0542023181915283,0.4741857051849365,1.1036465167999268,0.7192341089248657,1.089676022529602,0.003426136216148734,0.9982223510742188,0.3628149628639221,0.23143473267555237,0.8486595749855042,0.0860019326210022,0.12228395789861679,0.0846751257777214,0.9029749035835266,0.804545521736145,0.6565964221954346,0.43095940351486206,1.2324446439743042,0.019574861973524094,1.4195839166641235,1.1842148303985596,0.22980941832065582,1.1874157190322876,0.003868048544973135,0.1950589120388031,0.773484468460083,0.12579435110092163,0.13847799599170685,0.5263450145721436,0.39332589507102966,0.7081153392791748,0.40736478567123413,0.2693166136741638,0.07572085410356522,0.3860345482826233,0.31652045249938965,0.5430545210838318
0.05975986272096634,0.6483280658721924,0.5447157025337219,0.3093518316745758,0.37733325362205505,0.5105772614479065,0.27789708971977234,5.9814019203186035,1.0202703475952148,0.7363685369491577,0.228746235370636,0.6723709106445312,1.123207926750183,0.00039999998989515007,0.33415573835372925,1.0004349946975708,0.1805473268032074,3.766948699951172,0.24410654604434967,0.27174344658851624,0.9404309391975403,0.6497880816459656,1.169301152229309,0.866009533405304,0.8384937047958374,0.11602876335382462,0.7569236755371094,0.3028998076915741,0.38357171416282654,0.7296587228775024,0.11001773923635483,0.28486621379852295,0.2081204056739807,1.2539806365966797,0.8626730442047119,0.7871589064598083,0.25521212816238403,0.9757224917411804,0.14544856548309326,1.473664402961731,1.2000763416290283,0.17583800852298737,1.0269513130187988,0.14540933072566986,0.17054879665374756,0.8954035639762878,0.27192482352256775,0.2226952463388443,0.8554384708404541,0.5073068141937256,0.4818221628665924,0.5929659605026245,0.4363504648208618,0.04679097235202789,0.5725935697555542,0.25169193744659424,0.21216462552547455
0.050218615680933,0.3237987458705902,0.6762214303016663,0.3840532600879669,0.02757541462779045,0.9801508188247681,0.4259651005268097,5.820939064025879,0.4788458049297333,1.343998908996582,0.10307967662811279,0.6681433916091919,1.0804322957992554,0.00039999998989515007,0.13936792314052582,1.469477653503418,0.31131482124328613,3.4484705924987793,0.8401972651481628,0.012718413025140762,1.0135915279388428,0.7069676518440247,0.8185688257217407,0.6256898045539856,0.5667136311531067,0.06599754095077515,0.8662365078926086,0.7319216132164001,0.5183311700820923,1.0718116760253906,0.02345961146056652,0.3885595500469208,0.22330717742443085,1.0323705673217773,1.0995842218399048,0.6708855628967285,0.21679648756980896,0.7089654803276062,0.17598256468772888,1.5686055421829224,1.049755573272705,0.6260637044906616,1.188536286354065,0.012286925688385963,0.1866307556629181,0.6710587739944458,0.535651683807373,0.3037908375263214,0.6601362228393555,0.7340153455734253,0.37315624952316284,0.44794028997421265,0.8831700682640076,0.27656373381614685,0.48632314801216125,0.41890203952789307,0.39946871995925903
0.08206064254045486,0.5521537661552429,0.5091730952262878,0.2528811991214752,0.3679448962211609,0.5534930229187012,0.40705689787864685,5.9232096672058105,1.0473536252975464,1.1059406995773315,0.4037272334098816,0.44355887174606323,1.4158521890640259,0.00039999998989515007,0.44725412130355835,0.9312816858291626,0.22885505855083466,3.3080203533172607,0.27732905745506287,0.39415639638900757,1.141600489616394,0.7049010992050171,1.0824180841445923,0.7507055401802063,0.9347342848777771,0.2709251642227173,0.8727340698242188,0.24794845283031464,0.1513250321149826,0.9074274301528931,0.00449346425011754,0.13873517513275146,0.020366482436656952,1.1504966020584106,1.0433282852172852,0.7127053141593933,0.6286062598228455,0.8065081238746643,0.3942730724811554,1.7450491189956665,1.1289728879928589,0.25153622031211853,0.9399031400680542,0.21249090135097504,0.12212295085191727,1.0128551721572876,0.10302422195672989,0.16488505899906158,0.663748025894165,0.6314353942871094,0.6192620396614075,0.5563124418258667,0.37975946068763733,0.05420266464352608,0.2537074089050293,0.28961506485939026,0.12347939610481262
0.05974855273962021,0.41126927733421326,0.4976310729980469,0.25957491993904114,0.36604973673820496,0.3086183965206146,0.29834771156311035,5.94444465637207,1.057000756263733,0.8482065200805664,0.5188440084457397,0.5009333491325378,1.2509052753448486,0.00039999998989515007,0.4555529057979584,0.9684640169143677,0.21552827954292297,3.4222958087921143,0.22519005835056305,0.4073128402233124,1.0918046236038208,0.5758747458457947,1.0984125137329102,0.8670740127563477,0.9259653687477112,0.21618174016475677,0.7764096260070801,0.28096139430999756,0.22426149249076843,0.7343720197677612,0.04602758586406708,0.337351530790329,0.032548293471336365,1.37801194190979,0.8086026310920715,0.8539307117462158,0.5192446112632751,0.8724851012229919,0.4566318988800049,1.7330352067947388,1.2102022171020508,0.05735629051923752,0.9617221355438232,0.22494357824325562,0.08240801841020584,1.0052276849746704,0.19881653785705566,0.06108519807457924,0.7967860102653503,0.6778773069381714,0.43602123856544495,0.7139784097671509,0.4470386505126953,0.08582789450883865,0.352169007062912,0.33390098810195923,0.09988968074321747
0.0469634048640728,0.32564374804496765,0.4435241222381592,0.19830232858657837,0.0420958548784256,0.5868098139762878,0.010269883088767529,5.80969762802124,0.9572147130966187,1.0646495819091797,0.08483748137950897,0.8329766988754272,1.0087597370147705,0.00039999998989515007,0.05866464972496033,1.3733991384506226,0.1491309404373169,4.104663848876953,0.559674084186554,0.09132619947195053,0.9635953307151794,0.6010676026344299,0.8854274749755859,0.892858624458313,0.8163297176361084,0.11525079607963562,0.8394878506660461,0.41168051958084106,0.46069660782814026,0.7614114284515381,0.020848188549280167,0.36910516023635864,0.21985861659049988,0.9962018132209778,0.8097102046012878,0.7729001045227051,0.2995181679725647,0.9463021159172058,0.18268853425979614,1.4967398643493652,1.2227168083190918,0.14423352479934692,1.1869152784347534,0.029633386060595512,0.04358801618218422,0.6771578788757324,0.46060213446617126,0.21031416952610016,0.7400473356246948,0.5340368151664734,0.46829429268836975,0.553230345249176,0.546244204044342,0.001997867366299033,0.4683353006839752,0.4100007116794586,0.4174078404903412
0.3683534264564514,0.4617936313152313,0.8420733213424683,0.018816713243722916,0.33726340532302856,0.682802677154541,0.6452326774597168,5.514188766479492,0.428226113319397,1.1727222204208374,0.25736820697784424,0.7327531576156616,1.3721071481704712,0.00039999998989515007,0.21530866622924805,0.9262468218803406,0.6848495006561279,4.0204315185546875,0.963670551776886,0.48942238092422485,1.189380407333374,0.9808710217475891,0.959064245223999,0.3137640953063965,0.6301836967468262,0.28902992606163025,0.7128823399543762,0.691105842590332,0.3247431516647339,0.8221522569656372,0.4162704646587372,0.14998972415924072,0.015174143947660923,0.5883914232254028,1.4232232570648193,0.4619809091091156,0.47465813159942627,1.425173282623291,0.2566937804222107,1.3389225006103516,0.9127529263496399,0.613952100276947,0.8758108019828796,0.27180856466293335,0.1429125964641571,0.9886943101882935,0.46483734250068665,0.13324643671512604,0.4871438145637512,0.34899312257766724,0.42610183358192444,0.18130135536193848,0.6473660469055176,0.04059140384197235,0.6990435719490051,0.21762491762638092,0.2901369631290436
0.09778839349746704,0.395978182554245,0.40942952036857605,0.21977822482585907,0.15979266166687012,0.8250240683555603,0.21791209280490875,5.988361358642578,0.8495531678199768,1.0854443311691284,0.17929679155349731,0.6387677788734436,1.1861838102340698,0.00039999998989515007,0.190299853682518,1.1972031593322754,0.12730132043361664,3.7166013717651367,0.5319030284881592,0.1566200703382492,1.0699411630630493,0.6386148929595947,0.9324738383293152,0.7074772715568542,0.8204483389854431,0.010545172728598118,0.8464041948318481,0.48799189925193787,0.32317301630973816,0.9460855722427368,0.09350109845399857,0.1899062991142273,0.04327968880534172,1.1341235637664795,0.9233766794204712,0.6267585754394531,0.3618788719177246,0.8956829905509949,0.29870694875717163,1.6314986944198608,1.1945668458938599,0.31045618653297424,1.0654466152191162,0.026193123310804367,0.16321587562561035,0.7912315726280212,0.37549448013305664,0.011863669380545616,0.7350441813468933,0.5591352581977844,0.6114026308059692,0.4016686677932739,0.5265253782272339,0.17629234492778778,0.35204488039016724,0.28023478388786316,0.21611234545707703
0.10660474002361298,0.5575350522994995,0.7883406281471252,0.41147884726524353,0.10444395989179611,0.8370304703712463,0.46835553646087646,5.687960624694824,0.6402634382247925,1.3732891082763672,0.13947513699531555,0.8251031041145325,1.1478984355926514,0.00039999998989515007,0.0650109127163887,1.401365041732788,0.45004382729530334,3.3665308952331543,0.772506058216095,0.061203453689813614,1.081034541130066,0.9080048203468323,0.8714211583137512,0.6806662082672119,0.6280477046966553,0.03471146896481514,0.7798811197280884,0.6257354021072388,0.5695066452026367,0.9097616672515869,0.34519872069358826,0.4321680963039398,0.11639198660850525,0.9935126900672913,1.1989752054214478,0.7610872387886047,0.08169694244861603,0.8566669821739197,0.10020505636930466,1.4651587009429932,0.9751255512237549,0.6705555319786072,1.1714507341384888,0.09493391215801239,0.30417120456695557,0.8245541453361511,0.46796706318855286,0.23103132843971252,0.6426369547843933,0.7789393067359924,0.23438343405723572,0.519379198551178,0.9585533142089844,0.06720691174268723,0.5687794089317322,0.31555813550949097,0.4205992817878723
0.5895509719848633,0.6638986468315125,0.48128849267959595,0.20008321106433868,0.523969292640686,0.4927038848400116,0.12125538289546967,5.9220452308654785,0.8200128674507141,0.6653022766113281,0.06844369322061539,0.9360090494155884,1.1462191343307495,0.00039999998989515007,0.07479982078075409,1.1375099420547485,0.11799108237028122,3.8244717121124268,0.5128002762794495,0.07992337644100189,0.7908170819282532,0.7363189458847046,1.257895588874817,0.7053995132446289,1.0041069984436035,0.13226613402366638,0.7107213735580444,0.6568726897239685,0.3014843165874481,0.7670517563819885,0.09608060866594315,0.13378843665122986,0.20360791683197021,1.1499669551849365,0.5717593431472778,0.7702032923698425,0.44005265831947327,1.4277747869491577,0.026915866881608963,1.3552690744400024,0.986264169216156,0.22251218557357788,0.899898111820221,0.41627779603004456,0.1976749449968338,0.8490481376647949,0.059556279331445694,0.540998637676239,0.773486852645874,0.4183264672756195,0.656024694442749,0.4741252362728119,0.22195342183113098,0.20924527943134308,0.33663323521614075,0.03466630354523659,0.5528108477592468
0.09426753968000412,0.39172664284706116,0.38933417201042175,0.23698478937149048,0.15928184986114502,0.8184104561805725,0.1407342404127121,5.845664024353027,0.8916308283805847,1.094054102897644,0.187846839427948,0.6624242663383484,1.2005934715270996,0.00039999998989515007,0.2077396810054779,1.217129111289978,0.13136957585811615,3.6853885650634766,0.5450038313865662,0.13409391045570374,1.0832133293151855,0.6307802796363831,0.9658406376838684,0.7342061996459961,0.8886850476264954,0.025630831718444824,0.8927819132804871,0.5185742974281311,0.3231762647628784,0.8896850347518921,0.09568724036216736,0.22528204321861267,0.0323040746152401,1.1641684770584106,0.8916153907775879,0.6493834853172302,0.33949124813079834,0.958685040473938,0.25789621472358704,1.6587971448898315,1.288700819015503,0.299299418926239,1.1303313970565796,0.03462500497698784,0.19401979446411133,0.8144386410713196,0.4060996174812317,0.030657853931188583,0.7606526613235474,0.5706548094749451,0.6140874624252319,0.4433235824108124,0.5187982320785522,0.15363341569900513,0.3500794768333435,0.27361026406288147,0.24576251208782196
0.47312748432159424,0.08600638806819916,0.620356023311615,0.17072848975658417,0.40116599202156067,0.5281533598899841,0.23856250941753387,5.5660881996154785,0.609269380569458,0.7274221777915955,0.0005212610121816397,0.7755538821220398,1.3334062099456787,0.00039999998989515007,0.11341928690671921,0.8968251943588257,0.43475764989852905,4.0225911140441895,0.736380934715271,0.47575899958610535,1.0561439990997314,0.9476534724235535,1.1389217376708984,0.3164893090724945,0.8672284483909607,0.31398120522499084,0.7042181491851807,0.7298853993415833,0.31950289011001587,0.416630357503891,0.2230353206396103,0.15839242935180664,0.04592963680624962,1.0018786191940308,1.042750597000122,0.3619593381881714,0.4013533890247345,1.5332316160202026,0.15615199506282806,1.506800651550293,1.4541527032852173,0.3443779945373535,0.9837235808372498,0.07925988733768463,0.09625830501317978,1.0715038776397705,0.6748631000518799,0.3063366115093231,0.9379064440727234,0.2602600157260895,0.41698703169822693,0.3411315977573395,0.38850638270378113,0.02495553530752659,0.7405866980552673,0.25594016909599304,0.04728221893310547
0.11784075200557709,0.5418655872344971,0.4117366075515747,0.23175287246704102,0.13279899954795837,0.72477126121521,0.15177211165428162,5.563053607940674,1.1758171319961548,1.0325230360031128,0.020231787115335464,0.9470437169075012,1.120666742324829,0.00039999998989515007,0.15170744061470032,1.30879545211792,0.0448489747941494,3.9010205268859863,0.41541266441345215,0.03897920623421669,0.8547046780586243,0.759676992893219,1.0465036630630493,0.8764162659645081,0.9765178561210632,0.1531389206647873,0.9165553450584412,0.3740924298763275,0.4649193286895752,0.5850173830986023,0.17661699652671814,0.2065601348876953,0.0029440978541970253,1.0096203088760376,0.8452674150466919,0.6652235388755798,0.19268923997879028,1.0664684772491455,0.012170443311333656,1.517769694328308,1.5587856769561768,0.23424381017684937,1.3811930418014526,0.16981244087219238,0.18928253650665283,0.7979953289031982,0.41669273376464844,0.030113786458969116,0.8546308279037476,0.3995911777019501,0.5865116119384766,0.5656625628471375,0.3491367995738983,0.14261871576309204,0.45979249477386475,0.2756810188293457,0.431636244058609
0.0765092521905899,0.22946859896183014,0.5054224133491516,0.19343116879463196,0.22871071100234985,0.6916155219078064,0.06659308075904846,5.721040725708008,0.9322043657302856,1.0319204330444336,0.17186765372753143,0.6661399602890015,1.1994750499725342,0.00039999998989515007,0.2401685267686844,1.1808381080627441,0.05510228872299194,3.4909110069274902,0.5148376822471619,0.0894629955291748,1.019003987312317,0.6145808100700378,1.0483276844024658,0.7691987752914429,0.9282513856887817,0.12296869605779648,0.8491150140762329,0.567022442817688,0.42214277386665344,0.7980623245239258,0.054324738681316376,0.31769606471061707,0.053078413009643555,1.3458853960037231,0.7612230777740479,0.7385916113853455,0.34380674362182617,1.055050015449524,0.37520596385002136,1.702505111694336,1.5024874210357666,0.20965996384620667,1.2807505130767822,0.007748980075120926,0.17377716302871704,0.9419055581092834,0.4428173303604126,0.07507956773042679,0.882144570350647,0.598750114440918,0.5343567728996277,0.5019578337669373,0.5330844521522522,0.29201188683509827,0.2857855558395386,0.18684181571006775,0.18074028193950653
0.14066286385059357,0.3568263351917267,0.36307135224342346,0.23077607154846191,0.19033701717853546,0.8021527528762817,0.08209941536188126,5.704484462738037,0.8846509456634521,1.0060651302337646,0.19613341987133026,0.708985447883606,1.225162148475647,0.00039999998989515007,0.2682304084300995,1.2115052938461304,0.11334352195262909,3.556104898452759,0.5836376547813416,0.1124090850353241,1.0983530282974243,0.6525804400444031,1.0160561800003052,0.7222177386283875,0.9668398499488831,0.022015376016497612,0.9201472997665405,0.6259056925773621,0.3121499717235565,0.7954809069633484,0.07885658740997314,0.25369587540626526,0.030792957171797752,1.2888342142105103,0.8280718922615051,0.6517391204833984,0.28842464089393616,1.101157784461975,0.23053041100502014,1.7236872911453247,1.3805879354476929,0.248708575963974,1.1589421033859253,0.004500634968280792,0.25732117891311646,0.8948333859443665,0.4788077771663666,0.0003754791687242687,0.8284937143325806,0.5871843099594116,0.6070255637168884,0.4942606985569,0.5264953970909119,0.18604549765586853,0.36230072379112244,0.18410538136959076,0.24871209263801575
0.023040182888507843,0.5063503980636597,0.5000139474868774,0.3372045159339905,0.1716422289609909,0.8246574401855469,0.1174473986029625,5.55294942855835,0.9707720875740051,1.1827481985092163,0.1353912055492401,0.6851402521133423,1.2236921787261963,0.00039999998989515007,0.11004120111465454,1.2587311267852783,0.21547403931617737,3.6639716625213623,0.5746824741363525,0.11736956983804703,1.107803225517273,0.580189049243927,1.0237890481948853,0.8672304153442383,0.9484891891479492,0.07911702245473862,0.9763356447219849,0.4949312210083008,0.3768390417098999,0.9447276592254639,0.0680793896317482,0.2964462637901306,0.011943014338612556,1.106837272644043,0.9441834092140198,0.7743167877197266,0.34093034267425537,0.9771546125411987,0.16089187562465668,1.6322740316390991,1.3110822439193726,0.2680869400501251,1.2094838619232178,0.04757513105869293,0.2332434505224228,0.7940566539764404,0.3269531726837158,0.0011432657483965158,0.7153891921043396,0.5743505954742432,0.643769383430481,0.503183901309967,0.5296851396560669,0.060108482837677,0.40123283863067627,0.33135560154914856,0.3506182134151459
0.07278694957494736,0.5493299961090088,0.173281729221344,0.14359250664710999,0.1663455069065094,0.5094372630119324,0.22851933538913727,5.257871150970459,1.3794970512390137,1.5094420909881592,0.47838571667671204,0.5324367880821228,1.2929331064224243,0.00039999998989515007,0.815157949924469,0.9402617812156677,0.03987724334001541,3.7941641807556152,0.16311028599739075,0.27962812781333923,1.325032353401184,0.6854096055030823,0.8488401174545288,0.6364811062812805,0.9545996785163879,0.04167574644088745,0.7134109735488892,0.06572376936674118,0.09514512121677399,0.3983156085014343,0.058660250157117844,0.35142582654953003,0.2812168598175049,1.0008301734924316,0.8167985081672668,0.709642231464386,0.2715971767902374,0.9067889451980591,0.2860194444656372,1.5434092283248901,1.6898162364959717,0.7208636999130249,1.4213505983352661,0.6484323143959045,0.2909104824066162,1.0509568452835083,0.7703673839569092,0.2567898631095886,0.6906729340553284,0.7660329341888428,0.5276150107383728,0.26808083057403564,0.3240283131599426,0.15424129366874695,0.2544041872024536,0.11423003673553467,0.13067860901355743
0.04237421229481697,0.4404904246330261,0.18530309200286865,0.1371818333864212,0.10471631586551666,0.7283802628517151,0.19498001039028168,5.207717418670654,1.350538969039917,1.5589103698730469,0.47341838479042053,0.4687120318412781,1.4478431940078735,0.00039999998989515007,0.957955539226532,0.8224502205848694,0.17105966806411743,3.2833411693573,0.18760189414024353,0.2688685357570648,1.377723217010498,0.7495312094688416,0.7862425446510315,0.5970056653022766,0.9753247499465942,0.13613377511501312,0.8343170881271362,0.07764482498168945,0.005699641536921263,0.39202213287353516,0.07254593074321747,0.1826534867286682,0.22555279731750488,1.0839884281158447,0.9731508493423462,0.4624159038066864,0.2457955926656723,0.947948694229126,0.4171096682548523,1.790946364402771,1.8171906471252441,0.8563239574432373,1.403186321258545,0.746815025806427,0.33783936500549316,1.1643973588943481,0.761752188205719,0.26152604818344116,0.6321442723274231,0.7768877744674683,0.5256534814834595,0.349604994058609,0.42993178963661194,0.10641932487487793,0.19732244312763214,0.006573675666004419,0.18940812349319458
0.056502558290958405,0.32988759875297546,0.43820491433143616,0.34512272477149963,0.09229711443185806,0.9283135533332825,0.12472672760486603,5.616428852081299,0.8253813982009888,1.2542469501495361,0.21171905100345612,0.5841897130012512,1.2012944221496582,0.00039999998989515007,0.12744703888893127,1.3241342306137085,0.2088002860546112,3.496027708053589,0.6755617260932922,0.10011625289916992,1.1827998161315918,0.471623957157135,0.9060022234916687,0.8232008218765259,0.8943465352058411,0.09810591489076614,0.9798269271850586,0.5881229043006897,0.3456527292728424,1.068129539489746,0.2577380836009979,0.32854998111724854,0.09066203981637955,1.2116706371307373,0.8987748622894287,0.7462562322616577,0.3608314096927643,0.8662794828414917,0.33537134528160095,1.7374721765518188,1.2537230253219604,0.28615808486938477,1.162906527519226,0.07476392388343811,0.22365307807922363,0.7334417700767517,0.3839043974876404,0.11948108673095703,0.6858012676239014,0.6728693842887878,0.6307836174964905,0.4670880138874054,0.6446729898452759,0.24746131896972656,0.33819380402565,0.3602331280708313,0.2843087613582611
0.009184150956571102,0.17462708055973053,0.4326549470424652,0.25807440280914307,0.23962752521038055,0.7536647915840149,0.008350178599357605,5.679805278778076,0.9630230069160461,1.0291751623153687,0.36710384488105774,0.6252235770225525,1.32057785987854,0.00039999998989515007,0.24415212869644165,1.187821626663208,0.2400500327348709,3.4410884380340576,0.4792715907096863,0.21452322602272034,1.1238129138946533,0.6269576549530029,1.0648858547210693,0.881261944770813,1.039617896080017,0.14319120347499847,0.9758430123329163,0.4265870749950409,0.29386916756629944,0.8008350133895874,0.186735138297081,0.26250386238098145,0.007476402446627617,1.2725601196289062,0.8630778193473816,0.6336302161216736,0.3893194794654846,0.9380233883857727,0.3497282564640045,1.7943499088287354,1.4080088138580322,0.12623585760593414,1.0363154411315918,0.17742323875427246,0.11988724023103714,0.8323731422424316,0.3774469494819641,0.17593233287334442,0.8780241012573242,0.6333575248718262,0.574169933795929,0.6448372602462769,0.5009550452232361,0.1340973824262619,0.4734981656074524,0.4096989035606384,0.14444078505039215
0.14858001470565796,0.38134047389030457,0.5953013300895691,0.33028700947761536,0.25207042694091797,0.45211613178253174,0.31749227643013,5.6636881828308105,1.0257638692855835,1.0859498977661133,0.4036603271961212,0.5611779093742371,1.3591855764389038,0.00039999998989515007,0.3373276889324188,1.1287176609039307,0.2985164523124695,3.2017974853515625,0.4279897212982178,0.28961214423179626,1.1955273151397705,0.6074901819229126,1.0385000705718994,0.9083777070045471,0.9274981617927551,0.12700630724430084,0.8797842264175415,0.4017958343029022,0.30070117115974426,0.829791784286499,0.08784449845552444,0.38469433784484863,0.08997269719839096,1.3516820669174194,0.9195409417152405,0.8628308773040771,0.5358554124832153,0.8766807317733765,0.4723891615867615,1.8603410720825195,1.2415297031402588,0.08939756453037262,1.08603036403656,0.05038028582930565,0.15768440067768097,0.9760499596595764,0.17645573616027832,0.06897066533565521,0.735662043094635,0.7392631769180298,0.47045087814331055,0.7047927975654602,0.5438815951347351,0.13341835141181946,0.3760434091091156,0.345201313495636,0.1959793120622635
0.08507140725851059,0.18936800956726074,0.04383496195077896,0.23016200959682465,0.3251531720161438,0.8599841594696045,0.04177910462021828,5.339529991149902,0.6640793681144714,1.7890515327453613,0.2787189781665802,0.5098480582237244,1.1508184671401978,0.00039999998989515007,0.7759082913398743,1.286727786064148,0.33289963006973267,3.4164936542510986,0.7259578704833984,0.13463759422302246,1.3544094562530518,0.6991854906082153,0.5775739550590515,0.29117727279663086,0.6373841166496277,0.011550294235348701,0.703583836555481,0.5893926620483398,0.18997831642627716,0.5288538932800293,0.06392169743776321,0.4972022473812103,0.591990053653717,1.0082008838653564,0.9535471796989441,0.5123727321624756,0.07896647602319717,0.7613599300384521,0.2607506215572357,1.6154273748397827,1.4982707500457764,1.1406937837600708,1.434588074684143,0.6263377070426941,0.3327292203903198,0.8578346371650696,1.069629430770874,0.8193090558052063,0.6075513362884521,0.9890896081924438,0.17997923493385315,0.26204103231430054,0.8377524018287659,0.16563284397125244,0.02400490827858448,0.33092448115348816,0.008608049713075161
0.6569538116455078,0.21403931081295013,0.2768491804599762,0.4181428849697113,0.6512706875801086,1.0933135747909546,0.5049960613250732,5.791982173919678,0.40654245018959045,0.20552098751068115,0.3505391776561737,0.5005542039871216,0.6761696934700012,0.00039999998989515007,0.056037869304418564,1.2923859357833862,0.6966615319252014,3.0346086025238037,0.3818890452384949,0.3786480128765106,0.19907617568969727,0.2561604380607605,1.4685193300247192,0.8067464828491211,1.2465704679489136,0.1893499195575714,1.2026668787002563,0.8975653648376465,0.38626956939697266,0.9899072647094727,1.1003690958023071,0.04606001079082489,0.534899115562439,1.6583846807479858,0.2332814484834671,0.44999897480010986,0.2649995982646942,0.7050214409828186,0.07912030071020126,1.4416263103485107,1.1145919561386108,0.6989166736602783,0.7053170204162598,0.1063157394528389,0.08263871818780899,0.09552738815546036,0.12733162939548492,0.524608850479126,1.3362760543823242,0.20007812976837158,1.0192791223526,0.5918521285057068,0.1290469765663147,0.9580573439598083,0.6145715713500977,0.48393514752388,0.38806024193763733
0.42140907049179077,0.228263720870018,0.11195613443851471,0.3897675573825836,0.23903010785579681,1.5245091915130615,0.3270722031593323,5.178920269012451,0.5669628381729126,1.246416449546814,0.15050776302814484,0.41225311160087585,0.7274087071418762,0.00039999998989515007,0.05479336902499199,0.3616434931755066,0.4301066994667053,3.2099971771240234,0.5065528154373169,0.7225893139839172,1.528224229812622,0.49848923087120056,0.20011118054389954,0.18880051374435425,0.16376401484012604,1.1157139539718628,0.8153371214866638,0.5067362189292908,0.26961755752563477,1.4827874898910522,0.7558040618896484,0.5161365270614624,0.03695906698703766,1.6037193536758423,0.8009330034255981,0.03290501609444618,0.2702779173851013,1.234513759613037,1.951132893562317,1.218734622001648,1.3416658639907837,0.4273107945919037,0.9354297518730164,0.6786186695098877,0.9081280827522278,0.6034904718399048,0.08654215186834335,0.4364793002605438,0.12807349860668182,0.01460422296077013,0.38653072714805603,0.9960284233093262,0.7034314274787903,0.6404774188995361,0.04261094704270363,0.06404786556959152,0.9068018794059753
0.05301779508590698,1.0150202512741089,0.13166490197181702,0.2677706778049469,0.18303830921649933,1.488152265548706,0.21414318680763245,5.6648478507995605,1.1337862014770508,1.2937284708023071,0.11017108708620071,0.7562992572784424,1.168513298034668,0.00039999998989515007,0.5386383533477783,0.9630435705184937,0.03792675957083702,3.908357620239258,0.4356306493282318,0.040258340537548065,1.206318736076355,0.38420766592025757,0.379994660615921,1.0549074411392212,0.5733402371406555,0.39189693331718445,0.7742990255355835,0.10030404478311539,0.1830422431230545,1.6535451412200928,0.20075546205043793,0.40752729773521423,0.3339488208293915,0.5537102818489075,1.1841155290603638,0.4374605715274811,0.22921934723854065,0.7245246767997742,0.5944560170173645,1.3505545854568481,0.515670895576477,0.11681855469942093,0.5771197080612183,0.6367817521095276,0.3061332404613495,0.35373881459236145,0.15312489867210388,0.7949286699295044,0.009151819162070751,0.19408230483531952,1.2605232000350952,0.20660246908664703,0.4307343065738678,0.009771997109055519,0.1961207240819931,0.09332536906003952,0.22182318568229675
0.2698371112346649,0.3374505639076233,0.35564786195755005,0.03175491467118263,0.37219080328941345,0.49396440386772156,0.07474599033594131,6.2017598152160645,0.8692436814308167,0.7294822931289673,0.1699489951133728,0.8592082262039185,0.9790735244750977,0.00039999998989515007,0.1563682109117508,1.1314092874526978,0.0123410290107131,3.93975830078125,0.45449069142341614,0.1624877005815506,0.8203231692314148,0.7197465896606445,1.0699363946914673,0.57356196641922,0.8985520005226135,0.0522737018764019,0.63639897108078,0.5819576978683472,0.38250523805618286,0.4702407121658325,0.06005675718188286,0.21938276290893555,0.009780805557966232,1.264446496963501,0.5636858940124512,0.611262857913971,0.20897486805915833,1.2616714239120483,0.1596890389919281,1.455639362335205,1.3393133878707886,0.11188230663537979,1.1074992418289185,0.07754340767860413,0.11933665722608566,0.8664230704307556,0.41596975922584534,0.035405632108449936,0.936693549156189,0.39749136567115784,0.38694775104522705,0.4826943278312683,0.38265469670295715,0.154230996966362,0.5261943340301514,0.21342714130878448,0.2916575074195862
0.1276787370443344,0.36294999718666077,0.18368303775787354,0.4568367600440979,0.501043438911438,1.1792407035827637,0.5287145376205444,6.045115947723389,0.6606530547142029,0.23129543662071228,0.5602024793624878,0.2320670187473297,0.8447760939598083,0.00039999998989515007,0.5449253916740417,1.1602506637573242,0.30894529819488525,2.7930798530578613,0.13465391099452972,0.22207297384738922,0.3605988919734955,0.43937933444976807,1.3360401391983032,0.8310748338699341,1.177607774734497,0.2747264504432678,1.3793001174926758,0.4723919630050659,0.31774961948394775,0.7415785193443298,0.9649797081947327,0.0636269599199295,0.2857537269592285,1.5486018657684326,0.2020362764596939,0.21801094710826874,0.1701524704694748,0.2437477856874466,0.16500280797481537,1.7322664260864258,1.5648608207702637,0.03211070969700813,0.9534712433815002,0.8475871682167053,0.20165669918060303,0.23500779271125793,0.41989201307296753,0.10012926906347275,1.3667054176330566,0.383608341217041,0.7458661198616028,0.8152853846549988,0.08211243897676468,0.6187306046485901,0.7575047016143799,0.7720344066619873,0.07457705587148666
0.16270262002944946,0.195858433842659,0.7819942235946655,0.37298521399497986,0.02973424270749092,0.7941092252731323,0.358996719121933,5.9207305908203125,0.4115179181098938,1.231814980506897,0.08762567490339279,0.7120963931083679,0.9613919854164124,0.00039999998989515007,0.10362396389245987,1.532425045967102,0.31806325912475586,3.647813081741333,0.8806664943695068,0.025736795738339424,0.9145382046699524,0.605644166469574,0.78059983253479,0.7867302894592285,0.5053644180297852,0.08929924666881561,0.824224054813385,0.6952477693557739,0.582548975944519,1.0695348978042603,0.040857210755348206,0.49508634209632874,0.3466489911079407,0.9765465259552002,0.9936403036117554,0.7960888743400574,0.29244908690452576,0.6566426753997803,0.18143656849861145,1.525985598564148,0.9735070466995239,0.40040066838264465,1.0981632471084595,0.09517806023359299,0.029151439666748047,0.535205602645874,0.48708590865135193,0.4097738564014435,0.6694846153259277,0.6763710379600525,0.28790703415870667,0.537207841873169,0.9065466523170471,0.2897983193397522,0.6603609323501587,0.5906872749328613,0.4305090308189392
0.23227836191654205,0.14948110282421112,0.2179490178823471,0.11849495768547058,0.10578999668359756,0.8415870666503906,0.008813302963972092,6.383476257324219,0.8776395916938782,0.7139285206794739,0.2716253995895386,0.6583489775657654,1.0349148511886597,0.00039999998989515007,0.11444155871868134,1.309891700744629,0.4018285870552063,3.9849720001220703,0.26082924008369446,0.036640070378780365,0.792862594127655,0.6374084949493408,0.8065297603607178,0.9228764176368713,0.7008345127105713,0.07119179517030716,0.739672064781189,0.14730732142925262,0.3604505658149719,1.0703091621398926,0.34641268849372864,0.026768650859594345,0.08243819326162338,1.0454895496368408,0.7206891775131226,0.5393427014350891,0.47792771458625793,0.2953796684741974,0.5187488794326782,1.5811256170272827,1.0786809921264648,0.08104605972766876,0.7129051089286804,0.22250396013259888,0.23196569085121155,0.39916467666625977,0.41818371415138245,0.007758122868835926,0.9921438097953796,0.36923640966415405,0.8716069459915161,0.2572377324104309,0.20619606971740723,0.24825309216976166,0.35612770915031433,0.45761698484420776,0.10026848316192627
0.3887272775173187,1.0420953035354614,0.5534846186637878,0.30694133043289185,0.37448516488075256,0.7263751029968262,0.18113943934440613,5.761770248413086,0.7974416017532349,1.1261755228042603,0.28437650203704834,1.0136409997940063,0.9999515414237976,0.00039999998989515007,0.33852967619895935,1.184127688407898,0.05053727328777313,4.040927410125732,0.7531105875968933,0.01559312455356121,0.8164052963256836,0.8696418404579163,0.9686317443847656,0.7096521258354187,0.8032378554344177,0.162483811378479,0.9084521532058716,0.5710410475730896,0.326259046792984,0.8949026465415955,0.3728982210159302,0.12182191759347916,0.12162817269563675,0.6567040085792542,0.8399340510368347,0.8599724173545837,0.2814972400665283,1.3536159992218018,0.3458748161792755,1.1268879175186157,0.5608749985694885,0.16157884895801544,0.9940581917762756,0.5882552862167358,0.1884697824716568,0.7661426067352295,0.105673648416996,0.704008162021637,0.37044617533683777,0.40783029794692993,0.6572767496109009,0.3592911660671234,0.4331928789615631,0.033182285726070404,0.4136248528957367,0.012303012423217297,0.8571078777313232
0.1919340193271637,0.2746341824531555,0.11422564834356308,0.23238162696361542,0.06350972503423691,0.6218460202217102,0.3557221293449402,5.619888782501221,1.306821346282959,1.3390476703643799,0.30927884578704834,0.5547543168067932,1.0084903240203857,0.00039999998989515007,0.4059758484363556,1.245548129081726,0.10541986674070358,4.5163350105285645,0.4478229284286499,0.08549495041370392,1.0527652502059937,0.3490808606147766,0.9088166356086731,0.9134244322776794,0.8405656218528748,0.09685765206813812,1.0031975507736206,0.07215428352355957,0.4987793564796448,0.8650538921356201,0.6710719466209412,0.3298361301422119,0.18680131435394287,0.6367815136909485,0.5443330407142639,0.5481341481208801,0.5050027370452881,0.7223628163337708,0.056424375623464584,1.2952711582183838,1.016600251197815,0.10948724299669266,1.309437870979309,0.01988152787089348,0.027245281264185905,0.17966237664222717,0.06120195984840393,0.4431014060974121,0.5699114203453064,0.3907277286052704,0.7529220581054688,0.15114827454090118,0.05279209092259407,0.03889896348118782,0.5780301690101624,0.6864907741546631,0.49923303723335266
0.15212078392505646,0.3749428391456604,0.09559962153434753,0.15146879851818085,0.396582692861557,0.7757940888404846,0.6200473308563232,5.659569263458252,1.349927544593811,1.1519619226455688,0.2831485867500305,0.5690296292304993,1.1136974096298218,0.00039999998989515007,0.1889527589082718,0.9803704023361206,0.03077508695423603,4.141443252563477,0.29574063420295715,0.1304321587085724,0.8769399523735046,0.5790621042251587,1.1815650463104248,0.9489320516586304,1.3043205738067627,0.11338692158460617,1.2913738489151,0.06326490640640259,0.2590359151363373,0.6590984463691711,0.2636362910270691,0.08318180590867996,0.13175100088119507,0.7064872980117798,0.5748021602630615,0.5297446250915527,0.4081653356552124,1.0377191305160522,0.13088425993919373,1.3792448043823242,1.2710822820663452,0.14990493655204773,1.1553481817245483,0.2656533718109131,0.08362440019845963,0.5746938586235046,0.21342281997203827,0.08307238668203354,0.7003233432769775,0.2887774407863617,0.8828590512275696,0.4478479325771332,0.02710430696606636,0.09664816409349442,0.4755144715309143,0.40889108180999756,0.4672794044017792
0.25438791513442993,0.009068060666322708,1.3728874921798706,0.15484629571437836,0.8071191310882568,0.8703852891921997,0.2815709412097931,5.690027236938477,0.48792773485183716,1.0727590322494507,0.05117540434002876,0.42654579877853394,0.8833464980125427,0.00039999998989515007,0.27511122822761536,1.0960441827774048,0.6747320890426636,3.0554540157318115,0.6782302260398865,0.4335539937019348,0.7833846807479858,0.12613485753536224,1.170202374458313,0.41615182161331177,0.6865432262420654,0.309515118598938,0.4118933081626892,0.8687678575515747,0.8112278580665588,1.190800666809082,0.38310524821281433,0.21940340101718903,0.032961804419755936,1.492156982421875,0.8065073490142822,0.637354850769043,0.3294769525527954,0.9813064336776733,0.6102495789527893,1.4246565103530884,1.4577301740646362,0.14627674221992493,1.3335412740707397,0.22811950743198395,0.15337863564491272,0.634161114692688,0.31751570105552673,0.7167360782623291,0.7832576632499695,0.22527234256267548,0.10418631136417389,0.4443708658218384,0.5989627838134766,0.4271637499332428,1.1008259057998657,0.9983513355255127,0.20680873095989227
0.11014296114444733,0.5782594084739685,0.5388074517250061,0.2974163591861725,0.3269888758659363,0.5471566319465637,0.13743281364440918,5.67180061340332,1.1352314949035645,0.7855272889137268,0.04552396014332771,1.021057367324829,1.12932288646698,0.00039999998989515007,0.13711100816726685,1.2582319974899292,0.0037204541731625795,3.625343084335327,0.3786607086658478,0.11777147650718689,0.6829118728637695,0.8855760097503662,1.1660988330841064,1.0661141872406006,1.0290645360946655,0.05818072333931923,1.0376529693603516,0.3635616600513458,0.47853612899780273,0.4725456237792969,0.32728835940361023,0.22367089986801147,0.12127572298049927,1.0609830617904663,0.7915166020393372,0.7218768000602722,0.2365085333585739,1.0979886054992676,0.09982556849718094,1.6056344509124756,1.3689384460449219,0.011636427603662014,1.2033915519714355,0.15677261352539062,0.004082184284925461,0.8571673631668091,0.32537591457366943,0.18790066242218018,0.9193446040153503,0.37849563360214233,0.5449314117431641,0.8309649229049683,0.3517276644706726,0.17479680478572845,0.7372196912765503,0.22413568198680878,0.5638274550437927
0.20035366714000702,0.423861026763916,0.4637828469276428,0.21196942031383514,0.2598908543586731,0.565585732460022,0.03280161693692207,5.827460289001465,0.9352231621742249,0.9234789609909058,0.1038973480463028,0.8641860485076904,1.1429569721221924,0.00039999998989515007,0.046886343508958817,1.2809265851974487,0.010915655642747879,3.771798849105835,0.5503907203674316,0.02220120280981064,0.8961122035980225,0.7513495683670044,1.083078145980835,0.9050748348236084,0.9813874363899231,0.01837926171720028,0.9319800138473511,0.5226046442985535,0.4094984531402588,0.7116970419883728,0.10036543756723404,0.2883244454860687,0.006903876084834337,1.105013132095337,0.7465676665306091,0.7700563669204712,0.38544008135795593,1.082168459892273,0.06422160565853119,1.6135374307632446,1.164575457572937,0.011626680381596088,1.0572816133499146,0.023820528760552406,0.015856824815273285,0.8259672522544861,0.38077667355537415,0.0662066861987114,0.8646169900894165,0.48852258920669556,0.5944043397903442,0.6095142364501953,0.41487354040145874,0.03304874897003174,0.5717033743858337,0.2684769928455353,0.4321267008781433
0.6066296696662903,0.2352767437696457,1.4326672554016113,0.45916056632995605,0.51470947265625,0.8820154070854187,0.3065345585346222,5.381850719451904,0.5256770253181458,1.1612704992294312,0.0658663809299469,0.45057767629623413,0.976014256477356,0.00039999998989515007,0.08702674508094788,1.3618109226226807,0.8076707720756531,2.5408918857574463,0.6435524225234985,0.1919003129005432,0.7977188229560852,0.5205003619194031,1.1890679597854614,0.6320745944976807,0.6039802432060242,0.00046080921310931444,0.6732235550880432,0.7158888578414917,1.059066653251648,0.985673189163208,0.34665074944496155,0.5347462296485901,0.007313689682632685,1.4242234230041504,0.9390195608139038,0.5505073070526123,0.07686394453048706,0.43377819657325745,0.4177703559398651,1.4796791076660156,1.3341584205627441,0.4512556195259094,1.3868013620376587,0.16631026566028595,0.12436556816101074,0.44709375500679016,0.030256900936365128,1.1826304197311401,1.035603404045105,0.5703831911087036,0.10651679337024689,0.6818111538887024,0.7484993934631348,0.3158431351184845,1.4098496437072754,1.2172945737838745,0.1746273785829544
0.4513898193836212,0.21973173320293427,0.1046237200498581,0.4776417016983032,0.03842742741107941,0.628738284111023,0.5668945908546448,5.486300468444824,1.0077388286590576,0.40736737847328186,0.3413545489311218,0.8017745018005371,0.9781361818313599,0.00039999998989515007,0.02073841355741024,1.5521293878555298,0.7598819732666016,3.645763874053955,0.353281706571579,0.4745918810367584,0.5947454571723938,0.7858824133872986,1.1339508295059204,1.4337068796157837,1.327489972114563,0.15039296448230743,1.5973200798034668,0.27995285391807556,0.21837016940116882,0.7527647018432617,0.34602922201156616,0.3554949164390564,0.11189668625593185,0.9237636923789978,0.23264555633068085,0.8408606052398682,0.4659139811992645,0.44161972403526306,0.2467484027147293,1.6047077178955078,0.7184850573539734,0.509440541267395,0.6136642694473267,0.16540709137916565,0.3863995671272278,0.30099618434906006,0.6450599431991577,0.5678604245185852,1.1109158992767334,0.5812357068061829,1.1655336618423462,0.8145937323570251,0.039394453167915344,0.1668221652507782,0.31983277201652527,0.2649075388908386,0.5795518159866333
0.01870100200176239,0.32430049777030945,0.622132420539856,0.48037174344062805,0.05948739871382713,0.8850510120391846,0.0998951867222786,5.568480491638184,0.601897120475769,1.2690781354904175,0.14595943689346313,0.824982762336731,1.0406548976898193,0.00039999998989515007,0.05457724258303642,1.6787381172180176,0.07539170235395432,3.556183099746704,0.8548061847686768,0.27654793858528137,0.8555600643157959,0.7364552617073059,0.8886203169822693,1.01116943359375,0.7347636222839355,0.08354799449443817,1.1093686819076538,0.6706838607788086,0.5814555287361145,1.0195910930633545,0.03380797803401947,0.4981422424316406,0.24625156819820404,0.8910730481147766,0.9550885558128357,0.8518897891044617,0.29771605134010315,0.622454822063446,0.05421586334705353,1.5995807647705078,0.9885052442550659,0.31504136323928833,1.1617578268051147,0.030644509941339493,0.09078947454690933,0.5331059694290161,0.6010098457336426,0.24025976657867432,0.7897253036499023,0.6891745924949646,0.5315645337104797,0.6377080678939819,0.7472434639930725,0.13898520171642303,0.6094529628753662,0.4987752437591553,0.5790185332298279
0.1056872010231018,0.11294405162334442,0.8149446249008179,0.11522828787565231,0.5748578310012817,0.7170440554618835,0.03664742410182953,5.955261707305908,0.6454266309738159,0.446990966796875,0.19631928205490112,0.5903781056404114,0.8938626050949097,0.00039999998989515007,0.11616440117359161,1.2005443572998047,0.016417931765317917,3.5197792053222656,0.4898774027824402,0.1257968693971634,0.6039387583732605,0.25119924545288086,1.235976219177246,0.8049376010894775,0.8966000080108643,0.14159679412841797,0.7545457482337952,0.7471738457679749,0.5981987118721008,1.0063368082046509,0.49390846490859985,0.18574552237987518,0.10902400314807892,1.5217902660369873,0.48678064346313477,0.6311116218566895,0.4764161705970764,0.9278379082679749,0.4004259407520294,1.6282072067260742,1.4553641080856323,0.35105621814727783,1.0620036125183105,0.0666646808385849,0.18637335300445557,0.5598914623260498,0.08955071121454239,0.25039970874786377,1.1280686855316162,0.15599381923675537,0.556468665599823,0.5894094705581665,0.253944993019104,0.40687641501426697,0.9258272647857666,0.7107305526733398,0.19643379747867584
0.3378477692604065,0.5218410491943359,0.35683953762054443,0.019477063789963722,0.18434983491897583,0.5498461127281189,0.3465079069137573,5.661092281341553,0.9981809258460999,1.4455078840255737,0.30516746640205383,0.7675116062164307,1.0743076801300049,0.00039999998989515007,0.3173637092113495,1.1846871376037598,0.16679278016090393,4.266384601593018,0.5963864326477051,0.10990072786808014,1.2449195384979248,0.6714737415313721,0.7023863196372986,0.5610098242759705,0.91184401512146,0.09088854491710663,0.7406730055809021,0.44557633996009827,0.05220837891101837,0.5267974734306335,0.037399910390377045,0.3280397653579712,0.3515389859676361,0.8412529230117798,0.6091009974479675,0.6875098347663879,0.31555333733558655,1.18911612033844,0.06668363511562347,1.4585202932357788,1.122649908065796,0.46863576769828796,1.1336556673049927,0.20721830427646637,0.09595882147550583,0.8619419932365417,0.8651211261749268,0.13131313025951385,0.5766203999519348,0.6826040744781494,0.621748149394989,0.16426964104175568,0.3816641867160797,0.034554239362478256,0.08801080286502838,0.008978393860161304,0.26224443316459656
0.4184233248233795,0.01696004346013069,0.5247665643692017,0.15288153290748596,0.034125957638025284,0.5578950643539429,0.048403721302747726,5.3132781982421875,0.3720558285713196,1.502376675605774,0.1235041692852974,0.4210079312324524,0.6181663274765015,0.00039999998989515007,0.558708131313324,1.1315109729766846,0.6881599426269531,3.6304378509521484,0.7372409105300903,0.3212209939956665,1.0106196403503418,0.14279580116271973,0.7211553454399109,0.02911687083542347,0.19728036224842072,0.3782024681568146,0.038751788437366486,0.900134801864624,0.6855851411819458,0.4814036786556244,0.2586826682090759,0.7371416091918945,0.6371278762817383,1.3331661224365234,0.6451143622398376,0.6064445972442627,0.11490613222122192,0.9692602753639221,0.3048056960105896,1.1993367671966553,1.7943707704544067,1.097192406654358,1.8574771881103516,0.5251726508140564,0.2781650722026825,0.6854438185691833,0.7850276231765747,1.4759023189544678,0.696654200553894,0.6420620083808899,0.439880907535553,0.16271564364433289,0.8106911778450012,0.27586129307746887,0.6313359141349792,0.8180102109909058,0.04654601961374283
0.121825210750103,0.06451330333948135,0.6384965777397156,0.09167984873056412,0.5078349709510803,0.7566799521446228,0.17701798677444458,5.954135417938232,0.7239773273468018,0.6114034652709961,0.21447832882404327,0.5747342705726624,0.8476706147193909,0.00039999998989515007,0.08397340774536133,1.2228174209594727,0.029744315892457962,3.713789224624634,0.47107842564582825,0.10247469693422318,0.6111821532249451,0.20817220211029053,1.2045402526855469,0.768182098865509,0.9232743978500366,0.19330757856369019,0.7774510383605957,0.7075597047805786,0.5494459867477417,0.9622907638549805,0.5220760107040405,0.18684643507003784,0.028086034581065178,1.417323350906372,0.444342702627182,0.6120759844779968,0.46086394786834717,0.9385811686515808,0.33053961396217346,1.5703986883163452,1.5383821725845337,0.23326528072357178,1.1833451986312866,0.04845510795712471,0.19078461825847626,0.5251408815383911,0.1622888147830963,0.33168381452560425,1.0905225276947021,0.14867869019508362,0.5824061632156372,0.5265828371047974,0.2004208266735077,0.34017321467399597,0.8064690828323364,0.7214837074279785,0.23671171069145203
0.19296899437904358,0.6650215983390808,0.44812652468681335,0.3039951026439667,0.18752118945121765,0.5619072914123535,0.019600575789809227,5.7037482261657715,1.047244668006897,0.9726462960243225,0.04256875813007355,0.9453213214874268,1.155920147895813,0.00039999998989515007,0.0937500149011612,1.3183833360671997,0.03134021535515785,3.8686251640319824,0.5066993832588196,0.0020652737002819777,0.9138126969337463,0.8670940399169922,1.0810647010803223,1.1187379360198975,0.9916301369667053,0.050533320754766464,1.0142204761505127,0.35522201657295227,0.40467023849487305,0.7858468294143677,0.26851752400398254,0.34073662757873535,0.09280452877283096,0.8864805698394775,0.8534037470817566,0.9055062532424927,0.351516455411911,0.9737926721572876,0.11060310155153275,1.4715807437896729,0.8855789303779602,0.00023937851074151695,0.9033613801002502,0.08659957349300385,0.05271056294441223,0.7669159770011902,0.3836837708950043,0.22860406339168549,0.8309698104858398,0.5141580104827881,0.6863622069358826,0.6291832327842712,0.4276005029678345,0.15732385218143463,0.5661928653717041,0.2200702428817749,0.5148378014564514
0.12541978061199188,0.7536382079124451,0.5438492894172668,0.12499165534973145,0.0649060308933258,0.8496665954589844,0.30672359466552734,5.706001281738281,1.153930425643921,0.22048388421535492,0.29275956749916077,1.3236205577850342,1.0846995115280151,0.00039999998989515007,0.5302037000656128,1.0684586763381958,0.4588959515094757,3.6554183959960938,0.25901558995246887,0.2023562341928482,0.7627216577529907,0.7052783370018005,0.6503481864929199,1.4923357963562012,0.5548118948936462,0.4144708812236786,0.49966803193092346,0.08392421156167984,0.5268203020095825,1.270434021949768,0.3122738003730774,0.2342762053012848,0.5595359802246094,1.1375089883804321,0.8880783915519714,0.6992595791816711,0.1700734794139862,0.9797212481498718,0.7009098529815674,1.4898601770401,0.6509091258049011,0.7989001870155334,0.38401317596435547,0.8625103831291199,0.015638714656233788,0.6420305371284485,0.029344215989112854,0.9874460697174072,0.6765097379684448,0.03592555969953537,1.098236083984375,0.2626202404499054,0.3518737554550171,0.020138215273618698,0.6219989061355591,0.37198159098625183,0.10729660838842392
0.24892005324363708,0.5851579904556274,0.13221745193004608,0.2788122296333313,0.22315619885921478,0.7726226449012756,0.4375513195991516,5.420578479766846,1.226820945739746,1.104755163192749,0.1650196760892868,0.724118709564209,1.087458848953247,0.00039999998989515007,0.2954808175563812,1.2476847171783447,0.17238742113113403,4.133457183837891,0.46072185039520264,0.04446176812052727,0.8581082224845886,0.481914222240448,1.1081584692001343,1.1800291538238525,1.2443656921386719,0.03439834341406822,1.3360509872436523,0.23739385604858398,0.23052014410495758,0.9281055927276611,0.21990370750427246,0.16819238662719727,0.08393137902021408,0.665162980556488,0.6307058930397034,0.7850135564804077,0.5596811175346375,0.9725095629692078,0.20787620544433594,1.4517080783843994,1.037542462348938,0.14404910802841187,1.0277202129364014,0.027653593569993973,0.16886186599731445,0.506503701210022,0.22074756026268005,0.29346996545791626,0.6747161149978638,0.29558366537094116,1.0649449825286865,0.517600417137146,0.06336955726146698,0.15391795337200165,0.40809565782546997,0.3664354383945465,0.6698696613311768
0.0491185337305069,0.3666979670524597,0.4230891466140747,0.4073583483695984,0.11513057351112366,0.874117374420166,0.07494185864925385,5.6103315353393555,0.644891083240509,1.267432451248169,0.11424949765205383,0.8742954134941101,1.0608153343200684,0.00039999998989515007,0.005776173435151577,1.636938214302063,0.00732332281768322,3.629577875137329,0.8465739488601685,0.273294061422348,0.9095229506492615,0.7673367857933044,0.8362720608711243,1.0137643814086914,0.755699634552002,0.05649459734559059,1.1143113374710083,0.6673830151557922,0.457525372505188,0.9668827652931213,0.08320321887731552,0.4621983766555786,0.2416558563709259,0.87807697057724,0.9313536286354065,0.8200017213821411,0.30461829900741577,0.7376905679702759,0.06694206595420837,1.6318035125732422,0.9767383337020874,0.2974005937576294,1.1066213846206665,0.023749414831399918,0.10531323403120041,0.60203617811203,0.7128685116767883,0.17391274869441986,0.7744889855384827,0.6836465001106262,0.6020107865333557,0.6046919226646423,0.7280176877975464,0.09936687350273132,0.4935057461261749,0.33034712076187134,0.5661364197731018
0.3857077658176422,0.22659821808338165,0.7091600894927979,0.018986038863658905,0.3805833160877228,0.008779780007898808,0.14093101024627686,5.372707366943359,1.0305582284927368,0.4683150053024292,0.1582765430212021,0.9002347588539124,1.4477956295013428,0.00039999998989515007,0.05845627561211586,1.0113435983657837,0.12930652499198914,3.7473721504211426,0.3814326524734497,0.3192273676395416,0.8504750728607178,1.0777426958084106,1.2964001893997192,1.0739078521728516,1.0927019119262695,0.49661582708358765,0.9718849658966064,0.2794785797595978,0.28328442573547363,0.3605641722679138,0.4150921404361725,0.28264516592025757,0.03944522887468338,0.9231197237968445,0.9718766808509827,0.7671511173248291,0.7963213324546814,1.1693322658538818,0.16401062905788422,1.7059725522994995,1.200149416923523,0.3757108449935913,0.7048362493515015,0.19212473928928375,0.40684619545936584,1.0813393592834473,0.449709415435791,0.004228563047945499,1.1000555753707886,0.28772783279418945,0.6125093698501587,0.8634141087532043,0.12244249880313873,0.29260942339897156,0.7902870774269104,0.3166050910949707,0.19599390029907227
0.502367377281189,0.7438347339630127,0.08759842067956924,0.2394571155309677,0.13802537322044373,0.8727523684501648,0.18903398513793945,5.726242542266846,1.184247374534607,0.9803470373153687,0.057925913482904434,0.847619891166687,1.2288533449172974,0.00039999998989515007,0.18612195551395416,1.211708664894104,0.39452221989631653,3.8465685844421387,0.3061283230781555,0.17257210612297058,0.7886118292808533,0.8656886219978333,1.1038408279418945,1.003662109375,1.0850929021835327,0.011892218142747879,1.1265428066253662,0.24650412797927856,0.23321738839149475,0.7963424324989319,0.08778059482574463,0.0029439269565045834,0.21239285171031952,0.7928087711334229,0.8071140646934509,0.6125038862228394,0.43851274251937866,0.859449028968811,0.15785162150859833,1.53485107421875,1.1510848999023438,0.08320669829845428,0.9781582951545715,0.18116115033626556,0.08137460052967072,0.7149982452392578,0.39984482526779175,0.43265292048454285,0.8906587958335876,0.3014158308506012,1.067899465560913,0.406032532453537,0.04062932729721069,0.1529000997543335,0.3106330931186676,0.09479980915784836,0.3936328887939453
0.6571829915046692,0.49180805683135986,0.1835000216960907,0.014846905134618282,0.3093944191932678,0.17432545125484467,0.2933034896850586,5.8608927726745605,0.5129498243331909,1.3663105964660645,0.17365550994873047,0.9014298319816589,0.8727688789367676,0.00039999998989515007,0.3915788233280182,1.5075888633728027,0.46339213848114014,3.8608641624450684,0.7613140940666199,0.056029655039310455,1.061262845993042,0.8363285660743713,0.6645724177360535,0.1451863795518875,0.418266624212265,0.5459432005882263,0.0647067129611969,0.9328734278678894,0.3255525827407837,0.7708297371864319,0.05837143957614899,0.5783705711364746,0.6698874831199646,1.1914435625076294,0.3570423722267151,1.1171396970748901,0.5428691506385803,0.8910205364227295,0.3866307735443115,1.2074880599975586,0.6406156420707703,0.12080089747905731,1.142691969871521,0.3515775501728058,0.07674546539783478,0.8822486996650696,0.6802528500556946,0.2297111302614212,0.775978684425354,0.9284444451332092,0.3220048248767853,0.06485620886087418,0.29553574323654175,0.5445544719696045,0.4240998923778534,0.08174759894609451,0.16299837827682495
0.48740535974502563,0.6970797181129456,0.007653978653252125,0.22535327076911926,0.017936918884515762,0.9576913714408875,0.17724432051181793,5.69567346572876,1.1251367330551147,1.0248314142227173,0.040898993611335754,0.880347490310669,1.2559016942977905,0.00039999998989515007,0.09318585693836212,1.259714126586914,0.42277953028678894,3.837581157684326,0.42093291878700256,0.20759433507919312,0.878787100315094,0.8862061500549316,0.9877406358718872,1.0307577848434448,1.0671367645263672,0.021185148507356644,1.1834330558776855,0.28250908851623535,0.18417173624038696,0.8756282329559326,0.06802091002464294,0.00884654838591814,0.18133069574832916,0.7554600834846497,0.8321845531463623,0.5889564156532288,0.43144533038139343,0.8751424551010132,0.11369728296995163,1.596002459526062,1.0078966617584229,0.05628945678472519,0.8779314756393433,0.06266952306032181,0.07938686013221741,0.692012369632721,0.48365211486816406,0.46242383122444153,0.8141776919364929,0.34844982624053955,1.14047110080719,0.3641132116317749,0.128446564078331,0.1134297177195549,0.25660768151283264,0.007199880201369524,0.40653207898139954
0.504021406173706,0.20344023406505585,1.002832055091858,0.5183858871459961,0.21681857109069824,0.8194841742515564,0.34247565269470215,5.489975452423096,0.47142544388771057,1.1799640655517578,0.36483579874038696,0.1645204722881317,0.9411047101020813,0.00039999998989515007,0.006506681442260742,1.4900572299957275,0.29752013087272644,2.7500979900360107,0.59549480676651,0.07890454679727554,0.8231615424156189,0.019708896055817604,0.944838285446167,1.0877294540405273,0.6460509300231934,0.1238245740532875,0.9451810717582703,0.6159912943840027,0.5705119967460632,1.5385386943817139,0.7599523663520813,0.5430662035942078,0.3904607892036438,1.357732892036438,0.8012073636054993,0.975008487701416,0.7370877861976624,0.057179730385541916,0.6991379857063293,1.8242413997650146,1.169001579284668,0.07570953667163849,1.1018668413162231,0.10087627917528152,0.3612557053565979,0.33743754029273987,0.04640454426407814,0.7192111611366272,0.8223584294319153,0.6448407769203186,0.4400978088378906,0.7735394835472107,0.670595645904541,0.516844630241394,0.6484248042106628,1.1464883089065552,0.1845937967300415
0.7350775003433228,0.7103267312049866,0.5048701763153076,0.21969255805015564,0.2936992943286896,0.35178959369659424,0.24608391523361206,5.797935962677002,0.7413838505744934,0.6892548203468323,0.03098706714808941,1.0349968671798706,1.0882197618484497,0.00039999998989515007,0.05917142331600189,1.4119036197662354,0.47490593791007996,3.5279948711395264,0.623589038848877,0.16941013932228088,0.7189768552780151,0.9030567407608032,1.2048619985580444,0.8454398512840271,0.9912590384483337,0.195535808801651,0.8236806392669678,0.8129780888557434,0.3633103370666504,0.8615818619728088,0.26281309127807617,0.34030988812446594,0.09151947498321533,1.1198453903198242,0.5316765904426575,1.061365008354187,0.5881938338279724,1.1299868822097778,0.04840715229511261,1.4652721881866455,0.6883564591407776,0.36236730217933655,0.8223416209220886,0.4957077205181122,0.05050955340266228,0.8677440881729126,0.28144359588623047,0.5833772420883179,0.9481620788574219,0.4985526204109192,0.7825837731361389,0.5197710394859314,0.24232853949069977,0.23123063147068024,0.21469511091709137,0.05107372626662254,0.6533790230751038
0.24400456249713898,1.3703221082687378,0.9386999607086182,0.7057867646217346,0.22278447449207306,0.8225215673446655,1.0734401941299438,5.245602130889893,0.8487808704376221,1.1776806116104126,0.37132716178894043,1.038722038269043,1.3939273357391357,0.00039999998989515007,0.16220314800739288,1.459489345550537,0.3901863992214203,2.378444194793701,0.4830966889858246,0.4018838107585907,0.9109121561050415,1.0283101797103882,0.6585766673088074,1.354979395866394,0.4230634570121765,0.3981090784072876,0.6912904977798462,0.22671476006507874,0.44852080941200256,1.7877724170684814,0.5481293797492981,0.07891175150871277,0.1852930635213852,0.7560517191886902,1.342492938041687,1.2323299646377563,0.6182717680931091,0.14189185202121735,0.553653359413147,1.5280137062072754,0.09785691648721695,0.26921117305755615,0.40085676312446594,0.8998130559921265,0.10280159115791321,0.6710100769996643,0.27609631419181824,1.1285452842712402,0.3128928244113922,0.7043861150741577,1.0649960041046143,0.3372013568878174,0.5626517534255981,0.10847562551498413,0.02723042108118534,0.19746746122837067,0.4771871268749237
0.4986262321472168,0.20890088379383087,0.24146130681037903,0.09258162975311279,0.3525072932243347,0.47714266180992126,0.13184329867362976,5.528414726257324,0.9751496911048889,0.7119565010070801,0.09082858264446259,0.9142273664474487,1.4156311750411987,0.00039999998989515007,0.1671137660741806,0.9281298518180847,0.1365204155445099,3.891838550567627,0.4938894808292389,0.22620940208435059,0.8936795592308044,1.212478756904602,1.2314939498901367,0.699255108833313,1.0964267253875732,0.5631462335586548,1.0552496910095215,0.38038673996925354,0.194956973195076,0.1897825449705124,0.33541080355644226,0.1003258004784584,0.14850187301635742,0.7771801948547363,0.9331410527229309,0.28117844462394714,0.4237199127674103,1.409295678138733,0.42814046144485474,1.5836526155471802,1.3335826396942139,0.18185624480247498,0.8640719056129456,0.39807549118995667,0.17736618220806122,0.995936393737793,0.7186263799667358,0.1661175787448883,1.063594102859497,0.24582906067371368,0.6253030300140381,0.5774677395820618,0.10628236085176468,0.2856592535972595,0.80169278383255,0.14171405136585236,0.2222648710012436
0.21532803773880005,1.193941593170166,0.7043001055717468,0.3755120038986206,0.039092544466257095,0.3203127980232239,0.7705117464065552,5.46799373626709,1.1123789548873901,0.526123583316803,0.027987783774733543,1.1366276741027832,1.2183715105056763,0.00039999998989515007,0.469733327627182,1.1209081411361694,0.4044054448604584,3.1087021827697754,0.2849160432815552,0.026409057900309563,0.9435442686080933,0.7210091948509216,0.7555800676345825,1.488977313041687,0.6399533152580261,0.3517768383026123,0.5222762823104858,0.12056878954172134,0.3117493689060211,1.5227793455123901,0.3982729911804199,0.07162702083587646,0.36547210812568665,1.034497618675232,0.8725545406341553,1.2697054147720337,0.6109495759010315,0.7777180075645447,0.6880783438682556,1.4572432041168213,0.008309119381010532,0.9342074394226074,0.1766461879014969,1.1294924020767212,0.02135085128247738,0.7675613164901733,0.3619072139263153,1.3217394351959229,0.3736266493797302,0.4458540081977844,1.043753981590271,0.431519091129303,0.3609790802001953,0.019055642187595367,0.16298359632492065,0.3291928768157959,0.4150990843772888
0.6714690923690796,0.27653223276138306,0.7309914827346802,0.35364294052124023,0.21033495664596558,0.6248667240142822,0.8359389305114746,5.4784698486328125,1.106521725654602,0.6062320470809937,0.3165757358074188,1.0216468572616577,1.1189192533493042,0.00039999998989515007,0.0614389069378376,1.4548258781433105,0.8485811352729797,3.9947991371154785,0.35730648040771484,0.5660845637321472,0.6418420672416687,1.023284912109375,1.1141375303268433,1.1830804347991943,1.268832802772522,0.25497201085090637,1.4699695110321045,0.20092234015464783,0.0896415114402771,0.4077301025390625,0.369325190782547,0.2535790801048279,0.071600042283535,0.6573643088340759,0.039535365998744965,0.4067148268222809,0.31532421708106995,0.8361541628837585,0.49488452076911926,1.3656418323516846,0.7243680357933044,0.3529416620731354,0.71741783618927,0.25456857681274414,0.258097767829895,0.17946943640708923,0.7653523087501526,0.40557223558425903,1.0342869758605957,0.6054363250732422,1.1468803882598877,0.5878302454948425,0.29197579622268677,0.015144436620175838,0.18348003923892975,0.002577086677774787,0.689944326877594
0.42396458983421326,0.6201866269111633,0.5465632677078247,0.06036164239048958,0.031002376228570938,0.49016016721725464,0.4937595725059509,5.696532726287842,1.2177772521972656,1.2035013437271118,0.30702629685401917,0.8780306577682495,1.0795785188674927,0.00039999998989515007,0.6015294790267944,1.0001393556594849,0.2753867506980896,4.128191947937012,0.32947367429733276,0.060783613473176956,1.0106629133224487,0.8804165124893188,0.8336103558540344,0.5250224471092224,1.011268973350525,0.0672566294670105,0.8021571040153503,0.2910518944263458,0.05139220505952835,0.16702908277511597,0.2639196813106537,0.16312041878700256,0.20066100358963013,0.8461509346961975,0.5343456864356995,0.46496665477752686,0.17299121618270874,1.3448232412338257,0.13128624856472015,1.4754043817520142,1.443906307220459,0.5260123014450073,1.2314784526824951,0.5594490766525269,0.08493383973836899,1.0092276334762573,0.9298133850097656,0.017559491097927094,0.7198531627655029,0.5014073252677917,0.5880499482154846,0.31563061475753784,0.17907921969890594,0.23676390945911407,0.027158083394169807,0.17897643148899078,0.27536633610725403
0.24078485369682312,0.8782886862754822,0.1585378646850586,0.2983643710613251,0.07692167162895203,0.6034753918647766,0.013379388488829136,5.7810187339782715,1.232025384902954,0.832408607006073,0.09781186282634735,0.915998637676239,1.147864580154419,0.00039999998989515007,0.07393290847539902,1.165849208831787,0.23188747465610504,4.202975273132324,0.2695506513118744,0.025010479614138603,0.8379060626029968,0.816054105758667,1.0022419691085815,1.2638050317764282,0.9137641191482544,0.07852892577648163,1.061880111694336,0.003706068964675069,0.24858663976192474,0.9466707706451416,0.20527087152004242,0.16961240768432617,0.18301527202129364,0.6439215540885925,0.8560484647750854,0.8195613622665405,0.3869289457798004,0.8211570978164673,0.188430055975914,1.3894076347351074,0.8479356169700623,0.06355522572994232,0.7508392930030823,0.023514674976468086,0.15899667143821716,0.6350181698799133,0.3692997694015503,0.5684362053871155,0.7264822125434875,0.3376772403717041,0.9501829147338867,0.5046753883361816,0.2018868625164032,0.30406761169433594,0.45484283566474915,0.11034993827342987,0.4423232674598694
0.33999478816986084,0.7174457311630249,0.6658445000648499,0.08212395012378693,0.26636284589767456,0.4738558232784271,0.5047738552093506,5.652188301086426,1.4012222290039062,1.3270294666290283,0.4302527904510498,0.7899008989334106,1.0345818996429443,0.00039999998989515007,0.37503165006637573,0.9906143546104431,0.35597899556159973,4.634206295013428,0.19082185626029968,0.17838157713413239,1.1378607749938965,0.6396037936210632,0.6736645102500916,0.7117252945899963,0.9128553867340088,0.08942582458257675,0.6721811294555664,0.0434725396335125,0.06020903214812279,0.5042312741279602,0.05706910789012909,0.15976282954216003,0.25507503747940063,0.6261909604072571,0.5467222929000854,0.5955402851104736,0.28975871205329895,1.056356430053711,0.03810860961675644,1.2872024774551392,1.2550550699234009,0.37923339009284973,1.0690969228744507,0.4448189437389374,0.004492818843573332,0.7726494669914246,0.8156754374504089,0.003497074358165264,0.5729841589927673,0.45951902866363525,0.7900518774986267,0.07505301386117935,0.04618657007813454,0.3437071442604065,0.17031604051589966,0.020416148006916046,0.10928580909967422
0.44428834319114685,0.35809361934661865,0.06469772756099701,0.006901084911078215,0.07568921893835068,0.5148285627365112,0.20103633403778076,5.993832588195801,0.9604793190956116,0.7962880730628967,0.23848171532154083,0.8792062401771545,1.0309062004089355,0.00039999998989515007,0.08877375721931458,1.2715815305709839,0.363155722618103,4.274857997894287,0.5042820572853088,0.0108816372230649,0.8529459238052368,0.7160581946372986,0.9539027214050293,0.8968706727027893,0.993571400642395,0.03584581986069679,0.9773241281509399,0.40320438146591187,0.15740977227687836,0.8346623778343201,0.03746061772108078,0.21877717971801758,0.08846281468868256,0.8626028299331665,0.5182927250862122,0.6677474975585938,0.4882906377315521,1.0801078081130981,0.052399612963199615,1.5008987188339233,1.0246591567993164,0.14122794568538666,0.8269600868225098,0.03721313178539276,0.2415502965450287,0.6630406975746155,0.63140869140625,0.1692867875099182,0.8615229725837708,0.36765122413635254,0.842828631401062,0.4308006465435028,0.1823970228433609,0.006916184909641743,0.3118651211261749,0.11816603690385818,0.4118977189064026
0.16535955667495728,0.47992077469825745,0.13398504257202148,0.1285467892885208,0.08021028339862823,0.5580907464027405,0.1493351310491562,5.773731231689453,1.224411964416504,1.2763315439224243,0.42960941791534424,0.6165696382522583,1.2252323627471924,0.00039999998989515007,0.0810903012752533,1.207380771636963,0.23693740367889404,4.052445888519287,0.3353574872016907,0.1048114150762558,1.067044734954834,0.6418625116348267,0.8396150469779968,1.0803874731063843,0.9939980506896973,0.12970156967639923,1.1083076000213623,0.017543848603963852,0.03862721100449562,1.050197958946228,0.10919762402772903,0.22925829887390137,0.24273335933685303,0.6570525169372559,0.7663180232048035,0.755951464176178,0.6736504435539246,0.6749129891395569,0.11829686164855957,1.615018606185913,1.0130232572555542,0.07189680635929108,0.865915834903717,0.2056620866060257,0.2887306213378906,0.6566208004951477,0.5157307386398315,0.08576374500989914,0.6358500123023987,0.5506930351257324,0.9387845396995544,0.44028884172439575,0.18992114067077637,0.14684545993804932,0.07270019501447678,0.26009219884872437,0.2869935929775238
0.5415689945220947,0.20146381855010986,0.21520695090293884,0.12212827801704407,0.11970075219869614,0.4883982539176941,0.44065752625465393,5.90080451965332,1.1967105865478516,0.7318093180656433,0.349160373210907,0.8679437637329102,1.15537691116333,0.00039999998989515007,0.1732804924249649,1.128842830657959,0.4758482575416565,3.9919304847717285,0.25048452615737915,0.0008071694755926728,0.7892978191375732,1.003855586051941,1.093184232711792,0.848716139793396,1.1778275966644287,0.22678756713867188,1.0521774291992188,0.20429277420043945,0.12946853041648865,0.5086036324501038,0.08487768471240997,0.13200141489505768,0.012232518754899502,0.8836585879325867,0.4804977476596832,0.44900384545326233,0.41612306237220764,1.033804178237915,0.09288152307271957,1.5319278240203857,1.3065317869186401,0.021404286846518517,0.8799932599067688,0.37789487838745117,0.28844189643859863,0.7912431955337524,0.791735827922821,0.03358563780784607,1.126570701599121,0.3513256907463074,0.842410683631897,0.4837070405483246,0.01195119321346283,0.10673446953296661,0.2909277081489563,0.04454726725816727,0.19601407647132874
0.5432882308959961,0.27757540345191956,0.28115135431289673,0.10730640590190887,0.05226008594036102,0.47546154260635376,0.30786311626434326,5.908761501312256,1.0467050075531006,0.7884179949760437,0.39804166555404663,0.8587900400161743,1.097110629081726,0.00039999998989515007,0.08780675381422043,1.2101346254348755,0.457322895526886,4.125339984893799,0.43227246403694153,0.061447665095329285,0.9304907321929932,0.7912818789482117,0.9760660529136658,0.8141797184944153,1.1101468801498413,0.10584141314029694,0.970883846282959,0.39483287930488586,0.05361824110150337,0.7349801063537598,0.04201514273881912,0.21160688996315002,0.07093170285224915,0.9477685689926147,0.4304966926574707,0.5949181318283081,0.4683295786380768,1.1247949600219727,0.018383381888270378,1.5574984550476074,1.116528034210205,0.11741945892572403,0.7954468727111816,0.0963163897395134,0.22216583788394928,0.7620762586593628,0.7832158803939819,0.10980725288391113,0.9595233798027039,0.41562047600746155,0.8675270676612854,0.40241801738739014,0.10023220628499985,0.024380333721637726,0.19851098954677582,0.030521491542458534,0.26899778842926025
0.08758161216974258,0.40474191308021545,0.17170450091362,0.09552506357431412,0.6646497845649719,0.604463517665863,0.08244439214468002,5.640194416046143,1.619823694229126,0.817409098148346,0.29461824893951416,1.04241144657135,1.3048418760299683,0.00039999998989515007,0.20650888979434967,1.1858044862747192,0.5047705173492432,4.064004421234131,0.021353870630264282,0.028266990557312965,1.13252854347229,0.7165285348892212,0.411040723323822,1.4165157079696655,0.526748776435852,0.14985983073711395,0.5391966104507446,0.44361093640327454,0.2931819558143616,1.3136931657791138,0.12101023644208908,0.10635383427143097,0.022510727867484093,0.7793751358985901,0.891467273235321,0.43615540862083435,0.5259819626808167,0.3731876313686371,0.8385001420974731,1.6661512851715088,0.926450252532959,0.5339997410774231,0.5604822039604187,0.16895772516727448,0.268553227186203,0.417836457490921,0.33090659976005554,0.08105537295341492,0.6953939199447632,0.23207548260688782,1.1875779628753662,0.05537538230419159,0.09648295491933823,0.34314242005348206,0.29254940152168274,0.03609389066696167,0.24053987860679626
0.6191600561141968,0.5329473614692688,0.7639021873474121,0.22950173914432526,0.20223939418792725,0.49523234367370605,0.645058810710907,5.26284122467041,1.2860740423202515,1.3414641618728638,0.40247657895088196,0.7960978150367737,1.0893244743347168,0.00039999998989515007,0.4253884255886078,1.017708420753479,0.38308870792388916,4.514075756072998,0.3546387255191803,0.15420667827129364,1.119645595550537,0.7486993670463562,0.8276987671852112,0.48845231533050537,1.095914363861084,0.009599611163139343,0.8130671977996826,0.2199939787387848,0.1167532280087471,0.39233192801475525,0.07472124695777893,0.19728082418441772,0.25635698437690735,0.5863054990768433,0.47170931100845337,0.4519040286540985,0.3185320198535919,1.2857170104980469,0.2665742337703705,1.3044198751449585,1.4816628694534302,0.4796696901321411,1.1916292905807495,0.5149974226951599,0.03297145292162895,0.8521713614463806,1.0751363039016724,0.17998407781124115,0.7327979207038879,0.4011490046977997,0.8215011358261108,0.059851761907339096,0.07080180197954178,0.3658130466938019,0.16033139824867249,0.03298196569085121,0.1593899130821228
0.587720513343811,0.621330201625824,0.4014439284801483,0.07654014974832535,0.0035899225622415543,0.8283646106719971,0.37258246541023254,5.440197467803955,1.043497085571289,1.2056761980056763,0.06242319196462631,0.9598004221916199,1.1198855638504028,0.00039999998989515007,0.003339208662509918,1.166513442993164,0.28263920545578003,4.241833686828613,0.6699573993682861,0.04393447935581207,1.0212163925170898,0.8089895844459534,0.8917708992958069,0.6452683210372925,1.0758552551269531,0.03267161175608635,1.065352439880371,0.516356885433197,0.018737945705652237,0.7706785202026367,0.1581394076347351,0.11016077548265457,0.00353435380384326,0.6274670362472534,0.6360393762588501,0.4362778067588806,0.23741939663887024,1.456468939781189,0.38465219736099243,1.4023278951644897,1.1919547319412231,0.34390899538993835,1.0852700471878052,0.032416969537734985,0.030016209930181503,0.8250452876091003,0.8805893659591675,0.19294387102127075,0.6482663154602051,0.3451271951198578,0.9296603798866272,0.19408032298088074,0.1868888884782791,0.22815139591693878,0.18708956241607666,0.17170552909374237,0.5503130555152893
0.5449377298355103,0.3817688524723053,0.47393396496772766,0.374132364988327,0.2717719078063965,0.6312340497970581,0.6473025679588318,5.003788948059082,1.1689332723617554,0.7363037467002869,0.28682786226272583,0.8379719257354736,1.0335423946380615,0.00039999998989515007,0.10833124071359634,1.5466883182525635,0.839157223701477,3.8774845600128174,0.4006803631782532,0.511422872543335,0.697590708732605,0.9005188345909119,1.0471192598342896,1.4805890321731567,1.3488304615020752,0.14236706495285034,1.758690595626831,0.11817491054534912,0.039025988429784775,0.8955305814743042,0.14442384243011475,0.4367564022541046,0.003636864712461829,0.4656769633293152,0.31360936164855957,0.825388491153717,0.4490978717803955,0.4944070875644684,0.6008182764053345,1.4471790790557861,0.7014816403388977,0.2688226103782654,0.6789396405220032,0.15913985669612885,0.4826345145702362,0.3370381295681,0.9903931021690369,0.5608112215995789,0.9677756428718567,0.6315013766288757,1.3159795999526978,0.6935563087463379,0.017768392339348793,0.1333649456501007,0.0747251808643341,0.06586997210979462,0.7139520645141602
0.09382851421833038,0.3471112549304962,0.09031698852777481,0.006439113058149815,0.36708205938339233,0.32176172733306885,0.13974112272262573,5.3563690185546875,1.3657065629959106,1.2579683065414429,0.21490836143493652,1.0081332921981812,1.2422423362731934,0.00039999998989515007,0.04679778963327408,1.4677501916885376,0.1745389997959137,4.163747787475586,0.48088476061820984,0.07029500603675842,1.1095901727676392,0.910336971282959,0.8433151245117188,1.01470947265625,0.8456662893295288,0.004489298909902573,0.9075176119804382,0.18257126212120056,0.34747761487960815,0.7399656176567078,0.09968230128288269,0.4595871567726135,0.334211528301239,0.6756002306938171,0.7303139567375183,0.6272900700569153,0.4729636609554291,0.8523631691932678,0.04374090954661369,1.5460023880004883,1.1407405138015747,0.05312131717801094,1.2064990997314453,0.07792383432388306,0.1682867705821991,0.6955196857452393,0.7318437099456787,0.44548311829566956,0.8693879246711731,0.5955686569213867,0.7145131230354309,0.3726136088371277,0.07717452198266983,0.39394479990005493,0.38015973567962646,0.20949026942253113,0.43229445815086365
0.4199848175048828,0.36387619376182556,0.21329379081726074,0.04816851392388344,0.003973736427724361,0.4915476441383362,0.44333529472351074,5.362692832946777,1.2348318099975586,1.0364161729812622,0.2871946692466736,0.8915581703186035,1.1410815715789795,0.00039999998989515007,0.11008337885141373,1.314480185508728,0.3263069689273834,4.088008403778076,0.4378337562084198,0.020974772050976753,0.9163426160812378,0.7479639053344727,1.043346881866455,0.9459331631660461,1.1959046125411987,0.021351078525185585,1.1298168897628784,0.3410990238189697,0.08514606207609177,0.6829605102539062,0.07139922678470612,0.30199307203292847,0.1721528172492981,0.7902028560638428,0.5502526760101318,0.6384707093238831,0.4605194628238678,1.0906814336776733,0.2304099202156067,1.572334885597229,1.3686891794204712,0.006142538506537676,1.1254680156707764,0.237993061542511,0.23632225394248962,0.8604244589805603,0.8286676406860352,0.08145260810852051,0.9465333223342896,0.44767189025878906,0.8625227212905884,0.537305474281311,0.059874918311834335,0.3230874836444855,0.2670189440250397,0.1604718714952469,0.48980513215065
0.2320399284362793,0.2920573353767395,0.8109859824180603,0.09644385427236557,0.7400111556053162,0.2806723713874817,0.19860105216503143,5.689522743225098,0.6551257371902466,1.077038288116455,0.24109423160552979,0.560130774974823,0.7482872009277344,0.00039999998989515007,0.19206926226615906,1.1060330867767334,0.2785969078540802,3.6553308963775635,0.5983423590660095,0.4879000782966614,0.7752066850662231,0.10242636501789093,1.3344963788986206,0.2485657036304474,0.8387067317962646,0.47110649943351746,0.24476414918899536,0.9936389923095703,0.5322657823562622,1.0917701721191406,0.24433064460754395,0.5018885135650635,0.19572724401950836,1.379040002822876,0.340697705745697,0.9266694784164429,0.4690825939178467,1.353045105934143,0.2553217113018036,1.1671171188354492,1.4269967079162598,0.017764832824468613,1.494974136352539,0.3157002627849579,0.052022479474544525,0.8980571031570435,0.001449350849725306,0.5857301354408264,0.8526319265365601,0.3012809455394745,0.11681068688631058,0.3096681237220764,0.24969713389873505,0.2386758029460907,0.5961756110191345,0.7145205140113831,0.49136993288993835
0.479295015335083,0.03892064094543457,0.03034112975001335,0.2666687071323395,0.42409855127334595,0.8588259220123291,0.5183184742927551,5.591381072998047,1.0523804426193237,0.8695172071456909,0.3019832372665405,0.579053521156311,0.9360232949256897,0.00039999998989515007,0.10324406623840332,1.0528550148010254,0.2292918711900711,3.999051332473755,0.3091750144958496,0.17244026064872742,0.6563789248466492,0.27451175451278687,1.2483903169631958,0.4932084381580353,1.1277753114700317,0.2094576507806778,0.8094094395637512,0.550740659236908,0.24567820131778717,0.880907416343689,0.4548393487930298,0.008262653835117817,0.010468542575836182,1.0937172174453735,0.3804568648338318,0.2727430760860443,0.4349508285522461,1.1184288263320923,0.004298248793929815,1.4456589221954346,1.9073169231414795,0.039216674864292145,1.4056942462921143,0.3767490088939667,0.20081745088100433,0.7170080542564392,0.4868408441543579,0.4672628939151764,1.1274412870407104,0.05723218992352486,0.8226494789123535,0.2277114987373352,0.24963589012622833,0.06020227447152138,0.5554138422012329,0.5715078115463257,0.1885341852903366
0.5569174289703369,0.40224575996398926,0.7206299304962158,0.24584798514842987,0.24593625962734222,0.3530243933200836,0.6733191609382629,5.128237724304199,1.3235617876052856,1.3023134469985962,0.4550285339355469,0.8380722403526306,1.1162844896316528,0.00039999998989515007,0.46694162487983704,1.1551969051361084,0.42333462834358215,4.239829063415527,0.37742000818252563,0.10108274221420288,1.131813645362854,0.7558686137199402,0.8351774215698242,0.594481885433197,1.1660043001174927,0.05506863072514534,0.8618494868278503,0.2893422544002533,0.15098154544830322,0.34272608160972595,0.12786880135536194,0.32128435373306274,0.40877339243888855,0.7334449887275696,0.404306560754776,0.5412706136703491,0.36056575179100037,1.2073602676391602,0.1881384402513504,1.4547851085662842,1.44371497631073,0.3186153769493103,1.2317614555358887,0.507300615310669,0.08515389263629913,1.065215826034546,1.1576427221298218,0.2820397913455963,0.8293947577476501,0.6111170649528503,0.7581609487533569,0.24308298528194427,0.021446488797664642,0.4060910642147064,0.17185866832733154,0.04727529361844063,0.2773391008377075
0.9108632206916809,0.4234539568424225,0.4632418155670166,0.27721211314201355,0.6634993553161621,0.13578253984451294,0.06596536934375763,5.158263683319092,0.8350138068199158,0.5171482563018799,0.03719976916909218,1.0180821418762207,1.2912174463272095,0.00039999998989515007,0.35573074221611023,0.8897334337234497,0.04101060703396797,3.5627894401550293,0.5299952626228333,0.31770822405815125,0.6899590492248535,1.2312403917312622,1.508341670036316,0.3112412989139557,1.1656849384307861,0.2563554048538208,0.7445909380912781,0.8087654709815979,0.12979790568351746,0.002022186294198036,0.7330580949783325,0.34346750378608704,0.003516090800985694,0.980987012386322,0.6343463659286499,0.5960656404495239,0.5107359886169434,1.774356484413147,0.6301248073577881,1.421008586883545,1.4247020483016968,0.0728338286280632,1.1115505695343018,0.17326535284519196,0.10379092395305634,1.5786031484603882,0.7151838541030884,0.021261634305119514,1.1593672037124634,0.30920255184173584,0.3028157353401184,0.6848278641700745,0.01760232262313366,0.3003508746623993,0.6012278199195862,0.037417925894260406,0.5579351782798767
0.2728842794895172,0.7010221481323242,0.2083820253610611,0.15903037786483765,0.2583702802658081,0.8211889863014221,0.17107771337032318,5.3910064697265625,1.4999003410339355,0.6975252628326416,0.052186254411935806,1.21602463722229,1.2035797834396362,0.00039999998989515007,0.361288845539093,1.085317611694336,0.4619227349758148,4.1912055015563965,0.24972158670425415,0.019998325034976006,1.028976321220398,0.6742839813232422,0.6247757077217102,1.321061134338379,0.8691747188568115,0.25028106570243835,0.7697111964225769,0.0792488232254982,0.09853038936853409,1.2095869779586792,0.20102465152740479,0.18706871569156647,0.25902262330055237,0.7464038729667664,0.8122227191925049,0.47103822231292725,0.25125494599342346,1.063321828842163,0.3069162666797638,1.5040279626846313,0.9771904349327087,0.49187615513801575,0.5984737873077393,0.4233742356300354,0.10503286868333817,0.7992175221443176,0.5064926743507385,0.586604654788971,0.6375159025192261,0.10665848106145859,1.2658767700195312,0.1626109778881073,0.05157604441046715,0.5204659104347229,0.3895406723022461,0.27309131622314453,0.21304821968078613
0.3680509924888611,0.3970514237880707,0.16564439237117767,0.033739760518074036,0.016666684299707413,0.43905743956565857,0.4652996361255646,5.390871524810791,1.292820692062378,0.941963255405426,0.26677876710891724,0.9332144856452942,1.0844388008117676,0.00039999998989515007,0.12934382259845734,1.3193848133087158,0.3248705565929413,4.122945785522461,0.35738882422447205,0.031493376940488815,0.8425251841545105,0.7251342535018921,1.0649091005325317,0.9974974393844604,1.1663018465042114,0.038923706859350204,1.0827152729034424,0.2907377779483795,0.12608706951141357,0.5969200730323792,0.11699963361024857,0.33501797914505005,0.17503774166107178,0.821140468120575,0.5148105621337891,0.6667831540107727,0.38053834438323975,1.0469977855682373,0.2508687674999237,1.516509771347046,1.3774644136428833,0.04064072296023369,1.1666289567947388,0.2806314527988434,0.23115096986293793,0.9254190325737,0.8247444033622742,0.08624487370252609,1.006678581237793,0.45745500922203064,0.79673171043396,0.5815743207931519,0.05334421619772911,0.3966556191444397,0.3480091094970703,0.18177931010723114,0.5392659306526184
0.5973564386367798,0.7178061008453369,0.2751729488372803,0.10715927928686142,0.2600420117378235,0.1185433492064476,0.18193419277668,5.66359281539917,1.089322566986084,1.049360752105713,0.37953194975852966,0.7213924527168274,1.2624642848968506,0.00039999998989515007,0.1564026176929474,1.2825000286102295,0.3197230100631714,3.6358001232147217,0.34831708669662476,0.14304600656032562,0.9050607085227966,0.7872685194015503,1.2578692436218262,0.8558886647224426,1.1135834455490112,0.05844805762171745,0.8997687697410583,0.4027152955532074,0.08988744765520096,1.0213736295700073,0.15398716926574707,0.4321901202201843,0.2163216471672058,0.8917545676231384,0.613120973110199,1.066114902496338,0.8331977128982544,0.834777295589447,0.05953677371144295,1.5100486278533936,0.9160548448562622,0.16941699385643005,0.9504896402359009,0.09178952872753143,0.2274366021156311,1.1038072109222412,0.33052918314933777,0.27781376242637634,0.8910512924194336,0.6956924796104431,0.7729492783546448,0.5508953332901001,0.035840172320604324,0.12530560791492462,0.05923112854361534,0.22259502112865448,0.6095398664474487
0.35078176856040955,0.7285579442977905,0.2525993883609772,0.17380455136299133,0.2798898220062256,0.931355893611908,0.15368132293224335,5.528207302093506,1.4420379400253296,0.7714949250221252,0.00879742857068777,1.2187143564224243,1.2146965265274048,0.00039999998989515007,0.28054580092430115,1.1231333017349243,0.521941065788269,4.098561763763428,0.2687991261482239,0.09372853487730026,0.9884506464004517,0.7772377133369446,0.5982239246368408,1.191786527633667,0.840606153011322,0.26427996158599854,0.757280707359314,0.024722682312130928,0.08211461454629898,1.1792601346969604,0.254038006067276,0.26478490233421326,0.2253088653087616,0.715969979763031,0.8510655164718628,0.37140142917633057,0.21082551777362823,1.025786280632019,0.2871623933315277,1.5185924768447876,0.9818739295005798,0.3371495306491852,0.6470353007316589,0.3617329001426697,0.06855281442403793,0.8428478240966797,0.548759400844574,0.5811723470687866,0.6457287073135376,0.12426825612783432,1.2576227188110352,0.10599510371685028,0.05592598766088486,0.4816543459892273,0.32518908381462097,0.32469984889030457,0.2377644032239914
0.5268105268478394,0.36414289474487305,0.38594603538513184,0.022471604868769646,0.09007759392261505,0.44552576541900635,0.7115442156791687,5.34559440612793,1.2757155895233154,0.8263630867004395,0.2948002517223358,1.053575038909912,1.1730350255966187,0.00039999998989515007,0.14028511941432953,1.2617831230163574,0.3611711263656616,4.110280990600586,0.3481220006942749,0.14431971311569214,0.7622814178466797,0.7932649850845337,1.1667083501815796,1.0291098356246948,1.2532873153686523,0.046243488788604736,1.1125465631484985,0.28242677450180054,0.014745468273758888,0.3785910904407501,0.06395497173070908,0.24929110705852509,0.11258720606565475,0.7777760028839111,0.3334278166294098,0.47809067368507385,0.33919858932495117,1.2876007556915283,0.3791213631629944,1.4573838710784912,1.3476707935333252,0.1868092119693756,1.0756192207336426,0.29556840658187866,0.1964542269706726,0.8629719614982605,0.7800540328025818,0.039015837013721466,1.0036951303482056,0.5167021751403809,0.8017323613166809,0.6560265421867371,0.10244271159172058,0.3788740634918213,0.34386858344078064,0.05340918153524399,0.6886779069900513
0.3012699484825134,0.5766935348510742,0.10309763997793198,0.03900684788823128,0.06673930585384369,0.4933130443096161,0.22660677134990692,5.580066204071045,1.206870675086975,1.046820878982544,0.2708406150341034,0.8749638795852661,1.1353039741516113,0.00039999998989515007,0.0747542604804039,1.2325037717819214,0.14777536690235138,4.112649917602539,0.41859671473503113,0.09670843929052353,0.9928985238075256,0.7761940956115723,1.025058627128601,0.9586237668991089,1.0840667486190796,0.02046782709658146,1.0422015190124512,0.28116655349731445,0.08781673014163971,0.7194574475288391,0.19483506679534912,0.3548297882080078,0.10515862703323364,0.7670852541923523,0.6730085015296936,0.7120221257209778,0.3087990880012512,1.0617177486419678,0.2697473466396332,1.4541696310043335,1.0988222360610962,0.13644631206989288,1.0165038108825684,0.14024387300014496,0.1230475902557373,1.0030330419540405,0.7718932032585144,0.047606777399778366,0.8590694069862366,0.5843292474746704,0.7378219366073608,0.5130869746208191,0.2422744780778885,0.39228978753089905,0.3798898458480835,0.11670313775539398,0.5560471415519714
0.5378537178039551,0.4455678164958954,0.19745662808418274,0.10978230834007263,0.167575865983963,0.4311613142490387,0.35118821263313293,5.685666084289551,1.2305409908294678,0.7297223806381226,0.2911803126335144,0.9394218325614929,1.1176130771636963,0.00039999998989515007,0.2811501920223236,1.1622470617294312,0.41205406188964844,3.934817314147949,0.2950882315635681,0.0017043729312717915,0.8024145364761353,0.8100624084472656,1.1131821870803833,0.8312452435493469,1.1554608345031738,0.01362533774226904,0.9604457020759583,0.3846486508846283,0.049193352460861206,0.5068188905715942,0.1721663922071457,0.2007751613855362,0.03458666056394577,0.9983254075050354,0.4518459737300873,0.5529698729515076,0.34118932485580444,1.18496572971344,0.1950923651456833,1.5504674911499023,1.3431320190429688,0.04842783510684967,1.0667228698730469,0.24429187178611755,0.14514963328838348,1.1191421747207642,0.779660165309906,0.13151581585407257,1.0651122331619263,0.418742835521698,0.7839486002922058,0.518763542175293,0.009418348781764507,0.2717010974884033,0.32013607025146484,0.030108444392681122,0.4662097096443176
0.2521320581436157,0.8381578326225281,0.02516787499189377,0.12582381069660187,0.18218281865119934,0.7698598504066467,0.02087794803082943,5.572525978088379,1.4089792966842651,0.8490431308746338,0.09938178956508636,1.3271961212158203,1.2506377696990967,0.00039999998989515007,0.3991928994655609,1.1505248546600342,0.30974018573760986,3.939535140991211,0.3681401312351227,0.02643556147813797,1.036257266998291,0.9237276911735535,0.6048213839530945,1.2013975381851196,0.826680600643158,0.21826162934303284,0.7287497520446777,0.02948080748319626,0.12798915803432465,1.0926874876022339,0.5206827521324158,0.1561708003282547,0.19451843202114105,0.697824239730835,0.9572179913520813,0.49850884079933167,0.16375675797462463,1.1611241102218628,0.2463298738002777,1.4894616603851318,0.7935383319854736,0.2984733283519745,0.6223256587982178,0.5206687450408936,0.006965540815144777,1.006725549697876,0.4584919810295105,0.6064746379852295,0.5463059544563293,0.2695023715496063,1.0425300598144531,0.25205498933792114,0.2702169716358185,0.5237578749656677,0.4184928238391876,0.37619641423225403,0.4404911696910858
0.5639099478721619,0.019820796325802803,0.4886191785335541,0.20118719339370728,0.1469920575618744,1.0022164583206177,1.1005504131317139,5.195066452026367,1.2342767715454102,0.17777860164642334,0.6261994242668152,0.3670031726360321,0.5429905652999878,0.00039999998989515007,0.16225652396678925,1.274044156074524,1.0899646282196045,3.7889134883880615,0.1575533002614975,0.365185022354126,0.21457539498806,0.0023782113566994667,1.2740346193313599,1.242673635482788,1.4114196300506592,0.2808955907821655,1.4325406551361084,0.034099627286195755,0.11413934081792831,1.1491769552230835,1.198289155960083,0.03716639429330826,0.27134543657302856,0.9003069400787354,0.31044167280197144,0.4784553647041321,0.4363640546798706,0.1254357397556305,0.17432895302772522,1.1812336444854736,1.193124771118164,0.7096719741821289,0.8240576982498169,0.41745421290397644,0.5564176440238953,0.16667410731315613,0.38508856296539307,0.3238210678100586,1.2946186065673828,0.021044589579105377,1.5106109380722046,0.3680776357650757,0.735887348651886,0.1420992761850357,0.30941858887672424,0.6922221183776855,0.3836166262626648
0.0658133327960968,0.5446141958236694,0.13963602483272552,0.17728616297245026,0.026280956342816353,0.9503254890441895,0.1446300745010376,5.60591983795166,0.9964318871498108,1.4413626194000244,0.09709044545888901,0.779258668422699,1.1599781513214111,0.00039999998989515007,0.2717438042163849,1.3297758102416992,0.02570333704352379,3.551591157913208,0.628450870513916,0.1064695194363594,1.0280452966690063,0.7637220621109009,0.8156476020812988,0.826569139957428,0.9270375967025757,0.02826189622282982,1.222280502319336,0.45416155457496643,0.04037002474069595,0.8618837594985962,0.1596750169992447,0.2682763338088989,0.24337422847747803,0.7586024403572083,0.8940911293029785,0.4751091003417969,0.157833531498909,0.9630972146987915,0.22355815768241882,1.6652578115463257,1.2048615217208862,0.6299490332603455,1.2672810554504395,0.2668767273426056,0.005581575911492109,0.9914536476135254,0.874949038028717,0.11274565756320953,0.6426815986633301,0.7393233776092529,0.6562067270278931,0.5417547225952148,0.5540214776992798,0.23586812615394592,0.35132282972335815,0.05758589133620262,0.6939474940299988
0.47324609756469727,0.3994574248790741,0.2337649166584015,0.09891512989997864,0.03603077307343483,0.5572194457054138,0.3558843433856964,5.69492769241333,1.195314884185791,0.9795103669166565,0.3035115599632263,0.8408385515213013,1.1354085206985474,0.00039999998989515007,0.15974850952625275,1.25883948802948,0.36470529437065125,4.043679237365723,0.3765585124492645,0.018602481111884117,0.8968472480773926,0.742444634437561,1.006775975227356,0.84574955701828,1.126097321510315,0.020706845447421074,1.046021819114685,0.3264194428920746,0.018415743485093117,0.7006363272666931,0.04867667704820633,0.20688818395137787,0.16934062540531158,0.8123951554298401,0.5592008829116821,0.5504607558250427,0.4347821772098541,1.0142321586608887,0.17401334643363953,1.5459905862808228,1.2460594177246094,0.04910677671432495,1.048874855041504,0.2382248044013977,0.2051972597837448,0.9719011187553406,0.7902384400367737,2.9185872335801832e-05,0.9594237804412842,0.47220444679260254,0.8702168464660645,0.43445447087287903,0.04469595476984978,0.26651322841644287,0.2515500783920288,0.1082465648651123,0.4818362295627594
0.6840456128120422,0.26123368740081787,0.707879900932312,0.13146737217903137,0.21548834443092346,0.6655697226524353,0.7696163058280945,5.435194492340088,1.185989260673523,0.6394773125648499,0.47037577629089355,0.7755921483039856,0.9945327639579773,0.00039999998989515007,0.24319271743297577,1.4635363817214966,0.9311530590057373,3.8139865398406982,0.2511555850505829,0.39866408705711365,0.6710864901542664,0.8429279923439026,1.0161253213882446,1.126543641090393,1.3556841611862183,0.07544740289449692,1.5369987487792969,0.19193211197853088,0.1362503319978714,0.6458684206008911,0.23944154381752014,0.2619648873806,0.09822428971529007,0.6901975274085999,0.171580508351326,0.5429757833480835,0.38916388154029846,0.537041187286377,0.4436348080635071,1.5239012241363525,0.9422507882118225,0.16081728041172028,0.7543792128562927,0.4720141887664795,0.40239691734313965,0.5595499873161316,1.0694319009780884,0.355949342250824,1.1384031772613525,0.6366671919822693,1.2285184860229492,0.5657786726951599,0.17668083310127258,0.10627539455890656,0.012986430898308754,0.050287824124097824,0.5948343873023987
0.06903393566608429,0.4476574659347534,0.1005101203918457,0.006367866415530443,0.034327708184719086,0.2897679805755615,0.30301433801651,5.467682361602783,1.4120630025863647,1.2365951538085938,0.42647525668144226,0.7763053774833679,1.2006882429122925,0.00039999998989515007,0.19505271315574646,1.2664605379104614,0.0953134223818779,3.911155939102173,0.29346728324890137,0.15292036533355713,1.0381525754928589,0.6591500639915466,0.9251503944396973,1.0790512561798096,1.1045509576797485,0.029454881325364113,1.0447640419006348,0.08422466367483139,0.013870910741388798,0.6618424654006958,0.15062640607357025,0.3821538984775543,0.41219186782836914,0.7694721817970276,0.6884927749633789,0.7853341102600098,0.5483686327934265,0.881472647190094,0.003717286977916956,1.64186429977417,1.2527098655700684,0.03368198126554489,1.151199221611023,0.3601623773574829,0.24459822475910187,1.0555570125579834,0.6508939266204834,0.1952170878648758,0.7816774845123291,0.6699744462966919,0.6774661540985107,0.6705560684204102,0.1896037459373474,0.46975478529930115,0.21514427661895752,0.2728162407875061,0.5187884569168091
0.7708883285522461,0.20423191785812378,1.225241780281067,0.026805976405739784,0.5502611994743347,0.5193884372711182,1.0480961799621582,5.180657863616943,1.1997188329696655,0.9824461936950684,0.6602343320846558,0.6939898729324341,0.8733973503112793,0.00039999998989515007,0.6075810790061951,1.4124592542648315,1.043777585029602,4.012478351593018,0.22442179918289185,0.3246985673904419,0.8620995283126831,0.8009606003761292,0.76828932762146,0.7550570368766785,1.2771282196044922,0.03180619701743126,1.2599083185195923,0.1715700775384903,0.3189874589443207,0.30353376269340515,0.27054905891418457,0.38575416803359985,0.4594860374927521,0.6124414205551147,0.03438665717840195,0.500890851020813,0.2788395881652832,0.5475854873657227,0.3892563283443451,1.3696008920669556,1.0465548038482666,0.2194158434867859,0.9225699305534363,0.810057520866394,0.2874648869037628,0.6207083463668823,1.4722206592559814,0.021820900961756706,1.0396846532821655,0.8471625447273254,1.0637094974517822,0.26215842366218567,0.20634619891643524,0.11379401385784149,0.4763019382953644,0.039907630532979965,0.34910061955451965
0.21743988990783691,0.619973361492157,0.09671010822057724,0.05556467920541763,0.037986401468515396,0.36748626828193665,0.1728488802909851,5.569977283477783,1.3167483806610107,1.2934482097625732,0.12379065155982971,1.0400419235229492,1.2192800045013428,0.00039999998989515007,0.040651191025972366,1.2693160772323608,0.019717255607247353,3.9732556343078613,0.5012363195419312,0.061525359749794006,1.0677330493927002,0.9998477101325989,0.8947245478630066,0.7827819585800171,0.9733741879463196,0.012707267887890339,0.9187358021736145,0.28509220480918884,0.14096185564994812,0.46640896797180176,0.4386284351348877,0.3410297930240631,0.26096776127815247,0.6507360339164734,0.7642961144447327,0.5684847831726074,0.2684488594532013,1.2231062650680542,0.2476084977388382,1.443044900894165,1.0608086585998535,0.3194577097892761,1.2095763683319092,0.09464535117149353,0.026075147092342377,1.1215100288391113,0.7117325067520142,0.1638413518667221,0.7317379117012024,0.6589703559875488,0.5426802039146423,0.44649839401245117,0.25687655806541443,0.48414650559425354,0.3660122752189636,0.03634839504957199,0.7241812348365784
0.06676431000232697,0.36310577392578125,0.7676476240158081,0.020293354988098145,0.3528563678264618,0.6373167634010315,0.7762326002120972,5.043142795562744,1.3178273439407349,1.9987903833389282,0.46832162141799927,0.5401270985603333,1.0205097198486328,0.00039999998989515007,0.25133728981018066,1.239366888999939,0.025033673271536827,4.141992092132568,0.5288915634155273,0.12730124592781067,1.2971577644348145,0.6069660186767578,0.6627194285392761,0.4784124493598938,1.0464966297149658,0.030038053169846535,1.0760056972503662,0.16315487027168274,0.10080736130475998,0.40687546133995056,0.1608506590127945,0.4707093834877014,0.6674753427505493,0.33431002497673035,0.5232831239700317,0.3973253071308136,0.20496855676174164,0.9094955921173096,0.3368780314922333,1.244402289390564,1.1849777698516846,0.951787531375885,1.4993940591812134,0.6863479614257812,0.06099116802215576,0.7420976161956787,1.044539213180542,0.8103464245796204,0.478363573551178,0.8944934010505676,0.5492764711380005,0.1179468110203743,0.15880466997623444,0.4265793561935425,0.08303054422140121,0.2955610454082489,0.587746798992157
0.3650909662246704,0.37970879673957825,0.15570774674415588,0.07350821793079376,0.028701920062303543,0.5934436321258545,0.29773667454719543,5.840989589691162,1.1174410581588745,1.0564059019088745,0.2919699251651764,0.7666559219360352,1.06917142868042,0.00039999998989515007,0.1925981342792511,1.2751444578170776,0.2490243762731552,4.117019176483154,0.38516902923583984,0.07067588716745377,0.8933544754981995,0.6756336092948914,0.9785692095756531,0.7915204167366028,1.0063883066177368,0.03149380534887314,0.9748985171318054,0.3126850426197052,0.0755356103181839,0.7240349054336548,0.01732579991221428,0.2668411433696747,0.2502504885196686,0.7931795120239258,0.6133625507354736,0.5599194169044495,0.39129525423049927,0.9139522314071655,0.16371119022369385,1.481001615524292,1.27347731590271,0.20553675293922424,1.112227201461792,0.3298529088497162,0.2023601531982422,0.9080273509025574,0.8039129376411438,0.17032559216022491,0.9582277536392212,0.4914608597755432,0.7501513361930847,0.3987197279930115,0.13496235013008118,0.24757705628871918,0.3155563771724701,0.2421056479215622,0.42345088720321655
0.46943143010139465,0.39363524317741394,0.2159273624420166,0.15269175171852112,0.0733746737241745,0.5497530102729797,0.2545396685600281,5.906666278839111,1.1091413497924805,0.9528858065605164,0.28302183747291565,0.8556948900222778,1.1436655521392822,0.00039999998989515007,0.2183026820421219,1.2112624645233154,0.31214234232902527,3.954963207244873,0.41819772124290466,0.06993968039751053,0.9271771907806396,0.793441891670227,0.9519033432006836,0.7371264100074768,1.047041416168213,0.00980744231492281,0.9538130760192871,0.3869170546531677,0.011707236990332603,0.6427851915359497,0.13979201018810272,0.17902053892612457,0.1867983490228653,0.8786523342132568,0.5944722294807434,0.4983218312263489,0.3942683935165405,1.1017353534698486,0.1059158444404602,1.576294183731079,1.2079038619995117,0.12173892557621002,1.0059921741485596,0.21361331641674042,0.14929093420505524,1.0714374780654907,0.8117993474006653,0.006994370371103287,0.9327573776245117,0.49943071603775024,0.7703777551651001,0.4084601402282715,0.14915421605110168,0.2013172209262848,0.2589924931526184,0.004633698146790266,0.43731415271759033
0.6618515849113464,0.5474939942359924,0.40347474813461304,0.19275303184986115,0.08541473746299744,0.7964226603507996,0.3069104850292206,5.866677761077881,1.0279924869537354,1.1488866806030273,0.2163333147764206,0.7881806492805481,1.1470000743865967,0.00039999998989515007,0.1888359636068344,1.108585238456726,0.32787787914276123,4.056676864624023,0.5068457722663879,0.08445470035076141,0.9899386763572693,0.7747828364372253,0.917978048324585,0.49203720688819885,1.0509945154190063,0.051459647715091705,0.9656872749328613,0.44908028841018677,0.09854093194007874,0.7372962832450867,0.07502631843090057,0.04382145777344704,0.10317534953355789,0.7096752524375916,0.6131477355957031,0.34846043586730957,0.3537726104259491,1.2363932132720947,0.24214723706245422,1.433722972869873,1.1499634981155396,0.3747158646583557,1.0317034721374512,0.14960408210754395,0.028887445107102394,1.007858395576477,0.8209027051925659,0.11393177509307861,0.7780150771141052,0.41153696179389954,0.8964258432388306,0.13035531342029572,0.0845225602388382,0.16445264220237732,0.12818500399589539,0.10454991459846497,0.47386088967323303
0.939966082572937,0.8518264293670654,0.04924497753381729,0.13106083869934082,0.47256264090538025,0.4710865020751953,0.14285902678966522,5.316766738891602,0.9439893364906311,0.5301796793937683,0.20940908789634705,1.0802212953567505,1.1586042642593384,0.00039999998989515007,0.026364106684923172,0.8171196579933167,0.0435914508998394,4.254499912261963,0.6351497173309326,0.2144528329372406,0.6797510385513306,1.2343401908874512,1.2628955841064453,0.4128466546535492,1.0038514137268066,0.05855473503470421,0.8274638652801514,0.6461042165756226,0.08477231860160828,0.20683802664279938,0.7574509382247925,0.0009589911205694079,0.30083954334259033,0.5141197443008423,0.7646360397338867,0.4124126434326172,0.06447203457355499,1.9211421012878418,0.9626612663269043,0.9213507175445557,0.9526447057723999,0.3420950770378113,0.9068202376365662,0.03520902618765831,0.07433082908391953,1.2960954904556274,0.834179699420929,0.5280569791793823,0.881150484085083,0.17747367918491364,0.5268318057060242,0.316593199968338,0.015490252524614334,0.45102033019065857,0.5889394283294678,0.305468887090683,0.6991521716117859
0.4909619688987732,0.2646886706352234,0.16743992269039154,0.146949902176857,0.10338510572910309,0.5503907203674316,0.28047651052474976,5.949045181274414,1.1013025045394897,0.8787443041801453,0.2823972702026367,0.8430821299552917,1.1182973384857178,0.00039999998989515007,0.1309027075767517,1.2686501741409302,0.45747414231300354,3.855722665786743,0.39722776412963867,0.008815372362732887,0.843068540096283,0.7631445527076721,0.9988191723823547,0.8405964374542236,1.0679153203964233,0.08778073638677597,1.0069806575775146,0.38422060012817383,0.09205552190542221,0.7631619572639465,0.04841727018356323,0.21606473624706268,0.1652957797050476,0.9378477334976196,0.4934052526950836,0.5749518871307373,0.48656848073005676,1.038069248199463,0.020109359174966812,1.5880085229873657,1.2029592990875244,0.04049786925315857,0.9911271929740906,0.1272914707660675,0.2543613910675049,0.9369738101959229,0.7786217927932739,0.0521053671836853,1.0204616785049438,0.44653376936912537,0.848232626914978,0.4239482879638672,0.10921455174684525,0.024299776181578636,0.21569021046161652,0.014948409050703049,0.40628552436828613
0.3304886519908905,0.17095212638378143,1.6133356094360352,0.0661386027932167,0.6652625203132629,0.5371428728103638,1.3784146308898926,4.700828552246094,1.663023829460144,1.232814908027649,0.8794165849685669,0.5007602572441101,0.8812222480773926,0.00039999998989515007,0.18030820786952972,1.2519952058792114,0.8621459007263184,4.205587863922119,0.13173992931842804,0.24019862711429596,1.1121004819869995,0.4724176526069641,0.6475563049316406,0.9880919456481934,1.3580220937728882,0.042044498026371,1.5095828771591187,0.23773187398910522,0.3297187387943268,0.3455297648906708,0.7954853177070618,0.38347315788269043,0.3816664516925812,0.3244537115097046,0.19490666687488556,0.3463905155658722,0.3765108287334442,0.5381723046302795,0.3740631639957428,1.260351538658142,0.8298677206039429,0.1056690663099289,0.998339831829071,0.700631320476532,0.21512146294116974,0.13202886283397675,1.0862303972244263,0.14062169194221497,0.6734067797660828,0.7291579842567444,1.2803224325180054,0.08303885161876678,0.5423130989074707,0.24748003482818604,0.39988696575164795,0.06602272391319275,0.5306887030601501
0.7549294233322144,0.6192219853401184,0.0972599983215332,0.11282851547002792,0.32693082094192505,0.2033504992723465,0.025798387825489044,5.950363636016846,0.9258931279182434,0.8135955333709717,0.17039771378040314,1.0238298177719116,1.0721585750579834,0.00039999998989515007,0.1884097307920456,1.3027596473693848,0.41568565368652344,3.6672301292419434,0.4967651665210724,0.036844246089458466,0.767484724521637,0.9149102568626404,1.1678303480148315,0.5577723979949951,1.0452909469604492,0.21101950109004974,0.7212495803833008,0.7158468961715698,0.15479572117328644,0.6203944087028503,0.3562719225883484,0.3489304482936859,0.14318805932998657,1.062945008277893,0.4137531518936157,0.8220440745353699,0.4932785630226135,1.3611782789230347,0.13865292072296143,1.43613600730896,1.0421355962753296,0.07858753949403763,1.0447012186050415,0.15547403693199158,0.05710954964160919,1.142247200012207,0.5723704099655151,0.26073965430259705,0.9936410188674927,0.49736711382865906,0.5846714973449707,0.4692435562610626,0.14023728668689728,0.025118621066212654,0.15296173095703125,0.09645257890224457,0.6943261027336121
0.40208888053894043,0.755469560623169,0.33900919556617737,0.08053514361381531,0.22800010442733765,0.6348219513893127,0.22875382006168365,5.745954990386963,1.2525850534439087,1.0992451906204224,0.34079399704933167,0.7892332077026367,1.166673183441162,0.00039999998989515007,0.18766967952251434,0.961603581905365,0.1464037001132965,4.049017429351807,0.36644989252090454,0.2609449326992035,1.1023222208023071,0.6309603452682495,0.9819949269294739,0.7511498928070068,1.0940297842025757,0.09023544937372208,0.9468968510627747,0.28303757309913635,0.06679997593164444,0.7410578727722168,0.11970248073339462,0.15557736158370972,0.06373761594295502,0.8250576257705688,0.6280044913291931,0.5841507911682129,0.3247087895870209,1.3958334922790527,0.17441107332706451,1.434360384941101,1.126072645187378,0.23263640701770782,0.9973019957542419,0.06319655478000641,0.04418271407485008,1.0193541049957275,0.6235851645469666,0.29122984409332275,0.6689390540122986,0.38581645488739014,0.8408526182174683,0.2819787561893463,0.1583337038755417,0.287868857383728,0.22391977906227112,0.10559658706188202,0.46742406487464905
0.489458829164505,0.460828572511673,0.14016449451446533,0.09568370878696442,0.18342652916908264,0.5541322231292725,0.25587427616119385,5.766602993011475,1.1004738807678223,0.9102276563644409,0.2074590027332306,0.972097635269165,1.134299397468567,0.00039999998989515007,0.059528619050979614,1.2949081659317017,0.3056311309337616,3.8591291904449463,0.5023541450500488,0.023745503276586533,0.8919479250907898,0.8163239359855652,1.0336012840270996,0.839727520942688,1.1401045322418213,0.09871573746204376,1.0697293281555176,0.47069188952445984,0.08497776836156845,0.6832497715950012,0.1967475265264511,0.23636461794376373,0.0657721683382988,0.883796751499176,0.5615186095237732,0.6187756061553955,0.4159626066684723,1.2916338443756104,0.19630125164985657,1.5647388696670532,1.1361722946166992,0.028076842427253723,0.9936812520027161,0.018063383176922798,0.14159539341926575,0.9371432662010193,0.7234535217285156,0.1595809906721115,0.9140303730964661,0.40232688188552856,0.8086288571357727,0.5132655501365662,0.17652058601379395,0.1582917422056198,0.32371366024017334,0.02387077361345291,0.6269062161445618
0.773507833480835,0.5430198907852173,0.19421222805976868,0.1276010125875473,0.41311347484588623,0.16929391026496887,0.12329977750778198,5.89654541015625,0.8601114153862,0.6606640815734863,0.17903967201709747,1.0410871505737305,1.1448944807052612,0.00039999998989515007,0.1664225459098816,1.2705713510513306,0.36977261304855347,3.5262186527252197,0.5360295176506042,0.08116590231657028,0.7892318367958069,0.9687414765357971,1.219628930091858,0.6065711379051208,1.0685852766036987,0.14621353149414062,0.769077718257904,0.7629134654998779,0.16263213753700256,0.6299727559089661,0.38878417015075684,0.35807937383651733,0.044526055455207825,1.1362683773040771,0.4511753022670746,0.83036208152771,0.548802375793457,1.4413813352584839,0.15020640194416046,1.5091203451156616,0.9930481314659119,0.19667425751686096,0.9116509556770325,0.23332560062408447,0.09200243651866913,1.1589559316635132,0.5709031820297241,0.32472923398017883,1.0435633659362793,0.4616853594779968,0.6014800667762756,0.5448675751686096,0.17092688381671906,0.06263742595911026,0.2570383846759796,0.13327530026435852,0.6464855074882507
0.007658329792320728,0.06926590204238892,0.3713519871234894,0.14584439992904663,0.567937970161438,0.3866920471191406,0.012568848207592964,5.858758449554443,1.0335826873779297,0.7576388716697693,0.6854974627494812,0.4129365086555481,1.1090208292007446,0.00039999998989515007,0.2614889144897461,1.036681890487671,0.0693461149930954,3.195209264755249,0.23649780452251434,0.4911673367023468,0.9076096415519714,0.19861257076263428,1.1978635787963867,0.8109360337257385,1.0642776489257812,0.08480491489171982,0.7865948677062988,0.4659120738506317,0.17665764689445496,0.980779230594635,0.39100897312164307,0.2943726181983948,0.1433805674314499,1.5055309534072876,0.4895632266998291,0.7038859128952026,0.7442255020141602,0.9821712970733643,0.547141432762146,1.845839500427246,1.5207985639572144,0.3096175193786621,1.0596585273742676,0.23727764189243317,0.2946661412715912,0.9262812733650208,0.2217428833246231,0.41607341170310974,1.0522913932800293,0.32432135939598083,0.5426819920539856,0.6905584931373596,0.1490781009197235,0.13159538805484772,0.5444580316543579,0.5911898016929626,0.09073041379451752
0.8389822840690613,0.5807840824127197,0.18802979588508606,0.1255943328142166,0.40609273314476013,0.2380313277244568,0.1181279793381691,5.854703426361084,0.8670017719268799,0.7061926126480103,0.14505013823509216,1.0569649934768677,1.175106167793274,0.00039999998989515007,0.2175551801919937,1.3003135919570923,0.4239550828933716,3.4409537315368652,0.5251460671424866,0.0354171022772789,0.7642604112625122,1.031198501586914,1.2443149089813232,0.5770192742347717,1.0909157991409302,0.16627760231494904,0.7974764108657837,0.766501784324646,0.17140239477157593,0.6429276466369629,0.4167924225330353,0.3278481364250183,0.020473981276154518,1.111431360244751,0.4838079810142517,0.8056686520576477,0.5492424368858337,1.407152533531189,0.17558324337005615,1.5200855731964111,1.0316365957260132,0.15247893333435059,0.9385431408882141,0.2005654275417328,0.08436758071184158,1.1458194255828857,0.5856277346611023,0.33964812755584717,1.076264500617981,0.4387954771518707,0.6472917199134827,0.5235053896903992,0.13379237055778503,0.051664602011442184,0.22423569858074188,0.14250218868255615,0.6396152377128601
0.5725747346878052,0.476083904504776,0.12831954658031464,0.17909890413284302,0.21782514452934265,0.5880188941955566,0.24904754757881165,5.71626091003418,1.1392854452133179,0.8821330070495605,0.16724514961242676,1.0314199924468994,1.1910102367401123,0.00039999998989515007,0.2550821602344513,1.2617874145507812,0.3488420248031616,3.7017738819122314,0.42611053586006165,0.017343848943710327,0.8535434603691101,0.923710823059082,1.0763057470321655,0.7355639338493347,1.131396770477295,0.1271381825208664,0.9648032188415527,0.47857940196990967,0.12390466034412384,0.5659134984016418,0.3234051465988159,0.16386832296848297,0.008814534172415733,0.9725977182388306,0.6045571565628052,0.5343955159187317,0.3883788585662842,1.3380208015441895,0.16404606401920319,1.6110072135925293,1.333770990371704,0.031458087265491486,1.0736119747161865,0.1386365443468094,0.10069310665130615,1.0162959098815918,0.7603970170021057,0.10294786840677261,1.0329303741455078,0.3053422272205353,0.7797136902809143,0.48169755935668945,0.11023170500993729,0.19656060636043549,0.32918938994407654,0.08388841152191162,0.4793926477432251
0.6253527402877808,0.5106630325317383,0.5605151057243347,0.32938718795776367,0.07032901793718338,0.5472785234451294,0.4102555215358734,5.473143577575684,1.202587604522705,1.3587497472763062,0.3162171542644501,0.9104170799255371,1.2033016681671143,0.00039999998989515007,0.569449782371521,1.1528489589691162,0.33202505111694336,3.9082155227661133,0.4052257239818573,0.17207452654838562,1.1253083944320679,0.8918444514274597,0.8314017057418823,0.40376195311546326,1.049633502960205,0.18002374470233917,0.7274415493011475,0.3786427080631256,0.08151296526193619,0.3716332018375397,0.3285045921802521,0.19774465262889862,0.30945026874542236,0.802457869052887,0.6113529801368713,0.4560990631580353,0.3587614595890045,1.3366488218307495,0.09023723006248474,1.5021110773086548,1.4422292709350586,0.4667939841747284,1.2148023843765259,0.4386689364910126,0.008910714648663998,1.098741888999939,1.0500446557998657,0.23190909624099731,0.854440450668335,0.45710232853889465,0.6898486018180847,0.15571057796478271,0.07978323847055435,0.28026625514030457,0.09808879345655441,0.14023041725158691,0.21125522255897522
0.5222989916801453,0.44042283296585083,0.06801357865333557,0.18241819739341736,0.2222416251897812,0.6691442131996155,0.13214269280433655,5.749925136566162,1.059489369392395,0.989128053188324,0.17210151255130768,0.9737973213195801,1.2360576391220093,0.00039999998989515007,0.30971676111221313,1.2589280605316162,0.25398164987564087,3.5803921222686768,0.481039434671402,0.06457756459712982,0.9269487261772156,0.8949053883552551,1.039971947669983,0.6751489639282227,1.0696656703948975,0.1240542083978653,0.9359880089759827,0.53116774559021,0.12387672811746597,0.6657599806785583,0.29898619651794434,0.16800178587436676,0.03216927498579025,1.0141569375991821,0.7047135233879089,0.5088926553726196,0.4054393768310547,1.315921425819397,0.08325684815645218,1.6732392311096191,1.3627947568893433,0.13609060645103455,1.0847623348236084,0.13311471045017242,0.08019595593214035,1.0354859828948975,0.7709038853645325,0.008610760793089867,1.007584810256958,0.34181997179985046,0.744931697845459,0.44855332374572754,0.20059089362621307,0.1437789499759674,0.3391762375831604,0.06006518751382828,0.40565481781959534
0.7693706750869751,0.7629327178001404,0.15471331775188446,0.012571525759994984,0.4426131844520569,0.20607396960258484,0.09924247115850449,5.7224650382995605,1.0769745111465454,0.7568590641021729,0.25650015473365784,0.9740868210792542,1.2837467193603516,0.00039999998989515007,0.40899649262428284,1.19143807888031,0.3740427494049072,3.4052515029907227,0.3217509984970093,0.10750138759613037,0.8098262548446655,1.0352623462677002,1.338770866394043,0.7269994616508484,1.1498997211456299,0.10678893327713013,0.8513335585594177,0.5168991684913635,0.13796696066856384,0.6114504933357239,0.4427863359451294,0.34735214710235596,0.07594099640846252,1.071285605430603,0.568705677986145,0.8813924193382263,0.570671021938324,1.2916786670684814,0.23304897546768188,1.5132265090942383,1.0930122137069702,0.09528134763240814,0.9350001215934753,0.0037093223072588444,0.07847630232572556,1.151555061340332,0.5187231302261353,0.42293262481689453,1.0803594589233398,0.45343613624572754,0.6893879771232605,0.5848114490509033,0.042952824383974075,0.12142966687679291,0.2140582799911499,0.09193494915962219,0.5321956276893616
0.39952945709228516,0.48020926117897034,0.06817707419395447,0.03282365947961807,0.0014658089494332671,0.9682008624076843,0.04337167367339134,5.627875328063965,0.8454350233078003,1.3670750856399536,0.12243850529193878,1.0228664875030518,1.1613383293151855,0.00039999998989515007,0.28088676929473877,1.540390133857727,0.13910163938999176,3.535654067993164,0.6940909028053284,0.14543655514717102,0.8836041688919067,0.978726863861084,0.8886105418205261,0.6084867119789124,0.8379195332527161,0.22458335757255554,0.9618194103240967,0.626002848148346,0.31193697452545166,0.8096383213996887,0.3952205181121826,0.25901103019714355,0.2239246517419815,0.781991720199585,0.9362645745277405,0.4913875460624695,0.24141930043697357,1.0589746236801147,0.22560526430606842,1.5750643014907837,1.3599060773849487,0.5534461140632629,1.300022006034851,0.18919579684734344,0.04234137386083603,0.8583738803863525,0.9415203928947449,0.27568843960762024,0.9199389219284058,0.4336257874965668,0.6227497458457947,0.38253724575042725,0.4438381791114807,0.13833536207675934,0.38242268562316895,0.09040813148021698,0.5264732837677002
0.5802896618843079,0.42831936478614807,0.007778387516736984,0.1696556955575943,0.27901455760002136,0.5506821274757385,0.13418394327163696,5.675373554229736,1.0862351655960083,0.8258787393569946,0.1822909116744995,1.0228019952774048,1.2607978582382202,0.00039999998989515007,0.22975125908851624,1.2728265523910522,0.30380192399024963,3.552429437637329,0.466730535030365,0.055576618760824203,0.8854051232337952,0.955007016658783,1.1211225986480713,0.7926127910614014,1.153347134590149,0.08913780748844147,1.01596200466156,0.516447901725769,0.12983402609825134,0.6366481184959412,0.33287686109542847,0.1989448517560959,0.03265821933746338,1.0205796957015991,0.6539505124092102,0.5868750214576721,0.4809834361076355,1.3403849601745605,0.14452312886714935,1.683322787284851,1.2739696502685547,0.0722198635339737,0.9790806174278259,0.05798846110701561,0.1455221027135849,1.0246058702468872,0.7246139645576477,0.13818983733654022,1.062057375907898,0.31935110688209534,0.7983191609382629,0.5560769438743591,0.14427724480628967,0.14958612620830536,0.37992116808891296,0.07407903671264648,0.46371811628341675
0.8202117085456848,0.4906297028064728,0.2743399441242218,0.545150637626648,0.033519867807626724,0.3120945990085602,0.4592994451522827,4.818857669830322,1.1276795864105225,1.2368463277816772,0.07382778823375702,1.1811482906341553,1.234755516052246,0.00039999998989515007,0.24160116910934448,1.002064824104309,0.00562354875728488,4.347476005554199,0.5898903608322144,0.32672253251075745,1.0356286764144897,1.1943992376327515,0.9266536831855774,0.23499877750873566,1.0366545915603638,0.09730510413646698,0.6444159746170044,0.41669929027557373,0.04999002441763878,0.10097218304872513,0.7734368443489075,0.1930602639913559,0.2631840705871582,0.3743519186973572,0.8106188774108887,0.3399045467376709,0.3093363046646118,1.8365501165390015,0.6358482837677002,1.18424391746521,1.5004059076309204,0.5214303135871887,1.2481602430343628,0.39081069827079773,0.02597614750266075,1.184260606765747,1.1743872165679932,0.42699676752090454,0.8336066007614136,0.13395430147647858,0.5159361958503723,0.12442484498023987,0.005841956939548254,0.5913181304931641,0.2616817057132721,0.11374597996473312,0.3261641263961792
0.7793516516685486,0.061220843344926834,0.9960036873817444,0.21504497528076172,0.568175733089447,0.6574304103851318,0.788433849811554,5.426440715789795,1.080971121788025,0.8701429963111877,0.586937665939331,0.8266197443008423,0.9718170166015625,0.00039999998989515007,0.70186448097229,1.5988863706588745,1.0954285860061646,3.7149834632873535,0.21657170355319977,0.28526008129119873,0.8502645492553711,0.9051929116249084,0.7166534066200256,0.7183223962783813,1.0820810794830322,0.20912501215934753,0.9832011461257935,0.24404166638851166,0.0694570392370224,0.4640284478664398,0.19258511066436768,0.3223361670970917,0.4367562532424927,0.8976231217384338,0.14007551968097687,0.45715272426605225,0.41243624687194824,0.40370234847068787,0.030289510264992714,1.5800625085830688,1.2500505447387695,0.024255765601992607,0.8532753586769104,0.7656794190406799,0.3945479094982147,0.5143553614616394,1.4690645933151245,0.29493260383605957,1.3183627128601074,0.5936518311500549,1.0321111679077148,0.20460622012615204,0.17614485323429108,0.06454844772815704,0.3302995264530182,0.0477672815322876,0.09032084792852402
0.41643980145454407,0.6643555760383606,0.13043878972530365,0.10474561154842377,0.08073032647371292,0.9947826862335205,0.010231482796370983,5.6080002784729,0.8812657594680786,1.3197450637817383,0.12774157524108887,0.9736964702606201,1.1702595949172974,0.00039999998989515007,0.21511788666248322,1.4874746799468994,0.10618697106838226,3.659289598464966,0.635784924030304,0.12172368913888931,0.852853000164032,0.9766085147857666,1.0033092498779297,0.7273043394088745,0.8734909892082214,0.18706358969211578,1.081187129020691,0.5178801417350769,0.3350706100463867,0.8841903209686279,0.3726138472557068,0.29253241419792175,0.06876511126756668,0.6535615921020508,0.9738407731056213,0.5892747640609741,0.24125729501247406,0.9973791241645813,0.42515408992767334,1.4463019371032715,1.2206735610961914,0.5570933222770691,1.2161834239959717,0.16353921592235565,0.04969280958175659,0.7712153196334839,0.8422722816467285,0.06449095904827118,0.8901634812355042,0.40251702070236206,0.7114964723587036,0.4025948941707611,0.3969503939151764,0.19989806413650513,0.4614277184009552,0.15289568901062012,0.6051911115646362
0.5510488748550415,0.5526555776596069,0.10402609407901764,0.06782328337430954,0.33753031492233276,0.5448799133300781,0.4040032625198364,5.586677074432373,1.1000715494155884,0.9077980518341064,0.20748989284038544,1.0358210802078247,1.0715831518173218,0.00039999998989515007,0.013678808696568012,1.2870084047317505,0.24918676912784576,4.010844707489014,0.4794785678386688,0.07577737420797348,0.8295373320579529,0.6551911234855652,1.1916831731796265,0.836566150188446,1.1777353286743164,0.2380417138338089,0.9315770268440247,0.5087687969207764,0.18189142644405365,0.6322636008262634,0.15304994583129883,0.3152432441711426,0.015347970649600029,0.9304983615875244,0.4237922132015228,0.7282200455665588,0.3806113600730896,1.5442949533462524,0.2685241401195526,1.3893067836761475,1.258961796760559,0.1334482580423355,1.0807255506515503,0.05826302617788315,0.08472327142953873,0.8277551531791687,0.6029877066612244,0.12653014063835144,0.9469400644302368,0.29379552602767944,0.7292304039001465,0.5020869374275208,0.1016824021935463,0.17104540765285492,0.3783450424671173,0.057875603437423706,0.6663060784339905
0.21263940632343292,0.5805187225341797,0.05104975402355194,0.020827846601605415,0.11254902184009552,0.6159902215003967,0.15209752321243286,5.579278469085693,1.2509037256240845,1.2229453325271606,0.2128896713256836,0.9161518216133118,1.2183473110198975,0.00039999998989515007,0.006736038718372583,1.3636201620101929,0.13467925786972046,3.7702062129974365,0.43638792634010315,0.10356392711400986,1.024300456047058,0.7691646218299866,0.9846922755241394,1.078805923461914,1.0794731378555298,0.1634223312139511,1.0848000049591064,0.22007343173027039,0.2138584554195404,0.892340362071991,0.26240772008895874,0.35510575771331787,0.10666857659816742,0.7668431401252747,0.7945008873939514,0.8328658938407898,0.4887703061103821,1.0563700199127197,0.06766811013221741,1.5618159770965576,1.0944151878356934,0.02524898573756218,1.0171610116958618,0.0059008183889091015,0.1781722903251648,0.8291667699813843,0.5986343026161194,0.05438382923603058,0.8107060194015503,0.4505845308303833,0.7964026927947998,0.5515021085739136,0.3031393587589264,0.2649276554584503,0.33127105236053467,0.13207417726516724,0.5393756628036499
0.2570250928401947,0.34747353196144104,0.10832063108682632,0.031244518235325813,0.038379691541194916,0.7759253978729248,0.03644173964858055,5.654871940612793,0.7844381332397461,1.3023649454116821,0.028059544041752815,0.9586803913116455,1.1312484741210938,0.00039999998989515007,0.14264456927776337,1.580847144126892,0.041578542441129684,3.556891679763794,0.7802978754043579,0.0595942847430706,0.960502028465271,0.8816628456115723,0.9095808267593384,0.7316687107086182,0.8898651599884033,0.16100095212459564,1.053451418876648,0.6768110394477844,0.30105528235435486,0.7998576760292053,0.28036487102508545,0.4556361138820648,0.3061649203300476,0.8541944622993469,0.8174600601196289,0.6736286282539368,0.3389694392681122,1.1190481185913086,0.1988266110420227,1.6249781847000122,1.167907953262329,0.366625040769577,1.1987595558166504,0.07043521106243134,0.11232408881187439,0.8196197152137756,0.9083670377731323,0.3034948408603668,0.878062903881073,0.5611541867256165,0.5389830470085144,0.5457570552825928,0.5521536469459534,0.043249886482954025,0.4205215573310852,0.1566811203956604,0.6392817497253418
0.42976418137550354,0.44705846905708313,0.05456506088376045,0.07654309272766113,0.22694028913974762,0.6720290184020996,0.19884388148784637,5.651312351226807,1.1011358499526978,1.0545568466186523,0.21979647874832153,0.8865067958831787,1.2750355005264282,0.00039999998989515007,0.3114195764064789,1.250879168510437,0.1359386146068573,3.655590295791626,0.4487517774105072,0.11110992729663849,0.9422311782836914,0.9240989089012146,1.1005260944366455,0.7835094928741455,1.1200114488601685,0.021241094917058945,1.115880012512207,0.39484840631484985,0.12695711851119995,0.5946788787841797,0.2670818865299225,0.2555733919143677,0.0345478318631649,0.8555148839950562,0.7712309956550598,0.5539893507957458,0.4432869851589203,1.218491554260254,0.2639756500720978,1.6352094411849976,1.3146804571151733,0.2176857441663742,1.0699909925460815,0.29168862104415894,0.1505618542432785,0.9410799741744995,0.783248782157898,0.04585922136902809,0.9910880327224731,0.3698355257511139,0.7447861433029175,0.5484889149665833,0.1970539689064026,0.2233041226863861,0.4237920045852661,0.08195886015892029,0.4474865198135376
0.5030433535575867,0.7617959380149841,0.16748948395252228,0.156345933675766,0.6093700528144836,0.48333320021629333,0.1912587434053421,5.19173526763916,1.187079906463623,0.9672265648841858,0.07135818898677826,0.9143494367599487,1.2923411130905151,0.00039999998989515007,0.041953422129154205,0.762560248374939,0.33324679732322693,4.060647487640381,0.43549537658691406,0.5063943266868591,0.9795931577682495,0.9682473540306091,1.3059630393981934,0.6198117733001709,1.191367268562317,0.08302678167819977,0.9904574751853943,0.29269248247146606,0.12962870299816132,0.2821629047393799,0.5526344776153564,0.20141172409057617,0.28889200091362,0.5554124116897583,0.9143458008766174,0.5231046676635742,0.2969685196876526,1.8162931203842163,0.7409615516662598,1.2065030336380005,1.2596371173858643,0.37904268503189087,1.0282930135726929,0.19037003815174103,0.017592137679457664,1.1041457653045654,0.592350959777832,0.09246254712343216,0.7900871634483337,0.08374695479869843,0.5873528122901917,0.4443424940109253,0.10616804659366608,0.5581286549568176,0.7599790692329407,0.06655018776655197,0.5333188772201538
0.4734305739402771,0.532695472240448,0.12248129397630692,0.1247757226228714,0.2033586949110031,0.7399079203605652,0.15069721639156342,5.76979923248291,1.0378499031066895,1.1592159271240234,0.19052821397781372,0.9273631572723389,1.2324421405792236,0.00039999998989515007,0.1816946417093277,1.2714731693267822,0.19551993906497955,3.6663970947265625,0.5600131750106812,0.11001477390527725,1.0198001861572266,0.8314524292945862,0.9774070382118225,0.6984348893165588,1.0748350620269775,0.14617189764976501,0.9934014081954956,0.5138226747512817,0.08293568342924118,0.7630507349967957,0.25299006700515747,0.2018294483423233,0.06239418685436249,0.8984379768371582,0.7194086909294128,0.590883731842041,0.4369322955608368,1.364973783493042,0.10196652263402939,1.6190632581710815,1.1799904108047485,0.17694440484046936,1.0345165729522705,0.011983647011220455,0.05486619472503662,0.962554395198822,0.7089027762413025,0.08479881286621094,0.8304727673530579,0.39042341709136963,0.7710319757461548,0.41019177436828613,0.2798011004924774,0.11103956401348114,0.26458096504211426,0.06752003729343414,0.5164822936058044
0.2952727973461151,0.6901735663414001,0.558297336101532,0.3104073703289032,0.48832929134368896,1.0886766910552979,0.07689589262008667,5.36876916885376,1.2178000211715698,0.25380828976631165,0.38684308528900146,1.4304447174072266,0.6335133910179138,0.00039999998989515007,0.8792759776115417,0.8311488628387451,0.47119995951652527,3.540438175201416,0.07130194455385208,0.015106807462871075,0.2961735725402832,0.1499280035495758,0.8778344392776489,1.064050316810608,0.6434829831123352,0.8135411143302917,0.12370610982179642,0.2698270082473755,0.7018601894378662,1.3386471271514893,0.024036014452576637,0.5657969117164612,0.9635784029960632,1.3159621953964233,0.37972983717918396,0.3334016501903534,0.08394114673137665,1.534968614578247,0.6532255411148071,1.0521544218063354,1.1770631074905396,1.1398022174835205,0.6799362897872925,1.0634702444076538,0.112444669008255,0.4090839624404907,0.3837842345237732,0.8896438479423523,0.8010715246200562,0.8036479949951172,1.0636686086654663,0.011203907430171967,0.17051616311073303,0.05452992394566536,1.0422776937484741,0.18060722947120667,0.23941603302955627
0.7071114182472229,0.5600985288619995,0.04474938288331032,0.1703127771615982,0.3342713713645935,0.7898334264755249,0.13178609311580658,5.850517272949219,1.0267308950424194,0.9121612310409546,0.10463885217905045,0.9811698794364929,1.2781239748001099,0.00039999998989515007,0.26850971579551697,1.1883695125579834,0.3221290707588196,3.5723626613616943,0.45111536979675293,0.052932750433683395,0.8353291153907776,1.0117034912109375,1.1209681034088135,0.6151037812232971,1.1046699285507202,0.10269442945718765,0.9887818694114685,0.5088455677032471,0.11004114896059036,0.6745575666427612,0.33279573917388916,0.0367225706577301,0.12782405316829681,0.8969405889511108,0.7322564125061035,0.4438077509403229,0.43824198842048645,1.3638020753860474,0.2248033732175827,1.5849590301513672,1.2556884288787842,0.14560428261756897,0.9763373732566833,0.09145566821098328,0.07672946900129318,0.9904887676239014,0.6599424481391907,0.24367675185203552,1.0011991262435913,0.2179562747478485,0.8556387424468994,0.3836158215999603,0.09257493913173676,0.10863833129405975,0.3537865877151489,0.11611881107091904,0.4527430534362793
0.8679478168487549,0.7297222018241882,0.7120932936668396,0.08904001116752625,0.12050202488899231,0.80756014585495,1.1563243865966797,5.05987548828125,1.3952244520187378,0.609732449054718,0.06414402276277542,1.1922516822814941,0.831744372844696,0.00039999998989515007,0.04106410592794418,1.3748455047607422,0.927531898021698,3.9371917247772217,0.2558726966381073,0.46303921937942505,0.40791231393814087,0.974360466003418,1.13218092918396,1.028855800628662,1.5098011493682861,0.22581566870212555,1.5483027696609497,0.19023285806179047,0.01431271992623806,0.27605319023132324,0.13770177960395813,0.06861338764429092,0.24446426331996918,0.4751335680484772,0.0364520289003849,0.542889416217804,0.15594714879989624,1.2374389171600342,0.8550439476966858,1.1366828680038452,0.9823546409606934,0.23402410745620728,0.9849526882171631,0.19577346742153168,0.16579514741897583,0.4624711871147156,0.7657660841941833,0.7975620627403259,0.9589077830314636,0.13599972426891327,1.2248425483703613,0.5390364527702332,0.3625725209712982,0.24634496867656708,0.1292169988155365,0.20419171452522278,1.0561386346817017
0.07322798669338226,0.12304101139307022,0.2864564061164856,0.22629651427268982,0.4348093867301941,1.1350306272506714,0.021407300606369972,6.094992637634277,0.6324797868728638,1.105691909790039,0.30026158690452576,0.43437933921813965,0.9935810565948486,0.00039999998989515007,0.020856313407421112,1.125112533569336,0.05052143335342407,3.2923614978790283,0.6225643754005432,0.2976200580596924,0.9454432129859924,0.1326466053724289,0.9117133021354675,0.5014290809631348,0.7814037203788757,0.3127570152282715,0.7219094634056091,0.7411209344863892,0.2986362874507904,1.350608468055725,0.4484310448169708,0.10087418556213379,0.10761961340904236,1.3562076091766357,0.6277084946632385,0.40991494059562683,0.4926786720752716,1.1210614442825317,0.5723169445991516,1.7156615257263184,1.4664936065673828,0.1586751937866211,1.1547116041183472,0.08167882263660431,0.14262782037258148,0.698573112487793,0.4242369532585144,0.4549052119255066,0.8506537079811096,0.2086407095193863,0.6282520294189453,0.21965140104293823,0.43753477931022644,0.45962774753570557,0.49443721771240234,0.36836153268814087,0.08034505695104599
0.24587231874465942,0.768610417842865,0.06386114656925201,0.19974888861179352,0.12689051032066345,1.0729423761367798,0.19324474036693573,5.856963157653809,1.1454133987426758,0.9378633499145508,0.08126263320446014,1.2667710781097412,1.2940857410430908,0.00039999998989515007,0.23793859779834747,1.1573059558868408,0.24908573925495148,3.587750196456909,0.5062928795814514,0.059447742998600006,1.1517746448516846,0.8333950042724609,0.4904865622520447,0.9982126355171204,0.677767813205719,0.3257470726966858,0.6420959234237671,0.22160130739212036,0.13983704149723053,1.2387546300888062,0.4350450336933136,0.2023724913597107,0.23426063358783722,0.8726558089256287,1.0353213548660278,0.43834149837493896,0.23023827373981476,1.334025263786316,0.4650496244430542,1.6245455741882324,0.8021809458732605,0.16728843748569489,0.5709611177444458,0.6284909844398499,0.0723741203546524,0.8707981109619141,0.47430938482284546,0.588340699672699,0.489593505859375,0.1882655769586563,1.018438458442688,0.11414014548063278,0.4493006765842438,0.17777851223945618,0.35212498903274536,0.48761609196662903,0.25227659940719604
0.4284539222717285,0.44458097219467163,0.012687812559306622,0.12511946260929108,0.25444337725639343,0.5691738724708557,0.16715949773788452,5.901847839355469,1.0867942571640015,0.8532726764678955,0.29712483286857605,0.9128506779670715,1.183504581451416,0.00039999998989515007,0.15363802015781403,1.248738169670105,0.22462381422519684,3.751851797103882,0.4117835760116577,0.16251003742218018,0.923430323600769,0.7750349044799805,1.0698285102844238,0.8478357195854187,1.0878446102142334,0.11031830310821533,0.9623294472694397,0.4068353474140167,0.1384717971086502,0.7070342898368835,0.1829821765422821,0.25042539834976196,0.009128308854997158,1.0046433210372925,0.6320605874061584,0.6761952638626099,0.5044987201690674,1.2732901573181152,0.04527868703007698,1.607652187347412,1.1819047927856445,0.07614472508430481,0.9257621169090271,0.04308115318417549,0.17876556515693665,0.9129734039306641,0.6297194957733154,0.1096588522195816,0.9856292605400085,0.33500584959983826,0.7539263963699341,0.5298173427581787,0.20318737626075745,0.1003028005361557,0.3811677098274231,0.034484945237636566,0.4248322546482086
0.2695722281932831,0.45466119050979614,0.10087606310844421,0.07599304616451263,0.39983370900154114,0.3741452693939209,0.11468677967786789,5.926641464233398,1.1520627737045288,0.7123923301696777,0.44379723072052,0.8508615493774414,1.1286972761154175,0.00039999998989515007,0.34266388416290283,1.0980300903320312,0.0664602518081665,3.691523790359497,0.2472631335258484,0.33438432216644287,0.9236940741539001,0.7299391627311707,1.19142746925354,0.8572189807891846,1.067229986190796,0.05965835973620415,0.8154107928276062,0.34466099739074707,0.20624810457229614,0.5304272770881653,0.2125053107738495,0.3921229839324951,0.07445705682039261,1.2027112245559692,0.57459956407547,0.773724377155304,0.36291956901550293,1.2845124006271362,0.016187483444809914,1.5320591926574707,1.2760423421859741,0.02847025915980339,0.9457656741142273,0.21886244416236877,0.11517222225666046,1.0027779340744019,0.6104304194450378,0.0007207184680737555,1.1003365516662598,0.37990784645080566,0.516680121421814,0.6380310654640198,0.26231464743614197,0.15123991668224335,0.5289134383201599,0.13643775880336761,0.26123061776161194
0.501844048500061,0.38016360998153687,0.5790265798568726,0.2986496090888977,0.09358733147382736,0.5867782235145569,0.36814549565315247,5.72118616104126,1.0255197286605835,1.3842997550964355,0.4531055688858032,0.8020745515823364,1.1621342897415161,0.00039999998989515007,0.45666927099227905,1.210538387298584,0.2666170597076416,3.897144079208374,0.5407922863960266,0.26134222745895386,1.24477219581604,0.7429030537605286,0.7268288731575012,0.42861461639404297,0.995812714099884,0.17593802511692047,0.7455573081970215,0.46330833435058594,0.12569625675678253,0.5150975584983826,0.14913097023963928,0.30956363677978516,0.40346065163612366,0.8861812353134155,0.5461614727973938,0.5739880800247192,0.43879708647727966,1.3461939096450806,0.06680714339017868,1.5540205240249634,1.2008788585662842,0.39150309562683105,1.0474982261657715,0.2601688504219055,0.027302363887429237,1.004420280456543,1.0352990627288818,0.23513872921466827,0.7487888336181641,0.5753610730171204,0.6407656669616699,0.16651123762130737,0.27975207567214966,0.042961299419403076,0.1456291526556015,0.12535908818244934,0.21270158886909485
0.19522152841091156,0.6235226392745972,0.2147931605577469,0.044096339493989944,0.2981733977794647,0.44239890575408936,0.13575583696365356,5.838240146636963,1.1197717189788818,1.0686028003692627,0.36118578910827637,0.839003324508667,1.3283336162567139,0.00039999998989515007,0.2742922306060791,1.2088797092437744,0.03552018478512764,3.3733134269714355,0.3927799165248871,0.29306450486183167,1.0837314128875732,0.8879730105400085,1.0716291666030884,0.9403373599052429,1.0350927114486694,0.010993584990501404,0.9665927290916443,0.31597042083740234,0.13371866941452026,0.7727458477020264,0.3604702651500702,0.39294537901878357,0.04185733571648598,1.0067756175994873,0.858616828918457,0.8698467016220093,0.5217859148979187,1.1401779651641846,0.018365470692515373,1.662217140197754,1.001601219177246,0.07223214209079742,0.871137797832489,0.04540736600756645,0.1022200882434845,1.0545892715454102,0.5057114362716675,0.13578210771083832,0.8426942229270935,0.5710992813110352,0.583610475063324,0.690695583820343,0.42751964926719666,0.16793976724147797,0.38204336166381836,0.07444900274276733,0.43149062991142273
0.18630924820899963,0.8483368754386902,0.432322233915329,0.1495240032672882,0.2061370313167572,1.3669503927230835,0.5263400673866272,5.853152275085449,0.9394173622131348,0.8566706776618958,0.4633614718914032,1.4391826391220093,1.1968698501586914,0.00039999998989515007,0.005376243963837624,1.353722095489502,0.04916255548596382,2.855510950088501,0.5129044651985168,0.2734757661819458,0.8965334892272949,1.0261309146881104,0.4276629090309143,1.1833971738815308,0.29833319783210754,0.3669808804988861,0.6156550049781799,0.27714699506759644,0.5205196142196655,1.2865190505981445,0.7494481205940247,0.08272015303373337,0.31925544142723083,1.0641874074935913,1.3277184963226318,0.4484785497188568,0.24422317743301392,0.9722104668617249,0.48897358775138855,1.6677545309066772,0.9184294939041138,0.17135247588157654,0.7671874761581421,0.496163547039032,0.18284296989440918,0.8336778283119202,0.5742565393447876,0.5094633102416992,0.5863277316093445,0.31470155715942383,0.6629192233085632,0.4013981819152832,0.9321693778038025,0.13461312651634216,0.732841432094574,0.46388566493988037,0.26175299286842346
0.36356890201568604,0.8838910460472107,0.07021127641201019,0.14372912049293518,0.06927333027124405,1.1185506582260132,0.1469983011484146,5.851633071899414,1.241357445716858,0.7300096154212952,0.13391505181789398,1.2948248386383057,1.2564607858657837,0.00039999998989515007,0.20897381007671356,1.1843690872192383,0.3975176215171814,3.6459176540374756,0.3143467605113983,0.030027169734239578,0.9337157607078552,0.8757228851318359,0.6613377332687378,1.1008211374282837,0.705740213394165,0.36399728059768677,0.655606210231781,0.09030397981405258,0.26133230328559875,1.254797101020813,0.4458119869232178,0.2593381106853485,0.40883442759513855,0.8314412832260132,1.0199347734451294,0.46644723415374756,0.2299642264842987,1.131325602531433,0.3362152576446533,1.498435139656067,0.8828524351119995,0.2665666341781616,0.5688150525093079,0.540509819984436,0.00890735536813736,0.7638937830924988,0.35746005177497864,0.7395353317260742,0.6847819089889526,0.026107095181941986,1.131954550743103,0.121486134827137,0.24691972136497498,0.24436995387077332,0.4475001394748688,0.37638670206069946,0.2123599499464035
0.2563338279724121,0.07214035093784332,0.14686548709869385,0.20909252762794495,0.029259443283081055,0.31111884117126465,0.06956176459789276,5.9749579429626465,1.0695117712020874,0.7251655459403992,0.3819844126701355,0.9656461477279663,1.2689862251281738,0.00039999998989515007,0.2287249118089676,1.4088549613952637,0.24213838577270508,3.4938178062438965,0.4116922914981842,0.13060878217220306,0.9797060489654541,0.8991808891296387,0.9923229813575745,0.8450344204902649,0.8642348647117615,0.08902999013662338,0.7459279894828796,0.44733595848083496,0.3334066569805145,0.6535104513168335,0.09642935544252396,0.39562541246414185,0.19460518658161163,1.242751955986023,0.6070659756660461,0.6232146620750427,0.6282698512077332,1.0311882495880127,0.29282131791114807,1.7982738018035889,1.1814061403274536,0.2683626711368561,0.9331923127174377,0.02379319816827774,0.2510632872581482,0.8793768286705017,0.6359696388244629,0.3158425986766815,1.1928266286849976,0.454922616481781,0.5862428545951843,0.5361639261245728,0.16543792188167572,0.03880113363265991,0.4791157841682434,0.11423849314451218,0.19619037210941315
0.9208967685699463,0.2640947997570038,0.1105082556605339,0.44906696677207947,0.37364646792411804,0.7843353152275085,0.08037571609020233,5.594313144683838,0.7194038033485413,0.9382263422012329,0.015498940832912922,0.8655599355697632,1.3846780061721802,0.00039999998989515007,0.19738321006298065,1.021026611328125,0.008561987429857254,3.8748724460601807,0.6673400402069092,0.3480924665927887,0.9122731685638428,1.1483772993087769,1.1618856191635132,0.21960265934467316,1.0287666320800781,0.0629560649394989,0.9002571702003479,0.638500452041626,0.08468569070100784,0.4725263714790344,0.37891027331352234,0.011990820057690144,0.04384718835353851,0.6245664954185486,0.9536370038986206,0.2022045999765396,0.564724326133728,1.5648211240768433,0.5208836197853088,1.444243311882019,1.3349939584732056,0.41293078660964966,0.9059118628501892,0.2125391662120819,0.17774607241153717,1.0493934154510498,0.8818727731704712,0.1880561262369156,1.0461615324020386,0.04774494469165802,0.7438117265701294,0.16879893839359283,0.04901691898703575,0.1344403326511383,0.5452466011047363,0.060719482600688934,0.21720905601978302
0.6317616105079651,0.48058703541755676,0.14118744432926178,0.13151343166828156,0.2933301031589508,0.6682553291320801,0.3743196129798889,5.784695625305176,0.9755570292472839,0.9119800329208374,0.19909369945526123,0.993812620639801,1.0891107320785522,0.00039999998989515007,0.11696450412273407,1.3449729681015015,0.3448712229728699,3.748039722442627,0.565667450428009,0.014376104809343815,0.832866907119751,0.7963561415672302,1.1257222890853882,0.6734815835952759,1.1821043491363525,0.1996842473745346,1.0214033126831055,0.6424548625946045,0.12421223521232605,0.6134597063064575,0.17859500646591187,0.25849393010139465,0.004843425005674362,0.9770179986953735,0.44422996044158936,0.6411345601081848,0.40982943773269653,1.4938297271728516,0.2528071403503418,1.4974530935287476,1.1845755577087402,0.005301841534674168,1.0535268783569336,0.05031159520149231,0.07778428494930267,0.8806582093238831,0.6959627270698547,0.18093276023864746,0.9694245457649231,0.3351811468601227,0.7580272555351257,0.47557371854782104,0.1670905202627182,0.002149485982954502,0.27848103642463684,0.06507503241300583,0.6669931411743164
0.4438474774360657,0.43522879481315613,0.12100225687026978,0.14143040776252747,0.21570131182670593,0.6842092275619507,0.15187522768974304,5.814386367797852,1.0422974824905396,1.0592046976089478,0.33070191740989685,0.8609468936920166,1.3058768510818481,0.00039999998989515007,0.36963704228401184,1.2448880672454834,0.18846392631530762,3.4319252967834473,0.49472036957740784,0.15626350045204163,1.035849928855896,0.8756920099258423,1.0135027170181274,0.7104054689407349,1.1101881265640259,0.055493056774139404,1.0297871828079224,0.49622511863708496,0.017342302948236465,0.6644797921180725,0.24320368468761444,0.2259606271982193,0.06716997921466827,1.024061918258667,0.7172095775604248,0.5869675278663635,0.504192054271698,1.3116428852081299,0.032238319516181946,1.7412198781967163,1.2211260795593262,0.14540159702301025,0.9710918664932251,0.1288345754146576,0.0948968231678009,1.041377067565918,0.7405163049697876,0.0687561184167862,0.9229870438575745,0.45679813623428345,0.7308957576751709,0.5181878805160522,0.2910715937614441,0.05929110199213028,0.24699367582798004,0.08555029332637787,0.3968258202075958
0.5190030932426453,0.49118953943252563,0.05439639464020729,0.1697929948568344,0.23236896097660065,0.7131710052490234,0.188198059797287,5.799737453460693,1.0649536848068237,0.9934440851211548,0.2111104279756546,0.9607947468757629,1.2604728937149048,0.00039999998989515007,0.357829749584198,1.2591227293014526,0.22688725590705872,3.542881965637207,0.4553748369216919,0.09694595634937286,0.9255370497703552,0.9367867112159729,1.061832308769226,0.6753128170967102,1.0833234786987305,0.10750187188386917,0.9560747742652893,0.49240416288375854,0.11026094853878021,0.5960561037063599,0.334432989358902,0.175191268324852,0.0055356924422085285,0.990753710269928,0.7234837412834167,0.5394302606582642,0.43133148550987244,1.3443164825439453,0.12106581032276154,1.6520371437072754,1.3259409666061401,0.16256609559059143,1.0539549589157104,0.1538977026939392,0.08089423179626465,1.024702787399292,0.7314854860305786,0.06824687123298645,1.0016402006149292,0.33765050768852234,0.7219815850257874,0.47647786140441895,0.2187625765800476,0.11774536222219467,0.32300686836242676,0.077097587287426,0.405458927154541
0.5863670706748962,0.13272647559642792,0.3848843574523926,0.2434309422969818,0.11681053787469864,0.8438066840171814,0.1441601663827896,5.557715892791748,0.587660551071167,1.1277445554733276,0.09272626042366028,0.8859995603561401,1.4263547658920288,0.00039999998989515007,0.163244366645813,1.3510149717330933,0.1254836618900299,3.6152360439300537,0.8037193417549133,0.1913452297449112,0.950363278388977,1.2360310554504395,1.0153549909591675,0.5041911005973816,0.8388645052909851,0.08684049546718597,1.0209869146347046,0.6106463074684143,0.2608717083930969,0.6896488666534424,0.4599393904209137,0.2395404875278473,0.19235654175281525,0.5775071382522583,1.2134318351745605,0.37484341859817505,0.572135329246521,1.1229510307312012,0.42784303426742554,1.599326252937317,1.224424123764038,0.4842383563518524,0.9124447703361511,0.23033183813095093,0.31318071484565735,0.9417797327041626,1.0265568494796753,0.4284914433956146,1.042884349822998,0.3028661906719208,0.6191966533660889,0.38818657398223877,0.3878258466720581,0.10394267737865448,0.6416493058204651,0.23845545947551727,0.2375691831111908
0.46926045417785645,0.5101256370544434,0.14191463589668274,0.19135050475597382,0.24243775010108948,0.6698752045631409,0.19310063123703003,5.758941173553467,1.0279096364974976,1.1003071069717407,0.2702443301677704,0.9283233284950256,1.2387254238128662,0.00039999998989515007,0.3262043297290802,1.224111557006836,0.15493741631507874,3.4957525730133057,0.5506976246833801,0.16416288912296295,1.0482889413833618,0.8264928460121155,0.999734103679657,0.6021859645843506,1.0976613759994507,0.1373639553785324,0.9225048422813416,0.5983814597129822,0.034773603081703186,0.6030888557434082,0.302099347114563,0.23234418034553528,0.06038487330079079,1.0636759996414185,0.658917248249054,0.5931365489959717,0.4252992868423462,1.5350648164749146,0.046714406460523605,1.6673287153244019,1.2652286291122437,0.1827545315027237,1.082592487335205,0.017706774175167084,0.0031492779962718487,1.0957204103469849,0.7331362962722778,0.06402485817670822,0.8667373061180115,0.42739105224609375,0.6578291654586792,0.45803821086883545,0.32025399804115295,0.06354536861181259,0.2237725555896759,0.17890121042728424,0.47417211532592773
0.31101831793785095,0.6338443756103516,0.15054500102996826,0.07941296696662903,0.2782510817050934,0.9286458492279053,0.15102261304855347,5.626580238342285,1.0967553853988647,1.2834031581878662,0.2360624223947525,0.811260461807251,1.3769639730453491,0.00039999998989515007,0.36860978603363037,1.0907559394836426,0.05126267671585083,3.3420302867889404,0.5366438627243042,0.20420435070991516,1.1334995031356812,0.8583484292030334,0.9732575416564941,0.6870688796043396,1.117645025253296,0.004422407131642103,1.1500650644302368,0.43511661887168884,0.05425850301980972,0.6865355372428894,0.31694522500038147,0.11551577597856522,0.057525623589754105,0.8803747296333313,0.9161533713340759,0.45733192563056946,0.3793625235557556,1.4583022594451904,0.16233690083026886,1.7296912670135498,1.2511860132217407,0.431812584400177,1.0588232278823853,0.14591091871261597,0.049356333911418915,1.083250880241394,0.6761298179626465,0.15132595598697662,0.694448709487915,0.419014036655426,0.7496803998947144,0.4894123673439026,0.3843151032924652,0.19293421506881714,0.326654314994812,0.161438450217247,0.49406328797340393
0.36670756340026855,0.7796139717102051,0.006072448566555977,0.24508264660835266,0.04975802078843117,1.0109755992889404,0.09901321679353714,5.763273239135742,1.2855281829833984,0.7468436360359192,0.03014928288757801,1.3153549432754517,1.367948055267334,0.00039999998989515007,0.0740860253572464,1.1503329277038574,0.3732009828090668,3.4150474071502686,0.34719225764274597,0.038040027022361755,1.0373804569244385,0.9353444576263428,0.6590961217880249,1.0523407459259033,0.8139112591743469,0.2971368134021759,0.6890422105789185,0.1658184975385666,0.1439024806022644,1.1029831171035767,0.5051010847091675,0.24241213500499725,0.35701784491539,0.9750329256057739,0.9898009300231934,0.4417937099933624,0.29438793659210205,1.3100974559783936,0.4256330728530884,1.681646466255188,0.9681242108345032,0.3289240598678589,0.5818289518356323,0.5139431953430176,0.025916602462530136,0.9553166627883911,0.4311564564704895,0.6838069558143616,0.6987066268920898,0.10393884032964706,1.0858734846115112,0.22267110645771027,0.27146115899086,0.24097825586795807,0.3771829903125763,0.4989098012447357,0.1816934496164322
0.35257473587989807,0.8299331068992615,0.0022978181950747967,0.2241392284631729,0.060601040720939636,1.065918207168579,0.12424160540103912,5.766895771026611,1.2856401205062866,0.8058335781097412,0.04562807455658913,1.2840375900268555,1.3742306232452393,0.00039999998989515007,0.03430704399943352,1.1378618478775024,0.3366841673851013,3.434800148010254,0.3272811770439148,0.04268869385123253,1.0473803281784058,0.942485511302948,0.6589720845222473,1.0321269035339355,0.782157301902771,0.2963186800479889,0.675208568572998,0.13718841969966888,0.15034973621368408,1.116501808166504,0.5185129642486572,0.2522554099559784,0.3687331974506378,0.9361239671707153,1.0540478229522705,0.4192675054073334,0.2683270275592804,1.2653504610061646,0.3933888375759125,1.6614036560058594,0.995346188545227,0.21996617317199707,0.6118955612182617,0.4597410261631012,0.04370706155896187,0.9527990221977234,0.4381759464740753,0.6555594205856323,0.6898043155670166,0.10241632908582687,1.077001690864563,0.18743184208869934,0.2816007733345032,0.2741226255893707,0.3878532648086548,0.47589558362960815,0.15349707007408142
0.1742326319217682,0.2090701013803482,0.044258907437324524,0.008320650085806847,0.013319709338247776,0.7701119184494019,0.07552561908960342,5.726244926452637,0.8619076609611511,1.3627567291259766,0.22062692046165466,0.8817703127861023,1.2666906118392944,0.00039999998989515007,0.2664042115211487,1.5778980255126953,0.021039796993136406,3.3117635250091553,0.7112058997154236,0.004898122977465391,1.0774983167648315,0.9996188282966614,0.9234923124313354,0.6960746645927429,0.9100943207740784,0.05240994319319725,1.0667747259140015,0.597707211971283,0.27347785234451294,0.6849836111068726,0.20271199941635132,0.48769086599349976,0.30358272790908813,0.9188701510429382,0.8252056837081909,0.5638059973716736,0.378307044506073,1.0297890901565552,0.10669470578432083,1.6965049505233765,1.1228660345077515,0.4249142110347748,1.140219807624817,0.18782594799995422,0.09222057461738586,0.8341132998466492,0.8911383152008057,0.4868605136871338,0.951350212097168,0.7067828178405762,0.4745016098022461,0.5548803806304932,0.5151209831237793,0.006196161266416311,0.42826521396636963,0.16271370649337769,0.5069867968559265
0.5042620897293091,0.3378795087337494,0.29876914620399475,0.1505112200975418,0.00962540041655302,0.6792088747024536,0.39255526661872864,5.5714898109436035,1.2286516427993774,0.8779517412185669,0.5640825629234314,0.6545025110244751,1.3302736282348633,0.00039999998989515007,0.3604120910167694,1.4479289054870605,0.711001992225647,3.082645893096924,0.2092881202697754,0.17314940690994263,0.8449667692184448,0.941371738910675,1.0922503471374512,1.256628155708313,1.348511815071106,0.02282838150858879,1.5725693702697754,0.0858520045876503,0.07735870033502579,0.8807082772254944,0.04921530932188034,0.30801668763160706,0.037241555750370026,0.8290264010429382,0.5084763765335083,0.798222005367279,0.7673912644386292,0.48712533712387085,0.0997002124786377,1.7993212938308716,0.8693564534187317,0.23315373063087463,0.6443346738815308,0.3047255873680115,0.44988420605659485,0.6923729181289673,0.7120521664619446,0.4779435098171234,1.0578937530517578,0.6535215973854065,1.1932588815689087,0.7350862622261047,0.010278941132128239,0.048397310078144073,0.045419640839099884,0.025685565546154976,0.43714138865470886
0.6317087411880493,0.6469011902809143,0.2914828956127167,0.0910162702202797,0.39460545778274536,0.7335042953491211,0.6514376997947693,5.475822448730469,1.2010022401809692,1.0470916032791138,0.2597518563270569,0.9367874264717102,1.1583410501480103,0.00039999998989515007,0.006404871586710215,1.1907049417495728,0.269697368144989,3.871631622314453,0.47707003355026245,0.07263877987861633,0.8607322573661804,0.676278293132782,1.204208254814148,0.7807639837265015,1.3751778602600098,0.180815190076828,1.1715617179870605,0.43453484773635864,0.015439456328749657,0.5797123908996582,0.10433804243803024,0.14190354943275452,0.10505490750074387,0.7596601843833923,0.417593777179718,0.5972406268119812,0.4589611887931824,1.641062617301941,0.397849977016449,1.4033626317977905,1.1950756311416626,0.053801629692316055,1.0653544664382935,0.029935317113995552,0.04249871149659157,0.8341207504272461,0.49204856157302856,0.3428051769733429,0.7846868634223938,0.2596418261528015,0.9051076173782349,0.4747001826763153,0.02176908776164055,0.17939534783363342,0.24157792329788208,0.052226223051548004,0.8222688436508179
0.2591395676136017,0.665041983127594,0.06262810528278351,0.2460317760705948,0.15950702130794525,1.036898136138916,0.16843344271183014,5.775920867919922,1.1483018398284912,0.9232471585273743,0.03633672371506691,1.1993253231048584,1.3672564029693604,0.00039999998989515007,0.2220349758863449,1.1972678899765015,0.2520824074745178,3.5191550254821777,0.5261102318763733,0.11261160671710968,1.2256932258605957,0.8252412676811218,0.5311572551727295,1.0206408500671387,0.7456334233283997,0.28468745946884155,0.7156862616539001,0.2369140088558197,0.09430430084466934,1.2453203201293945,0.3533077538013458,0.13946355879306793,0.2249373346567154,0.9178544282913208,1.0175472497940063,0.4660499095916748,0.3481799364089966,1.2967387437820435,0.4747418761253357,1.7064934968948364,0.7860067486763,0.2573401927947998,0.5172704458236694,0.6481351256370544,0.018179388716816902,0.897174596786499,0.5001208186149597,0.5342423319816589,0.5525518655776978,0.2407311052083969,1.0641978979110718,0.13341090083122253,0.41476330161094666,0.15380068123340607,0.3373754620552063,0.45952218770980835,0.19541147351264954
0.43130290508270264,0.4041565954685211,0.05493522435426712,0.15068037807941437,0.2287420928478241,0.610802412033081,0.20716643333435059,5.778039455413818,1.0408935546875,0.9636190533638,0.3153015971183777,0.9126338958740234,1.2376203536987305,0.00039999998989515007,0.24622835218906403,1.3030208349227905,0.202540785074234,3.5280416011810303,0.5181279182434082,0.13911937177181244,0.9904850125312805,0.8189241290092468,1.0447297096252441,0.7745169997215271,1.136683702468872,0.10865046083927155,1.0304408073425293,0.530836284160614,0.0676361694931984,0.6489474773406982,0.2326410561800003,0.28155267238616943,0.051781609654426575,1.05408775806427,0.6339254379272461,0.6584137082099915,0.49584436416625977,1.3623247146606445,0.05993051081895828,1.7075514793395996,1.203520655632019,0.005341948010027409,0.9760786890983582,0.036493007093667984,0.12139175832271576,1.0227899551391602,0.7162149548530579,0.07865886390209198,0.9539405107498169,0.4439360499382019,0.7143668532371521,0.5687094330787659,0.28783807158470154,0.05926748365163803,0.3080689013004303,0.054245248436927795,0.4833693206310272
0.32927852869033813,0.5042261481285095,0.17105630040168762,0.1446940153837204,0.2716819643974304,0.7066377997398376,0.5223876237869263,5.486163139343262,1.278671383857727,1.2982171773910522,0.35097935795783997,0.7644628286361694,1.2098791599273682,0.00039999998989515007,0.015233638696372509,1.185348629951477,0.03184344246983528,3.9620068073272705,0.46616509556770325,0.2652948200702667,1.045754313468933,0.5502697229385376,1.0704662799835205,0.8035917282104492,1.2599207162857056,0.15039058029651642,1.1325364112854004,0.2924823462963104,0.03015555627644062,0.6854795813560486,0.008318481966853142,0.21106071770191193,0.08231085538864136,0.7131520509719849,0.620361328125,0.6098743081092834,0.5743945837020874,1.4189751148223877,0.20103523135185242,1.5011320114135742,1.2748093605041504,0.08570775389671326,1.1514959335327148,0.0985461100935936,0.11294185370206833,0.8299214243888855,0.476645290851593,0.0497887060046196,0.713801920413971,0.298822283744812,0.8267605900764465,0.4316129684448242,0.06792673468589783,0.25269144773483276,0.3047391474246979,0.1836559772491455,0.6342711448669434
0.7139540314674377,0.3408621847629547,0.5138677358627319,0.0010283503215759993,0.1402369737625122,1.0588582754135132,0.6372132897377014,5.713151931762695,1.1442450284957886,0.8913196325302124,0.3091503977775574,0.8245704174041748,1.140832543373108,0.00039999998989515007,0.3736951947212219,1.5562893152236938,0.90060955286026,3.4655253887176514,0.2549265921115875,0.366241991519928,0.6742305159568787,0.9867232441902161,0.9837216138839722,0.9720708727836609,1.2191941738128662,0.14994220435619354,1.4150044918060303,0.19551485776901245,0.034018561244010925,0.7800350189208984,0.045081838965415955,0.10932083427906036,0.0021555256098508835,0.7266696095466614,0.4570651948451996,0.47967758774757385,0.4703751802444458,0.5425183176994324,0.23185096681118011,1.6122019290924072,1.0975209474563599,0.032644882798194885,0.842441976070404,0.41556015610694885,0.3459632694721222,0.5470386743545532,0.9336534142494202,0.3200100362300873,1.1696230173110962,0.41525134444236755,1.231261968612671,0.4115847945213318,0.07604654133319855,0.04103301838040352,0.004037261940538883,0.02546614408493042,0.38903000950813293
0.478193998336792,0.43552127480506897,0.01526418887078762,0.17058952152729034,0.23023433983325958,0.6242531538009644,0.1943676918745041,5.820486545562744,1.0671155452728271,0.9779097437858582,0.2868024408817291,0.9102700352668762,1.251050591468811,0.00039999998989515007,0.2949632406234741,1.2999060153961182,0.23196008801460266,3.542407751083374,0.45813772082328796,0.13484978675842285,0.9392801523208618,0.8587538003921509,1.0705385208129883,0.733178436756134,1.1155489683151245,0.12261288613080978,0.9859285950660706,0.48715898394584656,0.09992966055870056,0.6400899887084961,0.2570239007472992,0.2361457496881485,0.04862070828676224,1.020492672920227,0.6686491370201111,0.6273269057273865,0.5116893649101257,1.29212486743927,0.06397446990013123,1.6772139072418213,1.2601515054702759,0.043536074459552765,1.0133682489395142,0.10687278211116791,0.13218897581100464,1.0242735147476196,0.68132483959198,0.051673680543899536,0.9960629940032959,0.39776143431663513,0.7212008833885193,0.5313720107078552,0.22058619558811188,0.0903463289141655,0.3071475327014923,0.009379715658724308,0.4386657476425171
0.49752116203308105,0.38796281814575195,0.006246945820748806,0.20582301914691925,0.14941568672657013,0.7071226239204407,0.3696170151233673,5.772665023803711,1.2691832780838013,1.0383373498916626,0.21675074100494385,0.8908876776695251,1.233463168144226,0.00039999998989515007,0.13214783370494843,1.3176915645599365,0.4600420296192169,3.6731948852539062,0.3033865690231323,0.005069391801953316,0.8142078518867493,0.8352476358413696,1.0642833709716797,0.9052870869636536,1.1319811344146729,0.22845277190208435,1.0326800346374512,0.2318463921546936,0.19951802492141724,0.7664240002632141,0.20993463695049286,0.14307187497615814,0.05837509036064148,0.8532719016075134,0.6318556666374207,0.6337021589279175,0.605259895324707,1.0625807046890259,0.025192026048898697,1.5947155952453613,1.3294957876205444,0.06528860330581665,1.0745315551757812,0.10981272161006927,0.27444303035736084,0.8906292915344238,0.5941007137298584,0.11068697273731232,1.0318092107772827,0.27962613105773926,0.9218634963035583,0.41962265968322754,0.04059799015522003,0.07799996435642242,0.17464430630207062,0.010961778461933136,0.3677465617656708
0.6430085897445679,0.15037250518798828,0.4187923073768616,0.561142086982727,0.1886676847934723,0.36449652910232544,0.04200779274106026,5.591172218322754,0.865039050579071,0.5803467035293579,0.2262391746044159,0.8978191018104553,1.3299282789230347,0.00039999998989515007,0.08938300609588623,1.1958298683166504,0.0370592400431633,3.983858346939087,0.4643365740776062,0.4662885069847107,0.8603945970535278,0.9712526798248291,1.1207852363586426,0.5883772969245911,0.925288200378418,0.001189498114399612,0.6723302602767944,0.416854590177536,0.27886801958084106,0.5039434432983398,0.2694837152957916,0.1942359209060669,0.15804876387119293,0.8658909797668457,0.869937539100647,0.43040844798088074,0.7912492752075195,1.176519513130188,0.054780662059783936,1.591262698173523,1.444553017616272,0.19691485166549683,0.774312436580658,0.26980656385421753,0.49751564860343933,0.9720299243927002,0.8049967288970947,0.5689930319786072,1.3346598148345947,0.04139994829893112,0.6324418783187866,0.38172468543052673,0.010694238357245922,0.1702948957681656,0.7083051204681396,0.410286009311676,0.11965744942426682
0.17773346602916718,0.0513148307800293,0.3709215223789215,0.33251863718032837,0.5567233562469482,0.7032991051673889,0.09665010869503021,5.873340606689453,0.8065679669380188,0.9504315257072449,0.4659439027309418,0.5077522993087769,1.029288649559021,0.00039999998989515007,0.08215662837028503,1.1199636459350586,0.12345842272043228,3.4237618446350098,0.533195972442627,0.4880063533782959,0.9408935308456421,0.1438504159450531,1.1221137046813965,0.46996137499809265,0.9905973672866821,0.2858823239803314,0.6409054398536682,0.7620593309402466,0.24961119890213013,1.0165995359420776,0.3429698646068573,0.21249403059482574,0.11770656704902649,1.434431791305542,0.5058689117431641,0.5681662559509277,0.640292227268219,1.3540427684783936,0.4557530879974365,1.6911251544952393,1.5737475156784058,0.0992792621254921,1.204980731010437,0.02112521044909954,0.14914843440055847,0.8857995867729187,0.29855379462242126,0.5249418616294861,0.9757752418518066,0.17971393465995789,0.5021936297416687,0.405692458152771,0.24167129397392273,0.2519437372684479,0.5430158376693726,0.4851517677307129,0.1809447556734085
0.5439740419387817,0.46173596382141113,0.14770464599132538,0.19684350490570068,0.27265122532844543,0.7100055813789368,0.2576320767402649,5.792400360107422,1.0092973709106445,0.9826332926750183,0.26560381054878235,0.9104061126708984,1.2405877113342285,0.00039999998989515007,0.25675374269485474,1.2179782390594482,0.21016241610050201,3.571641683578491,0.554713249206543,0.1451413929462433,0.9869868159294128,0.8517245650291443,1.049493670463562,0.6353888511657715,1.155979037284851,0.10875406116247177,1.04230535030365,0.5810567736625671,0.01161880698055029,0.5978538990020752,0.2486150860786438,0.18677416443824768,0.026430241763591766,0.9954683780670166,0.6255585551261902,0.5406479835510254,0.43193352222442627,1.5026336908340454,0.16475431621074677,1.6471734046936035,1.205837607383728,0.12521496415138245,0.9884681105613708,0.03601987659931183,0.04614337161183357,1.057173252105713,0.7404403686523438,0.155117005109787,0.9025461673736572,0.389560729265213,0.7503140568733215,0.46511930227279663,0.24944467842578888,0.05852126702666283,0.29030558466911316,0.14614339172840118,0.5153230428695679
0.27959299087524414,0.014821567572653294,0.3725948631763458,0.33691099286079407,0.5462235808372498,0.7045299410820007,0.15584059059619904,5.9047722816467285,0.8668419122695923,0.8790114521980286,0.40988317131996155,0.5859795808792114,1.0292216539382935,0.00039999998989515007,0.21385933458805084,1.1615923643112183,0.006472176872193813,3.4077985286712646,0.4332791864871979,0.38974788784980774,0.8160929679870605,0.2806514501571655,1.1851884126663208,0.45266440510749817,1.0011595487594604,0.29077520966529846,0.631569504737854,0.7192656397819519,0.29899123311042786,0.8893387913703918,0.24595677852630615,0.17394603788852692,0.08654048293828964,1.4254320859909058,0.5007256865501404,0.5192515850067139,0.6019929051399231,1.2772363424301147,0.3728610873222351,1.674787998199463,1.6952301263809204,0.0664229616522789,1.271384835243225,0.130091592669487,0.1633763313293457,0.9000674486160278,0.34539151191711426,0.5189803242683411,1.1176825761795044,0.1272180676460266,0.5103581547737122,0.4207777976989746,0.1382327526807785,0.20029214024543762,0.5544382333755493,0.47711190581321716,0.15377870202064514
0.57114177942276,0.4808260500431061,0.07146275043487549,0.21481448411941528,0.20270070433616638,0.9209338426589966,0.24491196870803833,5.788827896118164,0.9623363018035889,1.2364965677261353,0.14822588860988617,0.8300871849060059,1.2316251993179321,0.00039999998989515007,0.4293704628944397,1.2498526573181152,0.14826130867004395,3.6481924057006836,0.5079919099807739,0.12940771877765656,0.918842077255249,0.8834604620933533,1.040775179862976,0.4290251135826111,1.008501648902893,0.155696839094162,0.926824152469635,0.5302649736404419,0.1224563866853714,0.6154825091362,0.2567758560180664,0.1252157837152481,0.06586340069770813,0.8437098264694214,0.7999805808067322,0.3980036973953247,0.38895297050476074,1.2697579860687256,0.23139101266860962,1.5372931957244873,1.4491714239120483,0.5056308507919312,1.2154055833816528,0.32351866364479065,0.03775591775774956,0.9878131151199341,0.7981758713722229,0.1620096117258072,0.9673244953155518,0.30598145723342896,0.6911463141441345,0.2841719686985016,0.19218362867832184,0.12054335325956345,0.31109485030174255,0.0607990026473999,0.35606345534324646
0.466440886259079,0.46953874826431274,0.008155427873134613,0.16619624197483063,0.2312084138393402,0.6663857698440552,0.17129260301589966,5.819911956787109,1.0648589134216309,1.0290920734405518,0.27158015966415405,0.8872407078742981,1.2625154256820679,0.00039999998989515007,0.32948562502861023,1.2852941751480103,0.19318991899490356,3.5384726524353027,0.44986698031425476,0.14833825826644897,0.9467319250106812,0.8639633059501648,1.0740340948104858,0.698198676109314,1.0874072313308716,0.12731684744358063,0.9663226008415222,0.47286632657051086,0.11078821867704391,0.6504619717597961,0.27482131123542786,0.2209278792142868,0.04352397844195366,0.9955872893333435,0.7216361165046692,0.6064668893814087,0.4975431561470032,1.2660248279571533,0.07894168049097061,1.6663357019424438,1.2983494997024536,0.12385760247707367,1.0500692129135132,0.14639174938201904,0.11104633659124374,1.0364450216293335,0.6805159449577332,0.021087855100631714,0.9910836219787598,0.3869321048259735,0.706911563873291,0.4971628189086914,0.22495391964912415,0.11812898516654968,0.3220711946487427,0.01071907114237547,0.41136234998703003
0.575859785079956,0.9650339484214783,0.07713554054498672,0.0045713926665484905,0.5754647254943848,0.5764437317848206,0.1326831728219986,5.618324279785156,1.0792888402938843,1.3411498069763184,0.18013949692249298,0.8095334768295288,1.2342872619628906,0.00039999998989515007,0.26776862144470215,1.1011921167373657,0.04084479808807373,3.3140738010406494,0.5350028276443481,0.18791881203651428,0.9413968920707703,0.7871213555335999,1.2383064031600952,0.4727765917778015,1.2262705564498901,0.20244687795639038,1.0069283246994019,0.622935950756073,0.023256754502654076,0.6440008878707886,0.3679557144641876,0.24467472732067108,0.04171239212155342,0.8861607909202576,0.6312095522880554,0.7687866687774658,0.4916771650314331,1.6467758417129517,0.3348965346813202,1.4477063417434692,1.1342084407806396,0.3507849872112274,1.2755159139633179,0.08680877089500427,0.16835817694664001,1.1770001649856567,0.3006655275821686,0.3813750743865967,0.6216964721679688,0.44643092155456543,0.6146420836448669,0.4752368927001953,0.20048034191131592,0.09836628288030624,0.13401076197624207,0.1279466599225998,0.9220767021179199
0.4115888774394989,0.45652398467063904,0.0028251309413462877,0.1647026538848877,0.2462029904127121,0.5683863162994385,0.1974821835756302,5.771652698516846,1.0869548320770264,1.0137503147125244,0.3174402117729187,0.891850471496582,1.2336628437042236,0.00039999998989515007,0.28416767716407776,1.278838872909546,0.15853723883628845,3.5697243213653564,0.466688334941864,0.1874905526638031,0.9805890917778015,0.7980033159255981,1.0739439725875854,0.7363593578338623,1.1156067848205566,0.13745468854904175,0.9582544565200806,0.49044349789619446,0.10101065784692764,0.6196274161338806,0.26279082894325256,0.28696107864379883,0.06849761307239532,1.0404561758041382,0.6582052707672119,0.6807135343551636,0.5010489821434021,1.3466302156448364,0.05448218062520027,1.6661568880081177,1.2782076597213745,0.05021960660815239,1.0540199279785156,0.09249845892190933,0.10418947786092758,1.0584235191345215,0.6669266819953918,0.015087533742189407,0.958678662776947,0.42160603404045105,0.6626752018928528,0.5463981032371521,0.2567939758300781,0.12059063464403152,0.3172060251235962,0.006855386309325695,0.4566991627216339
0.32737383246421814,0.8696491122245789,0.5405080318450928,0.4362364709377289,0.33780768513679504,0.8713945746421814,0.07108645886182785,5.57467794418335,1.3070826530456543,1.3326040506362915,0.1625463217496872,1.188008427619934,1.3114477396011353,0.00039999998989515007,0.1602439284324646,0.980780839920044,0.2478179782629013,3.7099528312683105,0.44489139318466187,0.29039257764816284,1.459807276725769,0.7763009667396545,0.3069103956222534,0.6231300830841064,0.7041088342666626,0.4018027186393738,0.3410549759864807,0.18421447277069092,0.14319327473640442,0.8508723974227905,0.5283669829368591,0.13441282510757446,0.014295789413154125,0.8772348165512085,0.9012044668197632,0.43218865990638733,0.18334686756134033,1.5926451683044434,0.570439338684082,1.5516736507415771,0.9758006930351257,0.15696409344673157,0.7614409327507019,0.3912436366081238,0.2724287807941437,1.1756621599197388,0.7351078987121582,0.35890480875968933,0.3153977692127228,0.3719726800918579,0.8492392897605896,0.15482288599014282,0.40895578265190125,0.28792133927345276,0.1395169198513031,0.7055479288101196,0.02171628549695015
0.18852686882019043,0.1962326169013977,0.27462732791900635,0.25858885049819946,0.7873066067695618,0.6590628623962402,0.6044438481330872,5.45375919342041,1.2895550727844238,0.7879956960678101,0.5148828625679016,0.4687173366546631,0.9341946840286255,0.00039999998989515007,0.17851756513118744,0.899847686290741,0.08291227370500565,3.837411880493164,0.21642550826072693,0.5271824598312378,0.7441127896308899,0.062061287462711334,1.3858343362808228,0.7573853731155396,1.3447291851043701,0.29259100556373596,0.9240646362304688,0.35827067494392395,0.2258823961019516,0.8507501482963562,0.4838452637195587,0.09353531897068024,0.1915763020515442,1.1635364294052124,0.30317750573158264,0.5978479981422424,0.6490117907524109,1.4452661275863647,0.09768972545862198,1.4246156215667725,1.6832607984542847,0.34785279631614685,1.28324294090271,0.09567094594240189,0.19276852905750275,0.6973940134048462,0.050321489572525024,0.21037772297859192,0.9275463223457336,0.15014170110225677,0.7688489556312561,0.480398565530777,0.21577014029026031,0.07327764481306076,0.6823782324790955,0.6404532194137573,0.4328768253326416
0.36424630880355835,0.26099592447280884,0.059950780123472214,0.04349067807197571,0.2754058837890625,0.9417149424552917,0.2944847047328949,5.806265354156494,0.9450135827064514,0.46302422881126404,0.832682728767395,0.1984909027814865,1.1354492902755737,0.00039999998989515007,0.5209972262382507,1.3536757230758667,0.6652615666389465,2.579160690307617,0.0037034358829259872,0.00240229326300323,0.589285135269165,0.38826119899749756,1.231953501701355,1.034385085105896,1.224870204925537,0.06560166925191879,1.301335334777832,0.2292151004076004,0.07348541915416718,1.2753355503082275,0.7954310178756714,0.10360971093177795,0.06387842446565628,1.3761708736419678,0.33465224504470825,0.527038037776947,0.8956940770149231,0.02004912681877613,0.4608759880065918,1.9511750936508179,1.297831416130066,0.4743008315563202,0.6594575643539429,0.5818568468093872,0.5989887714385986,0.3968827426433563,0.3635833263397217,0.0316818542778492,1.4065319299697876,0.34808504581451416,1.1537678241729736,0.6744492053985596,0.21660755574703217,0.433066725730896,0.2857322096824646,0.6675711274147034,0.10795372724533081
0.060371432453393936,0.08560317009687424,0.7255942225456238,0.21735955774784088,0.6958029866218567,0.6710423231124878,0.12758047878742218,5.907495021820068,0.7702430486679077,0.8572952747344971,0.3305158317089081,0.5813942551612854,1.0158120393753052,0.00039999998989515007,0.15196435153484344,1.0923506021499634,0.3182651698589325,3.2321832180023193,0.47081196308135986,0.5092858672142029,0.8447362780570984,0.28030985593795776,1.2415947914123535,0.48366591334342957,0.8701057434082031,0.26873090863227844,0.517928957939148,0.7541165947914124,0.46007299423217773,0.9739767909049988,0.11887164413928986,0.285286545753479,0.030695032328367233,1.5117881298065186,0.6551308035850525,0.628850519657135,0.4543907642364502,1.3001707792282104,0.3667479455471039,1.5867536067962646,1.6080635786056519,0.032899536192417145,1.2583693265914917,0.02096487209200859,0.06493346393108368,0.9505516886711121,0.22419539093971252,0.5511749982833862,1.072753667831421,0.17085912823677063,0.2769908010959625,0.510657012462616,0.369994193315506,0.1721123307943344,0.8249016404151917,0.5642908215522766,0.15542267262935638
0.21373340487480164,0.7275069355964661,0.00034630176378414035,0.02903439849615097,0.3488401174545288,0.810473620891571,0.3314037621021271,5.4887471199035645,1.304426670074463,1.3106120824813843,0.1859913170337677,0.8268396854400635,1.3207392692565918,0.00039999998989515007,0.07146485894918442,1.160404920578003,0.04374904930591583,3.4631590843200684,0.4580364227294922,0.14295633137226105,0.996916651725769,0.8085958957672119,1.07522714138031,0.948124349117279,1.2552522420883179,0.05981792137026787,1.3480567932128906,0.23210015892982483,0.036434147506952286,0.6903595924377441,0.3224644958972931,0.17378289997577667,0.0707511454820633,0.6791435480117798,0.848143458366394,0.6345125436782837,0.44698357582092285,1.366324543952942,0.3069351017475128,1.6117165088653564,1.156942367553711,0.25304922461509705,1.112802505493164,0.08948438614606857,0.04200306534767151,0.9900106191635132,0.44440338015556335,0.2699955105781555,0.623871386051178,0.3959190547466278,0.7998962998390198,0.6344379186630249,0.28807514905929565,0.31291529536247253,0.3830128312110901,0.022390097379684448,0.7941997647285461
0.4078401029109955,0.36903706192970276,0.3884214460849762,0.21312104165554047,0.3467729091644287,0.41039592027664185,0.19706517457962036,5.565666198730469,0.9005436897277832,0.9975479245185852,0.24672794342041016,0.7890082001686096,1.508953332901001,0.00039999998989515007,0.12330528348684311,1.06159245967865,0.29056498408317566,3.59566330909729,0.5969059467315674,0.5235366821289062,1.1475807428359985,1.042386770248413,1.126622200012207,0.7177867889404297,1.0319099426269531,0.1449260115623474,1.0071992874145508,0.395643413066864,0.07333587110042572,0.6263608932495117,0.4566541016101837,0.31565433740615845,0.03932248800992966,0.7396330237388611,1.1046477556228638,0.6435220837593079,0.700790286064148,1.356806755065918,0.28063085675239563,1.641270399093628,1.0506477355957031,0.15478824079036713,0.7313621044158936,0.07696590572595596,0.24152743816375732,1.1748496294021606,0.6805181503295898,0.09923333674669266,0.8771514296531677,0.40292638540267944,0.5860291719436646,0.5724055767059326,0.349266916513443,0.2649858891963959,0.6189860701560974,0.1582449972629547,0.2941226661205292
0.1068996861577034,0.025552991777658463,0.5438199043273926,0.23005209863185883,0.6318536996841431,0.4149695634841919,0.04331091046333313,5.851750373840332,0.9839032888412476,0.7979552745819092,0.6426074504852295,0.40657398104667664,1.1978436708450317,0.00039999998989515007,0.4255533814430237,1.052769660949707,0.11323238164186478,2.9331917762756348,0.23146101832389832,0.5267655253410339,0.8664439916610718,0.3039761781692505,1.270196795463562,0.6424306035041809,1.0487556457519531,0.13106746971607208,0.6939647793769836,0.5096863508224487,0.2190156877040863,0.8939747214317322,0.22756800055503845,0.25967052578926086,0.12554045021533966,1.5521183013916016,0.5856598019599915,0.6778561472892761,0.8338301181793213,1.0211261510849,0.552101194858551,1.8701956272125244,1.6468546390533447,0.2084888219833374,1.1399571895599365,0.2927546203136444,0.2736440896987915,1.029834508895874,0.1657889038324356,0.47702258825302124,1.1447407007217407,0.28803861141204834,0.44070306420326233,0.6889449954032898,0.1326363980770111,0.15896835923194885,0.5335420370101929,0.5603045225143433,0.0255072433501482
0.37235626578330994,0.5442488193511963,0.16889041662216187,0.13626618683338165,0.2287297397851944,0.8745884895324707,0.44305455684661865,5.64068078994751,1.1061763763427734,1.4780009984970093,0.2672661244869232,0.7039554715156555,1.1374773979187012,0.00039999998989515007,0.03986842557787895,1.2607327699661255,0.05528759956359863,3.892810106277466,0.5800820589065552,0.2114100158214569,1.0402133464813232,0.5290017127990723,0.9859418272972107,0.6158902645111084,1.1579843759536743,0.22570914030075073,1.102104663848877,0.42592981457710266,0.04777580499649048,0.819392740726471,0.0007837724988348782,0.2096126526594162,0.16175293922424316,0.6869229674339294,0.6564594507217407,0.5958662629127502,0.5119470953941345,1.3278688192367554,0.2026721090078354,1.4602625370025635,1.2526346445083618,0.3383317291736603,1.2340705394744873,0.08966385573148727,0.04881242290139198,0.8195585608482361,0.5577678680419922,0.09068998694419861,0.658972978591919,0.3510652482509613,0.7904935479164124,0.2979416847229004,0.19266316294670105,0.13568824529647827,0.20883481204509735,0.17847637832164764,0.6564676761627197
0.5053156614303589,0.499612420797348,0.08130361139774323,0.1684311181306839,0.1914328634738922,0.7934109568595886,0.10688226670026779,5.924962520599365,1.0174332857131958,1.0590462684631348,0.17879149317741394,0.8788043260574341,1.250514268875122,0.00039999998989515007,0.15099255740642548,1.3299833536148071,0.2218383401632309,3.6827263832092285,0.4858590066432953,0.13068145513534546,0.9166655540466309,0.828060507774353,1.0341635942459106,0.7200398445129395,1.0160462856292725,0.1741226613521576,0.9587528109550476,0.42688891291618347,0.16932810842990875,0.8698877692222595,0.21685057878494263,0.14785614609718323,0.021564381197094917,0.8631359934806824,0.7967697381973267,0.5872843265533447,0.5370761752128601,1.141459584236145,0.07554811984300613,1.5830445289611816,1.1979297399520874,0.10860905796289444,0.9756264090538025,0.031276606023311615,0.1520148664712906,0.903791069984436,0.597963809967041,0.06874854862689972,0.9499965310096741,0.3107987642288208,0.811881959438324,0.3768504559993744,0.19745247066020966,0.09910355508327484,0.354297399520874,0.08566947281360626,0.4128338694572449
0.5477893352508545,0.324834406375885,0.49216604232788086,0.3758681118488312,0.021094465628266335,0.4619508385658264,0.4448357820510864,5.696035861968994,1.172398567199707,1.207669734954834,0.5274300575256348,0.8276879787445068,1.2589430809020996,0.00039999998989515007,0.6888624429702759,1.1301839351654053,0.26422035694122314,3.5877273082733154,0.3451038897037506,0.3102096617221832,1.1448174715042114,0.9589844346046448,0.8930550217628479,0.38822850584983826,1.1134644746780396,0.07808598130941391,0.7638310194015503,0.3719959557056427,0.11810941249132156,0.21072609722614288,0.31092581152915955,0.2628237009048462,0.2769973874092102,0.9889111518859863,0.5477307438850403,0.46854081749916077,0.40783190727233887,1.333293080329895,0.026991160586476326,1.6107983589172363,1.3788341283798218,0.3897310495376587,1.0623629093170166,0.5375460386276245,0.028033601120114326,1.1866010427474976,1.0216673612594604,0.29812172055244446,0.9725156426429749,0.5674871206283569,0.5468508005142212,0.3203417956829071,0.16164438426494598,0.16227711737155914,0.029274199157953262,0.12785814702510834,0.10613440722227097
0.5114102959632874,0.39594995975494385,0.18490445613861084,0.23131448030471802,0.20014937222003937,0.6713976263999939,0.2553815245628357,5.875887393951416,1.0901288986206055,0.8265917897224426,0.37294572591781616,0.8416230082511902,1.26529061794281,0.00039999998989515007,0.28094732761383057,1.1515467166900635,0.25162118673324585,3.7367136478424072,0.4044184386730194,0.23379583656787872,1.0010262727737427,0.8267662525177002,1.039445400238037,0.7590742707252502,1.1276047229766846,0.051275696605443954,1.0251654386520386,0.3644595742225647,0.0006948211812414229,0.6303374171257019,0.16996148228645325,0.163840651512146,0.06666108220815659,0.9687073230743408,0.6581614017486572,0.5262519121170044,0.48033881187438965,1.291307806968689,0.10614106059074402,1.6470568180084229,1.1979553699493408,0.029884198680520058,0.8216444849967957,0.1593998521566391,0.15763796865940094,0.986487865447998,0.7709308862686157,0.14364202320575714,0.9977967739105225,0.3389245867729187,0.8328761458396912,0.4336663782596588,0.16247966885566711,0.1267036497592926,0.3482600450515747,0.0555516816675663,0.27428576350212097
0.34627100825309753,0.45638442039489746,0.3377284109592438,0.002976205898448825,0.09013751894235611,0.8727092146873474,0.09060529619455338,5.888479232788086,0.7625487446784973,1.2564433813095093,0.04075942933559418,0.9424463510513306,1.2101821899414062,0.00039999998989515007,0.10756157338619232,1.5852100849151611,0.06266803294420242,3.446349859237671,0.7183849811553955,0.03703693300485611,0.8701730370521545,0.9386105537414551,0.9398675560951233,0.7223473191261292,0.8275046944618225,0.1867704540491104,1.0163036584854126,0.5892245769500732,0.3286469280719757,0.9608570337295532,0.34721171855926514,0.31216713786125183,0.22051091492176056,0.7791158556938171,0.971464991569519,0.6619718670845032,0.4591720998287201,0.9657198190689087,0.1596449911594391,1.6026755571365356,1.107630968093872,0.3338692784309387,1.084104299545288,0.0006694335606880486,0.15346327424049377,0.8402603268623352,0.7097666263580322,0.12958581745624542,0.8950480818748474,0.4830181300640106,0.6090205311775208,0.49099165201187134,0.499675452709198,0.01688982918858528,0.45090195536613464,0.18477806448936462,0.5984529852867126
0.5998690724372864,0.5142450332641602,0.0878761038184166,0.22544007003307343,0.28397616744041443,0.7582297921180725,0.17998966574668884,5.805588245391846,0.9758638739585876,1.1301977634429932,0.0985070988535881,0.8985641598701477,1.2430716753005981,0.00039999998989515007,0.09920290857553482,1.2699196338653564,0.1268865168094635,3.7829864025115967,0.5781320929527283,0.17125388979911804,0.901071310043335,0.8752197623252869,1.0875834226608276,0.562637984752655,1.0707181692123413,0.15335766971111298,0.9802065491676331,0.5138432383537292,0.15007059276103973,0.7167870998382568,0.29319319128990173,0.13876360654830933,0.03935778886079788,0.7500631213188171,0.7925216555595398,0.528186559677124,0.5266577005386353,1.3615726232528687,0.270161896944046,1.4989274740219116,1.2427605390548706,0.229379341006279,1.0725764036178589,0.046455852687358856,0.10986784100532532,0.9599495530128479,0.6182149648666382,0.010699325241148472,0.8996208906173706,0.25401920080184937,0.7511944770812988,0.3481730818748474,0.165065199136734,0.14003871381282806,0.38086774945259094,0.07661014050245285,0.5408710241317749
0.22507202625274658,0.6387709379196167,0.1554059088230133,0.050021763890981674,0.24465487897396088,0.45562347769737244,0.019871553406119347,5.827711582183838,1.1165732145309448,1.0375021696090698,0.3435514569282532,0.8552294373512268,1.253499984741211,0.00039999998989515007,0.16476605832576752,1.1907695531845093,0.061757154762744904,3.6853041648864746,0.4242338538169861,0.35108327865600586,1.102730631828308,0.7824222445487976,1.055591344833374,0.8885310292243958,1.0126762390136719,0.08331561833620071,0.9057630300521851,0.3079109191894531,0.1459161937236786,0.7348423600196838,0.3353019952774048,0.4075864255428314,0.009513896889984608,0.948754608631134,0.8163752555847168,0.850753128528595,0.45763564109802246,1.2583576440811157,0.06560105085372925,1.536057472229004,1.037459135055542,0.0869680717587471,0.8922801613807678,0.005362395197153091,0.0855604037642479,1.0447180271148682,0.5801863670349121,0.08424287289381027,0.846398115158081,0.514303982257843,0.5765711069107056,0.568527340888977,0.40722233057022095,0.2389293909072876,0.43533629179000854,0.06974153965711594,0.417764276266098
0.3320562243461609,0.6638317108154297,0.14032642543315887,0.08289093524217606,0.37750566005706787,0.4490678012371063,0.07307495921850204,5.919081211090088,1.1453490257263184,0.8947257399559021,0.3317128121852875,0.9574742317199707,1.1908491849899292,0.00039999998989515007,0.30091890692710876,1.1470667123794556,0.0004395570431370288,3.5264601707458496,0.32859331369400024,0.3245634436607361,0.992583155632019,0.95835280418396,1.1704776287078857,0.7437622547149658,1.0806941986083984,0.07846225053071976,0.8090888857841492,0.3678327202796936,0.2128724455833435,0.49725157022476196,0.479820191860199,0.37991440296173096,0.15253178775310516,1.093865156173706,0.7036489844322205,0.7658120393753052,0.23017463088035583,1.3700205087661743,0.130597323179245,1.4309271574020386,1.1136054992675781,0.17416700720787048,0.9308069348335266,0.11622645705938339,0.03088882751762867,1.1247602701187134,0.6254254579544067,0.0834275409579277,1.028234839439392,0.49329817295074463,0.44754767417907715,0.5944709181785583,0.3800472319126129,0.25063300132751465,0.5089448690414429,0.013573482632637024,0.38173267245292664
0.07396523654460907,0.09213704615831375,0.12452082335948944,0.16884899139404297,0.0823812261223793,0.3238071799278259,0.06992768496274948,5.853481769561768,1.1183252334594727,1.1865293979644775,0.4808312654495239,0.7368844151496887,1.3199105262756348,0.00039999998989515007,0.32200223207473755,1.434131145477295,0.039114270359277725,3.486475944519043,0.43744948506355286,0.2401595264673233,1.140202522277832,0.791319727897644,0.9223349690437317,0.7398250102996826,0.7975820899009705,0.09468863904476166,0.7776661515235901,0.3383294343948364,0.30343034863471985,0.7112279534339905,0.002419085707515478,0.5055220723152161,0.4278383255004883,1.0585780143737793,0.7301914095878601,0.6497010588645935,0.7242876887321472,0.8192556500434875,0.2887142300605774,1.7802177667617798,1.2139939069747925,0.07340990006923676,1.1222437620162964,0.21606913208961487,0.21942080557346344,0.8644254803657532,0.61667799949646,0.6494044661521912,1.0420215129852295,0.6271034479141235,0.4887027442455292,0.44265469908714294,0.20109272003173828,0.03425716236233711,0.36979877948760986,0.31292763352394104,0.19060726463794708
0.37309765815734863,0.42975154519081116,0.09513166546821594,0.19137245416641235,0.3505760431289673,0.3515903651714325,0.11416207998991013,5.826659202575684,1.1356528997421265,0.8129434585571289,0.41153398156166077,0.8775932192802429,1.2459181547164917,0.00039999998989515007,0.2830825448036194,1.1714286804199219,0.12453016638755798,3.49880051612854,0.3894103765487671,0.2986161410808563,0.9784411787986755,0.7544127702713013,1.126868724822998,0.8076472282409668,1.135257601737976,0.09720923006534576,0.8942549228668213,0.44105666875839233,0.08222860097885132,0.5923608541488647,0.2770148515701294,0.3116653561592102,0.02534608542919159,1.168168544769287,0.6045763492584229,0.7588030695915222,0.5695244073867798,1.39923095703125,0.0491713248193264,1.705384373664856,1.2479932308197021,0.14317843317985535,0.9475553035736084,0.04782623425126076,0.13784049451351166,1.1357752084732056,0.5555884838104248,0.09233026951551437,0.9960958361625671,0.4183635413646698,0.6093053817749023,0.6433086395263672,0.23761522769927979,0.11745841801166534,0.36445823311805725,0.006940651684999466,0.39982184767723083
0.6251494884490967,0.5235919952392578,0.07699703425168991,0.268521249294281,0.229819655418396,0.7831982970237732,0.21165801584720612,5.85439395904541,1.0470818281173706,1.084452509880066,0.17325440049171448,0.9135045409202576,1.2662761211395264,0.00039999998989515007,0.3115772604942322,1.2256405353546143,0.24370425939559937,3.633754253387451,0.4837481379508972,0.14932672679424286,0.9290779232978821,0.909565269947052,1.0410816669464111,0.5245206952095032,1.0687940120697021,0.1601259708404541,0.9099649786949158,0.48822125792503357,0.08456723392009735,0.6479043960571289,0.3179313540458679,0.0834951251745224,0.008651446551084518,0.8879034519195557,0.7462213039398193,0.4636104702949524,0.461383193731308,1.3568867444992065,0.14457301795482635,1.5814270973205566,1.3240233659744263,0.2531241476535797,1.0669827461242676,0.13803163170814514,0.052998341619968414,1.0419014692306519,0.6969159841537476,0.048431556671857834,0.956699788570404,0.28354501724243164,0.7639811635017395,0.31370505690574646,0.14563821256160736,0.13572032749652863,0.2764652371406555,0.06831764429807663,0.39095738530158997
0.6774890422821045,0.03884448483586311,0.2715994119644165,0.2713458836078644,0.5747640132904053,0.3200332522392273,0.2405426800251007,6.108032703399658,0.5845131278038025,0.2653019428253174,0.6987203359603882,0.5020648241043091,0.7309733033180237,0.00039999998989515007,0.5021960735321045,1.5775824785232544,0.6504333019256592,2.6321072578430176,0.25751402974128723,0.13710466027259827,0.36296606063842773,0.8077179789543152,1.6680891513824463,0.5478744506835938,1.2313395738601685,0.14647923409938812,1.0460078716278076,0.854343831539154,0.467343270778656,0.6832884550094604,0.45691776275634766,0.765546441078186,0.10731121152639389,1.6027026176452637,0.2280401587486267,0.9147407412528992,0.3715117275714874,0.4460568428039551,0.187321275472641,1.3212065696716309,0.8990828394889832,0.17263492941856384,0.915528416633606,0.4067610204219818,0.22634823620319366,0.4686832129955292,0.5474839210510254,0.1224212720990181,1.7014586925506592,0.7563197612762451,0.43657538294792175,0.7893379330635071,0.043600525707006454,0.6594282388687134,0.4150252938270569,0.5943197011947632,0.493720680475235
0.21258358657360077,0.2181590348482132,0.05023167282342911,0.21484895050525665,0.0351867713034153,0.37742748856544495,0.0035865940153598785,5.881994247436523,1.2521909475326538,1.038794994354248,0.48136818408966064,0.8063163161277771,1.3766230344772339,0.00039999998989515007,0.4275314509868622,1.3496063947677612,0.19937624037265778,3.40486741065979,0.2826824188232422,0.21884295344352722,1.0784512758255005,0.8679494261741638,0.9593087434768677,0.8092759847640991,0.9011223316192627,0.09298016875982285,0.7810163497924805,0.227213054895401,0.21774059534072876,0.6899304389953613,0.11991310864686966,0.3342089354991913,0.26812613010406494,1.0971497297286987,0.7462415099143982,0.61066073179245,0.7111736536026001,0.8352182507514954,0.3225107491016388,1.8225449323654175,1.2860559225082397,0.035770002752542496,1.0237395763397217,0.26916569471359253,0.22182224690914154,0.9534128308296204,0.5945582389831543,0.37706002593040466,1.1040921211242676,0.5270192623138428,0.6330239772796631,0.4654232859611511,0.09474794566631317,0.12166723608970642,0.3079594373703003,0.17406076192855835,0.09488707780838013
0.80097496509552,0.28421998023986816,0.9544525742530823,0.1577187180519104,0.20827628672122955,0.45587751269340515,0.8250195980072021,5.521077632904053,1.0984917879104614,0.7954599857330322,0.5990669131278992,0.8839508295059204,1.0373430252075195,0.00039999998989515007,0.7658011317253113,1.3784903287887573,0.8398526310920715,3.5727484226226807,0.31772610545158386,0.1332211047410965,0.9102878570556641,1.0056257247924805,0.914607584476471,0.6460372805595398,1.2892895936965942,0.08672280609607697,1.1390292644500732,0.3961954116821289,0.23427003622055054,0.10870679467916489,0.12710149586200714,0.40988537669181824,0.22846047580242157,0.9735023975372314,0.09644858539104462,0.5878430008888245,0.30473795533180237,1.06035315990448,0.2969173192977905,1.5641502141952515,1.1211984157562256,0.13663339614868164,0.8676093220710754,0.6198418736457825,0.1629057079553604,0.8906237483024597,1.3690288066864014,0.13851800560951233,1.1490494012832642,0.7162855863571167,0.8209664821624756,0.46046364307403564,0.017002806067466736,0.001508957939222455,0.26333022117614746,0.2949438691139221,0.3193177878856659
0.5294522047042847,0.3913266062736511,0.5311564803123474,0.008235792629420757,0.048435140401124954,0.1738927662372589,0.5229968428611755,5.951565265655518,0.5504251718521118,1.1873575448989868,0.05780474469065666,1.0016050338745117,1.127471685409546,0.00039999998989515007,0.35307931900024414,1.7952605485916138,0.2774573862552643,3.064687490463257,0.7599040269851685,0.11236788332462311,0.8599507212638855,1.1033991575241089,1.010124921798706,0.34501537680625916,0.5339601635932922,0.35284513235092163,0.43613556027412415,0.9481865167617798,0.5703809261322021,0.8290473818778992,0.3655299246311188,0.7415652275085449,0.5460294485092163,1.1415444612503052,0.6331624388694763,0.9582528471946716,0.6075275540351868,0.8363800644874573,0.09346894174814224,1.4965144395828247,0.9011182188987732,0.22073808312416077,1.2344399690628052,0.21519316732883453,0.044273216277360916,0.9347931742668152,0.659734845161438,0.43912386894226074,1.113527536392212,0.8284801244735718,0.19817766547203064,0.35755711793899536,0.3965176045894623,0.32120412588119507,0.15991367399692535,0.14495739340782166,0.5529459714889526
0.21352125704288483,0.24772906303405762,0.19088006019592285,0.6055871844291687,0.12617617845535278,0.22215478122234344,0.34539851546287537,5.622856140136719,1.1596362590789795,1.0240706205368042,0.6933237910270691,0.6453239321708679,1.0553399324417114,0.00039999998989515007,0.5339064002037048,1.1725043058395386,0.18939125537872314,3.756321430206299,0.23432058095932007,0.5033557415008545,1.1243133544921875,0.40503641963005066,0.7922419309616089,0.3509582579135895,0.7823821902275085,0.3104567229747772,0.18835783004760742,0.36199814081192017,0.19928760826587677,0.45151054859161377,0.19391317665576935,0.3480391502380371,0.566622793674469,1.33740234375,0.3690081536769867,0.4736263155937195,0.6378057599067688,1.0087071657180786,0.704919159412384,1.637558102607727,1.7224266529083252,0.01905849389731884,1.2507859468460083,0.5063547492027283,0.20351111888885498,0.9162554740905762,0.7898440361022949,1.083308219909668,1.172491192817688,0.36280253529548645,0.3604736626148224,0.12023836374282837,0.04477943852543831,0.014637044630944729,0.13237547874450684,0.37771785259246826,0.39763811230659485
0.23748068511486053,0.0844002515077591,0.39163607358932495,0.3552814722061157,0.5448545813560486,0.5762515068054199,0.12106918543577194,5.898813247680664,0.8578155636787415,0.7374455332756042,0.4535647928714752,0.5965657234191895,1.0455914735794067,0.00039999998989515007,0.07541415840387344,1.1637099981307983,0.020706044510006905,3.412489175796509,0.4914557933807373,0.4455212950706482,0.8695901036262512,0.2501016855239868,1.167778491973877,0.5803882479667664,1.033465027809143,0.24516792595386505,0.6876685619354248,0.6998458504676819,0.2697753310203552,0.9442112445831299,0.24362021684646606,0.2318374216556549,0.09166319668292999,1.4539647102355957,0.4686417579650879,0.6046358346939087,0.6764942407608032,1.3036819696426392,0.4094889461994171,1.7302035093307495,1.5524095296859741,0.262099027633667,1.1101315021514893,0.002648404333740473,0.22288626432418823,0.8984860181808472,0.3412044942378998,0.44195976853370667,1.1101833581924438,0.16606108844280243,0.5304918885231018,0.5014775991439819,0.18499793112277985,0.204716756939888,0.5958331823348999,0.44424012303352356,0.17192086577415466
0.43749386072158813,0.658636748790741,0.08938049525022507,0.13151393830776215,0.28500503301620483,0.6049993634223938,0.08305498212575912,5.792368412017822,1.2136448621749878,0.8936101198196411,0.24557167291641235,0.9372996687889099,1.3204574584960938,0.00039999998989515007,0.29632771015167236,1.172196865081787,0.16707590222358704,3.533212423324585,0.3308621942996979,0.20638950169086456,0.9420534372329712,0.8876144886016846,1.118233323097229,0.8489478826522827,1.0881683826446533,0.10455311834812164,0.9583847522735596,0.29870572686195374,0.12065967917442322,0.6901594400405884,0.38959887623786926,0.17081154882907867,0.12552271783351898,0.9650865197181702,0.8082510828971863,0.6592667102813721,0.4875030517578125,1.2651368379592896,0.09273863583803177,1.6272238492965698,1.2378753423690796,0.022891953587532043,0.9365993142127991,0.08232273161411285,0.08883195370435715,1.07267427444458,0.5437518954277039,0.25081077218055725,0.9748249650001526,0.3205489218235016,0.7685198783874512,0.5301748514175415,0.17776137590408325,0.2668008804321289,0.41065514087677,0.05073340982198715,0.38522791862487793
0.4866173565387726,0.4946162700653076,0.006918798666447401,0.20542748272418976,0.21264463663101196,0.6508467197418213,0.1732446700334549,5.787350654602051,1.0716149806976318,1.0438296794891357,0.22457070648670197,0.9200089573860168,1.2665050029754639,0.00039999998989515007,0.3172661066055298,1.283668041229248,0.16654327511787415,3.5513503551483154,0.47584956884384155,0.1654975861310959,0.9613965153694153,0.888016939163208,1.0599734783172607,0.6659730672836304,1.073935866355896,0.13203386962413788,0.9486857056617737,0.4701882004737854,0.11491135507822037,0.6253793239593506,0.3406484127044678,0.22526361048221588,0.059749536216259,0.9646372199058533,0.7533140182495117,0.5934991836547852,0.48809748888015747,1.3096574544906616,0.10117290914058685,1.6487609148025513,1.3148690462112427,0.15864327549934387,1.070587396621704,0.13567917048931122,0.09539525210857391,1.0653413534164429,0.7099441885948181,0.015823831781744957,0.9950470328330994,0.376432329416275,0.6834554672241211,0.47647953033447266,0.23856256902217865,0.1711679846048355,0.33098527789115906,0.027923688292503357,0.41434749960899353
0.41184911131858826,0.6891390681266785,0.16284461319446564,0.06658216565847397,0.27214592695236206,0.6713555455207825,0.016148647293448448,5.740625381469727,1.000525712966919,1.109933614730835,0.11117704212665558,0.9288438558578491,1.2364238500595093,0.00039999998989515007,0.30548176169395447,1.2530088424682617,0.004937649704515934,3.615960121154785,0.5351442098617554,0.18434089422225952,0.9579242467880249,0.8962576389312744,1.1017093658447266,0.6626377105712891,0.9696884751319885,0.13762183487415314,0.928078293800354,0.5026454925537109,0.206995889544487,0.6525211334228516,0.4504530131816864,0.32183095812797546,0.009527658112347126,0.8846973180770874,0.863143265247345,0.6901381015777588,0.3533766269683838,1.3596837520599365,0.29327210783958435,1.5042376518249512,1.2425588369369507,0.35807499289512634,1.1196012496948242,0.08385856449604034,0.0017617752309888601,1.074117660522461,0.6920186281204224,0.044788818806409836,0.9070385694503784,0.4066249132156372,0.5718715786933899,0.47409456968307495,0.37096115946769714,0.2287253588438034,0.45307686924934387,0.004788580816239119,0.514199435710907
0.4932919144630432,0.4499453902244568,0.005850863642990589,0.2203429639339447,0.22557485103607178,0.6019866466522217,0.19441820681095123,5.7665324211120605,1.0792053937911987,1.0059936046600342,0.23741070926189423,0.9434463977813721,1.2654423713684082,0.00039999998989515007,0.2887260615825653,1.2994199991226196,0.19352196156978607,3.526071548461914,0.49761122465133667,0.15931148827075958,0.9585525989532471,0.8861884474754333,1.0616989135742188,0.6896287798881531,1.1086909770965576,0.1346168965101242,0.9576398730278015,0.5015109181404114,0.10722126811742783,0.6088044047355652,0.3481180965900421,0.2314082831144333,0.06867849826812744,0.9949892163276672,0.7090486884117126,0.6126273274421692,0.5069498419761658,1.348251223564148,0.08053430169820786,1.6723731756210327,1.3005491495132446,0.07991422712802887,1.0488111972808838,0.10185214877128601,0.10460615903139114,1.0758861303329468,0.705506443977356,0.005380603484809399,0.9992176294326782,0.38763898611068726,0.685638964176178,0.5162138342857361,0.2303646355867386,0.15111227333545685,0.32022106647491455,0.040932029485702515,0.4415929317474365
0.16935929656028748,0.45332613587379456,0.08414957672357559,0.48162031173706055,0.28349536657333374,0.6807613968849182,0.1013200655579567,5.823665142059326,1.5062520503997803,0.4919279217720032,0.09632287174463272,1.3976563215255737,1.3171136379241943,0.00039999998989515007,0.10417725145816803,1.1904964447021484,0.4586694836616516,3.3775625228881836,0.06428559869527817,0.1140897274017334,0.9919980764389038,0.8949077129364014,0.5446711778640747,1.072946548461914,0.597737193107605,0.39478620886802673,0.21537791192531586,0.03885539621114731,0.33595919609069824,0.9105706810951233,0.5122765898704529,0.22223134338855743,0.1795475333929062,1.2659231424331665,0.9082152843475342,0.37816759943962097,0.32197248935699463,1.0275262594223022,0.9398316740989685,1.7881613969802856,1.2929950952529907,0.5858252048492432,0.6669321060180664,0.2757132351398468,0.06844139099121094,0.985501766204834,0.4372546076774597,0.17156237363815308,1.0056495666503906,0.044359274208545685,0.8654484748840332,0.18746355175971985,0.11256728321313858,0.3275899291038513,0.452889621257782,0.3647679090499878,0.30610784888267517
0.4454650282859802,0.5327365398406982,0.0035866114776581526,0.22567839920520782,0.3054003119468689,0.5653661489486694,0.07533547282218933,5.746995449066162,1.034650444984436,1.0604678392410278,0.2527582049369812,0.944054901599884,1.3046451807022095,0.00039999998989515007,0.3778843879699707,1.176357626914978,0.06032732501626015,3.3353192806243896,0.5543721318244934,0.24500446021556854,1.0627485513687134,0.8943949341773987,1.0302960872650146,0.5769334435462952,1.0767582654953003,0.11250566691160202,0.8795832991600037,0.5982375741004944,0.039956722408533096,0.5517042875289917,0.4483639597892761,0.24479447305202484,0.03470596671104431,1.0967845916748047,0.7403131723403931,0.6084886193275452,0.432534396648407,1.5742570161819458,0.03626203536987305,1.7092374563217163,1.2755428552627563,0.19588349759578705,1.055687665939331,0.021938087418675423,0.03338794782757759,1.2495256662368774,0.6958473920822144,0.056279368698596954,0.8838220238685608,0.46067169308662415,0.5631691217422485,0.5146500468254089,0.3699493110179901,0.13303755223751068,0.29849714040756226,0.20031046867370605,0.45577800273895264
0.34052416682243347,0.7542353272438049,0.06795649975538254,0.050553202629089355,0.3390267789363861,0.4604896903038025,0.166427344083786,5.706658363342285,1.2402573823928833,0.8060554265975952,0.30265262722969055,0.9124757647514343,1.1615108251571655,0.00039999998989515007,0.36483505368232727,1.1049772500991821,0.07260136306285858,3.729660749435425,0.26815614104270935,0.26178205013275146,0.9222068786621094,0.7363981604576111,1.2073625326156616,0.8627001047134399,1.075418472290039,0.14065143465995789,0.875339150428772,0.3084603548049927,0.18260963261127472,0.5243850946426392,0.36893367767333984,0.3599388003349304,0.1623712182044983,1.0623962879180908,0.6624670028686523,0.7951750755310059,0.3236145079135895,1.383779525756836,0.21408581733703613,1.4631452560424805,1.3201144933700562,0.08214900642633438,1.0721442699432373,0.15268585085868835,0.01974819041788578,1.07318115234375,0.6012663841247559,0.194735586643219,1.0149825811386108,0.34828513860702515,0.5959693193435669,0.5789397358894348,0.21932503581047058,0.3310587406158447,0.485940158367157,0.009370525367558002,0.40993645787239075
0.32538989186286926,0.45156678557395935,0.11098980158567429,0.14240588247776031,0.268278032541275,0.41415032744407654,0.058059193193912506,5.713234901428223,1.1866291761398315,1.0465487241744995,0.4296512007713318,0.7971570491790771,1.3841288089752197,0.00039999998989515007,0.41219401359558105,1.2283766269683838,0.08453379571437836,3.272162914276123,0.3737877905368805,0.29114794731140137,1.053115725517273,0.8348069787025452,1.089618444442749,0.8365544676780701,1.1362926959991455,0.047060027718544006,0.9823166131973267,0.34494107961654663,0.04349261149764061,0.6667988300323486,0.3229634761810303,0.3090747892856598,0.12912563979625702,1.0625128746032715,0.7792007327079773,0.7590129375457764,0.6875676512718201,1.173579216003418,0.07965124398469925,1.806729793548584,1.2649126052856445,0.008213692344725132,0.9755067825317383,0.19202624261379242,0.16917575895786285,1.1546947956085205,0.5601385235786438,0.0006277498323470354,0.9599839448928833,0.5144906044006348,0.6483715772628784,0.6709678173065186,0.24447523057460785,0.1866694986820221,0.275557279586792,0.055378224700689316,0.35008421540260315
0.39211592078208923,0.5641116499900818,0.028479253873229027,0.13941314816474915,0.20023494958877563,0.6196009516716003,0.19789251685142517,5.754817962646484,1.1912347078323364,1.023279070854187,0.3030562102794647,0.8558246493339539,1.2219949960708618,0.00039999998989515007,0.27589741349220276,1.2570372819900513,0.16300040483474731,3.7450599670410156,0.3594367504119873,0.23075398802757263,0.9730534553527832,0.7364560961723328,1.0941163301467896,0.8178965449333191,1.0710920095443726,0.1688181310892105,0.9320265650749207,0.31490516662597656,0.15944503247737885,0.7260621786117554,0.23709048330783844,0.27757829427719116,0.011932360008358955,0.9394357800483704,0.7287878394126892,0.71580570936203,0.4980431795120239,1.170494556427002,0.08183006197214127,1.5550260543823242,1.3052740097045898,0.07605487108230591,1.0478897094726562,0.15370294451713562,0.1232995092868805,0.9613521099090576,0.6235578656196594,0.017745506018400192,0.9940564632415771,0.35068318247795105,0.7426213622093201,0.4650387763977051,0.17297400534152985,0.24419812858104706,0.3597201406955719,0.11461891233921051,0.34570959210395813
0.39687222242355347,0.3422992527484894,0.035967521369457245,0.21494407951831818,0.1521904021501541,0.6254584789276123,0.21052971482276917,5.750985622406006,1.0478942394256592,1.0595792531967163,0.2871120572090149,0.8840324282646179,1.2159857749938965,0.00039999998989515007,0.12828412652015686,1.3929791450500488,0.17661552131175995,3.641249179840088,0.5525335669517517,0.1841568946838379,1.0062782764434814,0.7292504906654358,1.008299469947815,0.7769854068756104,1.089546799659729,0.17894898355007172,0.9737948775291443,0.4888974130153656,0.14249242842197418,0.7835512161254883,0.19773024320602417,0.2955402433872223,0.15955378115177155,0.9780193567276001,0.6844587922096252,0.6928751468658447,0.585978627204895,1.2275553941726685,0.021657008677721024,1.6804838180541992,1.2477774620056152,0.0295244213193655,1.0198986530303955,0.0167576614767313,0.17943307757377625,0.9461668729782104,0.6789188981056213,0.10273081809282303,0.9723770022392273,0.4025832414627075,0.7292841672897339,0.49777543544769287,0.26265189051628113,0.11017806828022003,0.3220643699169159,0.10026592016220093,0.42981281876564026
0.4560370445251465,0.6986336708068848,0.4728010296821594,0.13062606751918793,0.16129179298877716,0.5171330571174622,0.3276296854019165,5.810174465179443,0.6382917165756226,1.2304993867874146,0.012746772728860378,0.9455001354217529,1.1336110830307007,0.00039999998989515007,0.24814920127391815,1.6178717613220215,0.08842003345489502,3.2796990871429443,0.753648579120636,6.340317486319691e-05,0.8964618444442749,0.9381002187728882,1.0762313604354858,0.6218128800392151,0.7770577073097229,0.2785358130931854,0.808271586894989,0.7962281703948975,0.37825003266334534,0.9470969438552856,0.460545152425766,0.622890055179596,0.25640973448753357,0.9549568891525269,0.8179746866226196,1.0385318994522095,0.4512554705142975,1.0449161529541016,0.206198051571846,1.4505501985549927,0.9277417063713074,0.32123854756355286,1.1156972646713257,0.18518458306789398,0.025580154731869698,0.9791176319122314,0.6790045499801636,0.0031350175850093365,0.9069898724555969,0.7118959426879883,0.4031142294406891,0.5285719633102417,0.5804625749588013,0.06953553110361099,0.2799912989139557,0.12298077344894409,0.6966685652732849
0.489450603723526,0.45209676027297974,0.3046824634075165,0.2960854172706604,0.3347046375274658,0.3726746141910553,0.006174860056489706,5.465651988983154,1.0294617414474487,0.8808689117431641,0.093508280813694,1.051234483718872,1.391205906867981,0.00039999998989515007,0.15521815419197083,1.0786014795303345,0.22404682636260986,3.7242953777313232,0.5523948073387146,0.43138179183006287,1.0380713939666748,1.208971381187439,1.1727832555770874,0.5983594655990601,1.030142903327942,0.06732281297445297,0.8422737717628479,0.42943668365478516,0.2290869504213333,0.27340826392173767,0.697012186050415,0.32543623447418213,0.07565576583147049,0.7784292101860046,0.9787784218788147,0.5397837162017822,0.3914540410041809,1.5939371585845947,0.44320064783096313,1.4431618452072144,1.2054569721221924,0.24689307808876038,0.9082539677619934,0.137595996260643,0.08074383437633514,1.214402437210083,0.8024516105651855,0.1941787153482437,1.0406285524368286,0.3035992980003357,0.43706366419792175,0.5148810148239136,0.27975964546203613,0.4246752858161926,0.7416285276412964,0.01450191531330347,0.329485684633255
0.7443544864654541,0.05224430188536644,0.32293301820755005,0.5624123811721802,0.06244590878486633,0.6379923820495605,0.03207353502511978,5.533165454864502,0.9586724042892456,0.7959397435188293,0.07161758840084076,0.9337580800056458,1.468830943107605,0.00039999998989515007,0.18489155173301697,1.2101261615753174,0.1176748126745224,3.861388921737671,0.4217812418937683,0.3741767704486847,0.8896577954292297,1.1605921983718872,1.0440852642059326,0.5577583909034729,0.9018409848213196,0.0024895959068089724,0.7322162389755249,0.25960588455200195,0.238937109708786,0.602786123752594,0.43500351905822754,0.0031790812499821186,0.1041841208934784,0.6342189908027649,1.1252646446228027,0.28222373127937317,0.7669277191162109,0.9885950088500977,0.13339917361736298,1.5893462896347046,1.466853141784668,0.044387880712747574,0.7749090194702148,0.3653007447719574,0.4421345889568329,0.971764326095581,0.8621895909309387,0.46311691403388977,1.2897655963897705,0.0035004140809178352,0.8068577647209167,0.22890982031822205,0.07504379004240036,0.3363538980484009,0.622942328453064,0.30706992745399475,0.19867731630802155
0.3173036277294159,0.751439094543457,0.02414150908589363,0.2960793077945709,0.06210983917117119,0.9437166452407837,0.09046505391597748,5.7146897315979,1.2495628595352173,0.7377108335494995,0.02264580689370632,1.3291951417922974,1.3499221801757812,0.00039999998989515007,0.14106464385986328,1.139054536819458,0.2818096876144409,3.4278838634490967,0.4527832567691803,0.1040138304233551,1.1271382570266724,0.8813378214836121,0.6118907332420349,1.0345858335494995,0.8157380819320679,0.29998940229415894,0.680854320526123,0.2294415980577469,0.10282230377197266,1.0664933919906616,0.5581085681915283,0.18436361849308014,0.34175997972488403,1.0008803606033325,0.9729602336883545,0.46564310789108276,0.26037174463272095,1.4578588008880615,0.42432618141174316,1.7017414569854736,0.930928647518158,0.3333105146884918,0.5587911605834961,0.6018883585929871,0.06854455173015594,1.0344908237457275,0.4934062063694,0.6570395827293396,0.644482433795929,0.16231490671634674,1.0149396657943726,0.2360595464706421,0.37814077734947205,0.2792789936065674,0.4035198986530304,0.5712143182754517,0.22542479634284973
0.40600359439849854,0.39999955892562866,0.007009280379861593,0.2094474732875824,0.11556987464427948,0.7822778224945068,0.20354010164737701,5.711781978607178,1.2160875797271729,1.1673673391342163,0.25323787331581116,0.8199834227561951,1.3945568799972534,0.00039999998989515007,0.4049663543701172,1.2575573921203613,0.22295603156089783,3.398026466369629,0.3445846438407898,0.13674761354923248,0.9740943312644958,0.937978208065033,1.0067927837371826,0.7993469834327698,1.0696284770965576,0.08734947443008423,1.0526896715164185,0.22706979513168335,0.1004180833697319,0.7145699262619019,0.33372294902801514,0.13452193140983582,0.09009604156017303,0.8530487418174744,0.8983839750289917,0.5155869722366333,0.5828884840011597,1.020532488822937,0.014199331402778625,1.7518311738967896,1.411014437675476,0.22122299671173096,1.0504415035247803,0.3255625367164612,0.20611914992332458,1.0380926132202148,0.7215560078620911,0.06414058804512024,1.014987587928772,0.37454912066459656,0.8194248080253601,0.45776981115341187,0.18318235874176025,0.21741200983524323,0.2578858435153961,0.012459040619432926,0.21553294360637665
0.45435795187950134,0.4289703369140625,0.030726883560419083,0.2282516211271286,0.1854776293039322,0.6559460163116455,0.18185970187187195,5.746001243591309,1.064976692199707,1.0708366632461548,0.22433197498321533,0.9328727126121521,1.2631512880325317,0.00039999998989515007,0.2721988260746002,1.327998399734497,0.15888389945030212,3.5580737590789795,0.5186528563499451,0.16792353987693787,0.9817925095558167,0.8508377075195312,1.0294398069381714,0.6826986074447632,1.0681904554367065,0.15629532933235168,0.928500235080719,0.4934637248516083,0.1349758505821228,0.6647540330886841,0.33847787976264954,0.2324012964963913,0.10546274483203888,0.9702314734458923,0.7545710206031799,0.6070433855056763,0.5118700265884399,1.3037855625152588,0.048352502286434174,1.6738619804382324,1.336625576019287,0.11467500030994415,1.0777331590652466,0.10848120599985123,0.11029885709285736,1.048427939414978,0.7159454822540283,0.07527127116918564,0.9925417900085449,0.37388885021209717,0.6848469376564026,0.47605350613594055,0.2540804147720337,0.1707608997821808,0.3331984579563141,0.010108847171068192,0.40245336294174194
0.22703087329864502,0.43086370825767517,0.2515292167663574,0.005704050417989492,0.1180405542254448,0.9897984862327576,0.08612518757581711,5.670785427093506,1.0497022867202759,1.3744394779205322,0.016842499375343323,0.8628201484680176,1.3721685409545898,0.00039999998989515007,0.3906959295272827,1.4095735549926758,0.053297191858291626,3.0566649436950684,0.4939301311969757,0.05939862132072449,0.8687073588371277,1.112975835800171,0.993198573589325,0.8200810551643372,0.9452921748161316,0.0758838877081871,1.199304223060608,0.31704026460647583,0.2839387357234955,0.7502050399780273,0.5181130766868591,0.22852008044719696,0.1301843225955963,0.7550206780433655,1.0960936546325684,0.5130624771118164,0.3820086121559143,0.8888301253318787,0.14772209525108337,1.7246696949005127,1.3823121786117554,0.5723375082015991,1.2175495624542236,0.36878278851509094,0.15633569657802582,1.0022093057632446,0.795702338218689,0.16436348855495453,0.9676286578178406,0.50836580991745,0.6342757344245911,0.5961232781410217,0.47021055221557617,0.168852299451828,0.40745434165000916,0.051557835191488266,0.4194542467594147
0.20138514041900635,0.43546992540359497,0.23170879483222961,0.007132268976420164,0.06974262744188309,0.7591663599014282,0.02661987766623497,5.693746566772461,0.7979036569595337,1.3288178443908691,0.05972485616803169,0.9093109369277954,1.1885452270507812,0.00039999998989515007,0.25317275524139404,1.5357837677001953,0.08043050765991211,3.403693675994873,0.7522692680358887,0.0660170167684555,1.0137314796447754,0.8501555323600769,0.9127521514892578,0.698589563369751,0.8439454436302185,0.1718512624502182,0.9710769653320312,0.6448083519935608,0.2789915204048157,0.7891272306442261,0.38937661051750183,0.4700063467025757,0.2928929924964905,0.9057046175003052,0.9226191639900208,0.7285714745521545,0.3678407073020935,1.1361750364303589,0.14857079088687897,1.6396374702453613,1.2105143070220947,0.44000694155693054,1.193443775177002,0.08175495266914368,0.06669385731220245,0.9649732112884521,0.8520084023475647,0.2998540997505188,0.8648279905319214,0.6068299412727356,0.4385106861591339,0.563191294670105,0.6275606155395508,0.08849097788333893,0.43215593695640564,0.13665461540222168,0.55808424949646
0.7170747518539429,0.4244592785835266,0.28329432010650635,0.3598964512348175,0.38201990723609924,0.5538697838783264,0.023318279534578323,5.549489974975586,0.9062772393226624,0.7824115753173828,0.05807896703481674,0.9469277262687683,1.4240121841430664,0.00039999998989515007,0.2112782895565033,1.0270271301269531,0.07149656862020493,3.7632596492767334,0.5468827486038208,0.4001174867153168,0.9427827596664429,1.137350082397461,1.2177571058273315,0.514279305934906,1.0350972414016724,0.05401116609573364,0.8966594934463501,0.4822693169116974,0.1456463485956192,0.4507713317871094,0.5524332523345947,0.13909052312374115,0.13215146958827972,0.7394200563430786,1.0054265260696411,0.4309782087802887,0.5471938252449036,1.5183236598968506,0.4583868086338043,1.4989924430847168,1.2933274507522583,0.1990247219800949,0.8567785620689392,0.14721524715423584,0.17085272073745728,1.167014479637146,0.7823557257652283,0.03741713985800743,1.0870505571365356,0.1257748156785965,0.6716053485870361,0.3953051269054413,0.1259312778711319,0.32395845651626587,0.6695997714996338,0.03251035884022713,0.23516945540905
0.8897002935409546,0.6355901956558228,0.1973157674074173,0.33466222882270813,0.11865269392728806,0.17272664606571198,0.13517285883426666,5.65687894821167,0.8683801889419556,1.3092644214630127,0.3085598349571228,0.9413326978683472,1.1181330680847168,0.00039999998989515007,0.6204637885093689,1.293892502784729,0.37996143102645874,3.5385499000549316,0.5823553800582886,0.2248942106962204,1.0474985837936401,0.9333635568618774,0.9982469081878662,0.0721626877784729,0.9739410281181335,0.3477647602558136,0.41243627667427063,0.8123242259025574,0.02211759425699711,0.3550821840763092,0.4898025691509247,0.472616970539093,0.4326305091381073,1.0511687994003296,0.40186628699302673,0.8388387560844421,0.5127764344215393,1.5439236164093018,0.05238857492804527,1.3692373037338257,1.2161160707473755,0.3662761151790619,1.248368740081787,0.07409198582172394,0.1140543669462204,1.2996009588241577,0.8768739104270935,0.13783711194992065,0.9081026911735535,0.6477521657943726,0.3693067729473114,0.1729952096939087,0.18333233892917633,0.04061604663729668,0.29670605063438416,0.21232424676418304,0.4085252583026886
0.8507336378097534,0.6290038228034973,0.393097460269928,0.2963967025279999,0.2964296340942383,0.7783511281013489,0.5222485065460205,5.489105701446533,1.0881919860839844,0.9759851694107056,0.040262073278427124,1.0994927883148193,1.4939277172088623,0.00039999998989515007,0.5304703116416931,1.0159088373184204,0.35902830958366394,3.4703235626220703,0.46979182958602905,0.1662737876176834,0.836001455783844,1.0924038887023926,1.195109248161316,0.457961767911911,1.3588351011276245,0.022069688886404037,1.059345006942749,0.4900936782360077,0.035454828292131424,0.282880961894989,0.3869533836841583,0.09580683708190918,0.2070409208536148,0.8930988311767578,0.5293573141098022,0.2785487473011017,0.24159123003482819,1.824232816696167,0.29546016454696655,1.4103108644485474,1.2900668382644653,0.053950730711221695,1.07292902469635,0.24932946264743805,0.03897026926279068,1.0720467567443848,0.6395452618598938,0.3868172764778137,0.8718927502632141,0.2575916647911072,0.8506800532341003,0.5852272510528564,0.07217451184988022,0.3496096432209015,0.22175627946853638,0.1829843819141388,0.6082999110221863
0.4527425467967987,0.5024293661117554,0.07109800726175308,0.21699801087379456,0.16390752792358398,0.7196174263954163,0.16197974979877472,5.7612223625183105,1.0171781778335571,1.2081221342086792,0.22595690190792084,0.8951983451843262,1.2702605724334717,0.00039999998989515007,0.2461668699979782,1.2901026010513306,0.11303399503231049,3.575378656387329,0.6011061668395996,0.19991114735603333,1.0812326669692993,0.8116846680641174,0.952807605266571,0.6150465607643127,1.0499615669250488,0.16022199392318726,0.9475428462028503,0.5354866981506348,0.05915219709277153,0.7133251428604126,0.3134065270423889,0.23381662368774414,0.11735958606004715,0.9191113710403442,0.7686135768890381,0.5984742641448975,0.48293834924697876,1.3926328420639038,0.06560341268777847,1.6460227966308594,1.2265193462371826,0.23397251963615417,1.0561507940292358,0.02213711477816105,0.036168865859508514,1.0630327463150024,0.7337015271186829,0.018799960613250732,0.842802107334137,0.44132494926452637,0.6946075558662415,0.3978562653064728,0.32897114753723145,0.13356341421604156,0.2501946687698364,0.0744769498705864,0.45940765738487244
0.3925146162509918,0.5853258967399597,0.014935873448848724,0.1334301233291626,0.32073304057121277,0.7307282090187073,0.1359342634677887,5.762685298919678,1.1120100021362305,1.0381680727005005,0.1980939507484436,0.9286393523216248,1.3249094486236572,0.00039999998989515007,0.43342629075050354,1.1894949674606323,0.08335777372121811,3.231261730194092,0.45575594902038574,0.14030450582504272,0.9551594257354736,0.9381137490272522,1.0716489553451538,0.6874628663063049,1.1053962707519531,0.07408387213945389,1.0404837131500244,0.47743576765060425,0.06374580413103104,0.5627684593200684,0.4335566759109497,0.15613465011119843,0.05403636768460274,1.032148003578186,0.8160144090652466,0.5234215259552002,0.38968196511268616,1.409705400466919,0.115568608045578,1.7480825185775757,1.3491169214248657,0.2519971430301666,1.096842646598816,0.171979159116745,0.004073170013725758,1.1703267097473145,0.6523451209068298,0.12728290259838104,0.9241660237312317,0.3967423737049103,0.6506989598274231,0.591460645198822,0.31841835379600525,0.19909565150737762,0.3885950446128845,0.150838702917099,0.4897272288799286
0.8187609314918518,0.5586235523223877,0.06634090095758438,0.37796536087989807,0.3446512818336487,0.4208836555480957,0.14359895884990692,5.216086387634277,1.0805726051330566,0.8522246479988098,0.5916219353675842,0.8305937647819519,1.3554532527923584,0.00039999998989515007,0.5952901244163513,0.7637979984283447,0.0522867776453495,3.995129108428955,0.3093263804912567,0.7662506103515625,1.1812689304351807,0.9738420248031616,1.2742674350738525,0.36367809772491455,1.123647928237915,0.022646242752671242,0.4256158769130707,0.37335461378097534,0.13035848736763,0.08570176362991333,0.5613768696784973,0.5885552763938904,0.23405522108078003,0.8841531276702881,0.5175303220748901,0.9272044897079468,0.6939561367034912,1.7804851531982422,0.3446553349494934,1.242655873298645,1.1806226968765259,0.05059553682804108,0.8432345390319824,0.3269572854042053,0.09806017577648163,1.4501762390136719,0.8489850759506226,0.12876766920089722,0.9532106518745422,0.5387177467346191,0.2894289493560791,0.41731294989585876,0.03269163519144058,0.35480931401252747,0.07273896038532257,0.01665216125547886,0.09092052280902863
0.25317898392677307,0.7258301973342896,0.043518949300050735,0.06841490417718887,0.22498837113380432,0.8520615100860596,0.13987639546394348,5.701557159423828,1.2320457696914673,1.3171533346176147,0.19726534187793732,0.864109992980957,1.3767914772033691,0.00039999998989515007,0.4181348979473114,1.1726592779159546,0.0045984904281795025,3.2596373558044434,0.4210273325443268,0.15848281979560852,1.0585572719573975,0.87645024061203,0.9555864334106445,0.7560485005378723,1.0647988319396973,0.09256859868764877,1.064814567565918,0.30005234479904175,0.027512745931744576,0.6904011368751526,0.42711135745048523,0.10600534826517105,0.004202602431178093,0.869929313659668,0.9606946110725403,0.5276461839675903,0.4011756181716919,1.27298104763031,0.05859847366809845,1.7327325344085693,1.315946102142334,0.39754602313041687,1.136762261390686,0.21311628818511963,0.0382160022854805,1.1206194162368774,0.5843426585197449,0.12862835824489594,0.7445492744445801,0.4340313673019409,0.7020020484924316,0.5178776979446411,0.3439464867115021,0.2994484603404999,0.3038153350353241,0.1202421486377716,0.4841979146003723
0.7448965311050415,0.30660977959632874,1.0436221361160278,0.13592465221881866,0.26285824179649353,0.5234040021896362,0.8544289469718933,5.478115558624268,1.1106213331222534,0.8999409675598145,0.6269963979721069,0.8526646494865417,1.054491400718689,0.00039999998989515007,0.6564627885818481,1.3899821043014526,0.8065704107284546,3.6229989528656006,0.3823097348213196,0.10766153782606125,1.0120567083358765,0.9458908438682556,0.8307603001594543,0.7052207589149475,1.3047056198120117,0.08163856714963913,1.2252148389816284,0.3655691146850586,0.3038704991340637,0.19587364792823792,0.07006044685840607,0.4153696596622467,0.2525210380554199,0.8866506814956665,0.12130985409021378,0.606792151927948,0.3288438320159912,1.0713295936584473,0.2859354019165039,1.5811326503753662,0.9992064833641052,0.13446693122386932,0.7995402216911316,0.5258063077926636,0.15709546208381653,0.8509608507156372,1.3642743825912476,0.18590213358402252,1.0214799642562866,0.7560315132141113,0.8949967622756958,0.4276685118675232,0.07477156072854996,0.010584351606667042,0.3127075433731079,0.32420867681503296,0.3730303943157196
0.48549506068229675,0.7264000773429871,0.5986891984939575,0.5189972519874573,0.44959384202957153,0.9451848864555359,0.055552296340465546,5.573251724243164,1.1614441871643066,1.330217957496643,0.14224816858768463,1.1379115581512451,1.3734854459762573,0.00039999998989515007,0.1338525116443634,1.0024843215942383,0.27297040820121765,3.8511669635772705,0.5371482372283936,0.3280138373374939,1.5119421482086182,0.8833087682723999,0.262663334608078,0.5323652625083923,0.6640145778656006,0.3256973624229431,0.38464245200157166,0.17664183676242828,0.18591448664665222,0.8899685740470886,0.5030798316001892,0.15996447205543518,0.06865747272968292,0.6971649527549744,0.9964510202407837,0.3271646797657013,0.26440051198005676,1.453618049621582,0.455409437417984,1.526659369468689,0.8914223313331604,0.24158452451229095,0.6025758981704712,0.317965030670166,0.1728893667459488,1.1000663042068481,0.9321222901344299,0.2553597688674927,0.37884050607681274,0.3517829179763794,0.9461969137191772,0.2979920506477356,0.3681875169277191,0.28170284628868103,0.13915367424488068,0.6497865915298462,0.13837528228759766
0.33212071657180786,0.7161322832107544,0.17825947701931,0.021728307008743286,0.43431323766708374,0.28043055534362793,0.02506822906434536,5.746714115142822,1.250488519668579,0.7587190270423889,0.47896769642829895,0.7821348905563354,1.277766227722168,0.00039999998989515007,0.12650133669376373,1.108906865119934,0.12375752627849579,3.504004955291748,0.2781526744365692,0.34286797046661377,0.9922986626625061,0.6604416966438293,1.235334038734436,1.0755236148834229,1.20003080368042,0.07972636073827744,1.0352954864501953,0.2422793209552765,0.06757025420665741,0.8121085166931152,0.1980227828025818,0.37392914295196533,0.1439170241355896,1.0440210103988647,0.6158826351165771,1.0005707740783691,0.6718716025352478,1.239706039428711,0.05062185972929001,1.580648422241211,0.9432052373886108,0.3166133761405945,0.7578766345977783,0.12368980050086975,0.1537049114704132,1.0240256786346436,0.28800010681152344,0.4743766784667969,0.8734086751937866,0.4479684829711914,0.7757413983345032,0.7028650045394897,0.1614096462726593,0.1922721564769745,0.3646946847438812,0.05264688655734062,0.5234455466270447
0.5717352628707886,0.10386541485786438,0.22687499225139618,0.33261340856552124,0.6354089379310608,0.6943729519844055,0.37826040387153625,5.93172550201416,0.7363396883010864,0.6500816941261292,0.23749001324176788,0.753351092338562,0.8378527760505676,0.00039999998989515007,0.07500848174095154,1.20272958278656,0.16872256994247437,3.6237998008728027,0.5620391368865967,0.2203713208436966,0.6283425688743591,0.3360297381877899,1.3039308786392212,0.3186325132846832,1.0874022245407104,0.3578186631202698,0.6835076808929443,0.9290210008621216,0.33129554986953735,0.7042015790939331,0.18475188314914703,0.20532165467739105,0.03823180869221687,1.3796885013580322,0.23133881390094757,0.5053224563598633,0.4140520691871643,1.5854917764663696,0.01112936157733202,1.4340713024139404,1.6121721267700195,0.0812811478972435,1.3164573907852173,0.01466777641326189,0.07358900457620621,0.8347538113594055,0.4628502428531647,0.28566962480545044,1.1952180862426758,0.04722774401307106,0.5139544606208801,0.37597352266311646,0.06728369742631912,0.24452203512191772,0.5738836526870728,0.292509526014328,0.4524666666984558
0.4072324335575104,0.3144354820251465,0.017940741032361984,0.25489118695259094,0.2002781182527542,0.7013352513313293,0.11224838346242905,5.896986484527588,0.9786638617515564,1.0779173374176025,0.3102223575115204,0.8328807353973389,1.3169689178466797,0.00039999998989515007,0.32102543115615845,1.2378294467926025,0.08864672482013702,3.4340696334838867,0.5393018126487732,0.25813227891921997,1.0736526250839233,0.8692991733551025,0.9710937738418579,0.6265860795974731,1.039792537689209,0.06710153818130493,0.9488421082496643,0.4984281361103058,0.056253716349601746,0.6777737140655518,0.27184972167015076,0.21404190361499786,0.10081090778112411,1.0146081447601318,0.7984623908996582,0.5209810733795166,0.5054338574409485,1.2892439365386963,0.03404757380485535,1.7422195672988892,1.2593013048171997,0.2043871432542801,0.9505852460861206,0.1429242640733719,0.1140800341963768,1.0889649391174316,0.7764177918434143,0.11800029128789902,0.9621025919914246,0.44763505458831787,0.6577293872833252,0.4568054974079132,0.35247719287872314,0.07721268385648727,0.3377721905708313,0.023677857592701912,0.27678927779197693
0.31190499663352966,0.08617657423019409,0.4282771050930023,0.43108394742012024,0.04132351279258728,0.25490903854370117,0.2588403820991516,5.66909122467041,0.9824704527854919,1.0261390209197998,0.1482488363981247,1.0022724866867065,1.4757217168807983,0.00039999998989515007,0.03893466666340828,1.2178869247436523,0.2887674868106842,3.752488613128662,0.6000835299491882,0.48083463311195374,1.1882814168930054,1.2609586715698242,0.9802043437957764,0.474129319190979,0.7085302472114563,0.052191056311130524,0.5539496541023254,0.38733774423599243,0.42853569984436035,0.40112680196762085,0.48722198605537415,0.3796751797199249,0.21037259697914124,0.7746607065200806,1.0765621662139893,0.3891943395137787,0.584656298160553,1.2463057041168213,0.0651460662484169,1.5220918655395508,1.1224195957183838,0.22516238689422607,0.9186204075813293,0.08399449288845062,0.1617298126220703,1.049768328666687,0.744537889957428,0.7772573828697205,1.1068519353866577,0.36900094151496887,0.3306623101234436,0.2634401023387909,0.2067992389202118,0.29166534543037415,0.7969021201133728,0.21649593114852905,0.049038998782634735
0.4780634045600891,0.5718603730201721,0.2695624828338623,0.18162065744400024,0.09699048101902008,0.708666205406189,0.502638041973114,5.665316581726074,1.259848952293396,0.6933017373085022,0.2708762586116791,1.0583175420761108,1.1505825519561768,0.00039999998989515007,0.2012042999267578,1.6076961755752563,0.6616649031639099,3.4377036094665527,0.24853289127349854,0.3025401532649994,0.7049263715744019,1.1569119691848755,1.028458833694458,1.2999705076217651,1.240517258644104,0.0475754551589489,1.454541802406311,0.0577576607465744,0.1198798343539238,0.610083281993866,0.3108866512775421,0.3183145523071289,0.08247332274913788,0.698685884475708,0.5596044659614563,0.7541619539260864,0.33775946497917175,0.6184810400009155,0.38469621539115906,1.5601708889007568,0.817315936088562,0.15253129601478577,0.6582522988319397,0.29673707485198975,0.309940367937088,0.6252835392951965,0.8577736616134644,0.5013526678085327,1.132918357849121,0.5570435523986816,1.0156571865081787,0.7617210745811462,0.131193608045578,0.24067403376102448,0.2833193242549896,0.034055445343256,0.6241469383239746
0.40812990069389343,0.5014712810516357,0.064411960542202,0.21311266720294952,0.26423895359039307,0.5660440325737,0.19574806094169617,5.823184013366699,1.0492173433303833,1.1032873392105103,0.28954753279685974,0.8968628644943237,1.210866928100586,0.00039999998989515007,0.2985799014568329,1.2234421968460083,0.09543787688016891,3.550584554672241,0.5438534021377563,0.23470395803451538,1.0418750047683716,0.7663030624389648,1.0024183988571167,0.6049630641937256,1.0784549713134766,0.1595582365989685,0.8836557269096375,0.5606249570846558,0.05630990117788315,0.5708260536193848,0.3170888423919678,0.27822399139404297,0.11390305310487747,1.0465518236160278,0.6510816812515259,0.6446360945701599,0.44493842124938965,1.5075258016586304,0.03585213050246239,1.6473761796951294,1.2747986316680908,0.17728985846042633,1.1018513441085815,0.04810406267642975,0.009623032994568348,1.1364027261734009,0.6892867088317871,0.005391993094235659,0.8650625944137573,0.44666773080825806,0.5778835415840149,0.4785137474536896,0.3357645869255066,0.11022990942001343,0.2649722993373871,0.09767893701791763,0.4888684153556824
0.5539771914482117,0.5116658806800842,0.4476052522659302,0.07718459516763687,0.17867501080036163,0.6933545470237732,0.5757777690887451,5.672484874725342,1.2302355766296387,0.5655198693275452,0.3988291621208191,0.9347426891326904,1.200518012046814,0.00039999998989515007,0.40996289253234863,1.3099578619003296,0.6104233860969543,3.171156167984009,0.27527451515197754,0.1960861086845398,0.7439721822738647,1.0215160846710205,1.1166836023330688,1.0921682119369507,1.4027512073516846,0.031076746061444283,1.5293573141098022,0.2657339870929718,0.11776501685380936,0.43997645378112793,0.1947934776544571,0.18306513130664825,0.21012863516807556,0.9569037556648254,0.3921642601490021,0.5758957862854004,0.36417779326438904,1.0742524862289429,0.3497311472892761,1.7442865371704102,0.9989948868751526,0.1558399647474289,0.736428439617157,0.31168878078460693,0.19367527961730957,0.8548431992530823,0.7998365759849548,0.6609214544296265,1.0595927238464355,0.5001583695411682,1.019270658493042,0.8187592625617981,0.0767778679728508,0.10789161175489426,0.22549045085906982,0.2644319534301758,0.6745820045471191
0.46153512597084045,0.5658896565437317,0.0452321395277977,0.23935654759407043,0.2087724208831787,0.8359445929527283,0.17189687490463257,5.872419357299805,1.1508854627609253,1.0953277349472046,0.1716192066669464,0.9166475534439087,1.3314412832260132,0.00039999998989515007,0.33713629841804504,1.1854026317596436,0.16170847415924072,3.519131660461426,0.41262295842170715,0.17567412555217743,0.9719934463500977,0.9058493971824646,0.9752004146575928,0.6502224206924438,1.028424859046936,0.12648621201515198,0.9234696626663208,0.35142946243286133,0.08043751865625381,0.6694018244743347,0.37000522017478943,0.02535439468920231,0.022420639172196388,0.893032968044281,0.8755243420600891,0.42962709069252014,0.4472033977508545,1.2848438024520874,0.040522508323192596,1.6721956729888916,1.3505812883377075,0.25621476769447327,1.037696361541748,0.17773109674453735,0.047648847103118896,1.0694220066070557,0.6360011696815491,0.06911319494247437,0.9121894836425781,0.2710390090942383,0.7673932313919067,0.37049558758735657,0.20161359012126923,0.22779464721679688,0.34855562448501587,0.08635330200195312,0.32355421781539917
0.328982949256897,0.6091126203536987,0.09484930336475372,0.1342773288488388,0.24847078323364258,0.6358928084373474,0.6535177230834961,5.465973377227783,1.4158506393432617,1.177518367767334,0.21657471358776093,0.9045093655586243,1.0931153297424316,0.00039999998989515007,0.03580188378691673,1.2700406312942505,0.14182455837726593,4.027070999145508,0.3513599634170532,0.15199239552021027,0.8452944159507751,0.6136898994445801,1.0920923948287964,0.8952433466911316,1.269901156425476,0.2241724580526352,1.128202199935913,0.17771390080451965,0.15318451821804047,0.534031093120575,0.18696926534175873,0.20571614801883698,0.07116518169641495,0.6452040672302246,0.5868624448776245,0.6688970923423767,0.47810110449790955,1.328856348991394,0.2981637716293335,1.406604528427124,1.3708761930465698,0.03985128924250603,1.2534044981002808,0.19954541325569153,0.14246664941310883,0.8123205900192261,0.46832552552223206,0.001786237582564354,0.8146079182624817,0.1918632984161377,0.7943089604377747,0.511293888092041,0.0077528757974505424,0.39927828311920166,0.3695552945137024,0.2073644995689392,0.7237350344657898
0.3362515866756439,0.5909357070922852,0.09404731541872025,0.12389299273490906,0.26925739645957947,0.5780730843544006,0.08408194035291672,5.894174575805664,1.0812760591506958,1.0478986501693726,0.2609083354473114,0.9598432183265686,1.2365875244140625,0.00039999998989515007,0.16023994982242584,1.24551260471344,0.008824095129966736,3.5815775394439697,0.4917263388633728,0.28209930658340454,1.0608428716659546,0.9279436469078064,1.0391645431518555,0.7485719919204712,1.053708791732788,0.0996234118938446,0.8963704109191895,0.4172933101654053,0.16656792163848877,0.6290866136550903,0.43543583154678345,0.3284977674484253,0.030469128862023354,0.9573168158531189,0.7862362265586853,0.7139139175415039,0.3348608613014221,1.356650948524475,0.10914962738752365,1.5211656093597412,1.0616610050201416,0.17885586619377136,0.9090893268585205,0.005001152399927378,0.01164940558373928,1.0743188858032227,0.6620961427688599,0.04971744492650032,0.9136698842048645,0.4833764433860779,0.5561638474464417,0.5187805891036987,0.41902169585227966,0.21544328331947327,0.45077764987945557,0.02203824743628502,0.4441659152507782
0.4842797517776489,0.4495559632778168,0.0018382474081590772,0.22027689218521118,0.22497053444385529,0.6143633723258972,0.19376349449157715,5.88749885559082,1.0572731494903564,0.9820486307144165,0.23940302431583405,0.9308595061302185,1.2355000972747803,0.00039999998989515007,0.2647073566913605,1.2888588905334473,0.19775936007499695,3.601024627685547,0.4834569990634918,0.17071440815925598,0.9410712718963623,0.8549074530601501,1.0383495092391968,0.6772645115852356,1.0676888227462769,0.14269767701625824,0.926243245601654,0.4813942015171051,0.12213621288537979,0.6124060153961182,0.31227582693099976,0.21908389031887054,0.06879609078168869,0.97978675365448,0.6997626423835754,0.6025570034980774,0.49407243728637695,1.3258459568023682,0.07089212536811829,1.6402326822280884,1.2748825550079346,0.09162603318691254,1.0236247777938843,0.09795645624399185,0.11162986606359482,1.045998215675354,0.6916479468345642,0.013973928056657314,0.9924094080924988,0.36455774307250977,0.6823949217796326,0.477209210395813,0.23385004699230194,0.12775388360023499,0.3382575213909149,0.02220642752945423,0.42114850878715515
0.2927704453468323,0.34064412117004395,0.1684899926185608,0.059475623071193695,0.02720053121447563,0.8506276607513428,0.029577115550637245,5.868619441986084,0.6999636292457581,1.26090669631958,0.0011934186331927776,0.957626223564148,1.1238089799880981,0.00039999998989515007,0.2347540557384491,1.5966960191726685,0.0405825600028038,3.431807518005371,0.7862011790275574,0.03018106520175934,0.9272701740264893,0.9044013023376465,0.8620970249176025,0.6059496402740479,0.801997184753418,0.20066195726394653,0.9489054679870605,0.7196760773658752,0.2983146011829376,0.7585899829864502,0.34935635328292847,0.39636531472206116,0.3133602440357208,0.9077993035316467,0.8618013262748718,0.6124993562698364,0.3147971034049988,1.1088727712631226,0.13421630859375,1.6321207284927368,1.2081856727600098,0.450863778591156,1.1822853088378906,0.08747484534978867,0.08226453512907028,0.9036591649055481,0.9257919788360596,0.31655001640319824,0.9233160018920898,0.5578957796096802,0.45925256609916687,0.49419859051704407,0.6131845712661743,0.018717152997851372,0.4188203513622284,0.10346890240907669,0.548559308052063
0.7673884630203247,0.4871722161769867,0.044749315828084946,0.23293426632881165,0.3998134434223175,0.5401977896690369,0.2721031904220581,5.864919185638428,0.939578115940094,0.6435397863388062,0.1704520881175995,1.0993260145187378,1.2065032720565796,0.00039999998989515007,0.1445181518793106,1.2284259796142578,0.3478289842605591,3.55570912361145,0.551118791103363,0.07560226321220398,0.7993700504302979,0.9328757524490356,1.1755553483963013,0.6380789279937744,1.169437289237976,0.14670518040657043,0.9210747480392456,0.6606374979019165,0.07657816261053085,0.5063667893409729,0.35036665201187134,0.16000968217849731,0.12875667214393616,1.0589903593063354,0.47421273589134216,0.5677017569541931,0.44204893708229065,1.6690400838851929,0.2206878364086151,1.5482964515686035,1.144757866859436,0.17564444243907928,0.8643956184387207,0.15265388786792755,0.061477068811655045,1.0671700239181519,0.6458760499954224,0.3585600256919861,1.0408111810684204,0.2933887541294098,0.7284831404685974,0.5105541348457336,0.13399507105350494,0.018176518380641937,0.3643682301044464,0.24510660767555237,0.5988537669181824
0.48410335183143616,0.4531465470790863,0.003407554468140006,0.218560129404068,0.22644086182117462,0.6196297407150269,0.1928449273109436,5.882852077484131,1.0555386543273926,0.9824586510658264,0.24010105431079865,0.9298296570777893,1.2329474687576294,0.00039999998989515007,0.2628392279148102,1.290995717048645,0.19588305056095123,3.6055033206939697,0.4850336015224457,0.17319589853286743,0.9389610290527344,0.8563148379325867,1.0420984029769897,0.674550473690033,1.0665507316589355,0.14339230954647064,0.9295713901519775,0.4825989603996277,0.12278999388217926,0.6125698685646057,0.3079918920993805,0.22455282509326935,0.06870527565479279,0.9772175550460815,0.6989369988441467,0.6038299202919006,0.4893684387207031,1.326015830039978,0.0769238993525505,1.6419223546981812,1.2752331495285034,0.09676671773195267,1.0236841440200806,0.09788785129785538,0.11000383645296097,1.047646164894104,0.6902745366096497,0.008053977973759174,0.9935288429260254,0.3594694435596466,0.6796742081642151,0.47243228554725647,0.24011372029781342,0.12954244017601013,0.34325477480888367,0.017201026901602745,0.4239899814128876
0.5168964862823486,1.1884751319885254,0.26589423418045044,0.13739921152591705,0.0490676611661911,0.48095864057540894,0.24411967396736145,5.721756458282471,1.2859539985656738,0.7905150651931763,0.23912152647972107,1.5797510147094727,1.2061896324157715,0.00039999998989515007,0.13590839505195618,1.3604536056518555,0.5104828476905823,3.327430486679077,0.35776880383491516,0.11746662855148315,0.8453873991966248,1.1103336811065674,0.7167845368385315,0.9724156260490417,0.7147161960601807,0.5151076316833496,0.3877110779285431,0.2732154130935669,0.32881101965904236,0.911161482334137,0.9230982065200806,0.010366505943238735,0.16635538637638092,0.9199761748313904,0.8330040574073792,0.8718615174293518,0.28116101026535034,1.3650672435760498,0.32200732827186584,1.409505009651184,0.7427094578742981,0.4069618284702301,0.7552628517150879,0.767822265625,0.14066287875175476,1.1072086095809937,0.24848555028438568,0.8652774095535278,0.640701413154602,0.26585179567337036,0.7775325179100037,0.2932951748371124,0.2956497371196747,0.2772282660007477,0.15609636902809143,0.6043976545333862,0.5881659984588623
0.37319090962409973,0.5665566921234131,0.07530021667480469,0.16166874766349792,0.31867164373397827,0.8132060766220093,0.173474982380867,5.858026027679443,1.0950371026992798,1.1024693250656128,0.11568567901849747,0.9231412410736084,1.2586421966552734,0.00039999998989515007,0.43406063318252563,1.2136350870132446,0.05954759567975998,3.336761474609375,0.4345122277736664,0.11885005235671997,0.8756319880485535,0.9056381583213806,1.0546475648880005,0.6022047996520996,1.0283968448638916,0.1301179826259613,0.9467599987983704,0.46843498945236206,0.1572452187538147,0.5514130592346191,0.4141770005226135,0.10190238803625107,0.0060143363662064075,0.9902469515800476,0.8458870053291321,0.44817203283309937,0.3473356068134308,1.339386224746704,0.10600266605615616,1.6799476146697998,1.4761381149291992,0.3615676760673523,1.2315192222595215,0.26387694478034973,0.004215535242110491,1.1083487272262573,0.6297216415405273,0.02084350399672985,0.9546206593513489,0.30483829975128174,0.5959574580192566,0.5180029273033142,0.28755441308021545,0.19578330218791962,0.4403779208660126,0.04175429046154022,0.4538072347640991
0.682571291923523,0.7837702631950378,0.2827860713005066,0.14438168704509735,0.32964056730270386,0.7941265106201172,0.5374318957328796,5.633601665496826,1.290681004524231,1.0168925523757935,0.20517195761203766,0.9076533317565918,1.1959296464920044,0.00039999998989515007,0.010295904241502285,1.1544727087020874,0.38721615076065063,3.7988357543945312,0.39857175946235657,0.08002591878175735,0.8663432598114014,0.7812994122505188,1.1201353073120117,0.7640535831451416,1.3391917943954468,0.18303121626377106,1.2084437608718872,0.29456546902656555,0.029406188055872917,0.6672663688659668,0.18785813450813293,0.0163730401545763,0.19307391345500946,0.6621384024620056,0.5420490503311157,0.5551003217697144,0.4881058633327484,1.4431302547454834,0.37016043066978455,1.4209357500076294,1.075972557067871,0.00642205448821187,0.9632089734077454,0.043615154922008514,0.04196127876639366,0.8711462020874023,0.44841670989990234,0.5314019918441772,0.7694159150123596,0.18337787687778473,1.0512033700942993,0.34566178917884827,0.07439250499010086,0.23689880967140198,0.2049046903848648,0.14583836495876312,0.7456989884376526
0.10771560668945312,0.08341049402952194,0.626746654510498,0.2845410704612732,0.4009014666080475,0.3462451696395874,0.25332504510879517,5.713910102844238,1.2839070558547974,1.3233270645141602,0.5679308176040649,0.9110269546508789,1.4207735061645508,0.00039999998989515007,0.4495910704135895,1.257831335067749,0.06548769772052765,3.7013769149780273,0.47431787848472595,0.1903146505355835,1.4413243532180786,1.0081908702850342,0.6956663727760315,0.4974796772003174,0.7118433117866516,0.024945074692368507,0.6098282933235168,0.26340532302856445,0.14603546261787415,0.2125830352306366,0.01577778160572052,0.4484356939792633,0.403294175863266,0.9574889540672302,0.548031747341156,0.20330891013145447,0.4073823392391205,1.2192760705947876,0.2154482752084732,1.6602275371551514,1.107203483581543,0.3383151888847351,1.1300270557403564,0.2694839537143707,0.09180592745542526,0.8464959859848022,0.9154380559921265,0.7881746888160706,0.9027112126350403,0.7762212753295898,0.4327693581581116,0.08708199858665466,0.06184782832860947,0.13289375603199005,0.23852254450321198,0.15572747588157654,0.09457544982433319
0.23094488680362701,0.42053306102752686,0.19890843331813812,0.16111694276332855,0.24681700766086578,0.29236525297164917,0.17580018937587738,5.701697826385498,1.2838767766952515,0.9611214995384216,0.37683337926864624,0.9049965739250183,1.2863727807998657,0.00039999998989515007,0.23410069942474365,1.2867794036865234,0.07357129454612732,3.4995203018188477,0.3253721594810486,0.28207170963287354,0.956615149974823,0.7768263220787048,1.0798770189285278,0.9534663558006287,1.130277395248413,0.10444851964712143,0.9329078793525696,0.25702279806137085,0.15321969985961914,0.5649496912956238,0.34526827931404114,0.3389686644077301,0.18062004446983337,1.0184835195541382,0.7222874760627747,0.8186979293823242,0.6639829874038696,1.1889392137527466,0.0932297632098198,1.7343261241912842,1.3112386465072632,0.17058102786540985,1.02719247341156,0.17100968956947327,0.23244132101535797,1.0863220691680908,0.49043771624565125,0.07365404814481735,0.9819508790969849,0.42083513736724854,0.591278076171875,0.7383688688278198,0.20832589268684387,0.27048972249031067,0.3829623758792877,0.161227747797966,0.4233528971672058
0.05374528840184212,0.07751926779747009,0.4322761595249176,0.24938932061195374,0.5609135627746582,0.39530518651008606,0.1712852269411087,5.855820178985596,1.0469127893447876,0.5486855506896973,0.46323642134666443,0.6895729303359985,0.9563041925430298,0.00039999998989515007,0.20639251172542572,1.0761569738388062,0.10155029594898224,3.5673205852508545,0.285317599773407,0.4718814790248871,0.7905685901641846,0.22849199175834656,1.2302545309066772,0.7589641213417053,0.9865517020225525,0.23923057317733765,0.610356867313385,0.5132546424865723,0.37504106760025024,0.6865687370300293,0.11429763585329056,0.350482314825058,0.008546128869056702,1.507466435432434,0.44026893377304077,0.7176961302757263,0.4675944745540619,1.3200286626815796,0.3258335292339325,1.612381100654602,1.6705514192581177,0.2709539532661438,1.1877068281173706,0.16293244063854218,0.1808052659034729,0.9320743083953857,0.36148297786712646,0.40412256121635437,1.193716049194336,0.13492846488952637,0.3783762753009796,0.6450238227844238,0.2104325145483017,0.00284297252073884,0.7678375244140625,0.46167227625846863,0.13268370926380157
0.7664400935173035,0.3163098096847534,0.42870470881462097,0.06131066009402275,0.07068216800689697,0.6654388308525085,0.5831691026687622,5.819880485534668,1.0497230291366577,0.5390275716781616,0.37064868211746216,0.9462301731109619,1.102073073387146,0.00039999998989515007,0.37395817041397095,1.4830302000045776,0.7855159640312195,3.415471076965332,0.3545912504196167,0.22901348769664764,0.673378050327301,1.0128477811813354,1.1071827411651611,0.8986446261405945,1.3037375211715698,0.0761142373085022,1.332827091217041,0.4197695553302765,0.0037504856009036303,0.4858191907405853,0.1028035581111908,0.24374277889728546,0.0483475923538208,0.9702720046043396,0.2904545068740845,0.5794023275375366,0.4397878348827362,0.9583650827407837,0.3135414719581604,1.651038408279419,1.04814875125885,0.17686131596565247,0.7583122849464417,0.2948693037033081,0.28129249811172485,0.7621868848800659,0.9454125165939331,0.40026581287384033,1.2525070905685425,0.45792144536972046,0.9968474507331848,0.6234530806541443,0.0026534220669418573,0.03786712512373924,0.15793243050575256,0.13936901092529297,0.5300150513648987
0.46033716201782227,0.5311799645423889,0.1857825219631195,0.06358741968870163,0.4766503870487213,0.2713603079319,0.010374768637120724,5.824226379394531,1.0747326612472534,0.7703025341033936,0.45300620794296265,0.9000943303108215,1.4180151224136353,0.00039999998989515007,0.2865918278694153,1.136142373085022,0.08732108771800995,3.219158411026001,0.3808678090572357,0.29330042004585266,0.9685225486755371,0.8324405550956726,1.2357027530670166,0.91001957654953,1.166641116142273,0.02443540468811989,0.9031450152397156,0.41261956095695496,0.0011368254199624062,0.6643186807632446,0.3182208240032196,0.2854551672935486,0.021421609446406364,1.1463236808776855,0.6442232728004456,0.8178916573524475,0.714910089969635,1.4295220375061035,0.06286318600177765,1.7370623350143433,1.0831607580184937,0.3264811336994171,0.7492992281913757,0.07072091847658157,0.1477312296628952,1.166945219039917,0.3581671416759491,0.3305259048938751,0.9411537051200867,0.5187647938728333,0.6290362477302551,0.770885705947876,0.20776714384555817,0.0923231691122055,0.3291756212711334,0.04847089201211929,0.47450950741767883
0.3435494303703308,0.4610566198825836,0.04008251801133156,0.1753397434949875,0.23799213767051697,0.5448179244995117,0.18410614132881165,5.834208011627197,1.0850666761398315,1.0246057510375977,0.29826992750167847,0.8889873027801514,1.204101324081421,0.00039999998989515007,0.24778534471988678,1.2683932781219482,0.07379738986492157,3.6519644260406494,0.4805375933647156,0.25023162364959717,1.002475619316101,0.7631075978279114,1.0431842803955078,0.7303345203399658,1.0575835704803467,0.1418979912996292,0.9007741808891296,0.455216646194458,0.14600612223148346,0.6035391092300415,0.290873259305954,0.32269299030303955,0.09450597316026688,1.0128272771835327,0.6975076794624329,0.6910881996154785,0.45698198676109314,1.3421459197998047,0.05351393297314644,1.6135822534561157,1.277923583984375,0.11099941283464432,1.0564721822738647,0.10705487430095673,0.09226331114768982,1.0512137413024902,0.681279182434082,0.07063757628202438,0.9579983353614807,0.4177303910255432,0.585845947265625,0.5252644419670105,0.31162145733833313,0.1688186079263687,0.38859793543815613,0.04959255829453468,0.41787251830101013
0.5014527440071106,0.5407120585441589,0.04705805703997612,0.19137483835220337,0.1402464061975479,0.7915116548538208,0.20009563863277435,5.88097620010376,1.1479626893997192,1.1037780046463013,0.21041938662528992,0.8984693288803101,1.3096015453338623,0.00039999998989515007,0.30035021901130676,1.3082036972045898,0.269649475812912,3.548380136489868,0.4011532962322235,0.11215221136808395,0.9390279054641724,0.9118344783782959,0.99317866563797,0.724750280380249,1.0587947368621826,0.1437472105026245,0.9849323034286499,0.3201359212398529,0.10140161961317062,0.7317853569984436,0.3072546422481537,0.09773653000593185,0.04584396630525589,0.8436982035636902,0.8258332014083862,0.5263933539390564,0.527450442314148,1.1049667596817017,0.05339622497558594,1.66008460521698,1.2743117809295654,0.17183665931224823,1.0022783279418945,0.18145275115966797,0.12992490828037262,0.978369414806366,0.6479948163032532,0.07299249619245529,0.9658586978912354,0.32698750495910645,0.8276797533035278,0.3934398293495178,0.1561545729637146,0.1949603259563446,0.27916985750198364,0.004563056398183107,0.35497981309890747
0.46865782141685486,0.07381773740053177,0.039567794650793076,0.5578926205635071,0.29865390062332153,0.46337494254112244,0.6213936805725098,5.155862331390381,1.1767020225524902,0.9254157543182373,0.41806021332740784,0.6549967527389526,1.3071925640106201,0.00039999998989515007,0.4208082854747772,0.9468015432357788,0.17510151863098145,4.5418701171875,0.4804058074951172,0.7055214047431946,1.1038846969604492,0.45616480708122253,1.067183256149292,0.7230653166770935,1.2384312152862549,0.00632823770865798,0.9304906725883484,0.06883417069911957,0.02411407232284546,0.6133518815040588,0.18427430093288422,0.07384571433067322,0.14281213283538818,0.47039440274238586,0.7242479920387268,0.37735146284103394,0.9371970891952515,1.385209083557129,0.18659405410289764,1.418070912361145,1.3349984884262085,0.29255935549736023,0.7657365798950195,0.1642266809940338,0.4746166467666626,0.6766295433044434,0.49759966135025024,0.4849964380264282,0.9035735130310059,0.11308791488409042,0.9017879366874695,0.195035919547081,0.2918552756309509,0.35041752457618713,0.6511600017547607,0.5536395907402039,0.1287223994731903
0.5491260290145874,0.6368442177772522,0.33277326822280884,0.1528954654932022,0.18977631628513336,0.8032259941101074,0.5071393251419067,5.732616901397705,1.233415126800537,0.5503456592559814,0.3210085928440094,0.8839195966720581,1.1750868558883667,0.00039999998989515007,0.46605101227760315,1.2933756113052368,0.5695174336433411,3.3373749256134033,0.176792174577713,0.19397038221359253,0.6638497710227966,1.0188419818878174,1.194164514541626,1.1047062873840332,1.2959091663360596,0.01677662320435047,1.4781808853149414,0.15675576031208038,0.014253286644816399,0.4996582865715027,0.19236807525157928,0.18685117363929749,0.3040110766887665,0.8719159364700317,0.5095665454864502,0.571546733379364,0.2933170795440674,0.8839505314826965,0.4908812940120697,1.6026493310928345,1.0683073997497559,0.010607410222291946,0.7836477160453796,0.4339933395385742,0.195156529545784,0.7651447057723999,0.7888784408569336,0.6260806918144226,1.1474324464797974,0.4061979055404663,1.0174040794372559,0.7315808534622192,0.028838833793997765,0.18905220925807953,0.370887815952301,0.12082312256097794,0.5625720024108887
0.6640958189964294,0.13264387845993042,0.1719471514225006,0.45418161153793335,0.35869744420051575,0.5241662263870239,0.04778716340661049,5.67681884765625,0.7342513203620911,0.7986999750137329,0.18188820779323578,0.8442600965499878,1.454106330871582,0.00039999998989515007,0.2776387333869934,1.0024226903915405,0.12466298788785934,3.5376088619232178,0.6751208901405334,0.4575865864753723,1.0626716613769531,1.1078273057937622,1.1019378900527954,0.37616756558418274,1.0133328437805176,0.1240415871143341,0.8981404304504395,0.6394814848899841,0.035234130918979645,0.39161252975463867,0.43287229537963867,0.17096546292304993,0.014492824673652649,0.8986507654190063,0.9450167417526245,0.3241930305957794,0.5979396104812622,1.6024023294448853,0.2763405740261078,1.6853744983673096,1.2710398435592651,0.23360927402973175,0.8029771447181702,0.14793150126934052,0.1936434805393219,1.2545126676559448,0.9226733446121216,0.22115035355091095,1.064042568206787,0.25862565636634827,0.5697728395462036,0.4049070477485657,0.27004966139793396,0.11522524058818817,0.5991828441619873,0.057509105652570724,0.14197584986686707
0.48234325647354126,0.4485640227794647,0.007768187206238508,0.22224284708499908,0.23347842693328857,0.6168596744537354,0.19448253512382507,5.859274387359619,1.0574313402175903,0.9884312748908997,0.23773087561130524,0.9283272624015808,1.2418432235717773,0.00039999998989515007,0.26800626516342163,1.2905150651931763,0.18694068491458893,3.5759780406951904,0.4924926161766052,0.17350810766220093,0.9453696608543396,0.8520067930221558,1.0475043058395386,0.6719191670417786,1.0773766040802002,0.1458265632390976,0.9295472502708435,0.4913133382797241,0.126841738820076,0.6084327101707458,0.3169529139995575,0.22417044639587402,0.06894534826278687,0.9886307716369629,0.7025734186172485,0.6005706787109375,0.4930855333805084,1.3343242406845093,0.07520397752523422,1.6504117250442505,1.2914665937423706,0.09414096921682358,1.0365163087844849,0.09732430428266525,0.1055762842297554,1.0583837032318115,0.6921932101249695,0.0023871909361332655,0.9971083998680115,0.36052995920181274,0.6751548051834106,0.4816823899745941,0.23693124949932098,0.13327087461948395,0.3484579622745514,0.019944358617067337,0.42368459701538086
0.23998387157917023,0.17111019790172577,0.04288148507475853,0.2676447629928589,0.06398678570985794,0.4493975043296814,0.08618590235710144,5.91094970703125,1.1841809749603271,1.0164244174957275,0.3430534601211548,0.9074983596801758,1.2791556119918823,0.00039999998989515007,0.30727753043174744,1.4275925159454346,0.19435667991638184,3.593412399291992,0.38777461647987366,0.15401700139045715,1.0203975439071655,0.8644633889198303,0.9289628267288208,0.7239934206008911,0.8441593647003174,0.16115306317806244,0.7263930439949036,0.3342103958129883,0.32870805263519287,0.6072513461112976,0.13891305029392242,0.3388567864894867,0.2814105153083801,1.0595029592514038,0.7079233527183533,0.5309572815895081,0.5960195064544678,0.9491090178489685,0.2298046052455902,1.7342960834503174,1.3397704362869263,0.015570666640996933,1.123632788658142,0.20796024799346924,0.1868610382080078,0.8942901492118835,0.6770865321159363,0.48969998955726624,1.1472153663635254,0.4347692131996155,0.5789662599563599,0.38390690088272095,0.11362183094024658,0.11786185950040817,0.4166923463344574,0.16477008163928986,0.1621374785900116
0.7003304958343506,0.3388286232948303,0.4515041708946228,0.009971464052796364,0.02402939647436142,0.7165549993515015,0.5800873041152954,5.7810773849487305,1.0609731674194336,0.6511958241462708,0.3882211148738861,0.8947145342826843,1.1239675283432007,0.00039999998989515007,0.3567192256450653,1.5044341087341309,0.7317752838134766,3.4453604221343994,0.37240684032440186,0.21736285090446472,0.7320241332054138,0.9830923080444336,1.0793397426605225,0.9468241333961487,1.300156593322754,0.06435615569353104,1.400049090385437,0.3679622411727905,0.015382860787212849,0.5471696853637695,0.07025299221277237,0.27450183033943176,0.014313177205622196,0.8989290595054626,0.3487611711025238,0.6023816466331482,0.44983744621276855,0.8809449672698975,0.33893251419067383,1.652403712272644,1.0103198289871216,0.108770951628685,0.7574978470802307,0.3184659779071808,0.288858026266098,0.7228271961212158,0.9572818279266357,0.3714807629585266,1.1928309202194214,0.5046776533126831,1.0197542905807495,0.6212206482887268,0.03644581139087677,0.0051886700093746185,0.1497090458869934,0.08803452551364899,0.5420976281166077
0.3091866672039032,0.5863145589828491,0.09369297325611115,0.1334594339132309,0.39401522278785706,0.6090884208679199,0.1429266482591629,5.790863990783691,1.1741002798080444,0.8937441110610962,0.23825550079345703,0.9216071963310242,1.2859981060028076,0.00039999998989515007,0.393390417098999,1.1159706115722656,0.01762361265718937,3.3438849449157715,0.3737655282020569,0.2191779464483261,0.9229742884635925,0.8592695593833923,1.124772071838379,0.762299656867981,1.1040641069412231,0.07300180941820145,0.9728286266326904,0.4047909379005432,0.1209394633769989,0.49739590287208557,0.4260375201702118,0.17895358800888062,0.10125754773616791,1.0843287706375122,0.7844765782356262,0.574759840965271,0.378982275724411,1.4340507984161377,0.09486770629882812,1.7108464241027832,1.3870290517807007,0.13932491838932037,1.0865478515625,0.1843649446964264,0.01873801462352276,1.174161434173584,0.5759754776954651,0.13329780101776123,0.9645469784736633,0.3251475393772125,0.5930216312408447,0.6478345990180969,0.28788742423057556,0.24888060986995697,0.5083717703819275,0.08383908122777939,0.4490033686161041
0.6832433342933655,0.19844293594360352,0.2523486018180847,0.4391041398048401,0.3734220266342163,0.49766770005226135,0.13160985708236694,5.57138729095459,0.8789926171302795,0.7671278715133667,0.09560434520244598,0.9323819875717163,1.3754501342773438,0.00039999998989515007,0.15639923512935638,1.091243028640747,0.07276055216789246,3.7585971355438232,0.5857424736022949,0.38647040724754333,0.899027407169342,1.0747472047805786,1.1850212812423706,0.478412389755249,1.0824614763259888,0.04929734021425247,0.9145351648330688,0.5285822153091431,0.15052105486392975,0.33510106801986694,0.47245514392852783,0.1492452621459961,0.013386464677751064,0.7803869247436523,0.9125238060951233,0.3696417808532715,0.6034348607063293,1.5403645038604736,0.3899921476840973,1.571990966796875,1.3959574699401855,0.1323392391204834,0.9210286140441895,0.22143477201461792,0.25565218925476074,1.150216817855835,0.8235142827033997,0.2479347288608551,1.137298583984375,0.11343104392290115,0.6011594533920288,0.456555038690567,0.11432663351297379,0.26216942071914673,0.6821299195289612,0.10029539465904236,0.2617042064666748
0.20128269493579865,0.7643942832946777,0.11604796350002289,0.2788163721561432,0.042283281683921814,0.8758479952812195,0.1699145883321762,5.826704978942871,1.3049793243408203,0.6450620293617249,0.017105238512158394,1.2628763914108276,1.3158828020095825,0.00039999998989515007,0.18941672146320343,1.0883156061172485,0.22067193686962128,3.572254180908203,0.3167532980442047,0.20428352057933807,1.0895456075668335,0.7649770379066467,0.6350777745246887,1.1237059831619263,0.724249541759491,0.3220721483230591,0.560547411441803,0.0763038620352745,0.21090127527713776,1.1280460357666016,0.48418858647346497,0.1697581261396408,0.361965537071228,1.0092170238494873,1.014503002166748,0.5283770561218262,0.28566068410873413,1.2925950288772583,0.5153322219848633,1.634972333908081,0.9500251412391663,0.4075290858745575,0.522973895072937,0.5738857984542847,0.010207383893430233,0.9705199599266052,0.3652231991291046,0.5997272729873657,0.6869633793830872,0.07774726301431656,0.9802265763282776,0.2158076912164688,0.33917367458343506,0.32163193821907043,0.5265063643455505,0.4001854956150055,0.08268599212169647
0.15454211831092834,0.23150552809238434,0.33502939343452454,0.38249239325523376,0.04542664438486099,0.8488583564758301,0.09870706498622894,5.9075493812561035,0.8758386373519897,1.0537790060043335,0.35726556181907654,0.5533824563026428,1.0376734733581543,0.00039999998989515007,0.15775322914123535,1.4442708492279053,0.1178823933005333,3.5487759113311768,0.3983105719089508,0.285602867603302,0.8545662760734558,0.31295639276504517,0.8932207822799683,0.537390947341919,0.6952667236328125,0.3571026921272278,0.5168332457542419,0.44338956475257874,0.47612184286117554,1.1294182538986206,0.3662301301956177,0.1781364232301712,0.3801582455635071,1.1654326915740967,0.6963918805122375,0.42813390493392944,0.7096109986305237,0.5646315813064575,0.5924527645111084,1.661895513534546,1.6363517045974731,0.0005511795170605183,1.2068052291870117,0.27956423163414,0.3410944640636444,0.5653761625289917,0.4917067587375641,0.9411759972572327,1.2189583778381348,0.1441991627216339,0.6120644211769104,0.17209108173847198,0.07532979547977448,0.1557990312576294,0.5181593894958496,0.7231478095054626,0.18748269975185394
0.6484017968177795,0.6102583408355713,0.33009395003318787,0.5842342376708984,0.1426175832748413,0.8247559666633606,0.21719273924827576,5.517507553100586,1.1576875448226929,0.4900722801685333,0.2725437581539154,1.3889623880386353,1.580348014831543,0.00039999998989515007,0.14739330112934113,0.8254314064979553,0.026278559118509293,3.6008269786834717,0.39061030745506287,0.3607228100299835,0.9752044081687927,1.330359935760498,0.8147411346435547,0.7186002135276794,0.7762730121612549,0.07267235964536667,0.5438417792320251,0.12899170815944672,0.1890678107738495,0.6448025107383728,0.900143563747406,0.4261271357536316,0.4852712154388428,0.6679251194000244,1.337570071220398,0.09517119079828262,0.35217562317848206,1.609276294708252,0.04024751856923103,1.5382344722747803,1.1245243549346924,0.17121198773384094,0.4465629756450653,0.31387630105018616,0.06392823159694672,1.213065505027771,0.5446394681930542,0.41673725843429565,0.8525679111480713,0.23795486986637115,0.9281017780303955,0.1257755309343338,0.10394404083490372,0.5295345187187195,0.8094556927680969,0.4298645555973053,0.06849793344736099
0.32483968138694763,0.39919549226760864,0.1456311196088791,0.1767428070306778,0.23639805614948273,0.4777086675167084,0.08513478189706802,5.818264961242676,1.2906543016433716,1.0395342111587524,0.36227962374687195,0.7691509127616882,1.418319821357727,0.00039999998989515007,0.3258143961429596,1.1847772598266602,0.2561531364917755,3.233330011367798,0.25869959592819214,0.21075187623500824,0.9633373022079468,0.8778737783432007,1.0709483623504639,0.9520972967147827,1.1039646863937378,0.09684804081916809,1.0161460638046265,0.16421927511692047,0.12607333064079285,0.7476520538330078,0.333139032125473,0.2311166375875473,0.10832631587982178,0.992145299911499,0.7932001948356628,0.7467833757400513,0.7298702001571655,1.0227036476135254,0.20163406431674957,1.7999494075775146,1.2678477764129639,0.05805867165327072,0.9550546407699585,0.14959099888801575,0.27028101682662964,1.1424962282180786,0.5152013301849365,0.11668607592582703,0.9871898293495178,0.4492514729499817,0.7706945538520813,0.593230128288269,0.19489562511444092,0.11326894164085388,0.1882634311914444,0.0270015187561512,0.23885346949100494
0.7750550508499146,0.8359048366546631,0.17612765729427338,0.24292615056037903,0.2865702509880066,0.18663552403450012,0.06408881396055222,5.687937259674072,1.0232099294662476,1.1771074533462524,0.2819404900074005,0.9659284353256226,1.2493818998336792,0.00039999998989515007,0.8553832769393921,1.0667214393615723,0.2533823847770691,3.195098876953125,0.40826982259750366,0.23387351632118225,1.0124166011810303,1.0974940061569214,1.0670926570892334,0.15463311970233917,1.0076402425765991,0.20834654569625854,0.49541953206062317,0.6646021604537964,0.030071228742599487,0.13880398869514465,0.7011184096336365,0.34513381123542786,0.20450447499752045,1.1195151805877686,0.5486924648284912,0.7190757989883423,0.3750084936618805,1.6362364292144775,0.12589269876480103,1.4765244722366333,1.2887402772903442,0.4828445017337799,1.2393325567245483,0.23666192591190338,0.21900704503059387,1.4991841316223145,0.7893878221511841,0.10986453294754028,0.8802149295806885,0.6122474074363708,0.31170853972435,0.34914204478263855,0.21856750547885895,0.10043003410100937,0.1422339230775833,0.3996831476688385,0.40689003467559814
0.566498339176178,0.5174437165260315,0.1482805758714676,0.18298763036727905,0.22106392681598663,0.8297304511070251,0.1876993477344513,5.85712194442749,0.965662956237793,0.9512982368469238,0.19395120441913605,0.926459014415741,1.2645726203918457,0.00039999998989515007,0.07564075291156769,1.265138030052185,0.2529818117618561,3.560535430908203,0.6334593892097473,0.11102443188428879,1.0134687423706055,0.8440642356872559,0.9790855646133423,0.7157678008079529,1.12352454662323,0.13161320984363556,1.111397385597229,0.5515628457069397,0.02244531735777855,0.7953871488571167,0.24043624103069305,0.13299746811389923,0.0880744606256485,0.8979276418685913,0.6959618330001831,0.5412257313728333,0.4556785821914673,1.4202483892440796,0.16266238689422607,1.6462525129318237,1.0146149396896362,0.05074341595172882,0.8262819051742554,0.16082444787025452,0.05785876512527466,0.980776846408844,0.7037379145622253,0.3299657702445984,0.8434754014015198,0.35863274335861206,0.8891202211380005,0.39414310455322266,0.2842252552509308,0.04657699167728424,0.31841519474983215,0.20646832883358002,0.5502653121948242
0.31656956672668457,0.25602832436561584,0.08440761268138885,0.037271443754434586,0.3371421694755554,0.6440439820289612,0.45247790217399597,5.874721050262451,0.9502435922622681,0.4299381673336029,0.8864128589630127,0.2817184031009674,1.024907112121582,0.00039999998989515007,0.4791080951690674,1.3679405450820923,0.5792871713638306,2.773975133895874,0.14344218373298645,0.0607646182179451,0.6535677313804626,0.328845739364624,1.2517482042312622,1.0021367073059082,1.3146528005599976,0.06637644022703171,1.3265019655227661,0.3727750778198242,0.03982971981167793,0.9910697340965271,0.7050835490226746,0.3255182206630707,0.0712585523724556,1.4528790712356567,0.12096881121397018,0.6829341650009155,0.8088687658309937,0.34205466508865356,0.33270493149757385,1.920384407043457,1.2569053173065186,0.48100900650024414,0.756052553653717,0.5344814658164978,0.5114280581474304,0.5135303735733032,0.49954110383987427,0.06281670182943344,1.3694316148757935,0.48497673869132996,0.9399377107620239,0.8102644085884094,0.08278721570968628,0.41427937150001526,0.2670890688896179,0.5524114966392517,0.13039764761924744
0.27791401743888855,0.8121584057807922,0.062461789697408676,0.30449801683425903,0.026842214167118073,0.9459485411643982,0.13241074979305267,5.843814849853516,1.2369104623794556,0.8487230539321899,0.018929770216345787,1.24790620803833,1.3253484964370728,0.00039999998989515007,0.10806076973676682,1.0882655382156372,0.25539258122444153,3.369976282119751,0.4462219476699829,0.15562209486961365,1.1671124696731567,0.7765256762504578,0.5660067200660706,0.923346996307373,0.7676049470901489,0.3575303852558136,0.5660691261291504,0.25972315669059753,0.09396521747112274,1.099673867225647,0.5048251152038574,0.20124965906143188,0.2887992858886719,1.056814432144165,0.9457217454910278,0.4739134907722473,0.2544426918029785,1.4836469888687134,0.5466059446334839,1.6916269063949585,0.9242274761199951,0.24718597531318665,0.6184412240982056,0.6416592001914978,0.14542677998542786,1.0819244384765625,0.4061182141304016,0.6427260041236877,0.5527035593986511,0.18524958193302155,0.9449834823608398,0.1517118364572525,0.41200464963912964,0.20929740369319916,0.314223974943161,0.595196008682251,0.2138846218585968
0.3872317671775818,0.6423390507698059,0.07470470666885376,0.129953533411026,0.279729962348938,0.7680113315582275,0.43917909264564514,5.600584030151367,1.3449125289916992,1.1263428926467896,0.2795598804950714,0.7879945635795593,1.2199444770812988,0.00039999998989515007,0.08987142145633698,1.1950764656066895,0.1559600681066513,3.9122164249420166,0.3696849048137665,0.22832903265953064,0.9522555470466614,0.594862699508667,1.0890491008758545,0.9261910319328308,1.25028657913208,0.18443723022937775,1.1655739545822144,0.1570533961057663,0.09105253964662552,0.8262274265289307,0.09212075918912888,0.10830550640821457,0.06362827867269516,0.6567783951759338,0.7030791640281677,0.647244930267334,0.5943759679794312,1.2224276065826416,0.1997733861207962,1.484516978263855,1.1842788457870483,0.030251581221818924,1.006742238998413,0.03088296204805374,0.15426331758499146,0.8027784824371338,0.3748193383216858,0.21072471141815186,0.7760383486747742,0.17659978568553925,0.9785373210906982,0.407243937253952,0.007997129112482071,0.32237234711647034,0.36493873596191406,0.16019855439662933,0.5911851525306702
0.3380065858364105,0.5978706479072571,0.04793769493699074,0.4254383444786072,0.017794055864214897,0.9955830574035645,0.07359054684638977,5.8678483963012695,1.3763198852539062,0.6835614442825317,0.052149977535009384,1.273008942604065,1.4531432390213013,0.00039999998989515007,0.036890462040901184,0.9914740920066833,0.39397531747817993,3.1904947757720947,0.2308100461959839,0.1083742082118988,1.0178011655807495,1.0625332593917847,0.6345750093460083,1.008497714996338,0.7769663333892822,0.27155280113220215,0.5981377959251404,0.012305009178817272,0.19847223162651062,0.978672981262207,0.6607537865638733,0.3443716764450073,0.3958204984664917,1.013295292854309,1.0511773824691772,0.2950649559497833,0.26515597105026245,1.2783836126327515,0.6039935946464539,1.7248616218566895,1.0857750177383423,0.25865817070007324,0.544201135635376,0.40930476784706116,0.014290097169578075,1.1338555812835693,0.48099982738494873,0.5886654853820801,0.8046425580978394,0.06367603689432144,1.0147180557250977,0.16059105098247528,0.28884467482566833,0.2354227751493454,0.3916594982147217,0.6326870322227478,0.10177327692508698
0.19347475469112396,0.7281513810157776,0.34775510430336,0.31084826588630676,0.6761752367019653,1.1560930013656616,0.13706718385219574,5.681396484375,0.9493948817253113,1.4597729444503784,0.19453392922878265,1.327966332435608,1.2101227045059204,0.00039999998989515007,0.27466192841529846,1.3849012851715088,0.23267453908920288,3.441547155380249,0.6605063080787659,0.02935793809592724,1.323988914489746,0.9798599481582642,0.06973467022180557,0.555068850517273,0.2963339388370514,0.4905844032764435,0.23235908150672913,0.354143887758255,0.16491059958934784,0.9408736824989319,0.7179362177848816,0.024128060787916183,0.263963520526886,0.8233808875083923,1.1468045711517334,0.36203914880752563,0.07162559032440186,1.1439592838287354,0.5657033920288086,1.5557085275650024,0.9899280071258545,0.5415069460868835,0.8902727961540222,0.2656930983066559,0.2664496600627899,1.0253363847732544,1.0942100286483765,0.019802292808890343,0.4282395541667938,0.5135968327522278,0.6077950596809387,0.17567004263401031,0.7571441531181335,0.17912843823432922,0.007069779559969902,0.6125246286392212,0.04832122474908829
0.6872158050537109,0.8264427185058594,0.11495529860258102,0.30214038491249084,0.177397221326828,0.7514469027519226,0.00462977634742856,5.697658061981201,1.2592610120773315,0.07295482605695724,0.06502068787813187,1.3308296203613281,1.3073703050613403,0.00039999998989515007,0.20074938237667084,0.8970153331756592,0.57779860496521,3.4690074920654297,0.23318420350551605,0.10934660583734512,0.882483720779419,0.9301120042800903,0.8675618171691895,1.0850673913955688,0.9673148393630981,0.23904524743556976,0.6923651695251465,0.15490953624248505,0.03903486207127571,0.9120709300041199,0.4677916467189789,0.3033979535102844,0.720197319984436,1.0410528182983398,0.6768773198127747,0.4460141360759735,0.28338125348091125,1.542371392250061,0.2192639410495758,1.5005489587783813,0.7219387888908386,0.7418973445892334,0.18448007106781006,0.697374701499939,0.010037492960691452,0.9796804785728455,0.34760454297065735,1.1951980590820312,0.8316980600357056,0.04992156848311424,1.2083923816680908,0.23176485300064087,0.018549710512161255,0.21860052645206451,0.46372687816619873,0.7018696069717407,0.18659000098705292
0.26335352659225464,0.3917393386363983,0.22894227504730225,0.0297850351780653,0.06527283787727356,0.8241811394691467,0.04191086068749428,5.8264594078063965,0.7491799592971802,1.2871081829071045,0.03644562140107155,0.9055564403533936,1.186911940574646,0.00039999998989515007,0.25417086482048035,1.567165493965149,0.013062715530395508,3.3737306594848633,0.747459352016449,0.025516033172607422,0.9516884684562683,0.8904484510421753,0.9043470621109009,0.6492775678634644,0.8183007836341858,0.1825142651796341,0.9723793864250183,0.6594370603561401,0.3072259724140167,0.8008814454078674,0.3598729968070984,0.4093296527862549,0.29546064138412476,0.8933150768280029,0.9272975921630859,0.6618998646736145,0.37459540367126465,1.0625585317611694,0.13278627395629883,1.65500009059906,1.1997874975204468,0.4419037401676178,1.1617205142974854,0.09110025316476822,0.09346191585063934,0.9424073100090027,0.8487866520881653,0.2918683886528015,0.9139348864555359,0.559809684753418,0.4720574617385864,0.5201447606086731,0.6013105511665344,0.031113581731915474,0.4396156370639801,0.14419414103031158,0.5326606631278992
0.7174897789955139,0.8143933415412903,0.07160826027393341,0.10495295375585556,0.4936944544315338,0.42382505536079407,0.28473079204559326,5.666045665740967,1.0996441841125488,1.1734848022460938,0.22504323720932007,0.8271429538726807,1.1333119869232178,0.00039999998989515007,0.05049876496195793,1.2390533685684204,0.22038590908050537,3.693786144256592,0.5068449378013611,0.19293507933616638,0.846293568611145,0.7064129710197449,1.2879111766815186,0.5332810878753662,1.2675141096115112,0.27681562304496765,0.9648926854133606,0.5652045011520386,0.12365785241127014,0.6595432758331299,0.23604914546012878,0.3157266080379486,0.05114973708987236,0.8024204969406128,0.4775025248527527,0.8666646480560303,0.639111340045929,1.5052802562713623,0.34892216324806213,1.331486701965332,1.1067332029342651,0.06256536394357681,1.2007536888122559,0.12710735201835632,0.01429006177932024,1.0203008651733398,0.3214009404182434,0.26627135276794434,0.8064137697219849,0.3324609100818634,0.7080977559089661,0.40846699476242065,0.009933121502399445,0.10563100129365921,0.13956694304943085,0.04998958110809326,0.8764482736587524
0.5015547275543213,0.5576477646827698,0.07757996022701263,0.1893516331911087,0.14379161596298218,0.7688782811164856,0.21232260763645172,5.846013069152832,1.1926872730255127,1.0811576843261719,0.2288392335176468,0.8977479934692383,1.328610897064209,0.00039999998989515007,0.3116677403450012,1.2952499389648438,0.28511500358581543,3.519730806350708,0.37376201152801514,0.11308415234088898,0.942341685295105,0.9140389561653137,1.0041985511779785,0.7561271786689758,1.0880414247512817,0.143967866897583,1.0036044120788574,0.291244238615036,0.09791634231805801,0.7084991931915283,0.320857435464859,0.0935615822672844,0.03126544877886772,0.8501574993133545,0.818351686000824,0.5355882048606873,0.5343939065933228,1.1031630039215088,0.05315045267343521,1.674092411994934,1.2689778804779053,0.13631227612495422,0.9883421063423157,0.1838115155696869,0.12986962497234344,0.9988264441490173,0.6349934935569763,0.11110179871320724,0.9698178172111511,0.3229160010814667,0.845939040184021,0.415442556142807,0.13448849320411682,0.22139430046081543,0.27280527353286743,0.026915526017546654,0.3579413890838623
0.4298478960990906,0.43779340386390686,0.034891143441200256,0.19446639716625214,0.18970799446105957,0.7105327248573303,0.19557037949562073,5.854314804077148,1.0177572965621948,1.119286298751831,0.20336796343326569,0.8714486360549927,1.1980539560317993,0.00039999998989515007,0.2801639139652252,1.3493705987930298,0.14021028578281403,3.6362075805664062,0.5134266018867493,0.158397376537323,0.9357078671455383,0.7835822701454163,1.0288975238800049,0.6308467388153076,1.013443946838379,0.19378946721553802,0.9059668779373169,0.49555742740631104,0.20131540298461914,0.6723489761352539,0.2631572484970093,0.2552596926689148,0.14187510311603546,0.9414213299751282,0.7450219392776489,0.5975149869918823,0.46752527356147766,1.2163358926773071,0.0881534144282341,1.6018606424331665,1.3569616079330444,0.22834542393684387,1.1443206071853638,0.16514867544174194,0.10450708866119385,0.9861701130867004,0.7141385078430176,0.15150059759616852,0.9986463785171509,0.3575499951839447,0.6394897103309631,0.42695048451423645,0.26364925503730774,0.13231469690799713,0.3646600842475891,0.1027914434671402,0.404947966337204
0.1618918478488922,1.0006929636001587,0.20270796120166779,0.12335682660341263,0.01836465485394001,0.8555582165718079,0.3248416483402252,5.763622760772705,1.2212486267089844,0.7458209991455078,0.10975871235132217,1.3091317415237427,1.3350802659988403,0.00039999998989515007,0.1362188309431076,1.0939432382583618,0.07680542767047882,3.456228733062744,0.4004211127758026,0.14950361847877502,1.1057443618774414,0.8949131369590759,0.65644371509552,1.1100128889083862,0.658719539642334,0.28768667578697205,0.6045137047767639,0.13507772982120514,0.24425457417964935,1.0651779174804688,0.6909414529800415,0.05939429625868797,0.3818320035934448,0.9329622983932495,1.139046549797058,0.6165025234222412,0.16828373074531555,1.3648083209991455,0.3032243847846985,1.5648711919784546,0.8320351839065552,0.18372732400894165,0.5808608531951904,0.6201547980308533,0.1137499287724495,1.0591260194778442,0.4109833836555481,0.7105672955513,0.5900995135307312,0.19925831258296967,0.845168948173523,0.2882145345211029,0.5140637159347534,0.3795883059501648,0.5654638409614563,0.5036050081253052,0.2657981514930725
0.4733370244503021,0.5801283121109009,0.1534785032272339,0.14614863693714142,0.4477602243423462,0.5514594316482544,0.06656554341316223,5.855649471282959,1.067169189453125,0.6821786761283875,0.1687057465314865,1.0096970796585083,1.2590301036834717,0.00039999998989515007,0.3846457302570343,1.1377944946289062,0.12905369699001312,3.2830042839050293,0.41047337651252747,0.15022334456443787,0.8246945142745972,0.948888897895813,1.191099762916565,0.7118191719055176,1.0841799974441528,0.09361336380243301,0.927196741104126,0.5337250232696533,0.17792946100234985,0.46589991450309753,0.4879131317138672,0.1923295259475708,0.18605154752731323,1.1622250080108643,0.7058205604553223,0.5849729180335999,0.347380667924881,1.5006155967712402,0.16344933211803436,1.6621625423431396,1.3218497037887573,0.04779723286628723,1.009686827659607,0.07090672105550766,0.009748405776917934,1.203826665878296,0.6070587635040283,0.2582283914089203,1.0713328123092651,0.2984582483768463,0.5862893462181091,0.6428924202919006,0.269377201795578,0.16067969799041748,0.5451427102088928,0.1769748479127884,0.4720170497894287
0.18018478155136108,0.1952376663684845,0.15793009102344513,0.556903064250946,0.17845088243484497,0.44841721653938293,0.20690719783306122,5.736418724060059,1.0840020179748535,1.188594102859497,0.5825986862182617,0.5958561897277832,1.0967363119125366,0.00039999998989515007,0.6621701121330261,1.215284824371338,0.14878353476524353,3.554553747177124,0.25369083881378174,0.4184982180595398,1.1168242692947388,0.47947317361831665,0.7387548685073853,0.21782976388931274,0.6256375312805176,0.327065110206604,0.1588747203350067,0.38185787200927734,0.29236337542533875,0.5328430533409119,0.19989201426506042,0.2854195237159729,0.577523410320282,1.2938607931137085,0.5250585675239563,0.3219096064567566,0.5774905681610107,0.8187870383262634,0.7108417749404907,1.6560598611831665,1.7595289945602417,0.2628968358039856,1.3629698753356934,0.5738536715507507,0.12333692610263824,0.875850260257721,0.7832515239715576,1.1829955577850342,1.1770128011703491,0.3582629859447479,0.34160006046295166,0.0064829690381884575,0.006925217807292938,0.055628370493650436,0.17297734320163727,0.3850135803222656,0.45589321851730347
0.04413207247853279,0.00013822143955621868,0.37155792117118835,0.1140022873878479,0.039373405277729034,0.7306022644042969,0.05278928205370903,5.847789764404297,0.9346965551376343,1.3060144186019897,0.2219327986240387,0.7028287649154663,1.3670158386230469,0.00039999998989515007,0.07079310715198517,1.4413666725158691,0.03564951568841934,3.0422348976135254,0.569745659828186,0.13472256064414978,1.053256630897522,0.9371703863143921,0.872913658618927,0.9807019829750061,0.8858032822608948,0.08319403231143951,1.0963196754455566,0.2938373386859894,0.3303087055683136,0.9945719242095947,0.2998979687690735,0.4320610463619232,0.33760616183280945,0.9070224165916443,0.9927480220794678,0.7305759787559509,0.615135669708252,0.7315852046012878,0.2957150936126709,1.808695912361145,1.1022474765777588,0.20788945257663727,0.9147630929946899,0.08240196853876114,0.3741001784801483,0.9710030555725098,0.7993680238723755,0.3602657616138458,0.9764475226402283,0.6855705976486206,0.5780730247497559,0.6006404161453247,0.6478937268257141,0.10366974025964737,0.33103325963020325,0.1445210725069046,0.16931729018688202
0.37925323843955994,0.4029296040534973,0.19441187381744385,0.19576241075992584,0.3359611928462982,0.36743608117103577,0.05084655061364174,5.837567329406738,1.2896734476089478,0.8441856503486633,0.3804453909397125,0.8117002844810486,1.4173907041549683,0.00039999998989515007,0.35384273529052734,1.131032109260559,0.28279805183410645,3.130642890930176,0.2189134955406189,0.22273293137550354,0.9091379046440125,0.89720219373703,1.143962025642395,0.9519296288490295,1.1432026624679565,0.08387548476457596,0.9703778624534607,0.20946469902992249,0.12624631822109222,0.6764715313911438,0.37188759446144104,0.21254487335681915,0.023813840001821518,1.1122448444366455,0.7265047430992126,0.7528822422027588,0.7336775064468384,1.1118214130401611,0.21702134609222412,1.8190091848373413,1.2746381759643555,0.19737206399440765,0.9053347110748291,0.1106448844075203,0.2601044774055481,1.204133152961731,0.45514336228370667,0.21948927640914917,1.0563380718231201,0.4113384485244751,0.7451362609863281,0.6670507788658142,0.14758923649787903,0.09806286543607712,0.24001941084861755,0.07886335253715515,0.2447524517774582
0.40745311975479126,0.5678448677062988,0.0010632799239829183,0.14137513935565948,0.13888339698314667,0.7655143141746521,0.20525646209716797,5.854089736938477,1.229310393333435,1.0744330883026123,0.2612159848213196,0.835433840751648,1.2634629011154175,0.00039999998989515007,0.1945013403892517,1.3067291975021362,0.26470208168029785,3.695763111114502,0.327144593000412,0.1566198468208313,0.9356298446655273,0.7614886164665222,1.0219422578811646,0.8719395399093628,1.0504173040390015,0.19609683752059937,0.9901441335678101,0.20480665564537048,0.1735389530658722,0.8549858927726746,0.19802674651145935,0.15507599711418152,0.023076271638274193,0.8279237747192383,0.7971249222755432,0.6491727828979492,0.5608055591583252,0.9826871156692505,0.011358179152011871,1.5946471691131592,1.2383570671081543,0.05565204098820686,0.9797585010528564,0.12758469581604004,0.17679166793823242,0.8861078023910522,0.54628586769104,0.09635162353515625,0.963983416557312,0.29160386323928833,0.879645824432373,0.3907972574234009,0.12561558187007904,0.2186533361673355,0.3141603469848633,0.1126534640789032,0.32949158549308777
0.18567876517772675,0.4255724549293518,0.06817556172609329,0.11077620834112167,0.34036386013031006,0.627791166305542,0.5414668917655945,5.4959869384765625,1.4259777069091797,1.403088092803955,0.5261035561561584,0.5094478130340576,1.2811866998672485,0.00039999998989515007,0.18096043169498444,1.129028081893921,0.015978161245584488,3.594053268432617,0.25481152534484863,0.3687596321105957,1.0231529474258423,0.5336788892745972,1.1488335132598877,0.8613274097442627,1.3481545448303223,0.08184972405433655,1.2411075830459595,0.05671003460884094,0.028636131435632706,0.6757053136825562,0.01744580641388893,0.2385500818490982,0.17879486083984375,0.7164968252182007,0.6946965456008911,0.673388659954071,0.7285882234573364,1.0381356477737427,0.07122202217578888,1.6025292873382568,1.3950905799865723,0.16925078630447388,1.2038582563400269,0.4443584680557251,0.22924797236919403,0.8889132738113403,0.38460153341293335,0.20031237602233887,0.8052237629890442,0.36476653814315796,0.7892681360244751,0.5696249604225159,0.02192121557891369,0.3073798716068268,0.25048524141311646,0.3869765102863312,0.471646785736084
0.7045407891273499,0.11415601521730423,0.1828434318304062,0.5057700872421265,0.3161541223526001,0.5923755764961243,0.12236638367176056,5.639455318450928,1.017656922340393,0.8635517358779907,0.16002649068832397,0.8233336806297302,1.5258517265319824,0.00039999998989515007,0.24588559567928314,0.978617787361145,0.062202151864767075,3.5710208415985107,0.42667025327682495,0.4032115638256073,0.9462835788726807,1.2177739143371582,1.146423578262329,0.5279468297958374,1.090383768081665,0.09236757457256317,0.9489166140556335,0.29098179936408997,0.11951597034931183,0.4077359139919281,0.500422477722168,0.03964243456721306,0.017080189660191536,0.7084999084472656,1.0070022344589233,0.2827565371990204,0.6699334979057312,1.3034989833831787,0.22603489458560944,1.622617244720459,1.382243037223816,0.20909322798252106,0.8040614724159241,0.33906006813049316,0.3265388011932373,1.1986225843429565,0.8502475023269653,0.20557329058647156,1.1727553606033325,0.14539363980293274,0.739278256893158,0.3481449782848358,0.05609840527176857,0.22497425973415375,0.5227797627449036,0.015943914651870728,0.02281433343887329
0.23303057253360748,0.44302603602409363,0.09117869287729263,0.15337640047073364,0.28145068883895874,0.4536621570587158,0.03055022656917572,5.784183502197266,1.1102875471115112,1.0638995170593262,0.41611793637275696,0.7674920558929443,1.4042167663574219,0.00039999998989515007,0.5806862115859985,1.1272345781326294,0.0563044473528862,3.144827127456665,0.3848107159137726,0.3513902425765991,1.1034035682678223,0.8803412318229675,1.035556435585022,0.7131252884864807,1.0343413352966309,0.007258768193423748,0.9067762494087219,0.38469362258911133,0.0387062169611454,0.5309929251670837,0.39805740118026733,0.2961495518684387,0.1381070911884308,1.1280207633972168,0.8714213967323303,0.6532367467880249,0.5548872351646423,1.2314748764038086,0.10047093033790588,1.8485689163208008,1.3308864831924438,0.20676489174365997,1.0149320363998413,0.2999616861343384,0.08296294510364532,1.2693407535552979,0.6619791984558105,0.09159577637910843,0.9405134320259094,0.5359585285186768,0.4997120201587677,0.6622958183288574,0.3793375492095947,0.18856289982795715,0.34352439641952515,0.007672911509871483,0.2388484925031662
0.49619191884994507,0.4549828767776489,0.002668589586392045,0.219562366604805,0.24031786620616913,0.6211584806442261,0.19597189128398895,5.857511520385742,1.0378273725509644,0.9663694500923157,0.22420205175876617,0.9233658909797668,1.2301695346832275,0.00039999998989515007,0.2765190005302429,1.2970213890075684,0.18626277148723602,3.5563552379608154,0.49669963121414185,0.15587294101715088,0.9265828728675842,0.8460067510604858,1.0647003650665283,0.6565294861793518,1.0778415203094482,0.15623362362384796,0.9286940693855286,0.5130835771560669,0.150137796998024,0.5934968590736389,0.3192897439002991,0.23441684246063232,0.06528733670711517,1.0036700963974,0.6952608227729797,0.5970401167869568,0.4820912480354309,1.3347845077514648,0.0946006327867508,1.6430281400680542,1.305168867111206,0.10066419094800949,1.059976577758789,0.09804717451334,0.10415717214345932,1.0634410381317139,0.7074141502380371,0.003879269352182746,1.0246188640594482,0.3523210287094116,0.6607352495193481,0.48805978894233704,0.23762297630310059,0.12977945804595947,0.36382338404655457,0.03056184947490692,0.4368972182273865
0.24749715626239777,0.12286503612995148,0.17876335978507996,0.304252564907074,0.03285989537835121,0.4566306471824646,0.10313644260168076,5.959753036499023,1.1242165565490723,0.9577399492263794,0.45189741253852844,0.9151840806007385,1.2999595403671265,0.00039999998989515007,0.29977062344551086,1.3369760513305664,0.1776966005563736,3.467725992202759,0.4983539879322052,0.2099706530570984,1.1816307306289673,0.9109504222869873,0.8797730207443237,0.6425402760505676,0.9153730273246765,0.10144898295402527,0.7667600512504578,0.46605658531188965,0.2094510793685913,0.5224450826644897,0.13627222180366516,0.3574340343475342,0.19006049633026123,1.1921956539154053,0.598209023475647,0.470238596200943,0.46879246830940247,1.2034066915512085,0.24775637686252594,1.7849923372268677,1.1608799695968628,0.02841854654252529,0.9762290120124817,0.0726533755660057,0.058844443410634995,0.9953778982162476,0.7943399548530579,0.37950703501701355,1.0823813676834106,0.5519284605979919,0.5545207858085632,0.36733824014663696,0.23956778645515442,0.03339184820652008,0.38295692205429077,0.07583408802747726,0.17465783655643463
0.37880557775497437,0.19771459698677063,0.028332743793725967,0.3278702199459076,0.03605514392256737,0.6193003058433533,0.199240580201149,5.889973163604736,1.0807145833969116,0.9870055317878723,0.3022303581237793,0.8846696615219116,1.2237920761108398,0.00039999998989515007,0.34230759739875793,1.3929355144500732,0.24228671193122864,3.6089675426483154,0.40058815479278564,0.1988297402858734,0.9470805525779724,0.7715161442756653,0.9238566160202026,0.7004488110542297,0.9422575831413269,0.20561932027339935,0.7483730912208557,0.3802250027656555,0.2228756844997406,0.676359236240387,0.2186531126499176,0.22044724225997925,0.2579328417778015,1.0587738752365112,0.7358596920967102,0.5608360767364502,0.569542407989502,1.0059618949890137,0.21139195561408997,1.7277657985687256,1.4538925886154175,0.02451406791806221,1.0475547313690186,0.26845479011535645,0.23454880714416504,0.9706729054450989,0.7653993964195251,0.35125988721847534,1.1370549201965332,0.33075496554374695,0.644056499004364,0.41825419664382935,0.19840513169765472,0.12023411691188812,0.3416179120540619,0.17332471907138824,0.09799498319625854
0.12219060957431793,0.7218473553657532,0.08443443477153778,0.027430221438407898,0.3203110694885254,0.6018312573432922,0.34834304451942444,5.558470249176025,1.3595794439315796,1.2283074855804443,0.3179425597190857,0.8028639554977417,1.1632620096206665,0.00039999998989515007,0.1281360238790512,1.1716359853744507,0.15451078116893768,3.935612916946411,0.37518754601478577,0.38154688477516174,1.0672615766525269,0.5935152173042297,1.1006191968917847,0.9797006845474243,1.1955581903457642,0.15382859110832214,1.0652389526367188,0.11873158067464828,0.19913463294506073,0.7183058857917786,0.22300848364830017,0.3464622497558594,0.04316618666052818,0.6989503502845764,0.7689059376716614,0.8217774033546448,0.41283947229385376,1.2811893224716187,0.22713634371757507,1.352643370628357,1.1050875186920166,0.10883932560682297,1.044414758682251,0.038798946887254715,0.06780394166707993,0.8665658235549927,0.39572176337242126,0.01928277127444744,0.7325460314750671,0.34181681275367737,0.6730049252510071,0.532596230506897,0.25633591413497925,0.4366641342639923,0.527644157409668,0.25508010387420654,0.6128149032592773
0.38148272037506104,0.14794418215751648,0.07522009313106537,0.30996477603912354,0.007045734208077192,0.4712689518928528,0.0004954332835040987,5.998744964599609,1.089874029159546,0.7991422414779663,0.31274017691612244,0.9545862674713135,1.312401533126831,0.00039999998989515007,0.29605334997177124,1.393142819404602,0.28059256076812744,3.491687536239624,0.41445714235305786,0.14125438034534454,0.9764553308486938,0.9231384992599487,0.9700024724006653,0.7109560966491699,0.8592074513435364,0.14857475459575653,0.7271794676780701,0.42134568095207214,0.3149872422218323,0.650974690914154,0.17476199567317963,0.27026742696762085,0.15922409296035767,1.148294448852539,0.6943292617797852,0.5003134608268738,0.6046797633171082,1.014879822731018,0.235307514667511,1.7740569114685059,1.2805514335632324,0.11525022983551025,0.9674041867256165,0.08964962512254715,0.197919562458992,0.9494447112083435,0.6915228366851807,0.30454280972480774,1.2207406759262085,0.37629207968711853,0.6508852243423462,0.3866601288318634,0.1099737361073494,0.04300794377923012,0.4559769332408905,0.054884448647499084,0.1168917566537857
0.7648972868919373,0.6955622434616089,0.058982353657484055,0.6799877882003784,0.24718719720840454,1.121279001235962,0.20027993619441986,5.187820911407471,1.2204654216766357,0.7192254662513733,0.30266931653022766,1.1839632987976074,1.4209381341934204,0.00039999998989515007,0.5648585557937622,0.6127764582633972,0.03818107023835182,4.204448699951172,0.46587929129600525,0.47130152583122253,0.9972059726715088,0.9079722166061401,0.8167257308959961,0.547772228717804,0.9220618605613708,0.19260142743587494,0.6474593877792358,0.06400202959775925,0.08934781700372696,0.7810491919517517,0.5194118022918701,0.6145566701889038,0.5745611786842346,0.3033386766910553,1.181523084640503,0.07353285700082779,0.3804725408554077,1.8509602546691895,0.206631600856781,1.205483317375183,1.1519007682800293,0.07436137646436691,0.5803605914115906,0.43264228105545044,0.009762713685631752,0.9409566521644592,0.36602434515953064,0.44203630089759827,0.5661512613296509,0.5647664666175842,1.1862096786499023,0.2602091133594513,0.17825764417648315,0.5789562463760376,0.7624481916427612,0.3149036467075348,0.10463403165340424
0.4505660831928253,0.5125423669815063,0.037410516291856766,0.21944265067577362,0.19104577600955963,0.730173647403717,0.10269352048635483,5.838414192199707,0.9894572496414185,1.185240387916565,0.20493866503238678,0.8862175345420837,1.2828036546707153,0.00039999998989515007,0.23635534942150116,1.274539589881897,0.09390948712825775,3.5484957695007324,0.6035193800926208,0.20983867347240448,1.067348837852478,0.8268265724182129,0.9511856436729431,0.5919325947761536,1.0161986351013184,0.1639476716518402,0.9219557046890259,0.5390132665634155,0.08929859101772308,0.7149012684822083,0.324072003364563,0.21165746450424194,0.10937964916229248,0.9190230965614319,0.8024168014526367,0.5779259204864502,0.47836393117904663,1.377081036567688,0.0580945760011673,1.6543049812316895,1.2057697772979736,0.24846020340919495,1.0339958667755127,0.0011796299368143082,0.030065154656767845,1.0888763666152954,0.7036299705505371,0.004086082801222801,0.8419860005378723,0.4102419912815094,0.6748384237289429,0.3784100413322449,0.3501422703266144,0.11499924957752228,0.2903018295764923,0.07780911028385162,0.4473249316215515
0.7985668182373047,0.3996957838535309,0.6547403931617737,0.03154614940285683,0.04807094484567642,0.8073870539665222,0.6994017362594604,5.701554298400879,0.9815434217453003,0.7439281940460205,0.3758668303489685,0.9479928016662598,1.1876133680343628,0.00039999998989515007,0.25477203726768494,1.4591243267059326,0.6880876421928406,3.524480104446411,0.4952279031276703,0.25090453028678894,0.7958195805549622,0.9510763883590698,1.0759950876235962,0.9187771677970886,1.32821786403656,0.06198406592011452,1.406445860862732,0.42522770166397095,0.12246640771627426,0.5452268719673157,0.012952055782079697,0.22951354086399078,0.03747533634305,0.8028530478477478,0.2830579876899719,0.512273371219635,0.41562753915786743,1.1426465511322021,0.4337086081504822,1.5737104415893555,0.8946292400360107,0.12226275354623795,0.6795727610588074,0.1601318120956421,0.19941353797912598,0.6742348074913025,0.9351375102996826,0.4861050546169281,1.0358866453170776,0.5655755996704102,1.0470049381256104,0.5609731078147888,0.02560468204319477,0.036027126014232635,0.0905751883983612,0.21680420637130737,0.6857234239578247
0.5063433051109314,0.2260751873254776,0.8361822962760925,0.6009006500244141,0.9188680052757263,0.3139686584472656,0.2663130760192871,5.486439228057861,0.7097854614257812,0.5916866064071655,0.4392908215522766,0.32261922955513,1.4300187826156616,0.00039999998989515007,0.4557425081729889,0.565086305141449,0.5055074095726013,3.0876216888427734,0.33031025528907776,0.9583454728126526,0.8561373353004456,0.6217188239097595,1.4549885988235474,0.09325391799211502,0.9712334275245667,0.10672350227832794,0.49371591210365295,0.5889211893081665,0.19676819443702698,0.5232283473014832,0.03212995082139969,0.029522737488150597,0.024632958695292473,1.2277271747589111,0.9421631097793579,0.2534617781639099,0.9433540105819702,1.3749898672103882,0.12988902628421783,1.6664999723434448,1.80968177318573,0.09563519060611725,0.9841400980949402,0.5016010999679565,0.311062753200531,1.2701923847198486,0.28191983699798584,0.7570463418960571,1.255250334739685,0.11766079068183899,0.3309656083583832,0.42447584867477417,0.0919886901974678,0.009750867262482643,0.8970357179641724,0.6572868824005127,0.3539451062679291
0.2779460549354553,0.3632216155529022,0.15253479778766632,0.06012393906712532,0.03728574886918068,0.9597500562667847,0.09543308615684509,5.835946083068848,0.8921753764152527,1.424077033996582,0.03920595720410347,0.8211832046508789,1.1915106773376465,0.00039999998989515007,0.17466464638710022,1.5967938899993896,0.15665161609649658,3.47851300239563,0.6330126523971558,0.04516781121492386,0.9128057956695557,0.8199631571769714,0.8620261549949646,0.7408947944641113,0.8388894200325012,0.25261443853378296,1.0176783800125122,0.4525347352027893,0.3339693248271942,0.9674187898635864,0.24208827316761017,0.31196078658103943,0.33997175097465515,0.7448296546936035,0.9290591478347778,0.6331943273544312,0.48151785135269165,0.800957202911377,0.030636467039585114,1.6206510066986084,1.2483001947402954,0.41855376958847046,1.1950324773788452,0.14890968799591064,0.19588100910186768,0.7986621856689453,0.7883460521697998,0.2933546006679535,0.9159092307090759,0.49050474166870117,0.6670203804969788,0.3898600935935974,0.4468025267124176,0.026547137647867203,0.2965974807739258,0.21530410647392273,0.44036251306533813
0.34346941113471985,0.011362535879015923,0.3727559447288513,0.4038751721382141,0.5278544425964355,0.7639877796173096,0.1255304217338562,5.963590145111084,0.8499317765235901,0.8540564775466919,0.30395904183387756,0.6359850764274597,1.0536079406738281,0.00039999998989515007,0.236910879611969,1.1575634479522705,0.002357861492782831,3.392489433288574,0.4588875472545624,0.38157251477241516,0.7910324931144714,0.35311588644981384,1.1594659090042114,0.36762914061546326,0.9448241591453552,0.30460894107818604,0.5821898579597473,0.7187920808792114,0.3498024046421051,0.8598474860191345,0.1350131630897522,0.10077688097953796,0.07211174070835114,1.376895785331726,0.582339882850647,0.4251772165298462,0.5620917677879333,1.2785593271255493,0.3430129587650299,1.6610041856765747,1.7395256757736206,0.020521720871329308,1.281172513961792,0.14830656349658966,0.12762832641601562,0.9329370260238647,0.38824009895324707,0.5295690298080444,1.1657878160476685,0.05132557079195976,0.5081228613853455,0.3476150929927826,0.1299743801355362,0.1475173979997635,0.6052934527397156,0.4202837347984314,0.10103288292884827
1.0092467069625854,0.5239813923835754,0.2935553193092346,0.05311635881662369,0.2001880556344986,0.3587125241756439,0.3142915964126587,5.839643478393555,0.8299838900566101,0.5062238574028015,0.3370002210140228,0.9816785454750061,1.0824438333511353,0.00039999998989515007,0.45960402488708496,1.5394748449325562,0.8830001354217529,3.073239326477051,0.47610750794410706,0.2978200912475586,0.6255515813827515,1.1475530862808228,1.23404860496521,0.7113955616950989,1.285282015800476,0.1397893875837326,1.207497000694275,0.7150339484214783,0.015550807118415833,0.4660447835922241,0.26653939485549927,0.43889695405960083,0.0003431757213547826,1.094107747077942,0.14233097434043884,0.8465567827224731,0.4923572540283203,1.075677752494812,0.4083942770957947,1.5562621355056763,0.7738409638404846,0.1904585212469101,0.7393414378166199,0.045198336243629456,0.16604386270046234,0.930626630783081,0.8697366118431091,0.6487415432929993,1.2238178253173828,0.6690167188644409,0.8311266899108887,0.6656021475791931,0.05801094323396683,0.23629851639270782,0.05207085981965065,0.30076783895492554,0.7683066129684448
0.5546116232872009,0.8943644762039185,0.17036153376102448,0.4415697455406189,0.06664153188467026,1.0216410160064697,0.015011580660939217,5.736402988433838,1.2274492979049683,0.7129622101783752,0.15817075967788696,1.3831318616867065,1.343329906463623,0.00039999998989515007,0.040572624653577805,0.905587375164032,0.296213835477829,3.442599058151245,0.4191231429576874,0.13137903809547424,1.0454527139663696,1.0120372772216797,0.6420990228652954,0.6475042700767517,0.7887579202651978,0.32155898213386536,0.4990561306476593,0.31815019249916077,0.07096750289201736,0.7515889406204224,0.7247135043144226,0.38755959272384644,0.4652550220489502,0.9698801636695862,0.9535937905311584,0.19855134189128876,0.07232432067394257,1.775423288345337,0.25986233353614807,1.5570478439331055,1.0953494310379028,0.03666642680764198,0.6890759468078613,0.49095916748046875,0.26168134808540344,1.2132095098495483,0.5409066677093506,0.7131348848342896,0.6296719908714294,0.02135462872684002,0.9318114519119263,0.021507078781723976,0.2613188624382019,0.3131519854068756,0.3883529007434845,0.784086287021637,0.1800210028886795
0.40483522415161133,0.1637287139892578,0.0809364914894104,0.33744335174560547,0.014211419969797134,0.4969959855079651,0.14664648473262787,5.9518866539001465,1.1266608238220215,0.8592796325683594,0.3224543333053589,0.9604361653327942,1.2641515731811523,0.00039999998989515007,0.3602004647254944,1.3672846555709839,0.30838072299957275,3.58012056350708,0.4117388129234314,0.12643086910247803,0.9835150241851807,0.9043282270431519,0.9504219889640808,0.6347066760063171,0.8935378789901733,0.17030216753482819,0.7209225296974182,0.4361342489719391,0.2764955461025238,0.5270301699638367,0.1765722781419754,0.2665809988975525,0.1813138872385025,1.1365054845809937,0.6182865500450134,0.4539470970630646,0.5200839638710022,1.1100902557373047,0.17816753685474396,1.7307418584823608,1.3575165271759033,0.010391599498689175,1.0610865354537964,0.1749148666858673,0.14278922975063324,0.9660219550132751,0.7797591686248779,0.3435155153274536,1.2012288570404053,0.37641987204551697,0.6269039511680603,0.3424263000488281,0.09128556400537491,0.06597593426704407,0.39068835973739624,0.00373443472199142,0.13453546166419983
0.48016151785850525,0.8705040216445923,0.38486677408218384,0.013838240876793861,0.3555540442466736,0.42527005076408386,0.24378825724124908,5.859052658081055,0.9126793146133423,0.9689722061157227,0.10096058249473572,0.9413813948631287,1.191490650177002,0.00039999998989515007,0.12384321540594101,1.2639658451080322,0.023774629458785057,3.6453239917755127,0.54654860496521,0.23242245614528656,0.9414873123168945,0.8429913520812988,1.1731760501861572,0.7199497222900391,0.8965168595314026,0.22233253717422485,0.7653430700302124,0.5479350686073303,0.30654940009117126,0.8206833600997925,0.4683598279953003,0.44333451986312866,0.04642742499709129,0.9256132245063782,0.806139349937439,0.9652417302131653,0.45137569308280945,1.3245981931686401,0.25626546144485474,1.3652573823928833,0.9483245611190796,0.12310300022363663,0.9677855968475342,0.25408095121383667,0.005273997317999601,1.0706095695495605,0.47875353693962097,0.29250821471214294,0.8719121813774109,0.4364793002605438,0.5420228242874146,0.4568992257118225,0.3750438690185547,0.13847953081130981,0.4358457624912262,0.014700180850923061,0.5949873924255371
0.1669827103614807,0.3170213997364044,0.07887149602174759,0.0823127031326294,0.005909282714128494,0.7163422703742981,0.01550125703215599,5.807328224182129,0.8067762851715088,1.3997175693511963,0.12174981087446213,0.9122345447540283,1.2189232110977173,0.00039999998989515007,0.20291246473789215,1.530164361000061,0.10577980428934097,3.364969491958618,0.8067668676376343,0.07374721765518188,1.1273415088653564,0.9472697973251343,0.8495533466339111,0.5256710648536682,0.8012819290161133,0.14732010662555695,0.9044423699378967,0.6852628588676453,0.320356160402298,0.6536221504211426,0.31295880675315857,0.48454442620277405,0.338923841714859,0.9242057204246521,0.8502436876296997,0.561306893825531,0.32280775904655457,1.1921732425689697,0.08201737701892853,1.6364154815673828,1.103518009185791,0.5195761322975159,1.2175326347351074,0.036081574857234955,0.02517564222216606,0.9480177164077759,0.8710388541221619,0.4919564425945282,0.8676997423171997,0.6724653244018555,0.3608357310295105,0.4265998303890228,0.5908416509628296,0.026372728869318962,0.44363728165626526,0.05271140858530998,0.5519305467605591
0.43879401683807373,0.2958815395832062,0.3351212441921234,0.11378960311412811,0.010386982001364231,0.5696033835411072,0.41336163878440857,5.752542495727539,1.1403013467788696,0.7458255887031555,0.5966567993164062,0.6988456845283508,1.2284867763519287,0.00039999998989515007,0.4782389998435974,1.4884212017059326,0.5813441872596741,3.1944711208343506,0.262960284948349,0.09244830161333084,0.8475260734558105,0.890699028968811,1.0778069496154785,1.1406919956207275,1.2892390489578247,0.01717379502952099,1.4586800336837769,0.19532901048660278,0.042802490293979645,0.6630437970161438,0.012111295945942402,0.40369588136672974,0.10425886511802673,0.9594468474388123,0.45865651965141296,0.7725718021392822,0.6177112460136414,0.5860421061515808,0.15120929479599,1.806281566619873,0.9638903737068176,0.15319852530956268,0.696461021900177,0.4447435140609741,0.38113877177238464,0.7476609349250793,0.847679615020752,0.2747885286808014,1.1546684503555298,0.6801069974899292,0.961954653263092,0.7994176745414734,0.11589470505714417,0.020213335752487183,0.12980371713638306,0.09110060334205627,0.4284489154815674
0.19511400163173676,0.13987764716148376,0.10463667660951614,0.2910092771053314,0.10886617004871368,0.21424195170402527,0.14085331559181213,5.814085960388184,1.288608193397522,0.8522289395332336,0.5229540467262268,0.8447243571281433,1.2675905227661133,0.00039999998989515007,0.52225261926651,1.2972657680511475,0.187901109457016,3.3288912773132324,0.1980609893798828,0.2884485125541687,0.9617576003074646,0.7590481638908386,1.0206235647201538,0.7929674983024597,0.977048933506012,0.14802967011928558,0.6583306193351746,0.27300435304641724,0.24480122327804565,0.4652235507965088,0.20572429895401,0.3571765422821045,0.2983285188674927,1.2872893810272217,0.6082713603973389,0.6765445470809937,0.6559880375862122,0.9779289960861206,0.4022805988788605,1.8287495374679565,1.5159716606140137,0.16869153082370758,1.1044892072677612,0.38121163845062256,0.2344168871641159,1.0869947671890259,0.6019296050071716,0.44324740767478943,1.2208727598190308,0.4409315586090088,0.47064268589019775,0.6184824109077454,0.1078462153673172,0.15253879129886627,0.34945303201675415,0.20307649672031403,0.041395124047994614
0.44506004452705383,0.4412485957145691,0.0317675806581974,0.20792047679424286,0.1914065033197403,0.6674856543540955,0.16815033555030823,5.866257190704346,1.0420119762420654,1.063537359237671,0.2623364329338074,0.8841235041618347,1.257420539855957,0.00039999998989515007,0.23041437566280365,1.3208054304122925,0.18452751636505127,3.5413053035736084,0.531278669834137,0.1729990392923355,1.0030417442321777,0.7992624044418335,0.9975385665893555,0.6943679451942444,1.0708622932434082,0.1636015921831131,0.9595254063606262,0.4921596944332123,0.11328621953725815,0.7093981504440308,0.2612650394439697,0.23058581352233887,0.10673753172159195,0.9785350561141968,0.7201877236366272,0.617800235748291,0.5246946811676025,1.2772594690322876,0.01777510531246662,1.6851918697357178,1.229740023612976,0.09260649979114532,1.008840799331665,0.04049338772892952,0.10601339489221573,1.0339019298553467,0.681659460067749,0.005191237200051546,0.9420786499977112,0.4007710814476013,0.7131773829460144,0.4588901102542877,0.2758331596851349,0.10254460573196411,0.3042941987514496,0.01801620051264763,0.4306926131248474
0.4848320782184601,0.47393491864204407,0.5100398659706116,0.07087121903896332,0.10148396342992783,0.7868163585662842,1.0741991996765137,5.284562587738037,1.5182288885116577,0.8917128443717957,0.40100622177124023,0.7874410152435303,1.0333855152130127,0.00039999998989515007,0.06457063555717468,1.3854628801345825,0.5988619327545166,3.801631212234497,0.12623639404773712,0.1642468273639679,0.6336332559585571,0.7868166565895081,1.1793498992919922,1.185893177986145,1.5372633934020996,0.093077152967453,1.6357020139694214,0.1008739024400711,0.04625201225280762,0.43936100602149963,0.03564812242984772,0.20580701529979706,0.07564039528369904,0.47799283266067505,0.31897133588790894,0.6039223074913025,0.4244648814201355,0.7733898162841797,0.5722168684005737,1.367539882659912,1.1430834531784058,0.07993390411138535,0.9693230986595154,0.5642567873001099,0.3395625352859497,0.4767092168331146,0.6767777800559998,0.29280737042427063,1.0432283878326416,0.28651106357574463,1.141181468963623,0.6537564992904663,0.23714061081409454,0.35246899724006653,0.24449333548545837,0.22661252319812775,0.7355995178222656
0.6990513801574707,0.3670547604560852,0.42799028754234314,0.000726216530892998,0.04107610508799553,0.7063288688659668,0.5244957208633423,5.784753322601318,1.0616381168365479,0.6364073753356934,0.3773531913757324,0.8984925150871277,1.1568572521209717,0.00039999998989515007,0.3772265315055847,1.4887720346450806,0.7117644548416138,3.388871908187866,0.37160900235176086,0.21153141558170319,0.7384182810783386,1.0103799104690552,1.0908061265945435,0.9533828496932983,1.2939057350158691,0.05642024055123329,1.4008045196533203,0.3680253028869629,0.006191658321768045,0.5452209115028381,0.11188387125730515,0.2710709273815155,0.03337252885103226,0.9084562659263611,0.38538020849227905,0.606290340423584,0.4513159394264221,0.8851615786552429,0.34387221932411194,1.670987844467163,0.9975370168685913,0.10425025969743729,0.7416942715644836,0.30614566802978516,0.27725115418434143,0.761772096157074,0.9439374208450317,0.4054485559463501,1.1929515600204468,0.5088272094726562,1.0118415355682373,0.6395501494407654,0.05115005373954773,0.007578365970402956,0.1689399927854538,0.11150623857975006,0.5421306490898132
0.32952895760536194,0.5243030786514282,0.005937084089964628,0.13863112032413483,0.18482019007205963,0.5966005325317383,0.04779009521007538,5.847197532653809,1.2259397506713867,1.0958616733551025,0.4075578451156616,0.7797043323516846,1.4248722791671753,0.00039999998989515007,0.43216195702552795,1.216088056564331,0.16022031009197235,3.243785858154297,0.32089895009994507,0.24681006371974945,1.0681283473968506,0.8605064153671265,0.9970473051071167,0.8427716493606567,1.0873759984970093,0.06795069575309753,0.9979325532913208,0.23932714760303497,0.023872466757893562,0.7458053231239319,0.3015388548374176,0.17953960597515106,0.08783859759569168,0.9892852902412415,0.8630969524383545,0.6524276733398438,0.6477121114730835,1.0392147302627563,0.1379690170288086,1.8266308307647705,1.2160007953643799,0.07172390818595886,0.9077093005180359,0.2065131515264511,0.1449708193540573,1.1173092126846313,0.5529899597167969,0.09884754568338394,0.9143503904342651,0.47652602195739746,0.7626914381980896,0.5582016706466675,0.2301456332206726,0.1986047476530075,0.2340385615825653,0.007257496938109398,0.2715572416782379
0.19821672141551971,0.8439849615097046,0.07930774241685867,0.2784152925014496,0.09792482107877731,0.8113728761672974,0.002459825947880745,5.699084758758545,1.433257818222046,0.7108797430992126,0.10523970425128937,1.4328391551971436,1.2601890563964844,0.00039999998989515007,0.19437706470489502,1.1907730102539062,0.27170035243034363,3.635223150253296,0.3019685745239258,0.0763155147433281,0.9918557405471802,0.8465577363967896,0.6206662654876709,1.143263339996338,0.7608956098556519,0.3904130756855011,0.555786669254303,0.05877278372645378,0.2876284122467041,0.9170764684677124,0.6586275100708008,0.1542973816394806,0.28607141971588135,0.938951313495636,0.9682620763778687,0.5498737096786499,0.19597269594669342,1.376017451286316,0.4222673177719116,1.5790705680847168,1.054314374923706,0.3909062445163727,0.7116044163703918,0.5177910327911377,0.04600519686937332,0.9990200400352478,0.39363259077072144,0.561022937297821,0.6858913898468018,0.05872202292084694,0.9085385203361511,0.28884369134902954,0.3082747161388397,0.4402034282684326,0.5021443963050842,0.4449462294578552,0.2603425979614258
0.3756544291973114,0.36994773149490356,0.2596316635608673,0.2622198462486267,0.15359103679656982,0.6789272427558899,0.27365806698799133,5.856180191040039,1.1363991498947144,1.230377197265625,0.37111833691596985,0.8997132182121277,1.343217372894287,0.00039999998989515007,0.3110387921333313,1.2213010787963867,0.061582546681165695,3.461465835571289,0.5193281173706055,0.25091731548309326,1.1784851551055908,0.9550535678863525,0.9530056118965149,0.5377182960510254,1.0811434984207153,0.0766526609659195,0.8921964764595032,0.4496312439441681,0.06946667283773422,0.47779643535614014,0.26273220777511597,0.2262635976076126,0.0892338827252388,0.9816697835922241,0.692398190498352,0.4023950397968292,0.37022677063941956,1.4155545234680176,0.010077003389596939,1.6480618715286255,1.1950784921646118,0.2995806634426117,1.0263217687606812,0.15252244472503662,0.054283756762742996,1.0701563358306885,0.7462605834007263,0.22747854888439178,0.9108948707580566,0.5266539454460144,0.5834094882011414,0.3679804801940918,0.2757023572921753,0.14664140343666077,0.31274673342704773,0.11659950017929077,0.3498842716217041
0.6196032166481018,0.932466447353363,0.2404910773038864,0.2532792389392853,0.013598917052149773,1.0729196071624756,0.14038525521755219,5.751854419708252,1.3138222694396973,0.7039818167686462,0.062090225517749786,1.295361876487732,1.3087913990020752,0.00039999998989515007,0.17890846729278564,1.1367342472076416,0.5773305892944336,3.5321242809295654,0.33484283089637756,0.05550195649266243,0.9324862957000732,0.9320313334465027,0.7163512110710144,0.9788305759429932,0.946172833442688,0.34141770005226135,0.8012849688529968,0.12744875252246857,0.06586705148220062,1.039950966835022,0.46072468161582947,0.3403857350349426,0.4516798257827759,0.7829047441482544,0.82561194896698,0.3812299370765686,0.28175726532936096,1.3399596214294434,0.18833813071250916,1.5184590816497803,0.8393253087997437,0.32819315791130066,0.5264040231704712,0.5525336265563965,0.06155284494161606,0.8800556063652039,0.38700148463249207,0.9461601376533508,0.6676741242408752,0.03190404176712036,1.245232105255127,0.09825064986944199,0.07566235959529877,0.2664922773838043,0.26211339235305786,0.5976055860519409,0.36426210403442383
0.6788766384124756,0.21126295626163483,0.7341980338096619,0.3037124276161194,0.8247852325439453,0.2361224889755249,0.22395211458206177,5.9868669509887695,0.5609691143035889,0.622944176197052,0.2651365399360657,0.7062296271324158,0.9525561332702637,0.00039999998989515007,0.2915325462818146,1.180252194404602,0.1122666522860527,3.002460241317749,0.5443512201309204,0.3413243591785431,0.607643187046051,0.47958219051361084,1.4333020448684692,0.1181272342801094,0.9308494925498962,0.3937302529811859,0.31870025396347046,1.1180521249771118,0.4386802613735199,0.7915676236152649,0.046741046011447906,0.35208362340927124,0.08194541186094284,1.6161165237426758,0.3087729811668396,0.7960330247879028,0.6642275452613831,1.4815324544906616,0.2523854672908783,1.4857091903686523,1.4839686155319214,0.16553255915641785,1.2792030572891235,0.18527042865753174,0.03199782595038414,1.133022427558899,0.17499369382858276,0.2480693906545639,1.2427151203155518,0.20296792685985565,0.23977690935134888,0.4462083578109741,0.1209380254149437,0.42010170221328735,0.4424073100090027,0.3164636194705963,0.3828538954257965
0.4184684157371521,0.4937872290611267,0.07932586222887039,0.22976799309253693,0.20925486087799072,0.6814771294593811,0.13146492838859558,5.835591793060303,1.0012991428375244,1.1519222259521484,0.23325210809707642,0.894980251789093,1.2677464485168457,0.00039999998989515007,0.3081590533256531,1.2434531450271606,0.08547297865152359,3.487348794937134,0.593587338924408,0.21482884883880615,1.0768816471099854,0.813193678855896,0.9459571242332458,0.5732430815696716,1.0249347686767578,0.15977133810520172,0.8895493745803833,0.5685644149780273,0.0736885592341423,0.6283282041549683,0.34565305709838867,0.23008346557617188,0.11533986032009125,1.009224772453308,0.7506920695304871,0.5720036029815674,0.435025691986084,1.4496691226959229,0.028999218717217445,1.6817275285720825,1.2539559602737427,0.2553582489490509,1.069783091545105,0.03179490566253662,0.004118578042834997,1.1438298225402832,0.7367861270904541,0.020128238946199417,0.8506215214729309,0.4384581744670868,0.6094808578491211,0.4174923896789551,0.3751855790615082,0.10471055656671524,0.28270667791366577,0.13111217319965363,0.43548715114593506
0.3734779357910156,0.3807643949985504,0.050201985985040665,0.2560535669326782,0.3649196922779083,0.3607513904571533,0.18160894513130188,5.848596572875977,1.1688010692596436,0.7547931671142578,0.46080049872398376,0.8594574928283691,1.2215238809585571,0.00039999998989515007,0.2726636230945587,1.1266123056411743,0.10022744536399841,3.5821070671081543,0.34245312213897705,0.39217910170555115,1.0058131217956543,0.7357379794120789,1.1447919607162476,0.7639879584312439,1.1468853950500488,0.1064632385969162,0.8175557255744934,0.4020223021507263,0.13211683928966522,0.5180689096450806,0.2613609731197357,0.31848567724227905,0.029591890051960945,1.1912330389022827,0.5832050442695618,0.7156545519828796,0.4925598204135895,1.395199179649353,0.05747205764055252,1.6294294595718384,1.2791754007339478,0.12167175114154816,0.9058391451835632,0.10409867763519287,0.11532378196716309,1.132293701171875,0.6024662256240845,0.016415052115917206,1.0849640369415283,0.36517179012298584,0.5777338743209839,0.5803747177124023,0.21609443426132202,0.17059236764907837,0.44879424571990967,0.03937297314405441,0.2584066390991211
0.24097712337970734,0.736772358417511,0.0970861166715622,0.03299518674612045,0.3448942005634308,0.7520697116851807,0.12286486476659775,5.803372383117676,1.256351351737976,1.006330966949463,0.22118760645389557,0.8420042395591736,1.278293490409851,0.00039999998989515007,0.44305843114852905,1.1054046154022217,0.0008103332365863025,3.4338440895080566,0.26631614565849304,0.20976458489894867,0.908759593963623,0.7910491824150085,1.1310724020004272,0.8253858089447021,1.0397652387619019,0.11080707609653473,0.9868201017379761,0.2462013065814972,0.18339967727661133,0.6183606386184692,0.3697618246078491,0.16331131756305695,0.14906500279903412,0.9786964058876038,0.8779477477073669,0.586179792881012,0.32950320839881897,1.2163797616958618,0.1354113221168518,1.6092475652694702,1.4122729301452637,0.2885109782218933,1.1381365060806274,0.28854256868362427,0.0005434533813968301,1.0720397233963013,0.5159515738487244,0.14179494976997375,0.9385368227958679,0.3020561933517456,0.6523840427398682,0.5740221738815308,0.25216609239578247,0.33445605635643005,0.526616632938385,0.032755449414253235,0.3920697271823883
0.016702432185411453,0.8999037146568298,0.24022816121578217,0.14476943016052246,0.3743989169597626,0.39658039808273315,0.09998741745948792,5.757693290710449,1.1889134645462036,0.9125869870185852,0.3949175775051117,0.7302952408790588,1.1004842519760132,0.00039999998989515007,0.330038845539093,1.033393383026123,0.20594266057014465,3.78745698928833,0.2604329288005829,0.4374408721923828,1.0496474504470825,0.484669953584671,1.1745507717132568,0.9769443273544312,0.8937726616859436,0.16771364212036133,0.7863990664482117,0.23825985193252563,0.27485978603363037,0.7254494428634644,0.2580864429473877,0.562816321849823,0.14738962054252625,1.081863284111023,0.7550116777420044,1.040294885635376,0.2699565291404724,1.2440752983093262,0.14969393610954285,1.3622782230377197,1.1477283239364624,0.19165021181106567,1.0385349988937378,0.0549311488866806,0.04601486772298813,1.0301259756088257,0.46135377883911133,0.17559979856014252,0.8419210910797119,0.46617117524147034,0.4436977207660675,0.5873774886131287,0.4472646713256836,0.32211917638778687,0.5849683284759521,0.1662828028202057,0.3766605854034424
0.04637066274881363,0.04943520575761795,0.43808406591415405,0.24575179815292358,0.526235044002533,0.7678589820861816,0.08560395240783691,5.856359481811523,1.1464310884475708,0.8931530117988586,0.5713412761688232,0.405538946390152,1.2453633546829224,0.00039999998989515007,0.21783292293548584,1.0210930109024048,0.1035192683339119,3.2109053134918213,0.14441119134426117,0.5313209891319275,0.8835342526435852,0.16761383414268494,1.1698083877563477,0.804790735244751,1.0039465427398682,0.20222173631191254,0.7070377469062805,0.2152688205242157,0.24585427343845367,1.1609270572662354,0.362752228975296,0.00961584784090519,0.020407330244779587,1.2974293231964111,0.746021032333374,0.5092160105705261,0.8171694278717041,0.8331096172332764,0.6299953460693359,1.7979234457015991,1.665763258934021,0.24505728483200073,1.0423749685287476,0.27582472562789917,0.28918564319610596,0.7885628342628479,0.0259802658110857,0.41612300276756287,1.0539530515670776,0.07569888234138489,0.7102557420730591,0.48912498354911804,0.003537843469530344,0.0034772700164467096,0.6105080842971802,0.6676019430160522,0.10422427952289581
0.5824599862098694,0.3162006139755249,0.6243133544921875,0.07754871994256973,0.010239212773740292,0.9286994338035583,0.6611542105674744,5.686819553375244,1.1560214757919312,0.808060348033905,0.31322789192199707,0.8562583327293396,1.2225568294525146,0.00039999998989515007,0.2880949378013611,1.2925344705581665,0.6694549918174744,3.4115257263183594,0.4138065278530121,0.2026146650314331,0.8663579821586609,0.9850392937660217,0.9454249143600464,0.9881653785705566,1.2972079515457153,0.04162881150841713,1.518488883972168,0.2569809854030609,0.09078197181224823,0.5501809120178223,0.1358977109193802,0.15175965428352356,0.09433197230100632,0.8010021448135376,0.44900766015052795,0.4449768662452698,0.3424088656902313,1.0741755962371826,0.2928248643875122,1.6947860717773438,1.027868628501892,0.06727994978427887,0.7652171850204468,0.2534799873828888,0.22868534922599792,0.8238465189933777,1.0564537048339844,0.48638808727264404,0.9904412627220154,0.49102041125297546,1.1119054555892944,0.5135403275489807,0.15480032563209534,0.002890472300350666,0.08612636476755142,0.3644501566886902,0.4757075011730194
0.6846352219581604,0.31558749079704285,0.5346940159797668,0.012226191349327564,0.06764744222164154,0.8566830158233643,0.5672718286514282,5.810647010803223,1.025206208229065,0.7810433506965637,0.4151899814605713,0.8165705800056458,1.1329421997070312,0.00039999998989515007,0.290645956993103,1.552535891532898,0.7652269601821899,3.4635493755340576,0.4194623529911041,0.22258241474628448,0.8074046969413757,0.8946697115898132,0.984016478061676,0.9455933570861816,1.267717719078064,0.10570251941680908,1.4189096689224243,0.34772995114326477,0.04105641692876816,0.7398724555969238,0.05456801876425743,0.2413698434829712,0.03991060331463814,0.842705488204956,0.3799525797367096,0.5847018957138062,0.5005293488502502,0.7483214735984802,0.24779266119003296,1.6704089641571045,0.9303237795829773,0.08374588936567307,0.7057967185974121,0.25510507822036743,0.3009951710700989,0.6320598721504211,0.950697660446167,0.3544432818889618,1.120778203010559,0.5267621874809265,1.1189846992492676,0.5078495144844055,0.05220440402626991,0.06188386306166649,0.06502512097358704,0.05814768001437187,0.5000474452972412
0.1439552754163742,0.31068816781044006,0.792374312877655,0.4486365020275116,0.3707578778266907,0.9350014925003052,0.6237117052078247,5.814591884613037,1.1880018711090088,0.47882533073425293,0.2379169762134552,0.7729691863059998,1.3396955728530884,0.00039999998989515007,0.07884059101343155,0.7189170122146606,0.0970790833234787,2.6109561920166016,0.04957384616136551,0.6005780100822449,0.9918294548988342,0.22320951521396637,0.7033073902130127,0.8912432193756104,0.49431636929512024,0.412734717130661,0.061588648706674576,0.08500724285840988,0.3604750335216522,1.6463638544082642,0.0014617562992498279,0.48576784133911133,0.392151802778244,1.5490245819091797,1.1064562797546387,0.3510340452194214,0.6249485611915588,0.9223255515098572,1.4537403583526611,1.8704942464828491,1.3510336875915527,0.6827828288078308,0.5772519707679749,0.5291506052017212,0.04461926221847534,0.9526286721229553,0.378027081489563,0.1534925103187561,0.7420915961265564,0.24464766681194305,0.8291330933570862,0.1543406993150711,0.18347272276878357,0.0009160046465694904,0.7329413890838623,0.10535825788974762,0.54878830909729
0.05159259960055351,0.26849061250686646,0.3795354664325714,0.06414274126291275,0.059839505702257156,0.5521165728569031,0.17089520394802094,5.762627124786377,0.8098990321159363,1.2317957878112793,0.2678523063659668,0.7630184888839722,1.2052905559539795,0.00039999998989515007,0.22078293561935425,1.5504196882247925,0.17642857134342194,3.2522270679473877,0.6752110123634338,0.1902032196521759,1.0738401412963867,0.6843961477279663,0.8911300301551819,0.9142919182777405,0.8078490495681763,0.13386064767837524,0.9704678058624268,0.5354588627815247,0.30922847986221313,0.9106684327125549,0.228647381067276,0.6047610640525818,0.4009498059749603,1.0368598699569702,0.9180569648742676,0.9111230969429016,0.5275003910064697,0.8845576643943787,0.11425474286079407,1.7665157318115234,1.1055742502212524,0.1972036063671112,1.045903205871582,0.07407904416322708,0.20157146453857422,0.9295485019683838,0.7278991937637329,0.38640111684799194,0.8699763417243958,0.7221282720565796,0.3789549171924591,0.740698516368866,0.7044680118560791,0.02084120735526085,0.4782869815826416,0.33081552386283875,0.44359704852104187
0.32904326915740967,0.39694464206695557,0.3240443468093872,0.3469739258289337,0.0912105068564415,0.12353743612766266,0.2642386555671692,5.580744743347168,1.2635334730148315,1.1749284267425537,0.6523388028144836,0.7659296989440918,1.2992278337478638,0.00039999998989515007,0.6157163977622986,1.0489672422409058,0.08550461381673813,3.5424506664276123,0.3313487768173218,0.5077059864997864,1.285820484161377,0.7133811712265015,0.886953592300415,0.5743950605392456,1.0985963344573975,0.11476445198059082,0.6502992510795593,0.3297000527381897,0.13213619589805603,0.2870430648326874,0.32420244812965393,0.4078476130962372,0.3702007830142975,1.1278948783874512,0.5624319314956665,0.7615747451782227,0.5945491790771484,1.4300577640533447,0.24051065742969513,1.712182641029358,1.330207347869873,0.11507268249988556,1.0329324007034302,0.32577139139175415,0.04851463809609413,1.3337212800979614,0.8122979402542114,0.2351946383714676,0.8354032635688782,0.6259099841117859,0.44966793060302734,0.46757906675338745,0.24518054723739624,0.21627359092235565,0.04076673835515976,0.10315809398889542,0.11750896275043488
0.5117462277412415,0.7468928694725037,0.023577161133289337,0.14221477508544922,0.2570261061191559,0.7526333332061768,0.11964169889688492,5.835738658905029,1.2903629541397095,0.9449077844619751,0.19798411428928375,0.9163753986358643,1.3668897151947021,0.00039999998989515007,0.3010175824165344,1.1561657190322876,0.2568932771682739,3.512566566467285,0.2533896267414093,0.1592429280281067,0.8964988589286804,0.9309704303741455,1.0937004089355469,0.8332364559173584,1.0879727602005005,0.13105721771717072,0.9827003479003906,0.17930851876735687,0.12131210416555405,0.7348407506942749,0.3885420560836792,0.019679779186844826,0.16913491487503052,0.8372800350189209,0.8769996762275696,0.5562123656272888,0.5093652009963989,1.1313738822937012,0.10292622447013855,1.6040840148925781,1.2357550859451294,0.07500045746564865,0.9197958111763,0.1312365084886551,0.08866861462593079,1.0314676761627197,0.4702501893043518,0.3427680432796478,0.9575298428535461,0.2219257801771164,0.8997161984443665,0.42299336194992065,0.06084894761443138,0.3133399486541748,0.3689430356025696,0.061830103397369385,0.3477354645729065
0.26362165808677673,0.5426009297370911,0.12023300677537918,0.1158156543970108,0.38223209977149963,0.4425562918186188,0.02811344340443611,5.768058776855469,1.2316861152648926,0.9548964500427246,0.3951084613800049,0.818147599697113,1.4174851179122925,0.00039999998989515007,0.5594950914382935,1.0957826375961304,0.019394848495721817,3.0189766883850098,0.29504555463790894,0.2886701226234436,0.9955585598945618,0.9001326560974121,1.1228713989257812,0.7975136637687683,1.1353633403778076,0.01341051422059536,0.9815419316291809,0.3307485282421112,0.04162764549255371,0.5072790384292603,0.43605783581733704,0.21491201221942902,0.015287959016859531,1.15476655960083,0.8179223537445068,0.6560519933700562,0.5587113499641418,1.2737172842025757,0.08294656872749329,1.8598875999450684,1.3458963632583618,0.07670137286186218,1.0216432809829712,0.27595874667167664,0.07125180214643478,1.2835044860839844,0.5005830526351929,0.11242999136447906,0.9517775177955627,0.4709893465042114,0.5689918398857117,0.757555365562439,0.27467259764671326,0.22969147562980652,0.36377474665641785,0.05671132728457451,0.36043211817741394
0.4820777475833893,0.6731432676315308,0.1852477490901947,0.2233087718486786,0.28656601905822754,0.909996747970581,0.5420032143592834,5.582271575927734,1.2919973134994507,1.3311021327972412,0.15229159593582153,0.8178145885467529,1.1755390167236328,0.00039999998989515007,0.09407205879688263,1.165594220161438,0.12953978776931763,3.9008948802948,0.42246976494789124,0.1854267418384552,0.9184686541557312,0.6510842442512512,1.05148446559906,0.6058763861656189,1.203967571258545,0.24345307052135468,1.0488219261169434,0.2922196388244629,0.09679806232452393,0.6410695910453796,0.17443592846393585,0.025610240176320076,0.005723936948925257,0.6371952891349792,0.7102627158164978,0.4534133970737457,0.445900559425354,1.379569411277771,0.2777668237686157,1.4228215217590332,1.4181002378463745,0.31618887186050415,1.2821599245071411,0.19036681950092316,0.014710302464663982,0.8863330483436584,0.4936952292919159,0.016040189191699028,0.7654762268066406,0.12492071837186813,0.8544906377792358,0.2645355463027954,0.002951177069917321,0.3193516135215759,0.30102744698524475,0.09123607724905014,0.5974513292312622
0.2589070200920105,0.34480002522468567,0.21424485743045807,0.16735689342021942,0.28460025787353516,0.37408772110939026,0.05950654298067093,5.7857794761657715,1.1324244737625122,1.0292352437973022,0.4230806529521942,0.7721010446548462,1.3056857585906982,0.00039999998989515007,0.2598775327205658,1.2889407873153687,0.03888853266835213,3.3874919414520264,0.4176928997039795,0.32517388463020325,1.0154451131820679,0.7018104791641235,1.0867763757705688,0.8378271460533142,1.0989508628845215,0.11339034885168076,0.9286587834358215,0.38631829619407654,0.14834745228290558,0.7138164043426514,0.224890798330307,0.3566722273826599,0.21126233041286469,1.0783928632736206,0.7360310554504395,0.8048073649406433,0.7219555974006653,1.1445388793945312,0.14449837803840637,1.7727755308151245,1.276585340499878,0.09436392039060593,1.0094977617263794,0.11997159570455551,0.21953128278255463,1.0868418216705322,0.49608513712882996,0.13751265406608582,0.9772512912750244,0.46387049555778503,0.5935185551643372,0.6688427329063416,0.2621954381465912,0.1357649564743042,0.35442084074020386,0.2030288130044937,0.3712468147277832
0.16020986437797546,0.7860933542251587,0.1533880978822708,0.23601947724819183,0.0008722352213226259,0.7482149004936218,0.2887237071990967,5.823159694671631,1.4068964719772339,0.8039541244506836,0.16865621507167816,1.1227848529815674,1.4990464448928833,0.00039999998989515007,0.04034269228577614,1.0525153875350952,0.19541235268115997,3.1536359786987305,0.2088145911693573,0.2643497586250305,1.1584303379058838,0.8543418049812317,0.665701150894165,1.1427987813949585,0.7997838258743286,0.23035365343093872,0.6318431496620178,0.026241688057780266,0.10114375501871109,1.1338269710540771,0.5170841813087463,0.17764638364315033,0.24878224730491638,1.0355466604232788,1.1130634546279907,0.5855444669723511,0.5046789050102234,1.1002833843231201,0.6601840853691101,1.827844500541687,0.9434713125228882,0.39118391275405884,0.5158827304840088,0.41355088353157043,0.029680322855710983,1.1130735874176025,0.23712213337421417,0.6022179126739502,0.6535941362380981,0.22414152324199677,0.9742960333824158,0.3522050678730011,0.30113843083381653,0.32393795251846313,0.35765841603279114,0.37117475271224976,0.039258383214473724
0.10318654030561447,0.11230580508708954,0.6449792981147766,0.25915056467056274,0.6490731239318848,0.8143369555473328,0.031010277569293976,6.040926456451416,0.9468786716461182,0.8858401775360107,0.3527444899082184,0.566402018070221,1.0722101926803589,0.00039999998989515007,0.12069480121135712,1.1139601469039917,0.1901416927576065,3.177250862121582,0.3297402560710907,0.4885860085487366,0.8138559460639954,0.3551822304725647,1.2255001068115234,0.5376326441764832,0.9351387619972229,0.2765886187553406,0.5648635625839233,0.533587634563446,0.4733690619468689,1.0553550720214844,0.1254338026046753,0.11911223083734512,0.07809612900018692,1.402148962020874,0.7252766489982605,0.5238258838653564,0.4866931736469269,1.050605058670044,0.45755675435066223,1.6023805141448975,1.604182481765747,0.018209781497716904,1.177649736404419,0.13223077356815338,0.09749085456132889,0.8685140013694763,0.1398882120847702,0.5183897018432617,1.1469414234161377,0.08677604794502258,0.4399469196796417,0.4362582862377167,0.2232593297958374,0.07712399214506149,0.7968341112136841,0.603825032711029,0.04061296209692955
0.17003482580184937,0.17981024086475372,0.8267213106155396,0.14571057260036469,0.5976418852806091,0.611801266670227,0.0593654066324234,5.837514877319336,1.1189807653427124,0.7080774903297424,0.3576733469963074,0.6099662780761719,1.0057069063186646,0.00039999998989515007,0.015528933145105839,1.1043779850006104,0.29810118675231934,3.379751205444336,0.1849803924560547,0.5273718237876892,0.7649917602539062,0.19018349051475525,1.232082486152649,0.9012584686279297,0.8679381012916565,0.2967725992202759,0.5472922921180725,0.2935720682144165,0.5935577154159546,1.0691651105880737,0.12015163153409958,0.24324607849121094,0.09747930616140366,1.378153920173645,0.7497550249099731,0.7335036993026733,0.4946928322315216,0.9326843023300171,0.48769721388816833,1.5470483303070068,1.6063120365142822,0.24024254083633423,1.1554479598999023,0.1004941537976265,0.19802331924438477,0.773371160030365,0.009039508178830147,0.4844205379486084,1.12787663936615,0.03161711245775223,0.4070664942264557,0.6072443127632141,0.2295866310596466,0.09967590123414993,0.9779535531997681,0.7551014423370361,0.04834483191370964
0.1787830889225006,0.8939557075500488,0.014994925819337368,0.1434919238090515,0.06600378453731537,0.9724059700965881,0.15210211277008057,5.790444374084473,1.3024958372116089,0.9173498153686523,0.019578764215111732,1.248909831047058,1.379858374595642,0.00039999998989515007,0.2254447489976883,1.1716755628585815,0.17178644239902496,3.3692739009857178,0.41238653659820557,0.1452951431274414,1.1916366815567017,0.959318995475769,0.5996308326721191,1.1385446786880493,0.8247495889663696,0.24420899152755737,0.7776355743408203,0.057456985116004944,0.14547835290431976,1.1278791427612305,0.5973936319351196,0.10865341126918793,0.34556540846824646,0.8347987532615662,1.0928395986557007,0.565100371837616,0.20927561819553375,1.2247666120529175,0.3523761034011841,1.6069846153259277,0.6804246306419373,0.18423421680927277,0.4527747631072998,0.5716037750244141,0.0873999297618866,0.9731734991073608,0.4183162748813629,0.6873956918716431,0.5547717809677124,0.29517853260040283,0.9751960635185242,0.27510884404182434,0.48514896631240845,0.3505924940109253,0.43709248304367065,0.46726569533348083,0.28530049324035645
0.727959394454956,0.5921792387962341,0.13504506647586823,0.0617249570786953,0.15337827801704407,0.5767823457717896,0.33845099806785583,5.7936296463012695,1.2530938386917114,0.4100501835346222,0.3145613670349121,0.9234213829040527,1.1894855499267578,0.00039999998989515007,0.17591425776481628,1.359756588935852,0.8516169786453247,3.366281747817993,0.1322435885667801,0.21004575490951538,0.6010106801986694,0.9930171966552734,1.2153196334838867,1.224549651145935,1.257406234741211,0.13471803069114685,1.318562388420105,0.10428079962730408,0.129950612783432,0.7874355316162109,0.17716796696186066,0.20510965585708618,0.2677978575229645,0.8735418319702148,0.40716901421546936,0.8077425956726074,0.5727419257164001,0.7377460598945618,0.22623330354690552,1.5313400030136108,0.8465768098831177,0.44186902046203613,0.5819627642631531,0.03716452047228813,0.3510124981403351,0.7321245074272156,0.5730764269828796,0.8340476155281067,1.2013211250305176,0.3661137819290161,1.18369722366333,0.6179336905479431,0.11170583218336105,0.030473465099930763,0.17559771239757538,0.1482967883348465,0.49138137698173523
0.9193429946899414,0.4855978786945343,0.19066300988197327,0.07090295851230621,0.11536670476198196,0.18939192593097687,0.4684649705886841,5.692972660064697,0.9979353547096252,0.396830290555954,0.3238716423511505,1.07365882396698,0.9614618420600891,0.00039999998989515007,0.21577227115631104,1.6764540672302246,0.9662198424339294,3.375720500946045,0.3717263340950012,0.34029197692871094,0.5041921138763428,1.0375256538391113,1.2520482540130615,0.9699850678443909,1.316291332244873,0.22844509780406952,1.1920536756515503,0.536342203617096,0.16484081745147705,0.4727143943309784,0.2206735610961914,0.5270047187805176,0.06765348464250565,1.012455940246582,0.032627835869789124,1.0238351821899414,0.5511264801025391,0.922645092010498,0.390166312456131,1.444373369216919,0.7752386927604675,0.5089312791824341,0.7570068836212158,0.005349739920347929,0.31311315298080444,0.750849187374115,0.7597277164459229,0.5903555154800415,1.288383960723877,0.5770789384841919,0.8667909502983093,0.7502996921539307,0.06450355798006058,0.12401264160871506,0.016060547903180122,0.09623432159423828,0.8345423936843872
0.5442607998847961,0.4969303607940674,0.4352601170539856,0.35217249393463135,0.0015962878242135048,0.5118554830551147,0.37451520562171936,5.651440143585205,1.132212519645691,1.29482901096344,0.37982377409935,0.8622577786445618,1.215572476387024,0.00039999998989515007,0.6138541102409363,1.16741144657135,0.21718233823776245,3.7442665100097656,0.43219879269599915,0.29049980640411377,1.1452888250350952,0.8494648933410645,0.8602950572967529,0.37028932571411133,1.018099069595337,0.19369634985923767,0.6864998936653137,0.43092188239097595,0.04198535904288292,0.2987131178379059,0.3667503595352173,0.28124499320983887,0.3085035979747772,0.9204562306404114,0.6175745129585266,0.5453547835350037,0.38761675357818604,1.4033029079437256,0.03747379779815674,1.5417424440383911,1.3991042375564575,0.44872111082077026,1.176412582397461,0.38404425978660583,0.02926446497440338,1.1945312023162842,0.9860816597938538,0.24572192132472992,0.8820743560791016,0.4938441216945648,0.5404227375984192,0.23190751671791077,0.21173250675201416,0.21104787290096283,0.019217152148485184,0.14488063752651215,0.196223646402359
0.7480295896530151,0.7096394300460815,0.20833492279052734,0.2738614082336426,0.1448907107114792,0.11585725098848343,0.08139778673648834,5.711724758148193,0.9393869638442993,1.2647250890731812,0.363560289144516,0.9065608382225037,1.152907133102417,0.00039999998989515007,0.6234588027000427,1.2047542333602905,0.27027878165245056,3.571261405944824,0.5293228626251221,0.301237016916275,1.1122568845748901,0.9000446200370789,0.9907113909721375,0.19175472855567932,0.9668564200401306,0.2940402626991272,0.43547725677490234,0.706765353679657,0.015108463354408741,0.31661584973335266,0.5085448622703552,0.502963125705719,0.37990960478782654,1.0636186599731445,0.45846056938171387,0.8839625716209412,0.46924787759780884,1.5567548274993896,0.051253531128168106,1.3888932466506958,1.1528754234313965,0.35962602496147156,1.1839202642440796,0.07603897899389267,0.12925101816654205,1.3488619327545166,0.8455324769020081,0.05717088654637337,0.8505231142044067,0.6720456480979919,0.3324316442012787,0.24252331256866455,0.25558459758758545,0.030489303171634674,0.21361105144023895,0.2343125194311142,0.39186257123947144
