E_0,L_0,P_0,M_s_0,M_e_0,M_i_0,H_s_0,H_e_0,H_i_0,H_r_0,C,sigma,gamma,mu_H,beta_M,beta_H,theta_M,theta_H,alpha_b,alpha_E,alpha_L,alpha_P,a_b,a_E,a_L,a_P,c_E,c_L,c_P,c_M,d_E,d_L,d_P,d_M,T_b_max,T_E_max,T_L_max,T_P_max,T_E_min,T_L_min,T_P_min,T_M_min,R_b,R_E,R_L,R_P,r_b,r_E,r_L,r_P,s_b,s_E,s_L,s_P,e_E,e_L,e_P
1.2864845991134644,0.49783846735954285,0.09952607750892639,0.5690056681632996,1.2499991655349731,0.7742688655853271,1.0046197175979614,0.8608415126800537,1.3644827604293823,1.6454193592071533,0.14644163846969604,0.04546482861042023,0.773906409740448,0.00039999998989515007,1.2237968444824219,0.20673702657222748,0.3837386965751648,0.8080465793609619,0.5268016457557678,1.4038165807724,0.8483846187591553,1.1409919261932373,1.274294137954712,1.521956205368042,0.7431555390357971,1.5737146139144897,0.89414381980896,0.36378541588783264,1.570675015449524,0.5534235239028931,0.20017565786838531,0.16697201132774353,0.5278077125549316,0.7040951251983643,0.07281497865915298,0.14215992391109467,1.0533106327056885,0.16377758979797363,0.2207358330488205,1.6583276987075806,0.8606812357902527,1.0294761657714844,0.42231401801109314,0.048291344195604324,0.5360560417175293,1.7016639709472656,2.9879045486450195,0.39071178436279297,1.0538409948349,0.00044589140452444553,1.2007445096969604,1.6902680397033691,0.4063583314418793,1.3687325716018677,0.9259213805198669,0.04109079763293266,0.14097337424755096
0.19319146871566772,0.16901130974292755,0.3032521605491638,0.7740715146064758,0.03732842206954956,2.5814411640167236,0.024857928976416588,1.7791041135787964,2.0923664569854736,1.0228617191314697,0.4843998849391937,0.6836372017860413,1.1471971273422241,0.00039999998989515007,0.8182159662246704,0.3014940917491913,0.10327067971229553,1.0093700885772705,0.01236796285957098,1.6127121448516846,2.1462368965148926,0.7773512005805969,0.8085213303565979,0.8856016397476196,0.2860957980155945,1.0539422035217285,0.003703121328726411,0.1530221849679947,0.5898812413215637,1.5733649730682373,0.18662147223949432,0.11886128038167953,0.5913187265396118,0.25147849321365356,0.5851122736930847,0.24712395668029785,1.1270062923431396,0.1627863645553589,1.0493074655532837,0.7964034676551819,0.018873076885938644,1.714049220085144,0.42179441452026367,1.0429595708847046,1.402278184890747,0.7861334085464478,2.6187140941619873,0.4014835059642792,0.613311767578125,0.30161601305007935,0.5062929391860962,0.11046251654624939,0.5816187858581543,0.44833263754844666,1.0643295049667358,1.6315456628799438,0.36084336042404175
0.2146267145872116,0.20641031861305237,1.0470211505889893,0.06858836859464645,1.1110155582427979,0.11619465053081512,0.4409162104129791,1.4966052770614624,0.8418921828269958,0.972792387008667,0.8332701921463013,0.2628622055053711,0.49709996581077576,0.00039999998989515007,0.6002562046051025,0.5769586563110352,1.430090308189392,0.525333821773529,0.05069384351372719,0.01077986229211092,0.2078157514333725,0.9009398818016052,0.1204410269856453,0.4429067373275757,1.1189242601394653,1.2751609086990356,1.6608623266220093,0.2751798629760742,0.9221300482749939,0.14093363285064697,1.3383244276046753,0.3516015410423279,0.6577531695365906,0.17003187537193298,0.6912153959274292,0.47805842757225037,1.099031686782837,0.47937893867492676,0.22075840830802917,1.4563812017440796,1.3102858066558838,2.7048733234405518,0.012165127322077751,0.01816541701555252,0.5713334083557129,1.468656063079834,2.9875619411468506,2.0083422660827637,0.6299379467964172,0.8085992932319641,1.2089675664901733,0.46841391921043396,0.5793558359146118,1.7747671604156494,0.32372379302978516,0.45596542954444885,0.3474424481391907
1.5601773262023926,0.5812668800354004,1.048339605331421,0.9366392493247986,0.27734529972076416,0.25607943534851074,0.6270744800567627,1.3569040298461914,1.0224103927612305,0.8328186273574829,0.26458796858787537,0.7724161744117737,0.6852977871894836,0.00039999998989515007,0.4628961384296417,0.6088147759437561,0.45343950390815735,2.4948132038116455,0.4479758143424988,1.3746529817581177,0.4074885845184326,0.7340746521949768,0.3441610634326935,0.83585524559021,1.6245919466018677,1.638041615486145,1.4066357612609863,0.1935342252254486,1.2835524082183838,0.4843907952308655,0.9380471706390381,0.784259021282196,1.2886277437210083,0.6785394549369812,0.066937156021595,0.6693068742752075,0.13804537057876587,0.5618802905082703,0.0780152827501297,1.7103487253189087,0.4131799638271332,2.058804512023926,0.6754862070083618,0.7939072251319885,1.1148591041564941,0.5841847062110901,1.7339879274368286,0.8988620042800903,0.47721144556999207,0.42607012391090393,0.7820584177970886,0.44645074009895325,0.19491156935691833,2.366067409515381,0.2716085910797119,1.002429485321045,0.14487935602664948
0.47521549463272095,0.32840606570243835,0.9512563943862915,0.3427601158618927,1.9970499277114868,0.6986681222915649,0.06108498200774193,0.5134928822517395,0.5053508281707764,1.213931918144226,1.3717128038406372,0.6765007376670837,0.16810087859630585,0.00039999998989515007,1.267975926399231,0.9115340113639832,0.14218394458293915,0.07341355830430984,0.5171094536781311,1.126215934753418,1.3671096563339233,0.44049063324928284,0.8665550351142883,0.8290110230445862,0.6919422745704651,1.5477887392044067,0.6479306221008301,0.1250322461128235,0.9401164650917053,0.7760406136512756,0.4690258800983429,0.36204057931900024,0.8792455196380615,0.4090375602245331,1.444597601890564,0.033566731959581375,0.5181697607040405,1.4814777374267578,1.3710490465164185,1.1028103828430176,0.1427762359380722,2.2241342067718506,1.0897362232208252,0.15459990501403809,0.43119174242019653,1.3347573280334473,2.8797953128814697,0.44713014364242554,1.328660488128662,1.2286125421524048,0.6633110046386719,0.2795115113258362,0.18037058413028717,1.5218284130096436,0.2983357906341553,0.4151495099067688,1.239917278289795
0.6701089143753052,0.18068571388721466,1.0202300548553467,0.3453615605831146,2.087249755859375,0.44790974259376526,0.03411923348903656,0.4928518831729889,0.6756944060325623,1.2981131076812744,1.4513493776321411,0.8971848487854004,0.11693141609430313,0.00039999998989515007,1.446136474609375,0.8587886095046997,0.49170783162117004,0.21125347912311554,0.5772871375083923,1.3174877166748047,1.2943392992019653,0.001030127634294331,0.833990752696991,0.7638434767723083,0.559522807598114,1.52509605884552,0.33801624178886414,0.7617316246032715,0.4010297358036041,0.5908117890357971,0.2967644929885864,0.8099858164787292,0.9638314247131348,0.37316054105758667,1.0872193574905396,0.2190876603126526,0.422700971364975,1.3065221309661865,1.3590552806854248,1.2941243648529053,0.46682238578796387,2.3787810802459717,1.0892521142959595,0.3010587990283966,0.6778937578201294,1.4136879444122314,3.014381170272827,0.37908223271369934,0.8424500226974487,1.1138254404067993,0.3661605715751648,0.2653443217277527,0.09192002564668655,1.153917670249939,0.46740901470184326,0.21150393784046173,1.2151888608932495
0.5064350962638855,0.004418720956891775,1.0521079301834106,0.5215839743614197,1.9836297035217285,0.6013924479484558,0.20381958782672882,0.32557663321495056,0.5586775541305542,1.174290418624878,1.60561203956604,1.0697014331817627,0.023037364706397057,0.00039999998989515007,1.6057151556015015,0.6322100758552551,0.3505227565765381,0.21678940951824188,0.38207167387008667,1.3033500909805298,1.3356379270553589,0.05146924406290054,1.0872191190719604,0.7872800230979919,0.4126136004924774,1.4116454124450684,0.5911802649497986,0.8316988348960876,0.235538512468338,0.7353157997131348,0.23778146505355835,0.6307637095451355,0.9056718349456787,0.45021238923072815,1.1662431955337524,0.5220480561256409,0.4619922637939453,1.178375244140625,1.3834350109100342,1.1496373414993286,0.5654677152633667,2.525928020477295,1.0380975008010864,0.29166021943092346,0.6375489234924316,1.3596670627593994,2.9213695526123047,0.2386758178472519,0.6984117031097412,1.1337093114852905,0.4028364419937134,0.15268893539905548,0.23621758818626404,1.0430166721343994,0.4495921730995178,0.47869905829429626,1.3998812437057495
1.6578772068023682,0.1291305124759674,1.618445634841919,0.3054027557373047,2.0327773094177246,0.38978663086891174,0.6447028517723083,1.370770812034607,0.3492611050605774,0.7608516216278076,0.14968298375606537,1.7806416749954224,0.24524462223052979,0.00039999998989515007,0.8313699960708618,0.9217760562896729,0.006332794204354286,1.6597723960876465,0.2765183746814728,1.2167531251907349,0.26807889342308044,0.04070485010743141,0.3932216167449951,2.3856723308563232,1.15876042842865,1.6822125911712646,0.5752989649772644,0.7783141732215881,0.4000371992588043,0.7165401577949524,0.48529744148254395,0.6670490503311157,1.0912926197052002,0.37687936425209045,0.7812846302986145,0.3978138566017151,1.1927956342697144,0.6683942675590515,0.773614227771759,1.7340079545974731,0.562063992023468,2.1424219608306885,0.8119322657585144,0.23962366580963135,0.43019652366638184,0.026972465217113495,1.3337292671203613,0.6677293181419373,1.1195756196975708,0.011999387294054031,0.08572869747877121,0.17569401860237122,0.5111724138259888,2.105578899383545,0.26924189925193787,0.3263683617115021,0.14013715088367462
0.836042582988739,0.5520759224891663,1.5568363666534424,0.3798820674419403,1.7004441022872925,1.1217730045318604,0.6350511312484741,0.12571869790554047,1.2065598964691162,0.9387633800506592,0.5156974792480469,1.2227206230163574,0.1948554515838623,0.00039999998989515007,0.8440908789634705,0.3395456075668335,0.3737402856349945,0.8564765453338623,0.20266257226467133,1.4545326232910156,1.485287070274353,0.09845900535583496,0.684858500957489,1.1225440502166748,1.5556635856628418,1.1111245155334473,0.4439757764339447,1.151445984840393,0.18805497884750366,0.20760540664196014,0.22374960780143738,0.15655136108398438,1.3950798511505127,0.3784111738204956,0.6032560467720032,0.10786613821983337,0.9360800981521606,0.29834938049316406,1.634405493736267,2.3476366996765137,0.9206007719039917,2.466407060623169,0.05628175660967827,0.09583426266908646,0.8443194627761841,0.155135840177536,2.5659937858581543,0.45686933398246765,1.0954389572143555,0.2529286742210388,0.23448395729064941,0.3106347620487213,0.7840313911437988,1.4184268712997437,0.05416840314865112,0.6770846843719482,0.22240906953811646
0.9074766635894775,0.5344427824020386,0.5552777051925659,0.6158084869384766,1.6756136417388916,1.012855052947998,0.4709571897983551,0.7210273146629333,0.5210372805595398,1.5189564228057861,0.9839296936988831,0.7199525833129883,0.006453906185925007,0.00039999998989515007,1.1797610521316528,0.7720448970794678,0.19832932949066162,0.4482434391975403,0.0753435492515564,1.5159021615982056,0.4158371090888977,0.23990444839000702,0.3260917067527771,0.9006279706954956,0.7747257947921753,1.5024784803390503,0.41396090388298035,0.47554901242256165,1.4516149759292603,0.4011126756668091,0.35774022340774536,1.1062495708465576,0.5292801260948181,0.039302267134189606,1.6731690168380737,0.2908857464790344,0.2909649908542633,0.9196707010269165,1.2489229440689087,1.4890506267547607,0.4419057071208954,1.9884096384048462,1.149335503578186,0.3450683057308197,0.8560364246368408,1.3189406394958496,2.812659502029419,0.010632687248289585,1.4084577560424805,0.822219729423523,1.0541772842407227,0.296795517206192,0.2961875796318054,1.5693359375,1.1680289506912231,0.5680505037307739,1.0455379486083984
0.9413460493087769,0.6224468350410461,0.5544686317443848,0.6410011053085327,1.6858582496643066,0.9962683320045471,0.46432432532310486,0.8181265592575073,0.4415759742259979,1.5593316555023193,0.9963338375091553,0.6976647973060608,0.05123491585254669,0.00039999998989515007,1.1967061758041382,0.7833019495010376,0.20203988254070282,0.4779675304889679,0.09148506075143814,1.4782369136810303,0.3768211305141449,0.23208774626255035,0.3337251842021942,0.9263954162597656,0.7620957493782043,1.4556071758270264,0.474545419216156,0.4389159381389618,1.504418969154358,0.38861581683158875,0.3812178075313568,1.0724389553070068,0.5288974046707153,0.007720339577645063,1.6224592924118042,0.31278732419013977,0.29314786195755005,0.9451650977134705,1.1855829954147339,1.4343452453613281,0.431090772151947,2.0230255126953125,1.1551371812820435,0.32882583141326904,0.8259280323982239,1.3350173234939575,2.7815911769866943,0.0040174792520701885,1.394899845123291,0.8244822025299072,1.0839927196502686,0.28151026368141174,0.2705829441547394,1.6250284910202026,1.1460518836975098,0.5780814290046692,1.0466521978378296
0.7929414510726929,0.18226343393325806,0.717308759689331,0.06481700390577316,1.6011453866958618,1.518027663230896,0.14945989847183228,0.7842620611190796,1.0592772960662842,1.1538640260696411,0.6488080024719238,0.8726102113723755,0.4544765055179596,0.00039999998989515007,0.9726531505584717,0.010172354988753796,0.2831043004989624,1.1450930833816528,0.5585740208625793,0.9074091911315918,0.4624786674976349,1.2673786878585815,0.9857833981513977,1.014697551727295,0.5885723233222961,1.2585450410842896,0.7810377478599548,0.6307845711708069,1.4005645513534546,0.859176516532898,0.4020322263240814,1.600009560585022,0.12408976256847382,0.14765667915344238,1.1520954370498657,0.3007507920265198,0.9284200668334961,0.6180098652839661,0.1995103359222412,1.8467010259628296,1.6374168395996094,1.6755948066711426,0.6216372847557068,0.13550209999084473,1.1791962385177612,1.0889414548873901,2.302428722381592,1.6012777090072632,0.9036092758178711,0.2856227457523346,1.5277631282806396,0.366553395986557,0.16955119371414185,1.4203271865844727,1.3334203958511353,0.27961426973342896,0.33983588218688965
0.8826065063476562,0.10453103482723236,0.936160147190094,0.4142726957798004,1.661456823348999,0.8696483969688416,0.5451161861419678,0.613648533821106,0.5566440224647522,1.1186529397964478,1.2300243377685547,1.4856114387512207,0.09264371544122696,0.00039999998989515007,1.0471900701522827,0.5290184020996094,0.02719113603234291,1.2222352027893066,0.04948895052075386,1.7655916213989258,0.5943301320075989,0.2708684802055359,0.9294207692146301,0.9767827987670898,1.104810357093811,1.2320971488952637,0.25641322135925293,1.3713971376419067,0.5860533118247986,0.3116479516029358,0.07635432481765747,1.0912797451019287,0.8828610181808472,0.3485577702522278,1.258220911026001,0.2708315849304199,0.24891574680805206,0.45499926805496216,1.6819140911102295,1.8955340385437012,0.9544903635978699,2.275749683380127,1.0095089673995972,0.6389883756637573,0.6245392560958862,0.7810056209564209,2.5730199813842773,0.4319683611392975,0.8727403283119202,0.3108559548854828,0.6852972507476807,0.30171096324920654,0.01273201685398817,1.4286900758743286,0.7568394541740417,0.5121166706085205,1.1486297845840454
2.065899133682251,0.6526657938957214,0.6214962005615234,0.5771399140357971,1.4181619882583618,0.7362789511680603,0.06436941027641296,1.264601707458496,0.3998512625694275,1.9351502656936646,0.6990137696266174,0.8243091106414795,0.4347294270992279,0.00039999998989515007,0.8894646763801575,0.37983477115631104,0.2594589591026306,1.4740583896636963,0.27431124448776245,1.7109016180038452,0.4720887839794159,0.029698029160499573,0.6157436966896057,1.547457218170166,0.7257034778594971,1.6578391790390015,0.754436194896698,0.44678035378456116,2.1269993782043457,0.3200439512729645,0.18367886543273926,0.9112513065338135,0.12112584710121155,0.575788140296936,0.7803232073783875,0.13000883162021637,0.1710124909877777,0.03918621689081192,0.03690261393785477,1.7779759168624878,0.8070654273033142,1.3236253261566162,0.7758113741874695,0.20672206580638885,0.8151114583015442,1.1134456396102905,2.0833516120910645,0.8620712161064148,1.2618595361709595,0.6278776526451111,1.126121997833252,0.8641663193702698,0.14679740369319916,1.6623039245605469,1.1386758089065552,0.21853457391262054,0.41567522287368774
0.6221401691436768,0.30591511726379395,0.2375081330537796,0.8782350420951843,0.3861345648765564,1.3635320663452148,0.20227639377117157,1.4397979974746704,0.5261216163635254,0.8794107437133789,0.061630699783563614,1.4686049222946167,0.8504322171211243,0.00039999998989515007,1.2526968717575073,0.23938533663749695,1.0050665140151978,2.155871868133545,0.07384318113327026,1.3239184617996216,0.6823253631591797,0.9804626107215881,0.31027039885520935,0.5355350375175476,0.9589647650718689,0.12224233150482178,0.01099840272217989,0.7349794507026672,1.5986677408218384,1.3018527030944824,0.5934314727783203,1.243933916091919,0.2793385684490204,0.3152899444103241,1.0537428855895996,0.5117504596710205,0.16904737055301666,0.6379497647285461,0.6887847185134888,0.9808064103126526,1.2370082139968872,1.2742540836334229,1.9214636087417603,1.2557123899459839,0.08755365014076233,1.5156514644622803,1.3509268760681152,0.2661668062210083,0.19901657104492188,0.4619704782962799,2.4321420192718506,0.7740084528923035,0.7183663845062256,1.6469857692718506,1.2014199495315552,0.4882705509662628,0.7526059150695801
0.46466827392578125,1.5758246183395386,0.6250346302986145,0.02372816577553749,0.8356505036354065,0.41697394847869873,0.37015751004219055,0.16482341289520264,1.5695905685424805,0.3223254680633545,0.5117573142051697,0.9794453978538513,0.11467202007770538,0.00039999998989515007,0.4657934904098511,1.6277903318405151,1.4631284475326538,1.5892566442489624,0.49649837613105774,0.0163959302008152,1.807822823524475,0.009012628346681595,0.2683115005493164,0.6046555042266846,0.9460331201553345,1.60257887840271,0.27448877692222595,1.9507895708084106,1.306172490119934,0.27906179428100586,0.6744418740272522,1.065882682800293,1.8351002931594849,1.0983763933181763,0.13044756650924683,0.21701045334339142,0.8463351726531982,1.1591039896011353,1.9701329469680786,1.5209896564483643,1.007476568222046,2.1123929023742676,0.4032643437385559,0.49875500798225403,0.46968698501586914,0.0398799404501915,1.7248444557189941,0.6967294216156006,0.35815492272377014,0.9971891641616821,0.060118235647678375,0.6237325072288513,0.31902971863746643,0.41460275650024414,0.07493294775485992,1.3191533088684082,0.1571306586265564
1.3672099113464355,0.23248042166233063,1.0478858947753906,0.04645215719938278,1.166250467300415,0.006811461411416531,0.17185001075267792,1.04233980178833,0.4083471894264221,1.0935683250427246,0.0338486023247242,1.5979087352752686,0.666254460811615,0.00039999998989515007,0.5462637543678284,0.5921280980110168,0.5081008076667786,1.3444209098815918,0.025851912796497345,1.4677252769470215,0.022260285913944244,1.1732202768325806,0.4208463132381439,1.3588258028030396,0.6740549802780151,1.6925609111785889,0.7442225813865662,1.4633268117904663,0.7945836186408997,0.032944224774837494,0.5394514799118042,0.9969502091407776,0.9393761157989502,0.6082078814506531,0.9989786148071289,0.7485083341598511,0.3347129821777344,0.14167121052742004,0.7149253487586975,1.8275724649429321,1.000549554824829,2.85512638092041,0.5108442902565002,0.44281110167503357,0.38554394245147705,0.9859774708747864,2.4010090827941895,0.5901332497596741,0.3830775320529938,0.28635257482528687,0.9642753005027771,0.10615071654319763,0.25414443016052246,1.7246532440185547,1.2758736610412598,0.7711710333824158,0.1698545217514038
1.7144719362258911,0.5176312327384949,1.5198935270309448,0.6836017370223999,0.954491138458252,0.38436925411224365,0.6456262469291687,1.4962658882141113,0.7417051196098328,0.5560367703437805,0.037637148052453995,1.6668988466262817,0.6816720962524414,0.00039999998989515007,0.06673932075500488,0.4849354922771454,0.9901899695396423,1.8226574659347534,0.6300868988037109,1.6651524305343628,0.25512245297431946,0.22739242017269135,0.16967527568340302,2.0042083263397217,1.9015194177627563,1.3613256216049194,0.18948465585708618,1.029923677444458,0.5780574679374695,0.7081356644630432,0.08912099897861481,0.100508913397789,0.9743207097053528,0.4961005449295044,0.9654222726821899,0.19911402463912964,0.8608949780464172,0.3217316269874573,1.3491840362548828,2.3593456745147705,0.545076310634613,1.5656999349594116,0.6803414225578308,0.5707312822341919,0.20707760751247406,0.09505138546228409,1.3029485940933228,0.22248438000679016,0.6716848015785217,0.5990036725997925,0.4114040434360504,0.47844231128692627,0.07965771108865738,2.392488956451416,0.25916144251823425,0.40688973665237427,0.3843447268009186
1.427681565284729,0.46634507179260254,0.22249458730220795,0.9005531072616577,1.081386923789978,0.011971046216785908,0.16600097715854645,1.5870461463928223,0.19424927234649658,1.4249932765960693,0.0060688043013215065,1.3838095664978027,0.775630533695221,0.00039999998989515007,1.7141181230545044,0.6724669337272644,0.19222596287727356,1.8715224266052246,0.42835259437561035,1.7144098281860352,0.14511671662330627,0.2807178497314453,0.4642510414123535,0.6969764232635498,0.4599737524986267,0.984769344329834,0.351021409034729,0.5340176820755005,1.0976338386535645,0.4859561026096344,0.6504661440849304,1.17076575756073,0.6078855991363525,0.7708536982536316,0.9357770681381226,0.3658411502838135,0.2392970770597458,0.5676186680793762,0.8466703295707703,0.8340258598327637,0.1330578625202179,1.842316746711731,2.196621894836426,0.8406994342803955,0.16498811542987823,1.5652917623519897,1.7678128480911255,1.0382606983184814,0.35577714443206787,0.6962206363677979,1.1820738315582275,0.5875144004821777,0.6033668518066406,1.4447752237319946,1.398854374885559,0.9373726844787598,1.4394497871398926
1.2042474746704102,0.7175756692886353,0.19096946716308594,0.7667063474655151,1.5501991510391235,0.7757695317268372,0.3570977747440338,1.503440499305725,0.764198362827301,1.8518552780151367,0.5888543725013733,0.6853702068328857,0.11441127210855484,0.00039999998989515007,1.2359951734542847,0.7012803554534912,0.2474450320005417,0.7712150812149048,0.31140267848968506,1.5551940202713013,0.21007874608039856,0.10074276477098465,0.41039177775382996,1.1222435235977173,1.1219340562820435,1.0263489484786987,0.0434732548892498,0.3332580029964447,1.2245047092437744,0.19244274497032166,0.20359967648983002,0.9299979209899902,0.33280518651008606,0.2864919602870941,1.4838742017745972,0.3360152542591095,0.5706215500831604,0.8873490691184998,1.095328688621521,1.5624748468399048,0.053564585745334625,1.833314299583435,1.3733574151992798,0.18061429262161255,0.4529392421245575,1.3658744096755981,2.634021043777466,0.4719879925251007,0.9773196578025818,0.8044020533561707,1.2389756441116333,0.5128099918365479,0.326867938041687,1.8202317953109741,1.4437209367752075,0.623568594455719,0.8409345746040344
0.9320735931396484,0.09239892661571503,0.8669121265411377,0.5223930478096008,1.4047114849090576,0.30114176869392395,0.18484733998775482,1.2035081386566162,0.695636510848999,1.3144432306289673,0.8082985877990723,1.3853943347930908,0.058122649788856506,0.00039999998989515007,1.0936603546142578,0.6286666393280029,0.22791002690792084,1.1050738096237183,0.00272237416356802,1.70339035987854,0.44761359691619873,0.8537960052490234,0.3663896918296814,1.018248200416565,1.006939172744751,1.274405837059021,0.11153235286474228,1.1349693536758423,0.6416698694229126,0.04390512779355049,0.5844388604164124,1.1963101625442505,0.6518133282661438,0.10024906694889069,1.2787768840789795,0.43723180890083313,0.5398663878440857,0.5075929760932922,1.1142274141311646,2.0930488109588623,0.9198798537254333,2.277559280395508,0.9417492747306824,0.5527821779251099,0.5774038434028625,1.1706321239471436,2.8958957195281982,0.3549777865409851,0.8624746203422546,0.4426727592945099,0.9466782808303833,0.13286927342414856,0.04511822387576103,1.5288357734680176,1.2021665573120117,0.43221041560173035,0.505759596824646
1.345218539237976,0.2570761740207672,1.2567089796066284,0.03712679073214531,2.2551586627960205,0.017745167016983032,0.13029758632183075,1.029902696609497,0.5479075312614441,1.0104830265045166,0.07344494014978409,1.7307915687561035,0.2322862148284912,0.00039999998989515007,0.563246488571167,1.1461553573608398,0.2512432038784027,2.01761794090271,0.36266404390335083,0.5927687287330627,0.21999327838420868,0.3867619037628174,0.45235368609428406,2.1668059825897217,1.1266648769378662,1.4035853147506714,0.36081573367118835,1.39128577709198,0.022691616788506508,0.796780526638031,0.333661288022995,0.8203859925270081,1.2757008075714111,0.4380563497543335,0.712013840675354,0.06166614219546318,1.5293524265289307,0.538875937461853,1.3840827941894531,2.088761806488037,0.7366144061088562,2.1561224460601807,0.5112091898918152,0.40762919187545776,0.4378732740879059,0.007602963130921125,1.5306930541992188,0.0024908289778977633,1.1906630992889404,0.09249831736087799,0.4082147777080536,0.27121710777282715,0.3625316619873047,1.5989453792572021,0.525018572807312,0.22726497054100037,0.15609821677207947
1.4408111572265625,0.6567771434783936,0.5003060102462769,0.6127797961235046,0.9417780041694641,0.31368523836135864,0.2791573107242584,2.019808292388916,0.07890915870666504,1.725121021270752,0.5243883728981018,0.9462956786155701,0.6365090012550354,0.00039999998989515007,1.133574366569519,0.6392045617103577,0.2816751003265381,1.7501990795135498,0.21392597258090973,1.4584006071090698,0.1777096539735794,0.3986787497997284,0.1798284500837326,1.1098980903625488,0.8909164667129517,1.085108995437622,0.5287505388259888,0.3747274875640869,1.8396070003509521,0.38764917850494385,0.938217043876648,0.6610534191131592,0.3897169828414917,0.515232503414154,1.134995460510254,0.6543922424316406,0.2189345359802246,0.7655752897262573,0.5068365335464478,1.638863444328308,0.5503857135772705,1.6454648971557617,1.3284646272659302,0.6557053923606873,0.11313743889331818,1.3784865140914917,2.1174476146698,0.07774922251701355,1.0295498371124268,0.2923380434513092,1.4014520645141602,0.46190404891967773,0.24202905595302582,2.0800652503967285,1.2711533308029175,0.8037406802177429,0.6674911975860596
0.8986684083938599,1.359006643295288,0.4441377818584442,1.1611418724060059,0.7602195739746094,0.3107614517211914,0.28288915753364563,2.5548431873321533,0.3173902630805969,1.894774079322815,0.4547664225101471,0.13803356885910034,0.13399380445480347,0.00039999998989515007,1.878491759300232,0.15935730934143066,0.2673017680644989,1.1746166944503784,0.7740694880485535,1.5262176990509033,0.3249672055244446,0.09642618894577026,0.08785536885261536,0.6610376834869385,0.6109231114387512,0.19421595335006714,0.17535293102264404,0.38443753123283386,1.7783923149108887,0.1612851470708847,0.5936906933784485,0.9466900825500488,0.028565242886543274,1.119907021522522,0.31966903805732727,1.1395134925842285,0.2440422624349594,0.21352864801883698,0.26929691433906555,1.3346234560012817,0.6847273707389832,1.134459137916565,1.4452382326126099,0.07996640354394913,0.1622922420501709,1.9347140789031982,2.4091479778289795,0.20394207537174225,0.539352297782898,0.2360401451587677,1.4072850942611694,0.6908105611801147,0.11279083043336868,1.377935767173767,2.002030611038208,0.4616812467575073,0.5859073400497437
1.007095217704773,0.6926584243774414,0.8832582831382751,0.22536253929138184,0.6342398524284363,1.2160495519638062,0.07018928974866867,1.4542756080627441,0.6304603219032288,0.7772430777549744,0.8325165510177612,1.3375771045684814,0.6211220622062683,0.00039999998989515007,0.3752264380455017,0.09890853613615036,1.5258939266204834,1.4795877933502197,0.6614316701889038,2.055957078933716,0.2952894866466522,1.07865309715271,0.8642944097518921,1.6857962608337402,1.9900938272476196,0.6038611531257629,0.2551485598087311,0.5375887751579285,1.6809853315353394,0.298353374004364,0.19094301760196686,0.0867612212896347,0.1640007048845291,0.18146295845508575,1.5536845922470093,0.09563063085079193,0.48915717005729675,0.021704521030187607,1.6456928253173828,1.8486560583114624,0.6534833312034607,1.002731442451477,1.0820915699005127,0.17059791088104248,0.16148823499679565,0.15179096162319183,1.2655526399612427,0.32420244812965393,1.0284361839294434,0.24538692831993103,1.4437000751495361,0.9329251050949097,0.6326035857200623,2.4532229900360107,0.4355016350746155,0.5186009407043457,0.20838822424411774
1.4470748901367188,0.40338125824928284,1.276296615600586,0.09996184706687927,1.3992376327514648,0.016335662454366684,0.16379867494106293,1.7974300384521484,0.9816043376922607,1.072105050086975,0.49722710251808167,1.1839784383773804,0.10660087317228317,0.00039999998989515007,0.21514341235160828,0.7668879628181458,0.31896087527275085,2.222215175628662,0.304396390914917,1.0161690711975098,0.45747634768486023,0.3502173125743866,0.40717262029647827,1.827317237854004,2.091085433959961,1.0398539304733276,0.21325217187404633,1.2830430269241333,0.2680298388004303,0.5458405017852783,0.06125367060303688,0.21388579905033112,1.2371481657028198,0.2937399744987488,0.5035238265991211,0.04875936359167099,1.1396616697311401,0.672014594078064,1.5176535844802856,2.0948665142059326,0.8644656538963318,2.12331485748291,0.411053329706192,0.19255822896957397,0.25799641013145447,0.010867740027606487,1.8073198795318604,0.32677316665649414,0.6688918471336365,0.1252865195274353,0.3696085214614868,0.4269528090953827,0.2566949129104614,2.0707340240478516,0.20173655450344086,0.9383734464645386,0.18702173233032227
0.5649332404136658,0.6286463737487793,0.8875118494033813,0.8290515542030334,0.6153509616851807,0.8963903188705444,0.7324579954147339,1.4769655466079712,0.8021332025527954,2.540320873260498,0.04242662712931633,0.09440208226442337,0.805130660533905,0.00039999998989515007,1.1625897884368896,0.5459327101707458,0.10943921655416489,0.8253090977668762,0.0031533953733742237,1.0371015071868896,0.13482393324375153,0.40369081497192383,0.5768200159072876,0.2148110717535019,0.5516988635063171,0.313741534948349,0.5853714942932129,0.033491771668195724,1.2204252481460571,0.4882953464984894,0.4475272595882416,0.9917452931404114,0.34819018840789795,0.17743124067783356,0.6315810680389404,0.3942214548587799,0.07234369963407516,0.6698435544967651,0.08834902197122574,1.8516250848770142,0.563044548034668,0.7697002291679382,1.201241135597229,0.9573267102241516,0.13964787125587463,2.0584568977355957,3.0499775409698486,0.8209606409072876,0.5430934429168701,0.1301606148481369,2.036195755004883,1.1286956071853638,0.9826134443283081,0.5297499895095825,2.089195728302002,0.4256129562854767,1.0549883842468262
1.9164905548095703,0.5236079692840576,1.284659743309021,0.2695668935775757,1.0010488033294678,0.7573772668838501,0.7002995014190674,1.8696517944335938,0.8639605045318604,0.7413589954376221,0.3094926178455353,0.9731272459030151,0.7364325523376465,0.00039999998989515007,0.6312124133110046,0.07085369527339935,1.1782829761505127,1.693002700805664,0.9106616377830505,2.0707039833068848,0.25285986065864563,0.4514993131160736,0.27447444200515747,2.091848134994507,1.7922415733337402,1.0538909435272217,0.5422437787055969,0.5594170093536377,1.4041407108306885,0.853552520275116,0.3556166887283325,0.23770080506801605,0.5071863532066345,0.9456580281257629,0.9020500183105469,0.09906913340091705,0.677716076374054,0.005706251133233309,0.9234380125999451,1.635004997253418,0.8806770443916321,1.6030046939849854,0.7838160991668701,0.32481375336647034,0.693849503993988,0.027940567582845688,1.2388832569122314,0.10020050406455994,0.5644685626029968,0.21209466457366943,0.5992416739463806,0.3349127173423767,0.2625259459018707,2.382162570953369,0.5613963603973389,0.7528009414672852,0.6567198634147644
0.1640394777059555,0.019149357452988625,0.8515084385871887,0.5953810811042786,0.415462464094162,1.3532905578613281,0.47901347279548645,0.4751768112182617,0.4107712507247925,0.6401480436325073,0.44997504353523254,0.8751654624938965,1.1900238990783691,0.00039999998989515007,1.186671495437622,0.6997402906417847,0.6417500376701355,1.9715617895126343,0.3927459120750427,1.3465970754623413,0.12940672039985657,0.3561062216758728,1.06550931930542,0.4664801359176636,0.2766648828983307,0.6568652391433716,0.6799427270889282,0.04802762344479561,1.5752513408660889,0.5459762215614319,0.621784508228302,1.4827702045440674,1.1126587390899658,0.05974053964018822,0.6711957454681396,0.6744686365127563,1.5032671689987183,0.5023211240768433,0.9262706637382507,0.013062592595815659,0.0698363184928894,1.009962797164917,2.4656922817230225,1.7938262224197388,0.22819429636001587,1.4094138145446777,1.1822859048843384,1.4893113374710083,0.11642557382583618,0.793979287147522,1.8148504495620728,1.100386619567871,1.6367592811584473,0.5285399556159973,0.6093866229057312,0.2984248101711273,1.9262912273406982
1.7947368621826172,0.09167521446943283,0.6732927560806274,0.0795498937368393,0.05876854062080383,0.5644133687019348,0.4423564374446869,2.850304365158081,0.3464256227016449,1.0857428312301636,0.19805222749710083,1.3958691358566284,0.42694634199142456,0.00039999998989515007,0.5523965358734131,0.075612373650074,0.6092158555984497,2.4540693759918213,0.6983300447463989,1.6920892000198364,0.48497623205184937,0.12897881865501404,0.23181581497192383,1.6089348793029785,1.807725429534912,0.6667047739028931,0.10174363851547241,0.336590439081192,1.4166556596755981,1.1363933086395264,0.7606380581855774,0.010637525469064713,0.09529252350330353,0.9470615386962891,0.9408015608787537,0.19896391034126282,0.5387597680091858,0.10491733253002167,0.4036064147949219,1.8826985359191895,0.5573920011520386,0.7905436158180237,1.300513505935669,0.6853720545768738,0.6080418229103088,0.5852811336517334,1.0737088918685913,0.248989999294281,0.6520958542823792,0.3527372479438782,1.1421611309051514,0.6697826385498047,0.642585039138794,2.3461310863494873,0.777610719203949,0.6895543932914734,0.15648789703845978
0.7525652647018433,0.024411318823695183,0.04879400506615639,0.20852908492088318,0.7298877835273743,2.4920389652252197,0.1676901876926422,0.8449763059616089,1.7438021898269653,1.2338731288909912,0.6883079409599304,0.29314523935317993,0.3305737376213074,0.00039999998989515007,0.9120762348175049,0.27035972476005554,0.4730788767337799,1.028385043144226,0.6542035341262817,1.8510109186172485,0.6212935447692871,1.3737492561340332,0.8086515069007874,0.6330370903015137,1.3792238235473633,1.2399437427520752,0.009625319391489029,0.24576684832572937,2.166203737258911,0.1174347847700119,0.19194456934928894,1.0796293020248413,0.027136297896504402,0.02997790277004242,1.5439667701721191,0.6569388508796692,0.3723924458026886,0.10247577726840973,0.8362988829612732,1.5392917394638062,0.5578817129135132,0.45328089594841003,1.859778881072998,0.11024167388677597,0.9121317863464355,0.7655726075172424,1.7966810464859009,0.5323337316513062,1.2814122438430786,0.07454800605773926,1.0536365509033203,1.4723701477050781,0.9827767014503479,1.5247505903244019,0.8832754492759705,0.045808713883161545,0.5719500184059143
2.2725467681884766,0.88374263048172,0.6470803022384644,0.05624771490693092,0.5325191617012024,0.20032581686973572,0.13395628333091736,2.9569251537323,0.4761737585067749,1.5066375732421875,0.22434061765670776,0.9749095439910889,0.4466032087802887,0.00039999998989515007,0.6486768126487732,0.257478803396225,0.6540719866752625,2.5304481983184814,0.8404462337493896,1.5526293516159058,1.0006250143051147,0.08060168474912643,0.1026887595653534,1.650141716003418,1.2493259906768799,0.7191064357757568,0.48422375321388245,0.5295231938362122,2.0153133869171143,0.7787966132164001,0.39972013235092163,0.3964470624923706,0.23826642334461212,1.1691932678222656,0.3516850471496582,0.4525008797645569,0.05678574740886688,0.13024023175239563,0.08598203957080841,1.3305572271347046,0.6242551803588867,1.265337586402893,0.9782795906066895,0.16183923184871674,0.11235133558511734,0.6504545211791992,0.8876581788063049,0.01690887100994587,0.4898506700992584,0.7265138626098633,0.9091613292694092,0.4430137574672699,0.04619504138827324,2.2392735481262207,0.9157674312591553,0.7049611806869507,0.023512575775384903
1.8640090227127075,0.12029877305030823,0.453480988740921,0.19498686492443085,0.14080704748630524,0.7120875716209412,0.2439950853586197,2.5936005115509033,0.05532580986618996,1.218126654624939,0.8885728716850281,0.29000094532966614,0.7656610608100891,0.00039999998989515007,0.25242117047309875,1.393293023109436,0.43325966596603394,3.550055742263794,0.28796252608299255,0.6678075790405273,0.15351033210754395,0.9140609502792358,0.2620566487312317,1.528138279914856,1.7586766481399536,0.6171784996986389,0.010237391106784344,0.43644896149635315,0.6777065992355347,1.1748367547988892,0.37152451276779175,0.2325274497270584,1.517738699913025,0.3300879895687103,0.6705164909362793,0.06638961285352707,0.23717544972896576,1.6076642274856567,0.6691107153892517,1.2747479677200317,0.02724294736981392,0.9628733396530151,0.31909745931625366,0.4534846246242523,0.8875303268432617,0.4567188024520874,0.37066560983657837,0.602481484413147,0.42914247512817383,0.048460379242897034,0.08082211017608643,0.7766690850257874,0.31270095705986023,1.9711835384368896,0.10083402693271637,1.912503957748413,0.2244560718536377
1.7152553796768188,0.41606566309928894,0.5923227071762085,0.15920473635196686,0.25463005900382996,1.4878268241882324,0.5439198613166809,2.5441813468933105,0.11754809319972992,0.8957438468933105,0.6531572937965393,0.3666777014732361,1.079351782798767,0.00039999998989515007,0.2775290906429291,0.8621473908424377,1.082994818687439,3.2859554290771484,0.495925635099411,0.3203781545162201,0.7148875594139099,0.9949395656585693,0.7889151573181152,0.8990203142166138,1.3176689147949219,0.4408692717552185,0.17136962711811066,0.13601376116275787,0.17689025402069092,0.9972251057624817,0.8303076028823853,1.4409695863723755,1.5919404029846191,0.5018981099128723,1.2362176179885864,0.0848715752363205,0.3287961184978485,1.5345878601074219,0.034046076238155365,0.6325296759605408,0.24813319742679596,1.2838588953018188,0.35797595977783203,0.41260525584220886,1.4544527530670166,0.05840074643492699,0.38893094658851624,0.90439772605896,0.2493356466293335,0.2536124885082245,0.4537711441516876,0.2874335050582886,0.3833787143230438,1.5277683734893799,0.563834547996521,2.170161724090576,0.0477614589035511
1.3100168704986572,0.40905094146728516,0.8050370216369629,1.08046555519104,0.23434369266033173,0.1803414225578308,1.203601598739624,1.9350191354751587,0.34966689348220825,1.9874322414398193,1.238157868385315,0.10121237486600876,1.28742253780365,0.00039999998989515007,0.14557859301567078,0.26980647444725037,0.380415141582489,3.443871259689331,0.5786725282669067,0.19122080504894257,0.24869540333747864,0.4247126579284668,0.3590714931488037,0.24113650619983673,0.7286425828933716,0.8126503229141235,0.10028213262557983,1.0838871002197266,0.24281072616577148,0.675126850605011,0.2659364938735962,0.8372513651847839,0.6035337448120117,0.14810095727443695,0.9362401366233826,1.8444253206253052,0.68952876329422,0.33674728870391846,0.7045856714248657,1.4766826629638672,0.42555639147758484,0.9712305068969727,0.09323809295892715,0.09568934887647629,1.4878690242767334,0.5779380798339844,0.5758637189865112,0.9084412455558777,1.0890491008758545,0.17514130473136902,0.8425174951553345,0.8632920980453491,0.7620981931686401,1.2463743686676025,1.593300461769104,2.0069098472595215,0.11350295692682266
1.9112136363983154,0.40289899706840515,0.7417466640472412,0.049081794917583466,0.054904207587242126,0.8032837510108948,0.5734030604362488,3.587608575820923,0.27139371633529663,0.9556992650032043,0.09420195966959,0.9815016388893127,0.3694525361061096,0.00039999998989515007,0.48471149802207947,0.2375880777835846,0.3165522515773773,2.840623378753662,0.9586466550827026,1.4206949472427368,0.6650533080101013,0.15915225446224213,0.12609317898750305,1.5731329917907715,1.602230429649353,0.4965081810951233,0.32055431604385376,0.11280504614114761,1.4872515201568604,1.0907891988754272,0.740106999874115,0.05375583469867706,0.3725563585758209,1.2843828201293945,0.18136194348335266,0.1795690804719925,0.21861404180526733,0.376747190952301,0.23549316823482513,1.3390778303146362,0.5021992325782776,1.0678926706314087,1.001484751701355,0.2498091608285904,0.6644309759140015,0.37509685754776,0.6234810948371887,0.374302476644516,0.19895663857460022,0.41482165455818176,0.7544609904289246,0.43612775206565857,0.08419564366340637,2.452202558517456,0.5120329856872559,0.9584475159645081,0.3856443464756012
1.8514695167541504,0.07856081426143646,0.6169410347938538,0.03024240769445896,0.14916081726551056,1.0028265714645386,0.07235244661569595,2.7629621028900146,0.11755065619945526,0.7630345821380615,0.9886626601219177,0.4697306156158447,0.4532678425312042,0.00039999998989515007,0.3018140494823456,1.3430904150009155,0.22288209199905396,3.542584180831909,0.48934507369995117,0.6415440440177917,0.06244954466819763,1.0346146821975708,0.30109903216362,1.7990617752075195,1.7556333541870117,0.5905327200889587,0.156442791223526,0.36064159870147705,0.4669894278049469,1.1427918672561646,0.26235511898994446,0.2864282727241516,1.5556546449661255,0.49944064021110535,0.741659939289093,0.26085758209228516,0.24815037846565247,1.528087854385376,0.5572723746299744,0.9234445691108704,0.019297871738672256,1.0164079666137695,0.2488400936126709,0.35642388463020325,0.8716697692871094,0.7731397747993469,0.09423571825027466,0.9626448750495911,0.31111201643943787,0.1498190462589264,0.16982318460941315,0.5874189138412476,0.4485531151294708,1.8921226263046265,0.30482274293899536,1.8224886655807495,0.3192203938961029
1.697730302810669,1.0051770210266113,0.7227377891540527,0.21285149455070496,0.47307929396629333,1.4680906534194946,1.3076459169387817,3.2185111045837402,1.0793882608413696,0.07452461123466492,0.0968397930264473,1.579308032989502,0.29905709624290466,0.00039999998989515007,1.4747164249420166,0.14773455262184143,0.05265206843614578,2.1664528846740723,1.1656694412231445,1.783937931060791,0.6529661417007446,0.07936354726552963,0.12551213800907135,1.6201053857803345,0.47768720984458923,0.7708945870399475,0.35522544384002686,0.04705788195133209,1.0859237909317017,1.1356621980667114,1.0497655868530273,0.8705769181251526,0.13924704492092133,2.0425305366516113,0.038466647267341614,0.17175526916980743,0.07075156271457672,0.084897980093956,0.594566285610199,0.14782726764678955,0.8549557328224182,1.3727103471755981,1.2766698598861694,0.5344669818878174,0.2614554762840271,0.09741207212209702,0.09545985609292984,1.0200778245925903,0.3954903483390808,0.003376450389623642,0.1278773844242096,0.31199318170547485,0.5305058360099792,1.6871225833892822,0.16051071882247925,1.019110918045044,0.2758258581161499
1.90203857421875,0.22848325967788696,1.0771560668945312,0.10065986961126328,0.8286120891571045,1.26056706905365,1.0771509408950806,2.817110776901245,0.24690133333206177,0.1184014305472374,0.681934118270874,1.2688583135604858,0.04300617054104805,0.00039999998989515007,0.45431092381477356,0.5008863210678101,0.5151546001434326,3.0122692584991455,0.2803388237953186,0.5087150931358337,0.5066239833831787,0.23262734711170197,0.7113721966743469,2.3509912490844727,1.3614256381988525,0.9587730169296265,0.4921149015426636,0.43939635157585144,0.13674001395702362,1.6273186206817627,0.5549796223640442,0.11152808368206024,0.8784202933311462,0.8464950919151306,0.20025864243507385,0.09347714483737946,1.4120515584945679,0.17507949471473694,0.19306744635105133,0.7812064290046692,0.8401659727096558,1.6554758548736572,0.2742234170436859,0.51123046875,0.08746964484453201,0.7096503376960754,0.0481792651116848,0.43601998686790466,0.62128084897995,0.02725527249276638,0.31046003103256226,0.21506494283676147,0.6415054798126221,1.7608976364135742,0.08843345940113068,1.4426965713500977,1.2376112937927246
1.629758596420288,0.3522558808326721,0.5767285227775574,0.10088641196489334,0.24417749047279358,1.18410062789917,0.8564923405647278,4.063822269439697,0.4122489094734192,0.829230010509491,0.18503110110759735,0.9038684964179993,0.48186010122299194,0.00039999998989515007,0.9661484956741333,0.1997440755367279,0.20258377492427826,2.6967484951019287,1.3137787580490112,1.3665132522583008,0.5589005351066589,0.26383012533187866,0.5332447290420532,1.3024176359176636,1.3511781692504883,0.1411638706922531,0.263670951128006,0.14516770839691162,1.182509183883667,0.9846884608268738,0.8617954254150391,0.1556956022977829,0.17580360174179077,1.4848883152008057,0.06521518528461456,0.40748825669288635,0.1821642369031906,0.3138482868671417,0.6003451943397522,0.9785168766975403,0.42861583828926086,0.858025848865509,1.263421654701233,0.3059642016887665,0.8775798678398132,0.7679929137229919,0.6295132637023926,0.8884797692298889,0.24706010520458221,0.2666161060333252,0.6883396506309509,0.4157377779483795,0.07486015558242798,2.057800054550171,0.41750285029411316,0.7691748142242432,0.1623520404100418
1.6518336534500122,0.3391169011592865,1.6425328254699707,0.7015476226806641,1.1087384223937988,0.07360924035310745,1.0051257610321045,1.9684207439422607,0.9525226950645447,0.03042542189359665,0.581463098526001,0.8410994410514832,0.9420340061187744,0.00039999998989515007,0.2779274582862854,0.32149291038513184,0.19926613569259644,2.372830867767334,0.8978859186172485,0.8856187462806702,0.1869819462299347,0.5318793654441833,0.8214051127433777,2.8260159492492676,1.8617215156555176,1.0368847846984863,0.213560089468956,0.5961198806762695,0.34391114115715027,1.189468264579773,0.24180731177330017,0.22751794755458832,0.9317269921302795,0.3860696256160736,0.20729100704193115,0.7276759743690491,1.311690330505371,0.06741013377904892,0.7030942440032959,1.364905595779419,0.6930050253868103,1.1852073669433594,0.0505542978644371,0.7119202017784119,0.4132198095321655,1.0714491605758667,0.059226661920547485,1.149692416191101,0.6572796702384949,0.3285730481147766,0.5061600804328918,0.17282050848007202,1.0389798879623413,1.6520628929138184,0.06787329912185669,0.9855598211288452,1.5924205780029297
1.241457223892212,1.1202545166015625,0.3524472713470459,0.7551124095916748,0.09953823685646057,0.15429271757602692,0.1449240893125534,3.7283546924591064,0.662192702293396,0.7849366068840027,0.28303906321525574,1.3935654163360596,0.46598073840141296,0.00039999998989515007,1.2132012844085693,0.5374494194984436,0.7400554418563843,2.963313102722168,0.5511008501052856,1.1951124668121338,0.9406731724739075,0.04560919851064682,0.9266044497489929,1.4241081476211548,1.0521384477615356,0.36799541115760803,0.7126511931419373,0.3586582839488983,1.1119825839996338,0.7833824157714844,0.5348299741744995,0.07747570425271988,0.11644845455884933,1.0620986223220825,0.427682489156723,1.133415937423706,0.3385041058063507,0.31476035714149475,0.21400874853134155,0.7498764395713806,0.6880133152008057,1.3471564054489136,1.2152775526046753,0.21619994938373566,0.7426216006278992,0.6844683885574341,0.3221401870250702,0.10862753540277481,0.443390816450119,0.1739107221364975,1.337709665298462,0.2296741008758545,0.3057478368282318,2.024214506149292,0.7801876664161682,1.1870299577713013,0.21239438652992249
1.4473432302474976,0.7867460250854492,0.20878919959068298,0.1764986366033554,0.24517405033111572,1.2194204330444336,0.8782488107681274,4.330699443817139,0.9206157326698303,0.807101309299469,0.11153440922498703,0.7250344753265381,0.0847502052783966,0.00039999998989515007,1.1697946786880493,0.3239878714084625,0.3521260619163513,2.175072193145752,1.432521104812622,1.6531291007995605,0.5577032566070557,0.3728559911251068,0.189083993434906,1.1041334867477417,0.901625394821167,0.18542952835559845,0.21689383685588837,0.5833960175514221,1.3479877710342407,0.7846156358718872,0.665958821773529,0.521629273891449,0.27974188327789307,1.961137294769287,0.4145925045013428,0.14614708721637726,0.19836165010929108,0.10627955198287964,1.0212640762329102,0.539652943611145,0.3499787449836731,0.1000850647687912,1.2005295753479004,0.1306757926940918,0.49078813195228577,1.0635308027267456,0.7044543623924255,1.0948154926300049,0.19811983406543732,0.36304017901420593,0.7707284092903137,0.961697518825531,0.34675267338752747,1.6310465335845947,0.6030052900314331,0.1387079805135727,0.22744451463222504
1.6496038436889648,1.097397804260254,0.4181455075740814,0.21830740571022034,1.0145939588546753,1.5353896617889404,1.2597609758377075,3.9045467376708984,0.6108538508415222,0.45770391821861267,0.5653355121612549,0.6508106589317322,0.03825990483164787,0.00039999998989515007,1.2093709707260132,0.7291126847267151,0.48544132709503174,1.8819814920425415,1.4183892011642456,0.764430582523346,0.8245269060134888,0.35768136382102966,0.5163461565971375,2.0857999324798584,0.7371535301208496,0.4273773431777954,0.3465435802936554,0.25718021392822266,0.861717700958252,1.0750240087509155,0.8360093832015991,0.8939487934112549,0.08875898271799088,1.684537410736084,0.34638938307762146,0.20095792412757874,0.7284765243530273,0.6200569868087769,0.696967363357544,0.3288555145263672,0.23776577413082123,1.2412430047988892,0.7538000345230103,1.0922496318817139,0.13149316608905792,0.17552971839904785,0.09670941531658173,1.2827461957931519,0.40177950263023376,0.4464268982410431,0.016630711033940315,0.19121097028255463,0.8521153330802917,1.5565513372421265,0.09579300880432129,0.48680588603019714,0.9232049584388733
1.5193560123443604,0.789067268371582,0.0762115865945816,0.28211915493011475,0.39839234948158264,0.9399773478507996,0.49195346236228943,4.459465503692627,0.5735146999359131,0.8748199343681335,0.22473780810832977,0.49751126766204834,0.28814420104026794,0.00039999998989515007,0.6773974299430847,0.19564947485923767,0.30541154742240906,3.046668767929077,1.0133192539215088,1.1205328702926636,0.9853537678718567,0.2504226267337799,0.25417375564575195,1.3134994506835938,1.3358391523361206,0.07759729772806168,0.22377772629261017,0.06499604135751724,1.4520894289016724,0.9273080229759216,0.6085219383239746,0.2351437509059906,0.07578092068433762,1.4775359630584717,0.1917058825492859,0.4911147952079773,0.16285863518714905,0.06284584850072861,0.4620152413845062,0.9186674356460571,0.4392988979816437,0.6175057888031006,1.0033403635025024,0.07128805667161942,0.7536404132843018,0.6019760966300964,0.42511704564094543,0.6393622756004333,0.017893197014927864,0.4991666078567505,0.868066668510437,0.4966565668582916,0.0717267170548439,1.89646577835083,0.7737314701080322,0.8702890276908875,0.3427719473838806
0.9443399310112,1.1484885215759277,0.4681980013847351,0.3914114832878113,0.021402841433882713,0.3268180191516876,0.027205461636185646,4.05246639251709,0.7706974744796753,0.1607716828584671,0.0009070428204722703,1.431424856185913,0.06728624552488327,0.00039999998989515007,0.97580885887146,0.49710512161254883,1.078731894493103,3.169670581817627,0.6491666436195374,0.9925732016563416,0.8721973299980164,0.529346764087677,1.1457151174545288,1.6744266748428345,1.1948511600494385,0.06289051473140717,1.0452806949615479,0.07880190014839172,0.7399084568023682,0.4991871118545532,0.2981395721435547,0.05919172242283821,0.383907675743103,1.2381551265716553,0.36382991075515747,0.6594329476356506,0.3591725826263428,0.3237094283103943,0.28071698546409607,0.3507731556892395,0.22874636948108673,1.5681554079055786,1.08367121219635,0.30820801854133606,0.8827155232429504,0.22262346744537354,0.3063737154006958,0.8615590333938599,0.5136757493019104,0.23336271941661835,0.8818081617355347,0.29276636242866516,0.2754462957382202,1.8871437311172485,0.03640470653772354,1.2699847221374512,0.4186180531978607
1.6554300785064697,0.4831393361091614,0.291401743888855,0.11363396048545837,0.16715824604034424,1.033366322517395,0.620165228843689,4.519771099090576,0.46945643424987793,1.0938700437545776,0.2083638310432434,0.5541781783103943,0.5451885461807251,0.00039999998989515007,0.5929997563362122,0.038073550909757614,0.06091654673218727,2.8580820560455322,1.170609951019287,1.1943862438201904,0.8293507099151611,0.27036240696907043,0.07197857648134232,1.0546400547027588,1.10218346118927,0.11916533857584,0.03955526649951935,0.003734017489477992,1.3722363710403442,0.886121928691864,0.7607887387275696,0.22050322592258453,0.1861904114484787,1.3647854328155518,0.0006603315123356879,0.5382454991340637,0.19301074743270874,0.15294070541858673,0.4097103774547577,1.2551946640014648,0.19869084656238556,0.6580187082290649,0.9739178419113159,0.0768280029296875,0.6528920531272888,0.9086055159568787,0.6072971820831299,0.2878861129283905,0.13463018834590912,0.3618738055229187,0.9070755243301392,0.4826882481575012,0.24500280618667603,2.145507335662842,0.9310075640678406,0.3840136229991913,0.5833048224449158
1.6096324920654297,0.9927245378494263,0.13140882551670074,0.1950683891773224,0.27989357709884644,0.9315128326416016,0.3602617383003235,4.610532283782959,0.7940885424613953,1.0020792484283447,0.181324765086174,0.3827764391899109,0.25124475359916687,0.00039999998989515007,0.7708223462104797,0.1984560638666153,0.40766486525535583,2.993283748626709,1.1857577562332153,1.1871286630630493,1.0895286798477173,0.4465920925140381,0.3298681378364563,1.3794711828231812,1.130456566810608,0.14127208292484283,0.10081043094396591,0.045295458287000656,1.4889918565750122,0.6760708093643188,0.3277134895324707,0.4626277983188629,0.03009665757417679,1.5778430700302124,0.3502979278564453,0.45138856768608093,0.05725674331188202,0.025616591796278954,0.5012758374214172,0.6691270470619202,0.21734197437763214,0.3978334367275238,1.0183162689208984,0.0698016881942749,0.5643712282180786,0.607284665107727,0.2714973986148834,0.9462661147117615,0.010822180658578873,0.6993358135223389,0.7251076698303223,0.6146357655525208,0.025842320173978806,1.578042984008789,0.8085033297538757,0.5533429980278015,0.10030417144298553
0.586225688457489,0.7357068657875061,0.6694219708442688,0.6395875215530396,0.5977672934532166,0.5992716550827026,0.5217108130455017,4.055365085601807,0.5945731997489929,0.6528288722038269,0.10143715888261795,1.478027105331421,0.1637028455734253,0.00039999998989515007,1.1653684377670288,0.8307017087936401,0.5294678211212158,3.055341958999634,0.45423051714897156,1.0671831369400024,0.6396511793136597,0.15190069377422333,0.9324525594711304,1.1770647764205933,0.83758944272995,0.1896878182888031,1.1635361909866333,0.3929135799407959,0.439845472574234,0.9406934976577759,0.7953770160675049,0.0143266087397933,0.20729239284992218,1.4601693153381348,0.27692559361457825,0.6235253810882568,0.28730276226997375,0.39077794551849365,0.6944257020950317,0.004521514289081097,0.8148587346076965,1.6383144855499268,1.1452319622039795,0.1397845447063446,0.7503491640090942,0.16675977408885956,0.20878177881240845,0.5228787660598755,0.8906223177909851,0.1823408156633377,0.8656072020530701,0.30320170521736145,0.7062380909919739,1.9438706636428833,0.033457010984420776,1.5652620792388916,0.18653768301010132
1.455896258354187,0.049434397369623184,0.9790377616882324,1.2317966222763062,1.7323161363601685,0.4299529194831848,1.0751245021820068,2.684382677078247,1.2047593593597412,0.24122710525989532,0.6814312934875488,1.3314735889434814,0.6996122002601624,0.00039999998989515007,0.008854123763740063,0.014231722801923752,0.19122853875160217,2.1992156505584717,0.12297317385673523,0.361360102891922,0.5469946265220642,0.05968498811125755,1.2390739917755127,2.1316754817962646,0.8898114562034607,1.3115885257720947,0.5092219114303589,0.09610782563686371,0.07565486431121826,0.6446482539176941,0.3293607234954834,0.4524226784706116,0.1771382838487625,0.4271819591522217,1.007842779159546,0.24267132580280304,2.0656216144561768,0.8244191408157349,0.1914084255695343,2.181643486022949,0.27051639556884766,1.6118388175964355,0.4775294065475464,0.5911164283752441,0.11755276471376419,0.05949381738901138,0.7412323951721191,0.13091915845870972,0.43532630801200867,0.8145957589149475,0.4047621488571167,0.5607196688652039,0.23083320260047913,1.915677547454834,0.7664400935173035,0.6986408829689026,1.142727255821228
1.080024242401123,0.6801806092262268,0.032755475491285324,0.29468849301338196,0.2223222702741623,0.9247931838035583,0.5260998010635376,5.03396463394165,0.535483717918396,0.8474007844924927,0.1420726180076599,0.28890934586524963,0.21725881099700928,0.00039999998989515007,0.7217052578926086,0.31714269518852234,0.1856040507555008,2.9822349548339844,0.9522976279258728,0.8667463064193726,0.992446780204773,0.0053504640236496925,0.17896638810634613,1.2773268222808838,1.2451329231262207,0.18453460931777954,0.1828656792640686,0.08990000933408737,1.3106915950775146,0.7287145256996155,0.5448659062385559,0.600288987159729,0.013462136499583721,1.310824990272522,0.11943493783473969,0.5609131455421448,0.43289604783058167,0.08243418484926224,0.4180227518081665,1.1482820510864258,0.43581661581993103,0.4789326786994934,0.9355930089950562,0.08560296893119812,0.5814334154129028,0.8093664646148682,0.7610605955123901,0.7279049754142761,0.11349435895681381,0.506807804107666,0.9933284521102905,0.5827184319496155,0.0799504816532135,1.618301510810852,0.9570043087005615,0.25678640604019165,0.4207175672054291
1.1669095754623413,0.8773167729377747,0.3519871234893799,0.3892412483692169,0.4838351011276245,1.0153653621673584,0.3039471507072449,5.05694055557251,0.8016806244850159,0.8726544380187988,0.38980555534362793,0.04342004284262657,0.23643121123313904,0.00039999998989515007,0.6795728802680969,0.2924136519432068,0.16611796617507935,3.3493518829345703,0.9278544187545776,0.72769695520401,0.9552523493766785,0.4202357828617096,0.3697429299354553,1.1652909517288208,1.0859830379486084,0.34339797496795654,0.15493269264698029,0.1065511703491211,1.187322735786438,0.6140183210372925,0.3354955017566681,0.38980165123939514,0.1974533051252365,1.371164083480835,0.636757493019104,0.6289604902267456,0.14914730191230774,0.04233826324343681,0.3975607454776764,0.726895272731781,0.2154349833726883,0.325425922870636,0.8271760940551758,0.007225863169878721,0.7699369788169861,0.6302735209465027,0.3914133906364441,0.9517785906791687,0.0347149521112442,0.6404396295547485,0.7387089729309082,0.6586451530456543,0.1321118324995041,1.3243449926376343,0.8451396226882935,0.658866822719574,0.16329823434352875
1.084051251411438,0.7042791843414307,0.055068086832761765,0.2468564808368683,0.211360365152359,1.1503392457962036,0.5739181041717529,5.130324840545654,0.47376686334609985,0.4900188446044922,0.4871090054512024,0.3179522454738617,0.04149472340941429,0.00039999998989515007,0.6454013586044312,0.3195036053657532,0.27212080359458923,3.1802332401275635,0.9352783560752869,0.6766544580459595,1.0940532684326172,0.29918554425239563,0.1527332216501236,1.6647247076034546,1.3912562131881714,0.22043703496456146,0.34479638934135437,0.04262775182723999,0.9206249713897705,0.7685266733169556,0.3140818476676941,0.5174510478973389,0.24243822693824768,1.4011735916137695,0.3887488842010498,0.4206019937992096,0.6143136024475098,0.15927918255329132,0.3681785762310028,0.8117071986198425,0.4152472913265228,0.600538432598114,0.7255488038063049,0.03538743779063225,0.6371796131134033,0.3736732304096222,0.35395583510398865,0.9936060309410095,0.029314793646335602,0.5807154178619385,0.7478681802749634,0.44681158661842346,0.2757749557495117,1.4218286275863647,0.600654661655426,0.42252516746520996,0.5622608661651611
1.8009824752807617,0.1454990953207016,0.538657546043396,0.05851254239678383,0.2884580194950104,0.8410688042640686,0.11086941510438919,4.2667951583862305,1.0262014865875244,1.5029019117355347,1.0695998668670654,0.2637314796447754,0.9370040893554688,0.00039999998989515007,0.22021540999412537,0.23893578350543976,0.573969304561615,3.406028985977173,0.26270732283592224,0.027054639533162117,0.937659502029419,0.023332010954618454,0.303088515996933,0.5949682593345642,1.284765601158142,0.40842241048812866,0.7595587372779846,0.061866484582424164,0.0679071843624115,0.7478665113449097,0.2828937768936157,0.42749667167663574,0.28083473443984985,0.5937476754188538,0.30299222469329834,0.7867483496665955,1.1563999652862549,0.3765263259410858,0.054841894656419754,1.8128759860992432,0.9143500924110413,0.2585800886154175,0.27484866976737976,0.31599247455596924,1.0908173322677612,0.6956038475036621,0.587882399559021,0.0767209529876709,0.56252121925354,0.5362759232521057,0.5094454288482666,0.7312979102134705,0.03570742532610893,1.472975254058838,1.367271065711975,0.5447773337364197,0.9233586192131042
0.04261475428938866,0.1286586970090866,0.8102068305015564,0.15131737291812897,0.9784841537475586,1.099546194076538,1.106694221496582,4.180734634399414,1.2203818559646606,0.3638855814933777,0.08637386560440063,0.8741995096206665,0.2656249701976776,0.00039999998989515007,0.8720619082450867,0.3312384784221649,0.44999873638153076,2.9989819526672363,1.3608639240264893,1.6974374055862427,0.3471955955028534,0.1770511269569397,0.6321743130683899,0.7448605895042419,0.5467768907546997,0.08366217464208603,0.5659833550453186,0.0782899409532547,1.4665017127990723,0.9058849811553955,1.5694944858551025,0.48295697569847107,0.41244643926620483,1.4067648649215698,0.32423004508018494,0.12930123507976532,0.5396533608436584,0.2302265763282776,0.32516199350357056,1.1279202699661255,1.3017810583114624,0.20628921687602997,1.0480955839157104,0.8286335468292236,0.55989009141922,0.7480047345161438,0.5588008761405945,0.6145827770233154,0.1565491110086441,0.6137368679046631,0.8785626888275146,0.7490736842155457,0.44841745495796204,1.5854854583740234,0.05342196673154831,0.026225091889500618,0.3459223210811615
0.7887125611305237,0.6290777325630188,0.9356247782707214,0.6247509121894836,0.8115514516830444,1.2431292533874512,0.059731483459472656,4.963251113891602,0.7902390360832214,0.7361899018287659,1.119832992553711,0.6533743739128113,0.32582879066467285,0.00039999998989515007,0.20586541295051575,0.2613157629966736,0.37149733304977417,3.6690871715545654,0.7141709923744202,0.2081085741519928,0.5388147234916687,0.974627673625946,0.5477473735809326,0.7836623787879944,1.0363718271255493,0.6578139662742615,0.30972185730934143,0.2516186833381653,0.5462886691093445,0.5329447984695435,0.12766461074352264,0.32919564843177795,0.6017261743545532,1.0852710008621216,1.361129641532898,0.35673806071281433,0.05069282278418541,0.7003166675567627,0.09110306203365326,0.26244664192199707,0.3588731586933136,0.1796153038740158,0.4570797085762024,0.04368322715163231,1.0700032711029053,0.1621987223625183,0.07970625162124634,1.3717126846313477,0.12405780702829361,0.3696573078632355,0.27461227774620056,0.8287226557731628,0.2817641496658325,0.7981923818588257,0.5582315921783447,1.0691393613815308,0.12669751048088074
0.8947162628173828,0.041323233395814896,0.18423089385032654,0.26344406604766846,1.597213864326477,0.6420021653175354,0.36599963903427124,4.000097274780273,0.9269959926605225,0.6615959405899048,0.05366743355989456,0.0021902641747146845,0.6858433485031128,0.00039999998989515007,0.1320922076702118,0.060660745948553085,0.34113964438438416,2.9743971824645996,1.3417929410934448,1.7991938591003418,0.07014012336730957,0.42377400398254395,0.5582431554794312,0.20186008512973785,0.6287317276000977,0.03949945792555809,0.13512542843818665,0.289742648601532,2.374800443649292,0.7478654980659485,1.3703527450561523,0.12071357667446136,0.2568986117839813,1.226983904838562,0.11146514862775803,0.26076406240463257,1.2817350625991821,0.4834384024143219,0.1833762377500534,1.1572269201278687,0.5974559783935547,0.6304959058761597,0.7977138757705688,0.6591746807098389,0.6071425080299377,1.1358438730239868,0.6394258141517639,0.34776929020881653,0.38300567865371704,0.6063949465751648,1.1491546630859375,0.8369817137718201,0.3678444027900696,1.666733980178833,0.451430082321167,0.10842511802911758,0.2967715263366699
1.8425403833389282,0.716836154460907,0.23899324238300323,0.40921127796173096,1.2507268190383911,0.7697454690933228,0.16274766623973846,4.312769889831543,0.0619116947054863,0.7509297728538513,0.7931604981422424,0.4422997832298279,0.13317985832691193,0.00039999998989515007,0.21703828871250153,0.45760607719421387,0.33792245388031006,3.2017662525177,0.7400108575820923,0.2015739381313324,1.4574474096298218,0.7105296850204468,0.0024715617764741182,2.7009220123291016,1.6197049617767334,0.3652092516422272,0.6596933007240295,0.45844516158103943,0.13434527814388275,0.1270623505115509,0.8171506524085999,0.5354049801826477,0.6388488411903381,0.7970821857452393,0.2798915207386017,0.008055737242102623,1.0797920227050781,0.17644721269607544,0.13275980949401855,0.6515111923217773,0.4349026679992676,1.4227519035339355,0.12850911915302277,0.44359174370765686,0.059234172105789185,0.3913882374763489,0.2333678901195526,1.014931559562683,0.3008712828159332,0.7870799899101257,0.05048634856939316,0.28293943405151367,0.6497763395309448,0.9426015615463257,0.14974266290664673,0.12408052384853363,0.37706124782562256
1.211194634437561,0.42603445053100586,0.36254385113716125,0.3415394127368927,0.05446706339716911,0.8923173546791077,0.5370705127716064,2.6944427490234375,0.8535619974136353,1.0541296005249023,1.5300922393798828,0.7481498122215271,0.31802698969841003,0.00039999998989515007,0.06823430210351944,0.29660603404045105,1.1570937633514404,4.238365173339844,0.6488708257675171,0.02556188777089119,0.27955567836761475,0.5615384578704834,0.5021316409111023,1.6240499019622803,0.6122258901596069,0.8865492343902588,0.3382377326488495,0.5254997611045837,1.2620151042938232,1.493638038635254,0.1871449202299118,0.01890229992568493,1.1630529165267944,0.3423035442829132,0.9741236567497253,0.5700176954269409,1.0573571920394897,0.14970830082893372,0.046518340706825256,0.16439682245254517,0.47507572174072266,0.9933123588562012,0.4731677174568176,0.5301533937454224,0.19150449335575104,1.3818936347961426,0.6983437538146973,0.5152566432952881,0.03789230436086655,0.37176936864852905,0.8174182772636414,0.2795551121234894,1.1923205852508545,0.49706071615219116,0.9300390481948853,1.9531629085540771,0.9363917112350464
0.6690142154693604,0.6914757490158081,0.30451950430870056,0.15110720694065094,0.4263415038585663,1.4712774753570557,1.16793692111969,5.127306938171387,0.7561433911323547,0.5369951725006104,0.8279473185539246,0.6254886984825134,0.47637343406677246,0.00039999998989515007,0.5498552322387695,0.12518654763698578,0.3731299936771393,3.1415505409240723,0.6237611770629883,0.3338870108127594,0.7720912098884583,0.10253169387578964,0.26239389181137085,1.856368064880371,0.9376025795936584,0.21195432543754578,0.3490973114967346,0.30403849482536316,0.21060094237327576,0.9095328450202942,0.5586255192756653,1.0696806907653809,0.5235900282859802,1.378434419631958,0.4028966426849365,0.228488951921463,0.8697697520256042,0.12788765132427216,0.2276102751493454,0.09310533106327057,0.4247439205646515,0.9699537754058838,0.3683733344078064,0.6742585301399231,0.007643343880772591,0.3765929937362671,0.407682865858078,1.2267727851867676,0.5359945893287659,0.0010132770985364914,0.152458056807518,0.053991228342056274,0.696068525314331,1.2049819231033325,0.169732004404068,0.5473470687866211,1.0160515308380127
0.5629526972770691,1.0994964838027954,0.46204841136932373,0.4031827449798584,0.283945232629776,0.7867903709411621,0.2723306715488434,4.163399696350098,0.8004123568534851,0.7102966904640198,0.11318349093198776,0.13820838928222656,0.15620583295822144,0.00039999998989515007,1.93638277053833,0.9990538358688354,0.49793678522109985,3.274451494216919,1.1177550554275513,0.5518543124198914,0.8548696637153625,1.1169456243515015,1.0997551679611206,1.861511468887329,0.3237091898918152,0.8522372245788574,0.9708459377288818,0.5655902624130249,0.4260936379432678,0.058258719742298126,0.2159191519021988,0.2595529556274414,0.38039302825927734,1.2196331024169922,1.4188693761825562,0.9266440272331238,0.2919882833957672,0.6149287223815918,0.4104706943035126,0.07812771946191788,0.5051911473274231,0.8059036135673523,0.6885439157485962,0.22214998304843903,0.5494304299354553,0.6179559230804443,0.015253870747983456,1.4816701412200928,0.4997285008430481,1.1146718263626099,0.5663979053497314,0.7436891198158264,0.9906152486801147,0.08850359916687012,0.5039212107658386,0.2672288119792938,0.6035376191139221
0.2752420902252197,1.3241783380508423,1.5736651420593262,1.0053678750991821,0.46284595131874084,0.22338151931762695,1.0768661499023438,3.7259771823883057,0.4836960732936859,1.8928793668746948,0.3418864607810974,0.701026976108551,0.6635083556175232,0.00039999998989515007,0.8742877840995789,1.1018040180206299,0.18867039680480957,2.76564359664917,0.08504155278205872,0.42137330770492554,0.897663950920105,0.40460237860679626,0.8520849347114563,0.10714668035507202,0.09738095849752426,1.4345719814300537,0.037717048078775406,0.49380528926849365,0.17329129576683044,0.5609456896781921,0.7075787782669067,0.13350820541381836,0.06175387650728226,0.2619197964668274,1.1331596374511719,1.945851445198059,0.43208053708076477,0.7746542096138,0.15974055230617523,0.882867693901062,0.5060401558876038,0.12604926526546478,0.30868521332740784,0.036144793033599854,1.0577573776245117,1.3632020950317383,0.9401260018348694,0.20973460376262665,0.9225340485572815,1.0479017496109009,1.2112988233566284,0.9393775463104248,0.11338993906974792,0.26829853653907776,1.9157053232192993,0.20437699556350708,0.7576823234558105
0.7947923541069031,0.745834469795227,0.6898233294487,0.40681684017181396,0.6530870199203491,1.1139689683914185,0.24323490262031555,5.609076499938965,0.847376823425293,0.8382161855697632,0.4454197585582733,0.43830618262290955,0.348677396774292,0.00039999998989515007,0.7501239776611328,0.3858918249607086,0.16494916379451752,3.540656566619873,0.8574680685997009,0.3290601670742035,0.8125643134117126,0.2513408064842224,0.4188541769981384,0.6998977065086365,0.6806824803352356,0.5673852562904358,0.054890576750040054,0.23204642534255981,0.8842021822929382,0.338278204202652,0.23405109345912933,0.4783315360546112,0.19191865622997284,1.2094676494598389,1.015133023262024,0.7399501204490662,0.18796150386333466,0.0007417271845042706,0.3782895505428314,0.6259198784828186,0.0748160183429718,0.018550653010606766,0.5756464600563049,0.1013619676232338,0.6900396943092346,0.8209363222122192,0.5700302124023438,0.8848666548728943,0.04792775586247444,0.5950766801834106,0.6841683983802795,0.7175696492195129,0.2326778769493103,0.738115668296814,0.8589745759963989,0.26800453662872314,0.13475802540779114
0.7460415959358215,0.4146217107772827,0.14099201560020447,0.06624796986579895,0.4968484044075012,1.274962306022644,0.5013955235481262,5.4882121086120605,0.5851345658302307,0.2694721519947052,0.5121815800666809,0.22651419043540955,0.027765797451138496,0.00039999998989515007,0.5315888524055481,0.3373989760875702,0.13610418140888214,3.8791611194610596,0.6099039316177368,0.2567827105522156,0.7907077670097351,0.07809600979089737,0.2159130871295929,1.272952675819397,1.108130931854248,0.2768341898918152,0.3978539705276489,0.10866651684045792,0.6936925649642944,0.6246626973152161,0.38762858510017395,0.36956408619880676,0.412911981344223,0.9365718960762024,0.6312030553817749,0.5465070605278015,0.8503102660179138,0.35192084312438965,0.06891535967588425,1.212868094444275,0.6671202182769775,0.3564349412918091,0.2556489408016205,0.08883697539567947,0.655166506767273,0.39034953713417053,0.6454592347145081,0.35101616382598877,0.4589352607727051,0.7578850388526917,0.8859158754348755,0.5834694504737854,0.26423412561416626,0.9764595627784729,0.4287526309490204,0.05993523448705673,0.5936284065246582
0.9068148732185364,0.6693662405014038,0.5878601670265198,0.2949103116989136,0.47912588715553284,1.0967702865600586,0.22874321043491364,5.581930637359619,0.985901951789856,0.975796639919281,0.508137047290802,0.23608051240444183,0.2695090174674988,0.00039999998989515007,0.565876841545105,0.17939293384552002,0.05356884375214577,3.257563829421997,1.1357518434524536,0.6491832137107849,0.7474410533905029,0.14970026910305023,0.3907056152820587,0.7659581303596497,0.6639474034309387,0.6862748861312866,0.3640758991241455,0.08528336137533188,0.9204776883125305,0.3297826647758484,0.21863320469856262,0.6749303936958313,0.03794127330183983,1.2941336631774902,0.8233162760734558,0.6173523664474487,0.033009931445121765,0.1216558963060379,0.30181580781936646,0.781787633895874,0.23411574959754944,0.20616872608661652,0.6977665424346924,0.14374129474163055,0.6291245222091675,0.8431349396705627,0.3816258907318115,1.069283127784729,0.16455860435962677,0.692132294178009,0.6903203725814819,0.8221256732940674,0.21682791411876678,1.000247836112976,0.9734982848167419,0.15568137168884277,0.22397205233573914
0.6091783046722412,0.5725791454315186,0.2700119912624359,0.44111791253089905,0.48205775022506714,1.1644046306610107,0.5063738822937012,5.84855842590332,0.5150048732757568,0.1912383735179901,0.5918200016021729,0.09578599035739899,0.05830767750740051,0.00039999998989515007,0.6212834715843201,0.4142463505268097,0.12863512337207794,3.422150135040283,0.7091973423957825,0.17672961950302124,0.9827486276626587,0.10686922818422318,0.2508534789085388,1.1294429302215576,1.0484049320220947,0.5124938488006592,0.31880009174346924,0.4102517068386078,0.5431739687919617,0.6374529600143433,0.3884521722793579,0.591560959815979,0.19636474549770355,1.2531729936599731,0.5375943779945374,0.5016116499900818,0.6800305247306824,0.1487726867198944,0.4754742383956909,0.548916757106781,0.2560432255268097,0.5191057324409485,0.5110486149787903,0.19495825469493866,0.6219634413719177,0.46300986409187317,0.35073184967041016,0.8786664605140686,0.12016276270151138,0.22665315866470337,0.7424063086509705,0.2696748375892639,0.4605415165424347,1.1715929508209229,0.4925532937049866,0.38801655173301697,0.7082669734954834
1.1522178649902344,0.14039869606494904,0.6859838366508484,0.11199280619621277,0.39583221077919006,0.5951801538467407,0.09067991375923157,4.514073848724365,1.4585047960281372,0.8348861336708069,1.1629700660705566,0.8027137517929077,0.6527202129364014,0.00039999998989515007,0.10565436631441116,0.2991602122783661,0.6375929713249207,3.4024860858917236,0.15207690000534058,0.5960986614227295,1.3835539817810059,0.6307975649833679,0.7251131534576416,0.6172354817390442,1.3145275115966797,0.22098024189472198,0.018727220594882965,0.15414176881313324,0.023968473076820374,0.6807191967964172,0.29987022280693054,0.2617267966270447,0.09669161587953568,0.44360071420669556,0.303101509809494,0.5445435047149658,1.7443922758102417,0.8449519872665405,0.13983260095119476,1.7866791486740112,0.08994162827730179,0.452963650226593,0.4447949528694153,0.4251648783683777,0.48888280987739563,0.48880288004875183,1.103021264076233,0.8235012292861938,0.03663560003042221,0.34119531512260437,0.9839296936988831,0.45369431376457214,0.256217896938324,0.7594423890113831,1.1032919883728027,0.052645452320575714,1.449881911277771
0.5992758870124817,0.6321778893470764,0.5108636021614075,0.4581962823867798,0.448534220457077,1.2601943016052246,0.5189573764801025,5.775519847869873,0.5733047127723694,0.3046005964279175,0.6857067942619324,0.310260534286499,0.01201400812715292,0.00039999998989515007,0.659221887588501,0.36534541845321655,0.15214543044567108,3.2784008979797363,0.7954208254814148,0.12048494815826416,1.060628890991211,0.00048342192894779146,0.1329461634159088,1.1266028881072998,1.0257537364959717,0.6080999970436096,0.13865385949611664,0.3743872344493866,0.559332549571991,0.6009203791618347,0.2975458800792694,0.7943229079246521,0.18129634857177734,1.3131177425384521,0.7134110331535339,0.4898269772529602,0.6966909170150757,0.13550299406051636,0.5070135593414307,0.589404821395874,0.20814825594425201,0.3038034737110138,0.4911884069442749,0.2596730887889862,0.6014549732208252,0.4907126724720001,0.414270281791687,1.0508750677108765,0.061916619539260864,0.3313073217868805,0.7194063663482666,0.41389063000679016,0.4196107089519501,0.96461421251297,0.6782891750335693,0.17028555274009705,0.7026194930076599
1.231985092163086,0.6054490804672241,0.4630729854106903,0.2654489278793335,0.8188628554344177,0.813346803188324,0.0820225402712822,5.488581657409668,0.5120465159416199,0.622028648853302,0.6201610565185547,0.2250467836856842,0.40629294514656067,0.00039999998989515007,0.303581178188324,0.20066943764686584,0.010217021219432354,3.4875941276550293,0.9578033685684204,0.7864454984664917,1.037812352180481,0.051411017775535583,0.36413833498954773,0.7393559217453003,0.86887526512146,0.6045385003089905,0.31627771258354187,0.5429674386978149,1.0316046476364136,0.6803896427154541,0.24648496508598328,0.6182436347007751,0.3309248685836792,1.41592538356781,0.348227858543396,0.385355681180954,0.1561197191476822,0.073201484978199,0.5250539779663086,0.4176878035068512,0.30461159348487854,0.005711185745894909,0.7491099834442139,0.2929931879043579,0.549697995185852,0.5524945855140686,0.06746432930231094,0.7911754250526428,0.3588559925556183,0.3162311613559723,0.7460287809371948,0.5167542099952698,0.1553589552640915,1.508093237876892,0.7419731616973877,0.4808870255947113,0.5743625164031982
0.715208113193512,0.38560158014297485,1.193662166595459,0.285965234041214,0.3199846148490906,0.9145432114601135,0.22302649915218353,4.831153392791748,0.23620924353599548,1.286950945854187,0.8473275303840637,0.8638234734535217,0.2631838321685791,0.00039999998989515007,0.4025152623653412,0.7889878749847412,0.2405603528022766,2.764536142349243,0.563510000705719,0.14124619960784912,1.261139154434204,0.016108598560094833,0.3853871822357178,0.557595431804657,0.8992278575897217,0.881632924079895,0.49773848056793213,0.12944753468036652,0.3173581659793854,0.324670672416687,0.2832019031047821,0.5706189870834351,0.31872835755348206,0.8990548849105835,0.7288327217102051,1.083077073097229,1.0736204385757446,0.7844526171684265,0.2689558267593384,1.7114875316619873,0.28086814284324646,0.2095215916633606,0.37552931904792786,0.24591630697250366,0.8199576139450073,1.1660093069076538,1.0970183610916138,0.37473952770233154,0.35230740904808044,0.9536838531494141,0.933594822883606,0.9499844312667847,0.09044315665960312,0.5036574602127075,1.8757351636886597,0.5537644624710083,0.698282778263092
0.6811829805374146,0.7651764750480652,0.7099886536598206,0.46218743920326233,0.583284854888916,1.1995253562927246,0.37721410393714905,5.494873046875,0.8894484043121338,0.5345127582550049,0.610202431678772,0.41672950983047485,0.014081568457186222,0.00039999998989515007,0.6086122989654541,0.40221312642097473,0.058242712169885635,3.1860036849975586,0.9821809530258179,0.3762994706630707,1.0647761821746826,0.22221636772155762,0.23758187890052795,1.0263022184371948,0.9497044086456299,0.7450008988380432,0.1457836776971817,0.2964983582496643,0.8886023759841919,0.5402430891990662,0.2739166021347046,0.8456369638442993,0.05641290545463562,1.392307162284851,0.7649871110916138,0.5841063857078552,0.28568676114082336,0.0716337114572525,0.47001582384109497,0.6485853791236877,0.0963185578584671,0.036104459315538406,0.700343906879425,0.12862348556518555,0.6833192110061646,0.6343798041343689,0.30817922949790955,1.2643495798110962,0.0785423144698143,0.6089974641799927,0.7207542061805725,0.6777881383895874,0.1709776371717453,0.9506977200508118,0.9128518104553223,0.09668527543544769,0.452010840177536
0.6729522943496704,0.7555172443389893,0.7770137786865234,0.47929465770721436,0.5795384645462036,1.2471691370010376,0.4077324867248535,5.415133476257324,0.8716303110122681,0.5705347657203674,0.6564998626708984,0.4696807563304901,0.008076933212578297,0.00039999998989515007,0.6266248226165771,0.3977750539779663,0.026261286810040474,3.131793737411499,1.0018281936645508,0.3466724157333374,1.0878973007202148,0.2108330875635147,0.1890026032924652,1.0070264339447021,0.9538984894752502,0.7988929748535156,0.19340308010578156,0.253736674785614,0.87269127368927,0.5562266111373901,0.296768456697464,0.8649884462356567,0.02408645860850811,1.3924883604049683,0.8045911192893982,0.6306753754615784,0.3396287262439728,0.0965326577425003,0.46808385848999023,0.7230056524276733,0.11542341858148575,0.059113550931215286,0.6796855330467224,0.14578501880168915,0.7156210541725159,0.6870850324630737,0.3598625063896179,1.2141329050064087,0.08389182388782501,0.6304341554641724,0.7511239051818848,0.707015872001648,0.18239402770996094,0.9125574231147766,0.981834352016449,0.027308130636811256,0.5031207799911499
0.0304231196641922,0.5090464949607849,0.09540663659572601,0.2206265926361084,1.210582971572876,1.0466951131820679,0.7282432913780212,4.552191734313965,0.7687563300132751,0.02870810776948929,0.8283711075782776,0.18593096733093262,0.08476617187261581,0.00039999998989515007,0.4469778835773468,0.2305956780910492,0.3657180070877075,3.2939257621765137,1.1093748807907104,0.9326635599136353,0.24373739957809448,0.5733241438865662,0.06479685008525848,0.2546258866786957,1.3553508520126343,0.17592614889144897,0.35243502259254456,0.09236432611942291,1.540616512298584,0.868764340877533,1.4472287893295288,0.533054769039154,0.2883889377117157,0.9407914876937866,0.03614433482289314,0.18330508470535278,0.2099492847919464,0.15150000154972076,0.2792932093143463,2.039947986602783,0.5417364835739136,0.5881689786911011,0.24892950057983398,0.7579278349876404,0.9657721519470215,0.7490437030792236,0.4630182087421417,0.06841745227575302,0.6357517242431641,0.6270042061805725,0.9867541790008545,0.9957205057144165,0.19226305186748505,1.4922178983688354,0.3781415820121765,0.18179892003536224,1.059862732887268
0.6698858737945557,0.7835830450057983,0.8391921520233154,0.5190129280090332,0.5603301525115967,1.2988765239715576,0.43847110867500305,5.264909267425537,0.9379397630691528,0.5834367871284485,0.6794937252998352,0.5231319069862366,0.04655364155769348,0.00039999998989515007,0.6524639129638672,0.3704994320869446,0.03645902872085571,3.0132157802581787,1.0478811264038086,0.3250795006752014,1.11810302734375,0.22693321108818054,0.1679442971944809,1.0186939239501953,0.9588118195533752,0.868429958820343,0.2649804651737213,0.24451327323913574,0.8787399530410767,0.567128598690033,0.3187483549118042,0.9361211657524109,0.007064792327582836,1.414829969406128,0.8402162194252014,0.6479548811912537,0.35179299116134644,0.06971897184848785,0.5097538232803345,0.7621385455131531,0.12185855209827423,0.07649136334657669,0.7057443857192993,0.14801912009716034,0.7453950047492981,0.7088177800178528,0.3642789423465729,1.2936359643936157,0.10890011489391327,0.6531093716621399,0.759800910949707,0.7550675868988037,0.18294554948806763,0.9065002202987671,1.038501262664795,0.030404727905988693,0.5138258337974548
0.704940915107727,0.7002332806587219,1.3606034517288208,0.42486152052879333,0.0615343302488327,1.127813458442688,0.16952042281627655,4.430645942687988,0.14836223423480988,1.5982908010482788,0.879422128200531,1.2171984910964966,0.2473791390657425,0.00039999998989515007,0.8838059306144714,0.4039587378501892,0.1818901002407074,1.9314565658569336,1.157266616821289,0.32824429869651794,1.2403744459152222,0.34082967042922974,0.2629873752593994,0.8676169514656067,0.6929170489311218,1.1703813076019287,0.5079294443130493,0.05234849080443382,0.45037540793418884,0.04436903074383736,0.14906632900238037,0.7338529229164124,0.37329918146133423,1.047338604927063,1.0087306499481201,1.0096038579940796,1.047909140586853,0.28930118680000305,0.5637025237083435,1.2552824020385742,0.6347871422767639,0.13042180240154266,0.44951167702674866,0.3580138385295868,0.8795644044876099,1.4417730569839478,1.0255297422409058,1.1517596244812012,0.40530940890312195,0.8109936714172363,0.9132154583930969,1.0417139530181885,0.3908023536205292,0.3457391560077667,1.8062770366668701,0.9533861875534058,0.48217374086380005
1.4311308860778809,0.27510735392570496,1.323020577430725,0.20340481400489807,1.1231625080108643,0.8493711352348328,0.19742515683174133,4.40988826751709,0.21270903944969177,1.2115235328674316,1.2544043064117432,1.1689366102218628,0.6544154286384583,0.00039999998989515007,0.1423846036195755,0.4783321022987366,0.45511215925216675,3.166576623916626,1.0534318685531616,0.39662066102027893,0.9222120046615601,0.14346085488796234,0.2705882489681244,0.05092993751168251,0.7901004552841187,0.8890628814697266,1.3210796117782593,0.6889579892158508,0.7255985140800476,0.41582995653152466,0.0738070085644722,0.8074752688407898,0.27306804060935974,1.1855173110961914,1.117118000984192,0.07177426666021347,0.32135701179504395,0.5663273930549622,0.745012640953064,0.714743435382843,0.9926518797874451,0.9053234457969666,0.3026053011417389,0.48147299885749817,0.7564419507980347,0.5198726654052734,0.11016719043254852,1.087345838546753,0.5571694374084473,0.3870357871055603,0.6937746405601501,1.1725455522537231,0.09919731318950653,0.7044235467910767,1.1594642400741577,0.1268479973077774,0.554629921913147
0.6545490026473999,0.8116999864578247,0.8388437032699585,0.497648686170578,0.659140944480896,1.3382166624069214,0.43823766708374023,5.125339508056641,1.0044150352478027,0.47456395626068115,0.6668428182601929,0.5655339956283569,0.08973869681358337,0.00039999998989515007,0.646926760673523,0.32004526257514954,0.11171302944421768,3.0087358951568604,1.1147761344909668,0.38681259751319885,1.150883436203003,0.3213460147380829,0.2861359119415283,1.0865553617477417,1.097657322883606,0.8617737293243408,0.1488175392150879,0.3255860209465027,1.025206208229065,0.562543511390686,0.38653022050857544,0.932055652141571,0.0946127250790596,1.4570732116699219,0.8477208018302917,0.5467869639396667,0.25118952989578247,0.0062286583706736565,0.5558842420578003,0.7146806120872498,0.22106537222862244,0.02414826676249504,0.7068297266960144,0.04110875725746155,0.8066884279251099,0.6411532163619995,0.3452630639076233,1.3376940488815308,0.03137079253792763,0.6919004321098328,0.8047783374786377,0.7406298518180847,0.1360238641500473,0.9219772219657898,0.8818802833557129,0.019227048382163048,0.47675827145576477
0.7638298869132996,0.7282894849777222,0.6685798764228821,0.3315098285675049,0.807960569858551,1.0672763586044312,0.3427554965019226,5.098982810974121,0.9762705564498901,0.34866175055503845,0.5927301049232483,0.3557922840118408,0.06457741558551788,0.00039999998989515007,0.49185439944267273,0.3046453893184662,0.22952264547348022,3.100590705871582,1.1414785385131836,0.7872337698936462,1.054741621017456,0.22599034011363983,0.4941991865634918,0.81751948595047,1.0213606357574463,0.7574273943901062,0.1863105297088623,0.6053468585014343,1.1848490238189697,0.5244706273078918,0.39638251066207886,0.9668600559234619,0.06529493629932404,1.5735042095184326,0.5206482410430908,0.32896217703819275,0.15844585001468658,0.06099433824419975,0.715959370136261,0.7304775714874268,0.0033621678594499826,0.01426574308425188,0.929484486579895,0.007290445268154144,0.8064554929733276,0.6115870475769043,0.20032311975955963,1.2291004657745361,0.2726981043815613,0.6598733067512512,0.8862549066543579,0.7803952097892761,0.09548186510801315,1.3690472841262817,0.8177835941314697,0.09667496383190155,0.3639198839664459
0.013855690136551857,0.10538303852081299,0.050073277205228806,0.3948413133621216,0.6809755563735962,2.082319498062134,1.618833303451538,3.915393352508545,2.0630056858062744,0.364462673664093,0.5357726216316223,0.40470317006111145,0.48429492115974426,0.00039999998989515007,0.9848114252090454,0.28931981325149536,0.12262924015522003,1.9255704879760742,1.5949537754058838,1.3825068473815918,0.2667912244796753,0.751537024974823,0.2199898362159729,0.4931694567203522,0.05111738666892052,0.5732397437095642,0.6022076606750488,0.006216589827090502,1.2896177768707275,1.1648585796356201,2.0664045810699463,1.2429111003875732,0.11354193836450577,1.6309713125228882,0.7798940539360046,0.26456862688064575,0.4249306619167328,0.4996809959411621,0.15308447182178497,0.6588582992553711,1.3349417448043823,0.5836011171340942,0.663284957408905,0.15705634653568268,0.12277841567993164,1.0347363948822021,0.4998006224632263,0.6885743141174316,0.7195322513580322,0.12043336033821106,0.5369234085083008,0.6127026677131653,0.6289922595024109,0.9295088052749634,0.26447898149490356,0.7316522002220154,0.8441658020019531
0.6679892539978027,0.5276941061019897,1.17006516456604,0.5291434526443481,0.21241000294685364,1.2682055234909058,0.49337974190711975,4.671360492706299,0.36384087800979614,1.2429139614105225,0.6862117648124695,0.8869745135307312,0.16995751857757568,0.00039999998989515007,0.716353178024292,0.6380290985107422,0.21409615874290466,2.2296738624572754,0.967200517654419,0.1463390588760376,1.232688307762146,0.01899418979883194,0.16686366498470306,0.5906586050987244,0.8310198187828064,1.1732513904571533,0.5882275104522705,0.0011780598433688283,0.3534160554409027,0.31675246357917786,0.016075795516371727,0.7610238194465637,0.31890788674354553,1.1205329895019531,0.8523176312446594,1.1339555978775024,0.9402337074279785,0.42066773772239685,0.6024893522262573,1.5361990928649902,0.28749242424964905,0.13163477182388306,0.6234129071235657,0.24382756650447845,0.9673652052879333,1.33182954788208,1.0253732204437256,0.9465586543083191,0.5734567642211914,0.7870762348175049,0.8904409408569336,0.909875214099884,0.2296730875968933,0.6304973363876343,1.816933035850525,0.7242786288261414,0.5971174240112305
1.1545268297195435,0.62132728099823,1.1204584836959839,0.5133244395256042,0.9551344513893127,1.1791611909866333,0.04626438766717911,4.639655590057373,0.8980065584182739,0.6101587414741516,1.0850906372070312,0.9272259473800659,0.3559767007827759,0.00039999998989515007,0.33243778347969055,0.630092978477478,0.24679838120937347,3.004256248474121,1.2128866910934448,0.5090649127960205,0.889214813709259,0.40888309478759766,0.5823178887367249,0.41332584619522095,0.7783792614936829,0.98172527551651,0.8616368770599365,0.8232814073562622,0.7488231658935547,0.5636165142059326,0.11908484250307083,1.1200428009033203,0.04214083403348923,1.5180879831314087,1.1084741353988647,0.0790252685546875,0.44787314534187317,0.9350026249885559,0.7733705639839172,0.02986750565469265,0.7164050340652466,0.4903140664100647,0.6150016784667969,0.395574688911438,0.6787204742431641,0.19130165874958038,0.3328126072883606,1.5921272039413452,0.5381638407707214,0.060109201818704605,0.4906516373157501,0.8816577792167664,0.34444743394851685,1.0432270765304565,0.6133410334587097,0.34583190083503723,0.3802509009838104
0.671848475933075,0.9921779036521912,0.9314146041870117,0.527309775352478,0.255835622549057,1.4549224376678467,0.49477478861808777,5.028442859649658,1.0447418689727783,0.5542662739753723,0.7237106561660767,0.694442629814148,0.19945843517780304,0.00039999998989515007,0.8235434889793396,0.19353510439395905,0.07328056544065475,2.6657824516296387,1.2324355840682983,0.09625440835952759,1.273889183998108,0.5541132688522339,0.222911074757576,1.3753676414489746,1.0884588956832886,0.8462055921554565,0.01164531335234642,0.3464442193508148,0.851555347442627,0.3811196982860565,0.2246524542570114,1.0382376909255981,0.21379870176315308,1.4492648839950562,0.9632181525230408,0.541715145111084,0.4707328677177429,0.10098490864038467,0.6592903733253479,0.5161594748497009,0.04954100027680397,0.12081528455018997,0.6662217378616333,0.2441003918647766,0.7768005132675171,0.6141549944877625,0.31811386346817017,1.7443251609802246,0.041917070746421814,0.6466255187988281,0.6664038896560669,0.6821495294570923,0.2498924285173416,0.6781006455421448,0.8654791712760925,0.12518265843391418,0.40687739849090576
0.7533923983573914,1.048280954360962,1.0790408849716187,0.4639149308204651,0.31977418065071106,1.3994286060333252,0.4952400326728821,4.754045009613037,1.1084965467453003,0.733879566192627,0.6497451066970825,0.4213363826274872,0.25245940685272217,0.00039999998989515007,0.9289203882217407,0.4989965558052063,0.26340898871421814,2.753680944442749,1.0933771133422852,0.38612109422683716,1.2933140993118286,0.372530072927475,0.04672161489725113,1.3749514818191528,0.9307775497436523,0.9382009506225586,0.19568565487861633,0.1395377218723297,0.9965356588363647,0.5347380042076111,0.23090125620365143,1.079031229019165,0.06508558988571167,1.4273836612701416,1.0062360763549805,0.8360127210617065,0.5365352034568787,0.4296170175075531,0.35629814863204956,0.9079456925392151,0.5251907706260681,0.2137383371591568,0.5551947951316833,0.156426340341568,0.5696665644645691,0.8207140564918518,0.5378662943840027,1.0751891136169434,0.23879028856754303,1.0189685821533203,0.8481009006500244,0.9074141979217529,0.1863488256931305,0.4452313184738159,1.1934231519699097,0.44303080439567566,0.40461406111717224
1.122776985168457,0.66508549451828,0.9324180483818054,0.5196936130523682,0.5606820583343506,1.1298555135726929,0.3439536392688751,4.973803997039795,0.5320332050323486,0.9914209842681885,0.8064565062522888,0.728471577167511,0.5706626772880554,0.00039999998989515007,0.7402036786079407,0.1121472418308258,0.43465137481689453,2.7483601570129395,1.2481300830841064,0.502979576587677,1.221060037612915,0.2401455044746399,0.1636819839477539,0.42949050664901733,0.6409333348274231,1.1109881401062012,0.4954695403575897,0.4311581254005432,0.8206972479820251,0.5874338746070862,0.4260733127593994,0.8585168123245239,0.6034420728683472,1.5267229080200195,0.7032598853111267,0.7594780325889587,0.12664534151554108,0.05874279513955116,0.8426532745361328,0.6543402075767517,0.3846491277217865,0.024469373747706413,0.6891215443611145,0.5989428162574768,0.6913861632347107,1.1094223260879517,0.3341635763645172,0.6251115202903748,0.6953896284103394,0.21255972981452942,0.8669891357421875,0.5210411548614502,0.5190552473068237,1.1678498983383179,1.259105920791626,0.13327711820602417,0.8057932257652283
0.6620171070098877,0.6804614663124084,0.4005349576473236,0.38802531361579895,0.5581123232841492,1.2000986337661743,0.6517674326896667,5.327332973480225,0.5784729719161987,0.07962249964475632,0.602005124092102,0.34206488728523254,0.061830807477235794,0.00039999998989515007,0.6222286820411682,0.3858853280544281,0.08207586407661438,3.1344716548919678,0.985931396484375,0.32814961671829224,1.3489928245544434,0.08032501488924026,0.34623026847839355,1.1577061414718628,1.3533885478973389,0.621256411075592,0.36532318592071533,0.6712059378623962,0.8841438889503479,0.6652960777282715,0.6078599691390991,0.7760709524154663,0.12638795375823975,1.5317366123199463,0.329657644033432,0.42749685049057007,0.5353747606277466,0.22595417499542236,0.7589358687400818,0.6794078350067139,0.2528269290924072,0.621810793876648,0.6158878207206726,0.06952864676713943,0.7477035522460938,0.5622941851615906,0.2343311756849289,1.0149153470993042,0.1389448046684265,0.27976706624031067,0.8205126523971558,0.2869408130645752,0.23016948997974396,1.2917864322662354,0.4502396583557129,0.31445151567459106,0.7889325022697449
0.11116153746843338,0.23621848225593567,0.6647419929504395,0.04595448449254036,1.7561365365982056,1.1850697994232178,0.36639702320098877,4.0531768798828125,0.9763954877853394,0.16228267550468445,1.0470447540283203,1.023446798324585,0.07598990947008133,0.00039999998989515007,0.6047167778015137,0.42040300369262695,0.09132121503353119,3.3255834579467773,1.0251877307891846,0.6401786804199219,0.320182204246521,0.16681542992591858,0.1714296191930771,0.14265863597393036,1.3791505098342896,0.49965253472328186,0.5988484025001526,0.31841790676116943,1.7578670978546143,0.816314160823822,1.095450758934021,0.6122033596038818,0.49887245893478394,0.8576555848121643,0.7677043080329895,0.01983598992228508,0.6484321355819702,0.6865015029907227,0.1733839362859726,1.5340596437454224,0.49146342277526855,1.337816834449768,0.28123006224632263,0.6712656617164612,1.1590023040771484,0.34687840938568115,0.32596251368522644,0.6936626434326172,0.7235620617866516,0.8736522197723389,0.8664671182632446,1.1489204168319702,0.44207891821861267,0.9218963384628296,0.6217585802078247,0.246246799826622,0.8177719712257385
0.6167526841163635,0.9225518703460693,0.8113265037536621,0.5674787163734436,0.4892476201057434,1.3486623764038086,0.5254034399986267,5.159390449523926,0.9937590956687927,0.37186864018440247,0.6649655103683472,0.5028714537620544,0.17871181666851044,0.00039999998989515007,0.6936260461807251,0.36010560393333435,0.09175033867359161,3.0183398723602295,0.9775370955467224,0.1988891214132309,1.2934191226959229,0.26895254850387573,0.2456846684217453,1.2285645008087158,1.130609154701233,0.8760817050933838,0.026846157386898994,0.3281595706939697,0.8602995872497559,0.5762104988098145,0.3301089107990265,1.0138157606124878,0.18286888301372528,1.435908317565918,0.7888461351394653,0.5874307155609131,0.48710018396377563,0.10414562374353409,0.5719529390335083,0.7089600563049316,0.2698255479335785,0.121449314057827,0.6997605562210083,0.16584479808807373,0.7577286958694458,0.5011749267578125,0.26966723799705505,1.4036113023757935,0.05356376990675926,0.6345493793487549,0.7582135796546936,0.5653740763664246,0.19115029275417328,0.8974291086196899,0.9386495351791382,0.09197425097227097,0.5701866745948792
0.9332188963890076,0.7774577736854553,1.160632610321045,0.5653126239776611,0.7159401774406433,1.2527272701263428,0.0716908872127533,4.775291442871094,0.6079897284507751,0.41333433985710144,1.2455885410308838,0.9479237794876099,0.029078669846057892,0.00039999998989515007,0.07238312810659409,0.17687170207500458,0.2685306668281555,3.668187141418457,0.5605624318122864,0.1887144297361374,1.1381436586380005,0.8667465448379517,0.3931121528148651,1.112327218055725,1.3664414882659912,0.8977913856506348,0.3810173571109772,0.503198504447937,0.3728533387184143,0.5815951228141785,0.18172021210193634,0.6630719304084778,0.46702632308006287,1.0370407104492188,1.1107032299041748,0.21091635525226593,0.3457866311073303,0.3879345953464508,0.1865781545639038,0.3805541694164276,0.45594164729118347,0.11388784646987915,0.3715786337852478,0.2668612599372864,0.9873762726783752,0.21108849346637726,0.33325955271720886,1.6042640209197998,0.04809696599841118,0.5003829002380371,0.26820725202560425,0.6479805111885071,0.05832131206989288,0.7881353497505188,0.6154289841651917,0.901874840259552,0.5135191082954407
0.08547330647706985,1.538211703300476,0.6610961556434631,1.128225564956665,0.09680768847465515,1.325109839439392,0.7847207188606262,4.3475518226623535,1.5694007873535156,0.5408105254173279,0.5844195485115051,0.390819251537323,0.6263931393623352,0.00039999998989515007,1.6209365129470825,0.8502618074417114,0.045815106481313705,2.869347333908081,0.4506685435771942,0.1847449392080307,1.1648058891296387,0.23138728737831116,0.29660147428512573,1.6175426244735718,0.3240594267845154,1.0612246990203857,0.6572871208190918,0.1611282378435135,0.010266661643981934,0.7746356725692749,0.5058014988899231,1.0834357738494873,0.2742363214492798,1.346384048461914,1.0046755075454712,1.1064181327819824,1.0155774354934692,0.7626906633377075,0.4253445267677307,0.3392939865589142,1.1156808137893677,0.8499828577041626,0.6045557856559753,0.6838207840919495,0.4300309121608734,0.07560499757528305,0.43196481466293335,1.2102227210998535,0.18728148937225342,0.22980061173439026,0.47293365001678467,0.06509710103273392,0.836530864238739,0.22626818716526031,0.6198461055755615,0.6215400099754333,0.5339950323104858
0.6685131192207336,0.9261334538459778,0.800983190536499,0.5394521355628967,0.5891966819763184,1.2548476457595825,0.4800352454185486,5.163794994354248,0.9563050866127014,0.42448094487190247,0.5879008173942566,0.48974090814590454,0.10267557948827744,0.00039999998989515007,0.6788967251777649,0.4382138252258301,0.12928123772144318,3.119300603866577,0.948164165019989,0.24889540672302246,1.2943743467330933,0.24852590262889862,0.3251006603240967,1.1234843730926514,1.1058117151260376,0.8722820281982422,0.04300462827086449,0.3794982433319092,0.922489583492279,0.5656168460845947,0.31814131140708923,0.9195318818092346,0.142173632979393,1.4289259910583496,0.7339542508125305,0.6255824565887451,0.4196521043777466,0.1441541314125061,0.5977409482002258,0.7440109848976135,0.23178839683532715,0.08455203473567963,0.7524406313896179,0.12781065702438354,0.7865081429481506,0.5437504649162292,0.26669782400131226,1.3467741012573242,0.12234322726726532,0.6557990908622742,0.7933842539787292,0.5691184401512146,0.11506276577711105,0.9464040994644165,0.9836660027503967,0.1639590561389923,0.5120919346809387
0.5895872116088867,0.8666113615036011,0.915049135684967,0.5157299637794495,0.6534333229064941,1.3833023309707642,0.5447193384170532,5.1020917892456055,0.8965293765068054,0.4534338116645813,0.6216317415237427,0.6426265239715576,0.07836740463972092,0.00039999998989515007,0.68563312292099,0.4793087840080261,0.0035594673827290535,3.2031800746917725,0.8949012160301208,0.10735246539115906,1.2452313899993896,0.36552995443344116,0.2774727940559387,1.0753117799758911,1.1384443044662476,0.8381003141403198,0.09654229879379272,0.32441848516464233,0.895988941192627,0.5489037036895752,0.349104642868042,0.8111134767532349,0.2611671984195709,1.3463876247406006,0.9099934697151184,0.6825292110443115,0.5277562141418457,0.1835184097290039,0.5077984929084778,0.8580453395843506,0.3433985412120819,0.011755839921534061,0.6592074632644653,0.06990644335746765,0.8714944124221802,0.5879544615745544,0.4300205409526825,1.262225866317749,0.04353086277842522,0.7549366354942322,0.7540706396102905,0.6164587736129761,0.04349643364548683,0.7188184857368469,1.0002281665802002,0.15818436443805695,0.5073729753494263
0.4018976390361786,1.2099964618682861,0.7975639700889587,0.5864329934120178,0.39838531613349915,1.9316654205322266,1.2156133651733398,4.742442607879639,1.117021083831787,0.07199271023273468,0.8228128552436829,0.5654623508453369,0.45705947279930115,0.00039999998989515007,1.2640037536621094,0.001072030165232718,0.5288466811180115,2.3125674724578857,1.0721452236175537,0.377144992351532,1.1069167852401733,0.5892030000686646,0.2539043426513672,1.7432960271835327,0.6492993831634521,0.5546838641166687,0.3267276883125305,0.3645317852497101,0.33102330565452576,0.5473719835281372,0.4834963381290436,1.2814770936965942,0.46959248185157776,1.455106496810913,1.2425920963287354,0.3753214180469513,1.0966023206710815,0.06430622935295105,0.6314806342124939,0.06220470368862152,0.3906732499599457,0.4898095428943634,0.4546988010406494,0.8398616313934326,0.28999030590057373,0.30858296155929565,0.1611524373292923,1.901862382888794,0.40460309386253357,0.22121088206768036,0.12073694914579391,0.2010815292596817,0.5909066796302795,0.1581634134054184,0.5571579933166504,0.1428103744983673,0.7862602472305298
0.6882211565971375,0.8839281797409058,0.86715167760849,0.5366225242614746,0.7017821073532104,1.2212598323822021,0.426525741815567,5.112120628356934,0.9395421147346497,0.557765781879425,0.5570279359817505,0.5053912997245789,0.026662003248929977,0.00039999998989515007,0.6961555480957031,0.4923360049724579,0.10875165462493896,3.1975672245025635,0.9558219909667969,0.30400270223617554,1.2433141469955444,0.23085227608680725,0.3941236734390259,0.9452090263366699,1.024566888809204,0.9228596091270447,0.017725223675370216,0.31546494364738464,0.9564757347106934,0.5479723811149597,0.3497571349143982,0.8150420784950256,0.06087623909115791,1.4010016918182373,0.7597255706787109,0.7504868507385254,0.34017321467399597,0.17168867588043213,0.5572150349617004,0.8437342047691345,0.21585960686206818,0.009697292931377888,0.7833773493766785,0.09054048359394073,0.856106698513031,0.6839160919189453,0.32126352190971375,1.1689709424972534,0.20312383770942688,0.7064279913902283,0.8589786887168884,0.6462861895561218,0.07562194019556046,0.9266307950019836,1.100656509399414,0.1617649346590042,0.46164876222610474
0.2714604437351227,0.8287711143493652,0.6625396609306335,0.6115926504135132,0.06790349632501602,2.080336570739746,1.478024959564209,4.939295768737793,1.1144037246704102,0.01787007413804531,0.6596857905387878,0.4738229811191559,0.29150331020355225,0.00039999998989515007,1.221539855003357,0.2712991237640381,0.7661487460136414,2.5505051612854004,0.9832882881164551,0.24941901862621307,0.9792500734329224,0.11924808472394943,0.2413802593946457,1.283889889717102,0.6611284017562866,0.6685312390327454,0.16176137328147888,0.26549071073532104,0.28836143016815186,0.7202320098876953,0.7904438376426697,1.16041100025177,0.38549092411994934,1.4387353658676147,1.2409766912460327,0.5469015836715698,1.066767930984497,0.13569211959838867,0.6256503462791443,0.43597611784935,0.6851707696914673,0.3654967248439789,0.4995993375778198,0.6532576680183411,0.4424370229244232,0.5270767211914062,0.4442721903324127,1.4355082511901855,0.2890060544013977,0.2941019833087921,0.18198397755622864,0.17042630910873413,0.5692473649978638,0.30677175521850586,0.7387824058532715,0.16955497860908508,0.9758670926094055
0.7776888608932495,0.6922138333320618,1.0354361534118652,0.41506537795066833,0.2516218423843384,0.9774526953697205,0.3265658915042877,4.828485488891602,0.20700623095035553,1.082532525062561,0.6392058730125427,0.6713758707046509,0.08362603932619095,0.00039999998989515007,0.48753830790519714,0.7910045981407166,0.1016513854265213,2.732017755508423,0.6685962677001953,0.12030612677335739,1.5243706703186035,0.048994630575180054,0.1072007566690445,0.8878714442253113,1.125465750694275,1.0271676778793335,0.25777751207351685,0.0032630176283419132,0.5135339498519897,0.3609374761581421,0.17064833641052246,0.7300084829330444,0.20885688066482544,1.0399314165115356,0.5083686709403992,1.0625489950180054,1.0397586822509766,0.7156960964202881,0.4269461929798126,1.6609163284301758,0.1355382651090622,0.013287242501974106,0.5899698138237,0.19490648806095123,0.8787025213241577,0.9716503024101257,0.8288244605064392,0.7469022870063782,0.3778291642665863,0.9462475180625916,1.0237683057785034,0.7644721269607544,0.015669982880353928,0.8005438446998596,1.7937284708023071,0.419391393661499,0.6654409170150757
0.056655220687389374,0.6468395590782166,1.0412976741790771,0.7805362343788147,0.28082579374313354,2.2826268672943115,1.2568241357803345,4.48457145690918,1.3002725839614868,0.1259615570306778,1.1688183546066284,0.9234965443611145,0.18218554556369781,0.00039999998989515007,0.8535757064819336,0.32778608798980713,1.2635902166366577,2.8158011436462402,0.8564833402633667,0.4564460217952728,0.42866575717926025,0.6726073026657104,0.03470125421881676,0.8424863815307617,0.4649003744125366,0.7707709670066833,0.3322802186012268,0.44636470079421997,0.10621149837970734,0.76339191198349,0.7860493659973145,1.0644757747650146,0.7376121282577515,1.2598917484283447,1.882751226425171,0.18821151554584503,0.6108642816543579,0.6134207844734192,0.35791251063346863,0.13701148331165314,0.2531778812408447,0.14868465065956116,0.31760185956954956,0.6973544955253601,0.620292603969574,0.05336995795369148,0.10432375222444534,1.8517836332321167,0.28911739587783813,0.01300071831792593,0.37246209383010864,0.3273817002773285,0.5968316793441772,0.0755610466003418,0.4000818729400635,0.39505958557128906,0.8298655152320862
0.5943133234977722,0.7022496461868286,0.2671859860420227,0.4507528245449066,0.20281125605106354,1.3531075716018677,0.8646550178527832,4.932249546051025,0.7262296676635742,0.3387141525745392,1.0974876880645752,0.2471005618572235,0.5842719078063965,0.00039999998989515007,0.44109368324279785,0.10631824284791946,0.4169169068336487,3.154127597808838,0.5790477991104126,0.5726013779640198,1.5489875078201294,0.07712557911872864,0.42786097526550293,1.9223467111587524,1.3437869548797607,0.3772907257080078,0.27476292848587036,0.4197733998298645,0.2137584686279297,0.6751153469085693,0.2448718249797821,1.0771197080612183,0.478569358587265,0.970343291759491,0.484613835811615,0.29223620891571045,1.0741490125656128,0.28817421197891235,0.5574435591697693,0.3867112994194031,0.3141174018383026,0.5740925073623657,0.15102356672286987,0.8976612091064453,0.5016525387763977,0.2953476011753082,0.3776954412460327,1.6214661598205566,0.1371200829744339,0.30090031027793884,0.16136972606182098,0.0857984721660614,0.6472671031951904,0.6944196820259094,0.5198661684989929,0.7265645265579224,1.2725545167922974
1.4717612266540527,1.4707609415054321,0.8140950798988342,0.4545441269874573,1.2670055627822876,0.2506697475910187,1.1263257265090942,3.969896078109741,0.3723510801792145,0.27936652302742004,0.20665232837200165,0.2775415778160095,0.3819003999233246,0.00039999998989515007,0.5561001896858215,0.5916067957878113,0.8564015030860901,3.7285349369049072,0.14473401010036469,0.26458054780960083,1.6706275939941406,0.518243134021759,1.4977073669433594,0.8955793380737305,1.024715542793274,0.7143792510032654,0.7169065475463867,1.0858639478683472,0.8451305031776428,0.10297392308712006,0.7635974884033203,0.1781037151813507,0.10548973828554153,1.1251604557037354,0.33133119344711304,0.28876087069511414,0.27183276414871216,0.21769404411315918,1.031675100326538,0.5965442657470703,0.36288684606552124,0.6593967080116272,0.557833194732666,0.0159714724868536,0.6292839050292969,0.32466575503349304,0.5818288326263428,1.0161370038986206,0.7740581631660461,0.4080307185649872,0.9992772340774536,0.2737393379211426,0.23047102987766266,0.9126816391944885,0.12896686792373657,1.5610182285308838,0.5178191065788269
0.23170463740825653,0.6915891170501709,0.3197843134403229,0.45396938920021057,1.5418583154678345,0.7357140183448792,0.15577174723148346,4.108692169189453,1.6933799982070923,0.0017065010033547878,0.13400186598300934,0.24053630232810974,0.0711183175444603,0.00039999998989515007,0.7761341333389282,0.9429777264595032,1.0799530744552612,3.433519124984741,0.8111712336540222,0.8485819101333618,0.4749060869216919,0.07595603913068771,1.222415566444397,0.4575987160205841,0.7537273168563843,0.8815288543701172,0.6800870299339294,0.1924389749765396,1.5710934400558472,0.4369462728500366,1.0092540979385376,0.0775919109582901,0.35817742347717285,0.9646027684211731,0.48752135038375854,1.1719210147857666,0.35863086581230164,0.353572815656662,0.07140195369720459,1.0922095775604248,1.2639386653900146,0.2036609947681427,0.8226816654205322,0.9680752158164978,1.1987724304199219,0.836585521697998,0.429701566696167,0.2676938474178314,0.08857529610395432,1.0928083658218384,1.4216558933258057,0.7689437866210938,0.2795717418193817,0.8176003694534302,0.597369909286499,0.3110139071941376,0.215265691280365
0.6770392060279846,0.7679544687271118,0.7780012488365173,0.427187979221344,0.7568100094795227,1.1058900356292725,0.4150632619857788,5.250594139099121,0.623210608959198,0.4374777376651764,0.5911588668823242,0.5471246242523193,0.02760116383433342,0.00039999998989515007,0.494231641292572,0.5940065383911133,0.12715443968772888,3.4101498126983643,0.7554971575737,0.21954555809497833,1.34804368019104,0.12601178884506226,0.2891242504119873,1.0053956508636475,1.2423173189163208,0.7824653387069702,0.0948815792798996,0.43844228982925415,0.9359319806098938,0.5361316800117493,0.2779790461063385,0.7399004101753235,0.11436004936695099,1.2920774221420288,0.5666000843048096,0.6327283382415771,0.4791235327720642,0.29134389758110046,0.5047222971916199,0.9409162402153015,0.23984451591968536,0.049691714346408844,0.7001373171806335,0.033326808363199234,0.8251094818115234,0.5328645706176758,0.3733726739883423,1.0265308618545532,0.09552089124917984,0.698698878288269,0.907219409942627,0.5717720985412598,0.06486827880144119,0.997481107711792,1.0438214540481567,0.30835580825805664,0.6222357153892517
0.9516170024871826,1.6689988374710083,0.7039312720298767,0.4616166651248932,0.428117573261261,0.2701142728328705,0.3898509442806244,4.402966022491455,0.7948961853981018,0.2550724446773529,0.1312379091978073,0.051201511174440384,0.18888157606124878,0.00039999998989515007,1.0078423023223877,1.371305227279663,0.9523732662200928,3.2680773735046387,0.2935793101787567,0.09279553592205048,1.8755756616592407,0.778394341468811,0.8702992796897888,1.7049353122711182,1.0944989919662476,0.5658193230628967,1.009464979171753,0.4390782415866852,0.8368107080459595,0.030355192720890045,0.6894501447677612,0.41542741656303406,0.23422645032405853,1.1387794017791748,0.33111220598220825,0.8422178626060486,0.41047215461730957,0.9262617230415344,0.6986051201820374,0.12324247509241104,0.31305500864982605,0.8258760571479797,0.8029814958572388,0.016936663538217545,0.5308668613433838,0.07357665151357651,0.14496156573295593,1.3954706192016602,0.23177050054073334,1.0000172853469849,0.7298194169998169,0.26389363408088684,0.302916944026947,0.4918639659881592,0.6077417135238647,0.9580680131912231,0.47761765122413635
0.7588501572608948,0.8814076781272888,0.5627307295799255,0.39245760440826416,0.4070850610733032,1.1591967344284058,0.35758018493652344,5.377777576446533,0.8271110653877258,0.33039724826812744,0.47256675362586975,0.40930086374282837,0.034267131239175797,0.00039999998989515007,0.6542622447013855,0.4639849066734314,0.22640584409236908,3.22717547416687,0.9274649024009705,0.1796373873949051,1.4333387613296509,0.2503533661365509,0.46990662813186646,1.366039514541626,1.3462021350860596,0.7033568024635315,0.35714492201805115,0.5316727757453918,0.8685876131057739,0.2659759521484375,0.16069333255290985,0.7523622512817383,0.253578245639801,1.316169261932373,0.5199424624443054,0.48170697689056396,0.4648624062538147,0.12021023780107498,0.6520134210586548,0.5983723998069763,0.10150665044784546,0.38440659642219543,0.6950990557670593,0.09252803027629852,0.7817963361740112,0.39933496713638306,0.23870672285556793,1.4149465560913086,0.13959382474422455,0.6398797631263733,0.7579616904258728,0.38194215297698975,0.11053861677646637,1.016615390777588,0.6747944355010986,0.2817745804786682,0.4391513466835022
0.3427726626396179,0.7629722356796265,1.0857385396957397,0.560020387172699,0.4588453769683838,1.255893349647522,0.10091561079025269,5.022745609283447,1.0609477758407593,0.4109747111797333,1.1150522232055664,0.9940459132194519,0.20132213830947876,0.00039999998989515007,0.416938453912735,0.010762804187834263,0.017612570896744728,3.1908230781555176,0.9528154134750366,0.29851511120796204,1.1454317569732666,0.8338950276374817,0.37873417139053345,1.187133550643921,1.28182852268219,0.8376064896583557,0.08456786721944809,0.5044077038764954,0.5567129254341125,0.052844494581222534,0.023664796724915504,0.8205457925796509,0.6311793327331543,1.0232231616973877,1.1094022989273071,0.4080354869365692,0.28922128677368164,0.4029240608215332,0.4251849055290222,0.3991996943950653,0.34508687257766724,0.2784525752067566,0.4345465898513794,0.21767282485961914,1.0879520177841187,0.17689859867095947,0.07519539445638657,2.0781266689300537,0.17904210090637207,0.6020269393920898,0.4346349537372589,0.7309259176254272,0.23643042147159576,0.3594193756580353,0.8013343214988708,0.4851061999797821,0.30186355113983154
0.44788193702697754,0.7404607534408569,0.1328279674053192,0.4078032970428467,0.7183080315589905,1.0435186624526978,0.7099601030349731,5.2754902839660645,0.793792724609375,0.33882343769073486,0.27638423442840576,0.01674400456249714,0.07652612030506134,0.00039999998989515007,0.8533335328102112,0.7488129138946533,0.13970081508159637,3.323686122894287,0.7554071545600891,0.43207842111587524,1.17642343044281,0.1741199791431427,0.6109271049499512,1.0393379926681519,1.1242642402648926,0.5611580014228821,0.7142995595932007,0.9076212644577026,0.873465895652771,0.4995035231113434,0.6965723633766174,0.6393299698829651,0.16430354118347168,1.4512953758239746,0.1538882851600647,0.4120161533355713,0.3803339898586273,0.27234145998954773,0.9174237251281738,0.4159840941429138,0.5047113299369812,0.8022477626800537,0.9110740423202515,0.029111012816429138,0.7486767768859863,0.40742501616477966,0.19222310185432434,1.0058770179748535,0.3465809226036072,0.2734253704547882,0.8958186507225037,0.0677843764424324,0.22405178844928741,1.4543302059173584,0.35981056094169617,0.6324723362922668,0.6267711520195007
0.2752305865287781,0.823371946811676,0.036642611026763916,0.4751867949962616,0.2815796136856079,1.3833260536193848,1.2427302598953247,5.089069843292236,0.92947918176651,0.7623324990272522,0.3715834319591522,0.20217986404895782,0.30879223346710205,0.00039999998989515007,1.1507399082183838,0.6092103123664856,0.2534117102622986,3.004462480545044,0.6956136226654053,0.23189811408519745,1.1231082677841187,0.3113727271556854,0.21356971561908722,1.340652346611023,0.8843138217926025,0.3932512104511261,0.8162944912910461,0.8659613728523254,0.5564093589782715,0.6999280452728271,0.9388480186462402,0.9768573641777039,0.23760822415351868,1.5235711336135864,0.26993992924690247,0.2512279450893402,0.7260595560073853,0.33750396966934204,0.9574806094169617,0.05034847557544708,0.8427409529685974,1.0715564489364624,0.7837084531784058,0.4544234871864319,0.3693559765815735,0.162035271525383,0.03017679788172245,1.0886154174804688,0.0797380805015564,0.0007475691381841898,0.5476683974266052,0.2606576383113861,0.5300726294517517,1.2326767444610596,0.14883139729499817,0.5856890678405762,1.0081114768981934
0.7654919624328613,1.0136183500289917,0.8018503189086914,0.41556239128112793,0.32446956634521484,1.0794057846069336,0.300035685300827,5.154143333435059,1.1769737005233765,0.7610843777656555,0.31288397312164307,0.5562803149223328,0.10428131371736526,0.00039999998989515007,0.976067841053009,0.47384557127952576,0.23239074647426605,3.025390386581421,1.0120688676834106,0.2603551745414734,1.367087960243225,0.04034659266471863,0.3229639232158661,0.9763701558113098,0.917759358882904,0.8015042543411255,0.1584758162498474,0.24584612250328064,1.1298102140426636,0.08703126013278961,0.21692350506782532,1.0215227603912354,0.0919138565659523,1.2905193567276,0.7240625023841858,0.7726072669029236,0.3809133470058441,0.1945888102054596,0.620189368724823,0.9774683117866516,0.2198353260755539,0.10108323395252228,0.7231091260910034,0.13620026409626007,0.6252204775810242,0.8443431854248047,0.6554625034332275,1.07305109500885,0.05535963550209999,0.8580789566040039,0.9341037273406982,0.6846415400505066,0.11175690591335297,0.797663688659668,1.2276712656021118,0.2287604957818985,0.28955090045928955
1.026362657546997,0.9784832000732422,0.271983802318573,0.18852287530899048,0.5478136539459229,0.8508567810058594,0.34961557388305664,4.975652694702148,1.1505008935928345,0.14987334609031677,0.1005321592092514,0.008544554933905602,0.037693556398153305,0.00039999998989515007,0.8759921193122864,0.4999832510948181,0.5996779203414917,3.0336029529571533,1.2127782106399536,0.944757878780365,1.3882544040679932,0.04154466092586517,0.7128294706344604,1.1048235893249512,1.041043996810913,0.5163154006004333,0.3392326235771179,0.7622243165969849,1.4308704137802124,0.23254425823688507,0.3658229112625122,0.9322351813316345,0.05640308931469917,1.6262212991714478,0.11446139216423035,0.2459157556295395,0.2539237439632416,0.11226644366979599,0.9200117588043213,0.33955150842666626,0.15006765723228455,0.4284566640853882,1.146347999572754,0.0074547999538481236,0.5074102282524109,0.5241246819496155,0.03408036753535271,1.3565634489059448,0.32090139389038086,0.6412944197654724,0.8701144456863403,0.3712339997291565,0.07123620063066483,1.4415932893753052,0.5274937748908997,0.20655173063278198,0.17580217123031616
0.837413489818573,0.6811533570289612,1.0683976411819458,0.6424839496612549,0.44400209188461304,1.769608974456787,0.8357056975364685,4.372549057006836,0.890685498714447,0.03322233632206917,1.5095268487930298,0.7910616397857666,0.2168877273797989,0.00039999998989515007,0.6736570596694946,0.6045872569084167,1.2678208351135254,3.0137603282928467,0.9664545655250549,0.16897574067115784,0.8041660785675049,0.2643616199493408,0.19666171073913574,0.6108163595199585,0.31510740518569946,0.8726191520690918,0.9250982999801636,0.6625508069992065,0.06378048658370972,0.8867166042327881,0.6385567784309387,1.34123957157135,0.14902113378047943,1.5155224800109863,1.3456615209579468,0.014609097503125668,0.12623430788516998,0.5919657349586487,0.5542331337928772,0.47502851486206055,0.33912572264671326,0.31905296444892883,0.47070592641830444,1.2622926235198975,0.2829807698726654,0.057036589831113815,0.7814666032791138,1.3685646057128906,0.27773934602737427,0.3272559642791748,0.2180059403181076,0.2396513670682907,0.6853284239768982,0.5522578954696655,0.6478241682052612,0.6238839030265808,1.3075437545776367
0.535307765007019,0.9679529070854187,0.8262577652931213,0.5133071541786194,0.7369982004165649,1.2788493633270264,0.3979319930076599,4.955716609954834,1.3951090574264526,0.388419508934021,0.3792881369590759,0.34210649132728577,0.09324837476015091,0.00039999998989515007,1.0682896375656128,0.6240891814231873,0.5290740132331848,3.0456197261810303,1.0983524322509766,0.41008350253105164,0.9196358919143677,0.441830575466156,0.5843838453292847,1.0979316234588623,0.9856693744659424,0.9276071786880493,0.17972634732723236,0.5892394185066223,1.1039899587631226,0.29390040040016174,0.5546054840087891,0.5106490850448608,0.17967897653579712,1.36127507686615,0.7747543454170227,0.7802692651748657,0.2211962640285492,0.02464566007256508,0.5888409614562988,0.5366395711898804,0.359319269657135,0.13392789661884308,0.8859599828720093,0.27276411652565,0.939537525177002,0.8894288539886475,0.44722044467926025,1.4980155229568481,0.13268890976905823,0.6578499674797058,0.9629395604133606,0.8451718688011169,0.00035440188366919756,0.8193040490150452,0.7404523491859436,0.17822787165641785,0.008069748058915138
0.8176725506782532,0.8679687976837158,0.7720237374305725,0.38502237200737,0.5266013145446777,1.0204564332962036,0.12336322665214539,5.007561683654785,0.9492000341415405,0.5167807936668396,0.29956984519958496,0.5182119607925415,0.0884874016046524,0.00039999998989515007,0.7956454157829285,0.33298400044441223,0.40026959776878357,3.06791353225708,1.0352860689163208,0.42633384466171265,1.3884347677230835,0.3487682044506073,0.6221957206726074,1.1842116117477417,1.3680204153060913,0.7523148059844971,0.03954460471868515,0.5676011443138123,1.14687979221344,0.16514720022678375,0.16114667057991028,1.0594961643218994,0.15724781155586243,1.3077366352081299,0.4612841308116913,0.3788491487503052,0.2708808183670044,0.05729304626584053,0.6713683605194092,0.8571153283119202,0.07928644120693207,0.010338881053030491,0.9359949231147766,0.13165085017681122,0.7290157675743103,0.5106775164604187,0.4206443428993225,1.5791155099868774,0.07140104472637177,0.7377297282218933,0.9472623467445374,0.7646883130073547,0.18742389976978302,1.004001498222351,0.9322751760482788,0.01735689491033554,0.21266844868659973
0.5208234786987305,0.8802960515022278,0.07561461627483368,0.2554091513156891,0.42499658465385437,1.0686081647872925,0.6110070943832397,4.840185165405273,0.7444885969161987,0.4405146539211273,0.2004128098487854,0.10564424097537994,0.1954759806394577,0.00039999998989515007,1.018367052078247,0.7282264828681946,0.4706591069698334,3.0484352111816406,0.8367646932601929,0.4210021197795868,1.505526065826416,0.025235161185264587,0.5960080623626709,1.5504096746444702,1.4808752536773682,0.47460082173347473,1.197015643119812,0.717498242855072,1.0359817743301392,0.30752789974212646,0.5983210206031799,0.6959127187728882,0.26455652713775635,1.4247698783874512,0.02846597135066986,0.3639894425868988,0.6363212466239929,0.5059458017349243,0.9162185192108154,0.5939648151397705,0.7895035743713379,1.1284974813461304,0.800540566444397,0.08574146032333374,0.7507956624031067,0.33962565660476685,0.3825899660587311,0.8428550958633423,0.0931304544210434,0.6109164357185364,1.0908770561218262,0.023213911801576614,0.2002328485250473,1.340605616569519,0.19603553414344788,0.3276858329772949,0.6116794347763062
0.47077232599258423,0.6701664924621582,1.1998354196548462,0.6592133045196533,0.8904262781143188,1.3484206199645996,0.07530802488327026,4.7652997970581055,0.9289485812187195,0.3669326603412628,1.0609135627746582,1.0321073532104492,0.04691648855805397,0.00039999998989515007,0.3213966488838196,0.03373202309012413,0.022884203121066093,3.3110547065734863,0.8147730231285095,0.05057304725050926,1.113813042640686,0.6565196514129639,0.49750787019729614,0.8340362310409546,1.3850514888763428,1.0901458263397217,0.24910207092761993,0.5576289296150208,0.6224756836891174,0.3135698735713959,0.2312309592962265,0.7852177619934082,0.4362473487854004,1.1660343408584595,1.0661906003952026,0.4193632900714874,0.29635894298553467,0.3904896378517151,0.43115538358688354,0.7157394289970398,0.1762586086988449,0.28661254048347473,0.6559882760047913,0.07846628129482269,1.1996362209320068,0.2654610872268677,0.09827504307031631,1.6171563863754272,0.29144716262817383,0.6077178716659546,0.6717259883880615,0.7928805947303772,0.009358811192214489,0.7897042632102966,0.9239368438720703,0.523507833480835,0.4939235746860504
0.6426761746406555,0.9044787287712097,0.3324028253555298,0.42417439818382263,0.7148442268371582,0.9993495345115662,0.4597170650959015,4.917889595031738,1.0032987594604492,0.12807482481002808,0.24047207832336426,0.13783234357833862,0.08238530158996582,0.00039999998989515007,0.9100589752197266,0.6470364332199097,0.48612916469573975,3.096139430999756,0.9441364407539368,0.5243542790412903,1.399844765663147,0.019273042678833008,0.6568616032600403,1.171981692314148,1.2979440689086914,0.6984179019927979,0.6184966564178467,0.8196905851364136,1.140553593635559,0.37204158306121826,0.5712278485298157,0.778852641582489,0.1224159225821495,1.5073376893997192,0.17472930252552032,0.44986438751220703,0.2603694796562195,0.2034810483455658,0.9630478024482727,0.5402974486351013,0.44686752557754517,0.5942648649215698,1.0246130228042603,0.10199242830276489,0.8223774433135986,0.4618098735809326,0.20265603065490723,1.2418891191482544,0.3651902675628662,0.5432711839675903,1.0237592458724976,0.268925279378891,0.031314268708229065,1.4276918172836304,0.5612802505493164,0.47163519263267517,0.47647425532341003
0.5550317168235779,1.0712825059890747,0.44899705052375793,0.533650279045105,0.04587852954864502,1.5114336013793945,1.0356969833374023,4.856393337249756,1.0821762084960938,0.23774459958076477,0.5259816646575928,0.18723164498806,0.3441232740879059,0.00039999998989515007,1.1710861921310425,0.4400894045829773,0.011339361779391766,2.7446494102478027,0.8545427918434143,0.0886402353644371,1.5322999954223633,0.06265658885240555,0.11956299841403961,1.6686490774154663,1.106785774230957,0.6170178651809692,0.4392585754394531,0.46955686807632446,0.7175520658493042,0.6355661749839783,0.6216771006584167,1.33146333694458,0.1804882138967514,1.521837592124939,0.5290014147758484,0.4153588116168976,0.920759916305542,0.38916918635368347,0.7948597073554993,0.41492822766304016,0.7717212438583374,0.6056510210037231,0.7328258156776428,0.5006444454193115,0.3303782045841217,0.22730395197868347,0.1538548618555069,1.3798527717590332,0.13369454443454742,0.4487293064594269,0.6057940125465393,0.09272664785385132,0.29609215259552,0.8898926377296448,0.7370403409004211,0.15783967077732086,1.0459351539611816
0.34801235795021057,0.7018834948539734,1.2936069965362549,0.6810462474822998,0.8892412781715393,1.3782079219818115,0.0913090780377388,4.639848709106445,0.9243103861808777,0.36727386713027954,1.0490021705627441,1.0997382402420044,0.009900467470288277,0.00039999998989515007,0.4223889708518982,0.14920902252197266,0.03706798702478409,3.2639451026916504,0.7717060446739197,0.147785946726799,1.1552410125732422,0.7223657965660095,0.45650628209114075,0.8748325705528259,1.4309589862823486,1.118619441986084,0.1395590603351593,0.45167380571365356,0.6116750240325928,0.27766484022140503,0.21668291091918945,0.7759037613868713,0.5151667594909668,1.1218504905700684,1.1503055095672607,0.5385867357254028,0.435025155544281,0.24918192625045776,0.385316401720047,0.848330020904541,0.010678906925022602,0.29460835456848145,0.614888608455658,0.1473468542098999,1.255084753036499,0.32037389278411865,0.26099905371665955,1.5569067001342773,0.2072954922914505,0.742344319820404,0.739423930644989,0.8426321744918823,0.040040601044893265,0.5998345613479614,1.0227842330932617,0.4404755234718323,0.4626893103122711
0.4908478856086731,0.7596020102500916,0.3941296935081482,0.5532405972480774,0.8828073143959045,1.1914857625961304,0.5515943765640259,4.845348834991455,1.15168297290802,0.0025487591046839952,0.3250812888145447,0.07643759250640869,0.03589053452014923,0.00039999998989515007,1.1357141733169556,0.5541929006576538,0.5055797100067139,3.0282626152038574,1.0422579050064087,0.5948653221130371,1.1242517232894897,0.2979738712310791,0.760966420173645,0.8873488306999207,1.1209615468978882,0.896576464176178,0.4358537197113037,0.6104339957237244,1.0096091032028198,0.3430512249469757,0.8512691855430603,0.711581826210022,0.19585740566253662,1.5233570337295532,0.3918735682964325,0.6314277648925781,0.25301381945610046,0.11111325025558472,0.9047973155975342,0.8069868087768555,0.5225603580474854,0.4869822561740875,0.9678678512573242,0.2565852999687195,0.9094306230545044,0.7477250099182129,0.5357455015182495,1.1676515340805054,0.4733850061893463,0.552564263343811,1.206035852432251,0.3389822840690613,0.1172252893447876,1.2504301071166992,0.7388265132904053,0.21271857619285583,0.48814812302589417
0.7232957482337952,0.8943217396736145,0.6815274953842163,0.47936689853668213,0.6753471493721008,0.9770817756652832,0.27775561809539795,4.864006996154785,0.872592031955719,0.34455955028533936,0.38031983375549316,0.46021440625190735,0.03376393765211105,0.00039999998989515007,0.8161413073539734,0.6632153987884521,0.474963515996933,3.053797483444214,0.9012769460678101,0.32205191254615784,1.536139726638794,0.020060651004314423,0.42335009574890137,1.0815097093582153,1.339623212814331,0.8854711055755615,0.3271784782409668,0.5081063508987427,1.1199804544448853,0.320574551820755,0.38553157448768616,0.8035136461257935,0.020160486921668053,1.358464241027832,0.34096524119377136,0.742624044418335,0.4505346715450287,0.31319037079811096,0.7803603410720825,0.9762285947799683,0.3320656418800354,0.27132681012153625,0.9058924913406372,0.09366098046302795,0.8978138566017151,0.690740704536438,0.46034330129623413,1.0853201150894165,0.3242720365524292,0.7723172307014465,1.1347384452819824,0.5207116007804871,0.06734031438827515,1.1974002122879028,1.0841951370239258,0.2158001959323883,0.5315937399864197
1.1362310647964478,0.7982709407806396,0.45282936096191406,0.33344054222106934,0.8088666200637817,0.7377426624298096,0.2039896547794342,4.808728218078613,0.5488024353981018,0.25853246450424194,0.4006549119949341,0.3234235644340515,0.20399123430252075,0.00039999998989515007,0.6059076189994812,0.4890415370464325,0.4606669545173645,3.0393803119659424,1.0060290098190308,0.6893794536590576,1.626890778541565,0.22190755605697632,0.4424954354763031,0.9662549495697021,1.323310136795044,0.7937760353088379,0.17515625059604645,0.8290622234344482,1.2511794567108154,0.4775254428386688,0.40396082401275635,0.8033424019813538,0.344327449798584,1.532118320465088,0.05888274684548378,0.44313210248947144,0.13323329389095306,0.19726979732513428,0.9987107515335083,0.6665853261947632,0.034957047551870346,0.3106718957424164,0.9989725351333618,0.09006543457508087,0.7149088978767395,0.5692657828330994,0.09892381727695465,0.9433241486549377,0.5788738131523132,0.4612010419368744,1.1414728164672852,0.3343079686164856,0.05639691278338432,1.6666096448898315,0.8752049207687378,0.4096029996871948,0.7448112368583679
0.7924011945724487,0.9329265356063843,0.5060118436813354,0.3970898389816284,0.346952885389328,1.1559267044067383,0.3145544230937958,4.908064365386963,0.916946291923523,0.13342571258544922,0.40482297539711,0.4076291024684906,0.10911208391189575,0.00039999998989515007,0.8515928983688354,0.47400280833244324,0.47508159279823303,2.9320247173309326,1.0114353895187378,0.15422342717647552,1.6773425340652466,0.2262289971113205,0.45731019973754883,1.5738258361816406,1.5984760522842407,0.7252243757247925,0.6000846028327942,0.5958932042121887,0.9978886246681213,0.17571017146110535,0.26039671897888184,0.8129305243492126,0.2654663920402527,1.34359610080719,0.35414546728134155,0.4898218810558319,0.5704015493392944,0.18576514720916748,0.8612796664237976,0.678509533405304,0.29070642590522766,0.5585344433784485,0.7724249362945557,0.007717379834502935,0.8758650422096252,0.39963674545288086,0.30012163519859314,1.484089970588684,0.20033635199069977,0.751115620136261,0.9226149320602417,0.3152710199356079,0.06254934519529343,1.0903161764144897,0.6573472619056702,0.2649539113044739,0.5033206343650818
0.5012955665588379,1.08755362033844,0.5437925457954407,0.5742273330688477,0.04145229235291481,1.6045894622802734,1.044387698173523,4.876441478729248,1.2034392356872559,0.12923943996429443,0.4621467590332031,0.33979901671409607,0.2604852318763733,0.00039999998989515007,1.3048075437545776,0.44529449939727783,0.17094624042510986,2.794618606567383,0.8569748997688293,0.043332915753126144,1.4388118982315063,0.020420502871274948,0.09056172519922256,1.5318241119384766,0.9881097078323364,0.6237673759460449,0.5101179480552673,0.4578872323036194,0.7101489901542664,0.5572943091392517,0.6840355396270752,1.2647072076797485,0.2647646963596344,1.4645806550979614,0.7248982191085815,0.5468360185623169,0.9257729649543762,0.3354162871837616,0.8025649785995483,0.4373774528503418,0.8014795780181885,0.5930925011634827,0.7014853358268738,0.4788059890270233,0.40512487292289734,0.39917275309562683,0.3414711654186249,1.339820146560669,0.1815994530916214,0.4913390576839447,0.5671800374984741,0.13581743836402893,0.2982977628707886,0.7129464149475098,0.7983020544052124,0.1449141651391983,0.928718090057373
0.7043696641921997,0.7391559481620789,0.37361520528793335,0.5314453840255737,0.05083680525422096,1.8473516702651978,1.1414440870285034,4.933806419372559,0.8481777310371399,0.22737322747707367,0.5788259506225586,0.40883326530456543,0.07688722759485245,0.00039999998989515007,1.201799988746643,0.342122346162796,0.6653817296028137,2.96501088142395,0.7972085475921631,0.4646531343460083,1.2976953983306885,0.032058075070381165,0.024459049105644226,1.4811787605285645,1.082152247428894,0.569928765296936,0.5187102556228638,0.7616732120513916,0.08543131500482559,0.4849083721637726,0.6003679633140564,0.7489139437675476,0.42842957377433777,1.2589479684829712,0.8086084127426147,0.46011531352996826,1.1501879692077637,0.10701200366020203,0.9374690651893616,0.24848704040050507,0.34228262305259705,0.8750816583633423,0.588460385799408,0.6181716918945312,0.6865290999412537,0.2740561068058014,0.20022082328796387,1.6178622245788574,0.13229584693908691,0.19130362570285797,0.18736547231674194,0.10003148764371872,0.4679775536060333,0.7243536114692688,0.43615952134132385,0.5307292342185974,0.9864596128463745
0.7844685912132263,0.47229692339897156,0.041768647730350494,0.22937801480293274,0.8952224850654602,0.8132640719413757,0.37138596177101135,4.361198425292969,0.8211075663566589,0.07633603364229202,0.2853327989578247,0.4672447741031647,0.10272412747144699,0.00039999998989515007,0.14632423222064972,0.4078364074230194,0.9881683588027954,2.607318639755249,1.085494875907898,0.7753534913063049,1.3143552541732788,0.009076851420104504,0.4790177345275879,1.1753034591674805,1.8497519493103027,0.051473066210746765,0.7281540036201477,0.8658958673477173,2.1755259037017822,0.18541903793811798,0.6133617162704468,0.6181305050849915,0.3634745180606842,1.1961818933486938,0.24802280962467194,0.04375242441892624,0.1058129295706749,0.04571324214339256,0.7395371794700623,1.3376541137695312,0.6780611872673035,0.062108881771564484,0.8743457794189453,0.869403600692749,0.6903505921363831,0.5076669454574585,0.8505027294158936,1.1205185651779175,0.5896657109260559,1.1106386184692383,1.1599618196487427,0.5490491390228271,0.8191571831703186,1.5033001899719238,0.3201363980770111,0.06436014920473099,0.29911008477211
0.512169599533081,0.13868960738182068,0.5593774318695068,0.052310872822999954,1.9536035060882568,0.8309804201126099,0.03824370726943016,3.9006102085113525,0.8684669733047485,0.24342690408229828,0.750625729560852,0.7829391956329346,0.4286191463470459,0.00039999998989515007,0.481548547744751,0.4568926990032196,0.3627472519874573,3.3708858489990234,1.1441501379013062,1.1630460023880005,0.37379708886146545,0.027375949546694756,0.7404084801673889,0.20648279786109924,1.2686535120010376,0.711229681968689,0.5678004026412964,0.6318139433860779,1.8431421518325806,0.614754319190979,1.1003069877624512,0.4347098171710968,0.045664746314287186,1.059035062789917,0.3519754707813263,0.004002814646810293,0.9947899580001831,0.8481212854385376,0.08690529316663742,1.2529722452163696,0.07611991465091705,1.1671792268753052,0.7231432795524597,0.7435436248779297,1.1472247838974,0.4987161159515381,0.14329786598682404,0.4571071267127991,0.051946479827165604,0.6004037857055664,1.140250563621521,1.027130365371704,0.5254756808280945,1.5023348331451416,0.5401079058647156,0.34691593050956726,0.618191659450531
0.06090303882956505,0.8214107155799866,0.5044998526573181,0.4207611680030823,1.285241961479187,0.7327306866645813,0.19980545341968536,4.079644203186035,1.979395866394043,0.1066218763589859,0.19219891726970673,0.024248698726296425,0.06063666567206383,0.00039999998989515007,1.0630723237991333,0.6994940638542175,1.305450201034546,3.2824158668518066,0.9626536965370178,0.6889853477478027,0.6611278653144836,0.3724699914455414,1.3705569505691528,0.666652500629425,0.9628900289535522,0.8604774475097656,0.6637329459190369,0.028948070481419563,1.5817985534667969,0.05042988061904907,0.6607815027236938,0.3923020362854004,0.5677174925804138,0.9388079047203064,0.616723895072937,0.9413053393363953,0.2886013090610504,0.0651283860206604,0.13790103793144226,1.0550564527511597,0.9979466795921326,0.2523440420627594,0.8721217513084412,0.9983466863632202,1.1929141283035278,0.7165164351463318,0.5381505489349365,0.8942599296569824,0.06528735905885696,1.1901514530181885,1.3967987298965454,0.9890238046646118,0.2927078604698181,0.6496473550796509,0.5910800695419312,0.09588543325662613,0.5621042847633362
1.1981163024902344,0.840957760810852,0.5331069231033325,0.3214972913265228,0.7959066033363342,0.7044389843940735,0.07945029437541962,4.9516143798828125,0.6389647722244263,0.39152130484580994,0.4192558825016022,0.27375322580337524,0.28935718536376953,0.00039999998989515007,0.6878382563591003,0.532097578048706,0.39727139472961426,3.2361207008361816,1.0204373598098755,0.7337214350700378,1.548279881477356,0.14240886270999908,0.472443550825119,0.863000214099884,1.1215204000473022,0.8073262572288513,0.056215979158878326,0.717212975025177,1.2093178033828735,0.393614262342453,0.3062937259674072,0.7577295303344727,0.4097779095172882,1.5104585886001587,0.061844777315855026,0.5488753914833069,0.045283108949661255,0.22693684697151184,0.9012302160263062,0.583674967288971,0.09154552966356277,0.16682608425617218,0.9827510714530945,0.21503499150276184,0.6826409697532654,0.622847318649292,0.012347208335995674,0.9134217500686646,0.6399686336517334,0.48646801710128784,1.0360246896743774,0.3831164240837097,0.023007279261946678,1.514981746673584,0.9592148065567017,0.4100396931171417,0.6149630546569824
0.4757884740829468,0.7450452446937561,0.9558424353599548,0.65355384349823,0.6613225340843201,1.3134944438934326,0.020655790343880653,5.0112199783325195,0.9269132018089294,0.11155818402767181,0.9552160501480103,0.8837262392044067,0.000768517900723964,0.00039999998989515007,0.36595380306243896,0.04879353567957878,0.030806604772806168,3.3781681060791016,0.707119882106781,0.22492992877960205,1.155164122581482,0.694660484790802,0.5946887135505676,1.0924009084701538,1.4697933197021484,0.93064284324646,0.09543047100305557,0.7708219289779663,0.4659985303878784,0.18980784714221954,0.1037793979048729,0.7141197919845581,0.6163746118545532,1.1294785737991333,0.9323094487190247,0.276272177696228,0.44277051091194153,0.4556272029876709,0.5544773936271667,0.3636985421180725,0.2614724338054657,0.0951019674539566,0.622573971748352,0.008999400772154331,1.122071623802185,0.02464783564209938,0.02998514100909233,1.9011791944503784,0.33421561121940613,0.40458032488822937,0.4824536442756653,0.4918193817138672,0.15548735857009888,0.8531178832054138,0.549465000629425,0.7454094290733337,0.3957911431789398
0.5070980191230774,1.3627119064331055,0.4791671931743622,0.712611734867096,0.38958901166915894,0.7054254412651062,0.04665391892194748,4.777842044830322,1.4740091562271118,0.13911421597003937,0.03951558843255043,0.29673662781715393,0.0016910656122490764,0.00039999998989515007,1.6265064477920532,1.1762423515319824,0.8340930938720703,2.994150161743164,0.8423555493354797,0.3920639455318451,1.423088550567627,0.11886104196310043,0.9594939947128296,1.2275387048721313,0.7304762601852417,1.069636583328247,0.7363353967666626,0.23023711144924164,0.7422971129417419,0.035985007882118225,0.17010150849819183,0.5943650007247925,0.058543018996715546,1.3488397598266602,0.33673951029777527,1.180458426475525,0.40004199743270874,0.6460626721382141,0.7932071685791016,0.20792002975940704,0.4099993407726288,0.7567080855369568,1.0491852760314941,0.06780342012643814,0.8062347769737244,0.7032942175865173,0.038658566772937775,1.1706132888793945,0.81941157579422,0.6220787763595581,1.0292575359344482,0.21882854402065277,0.3447974622249603,0.9182668924331665,0.8374569416046143,0.38299307227134705,0.11618277430534363
0.9470518827438354,0.612273633480072,0.4623834490776062,0.26945194602012634,0.4255759119987488,0.9644336700439453,0.027260148897767067,5.13798189163208,0.5465169548988342,0.22558769583702087,0.7247108221054077,0.37013572454452515,0.05201598256826401,0.00039999998989515007,0.3580378293991089,0.5340219140052795,0.20625530183315277,3.741544246673584,0.6245866417884827,0.16059660911560059,1.5872722864151,0.08860745280981064,0.22910989820957184,1.3614639043807983,1.6106988191604614,0.5829002261161804,0.319545179605484,0.4869943857192993,0.7060068249702454,0.1993149369955063,0.05403989180922508,0.43876615166664124,0.2743383049964905,0.9230590462684631,0.2543838918209076,0.630005955696106,0.773427426815033,0.3436354398727417,0.5100650787353516,1.046021580696106,0.0598098561167717,0.3823520243167877,0.5071201324462891,0.14446982741355896,1.0417020320892334,0.27157193422317505,0.10864376276731491,1.2075358629226685,0.2712528705596924,0.7452995777130127,0.716336727142334,0.32532498240470886,0.10293945670127869,1.1030356884002686,0.8014969229698181,0.6896858215332031,0.6739234924316406
0.974254310131073,1.0560026168823242,0.3972894251346588,0.2267768383026123,0.12890194356441498,0.7169455885887146,0.12141074985265732,5.008906841278076,0.8402565121650696,0.22596998512744904,0.028829004615545273,0.5444602966308594,0.051664579659700394,0.00039999998989515007,0.8155069947242737,0.5900751352310181,0.4448355734348297,2.8902008533477783,0.8443941473960876,0.04677622392773628,1.7848944664001465,0.4775297939777374,0.5240882039070129,1.6502702236175537,1.6088078022003174,0.23846933245658875,0.7016159296035767,1.0320650339126587,1.2433115243911743,0.21041850745677948,0.2053610235452652,0.8620449900627136,0.4029379189014435,1.1724563837051392,0.12181874364614487,0.17671623826026917,0.37343302369117737,0.07362478971481323,1.081803798675537,0.32917582988739014,0.053639039397239685,0.5448111295700073,0.8070443272590637,0.009584951214492321,0.566353440284729,0.2193727046251297,0.25252994894981384,2.0721561908721924,0.04991001635789871,0.672492265701294,0.5606870055198669,0.2406824231147766,0.18102112412452698,0.8855090141296387,0.4675840437412262,0.5254393219947815,0.02096201665699482
0.7109183669090271,0.8534628748893738,0.6176254153251648,0.42242351174354553,0.4690294563770294,1.0852218866348267,0.20045900344848633,5.223694801330566,0.7808228731155396,0.28379690647125244,0.43858808279037476,0.37955090403556824,0.05243083834648132,0.00039999998989515007,0.8389469385147095,0.7098042368888855,0.2872776985168457,3.237257719039917,0.8121449947357178,0.16484245657920837,1.4858651161193848,0.08169963210821152,0.3124425411224365,1.1900360584259033,1.3283970355987549,0.7712001204490662,0.3037101626396179,0.5169441103935242,0.9361839294433594,0.275702565908432,0.2572188973426819,0.783193826675415,0.09663355350494385,1.2852169275283813,0.3671185374259949,0.66267991065979,0.699361264705658,0.32765814661979675,0.6915161609649658,0.915717601776123,0.20723307132720947,0.30587536096572876,0.8086016178131104,0.06612548977136612,0.8268157243728638,0.5653199553489685,0.41334566473960876,1.2243318557739258,0.3063673675060272,0.649450957775116,0.9050037264823914,0.3855806887149811,0.07262875884771347,1.0947920083999634,0.9792068004608154,0.23553602397441864,0.5540532469749451
0.29221972823143005,1.16353440284729,0.4740491509437561,0.8177518844604492,0.6009939312934875,0.7761683464050293,0.10111701488494873,4.805482864379883,1.145094871520996,0.13740453124046326,0.14897574484348297,0.11897000670433044,0.005917144473642111,0.00039999998989515007,1.447019100189209,1.2654441595077515,0.6354292035102844,3.1688199043273926,0.5652362704277039,0.019344734027981758,1.407639980316162,0.13001714646816254,0.9431657791137695,1.1872233152389526,1.021877408027649,1.0782461166381836,0.9268084764480591,0.4821610450744629,0.5330849885940552,0.13398459553718567,0.25765830278396606,0.3402441143989563,0.15992571413516998,1.2129002809524536,0.3294793665409088,1.1295175552368164,0.7137017250061035,0.5856986045837402,0.8471614122390747,0.23393461108207703,0.4673679769039154,0.9277666211128235,0.935077428817749,0.05968272313475609,1.0614428520202637,0.5357977151870728,0.07618408650159836,1.1778217554092407,0.9035031795501709,0.4067631959915161,1.0263203382492065,0.03779244422912598,0.3764258027076721,0.9862920045852661,0.6411619782447815,0.8043039441108704,0.08270405232906342
0.6863794326782227,0.5579385757446289,0.7313265800476074,0.3069221079349518,0.242025688290596,0.5965420007705688,0.1163458600640297,4.6616034507751465,0.19558116793632507,0.5814728140830994,0.55245441198349,0.44336700439453125,0.09374059736728668,0.00039999998989515007,0.6670524477958679,1.2201495170593262,0.23765277862548828,2.666807174682617,0.4521371126174927,0.14901293814182281,1.7875878810882568,0.42451658844947815,0.17783603072166443,0.7938047647476196,1.3030898571014404,0.8653488159179688,0.16876813769340515,0.384134978055954,0.5302433371543884,0.13769017159938812,0.12763990461826324,0.6231595277786255,0.379768967628479,0.9823529720306396,0.11487072706222534,1.0255331993103027,1.2590855360031128,1.0766485929489136,0.8437158465385437,1.7562471628189087,0.1046835333108902,0.4282727837562561,0.7057356834411621,0.21436040103435516,0.9441421627998352,0.9751867055892944,0.8664750456809998,0.45819762349128723,0.8443813920021057,0.8093475699424744,1.251017451286316,0.4067979156970978,0.14016151428222656,1.1604077816009521,1.7588462829589844,0.16938233375549316,0.8454352021217346
0.246493861079216,1.0756701231002808,0.30257999897003174,0.708955705165863,0.46289968490600586,0.624016523361206,0.03391758352518082,4.589171886444092,0.6274164915084839,0.37304118275642395,0.28172847628593445,0.15081080794334412,0.05500755086541176,0.00039999998989515007,1.4611893892288208,1.2324042320251465,0.5704876184463501,3.288426160812378,0.25573936104774475,0.2098933309316635,1.6461291313171387,0.3442147374153137,0.49969053268432617,1.4178588390350342,1.1644319295883179,0.8470086455345154,1.3792248964309692,0.30241355299949646,0.5465770363807678,0.32633328437805176,0.3367291986942291,0.5463536381721497,0.23549678921699524,1.0553622245788574,0.1560623049736023,1.1088799238204956,1.2685312032699585,0.9380367994308472,0.7803985476493835,0.5601282715797424,1.0417940616607666,1.2891970872879028,0.525818943977356,0.06364742666482925,0.7562517523765564,0.37814250588417053,0.3851044476032257,0.4030100703239441,0.5458101034164429,0.33639007806777954,1.3077584505081177,0.17478686571121216,0.5799816846847534,0.9146316051483154,0.5967504382133484,0.6947236657142639,0.6129217743873596
0.7810174822807312,0.8889329433441162,0.6244466304779053,0.4556026756763458,0.5661275386810303,1.0244240760803223,0.05072804540395737,5.124037265777588,0.7877697944641113,0.2577178478240967,0.4499458074569702,0.4035691022872925,0.09809856116771698,0.00039999998989515007,0.837329626083374,0.7221948504447937,0.3267844617366791,3.2255208492279053,0.8230626583099365,0.19572234153747559,1.5336029529571533,0.13104906678199768,0.4101933538913727,1.1405779123306274,1.357237458229065,0.8054536581039429,0.3307565450668335,0.6371638178825378,1.0010268688201904,0.24638371169567108,0.25593921542167664,0.7144111394882202,0.07303742319345474,1.3288267850875854,0.33433377742767334,0.6336979269981384,0.6025675535202026,0.24916408956050873,0.800784707069397,0.7928544878959656,0.1316043585538864,0.34028303623199463,0.8596294522285461,0.04809260740876198,0.8819373250007629,0.5258504748344421,0.2904539108276367,1.286681890487671,0.4561353027820587,0.5939429998397827,0.9051422476768494,0.32618170976638794,0.08330988138914108,1.1868218183517456,0.9098172187805176,0.4030705690383911,0.5085421800613403
0.7618428468704224,0.9621285200119019,0.6109347939491272,0.4712618887424469,0.436535120010376,0.9979599714279175,0.06406110525131226,5.085903167724609,0.7617672085762024,0.20503337681293488,0.47652098536491394,0.37386786937713623,0.007963435724377632,0.00039999998989515007,0.8474244475364685,0.7391218543052673,0.38813158869743347,3.120699167251587,0.7795565724372864,0.13326869904994965,1.6421235799789429,0.11269819736480713,0.320309579372406,1.2954434156417847,1.4189107418060303,0.7957569360733032,0.3777106702327728,0.6217069625854492,0.962224006652832,0.24948298931121826,0.18251925706863403,0.8196557760238647,0.08804426342248917,1.3302233219146729,0.27137142419815063,0.6124549508094788,0.7206612825393677,0.32458168268203735,0.8201116323471069,0.7765768766403198,0.16917118430137634,0.43427619338035583,0.8308390378952026,0.10644305497407913,0.8123950362205505,0.4392443299293518,0.26560357213020325,1.3430819511413574,0.4304819107055664,0.5929288864135742,0.9025341272354126,0.27347123622894287,0.11065909266471863,1.185583472251892,0.927611768245697,0.37270307540893555,0.5657973289489746
0.6796059608459473,0.9387271404266357,0.39435166120529175,0.5191622972488403,0.5833627581596375,1.132851481437683,0.17054788768291473,5.096774101257324,1.1564390659332275,0.03691740706562996,0.2947726249694824,0.15527689456939697,0.06559770554304123,0.00039999998989515007,1.1825802326202393,0.6402295231819153,0.3646877706050873,3.153449058532715,0.9726228713989258,0.2975836992263794,1.3615679740905762,0.03301773965358734,0.6702671647071838,1.1190272569656372,1.1715285778045654,0.7962775826454163,0.55806964635849,0.766033947467804,0.9742084741592407,0.24040453135967255,0.5070927143096924,0.7358885407447815,0.17549599707126617,1.4617609977722168,0.38031482696533203,0.5606414675712585,0.46481212973594666,0.061987053602933884,0.982641339302063,0.40759900212287903,0.3118230104446411,0.5687096118927002,0.9208829402923584,0.06800157576799393,0.8349634408950806,0.4651205539703369,0.15618902444839478,1.4138308763504028,0.5780752897262573,0.340476393699646,0.8661748170852661,0.16090430319309235,0.30688753724098206,1.2431650161743164,0.5354521870613098,0.483029305934906,0.3981984257698059
0.7475261092185974,0.9906313419342041,0.6141188144683838,0.49863114953041077,0.40530726313591003,1.0565792322158813,0.09379488229751587,5.005978584289551,0.7860556840896606,0.14423127472400665,0.5015068054199219,0.4041445255279541,0.03036794811487198,0.00039999998989515007,0.8793772459030151,0.7474382519721985,0.3711220324039459,3.044520854949951,0.7720068097114563,0.06364072859287262,1.677882432937622,0.13643795251846313,0.29351159930229187,1.3455556631088257,1.4483710527420044,0.8009651899337769,0.42814669013023376,0.6593809723854065,0.9330102801322937,0.2509526312351227,0.2138810157775879,0.8341456055641174,0.130854070186615,1.348331332206726,0.3029545843601227,0.5999807119369507,0.7803358435630798,0.3109895884990692,0.8753538727760315,0.741572916507721,0.20754046738147736,0.49606457352638245,0.8292282223701477,0.12209506332874298,0.8244022130966187,0.3978511393070221,0.24787749350070953,1.4156855344772339,0.4408353269100189,0.5720770359039307,0.866348922252655,0.2243194431066513,0.1334170401096344,1.172980785369873,0.8927428722381592,0.4145168364048004,0.598299503326416
0.22686555981636047,0.842357873916626,1.2135080099105835,0.8211535215377808,0.5663325786590576,1.087484359741211,0.43920809030532837,4.781161308288574,0.8574788570404053,0.2811187207698822,1.0356239080429077,1.1911882162094116,0.06557079404592514,0.00039999998989515007,0.38207560777664185,0.12368229776620865,0.14565213024616241,3.3428049087524414,0.42974549531936646,0.53857421875,1.309625267982483,0.6081400513648987,0.3868551552295685,1.0035814046859741,1.5782904624938965,1.0018768310546875,0.12910382449626923,0.6648111939430237,0.7073073983192444,0.12196030467748642,0.12876160442829132,0.9618175029754639,0.6863036751747131,0.8652158379554749,0.9049791693687439,0.45669645071029663,0.7491549849510193,0.37639591097831726,0.4590635597705841,0.803849995136261,0.051511406898498535,0.029804546386003494,0.5187423825263977,0.0744246169924736,1.1125763654708862,0.13801245391368866,0.3116997480392456,1.682152509689331,0.15344591438770294,0.4256252944469452,0.6902859807014465,0.5347067713737488,0.121437668800354,0.6819474101066589,0.925279438495636,0.6908177137374878,0.4364349842071533
0.7947691679000854,0.7697488069534302,0.5496428608894348,0.4331093728542328,0.20945434272289276,0.7733157277107239,0.10429389029741287,4.631319522857666,0.6663379669189453,0.08161184191703796,0.8982046842575073,0.5718685984611511,0.26330816745758057,0.00039999998989515007,0.6606147885322571,0.683752715587616,0.31084543466567993,3.115097999572754,0.7551975250244141,0.40926775336265564,2.017361879348755,0.13546501100063324,0.04476603865623474,1.601867437362671,1.7006893157958984,0.6064819097518921,0.3942809998989105,0.6220401525497437,0.794017493724823,0.04862925037741661,0.0929335206747055,0.8335393071174622,0.2995133399963379,0.9747665524482727,0.21421517431735992,0.6613477468490601,0.7934855222702026,0.4258781969547272,1.0039176940917969,0.8219730257987976,0.015373436734080315,0.33845189213752747,0.4906259775161743,0.4521925747394562,1.0095871686935425,0.15056265890598297,0.12402209639549255,1.795479655265808,0.6372520327568054,0.7383631467819214,0.6541246771812439,0.18658627569675446,0.3504602015018463,0.8065895438194275,1.0442315340042114,0.8177453279495239,0.745976984500885
0.6637380123138428,1.0687575340270996,0.6663869619369507,0.5252371430397034,0.09559214860200882,1.2088491916656494,0.07899785786867142,4.8095784187316895,1.0794177055358887,0.2051071673631668,0.5039210319519043,0.5632776618003845,0.14472660422325134,0.00039999998989515007,1.2047224044799805,0.6869804859161377,0.32866334915161133,2.656881093978882,1.0353387594223022,0.20721490681171417,1.7083688974380493,0.43329310417175293,0.34202253818511963,1.5301930904388428,1.4154040813446045,0.7633321285247803,0.5547484755516052,0.7020715475082397,0.8488679528236389,0.07303422689437866,0.11773131042718887,0.8109293580055237,0.3333756625652313,1.2853314876556396,0.528096616268158,0.6539260745048523,0.7675478458404541,0.15320424735546112,1.0657182931900024,0.5195351243019104,0.06559037417173386,0.5254604816436768,0.7704787850379944,0.24757163226604462,0.9602425694465637,0.4791037440299988,0.22476114332675934,1.9721388816833496,0.5411680936813354,0.6302220225334167,0.6611676216125488,0.21713393926620483,0.2950182557106018,0.7527685761451721,0.8284047245979309,0.35093241930007935,0.32807716727256775
0.9659459590911865,1.1093772649765015,0.8209842443466187,0.4766784906387329,0.5431886315345764,0.9273784160614014,0.36093926429748535,4.876809120178223,1.0727949142456055,0.480949342250824,0.42210203409194946,0.6033848524093628,0.1757749617099762,0.00039999998989515007,1.041783094406128,0.46637651324272156,0.42766517400741577,3.1468396186828613,0.8950253129005432,0.09742550551891327,1.5318338871002197,0.20498457551002502,0.6605150699615479,0.9930452704429626,1.2267504930496216,0.8787186145782471,0.33902448415756226,0.7482242584228516,1.0759450197219849,0.09058716893196106,0.07926886528730392,0.8575062155723572,0.2594892084598541,1.3326081037521362,0.6571199297904968,0.5108845233917236,0.45618557929992676,0.05345088988542557,1.036125898361206,0.6774618625640869,0.04704480990767479,0.33435267210006714,0.7508291006088257,0.06076740846037865,0.8467589616775513,0.4811803102493286,0.3922801613807678,1.4922008514404297,0.5420835018157959,0.6198588609695435,0.956682562828064,0.4564492106437683,0.1537899523973465,0.9820645451545715,0.8629475831985474,0.2699339985847473,0.16147731244564056
0.47019004821777344,1.0499683618545532,0.3808724284172058,0.6289606094360352,0.14373613893985748,1.6855043172836304,0.8647887110710144,4.809722900390625,1.1683104038238525,0.3224627375602722,0.47696653008461,0.24515481293201447,0.2515352666378021,0.00039999998989515007,1.4551349878311157,0.5649166107177734,0.19999679923057556,2.4882071018218994,0.8822896480560303,0.23028022050857544,1.485398769378662,0.04221319779753685,0.01681419089436531,1.6342079639434814,1.1217412948608398,0.6597765684127808,0.6089833378791809,0.7065284252166748,0.5009295344352722,0.4247429668903351,0.6338733434677124,1.1397150754928589,0.3282316029071808,1.4647488594055176,0.5927729606628418,0.4561506509780884,1.12875497341156,0.19842156767845154,1.0578019618988037,0.24775151908397675,0.5956509113311768,0.8730261921882629,0.7622879147529602,0.5541369915008545,0.5218462347984314,0.2569676339626312,0.16099241375923157,1.753973126411438,0.26217418909072876,0.20162926614284515,0.3845697343349457,0.16595084965229034,0.5428318977355957,0.8493065237998962,0.5542324781417847,0.30851638317108154,0.9004369974136353
0.6850383281707764,0.9812099933624268,0.4990825653076172,0.5488792061805725,0.42783674597740173,1.101383924484253,0.19308462738990784,4.879372596740723,0.7236039638519287,0.041354622691869736,0.4475865066051483,0.3431127369403839,0.0352972187101841,0.00039999998989515007,0.989249050617218,0.8428241610527039,0.3212709128856659,2.9586539268493652,0.7244468927383423,0.0012838736874982715,1.6957277059555054,0.020942362025380135,0.31625378131866455,1.3750709295272827,1.4810820817947388,0.7997331619262695,0.6123251914978027,0.7641663551330566,0.8864496350288391,0.33385783433914185,0.37116554379463196,0.7766804099082947,0.14766310155391693,1.361638069152832,0.2187044620513916,0.6112377047538757,0.8996878266334534,0.35448315739631653,0.9949219822883606,0.6821228265762329,0.3743372857570648,0.7256683111190796,0.8521753549575806,0.11149843782186508,0.8528494834899902,0.38614755868911743,0.26032763719558716,1.3459142446517944,0.5058512687683105,0.4347741901874542,0.8999019265174866,0.05065600574016571,0.17866891622543335,1.2591655254364014,0.7672833204269409,0.544938862323761,0.7090603709220886
0.8028096556663513,1.0339076519012451,0.6761926412582397,0.49957117438316345,0.43002480268478394,1.0419297218322754,0.01853552833199501,4.883891582489014,0.8200771808624268,0.22196879982948303,0.49417412281036377,0.4218094050884247,0.009253845550119877,0.00039999998989515007,0.8958421349525452,0.764451801776886,0.4385833740234375,2.988314390182495,0.8127015829086304,0.12611140310764313,1.7069472074508667,0.18117491900920868,0.34778863191604614,1.3253318071365356,1.4569116830825806,0.859364926815033,0.3569241464138031,0.6462320685386658,0.9873865246772766,0.22506529092788696,0.18890886008739471,0.8415467739105225,0.0806700587272644,1.3651320934295654,0.3011401295661926,0.6177797317504883,0.7186122536659241,0.28496435284614563,0.8895698189735413,0.7729722857475281,0.16520534455776215,0.46034497022628784,0.8790453672409058,0.09146370738744736,0.8544946312904358,0.4231826364994049,0.22750085592269897,1.428865909576416,0.5063973665237427,0.6091896295547485,0.9019830226898193,0.27644917368888855,0.09044231474399567,1.1958671808242798,0.9547091722488403,0.3910750448703766,0.5451099872589111
0.6008005738258362,0.8599619269371033,0.7628676295280457,0.494192510843277,0.6877402067184448,1.095070242881775,0.04500856623053551,4.908169746398926,0.7810837626457214,0.2433890402317047,0.5089172124862671,0.6377522945404053,0.09292588382959366,0.00039999998989515007,0.8443784713745117,0.7818679809570312,0.28009742498397827,3.307521343231201,0.6329617500305176,0.10018133372068405,1.5159919261932373,0.08265417069196701,0.3205035626888275,1.0282738208770752,1.4341905117034912,0.815117359161377,0.4685252606868744,0.5874340534210205,1.0569294691085815,0.2254878133535385,0.34854254126548767,0.6954572796821594,0.2991780638694763,1.1633350849151611,0.5106678605079651,0.7226354479789734,0.848294198513031,0.2695419490337372,0.7310904264450073,1.1332182884216309,0.42151758074760437,0.3267090320587158,0.6935490369796753,0.09572752565145493,0.9957522749900818,0.5380662679672241,0.5999403595924377,1.0649046897888184,0.2559865713119507,0.678224503993988,1.0319256782531738,0.40196672081947327,0.03719080612063408,1.010359287261963,1.0046759843826294,0.41254931688308716,0.5539840459823608
0.3329114615917206,0.4786979556083679,0.4390026926994324,0.18560414016246796,0.8056101202964783,1.2390731573104858,0.24842889606952667,4.749497890472412,1.2559727430343628,0.3646518886089325,0.2505069971084595,0.369278222322464,0.07572861760854721,0.00039999998989515007,0.6375564336776733,0.5374649167060852,0.5531977415084839,3.0108137130737305,1.1173747777938843,0.5910813212394714,0.9738911986351013,0.06862477213144302,0.34385809302330017,0.7724863886833191,1.3273978233337402,0.6922168135643005,0.1157311275601387,0.21177537739276886,1.668196439743042,0.303819864988327,0.8731626272201538,0.7559052109718323,0.20072589814662933,1.145306944847107,0.3404400050640106,0.6389397978782654,0.30294543504714966,0.04427407309412956,0.32475587725639343,1.7485179901123047,0.6588072776794434,0.3221540153026581,0.8311809301376343,0.4928102195262909,0.9795539379119873,0.8884689211845398,0.8465341925621033,0.8636763095855713,0.13668273389339447,0.9839534163475037,1.1598578691482544,0.7262959480285645,0.19457967579364777,1.1576347351074219,1.0329984426498413,0.3383316695690155,0.49974849820137024
0.585789144039154,0.9494054913520813,0.5472912788391113,0.5277084112167358,0.6319252252578735,1.1674933433532715,0.0722917765378952,4.9447832107543945,1.100470781326294,0.04151108115911484,0.39183029532432556,0.3354806900024414,0.03060733899474144,0.00039999998989515007,1.0039833784103394,0.7736347913742065,0.41586047410964966,3.1274209022521973,0.8814164400100708,0.1993843913078308,1.4167184829711914,0.21346303820610046,0.6074111461639404,1.18454110622406,1.3671002388000488,0.8619353771209717,0.5008808374404907,0.7132729291915894,1.037575602531433,0.22748486697673798,0.4615292549133301,0.666631817817688,0.24730297923088074,1.3661576509475708,0.41396787762641907,0.6161289215087891,0.5399878025054932,0.10802440345287323,0.8660359382629395,0.6623945236206055,0.3225471079349518,0.4732978940010071,0.9281490445137024,0.0876140221953392,0.9963356256484985,0.4639977514743805,0.23733709752559662,1.461159348487854,0.4925970137119293,0.5374268889427185,0.8874484896659851,0.25429606437683105,0.12135697156190872,1.1976680755615234,0.6933150291442871,0.509946346282959,0.40476182103157043
0.6242887377738953,0.9660483598709106,0.7021529674530029,0.4674820303916931,0.30730879306793213,1.161588430404663,0.12621302902698517,4.844543933868408,0.7221644520759583,0.21307988464832306,0.5749736428260803,0.38249924778938293,0.05366649478673935,0.00039999998989515007,1.0277931690216064,0.8940895795822144,0.38972920179367065,3.0938315391540527,0.716070294380188,0.00020714016864076257,1.6592164039611816,0.1601867377758026,0.13187634944915771,1.4921096563339233,1.419813871383667,0.8249337673187256,0.44676458835601807,0.3043060004711151,0.8370645046234131,0.3112396001815796,0.20185336470603943,0.8919539451599121,0.19477024674415588,1.2502039670944214,0.4624747633934021,0.7845826148986816,1.0362294912338257,0.5195906758308411,0.657773494720459,1.073277473449707,0.4973624050617218,0.4762837588787079,0.7200578451156616,0.09020698070526123,0.7927297353744507,0.4604339003562927,0.44443079829216003,1.1778868436813354,0.2962278425693512,0.7708032131195068,0.9451043605804443,0.3603394627571106,0.17179228365421295,0.906649649143219,1.0908560752868652,0.18608048558235168,0.6946283578872681
0.7802337408065796,1.0031005144119263,0.6229570508003235,0.4956558644771576,0.49422553181648254,1.0178616046905518,0.03066616877913475,4.941778182983398,0.8332207202911377,0.19843707978725433,0.45474037528038025,0.4462839365005493,0.06537832319736481,0.00039999998989515007,0.8767986297607422,0.7631727457046509,0.4090334177017212,3.048957586288452,0.7965360879898071,0.13056643307209015,1.6473733186721802,0.14469432830810547,0.42257454991340637,1.2705937623977661,1.4516760110855103,0.8337625861167908,0.4234139621257782,0.7190935015678406,1.0402684211730957,0.21148426830768585,0.2558544874191284,0.7879865765571594,0.12304501980543137,1.3408693075180054,0.2829158306121826,0.5942285656929016,0.6584222912788391,0.20811060070991516,0.9033316969871521,0.7508007884025574,0.1754833161830902,0.4987207353115082,0.8799557089805603,0.031940311193466187,0.8737056851387024,0.4390786290168762,0.26196858286857605,1.3955035209655762,0.4858846664428711,0.5514381527900696,0.9215729832649231,0.25872868299484253,0.0763324648141861,1.2472196817398071,0.8697873950004578,0.4622403383255005,0.5147936344146729
0.4279595613479614,1.2747882604599,0.6757723093032837,0.7989345192909241,0.6535667777061462,0.6761557459831238,0.3588278591632843,4.550573825836182,1.015390157699585,0.09445001184940338,0.43671151995658875,0.025909580290317535,0.028060561046004295,0.00039999998989515007,1.2400972843170166,1.2559362649917603,0.770545482635498,3.2427010536193848,0.4591797888278961,0.06284694373607635,1.6522854566574097,0.17840179800987244,0.7499072551727295,1.3125741481781006,1.1998872756958008,1.159237027168274,0.6966184377670288,0.396088570356369,0.6587413549423218,0.23431581258773804,0.15329894423484802,0.552097499370575,0.05622414872050285,1.2201389074325562,0.2516261637210846,1.0678704977035522,0.7658364772796631,0.6693671941757202,0.7314237356185913,0.4028308093547821,0.4640609622001648,0.7833672761917114,0.8957847952842712,0.017802614718675613,1.0129719972610474,0.3199543356895447,0.11165088415145874,1.0878740549087524,0.8412452340126038,0.4978664219379425,1.1067605018615723,0.12775471806526184,0.2639884948730469,1.0659637451171875,0.8673449754714966,0.8800429105758667,0.29871925711631775
0.46126970648765564,0.8658756017684937,1.1248096227645874,0.7194950580596924,0.7195136547088623,1.2793550491333008,0.29509472846984863,4.721349239349365,0.9056643843650818,0.11419645696878433,1.1225985288619995,0.9490418434143066,0.013260044157505035,0.00039999998989515007,0.4138052761554718,0.22828014194965363,0.045985180884599686,3.260237216949463,0.6247644424438477,0.24903587996959686,1.336730718612671,0.7147680521011353,0.47053441405296326,1.092217206954956,1.5351923704147339,1.0606653690338135,0.005217994097620249,0.7384883165359497,0.5920537114143372,0.2219858467578888,0.12449703365564346,0.8209545612335205,0.5156005024909973,1.164454698562622,0.9034892916679382,0.33773666620254517,0.5679898262023926,0.36326515674591064,0.5871835350990295,0.48485979437828064,0.17655901610851288,0.03217559680342674,0.6390776038169861,0.03688555955886841,1.146794080734253,0.0282590314745903,0.12038041651248932,1.8262972831726074,0.4687288701534271,0.4051568806171417,0.5720508694648743,0.47246310114860535,0.16492637991905212,0.874405026435852,0.750360369682312,0.8229075074195862,0.5226068496704102
0.3070201575756073,0.2910444736480713,0.005704314447939396,0.14400817453861237,1.1629329919815063,0.9886373281478882,0.29267850518226624,4.723603248596191,0.6924724578857422,0.29217416048049927,0.26650121808052063,0.339954137802124,0.032964278012514114,0.00039999998989515007,0.31991711258888245,0.6080251336097717,0.5363907814025879,3.269153594970703,0.7296427488327026,0.3736928403377533,1.117003321647644,0.4460013210773468,0.3584815263748169,0.8506863713264465,1.681325912475586,0.4299980103969574,0.7294911742210388,0.7659134864807129,1.673508644104004,0.5108182430267334,1.0509947538375854,0.5244499444961548,0.3745976984500885,1.0889428853988647,0.0846811980009079,0.30732131004333496,0.48681968450546265,0.055658236145973206,0.6237995624542236,1.4805911779403687,0.9307318329811096,0.22709600627422333,0.6607005000114441,0.6007800102233887,0.9598797559738159,0.4510171115398407,0.7156566381454468,0.6000508666038513,0.1285867542028427,0.5549037456512451,1.2825424671173096,0.2443428486585617,0.15675459802150726,1.6073819398880005,0.41364091634750366,0.37747102975845337,0.8973559737205505
0.5252186059951782,0.5567247867584229,0.32890063524246216,0.11297133564949036,0.8233789801597595,1.021624207496643,0.026669586077332497,4.77364444732666,1.240487813949585,0.28883373737335205,0.0892067477107048,0.2790152132511139,0.13343673944473267,0.00039999998989515007,0.5395341515541077,0.35817646980285645,0.6960559487342834,3.0807368755340576,1.159314513206482,0.8534634113311768,1.0285489559173584,0.13673914968967438,0.6382986903190613,0.9882789850234985,1.5027191638946533,0.5249610543251038,0.11534076929092407,0.47089406847953796,1.8917654752731323,0.2298266738653183,0.742863118648529,0.8919533491134644,0.213456392288208,1.1728806495666504,0.09341421723365784,0.26416605710983276,0.00583628797903657,0.22230114042758942,0.37955036759376526,1.3959252834320068,0.5118941068649292,0.31384041905403137,0.9738278985023499,0.5864446759223938,0.8005250692367554,0.5985245108604431,0.5841285586357117,1.2154680490493774,0.24745100736618042,0.846165657043457,1.111628532409668,0.7270933389663696,0.3821791112422943,1.3201934099197388,0.6999220252037048,0.13509820401668549,0.2755308449268341
0.915306568145752,0.9979571104049683,0.48797371983528137,0.37496069073677063,0.2721336781978607,0.9883632063865662,0.009898697026073933,4.917940616607666,0.48026394844055176,0.20309114456176758,0.14616240561008453,0.7436030507087708,0.11185195297002792,0.00039999998989515007,0.8729583024978638,0.9269640445709229,0.2227235734462738,2.7261905670166016,0.6360185146331787,0.27088460326194763,1.808053970336914,0.23317620158195496,0.41459187865257263,1.401796579360962,1.650352120399475,0.5283917784690857,0.8690317273139954,1.1362700462341309,0.9757566452026367,0.08327198773622513,0.003761807456612587,0.5329481959342957,0.3519681990146637,1.2063817977905273,0.2152380645275116,0.43437501788139343,0.8748175501823425,0.18095073103904724,1.2398887872695923,0.5908333659172058,0.049912936985492706,0.9416423439979553,0.7928887009620667,0.0461336225271225,0.8286148905754089,0.4266201853752136,0.5921974778175354,1.6275147199630737,0.37799400091171265,0.4972259998321533,0.7199914455413818,0.017706330865621567,0.06785960495471954,1.1417959928512573,0.5832350850105286,0.5952998399734497,0.3207589089870453
0.4036498963832855,0.5443902015686035,0.1513300985097885,0.12411780655384064,0.9025311470031738,1.1437745094299316,0.2504061758518219,4.857451438903809,1.248742938041687,0.0064327004365623,0.17283384501934052,0.22166818380355835,0.01276121474802494,0.00039999998989515007,0.5273274183273315,0.5680811405181885,0.7213479280471802,3.0962071418762207,1.059879183769226,0.6686385869979858,1.0782206058502197,0.10183671116828918,0.45463159680366516,0.9966140985488892,1.4933019876480103,0.5095371007919312,0.44982749223709106,0.5022370219230652,1.8057254552841187,0.32934802770614624,0.9031527638435364,0.6868762373924255,0.30244311690330505,1.2389389276504517,0.11577261239290237,0.3822971284389496,0.18463079631328583,0.008949708193540573,0.48828262090682983,1.3746610879898071,0.7624132037162781,0.018989484757184982,0.8385942578315735,0.5307294130325317,0.8881357908248901,0.5823460221290588,0.5967156887054443,0.9706711173057556,0.16434425115585327,0.8366007208824158,1.1231328248977661,0.46769729256629944,0.2070525735616684,1.4233355522155762,0.5850793123245239,0.027540871873497963,0.5401819348335266
0.5898371338844299,1.3989615440368652,0.4301343560218811,0.5490685701370239,0.4327249825000763,0.32554876804351807,0.5408806800842285,4.421381950378418,0.6270632147789001,0.15331320464611053,0.029905423521995544,0.0871337279677391,0.06190718337893486,0.00039999998989515007,1.143197774887085,1.474975347518921,0.8882927894592285,3.1066956520080566,0.10434076935052872,0.21805395185947418,1.9936832189559937,0.0945560559630394,0.5932705402374268,1.6480419635772705,1.4655060768127441,0.6440529823303223,1.3490302562713623,0.6195303201675415,0.9556597471237183,0.018259653821587563,0.141107976436615,0.4567921459674835,0.2579185366630554,0.9923830032348633,0.07831764221191406,0.8854607343673706,1.0112553834915161,0.9322537183761597,0.8821417689323425,0.4159550070762634,0.7092388272285461,1.2555289268493652,0.6722658276557922,0.11976012587547302,0.7117151021957397,0.17847192287445068,0.27163997292518616,0.8879861831665039,0.3181832432746887,0.6315987706184387,1.135894775390625,0.10565229505300522,0.016675103455781937,0.9653779864311218,0.5950060486793518,0.9705725908279419,0.15762458741664886
0.47076597809791565,0.9866594076156616,0.18471193313598633,0.5183578133583069,0.08862410485744476,1.6263396739959717,0.821780264377594,5.031611919403076,1.2896045446395874,0.44974493980407715,0.431914746761322,0.012222949415445328,0.1332193911075592,0.00039999998989515007,1.4136779308319092,0.5509457588195801,0.1246262639760971,2.796187400817871,0.8960074782371521,0.1101231649518013,1.308330774307251,0.09949906915426254,0.17088651657104492,1.543461561203003,1.0206327438354492,0.5731127262115479,0.6038474440574646,0.746013343334198,0.691110372543335,0.5100348591804504,0.8367985486984253,1.0846571922302246,0.26002806425094604,1.5263005495071411,0.4572417438030243,0.3292171359062195,0.8192017078399658,0.11949567496776581,0.9512662887573242,0.10667381435632706,0.6934131383895874,0.8613508939743042,0.7947412133216858,0.4872903823852539,0.42075052857398987,0.18891429901123047,0.006887571420520544,1.5072195529937744,0.17407089471817017,0.08815006166696548,0.4504373371601105,0.17410814762115479,0.525222897529602,1.0730453729629517,0.32798856496810913,0.43725302815437317,0.923615038394928
0.698455810546875,0.9037203192710876,0.568400502204895,0.47073251008987427,0.41029906272888184,1.2542587518692017,0.06922747939825058,5.160431861877441,0.936737596988678,0.23625686764717102,0.3874273896217346,0.42564457654953003,0.14396634697914124,0.00039999998989515007,1.0903286933898926,0.8059307336807251,0.23216088116168976,2.9864253997802734,0.8830615878105164,0.06811978667974472,1.4677388668060303,0.16164883971214294,0.4913230240345001,1.201316237449646,1.3271620273590088,0.8316142559051514,0.3998032212257385,0.7632160782814026,0.8432540893554688,0.13143779337406158,0.3073996901512146,0.6630111336708069,0.18307842314243317,1.3416945934295654,0.42320549488067627,0.6093928813934326,0.6780943274497986,0.11599723994731903,0.9521080255508423,0.6551054120063782,0.09710144251585007,0.5639029741287231,0.8909607529640198,0.06086016446352005,0.9207653403282166,0.547624409198761,0.34252315759658813,1.5245734453201294,0.5645599961280823,0.4552915692329407,0.7814497947692871,0.23678867518901825,0.17896808683872223,1.1512683629989624,0.7866300940513611,0.3841683268547058,0.4418369233608246
0.7631105780601501,0.8984155058860779,0.6961356997489929,0.42241019010543823,0.5378230214118958,1.1225690841674805,0.17423281073570251,5.102564334869385,0.8967012166976929,0.35564130544662476,0.500922441482544,0.47346240282058716,0.17541956901550293,0.00039999998989515007,0.8834190964698792,0.7295215725898743,0.356236070394516,3.1672980785369873,0.8495823740959167,0.1952650547027588,1.5013452768325806,0.22761571407318115,0.46606817841529846,1.1584563255310059,1.3933689594268799,0.854739248752594,0.20344440639019012,0.658710241317749,0.995310366153717,0.1592048704624176,0.2173740714788437,0.7361907362937927,0.11677338182926178,1.3027117252349854,0.3873721659183502,0.5763473510742188,0.5516500473022461,0.12050198018550873,0.7811793088912964,0.8006684184074402,0.0410151407122612,0.3099045753479004,0.8687408566474915,0.01071876846253872,0.9166903495788574,0.4843815863132477,0.26811298727989197,1.4170866012573242,0.47713419795036316,0.5734905004501343,0.8631045818328857,0.4019547700881958,0.05428868159651756,1.167984127998352,0.9188036322593689,0.37936273217201233,0.4412456750869751
0.8414908647537231,0.950481116771698,0.5435718894004822,0.40067219734191895,0.44708868861198425,1.091867208480835,0.07704644650220871,5.096441268920898,0.8427494764328003,0.23314937949180603,0.4253228008747101,0.36156633496284485,0.1489122211933136,0.00039999998989515007,0.9643559455871582,0.7755271196365356,0.3635564148426056,3.0837974548339844,0.8289492130279541,0.21849074959754944,1.6089903116226196,0.09482736885547638,0.40440961718559265,1.2910330295562744,1.3990967273712158,0.7673829197883606,0.341621994972229,0.7436308264732361,1.016098141670227,0.22101084887981415,0.2617819309234619,0.7955489754676819,0.05697567015886307,1.3656011819839478,0.22875924408435822,0.518260657787323,0.6126630902290344,0.20640602707862854,0.9015401601791382,0.6828868985176086,0.13528041541576385,0.5207322239875793,0.8914847373962402,0.10040311515331268,0.7848442792892456,0.4271616041660309,0.21955598890781403,1.3787524700164795,0.4710811972618103,0.48254823684692383,0.8618682622909546,0.24334368109703064,0.0914900004863739,1.2853935956954956,0.8179735541343689,0.4351497292518616,0.5515906810760498
0.7165030241012573,0.9454010128974915,0.6059063673019409,0.42953813076019287,0.44812676310539246,1.2146117687225342,0.04866205155849457,5.0726704597473145,0.9588720202445984,0.21749050915241241,0.4820493757724762,0.4255434274673462,0.0974205881357193,0.00039999998989515007,0.9804487824440002,0.7794995307922363,0.3649347126483917,3.073704481124878,0.8207080364227295,0.11332125216722488,1.5566929578781128,0.18609698116779327,0.39138248562812805,1.3141077756881714,1.421329140663147,0.8062188625335693,0.34885314106941223,0.6897356510162354,0.9690136909484863,0.20537875592708588,0.2765994668006897,0.783397376537323,0.17896997928619385,1.335723876953125,0.3692972660064697,0.5433489084243774,0.670127809047699,0.17636124789714813,0.846991240978241,0.7341809272766113,0.1927473247051239,0.4753030240535736,0.8522818088531494,0.04681883007287979,0.8660098314285278,0.41078537702560425,0.26058289408683777,1.4646979570388794,0.42259153723716736,0.5494705438613892,0.828513503074646,0.29004818201065063,0.10299741476774216,1.1741609573364258,0.8243123888969421,0.40967151522636414,0.5257013440132141
1.0173377990722656,1.2451410293579102,0.667458713054657,0.28847792744636536,0.11412069946527481,1.0180903673171997,0.22145125269889832,4.9213457107543945,1.1184004545211792,0.4873834550380707,0.31763529777526855,0.3474733233451843,0.08674809336662292,0.00039999998989515007,1.2049891948699951,0.7368672490119934,0.5918897986412048,2.923513174057007,0.8637254238128662,0.2184218019247055,1.8202612400054932,0.11194290220737457,0.21191835403442383,1.5064611434936523,1.246517539024353,0.6669493317604065,0.37266483902931213,0.42796802520751953,1.2293709516525269,0.0419573150575161,0.0019975604955106974,1.136234164237976,0.038094572722911835,1.355623483657837,0.34599602222442627,0.5527978539466858,0.6738412380218506,0.395546555519104,0.822733461856842,0.8028830289840698,0.29038527607917786,0.46311432123184204,0.7521047592163086,0.24167895317077637,0.4740731120109558,0.43909403681755066,0.37280747294425964,1.2533245086669922,0.15154321491718292,0.8123732209205627,0.9127486348152161,0.40126052498817444,0.09053503721952438,0.976340115070343,1.0251224040985107,0.0005552375223487616,0.3893979787826538
0.7919183969497681,0.6891646981239319,0.9541034698486328,0.41440829634666443,0.11197119951248169,1.1384050846099854,0.03719540312886238,4.739706993103027,0.23913753032684326,0.9177642464637756,0.5233114957809448,0.7753963470458984,0.3136617839336395,0.00039999998989515007,1.0107651948928833,1.0815205574035645,0.11214248090982437,2.4040639400482178,0.7268674373626709,0.3014889657497406,1.6562073230743408,0.04616181552410126,0.03091026097536087,0.8836909532546997,1.2877328395843506,1.0759856700897217,0.06583152711391449,0.42860472202301025,0.4320744276046753,0.00976068526506424,0.12174280732870102,0.6037961840629578,0.18305839598178864,1.0646108388900757,0.38058343529701233,1.0107126235961914,1.2048794031143188,0.5462307929992676,0.8924089074134827,1.4977689981460571,0.31672269105911255,0.352256715297699,0.771301805973053,0.16200795769691467,1.040149211883545,1.0329476594924927,0.893549919128418,1.0992194414138794,0.8581725358963013,0.6930726170539856,0.9564033150672913,0.505397617816925,0.11833857744932175,0.9376989006996155,1.6522880792617798,0.24800969660282135,0.5873396992683411
0.8413369655609131,0.9657220840454102,0.3561325967311859,0.3981323540210724,0.5758461952209473,1.1161706447601318,0.017673669382929802,4.921086311340332,1.06450617313385,0.028424274176359177,0.2829160988330841,0.1691586971282959,0.1972649246454239,0.00039999998989515007,1.1793479919433594,0.7846202254295349,0.39140090346336365,3.023601770401001,0.9594157934188843,0.4429944157600403,1.4769130945205688,0.0736725851893425,0.688484787940979,1.15694260597229,1.2637057304382324,0.7523537874221802,0.49973103404045105,0.980125904083252,1.0676294565200806,0.23552970588207245,0.47562703490257263,0.6779852509498596,0.022143365815281868,1.5129456520080566,0.15183354914188385,0.4353317320346832,0.326370507478714,0.06613156944513321,1.1290251016616821,0.33973413705825806,0.15851329267024994,0.7293087840080261,1.0591520071029663,0.06773050874471664,0.8252180218696594,0.4271697700023651,0.03142841160297394,1.4232542514801025,0.724109411239624,0.2975185215473175,0.8319414258003235,0.08613840490579605,0.18585403263568878,1.4776588678359985,0.5125707983970642,0.6283958554267883,0.4322994649410248
0.8635088205337524,0.9806569814682007,0.5693931579589844,0.40177425742149353,0.45226940512657166,1.1486611366271973,0.12369916588068008,4.969615459442139,0.9167857766151428,0.25483983755111694,0.4323890805244446,0.3862886428833008,0.1588437557220459,0.00039999998989515007,1.02313232421875,0.7746724486351013,0.4101998209953308,3.0063862800598145,0.8686672449111938,0.2313263714313507,1.63636314868927,0.13652488589286804,0.4257299304008484,1.3079193830490112,1.4236739873886108,0.7989600300788879,0.3282979428768158,0.7706093192100525,1.0385512113571167,0.23447386920452118,0.27755609154701233,0.8132022619247437,0.05628294125199318,1.3989157676696777,0.24010330438613892,0.5030041933059692,0.5841379165649414,0.1710517555475235,0.950810968875885,0.6721660494804382,0.13999687135219574,0.5289759039878845,0.9257931113243103,0.08693886548280716,0.8142127394676208,0.41411763429641724,0.18645472824573517,1.4409127235412598,0.5181884169578552,0.488898366689682,0.8602204322814941,0.24296142160892487,0.07841280847787857,1.2973015308380127,0.8191461563110352,0.4464830756187439,0.5441258549690247
0.6990674138069153,0.9943466186523438,0.3822518587112427,0.40576255321502686,0.5339829921722412,1.1909615993499756,0.019256029278039932,4.9360270500183105,1.158522367477417,0.06002182886004448,0.3188767433166504,0.168565034866333,0.10141009837388992,0.00039999998989515007,1.2094920873641968,0.8163541555404663,0.41432541608810425,3.0748541355133057,0.8835532069206238,0.3462550938129425,1.4582451581954956,0.15274615585803986,0.6545064449310303,1.2545411586761475,1.3053416013717651,0.7210029363632202,0.5838926434516907,0.9300951361656189,1.030516505241394,0.22858193516731262,0.4751933515071869,0.7362895607948303,0.17284666001796722,1.4776251316070557,0.23160310089588165,0.4164833724498749,0.4313574731349945,0.11339687556028366,1.0581836700439453,0.4174788296222687,0.2946353852748871,0.7453742623329163,1.0098506212234497,0.028939999639987946,0.8432305455207825,0.3431445062160492,0.08017651736736298,1.4704065322875977,0.5779434442520142,0.3799784183502197,0.8117362856864929,0.11197677254676819,0.18260283768177032,1.367388129234314,0.504860520362854,0.6197481751441956,0.4215828478336334
1.0080486536026,1.0233992338180542,0.5065656304359436,0.3785528838634491,0.3374388813972473,1.0110492706298828,0.3279617428779602,4.808706283569336,0.6375112533569336,0.06730134785175323,0.6176311373710632,0.3428976535797119,0.05106005445122719,0.00039999998989515007,0.6600363850593567,0.7051575183868408,0.46081283688545227,3.2559468746185303,0.5726202130317688,0.007956164889037609,1.8031747341156006,0.24521920084953308,0.3496166169643402,1.654126524925232,1.7196156978607178,0.7298566699028015,0.434664785861969,0.7421759366989136,0.8162434697151184,0.271715372800827,0.008879406377673149,0.722486138343811,0.200184628367424,1.1994723081588745,0.11569792032241821,0.36724892258644104,0.8271776437759399,0.26569098234176636,0.7515745162963867,0.615867018699646,0.09781172126531601,0.773052453994751,0.7247581481933594,0.18650710582733154,0.7987494468688965,0.04662005975842476,0.07464764267206192,1.4191187620162964,0.3866477906703949,0.4958501160144806,0.7383594512939453,0.09603334963321686,0.06736313551664352,1.3758158683776855,0.6180382966995239,0.8152852058410645,0.7047320008277893
0.2508666217327118,0.604035496711731,0.3687174618244171,0.19178085029125214,0.8587701320648193,1.402681589126587,0.04829607158899307,4.775613784790039,1.6288005113601685,0.19152086973190308,0.269649863243103,0.2662200629711151,0.04495977610349655,0.00039999998989515007,0.7979369163513184,0.6136443018913269,0.7284280061721802,3.1036834716796875,1.093848705291748,0.5905951261520386,0.9677403569221497,0.08939727395772934,0.49004000425338745,0.9794200658798218,1.3677074909210205,0.6797580718994141,0.2821812629699707,0.2962368428707123,1.665839672088623,0.30834609270095825,0.8980491757392883,0.713854193687439,0.37737709283828735,1.2082990407943726,0.40568357706069946,0.5335453748703003,0.20126016438007355,0.03220391273498535,0.35704976320266724,1.4502748250961304,0.7983199954032898,0.15837791562080383,0.8392996191978455,0.5296396613121033,1.0063470602035522,0.6386173367500305,0.5971744060516357,1.0721443891525269,0.14076469838619232,0.9430840611457825,1.0671017169952393,0.6242238283157349,0.15349404513835907,1.1535102128982544,0.7701879739761353,0.0671892911195755,0.42734724283218384
0.7838890552520752,0.9890417456626892,0.7057298421859741,0.44475945830345154,0.43734705448150635,1.2376048564910889,0.19320523738861084,4.930083274841309,0.9724181890487671,0.3169541358947754,0.5453454256057739,0.47521907091140747,0.13399332761764526,0.00039999998989515007,1.0255639553070068,0.7518534660339355,0.38782137632369995,2.997124671936035,0.8497768044471741,0.1314186304807663,1.6134766340255737,0.23883433640003204,0.39159443974494934,1.3013818264007568,1.4332890510559082,0.8747482299804688,0.2562188506126404,0.6999750733375549,0.948816180229187,0.22844675183296204,0.2355603128671646,0.8350498676300049,0.12422574311494827,1.3669157028198242,0.3784744143486023,0.5425765514373779,0.6388413906097412,0.14799700677394867,0.8884965777397156,0.7468690872192383,0.12093076854944229,0.44420716166496277,0.8892616629600525,0.08898936212062836,0.886144757270813,0.398812860250473,0.1961141675710678,1.506782054901123,0.5147554278373718,0.542481005191803,0.8309733271598816,0.31217828392982483,0.09998463094234467,1.1800206899642944,0.9259912967681885,0.4159754812717438,0.5406936407089233
0.8121123313903809,0.7815616130828857,0.5720773339271545,0.42093363404273987,0.439453661441803,0.9896987676620483,0.20741333067417145,4.853094577789307,0.45681923627853394,0.09998998790979385,0.8537010550498962,0.445963591337204,0.16064278781414032,0.00039999998989515007,0.7199323773384094,0.7353965640068054,0.26909035444259644,3.2079365253448486,0.6221286058425903,0.08605135232210159,1.812669038772583,0.0561894066631794,0.1996040642261505,1.2908291816711426,1.639339804649353,0.7838008403778076,0.2963967025279999,0.8369240760803223,0.6772898435592651,0.3405870795249939,0.240671306848526,0.7315112352371216,0.06712627410888672,1.2429310083389282,0.054903678596019745,0.5257578492164612,0.8616929650306702,0.37568140029907227,0.9377915263175964,0.8101075887680054,0.026326503604650497,0.6638246774673462,0.6677974462509155,0.25163406133651733,0.9488012790679932,0.23972806334495544,0.0718388482928276,1.2527796030044556,0.6974099278450012,0.28872573375701904,0.8125545382499695,0.1228572428226471,0.22841483354568481,1.3386415243148804,0.8435189127922058,0.8167949318885803,0.9256183505058289
1.5726953744888306,0.9764809608459473,0.5036345720291138,0.03378310799598694,0.47150611877441406,0.33947741985321045,0.8430554866790771,4.461852550506592,0.6526326537132263,0.30924633145332336,0.5434760451316833,0.5234045386314392,0.17857006192207336,0.00039999998989515007,0.7050860524177551,0.3741653859615326,0.7264071702957153,3.0955758094787598,0.9038460850715637,0.26192140579223633,2.1607041358947754,0.08760711550712585,0.38659828901290894,1.3051649332046509,1.5571180582046509,0.30935025215148926,0.2668498456478119,1.1864227056503296,1.3434401750564575,0.14204981923103333,0.37098369002342224,1.0280451774597168,0.019504601135849953,1.3014891147613525,0.11189964413642883,0.02703123912215233,0.04961364343762398,0.1023443266749382,1.3651273250579834,0.26822370290756226,0.40864166617393494,0.2993987202644348,0.6091242432594299,0.42832276225090027,0.5096307992935181,0.08900570124387741,0.41428250074386597,1.6734684705734253,0.6331504583358765,0.4644004702568054,0.7411429286003113,0.2833852171897888,0.04512229934334755,1.165865421295166,0.5952606201171875,0.8285096883773804,0.3355773687362671
0.7352593541145325,1.0119496583938599,0.628747284412384,0.4752998948097229,0.3953835070133209,1.304811954498291,0.2021406590938568,4.956063270568848,1.1583895683288574,0.3098301589488983,0.36780309677124023,0.5013405084609985,0.17725349962711334,0.00039999998989515007,1.2075319290161133,0.7890366911888123,0.33506566286087036,2.8926477432250977,0.9118318557739258,0.07164644449949265,1.5165512561798096,0.2876395881175995,0.5807121396064758,1.2438594102859497,1.3599166870117188,0.8676401376724243,0.42987290024757385,0.8162559866905212,0.928993284702301,0.11690113693475723,0.288071870803833,0.7096039652824402,0.23556748032569885,1.3573009967803955,0.45798546075820923,0.5695542693138123,0.5695192813873291,0.011348087340593338,1.018012285232544,0.5997311472892761,0.09745882451534271,0.5957465171813965,0.9364513158798218,0.015766305848956108,0.9541060924530029,0.48939478397369385,0.2738441526889801,1.6547117233276367,0.5897600650787354,0.4710509181022644,0.7568987607955933,0.23208169639110565,0.14504355192184448,1.1380006074905396,0.7703385353088379,0.4593079388141632,0.3355737626552582
0.4599190950393677,1.0870275497436523,0.612714409828186,0.5637267827987671,0.16674642264842987,1.9812647104263306,0.602666974067688,4.886383533477783,1.5261672735214233,0.03849764168262482,0.5884232521057129,0.3349057137966156,0.0534457303583622,0.00039999998989515007,1.698298692703247,0.5613073706626892,0.25872477889060974,2.5942206382751465,0.9358120560646057,0.17467793822288513,1.3221280574798584,0.27182936668395996,0.07039735466241837,1.5751707553863525,0.9596599340438843,0.7614117860794067,0.3050247132778168,0.562987208366394,0.4271901547908783,0.4029529392719269,0.5830804109573364,1.1748967170715332,0.36971524357795715,1.4510128498077393,0.8962301015853882,0.45673316717147827,0.9853028655052185,0.057416100054979324,0.8692622780799866,0.27320095896720886,0.4889599084854126,0.6528453230857849,0.7631787061691284,0.5669508576393127,0.5361872911453247,0.2703433036804199,0.11648476868867874,1.8393861055374146,0.18648579716682434,0.2820471525192261,0.25340452790260315,0.060434650629758835,0.5191953182220459,0.6230210065841675,0.698199987411499,0.20040561258792877,0.7622073292732239
0.7521490454673767,0.8673855662345886,0.7049967646598816,0.30324459075927734,0.5116118788719177,1.2798908948898315,0.2647629976272583,4.97507905960083,1.2226064205169678,0.7176065444946289,0.3199077844619751,0.2993556559085846,0.2992388904094696,0.00039999998989515007,1.3924729824066162,0.46203356981277466,0.39232271909713745,3.01401686668396,1.1097661256790161,0.439932644367218,1.0324251651763916,0.13893690705299377,0.8685579299926758,1.0244709253311157,1.1913204193115234,0.9390422701835632,0.0785844549536705,0.5884464979171753,1.0156378746032715,0.011964133009314537,0.43767035007476807,0.8743360042572021,0.28042787313461304,1.2891284227371216,0.7166735529899597,0.3299310505390167,0.408432275056839,0.1966833621263504,0.8810878396034241,1.0602803230285645,0.0472843162715435,0.08914867043495178,0.8309119343757629,0.12125707417726517,0.8317268490791321,0.6480118632316589,0.6819733381271362,1.6060192584991455,0.3677845299243927,0.6491947174072266,1.0784683227539062,0.6590453386306763,0.002829695586115122,0.8647366166114807,0.8892821073532104,0.272811621427536,0.22533857822418213
0.9474306702613831,1.1622521877288818,0.7137041687965393,0.32967954874038696,0.2423461675643921,1.175748586654663,0.3609009087085724,4.935337543487549,1.2679319381713867,0.5164542198181152,0.3608105480670929,0.4659828543663025,0.13791345059871674,0.00039999998989515007,1.135959267616272,0.7059250473976135,0.5460056662559509,2.9216110706329346,0.9431113600730896,0.24156750738620758,1.6438759565353394,0.3306322395801544,0.41883090138435364,1.3857530355453491,1.3028544187545776,0.7548624277114868,0.27406617999076843,0.5971392393112183,1.1794934272766113,0.09252460300922394,0.07548948377370834,0.9912481307983398,0.15068501234054565,1.363968014717102,0.4378207325935364,0.48231539130210876,0.46270573139190674,0.10802727937698364,0.8594043254852295,0.7165353894233704,0.10025064647197723,0.3781780004501343,0.8801350593566895,0.09923231601715088,0.687472403049469,0.41872647404670715,0.2532697021961212,1.5820164680480957,0.30379852652549744,0.7268709540367126,0.7763429880142212,0.41795825958251953,0.03365761786699295,1.0440539121627808,0.9460355639457703,0.19010044634342194,0.271740198135376
1.0390660762786865,1.0664869546890259,0.660800576210022,0.2525765597820282,0.2555440366268158,1.121146321296692,0.4348466396331787,4.914895534515381,0.6816898584365845,0.38919302821159363,0.20762251317501068,0.7655693888664246,0.17483797669410706,0.00039999998989515007,1.0306602716445923,0.8648326992988586,0.3419843316078186,2.9365875720977783,0.5920170545578003,0.2665208876132965,1.8105998039245605,0.3382817506790161,0.38895711302757263,1.4442309141159058,1.5785950422286987,0.48271986842155457,0.6983506083488464,1.014076590538025,1.0172655582427979,0.03868427500128746,0.1585027575492859,0.7267976999282837,0.42701682448387146,1.1750714778900146,0.38863277435302734,0.3110664188861847,0.8406396508216858,0.13326212763786316,1.12510085105896,0.6584754586219788,0.09845761954784393,0.7632865905761719,0.7020928859710693,0.01741810515522957,0.7118756771087646,0.262848436832428,0.5649237632751465,1.6200913190841675,0.19114656746387482,0.6045777797698975,0.7210847735404968,0.2310982495546341,0.11125503480434418,0.9491851925849915,0.6754161715507507,0.5020041465759277,0.23032359778881073
1.1853681802749634,0.9359939694404602,0.49151936173439026,0.3196467161178589,0.6373028755187988,0.9056602716445923,0.3389047682285309,4.820202350616455,0.7239539623260498,0.32410046458244324,0.4574931263923645,0.3034738004207611,0.3324466943740845,0.00039999998989515007,0.8617679476737976,0.7079008221626282,0.47082605957984924,3.0442888736724854,0.9348424673080444,0.5593626499176025,1.6648011207580566,0.04307388514280319,0.5190715193748474,1.068819522857666,1.3272628784179688,0.8395757079124451,0.17348209023475647,0.9231802821159363,1.1643967628479004,0.4057080149650574,0.2953824996948242,0.7450243830680847,0.2769923806190491,1.4822676181793213,0.023233382031321526,0.40323370695114136,0.24037793278694153,0.09790407866239548,1.0698777437210083,0.49411436915397644,0.114456407725811,0.4887041747570038,1.0148155689239502,0.17644785344600677,0.7441105246543884,0.40496987104415894,0.09453874826431274,1.1905688047409058,0.8023281693458557,0.2926924228668213,0.9405336976051331,0.15305088460445404,0.07941888272762299,1.640207290649414,0.7863136529922485,0.5984969735145569,0.6395366787910461
0.9776622653007507,1.1432627439498901,0.6803603172302246,0.3313561677932739,0.271668940782547,1.1991485357284546,0.2868167757987976,4.919346332550049,1.2083295583724976,0.467615008354187,0.38966190814971924,0.3722020387649536,0.13703805208206177,0.00039999998989515007,1.1204204559326172,0.7495150566101074,0.5645729899406433,2.902554750442505,0.9823978543281555,0.3409077227115631,1.6360145807266235,0.3568919599056244,0.44888627529144287,1.4182422161102295,1.3109060525894165,0.798488438129425,0.20016545057296753,0.6127086281776428,1.1115391254425049,0.1860610842704773,0.09217976778745651,0.9382210373878479,0.06197609752416611,1.4143550395965576,0.3722163140773773,0.4715486466884613,0.42279401421546936,0.128496453166008,0.8619210720062256,0.6225442290306091,0.038381174206733704,0.38100987672805786,0.9504857063293457,0.12439863383769989,0.7098605632781982,0.39292240142822266,0.11412766575813293,1.625167965888977,0.41707977652549744,0.6798350811004639,0.7523064613342285,0.37928783893585205,0.025591516867280006,1.124144434928894,0.9193368554115295,0.24792052805423737,0.32457733154296875
0.23614229261875153,0.9322609305381775,0.7174383401870728,0.4973852038383484,0.3373449444770813,2.12849760055542,0.5952661037445068,4.891097545623779,1.2057570219039917,0.11653169244527817,0.7135958075523376,0.4833720326423645,0.014949613250792027,0.00039999998989515007,1.7834213972091675,0.563488245010376,0.2909924387931824,2.433077573776245,0.9907883405685425,0.37165483832359314,1.2964154481887817,0.3536761701107025,0.003000871744006872,1.6972754001617432,1.1115483045578003,0.8155888319015503,0.4800180494785309,0.27509891986846924,0.2676243782043457,0.3150425851345062,0.5096409320831299,1.062695860862732,0.494128942489624,1.283770203590393,1.0517578125,0.5825743079185486,1.3054523468017578,0.1363348662853241,0.6882837414741516,0.582996666431427,0.5708812475204468,0.7197784781455994,0.5134152770042419,0.4741474986076355,0.6672053337097168,0.45297709107398987,0.5214105844497681,1.5672696828842163,0.07212717831134796,0.40521010756492615,0.42030176520347595,0.1220482885837555,0.6489538550376892,0.30717772245407104,0.7457305192947388,0.20859917998313904,0.817428708076477
0.9772980809211731,0.8871858716011047,1.1450806856155396,0.23659029603004456,0.13939225673675537,1.0328789949417114,0.4781178832054138,4.722704887390137,0.7149319052696228,1.2930047512054443,0.34229835867881775,0.6944761872291565,0.4599168300628662,0.00039999998989515007,1.261022686958313,0.8870546817779541,0.1529187709093094,2.921848773956299,0.7008312940597534,0.04754386842250824,1.4641368389129639,0.009461216628551483,0.014534033834934235,0.8037181496620178,0.9207172393798828,0.8602635860443115,0.23955649137496948,0.08862422406673431,0.9807908535003662,0.05558303743600845,0.07948938757181168,0.9226797223091125,0.19277091324329376,0.9380736947059631,0.5975980162620544,0.9622974991798401,0.85826176404953,0.5142387747764587,0.47241127490997314,1.6274033784866333,0.05719578266143799,0.1556340605020523,0.6206539869308472,0.15057747066020966,0.6034073829650879,1.0783259868621826,1.0568040609359741,0.6486676335334778,0.07914154976606369,0.9294867515563965,1.0376250743865967,0.8896608352661133,0.058887314051389694,0.510495662689209,1.795375943183899,0.5011138319969177,0.26893341541290283
0.5665090084075928,0.6836984753608704,0.2881424129009247,0.5123372077941895,0.6184895634651184,1.5896178483963013,0.20495443046092987,5.017352104187012,1.0851492881774902,0.002286908682435751,0.4599732458591461,0.012982379645109177,0.3182756006717682,0.00039999998989515007,1.4009289741516113,0.7329205870628357,0.13822773098945618,3.005145311355591,0.9848191142082214,0.5687267780303955,1.2322684526443481,0.4484357535839081,0.5134758353233337,0.954298198223114,0.9158901572227478,1.0574150085449219,0.1793627142906189,0.6661819815635681,0.8157931566238403,0.5115908980369568,0.8558967709541321,0.6477290987968445,0.0066321836784482,1.4331611394882202,0.17413067817687988,0.6182686686515808,0.42198991775512695,0.15301667153835297,0.7734668850898743,0.6759487986564636,0.4007042944431305,0.7370335459709167,1.145437479019165,0.11603610217571259,0.7417212724685669,0.5982738733291626,0.06504229456186295,1.100749135017395,0.818202793598175,0.019874421879649162,1.0059069395065308,0.1777404397726059,0.4356759190559387,1.4360600709915161,0.9014508128166199,0.4570144712924957,0.7634878754615784
0.6304559111595154,1.0435148477554321,0.6632413268089294,0.4955434203147888,0.3257009983062744,1.2470588684082031,0.2814214825630188,5.140978813171387,1.2900829315185547,0.4622959792613983,0.36149418354034424,0.5427780151367188,0.24987365305423737,0.00039999998989515007,1.232531189918518,0.8222220540046692,0.26448333263397217,3.0291831493377686,0.8343855738639832,0.02257641591131687,1.432796835899353,0.15508389472961426,0.5546121001243591,1.136063575744629,1.1970502138137817,0.8971219658851624,0.4473910629749298,0.6691341400146484,0.9703348278999329,0.1142449676990509,0.3124088644981384,0.7304186224937439,0.2570804953575134,1.2304377555847168,0.5200383067131042,0.7055783867835999,0.5360492467880249,0.017638089135289192,0.8840121626853943,0.6959243416786194,0.1248675212264061,0.5984364748001099,0.8531910181045532,0.028004001826047897,0.9046207070350647,0.620200514793396,0.411906898021698,1.4257224798202515,0.4898110628128052,0.48737597465515137,0.8190246224403381,0.2754436135292053,0.21070286631584167,1.061447262763977,0.9174010157585144,0.3833610713481903,0.2955974042415619
1.083775520324707,0.8347370028495789,0.7092646956443787,0.1951470673084259,0.6468489766120911,0.7613030672073364,0.7164024114608765,4.901025295257568,0.6462857723236084,0.42867743968963623,0.6808522939682007,0.6269498467445374,0.2583414316177368,0.00039999998989515007,0.7069467306137085,0.48708757758140564,0.45872849225997925,3.385632038116455,0.7688312530517578,0.11654181778430939,1.6129662990570068,0.254549115896225,0.6858083009719849,1.173862338066101,1.6147308349609375,0.6378365159034729,0.11485019326210022,1.0822678804397583,0.9953237175941467,0.006657222751528025,0.0871768668293953,0.745741069316864,0.33403390645980835,1.16959810256958,0.34376460313796997,0.053559016436338425,0.27048584818840027,0.11826584488153458,1.0919218063354492,0.5720932483673096,0.38495367765426636,0.24334512650966644,0.5955986380577087,0.06967977434396744,0.8446996808052063,0.06794886291027069,0.008120367303490639,1.7630126476287842,0.5488585829734802,0.4481849670410156,0.8423765301704407,0.43603527545928955,0.04283155873417854,0.9915315508842468,0.6303250789642334,0.6888494491577148,0.3305053412914276
1.1497315168380737,0.8599419593811035,0.4852856993675232,0.31608954071998596,0.6461151242256165,0.961953341960907,0.22792713344097137,4.9029083251953125,0.7145776748657227,0.3604421019554138,0.4823431372642517,0.30118611454963684,0.3735676407814026,0.00039999998989515007,0.8685527443885803,0.7111865878105164,0.3871389329433441,3.0600786209106445,0.9551487565040588,0.5756204128265381,1.5811915397644043,0.10930321365594864,0.5189831256866455,0.9918490648269653,1.27824068069458,0.8650389909744263,0.10104819387197495,0.9097453951835632,1.1073083877563477,0.45426568388938904,0.3611883521080017,0.7213613390922546,0.29660096764564514,1.472873330116272,0.0049422429874539375,0.4201285243034363,0.22718527913093567,0.0660034567117691,1.0486676692962646,0.5463585257530212,0.14122697710990906,0.453514039516449,1.0226775407791138,0.18874505162239075,0.7488033771514893,0.46338286995887756,0.05341983586549759,1.1521581411361694,0.8340509533882141,0.24991020560264587,0.939283549785614,0.1755346655845642,0.11355089396238327,1.6446808576583862,0.8301015496253967,0.5492243766784668,0.6843123435974121
0.568636417388916,1.3730138540267944,0.6199776530265808,0.5991473197937012,0.32871127128601074,1.036653995513916,0.5728477239608765,4.662292957305908,1.609778881072998,0.24321740865707397,0.14848312735557556,0.07202225923538208,0.1537347286939621,0.00039999998989515007,1.7021512985229492,1.1911420822143555,0.8432038426399231,3.029629945755005,0.7945442795753479,0.17593741416931152,1.4296694993972778,0.5399035811424255,1.0946166515350342,1.460598349571228,1.010326862335205,1.0763126611709595,0.6718171238899231,0.411399245262146,0.6635427474975586,0.0009988895617425442,0.02836146019399166,0.4419516623020172,0.2112635374069214,1.2185732126235962,0.47379815578460693,0.9430869221687317,0.44988784193992615,0.3053269386291504,0.7616480588912964,0.14669886231422424,0.1954851746559143,0.8505938649177551,1.0083979368209839,0.047018010169267654,0.9934730529785156,0.4206223487854004,0.10597997903823853,1.584755539894104,0.8096331357955933,0.582136869430542,0.8371045589447021,0.23157306015491486,0.24127912521362305,0.8590474724769592,0.6566031575202942,0.6345303654670715,0.2189573496580124
1.2455425262451172,1.0564887523651123,0.5623655915260315,0.15682901442050934,0.38623207807540894,0.9572981595993042,0.35059669613838196,4.835562705993652,0.5305553078651428,0.4537006616592407,0.16539637744426727,0.6554436683654785,0.25544384121894836,0.00039999998989515007,0.8352553844451904,0.9850479364395142,0.45575398206710815,2.929638624191284,0.6874875426292419,0.09787663072347641,1.8722800016403198,0.3360092043876648,0.4286491572856903,1.423689842224121,1.6089831590652466,0.4732838273048401,0.5522988438606262,1.0921070575714111,1.1968072652816772,0.10213018208742142,0.14242467284202576,0.5739325284957886,0.145084410905838,1.2694084644317627,0.1024385616183281,0.3002219498157501,0.5299660563468933,0.22436952590942383,1.1331102848052979,0.5910825133323669,0.08225477486848831,0.6869372725486755,0.8869339823722839,0.026665518060326576,0.6974478960037231,0.3196556270122528,0.3391103148460388,1.5669764280319214,0.33176863193511963,0.6371839642524719,0.7144383192062378,0.1784454733133316,0.31143370270729065,1.2014763355255127,0.710204005241394,0.6251364350318909,0.27183178067207336
0.5824122428894043,1.0589748620986938,0.44143930077552795,0.4743930697441101,0.01587929204106331,1.657490849494934,0.5634521245956421,4.994324207305908,1.209309697151184,0.16725710034370422,0.6037947535514832,0.1853669434785843,0.035987161099910736,0.00039999998989515007,1.3958207368850708,0.6667810678482056,0.021810954436659813,2.8344972133636475,0.7724305987358093,0.00934236403554678,1.506238341331482,0.00568236131221056,0.049167223274707794,1.6707146167755127,1.1559984683990479,0.6739548444747925,0.38783106207847595,0.6703953742980957,0.6257948875427246,0.6139518618583679,0.5586714744567871,1.1715503931045532,0.22800631821155548,1.439487099647522,0.47284430265426636,0.3394258916378021,0.9110004305839539,0.21190953254699707,0.8642353415489197,0.32763373851776123,0.5462521314620972,0.7514036893844604,0.7708560824394226,0.5029322504997253,0.43099960684776306,0.11146579682826996,0.0003593866713345051,1.5458070039749146,0.17916978895664215,0.23207154870033264,0.5002209544181824,0.023078853264451027,0.3846493661403656,0.9866682291030884,0.6568438410758972,0.41464149951934814,0.9675902128219604
0.7316681146621704,0.8771833181381226,0.5755448937416077,0.3710480332374573,0.6304821968078613,1.0620367527008057,0.2083900272846222,5.008185863494873,0.844456672668457,0.29595962166786194,0.3566647171974182,0.38141384720802307,0.2926434576511383,0.00039999998989515007,1.1180928945541382,0.8970898985862732,0.3588291108608246,3.3598034381866455,0.6327710747718811,0.16137154400348663,1.5239043235778809,0.16704824566841125,0.4468937814235687,1.084965467453003,1.3340435028076172,0.7638033032417297,0.4412599205970764,0.6851004958152771,1.1231361627578735,0.40782514214515686,0.42841219902038574,0.7726628184318542,0.1242104098200798,1.1881431341171265,0.22177629172801971,0.617717981338501,0.6890060305595398,0.27480289340019226,0.8085368871688843,1.0273138284683228,0.45439058542251587,0.5056517124176025,0.8043999075889587,0.04805922880768776,0.7871922254562378,0.509028971195221,0.5021045804023743,0.9105616807937622,0.31229525804519653,0.46035483479499817,1.1327331066131592,0.323006272315979,0.03274672105908394,1.214887022972107,0.9547174572944641,0.44704392552375793,0.5880229473114014
0.28620946407318115,1.0791852474212646,0.6491541862487793,0.708005964756012,0.7929648756980896,1.0139927864074707,0.45183002948760986,4.6444244384765625,1.3085438013076782,0.048350196331739426,0.27310121059417725,0.09492523223161697,0.22699902951717377,0.00039999998989515007,1.5698224306106567,1.3599909543991089,0.6350061297416687,3.265061140060425,0.5668540000915527,0.025396039709448814,1.3013792037963867,0.25043851137161255,1.0857939720153809,1.0287412405014038,1.0919792652130127,1.1875205039978027,0.7073553204536438,0.5817868113517761,0.5776261687278748,0.21128436923027039,0.32913079857826233,0.23598362505435944,0.2556847929954529,1.139331579208374,0.46158888936042786,1.0649138689041138,0.5680981278419495,0.3625316321849823,0.8152897357940674,0.4137881100177765,0.3913150429725647,0.7972975373268127,0.9645403027534485,0.21661686897277832,1.2488844394683838,0.5163461565971375,0.09137781709432602,1.225541591644287,0.9582318067550659,0.3865760564804077,1.0248202085494995,0.18113386631011963,0.2262924462556839,0.9625191688537598,0.7276073694229126,0.916338324546814,0.037176307290792465
1.0215610265731812,0.751559317111969,0.37967678904533386,0.26288649439811707,0.770509660243988,0.8153840899467468,0.11132843792438507,4.691883087158203,0.47713884711265564,0.22544851899147034,0.531459629535675,0.1498386412858963,0.3081968128681183,0.00039999998989515007,0.6957654356956482,0.8111510872840881,0.5470168590545654,3.1410560607910156,0.7821018695831299,0.6331201195716858,1.6575649976730347,0.4353926181793213,0.2868432402610779,1.0242148637771606,1.3913580179214478,0.8298814296722412,0.1389293074607849,0.7214157581329346,1.250592827796936,0.6949779391288757,0.5130164623260498,0.7719834446907043,0.39320454001426697,1.3655123710632324,0.27784934639930725,0.5038994550704956,0.417153537273407,0.37283244729042053,0.8667678236961365,0.9744828939437866,0.22811731696128845,0.4201337397098541,0.9490620493888855,0.09530297666788101,0.7047140002250671,0.4590246379375458,0.05988432466983795,0.6393166184425354,0.6742807030677795,0.336262047290802,1.2427140474319458,0.18618398904800415,0.024410944432020187,1.7788548469543457,0.9919556975364685,0.483124315738678,1.0102802515029907
0.5776939988136292,0.47950878739356995,0.47845879197120667,0.024341676384210587,1.1969246864318848,1.2839215993881226,0.0815163403749466,4.6015706062316895,1.3942084312438965,0.4471103847026825,0.2285199910402298,0.45808348059654236,0.3090343773365021,0.00039999998989515007,0.6012619733810425,0.6281445622444153,0.6383637189865112,3.323319911956787,1.1134536266326904,0.8050030469894409,0.8902127742767334,0.14612579345703125,0.6356039047241211,0.6056229472160339,1.2991809844970703,0.6161707043647766,0.07028397917747498,0.4764302372932434,1.8514961004257202,0.37856388092041016,0.8457207679748535,0.45144951343536377,0.22210268676280975,1.1670029163360596,0.3911527693271637,0.46464216709136963,0.1791919618844986,0.1466791182756424,0.3748345673084259,1.4638053178787231,0.5266817212104797,0.41875261068344116,0.8952014446258545,0.6113691329956055,1.0617148876190186,0.7404126524925232,0.5798741579055786,0.8828330636024475,0.0650181695818901,0.960474967956543,1.056322455406189,0.7429619431495667,0.42780938744544983,1.1881672143936157,0.8205791115760803,0.11969851702451706,0.2967100441455841
0.8442915678024292,0.9433016777038574,1.0552083253860474,0.39478933811187744,0.5295165777206421,1.2173396348953247,0.6258643269538879,4.53420352935791,0.6966615915298462,0.3511723279953003,0.7789989709854126,1.205944299697876,0.1521991491317749,0.00039999998989515007,0.3582460880279541,0.382888525724411,0.1880253106355667,2.9388480186462402,0.5453088879585266,0.35152289271354675,1.5669926404953003,0.9790130257606506,0.5733475685119629,1.3302870988845825,1.7904889583587646,0.7191001772880554,0.19821715354919434,1.1840988397598267,0.7277432680130005,0.0034787440672516823,0.33511608839035034,0.6411224007606506,0.6651456356048584,1.065769910812378,0.7172917127609253,0.007033021189272404,0.4555022418498993,0.4516339600086212,0.8895723819732666,0.32405713200569153,0.48495328426361084,0.27352166175842285,0.6635544300079346,0.12605462968349457,1.0213011503219604,0.1764516979455948,0.020836111158132553,2.24040150642395,0.3433530926704407,0.49732524156570435,0.3682539165019989,0.40601080656051636,0.24363288283348083,0.8110294938087463,0.5271281599998474,0.9200603365898132,0.1490022838115692
0.7861557006835938,0.7179037928581238,0.6742790937423706,0.3066258430480957,0.7935558557510376,1.0781055688858032,0.2809009850025177,4.841650009155273,0.6942554116249084,0.38807690143585205,0.44694089889526367,0.4816708564758301,0.35300660133361816,0.00039999998989515007,0.9489784836769104,0.9671741127967834,0.40148138999938965,3.4970543384552,0.754370391368866,0.2786407768726349,1.4029817581176758,0.19140848517417908,0.5981818437576294,1.0501859188079834,1.4326881170272827,0.8076142072677612,0.2538510859012604,0.6795886158943176,1.0561798810958862,0.418242484331131,0.3075902760028839,0.5579997897148132,0.19630910456180573,1.1653090715408325,0.353903591632843,0.6064261794090271,0.46311888098716736,0.16983966529369354,0.7322912216186523,1.028573989868164,0.23477931320667267,0.31651872396469116,0.9581829309463501,0.2507481276988983,0.9955734014511108,0.5240039825439453,0.3604620397090912,1.2290973663330078,0.5249192714691162,0.5939882397651672,1.000433087348938,0.48447009921073914,0.15276721119880676,1.1520321369171143,0.9378588795661926,0.5567430257797241,0.4357266426086426
0.8640318512916565,0.8640545010566711,0.6387724280357361,0.33110809326171875,0.7083254456520081,1.1411137580871582,0.22694364190101624,4.906342029571533,0.9502389430999756,0.365714430809021,0.48838531970977783,0.45226359367370605,0.2682384252548218,0.00039999998989515007,0.8773361444473267,0.8072448372840881,0.4792585074901581,3.1779093742370605,0.8798835873603821,0.38746947050094604,1.4959943294525146,0.12653787434101105,0.5490265488624573,1.081880807876587,1.4150573015213013,0.8611018657684326,0.17932932078838348,0.7682870626449585,1.1638156175613403,0.36903640627861023,0.3571026623249054,0.6885032057762146,0.04339206963777542,1.3364613056182861,0.2529873549938202,0.4948347508907318,0.33966773748397827,0.06577780842781067,0.8454564809799194,0.8445411920547485,0.08550497144460678,0.2997582256793976,0.9519547820091248,0.07392685115337372,0.9331664443016052,0.4614919424057007,0.18565607070922852,1.2972725629806519,0.5508577823638916,0.525894045829773,0.9610702991485596,0.3772697150707245,0.04816048592329025,1.3435391187667847,0.9050213694572449,0.49978137016296387,0.5087111592292786
0.726761519908905,0.17254005372524261,0.11964332312345505,0.06576371937990189,1.3462437391281128,1.0159802436828613,0.025820372626185417,4.496519088745117,0.7140775918960571,0.15644977986812592,0.3725833594799042,0.3213139474391937,0.3737996518611908,0.00039999998989515007,0.12272977083921432,0.5571223497390747,0.5787937045097351,3.5010323524475098,0.9015509486198425,0.845067024230957,0.9772132635116577,0.36179855465888977,0.4549550414085388,0.572649359703064,1.5287542343139648,0.5025727152824402,0.18576936423778534,0.6437439322471619,1.8253482580184937,0.6968283653259277,1.0234489440917969,0.35509437322616577,0.051544420421123505,1.0910245180130005,0.11764568835496902,0.31431713700294495,0.024894870817661285,0.07454119622707367,0.43521758913993835,1.6137604713439941,0.5736371874809265,0.14853809773921967,0.8006150722503662,0.5860518217086792,0.9966985583305359,0.5588153004646301,0.4684947729110718,0.37123623490333557,0.06252014636993408,0.6470333933830261,1.248952031135559,0.4633931815624237,0.3524214029312134,1.7449291944503784,0.624392032623291,0.38293495774269104,0.8689570426940918
0.277421236038208,1.231337547302246,1.0739147663116455,1.1814727783203125,0.3920758366584778,1.460504174232483,0.2283627986907959,4.080593585968018,1.5852017402648926,0.6024843454360962,1.2444539070129395,0.28684064745903015,0.0363968126475811,0.00039999998989515007,1.5165917873382568,0.5851005911827087,0.28703773021698,3.1509788036346436,0.12528389692306519,0.6413713693618774,0.9937232732772827,0.6077829599380493,0.6865222454071045,1.2685853242874146,0.6981178522109985,1.3970060348510742,0.3152672052383423,0.47364386916160583,0.5394434332847595,0.5308971405029297,0.35326969623565674,0.851059079170227,0.6028902530670166,1.0037140846252441,1.204308032989502,0.6855601072311401,0.8658161163330078,0.09251262992620468,0.45738837122917175,0.6906087398529053,0.3310924768447876,0.7543666958808899,0.5090038180351257,0.5601214170455933,0.9158548712730408,0.4466470777988434,0.8508490920066833,1.6732237339019775,0.793026328086853,0.32519227266311646,0.24111884832382202,0.07337180525064468,0.8765870332717896,0.26238125562667847,0.4026161730289459,1.4458743333816528,0.5612332224845886
0.8016480207443237,0.9410914182662964,0.6024819016456604,0.3653680682182312,0.5295560359954834,1.1690657138824463,0.18981382250785828,4.992598056793213,0.994174063205719,0.31624636054039,0.4325055480003357,0.3844567835330963,0.20430909097194672,0.00039999998989515007,1.0096367597579956,0.9030129909515381,0.4936716854572296,3.08650803565979,0.83768630027771,0.2819633185863495,1.5470651388168335,0.131678506731987,0.5208026766777039,1.256526231765747,1.411819577217102,0.8493006229400635,0.2881324291229248,0.7403839826583862,1.0395359992980957,0.3261350691318512,0.2866818308830261,0.7417294383049011,0.09249164909124374,1.3282650709152222,0.25599434971809387,0.5093122124671936,0.4787609279155731,0.1336025893688202,0.8811559677124023,0.7574305534362793,0.13462655246257782,0.4574214220046997,0.9347708821296692,0.022352369502186775,0.8766508102416992,0.4207020699977875,0.20739997923374176,1.3999830484390259,0.5326181054115295,0.5198455452919006,0.9261425733566284,0.31712496280670166,0.014355429448187351,1.2742785215377808,0.8741772770881653,0.4649984538555145,0.48717790842056274
0.7201032638549805,0.8655456304550171,0.7148749232292175,0.46540865302085876,0.4464400112628937,1.1699333190917969,0.21194377541542053,5.096010208129883,1.0436969995498657,0.6611698269844055,0.35217538475990295,0.5516523718833923,0.43486472964286804,0.00039999998989515007,1.2500133514404297,0.8849126100540161,0.12146714329719543,3.0631625652313232,0.8714113235473633,0.18364152312278748,1.3659039735794067,0.08600974828004837,0.5252029895782471,0.8541529774665833,1.1041958332061768,0.9803290367126465,0.18353953957557678,0.6489458680152893,0.9667288661003113,0.23714976012706757,0.4344155490398407,0.6984679698944092,0.020932873710989952,1.2102842330932617,0.3991193473339081,0.8048751950263977,0.49246054887771606,0.06226154789328575,0.8829297423362732,0.9533451199531555,0.03852946311235428,0.4203416407108307,0.925495982170105,0.052358172833919525,0.9226222038269043,0.8663693070411682,0.55173659324646,1.1166050434112549,0.6367488503456116,0.410199373960495,0.9844593405723572,0.3866918087005615,0.1632034033536911,1.1533043384552002,1.1718578338623047,0.27130234241485596,0.42587292194366455
0.4509129822254181,0.9699434638023376,1.0231859683990479,0.5334177613258362,0.20824728906154633,0.5363535284996033,0.9229164719581604,4.450791835784912,0.7812820076942444,0.9649723768234253,0.18565331399440765,0.2500647008419037,0.3383096158504486,0.00039999998989515007,1.546465516090393,1.6905288696289062,0.7285865545272827,2.736379861831665,0.5394226312637329,0.11931755393743515,1.5492721796035767,0.22065237164497375,0.7707894444465637,0.9021307826042175,0.9814043045043945,1.292371153831482,0.1305454969406128,0.09171830117702484,0.29362958669662476,0.2676105797290802,0.46328073740005493,0.35375484824180603,0.18039372563362122,0.7582930326461792,0.26058366894721985,1.430589199066162,0.8031437397003174,0.852937638759613,0.6595659255981445,1.2115039825439453,0.26975497603416443,0.3833235502243042,0.9158905148506165,0.07240322977304459,1.2148282527923584,1.0175342559814453,0.5525665283203125,1.1056933403015137,1.1361104249954224,0.8650937080383301,1.1620686054229736,0.6636562347412109,0.07608527690172195,0.538928747177124,1.7227903604507446,0.0654761865735054,0.251821368932724
0.8152920007705688,0.8911887407302856,0.5628562569618225,0.3117615282535553,0.5385533571243286,1.1285958290100098,0.22050783038139343,5.051669597625732,0.9453755021095276,0.3737872242927551,0.3333628475666046,0.3491687476634979,0.262800008058548,0.00039999998989515007,1.0268703699111938,0.9571640491485596,0.4968069791793823,3.1527693271636963,0.8466318249702454,0.35970625281333923,1.5156329870224,0.06578125059604645,0.5256805419921875,1.2025917768478394,1.3816468715667725,0.8101102709770203,0.27967265248298645,0.7202938795089722,1.0949103832244873,0.35705822706222534,0.31240716576576233,0.7129097580909729,0.026338821277022362,1.2957521677017212,0.18207071721553802,0.5270822644233704,0.4373530447483063,0.16307127475738525,0.8556745648384094,0.8197025656700134,0.1539277881383896,0.4314669072628021,0.9551666378974915,0.06135432794690132,0.8530194163322449,0.5045413374900818,0.2941511273384094,1.2891476154327393,0.48481062054634094,0.5390967726707458,0.9751786589622498,0.3487008512020111,0.04941103607416153,1.2882758378982544,0.8999965190887451,0.412578821182251,0.46137285232543945
0.5339022278785706,0.8969724774360657,0.11256574839353561,0.36784598231315613,0.1663667857646942,1.7347396612167358,0.7282024025917053,5.084923267364502,1.4991683959960938,0.29908108711242676,0.3057146668434143,0.044059451669454575,0.07595440000295639,0.00039999998989515007,1.562701940536499,0.6659687757492065,0.002539248438552022,2.8609485626220703,1.0134966373443604,0.36774978041648865,1.2040208578109741,0.21087394654750824,0.2978765368461609,1.4494534730911255,0.9656550884246826,0.592021107673645,0.4909707307815552,0.8065760731697083,0.8198598623275757,0.6879060864448547,0.9468333125114441,1.0246659517288208,0.15538129210472107,1.5204507112503052,0.3527686595916748,0.2566923499107361,0.5195947885513306,0.01932605355978012,0.9773120880126953,0.1373068392276764,0.6525150537490845,0.7969931960105896,0.9126940965652466,0.3651692271232605,0.42847445607185364,0.2780416011810303,0.022642716765403748,1.4569611549377441,0.24468089640140533,0.07322067767381668,0.5420415997505188,0.09960763901472092,0.4037443995475769,1.1899422407150269,0.336875319480896,0.39941152930259705,0.8713257312774658
1.4931422472000122,0.7896868586540222,0.7723612785339355,0.1031159907579422,0.19154046475887299,1.101518154144287,0.3985426127910614,4.836471080780029,0.23856188356876373,1.2085211277008057,0.2805393636226654,0.6188398003578186,0.5098329186439514,0.00039999998989515007,0.952608585357666,1.0148084163665771,0.19895635545253754,2.588226556777954,0.8603590130805969,0.04122215881943703,1.7428125143051147,0.0734863430261612,0.22769871354103088,1.1095554828643799,1.2318401336669922,0.8606421947479248,0.12384956330060959,0.5449857711791992,0.45140162110328674,0.002246521646156907,0.47852247953414917,0.48646479845046997,0.2976290285587311,1.0413148403167725,0.2096901386976242,0.7358607053756714,0.8456788659095764,0.37051454186439514,0.9548346996307373,1.2070242166519165,0.8030670285224915,0.5407336950302124,0.8495932817459106,0.27722665667533875,0.8324698209762573,0.8718369603157043,0.6199876070022583,1.30646812915802,0.8534875512123108,0.7469048500061035,0.699932336807251,0.45190665125846863,0.05156350135803223,1.092028021812439,1.4316744804382324,0.17860284447669983,0.3168083131313324
0.8070902824401855,0.8331723809242249,0.6316861510276794,0.2538025379180908,0.47521770000457764,1.2489945888519287,0.20620602369308472,5.103756904602051,0.9599317908287048,0.4740021526813507,0.35744398832321167,0.40770992636680603,0.27818045020103455,0.00039999998989515007,1.0110549926757812,0.9113247394561768,0.4348275661468506,3.152592658996582,0.8992885947227478,0.3833412528038025,1.4563018083572388,0.08910299092531204,0.44552770256996155,1.166114330291748,1.3551400899887085,0.8114331960678101,0.1389344334602356,0.6535026431083679,1.0821813344955444,0.4275782108306885,0.3117029070854187,0.7752588987350464,0.016414962708950043,1.2657325267791748,0.2521168291568756,0.4989866316318512,0.4244820773601532,0.11602166295051575,0.7821051478385925,0.9362344145774841,0.11673171073198318,0.2871512174606323,0.9396889209747314,0.0532219223678112,0.8402714133262634,0.5526427626609802,0.3705008029937744,1.3018908500671387,0.39696115255355835,0.5911684036254883,0.9435794949531555,0.4425044655799866,0.08895158022642136,1.2076846361160278,1.0046910047531128,0.25793588161468506,0.4771086871623993
0.9707504510879517,0.7546883821487427,0.5904232859611511,0.22731974720954895,0.3464690148830414,1.1295243501663208,0.42565596103668213,5.0015645027160645,0.6760862469673157,0.3924076557159424,0.6602672338485718,0.4462142884731293,0.19748738408088684,0.00039999998989515007,0.6833697557449341,0.8014652132987976,0.4243592619895935,3.4310905933380127,0.7255725264549255,0.11099795252084732,1.6016093492507935,0.17196139693260193,0.3211826682090759,1.4499239921569824,1.5613032579421997,0.7652882933616638,0.17299257218837738,0.6119492650032043,0.7617188096046448,0.45280781388282776,0.00797336921095848,0.7016450762748718,0.16653871536254883,1.0858174562454224,0.24135595560073853,0.4617835283279419,0.5914059281349182,0.10848206281661987,0.7240262031555176,0.9092141389846802,0.07738908380270004,0.45985469222068787,0.7426431179046631,0.07587578892707825,0.894565999507904,0.2125772088766098,0.09202706068754196,1.4365962743759155,0.5286918878555298,0.5972280502319336,0.7975651025772095,0.3818213939666748,0.05808725208044052,1.2190542221069336,0.9258682727813721,0.5755066871643066,0.6389928460121155
0.7467600703239441,0.17643415927886963,0.047297995537519455,0.15621639788150787,0.9911271929740906,1.3020949363708496,0.10943111777305603,4.673361301422119,1.0770245790481567,0.12984219193458557,0.2601829171180725,0.2575114965438843,0.3126055896282196,0.00039999998989515007,0.01704523153603077,0.311931312084198,0.7026455998420715,3.4608662128448486,1.015173316001892,0.7125043272972107,0.8792008757591248,0.10583120584487915,0.6645216345787048,0.8928943872451782,1.7491916418075562,0.4071568548679352,0.29572758078575134,0.6925878524780273,1.7145451307296753,0.5593513250350952,0.9231297969818115,0.2708013653755188,0.37741345167160034,0.9718701243400574,0.08389070630073547,0.07081378996372223,0.04333239421248436,0.4299015998840332,0.3630620241165161,1.5145444869995117,0.350323885679245,0.06403142213821411,0.7675032615661621,0.7510351538658142,1.1197000741958618,0.3664053976535797,0.421917200088501,0.8825258016586304,0.11352952569723129,0.7097039222717285,1.0219049453735352,0.45892083644866943,0.3979029357433319,1.7911986112594604,0.22366738319396973,0.3237747550010681,0.5786592960357666
0.5793523788452148,0.9117467403411865,0.28879499435424805,0.3170793354511261,0.07160700112581253,1.8529382944107056,0.6910073161125183,5.128581523895264,1.326373815536499,0.06135417893528938,0.26405227184295654,0.1462300419807434,0.07898284494876862,0.00039999998989515007,1.630190134048462,0.7974314093589783,0.06470022350549698,2.710817575454712,0.9820409417152405,0.18361198902130127,1.3338004350662231,0.11615961045026779,0.13993000984191895,1.554564118385315,1.0555508136749268,0.594066858291626,0.41909024119377136,0.7560957670211792,0.6967824101448059,0.669605016708374,0.7288164496421814,1.1033178567886353,0.168021559715271,1.4310030937194824,0.4080289304256439,0.29966622591018677,0.7524200677871704,0.06659284979104996,0.9902554750442505,0.3805481493473053,0.5514369010925293,0.781157910823822,0.8925960659980774,0.37416714429855347,0.4340687692165375,0.3785247206687927,0.28459978103637695,1.580479621887207,0.15790122747421265,0.2212391048669815,0.5154740810394287,0.008116110228002071,0.2860749661922455,0.9997634291648865,0.6039931774139404,0.17651039361953735,0.8324174284934998
0.78995281457901,0.7979382276535034,0.517792284488678,0.25913336873054504,0.4682999551296234,1.376691460609436,0.08363357931375504,5.04009485244751,1.0464853048324585,0.4064619243144989,0.210796058177948,0.3940766453742981,0.30765560269355774,0.00039999998989515007,1.1946675777435303,0.9741570353507996,0.3980959951877594,2.967376947402954,1.0112390518188477,0.38354989886283875,1.3936495780944824,0.04277550429105759,0.5717018842697144,1.1045644283294678,1.3207882642745972,0.828863263130188,0.27588605880737305,0.808535099029541,1.0464375019073486,0.4582881033420563,0.450737327337265,0.6699896454811096,0.03553054481744766,1.3157148361206055,0.2431827336549759,0.5016990303993225,0.37840554118156433,0.002829155884683132,0.9868430495262146,0.8220643997192383,0.12535227835178375,0.4670003652572632,1.0312215089797974,0.10727538913488388,0.9206423759460449,0.6546640396118164,0.42667457461357117,1.4060131311416626,0.559929609298706,0.47713136672973633,0.9231480360031128,0.3283665180206299,0.0416673980653286,1.2785717248916626,0.8682597279548645,0.2827874720096588,0.4200948476791382
0.9062281250953674,1.1647748947143555,0.31777262687683105,0.18858274817466736,0.2896641194820404,1.7174502611160278,0.4741212725639343,4.937250137329102,1.4465746879577637,0.06344208121299744,0.22092871367931366,0.09441646188497543,0.0006616171449422836,0.00039999998989515007,1.5278325080871582,0.6802139282226562,0.21990123391151428,2.6287283897399902,1.044991135597229,0.32281652092933655,1.568495750427246,0.1037876307964325,0.0834117904305458,1.8894968032836914,1.113257884979248,0.4689806401729584,0.37475842237472534,0.6588975787162781,0.9058759212493896,0.5780305862426758,0.40694716572761536,1.301796793937683,0.12932175397872925,1.4673888683319092,0.34096330404281616,0.12806963920593262,0.6062989830970764,0.10205328464508057,0.9347111582756042,0.25045737624168396,0.4407804012298584,0.7515579462051392,0.8876281380653381,0.45569175481796265,0.21584035456180573,0.1675596833229065,0.07259870320558548,1.7612595558166504,0.0283293966203928,0.4660308063030243,0.42557260394096375,0.07669369876384735,0.1433696448802948,0.9652669429779053,0.584026038646698,0.08689399063587189,0.6790540814399719
0.7703816294670105,0.8281048536300659,0.48810896277427673,0.24153262376785278,0.6503242254257202,1.3933188915252686,0.1228388175368309,4.924885272979736,1.3799097537994385,0.33961567282676697,0.15050821006298065,0.2531709372997284,0.26117753982543945,0.00039999998989515007,1.218390703201294,0.9843712449073792,0.6100901961326599,2.999499797821045,1.0861164331436157,0.6046369075775146,1.2235221862792969,0.08195211738348007,0.6843459606170654,1.0737918615341187,1.2623672485351562,0.8586122989654541,0.2810512185096741,0.8283136487007141,1.2559322118759155,0.5067014694213867,0.6056053638458252,0.5535805821418762,0.02923661470413208,1.3636541366577148,0.2848320007324219,0.49580755829811096,0.11967036128044128,0.08101031184196472,0.9441892504692078,0.694949209690094,0.2883470356464386,0.2996954023838043,1.039443016052246,0.2854117453098297,0.9357871413230896,0.6957032680511475,0.3733701705932617,1.3714287281036377,0.49409493803977966,0.5130429863929749,0.9700791239738464,0.41059526801109314,0.05237460508942604,1.293982982635498,0.6805474758148193,0.3309055268764496,0.233950674533844
1.0993174314498901,0.7998344302177429,0.5183314681053162,0.17529432475566864,0.49123314023017883,1.1742687225341797,0.38336536288261414,4.802703380584717,0.6262557506561279,0.3025515079498291,0.5357341170310974,0.4175223708152771,0.2493121176958084,0.00039999998989515007,0.6096490025520325,0.8471638560295105,0.4947875440120697,3.386768341064453,0.6964883208274841,0.188018336892128,1.6680221557617188,0.11617675423622131,0.3993016481399536,1.4122833013534546,1.6666592359542847,0.736248254776001,0.2849219739437103,0.7787382006645203,0.9549142718315125,0.5728655457496643,0.15907080471515656,0.5788314938545227,0.09586343914270401,1.129035472869873,0.06841981410980225,0.36896300315856934,0.5505681037902832,0.10747386515140533,0.8051343560218811,0.8681249618530273,0.0034766942262649536,0.5830681920051575,0.8142979145050049,0.03533199429512024,0.9477106332778931,0.1887107640504837,0.09342483431100845,1.2819342613220215,0.4537026286125183,0.5711178779602051,0.8847981095314026,0.2588341236114502,0.1398966759443283,1.4310225248336792,0.7681949734687805,0.7073124647140503,0.6664417386054993
1.1063590049743652,0.8127858638763428,0.5347306728363037,0.19659481942653656,0.4967561960220337,1.2136740684509277,0.31748804450035095,4.791872501373291,0.5823126435279846,0.2950778603553772,0.5362160205841064,0.41687774658203125,0.2733815610408783,0.00039999998989515007,0.6389365196228027,0.8461214900016785,0.4566659927368164,3.3294358253479004,0.6965838074684143,0.21165375411510468,1.6689001321792603,0.0724077895283699,0.3878351151943207,1.3762661218643188,1.6433632373809814,0.7783859968185425,0.2612386643886566,0.8023252487182617,0.9349883198738098,0.621816098690033,0.2033999264240265,0.6029553413391113,0.04483869671821594,1.173064112663269,0.05865262821316719,0.3577006757259369,0.5817350149154663,0.11493227630853653,0.8253528475761414,0.8511734008789062,0.014109412208199501,0.6184445023536682,0.8499960899353027,0.016333896666765213,0.9245030879974365,0.21048638224601746,0.10967961698770523,1.2269208431243896,0.48093700408935547,0.5135725736618042,0.9102126955986023,0.23779407143592834,0.1392705738544464,1.4833259582519531,0.7815534472465515,0.6818514466285706,0.7205551266670227
0.449374258518219,0.5267865061759949,0.30198919773101807,0.010734961368143559,0.8657611608505249,1.3295258283615112,0.004342318046838045,4.615316390991211,1.4589208364486694,0.275238573551178,0.17638204991817474,0.24910381436347961,0.1360616683959961,0.00039999998989515007,0.6335340738296509,0.7218555212020874,0.9185049533843994,2.9923179149627686,1.1324867010116577,0.8490235805511475,1.0576972961425781,0.08784308284521103,0.4621583819389343,0.961916983127594,1.4537503719329834,0.6357308626174927,0.1850077360868454,0.412082701921463,1.8287049531936646,0.6490276455879211,0.8902186751365662,0.7607455253601074,0.15422403812408447,1.1844409704208374,0.08258508890867233,0.34685489535331726,0.028847744688391685,0.09200965613126755,0.45593181252479553,1.513535976409912,0.710172712802887,0.16857735812664032,0.9281836748123169,0.6051563024520874,0.9242846965789795,0.6267096400260925,0.5712817311286926,0.9218305349349976,0.07238468527793884,0.910899817943573,1.2288072109222412,0.6405045986175537,0.3472725749015808,1.4090790748596191,0.8224053382873535,0.0813571885228157,0.5158002376556396
0.7661205530166626,0.9486263394355774,0.4551842212677002,0.24217389523983002,0.1775282621383667,1.7774029970169067,0.4386657476425171,4.9898834228515625,1.3890407085418701,0.1439152956008911,0.16796228289604187,0.2173595279455185,0.18628422915935516,0.00039999998989515007,1.720855474472046,0.35933709144592285,0.10237722098827362,2.7757294178009033,1.0720679759979248,0.36071598529815674,1.2947654724121094,0.03239338472485542,0.27176418900489807,1.6305034160614014,1.0749797821044922,0.4767260253429413,0.11671297252178192,0.7682040929794312,0.9116264581680298,0.6734413504600525,0.6298800706863403,1.6053988933563232,0.17749983072280884,1.3674485683441162,0.42808616161346436,0.04330646991729736,0.6037892699241638,0.27224841713905334,0.901194155216217,0.4091619551181793,0.504481852054596,0.459770143032074,0.930696964263916,0.35948219895362854,0.14275529980659485,0.22168153524398804,0.33673372864723206,1.7995076179504395,0.18145570158958435,0.18330183625221252,0.559522807598114,0.32455357909202576,0.11234799772500992,0.8398834466934204,0.6132184267044067,0.07554146647453308,0.6429247260093689
1.260149359703064,1.2158409357070923,0.2569230794906616,0.013122799806296825,0.13130751252174377,0.9999198913574219,0.24266617000102997,4.607077598571777,0.9877902269363403,0.2846725583076477,0.1957360953092575,0.2764497399330139,0.1502905935049057,0.00039999998989515007,1.182572364807129,1.096360206604004,0.8470796346664429,2.5749077796936035,0.9490630030632019,0.46996036171913147,1.8856641054153442,0.259550541639328,0.5370752811431885,1.7147810459136963,1.4970773458480835,0.34696176648139954,0.7553414106369019,1.0435926914215088,1.4331032037734985,0.24376502633094788,0.009036893956363201,0.7831892371177673,0.06705400347709656,1.3863072395324707,0.13095185160636902,0.14300760626792908,0.25328588485717773,0.20201769471168518,1.262885332107544,0.3228796124458313,0.1590266227722168,0.9000481367111206,1.0313235521316528,0.06784843653440475,0.46681177616119385,0.2838563024997711,0.2217840552330017,1.6937065124511719,0.2609653174877167,0.6752662658691406,0.7476233243942261,0.08032845705747604,0.33265799283981323,1.27426016330719,0.46154356002807617,0.42734602093696594,0.12323474884033203
0.7815579175949097,1.2184598445892334,0.18297244608402252,0.23085090517997742,0.6184794902801514,0.7382825613021851,0.6084813475608826,4.381579875946045,1.2027435302734375,0.09538152068853378,0.28146445751190186,0.04086465761065483,0.13773846626281738,0.00039999998989515007,1.3298524618148804,1.4837878942489624,1.1440635919570923,2.956078290939331,0.6572263836860657,0.4276799261569977,1.630503535270691,0.2827875018119812,1.065583348274231,1.5105315446853638,1.4062319993972778,0.606731116771698,1.1058133840560913,0.9813100695610046,1.2501710653305054,0.25645875930786133,0.13729119300842285,0.2940255403518677,0.20469461381435394,1.2105821371078491,0.15701013803482056,0.488606721162796,0.171562060713768,0.31254681944847107,1.1280993223190308,0.08348183333873749,0.4565090537071228,1.086580753326416,1.0701496601104736,0.4052523076534271,0.8381736874580383,0.21833431720733643,0.03229014575481415,1.447931170463562,0.5594579577445984,0.5408095121383667,0.9788415431976318,0.027032094076275826,0.2556780278682709,1.2761774063110352,0.2151709347963333,0.9863677620887756,0.1587800830602646
0.9966369867324829,0.9767392873764038,0.5969364643096924,0.14789366722106934,0.35687965154647827,1.2019613981246948,0.32324492931365967,4.9030938148498535,1.1289842128753662,0.552931547164917,0.21655946969985962,0.3398282825946808,0.2607558071613312,0.00039999998989515007,1.0987823009490967,0.924217939376831,0.6480534076690674,2.977513313293457,1.0202221870422363,0.5728613138198853,1.5602933168411255,0.1547522246837616,0.47991517186164856,1.306897759437561,1.332796335220337,0.7533239126205444,0.1342824399471283,0.6494062542915344,1.292541265487671,0.44981247186660767,0.2308814972639084,0.8972362875938416,0.06672937422990799,1.3167362213134766,0.15307609736919403,0.4146743416786194,0.23558557033538818,0.08505269140005112,0.8568968772888184,0.8307362794876099,0.10327458381652832,0.3094883859157562,1.024064064025879,0.052587851881980896,0.7087321877479553,0.525050938129425,0.28918758034706116,1.4073472023010254,0.368633508682251,0.6883015632629395,0.9421546459197998,0.46419259905815125,0.17872405052185059,1.237140417098999,0.9873018264770508,0.17397551238536835,0.3448009192943573
0.7661774158477783,0.7616375088691711,0.4981134235858917,0.21674826741218567,0.44612568616867065,1.4044604301452637,0.12531372904777527,5.059630393981934,1.0298681259155273,0.4002744257450104,0.22037890553474426,0.3882020115852356,0.30761200189590454,0.00039999998989515007,1.1914777755737305,1.0126124620437622,0.4112602770328522,2.981109380722046,0.9944130778312683,0.3759371042251587,1.3795270919799805,0.02354009822010994,0.5560523867607117,1.1349042654037476,1.3429762125015259,0.8194310665130615,0.2706080377101898,0.800823986530304,1.058395504951477,0.47335153818130493,0.45941585302352905,0.6603444814682007,0.05217014253139496,1.2717350721359253,0.21742935478687286,0.49603256583213806,0.4011510908603668,0.001272499212063849,0.967734158039093,0.8518027663230896,0.1469723880290985,0.487134724855423,1.0169187784194946,0.1330152004957199,0.9226146936416626,0.6488993763923645,0.45152783393859863,1.3943167924880981,0.5443781018257141,0.4703384041786194,0.9410807490348816,0.3406890630722046,0.0381479412317276,1.2853983640670776,0.862286388874054,0.2789202332496643,0.4406885504722595
0.8213591575622559,0.8489503860473633,0.5686442852020264,0.19738240540027618,0.5114070773124695,1.2529460191726685,0.30825382471084595,5.025678634643555,1.058171272277832,0.44982007145881653,0.3241986632347107,0.45100831985473633,0.2985314130783081,0.00039999998989515007,1.0151745080947876,0.9802188873291016,0.4841512143611908,3.159412384033203,0.8914030194282532,0.389998197555542,1.4652701616287231,0.0048653725534677505,0.4492245316505432,1.1209876537322998,1.3380045890808105,0.7928795218467712,0.27121177315711975,0.7183790802955627,1.2369633913040161,0.47162511944770813,0.4099937975406647,0.7148885130882263,0.0378238782286644,1.2352200746536255,0.21308700740337372,0.5216206908226013,0.32510146498680115,0.0637960284948349,0.8696427345275879,0.8958629369735718,0.19889622926712036,0.41917598247528076,0.923711359500885,0.10009854286909103,0.8632931709289551,0.58595871925354,0.3996678292751312,1.1910642385482788,0.4199083745479584,0.573192298412323,0.9949731826782227,0.3729817569255829,0.06874062120914459,1.2905693054199219,0.9472054839134216,0.3591543138027191,0.48656022548675537
0.9069892764091492,0.7323132157325745,0.6409802436828613,0.353179395198822,0.21981628239154816,1.8525229692459106,0.16537900269031525,4.604992389678955,1.0853534936904907,0.1824224889278412,1.2495605945587158,0.6025570631027222,0.21263021230697632,0.00039999998989515007,0.5876030921936035,0.3297007381916046,0.5432358384132385,3.12095308303833,0.8560575246810913,0.10292676836252213,1.156294822692871,0.2669774889945984,0.14422057569026947,1.3058747053146362,1.1181495189666748,0.7711212635040283,0.32230499386787415,1.0500296354293823,0.3198857605457306,0.8344318866729736,0.5465660095214844,1.1888039112091064,0.18916793167591095,1.3309098482131958,0.7091575264930725,0.3220028579235077,0.27369558811187744,0.8021875619888306,0.7865902781486511,0.372742623090744,0.3178029954433441,0.37330830097198486,0.6230700016021729,0.7239922285079956,0.4867487847805023,0.4448182284832001,0.7606335878372192,1.8387175798416138,0.423129141330719,0.2802359163761139,0.05519940331578255,0.04459889978170395,0.4734940230846405,1.1514317989349365,0.19525399804115295,0.8903153538703918,1.1791387796401978
0.910286545753479,0.8192846775054932,0.6581507325172424,0.15304522216320038,0.39348962903022766,1.1997016668319702,0.5806938409805298,5.070892810821533,1.0361738204956055,0.6009697318077087,0.1686834990978241,0.4660405218601227,0.39696004986763,0.00039999998989515007,1.1557890176773071,0.721299946308136,0.4335363209247589,3.1984939575195312,0.9299522042274475,0.43267711997032166,1.3872895240783691,0.14877398312091827,0.664983332157135,1.1717442274093628,1.362607479095459,0.7004034519195557,0.09540240466594696,0.7566171884536743,1.245278000831604,0.3154469430446625,0.24034443497657776,0.9692572355270386,0.11220095306634903,1.1358215808868408,0.24163587391376495,0.2854801118373871,0.29923030734062195,0.1905754804611206,0.8249693512916565,0.8771747946739197,0.08388230204582214,0.2637524902820587,0.9548230767250061,0.16902412474155426,0.7069339156150818,0.49874791502952576,0.5056807398796082,1.445555567741394,0.24502238631248474,0.4944475293159485,1.0089056491851807,0.6105018854141235,0.15749573707580566,1.1300313472747803,0.8775659799575806,0.17175959050655365,0.21173539757728577
0.8564707040786743,0.7847562432289124,0.7507882714271545,0.18315379321575165,0.44884392619132996,1.3921055793762207,0.30150848627090454,5.043662071228027,0.9653899073600769,0.6053943037986755,0.4478728175163269,0.4946407675743103,0.33533743023872375,0.00039999998989515007,1.0536692142486572,0.9706609845161438,0.3673437535762787,3.169421911239624,0.9336541891098022,0.38808366656303406,1.4126791954040527,0.1132381334900856,0.3746771514415741,1.0845942497253418,1.2726792097091675,0.879378616809845,0.03701283037662506,0.5896053314208984,1.0380778312683105,0.4775046706199646,0.30768993496894836,0.7570764422416687,0.04126138985157013,1.2203917503356934,0.3575263023376465,0.5574989318847656,0.39362987875938416,0.08738914877176285,0.7521215677261353,0.9748031497001648,0.04647689685225487,0.20604893565177917,0.9254024028778076,0.010092825628817081,0.8814276456832886,0.6298102736473083,0.38728827238082886,1.2523269653320312,0.45674028992652893,0.6175947189331055,0.9175021052360535,0.5408574938774109,0.07783596962690353,1.126606822013855,1.1344884634017944,0.20998571813106537,0.506084680557251
0.7958171963691711,0.7197285294532776,0.6581808924674988,0.18427303433418274,0.5222207903862,1.2968084812164307,0.3163180351257324,4.99774169921875,0.8820386528968811,0.550998866558075,0.36370643973350525,0.41277381777763367,0.35612213611602783,0.00039999998989515007,1.0362077951431274,1.0026441812515259,0.4407975375652313,3.1686887741088867,0.9078596830368042,0.45088738203048706,1.3989356756210327,0.006020153407007456,0.450760155916214,1.0681565999984741,1.3540490865707397,0.8741019368171692,0.016746900975704193,0.6159879565238953,1.1187207698822021,0.5099037885665894,0.3962442874908447,0.7331659197807312,0.07065693289041519,1.1813048124313354,0.18747611343860626,0.5628383755683899,0.40534767508506775,0.10102345049381256,0.7582904100418091,1.0691380500793457,0.14009375870227814,0.25242358446121216,0.9719521999359131,0.12787897884845734,0.9055598974227905,0.6602292060852051,0.45419469475746155,1.1526752710342407,0.46573570370674133,0.5704023838043213,1.0600651502609253,0.5256088376045227,0.12034843116998672,1.250200629234314,1.0992473363876343,0.21881437301635742,0.5245899558067322
0.679245114326477,0.7251639366149902,0.42359262704849243,0.21880359947681427,0.524003803730011,1.3372396230697632,0.07184400409460068,4.9892497062683105,0.8960248827934265,0.2456277459859848,0.31988489627838135,0.2850525677204132,0.2652263045310974,0.00039999998989515007,1.1184720993041992,1.1265515089035034,0.4685114026069641,3.086191415786743,0.843639075756073,0.3595832884311676,1.4425359964370728,0.21131639182567596,0.40309053659439087,1.1633057594299316,1.373664379119873,0.8323851823806763,0.3338693380355835,0.7127946019172668,1.0753674507141113,0.5816930532455444,0.5826568603515625,0.6616997122764587,0.012119188904762268,1.2320706844329834,0.0743938684463501,0.5860737562179565,0.5437002778053284,0.20838585495948792,0.9046106338500977,0.9507520198822021,0.3834438621997833,0.6013780236244202,0.9460970163345337,0.11012305319309235,0.9041734337806702,0.611122727394104,0.4419699013233185,1.0471861362457275,0.5238848924636841,0.447803795337677,1.0973200798034668,0.2792952358722687,0.011950058862566948,1.3990579843521118,0.900627851486206,0.37690049409866333,0.7018296718597412
1.151566505432129,0.9463328123092651,0.4736769199371338,0.008873221464455128,0.149008646607399,1.2602852582931519,0.4478883147239685,4.849992275238037,0.8109282851219177,0.5010944604873657,0.11782059818506241,0.5983960032463074,0.23634123802185059,0.00039999998989515007,0.8832194209098816,0.9044879078865051,0.6313769221305847,2.847273588180542,0.9040126800537109,0.1545800268650055,1.6047724485397339,0.47938165068626404,0.5210718512535095,1.615395188331604,1.616371989250183,0.44023722410202026,0.4601225256919861,1.052753210067749,1.2081289291381836,0.1276147961616516,0.04499636963009834,0.563465416431427,0.2923203408718109,1.1284204721450806,0.10751654952764511,0.18135814368724823,0.44573330879211426,0.1477160006761551,1.0189954042434692,0.6070201992988586,0.17507757246494293,0.6860566139221191,0.9495832324028015,0.2056695520877838,0.7899367213249207,0.34251073002815247,0.4077284634113312,1.914487600326538,0.24314413964748383,0.6436589956283569,0.7255752682685852,0.3934031128883362,0.36749181151390076,1.209863305091858,0.5559566617012024,0.3978586792945862,0.12963223457336426
0.41852280497550964,0.4567359983921051,0.4558018445968628,0.04249732941389084,0.7286645770072937,1.450724482536316,0.06034393236041069,4.645824432373047,1.2816073894500732,0.45456480979919434,0.2156101018190384,0.2304423302412033,0.17900803685188293,0.00039999998989515007,0.8325563669204712,1.0150413513183594,0.7654533982276917,3.075204849243164,0.9658969640731812,0.7213927507400513,0.9872118234634399,0.19016757607460022,0.17912885546684265,0.9801375865936279,1.3293023109436035,0.6595160961151123,0.030362321063876152,0.1978835165500641,1.6808017492294312,0.6503860950469971,0.8649865984916687,0.675014853477478,0.06264276802539825,1.0184804201126099,0.20359045267105103,0.5981203317642212,0.2950763404369354,0.22560200095176697,0.27632230520248413,1.7627365589141846,0.893306314945221,0.28711998462677,0.7776108384132385,0.5614141821861267,0.8573929071426392,0.8602854013442993,0.8944647312164307,0.5974217057228088,0.2629343271255493,1.0096908807754517,1.2664105892181396,0.8066698908805847,0.33749276399612427,1.096150279045105,1.0610750913619995,0.28749871253967285,0.5633913278579712
0.7754596471786499,0.9554758667945862,0.4256025552749634,0.20077870786190033,0.2452109456062317,1.6799052953720093,0.3559900224208832,5.047469139099121,1.271293044090271,0.20403890311717987,0.17840133607387543,0.21788480877876282,0.23197273910045624,0.00039999998989515007,1.6486226320266724,0.5086376667022705,0.08003956824541092,2.80631422996521,0.9958467483520508,0.3803366720676422,1.3912652730941772,0.023940399289131165,0.2002740353345871,1.6977076530456543,1.1380103826522827,0.45363155007362366,0.10694172978401184,0.7522973418235779,0.9936384558677673,0.5901653170585632,0.6163711547851562,1.5483914613723755,0.0910833552479744,1.3044651746749878,0.25999364256858826,0.0654546469449997,0.6402250528335571,0.12912817299365997,0.8743048310279846,0.45165008306503296,0.48235344886779785,0.5864220857620239,0.9491294026374817,0.3415447473526001,0.13928057253360748,0.31051433086395264,0.36120352149009705,1.674074411392212,0.16596359014511108,0.2031584531068802,0.6047953367233276,0.32646992802619934,0.07237035036087036,0.9285746216773987,0.6721495985984802,0.009106958284974098,0.6926541328430176
1.2414554357528687,0.799908459186554,0.5367345213890076,0.02868177741765976,0.08628089725971222,1.304979920387268,0.49410465359687805,4.86292028427124,0.8483251929283142,0.573332667350769,0.6499864459037781,0.4033961594104767,0.3129991888999939,0.00039999998989515007,0.5240946412086487,0.5079684853553772,0.5970274806022644,3.2886803150177,0.8982782959938049,0.1638750582933426,1.6581658124923706,0.36859753727912903,0.40848854184150696,1.6253752708435059,1.7116570472717285,0.5617960095405579,0.01991182193160057,0.6256603002548218,0.7929180264472961,0.21485638618469238,0.07759261131286621,0.7331737875938416,0.2548094093799591,1.0760016441345215,0.11863687634468079,0.2311704456806183,0.5604643225669861,0.015858439728617668,0.6164496541023254,0.9684002995491028,0.4971035122871399,0.6534693241119385,0.6823999881744385,0.013200939632952213,0.8763386607170105,0.1915837973356247,0.05840008333325386,1.6492671966552734,0.34079691767692566,0.6873389482498169,0.5338705778121948,0.5519605278968811,0.13223154842853546,1.275192141532898,0.6365408897399902,0.37905824184417725,0.4072258770465851
0.5707727074623108,0.6391242146492004,1.1317226886749268,0.36780664324760437,0.6710197925567627,1.5494310855865479,0.5391637086868286,4.734861373901367,0.9884887337684631,0.538652241230011,0.960515558719635,0.9934014081954956,0.32125750184059143,0.00039999998989515007,0.5681154727935791,0.4664354920387268,0.1706535667181015,3.2054877281188965,0.8180748224258423,0.06526884436607361,1.201658844947815,0.5262030363082886,0.5094214081764221,0.9255474209785461,1.4892767667770386,1.1134779453277588,0.3314836025238037,0.7382973432540894,0.7475167512893677,0.44316768646240234,0.2377566397190094,0.7774465084075928,0.291072279214859,1.069515585899353,0.7520605325698853,0.3306572139263153,0.3021906316280365,0.4949651062488556,0.6201198697090149,0.814703643321991,0.2817493677139282,0.09563865512609482,0.7844294905662537,0.15170326828956604,1.2054909467697144,0.2867838740348816,0.1750470995903015,1.6749508380889893,0.5586860179901123,0.46361133456230164,0.7599422335624695,0.7278329133987427,0.053976062685251236,0.9731486439704895,0.9896555542945862,0.5042781233787537,0.4866560697555542
0.4760265648365021,0.5459191203117371,1.140104055404663,0.4218534827232361,0.7209439277648926,1.5712854862213135,0.4762706160545349,4.723080158233643,0.9462225437164307,0.5467061400413513,1.002461552619934,0.9872888922691345,0.38629651069641113,0.00039999998989515007,0.6087443232536316,0.4275303781032562,0.04732253775000572,3.219953775405884,0.8194103240966797,0.06579828262329102,1.1075725555419922,0.4027917981147766,0.525282621383667,0.7812309265136719,1.4308013916015625,1.2069166898727417,0.40950095653533936,0.7116738557815552,0.6740474104881287,0.5194171071052551,0.3829421103000641,0.7750647664070129,0.22791357338428497,1.0415700674057007,0.7488396167755127,0.40286847949028015,0.3357124924659729,0.5242694616317749,0.5987316370010376,0.8978931903839111,0.2646433711051941,0.12581726908683777,0.7983177900314331,0.14339704811573029,1.2568230628967285,0.38256046175956726,0.2172997146844864,1.5419279336929321,0.6431646347045898,0.3509337902069092,0.8280149698257446,0.7343220114707947,0.018784817308187485,1.0107429027557373,1.057074785232544,0.48303624987602234,0.5827974677085876
0.18375590443611145,1.2681972980499268,0.9452871084213257,0.6893436908721924,0.11735477298498154,1.7916123867034912,0.23996461927890778,4.351649761199951,1.8846744298934937,0.4197797477245331,1.0334751605987549,0.25816571712493896,0.1327391266822815,0.00039999998989515007,1.4911903142929077,0.5867078900337219,0.1829671859741211,3.3085947036743164,0.4103381335735321,0.4861281216144562,0.9039249420166016,0.9217462539672852,0.5634914636611938,1.7895985841751099,0.839466392993927,1.0226210355758667,0.3785165250301361,0.44131454825401306,0.07833083719015121,0.5475394129753113,0.34014150500297546,0.825921893119812,0.7771440744400024,0.9256356358528137,1.11588454246521,0.4960293769836426,0.7836918830871582,0.3075287640094757,0.260077565908432,0.5255140662193298,0.39913639426231384,0.6737096309661865,0.5832105278968811,0.2907939851284027,0.8789332509040833,0.38757213950157166,0.6016784906387329,2.064249277114868,0.21547994017601013,0.1178436130285263,0.30290600657463074,0.32004648447036743,0.4337150752544403,0.23680362105369568,0.28945332765579224,1.0878753662109375,0.36936211585998535
0.723451554775238,0.719995379447937,0.6616333723068237,0.2080458104610443,0.5084354281425476,1.2870228290557861,0.2567092776298523,4.85860013961792,0.8326752185821533,0.5079351663589478,0.4095521867275238,0.5344679355621338,0.31387990713119507,0.00039999998989515007,0.9253271818161011,1.0000414848327637,0.5037401914596558,3.0459699630737305,0.8358719944953918,0.31348130106925964,1.4897494316101074,0.04831903427839279,0.3739161491394043,1.1287521123886108,1.4961364269256592,0.8844664096832275,0.11520523577928543,0.6515842080116272,1.1643218994140625,0.492654025554657,0.4158564805984497,0.7628278732299805,0.0018911522347480059,1.1364495754241943,0.14800453186035156,0.5690884590148926,0.5206924080848694,0.107254758477211,0.8088141679763794,1.1823395490646362,0.2232854813337326,0.3504987955093384,0.9290424585342407,0.20102167129516602,0.9662472009658813,0.6370662450790405,0.5585383176803589,1.1257500648498535,0.4543645679950714,0.6042535305023193,1.143471360206604,0.515754759311676,0.13804374635219574,1.306525468826294,1.1000553369522095,0.24551881849765778,0.6070328950881958
0.8520536422729492,0.7672445178031921,0.6317954659461975,0.17379875481128693,0.4658491611480713,1.292357325553894,0.23818439245224,4.858822345733643,0.8650553822517395,0.5144227743148804,0.37646836042404175,0.4553109109401703,0.31744384765625,0.00039999998989515007,0.9824693202972412,0.9769302010536194,0.5420531034469604,3.000615119934082,0.9213603138923645,0.42804574966430664,1.5318124294281006,0.008831975981593132,0.40030553936958313,1.1914523839950562,1.4581003189086914,0.8632810711860657,0.060210034251213074,0.679196298122406,1.1685090065002441,0.4826558232307434,0.36955562233924866,0.7963305115699768,0.08108178526163101,1.220529556274414,0.12224342674016953,0.5054419040679932,0.4342961609363556,0.10391152650117874,0.8656678199768066,1.035657286643982,0.14620403945446014,0.35640549659729004,0.9872726202011108,0.13061214983463287,0.890871524810791,0.5990567803382874,0.434954971075058,1.2280853986740112,0.5096450448036194,0.5969024896621704,1.0827711820602417,0.5033011436462402,0.13577109575271606,1.332842230796814,1.0543668270111084,0.2330559641122818,0.5759432911872864
0.8403979539871216,0.904927134513855,0.7127294540405273,0.16812431812286377,0.3117888867855072,1.4051364660263062,0.25665482878685,4.9143147468566895,1.1000702381134033,0.5746887922286987,0.3776015043258667,0.5259023308753967,0.2554132640361786,0.00039999998989515007,1.090808629989624,0.9123669266700745,0.5685743689537048,2.9349398612976074,1.0049508810043335,0.3471517264842987,1.482194185256958,0.24685031175613403,0.41295433044433594,1.3237539529800415,1.3644349575042725,0.8182981610298157,0.07755254209041595,0.6767714023590088,1.1333370208740234,0.3655245304107666,0.24745981395244598,0.8292741775512695,0.04704727232456207,1.2364521026611328,0.3132387101650238,0.4740467667579651,0.3961949348449707,0.013070489279925823,0.8446710705757141,0.8524023294448853,0.04253286495804787,0.3251878619194031,0.9767401218414307,0.07695963233709335,0.8681367039680481,0.5669199228286743,0.39068201184272766,1.5456939935684204,0.4282170236110687,0.6701281070709229,0.9254900217056274,0.575228750705719,0.13679245114326477,1.1375880241394043,1.0089526176452637,0.17450253665447235,0.39109423756599426
0.8044100403785706,0.6833770871162415,0.5094410181045532,0.1578218787908554,0.39857059717178345,1.2769147157669067,0.044886913150548935,4.9101881980896,0.7812994718551636,0.49295487999916077,0.2913289964199066,0.3309328258037567,0.39290711283683777,0.00039999998989515007,1.1264921426773071,0.9922385215759277,0.4523795545101166,2.9427597522735596,0.9727691411972046,0.5170126557350159,1.4864999055862427,0.22817982733249664,0.3819500505924225,1.0945652723312378,1.378664255142212,0.8144398927688599,0.0655713751912117,0.6866950988769531,1.1403666734695435,0.5461670756340027,0.5511151552200317,0.8404744267463684,0.1938643455505371,1.2567304372787476,0.026157481595873833,0.5497785806655884,0.49153396487236023,0.1972736269235611,0.9069634675979614,1.119415044784546,0.19760382175445557,0.45522341132164,1.0212922096252441,0.09446265548467636,0.8216721415519714,0.7637510299682617,0.5098665356636047,1.0472793579101562,0.5489424467086792,0.4594327509403229,1.1239356994628906,0.4555465877056122,0.08654679358005524,1.4064686298370361,1.057149052619934,0.13431911170482635,0.6751527190208435
0.8096840381622314,0.7041875720024109,0.564582109451294,0.17763933539390564,0.41845667362213135,1.4257619380950928,0.1244339868426323,4.964310646057129,0.9684466123580933,0.539115846157074,0.23458214104175568,0.46251001954078674,0.3834869861602783,0.00039999998989515007,1.1597694158554077,0.9796383380889893,0.4144722521305084,2.8997421264648438,1.0373098850250244,0.40602022409439087,1.4009462594985962,0.004041993524879217,0.5304996967315674,1.0923398733139038,1.3730958700180054,0.8559580445289612,0.11567617952823639,0.777222752571106,1.0911377668380737,0.39999568462371826,0.44417113065719604,0.6835319995880127,0.036358240991830826,1.237471103668213,0.20271046459674835,0.5255592465400696,0.38769638538360596,0.022333450615406036,0.9838639497756958,0.9404874444007874,0.07926379144191742,0.4347023367881775,1.0438697338104248,0.16142258048057556,0.9534110426902771,0.7420668005943298,0.5423299670219421,1.3610953092575073,0.6142427921295166,0.5163231492042542,1.0005325078964233,0.4605522155761719,0.07992242276668549,1.2969930171966553,0.9479072093963623,0.17525699734687805,0.4462876319885254
0.8487318158149719,0.7074229717254639,0.6916060447692871,0.1520911604166031,0.4384254813194275,1.329265832901001,0.22208237648010254,4.908935546875,0.8302428126335144,0.6355000734329224,0.37804114818573,0.5020837783813477,0.36610856652259827,0.00039999998989515007,0.9797701239585876,0.9439661502838135,0.45840173959732056,3.0150563716888428,0.9466181993484497,0.43530380725860596,1.4722580909729004,0.009596413932740688,0.35779285430908203,1.1119314432144165,1.4114149808883667,0.8677237629890442,0.05766553431749344,0.6125605702400208,1.1401710510253906,0.4779517650604248,0.35432252287864685,0.8082265853881836,0.11710924655199051,1.1851251125335693,0.17602571845054626,0.5349655747413635,0.4395012855529785,0.10253345966339111,0.79988032579422,1.151153564453125,0.09366828948259354,0.22871564328670502,0.9709301590919495,0.11716345697641373,0.8940666913986206,0.6891973614692688,0.5300704836845398,1.1835377216339111,0.47188177704811096,0.6394923329353333,1.0677307844161987,0.582709789276123,0.16201286017894745,1.2559845447540283,1.1557636260986328,0.10787846893072128,0.5672339200973511
1.1939451694488525,0.653175950050354,0.5268720984458923,0.10530922561883926,0.6577667593955994,0.9299365282058716,0.3084259629249573,4.639586448669434,0.4162319600582123,0.6114091277122498,0.39696478843688965,0.4525506794452667,0.5311191082000732,0.00039999998989515007,0.7463366985321045,0.8221215605735779,0.4222509562969208,3.019270420074463,0.9249573945999146,0.6766595840454102,1.6148581504821777,0.37956398725509644,0.3399079442024231,0.8461396098136902,1.3683359622955322,0.8373484015464783,0.08609743416309357,0.8517382740974426,1.3454567193984985,0.6229386925697327,0.46425744891166687,0.759070634841919,0.4960210621356964,1.260964035987854,0.23231254518032074,0.4574357271194458,0.22539988160133362,0.11686605960130692,1.0218783617019653,0.9976057410240173,0.055480606853961945,0.3486754894256592,1.030958890914917,0.01644517108798027,0.7674055695533752,0.7048375010490417,0.3184969425201416,0.735308051109314,0.7567457556724548,0.3563224673271179,1.2380685806274414,0.37903210520744324,0.13595330715179443,1.7096930742263794,1.1018273830413818,0.3568783700466156,0.8249769806861877
0.8179478645324707,0.7797926068305969,0.7493842840194702,0.160460963845253,0.4163751006126404,1.3375502824783325,0.31919464468955994,4.934417247772217,0.9625927209854126,0.6447224617004395,0.42237865924835205,0.5372002720832825,0.3082844018936157,0.00039999998989515007,0.9409713745117188,0.942139208316803,0.546168863773346,3.033398151397705,0.9313157200813293,0.38050949573516846,1.486708402633667,0.11464115232229233,0.36730489134788513,1.1756927967071533,1.4133102893829346,0.8837606310844421,0.03229697048664093,0.5624776482582092,1.1189442873001099,0.40385857224464417,0.24091719090938568,0.7983919978141785,0.029984356835484505,1.179158329963684,0.28160956501960754,0.5362861156463623,0.4057859778404236,0.09212913364171982,0.7580450773239136,1.0861562490463257,0.05822280794382095,0.20462174713611603,0.9213011860847473,0.12341664731502533,0.9210216999053955,0.6159083247184753,0.4714162051677704,1.2897703647613525,0.4480728805065155,0.7360718846321106,1.0079514980316162,0.6136496067047119,0.14934630692005157,1.1708835363388062,1.1423251628875732,0.12760388851165771,0.4747815728187561
0.9403612017631531,0.8632661700248718,0.39543038606643677,0.08514487743377686,0.36930185556411743,1.3427579402923584,0.11032895743846893,4.93218469619751,1.334322214126587,0.48436394333839417,0.05830567702651024,0.1984206736087799,0.33289802074432373,0.00039999998989515007,1.284389853477478,0.9194963574409485,0.6259415149688721,2.875605821609497,1.2034980058670044,0.7373508214950562,1.372928261756897,0.01659429259598255,0.6296827793121338,1.1713638305664062,1.1888601779937744,0.7332215905189514,0.17308220267295837,0.7373899221420288,1.3382738828659058,0.3477380871772766,0.4665111303329468,0.7787016034126282,0.11447472870349884,1.3724216222763062,0.12997189164161682,0.4323698580265045,0.06706857681274414,0.018106140196323395,0.9988373517990112,0.6978679895401001,0.14036761224269867,0.4432699978351593,1.1277445554733276,0.1045212596654892,0.7609574794769287,0.7033502459526062,0.35505566000938416,1.3807058334350586,0.5452789068222046,0.6077982187271118,0.9449123740196228,0.43687254190444946,0.07017842680215836,1.3589526414871216,0.7876567244529724,0.106344074010849,0.27828529477119446
0.7973167300224304,0.7582313418388367,0.32773295044898987,0.14596806466579437,0.5615230798721313,1.2908236980438232,0.085145965218544,4.9403605461120605,1.1004210710525513,0.24630631506443024,0.15954633057117462,0.1969551146030426,0.32079991698265076,0.00039999998989515007,1.1577861309051514,0.9966683983802795,0.5691395998001099,3.0637080669403076,1.0115503072738647,0.6170617341995239,1.375643253326416,0.10964686423540115,0.6268747448921204,1.1359918117523193,1.3231182098388672,0.7489042282104492,0.32993215322494507,0.8461713194847107,1.256597876548767,0.4726504981517792,0.6025162935256958,0.6576591730117798,0.052869509905576706,1.3234790563583374,0.029134482145309448,0.4419187605381012,0.21303720772266388,0.03902807831764221,1.0117257833480835,0.7082194089889526,0.2877504229545593,0.5897277593612671,1.0753668546676636,0.17006440460681915,0.8688081502914429,0.6026772260665894,0.3401346206665039,1.2014594078063965,0.5840819478034973,0.45690444111824036,1.0439190864562988,0.3084251582622528,0.042111728340387344,1.4881272315979004,0.6775079369544983,0.39945006370544434,0.4761025011539459
0.8467968106269836,0.7453410029411316,0.5967856645584106,0.15156665444374084,0.4325401782989502,1.2680233716964722,0.2402377426624298,4.9770026206970215,0.8526108860969543,0.5467035174369812,0.32962000370025635,0.4470614790916443,0.3406347334384918,0.00039999998989515007,0.9765573740005493,0.9676098823547363,0.5103587508201599,3.0396761894226074,0.9127197861671448,0.4270588159561157,1.5108267068862915,0.053632136434316635,0.38494595885276794,1.1714767217636108,1.4294941425323486,0.82220458984375,0.08489961177110672,0.6675696969032288,1.1692386865615845,0.45466771721839905,0.353141188621521,0.7804173231124878,0.0839749202132225,1.1998074054718018,0.1093396246433258,0.5126940608024597,0.42948222160339355,0.12404068559408188,0.8533585667610168,1.0421186685562134,0.1337604820728302,0.36504945158958435,0.9581437110900879,0.11934830993413925,0.8660790920257568,0.6379005312919617,0.49512147903442383,1.177980661392212,0.47305744886398315,0.6083073019981384,1.0693265199661255,0.49112042784690857,0.1293434500694275,1.3230003118515015,1.0448724031448364,0.19900985062122345,0.5580881834030151
0.7476282715797424,0.6851402521133423,0.43482455611228943,0.16963081061840057,0.514781653881073,1.2888745069503784,0.08408822119235992,4.969602108001709,0.7873322367668152,0.3306150436401367,0.2790185809135437,0.3229145407676697,0.31650248169898987,0.00039999998989515007,1.0428205728530884,1.1038731336593628,0.5016013383865356,3.050017833709717,0.8516440391540527,0.3927716910839081,1.4974499940872192,0.20092378556728363,0.40136826038360596,1.1722561120986938,1.443066954612732,0.7925464510917664,0.2842981517314911,0.7379551529884338,1.1193256378173828,0.5270497798919678,0.5190516114234924,0.6488663554191589,0.07235924899578094,1.216841220855713,0.010501062497496605,0.5534804463386536,0.5203981399536133,0.2125730961561203,0.93593430519104,0.9859363436698914,0.3131256699562073,0.5728203058242798,0.9663414359092712,0.15168212354183197,0.9049834609031677,0.6341984272003174,0.49208396673202515,1.049088478088379,0.5431389808654785,0.5029841065406799,1.1215574741363525,0.33374473452568054,0.06294659525156021,1.4268674850463867,0.9074172973632812,0.3497847020626068,0.6757278442382812
0.7567511200904846,0.5479335784912109,0.7448920011520386,0.10581997036933899,0.2745181918144226,1.0201996564865112,0.2208426594734192,4.628820896148682,0.16748693585395813,0.8692712187767029,0.4240657687187195,0.5869778990745544,0.390930712223053,0.00039999998989515007,0.8138489723205566,1.290160059928894,0.4023596942424774,2.7788543701171875,0.5447446703910828,0.05584137514233589,1.6448782682418823,0.5336719155311584,0.16688989102840424,0.8875647187232971,1.3423410654067993,0.8943970799446106,0.009430143050849438,0.26458558440208435,0.9289435744285583,0.4928213953971863,0.1810837835073471,0.6926326751708984,0.31864964962005615,0.8640751838684082,0.03925492987036705,0.9261853694915771,1.0136618614196777,0.7223693132400513,0.6500152349472046,1.8855112791061401,0.20358577370643616,0.31069082021713257,0.6856182217597961,0.042851246893405914,0.860087513923645,0.983974039554596,1.0210344791412354,0.32423460483551025,0.4354930520057678,0.7959544062614441,1.3469128608703613,0.5588852763175964,0.13412287831306458,1.1687175035476685,1.7252484560012817,0.21953639388084412,0.8902236819267273
1.024515986442566,0.7109768390655518,0.3887450397014618,0.13457238674163818,0.05331801623106003,1.6930875778198242,0.3674328327178955,4.975632667541504,0.5445171594619751,0.06714799255132675,0.7614194750785828,0.2925562858581543,0.1788846254348755,0.00039999998989515007,0.7915137410163879,0.5627407431602478,0.10662492364645004,3.2317914962768555,0.6217578053474426,0.006549282465130091,1.6176687479019165,0.2104017436504364,0.20634184777736664,1.7386674880981445,1.4652637243270874,0.5641098022460938,0.09807992726564407,0.6625784039497375,0.5570958852767944,0.8006682395935059,0.417731910943985,1.0167714357376099,0.03933214023709297,1.158591866493225,0.16333235800266266,0.17925024032592773,1.0235483646392822,0.1885971873998642,0.7122417688369751,0.690143346786499,0.2472311556339264,0.7934980988502502,0.634272575378418,0.47748905420303345,0.4840964078903198,0.014707011170685291,0.09696528315544128,1.185761570930481,0.10072629898786545,0.32925161719322205,0.5710473656654358,0.09347063302993774,0.14759406447410583,1.2885680198669434,0.6988892555236816,0.4685961604118347,1.3120930194854736
0.8852826356887817,0.6410217881202698,0.6567195057868958,0.13056154549121857,0.5255316495895386,1.3046096563339233,0.32514461874961853,4.948022365570068,0.8130199909210205,0.6466832756996155,0.34796884655952454,0.5191200971603394,0.4192311465740204,0.00039999998989515007,0.8783963322639465,0.88199782371521,0.45086485147476196,3.107194185256958,0.952118456363678,0.45282524824142456,1.4070733785629272,0.04494604095816612,0.4836626648902893,1.0462816953659058,1.4507966041564941,0.8432987332344055,0.03558773547410965,0.6755121350288391,1.1690040826797485,0.4284130036830902,0.355304479598999,0.6834973692893982,0.06925886869430542,1.1518489122390747,0.16999849677085876,0.48917505145072937,0.3402637243270874,0.005448772106319666,0.7983522415161133,1.1235418319702148,0.012366595678031445,0.21813897788524628,0.9811400175094604,0.20291335880756378,0.9666718244552612,0.6736888885498047,0.5084123611450195,1.2117623090744019,0.49279654026031494,0.6285080313682556,1.0463460683822632,0.5861256718635559,0.1910102367401123,1.3143579959869385,1.0494130849838257,0.20466867089271545,0.4854143559932709
0.5913341641426086,0.5581368207931519,1.0695947408676147,0.31876376271247864,0.6840934753417969,1.4757462739944458,0.566766619682312,4.86639404296875,0.8593299388885498,0.5745472311973572,0.8982531428337097,0.9835044145584106,0.39010053873062134,0.00039999998989515007,0.4918859302997589,0.4340260326862335,0.13779495656490326,3.284263849258423,0.8011807203292847,0.11100727319717407,1.1993335485458374,0.43675312399864197,0.5144771933555603,0.8788933157920837,1.5182244777679443,1.062922477722168,0.3282574713230133,0.7727947235107422,0.7747579216957092,0.4314901828765869,0.23348957300186157,0.7365553975105286,0.23975107073783875,1.0390006303787231,0.6570544242858887,0.3005826771259308,0.2777787446975708,0.4732014536857605,0.6225395798683167,0.8547102212905884,0.31832781434059143,0.10110931843519211,0.775458037853241,0.17334574460983276,1.1889365911483765,0.321036696434021,0.2390529066324234,1.579634666442871,0.5423905253410339,0.449849396944046,0.7870454788208008,0.7149898409843445,0.08645805716514587,1.034072995185852,0.9692123532295227,0.49952030181884766,0.5032327771186829
1.2312783002853394,0.7034322023391724,0.4066443145275116,0.07929495722055435,0.552189290523529,1.067437767982483,0.20911110937595367,4.74889612197876,0.6266968846321106,0.48284295201301575,0.36968398094177246,0.30368518829345703,0.4454023241996765,0.00039999998989515007,0.8128342628479004,0.7726156711578369,0.5134581923484802,2.9810431003570557,1.034016728401184,0.7207874059677124,1.6006553173065186,0.29670995473861694,0.4040675163269043,1.0184237957000732,1.3636109828948975,0.8031995296478271,0.019065523520112038,0.8623927235603333,1.2818397283554077,0.5918392539024353,0.45116761326789856,0.7642425298690796,0.40811267495155334,1.3495378494262695,0.1917092502117157,0.36618492007255554,0.18172134459018707,0.06689201295375824,1.0532363653182983,0.8097062110900879,0.06638777256011963,0.4507444500923157,1.0580190420150757,0.05569463595747948,0.7467281222343445,0.5877966284751892,0.1688871681690216,0.9642094373703003,0.7714863419532776,0.3711338937282562,1.1068408489227295,0.3153165876865387,0.07055363059043884,1.736568570137024,0.9125512838363647,0.3569963574409485,0.7753674387931824
0.8864389657974243,0.6162056922912598,0.619971752166748,0.1174071654677391,0.302627295255661,1.1232446432113647,0.4034712016582489,4.962697505950928,0.7919983267784119,0.8033879995346069,0.03412291780114174,0.511968731880188,0.5906995534896851,0.00039999998989515007,1.3773713111877441,0.6270488500595093,0.2591787576675415,3.0734713077545166,0.8550549149513245,0.33499181270599365,1.3591997623443604,0.4700794517993927,0.47211065888404846,0.8411086797714233,1.203718900680542,0.6998991370201111,0.06963764876127243,0.6440646648406982,1.2739583253860474,0.34072354435920715,0.4417217969894409,1.1490296125411987,0.034329771995544434,0.9867841601371765,0.13310380280017853,0.44000107049942017,0.608708918094635,0.06403331458568573,0.8753693103790283,1.4442499876022339,0.3124285042285919,0.29401490092277527,0.8408263325691223,0.1471044421195984,0.579374372959137,0.8417462706565857,1.090406060218811,0.8003618717193604,0.18076129257678986,0.4020550847053528,1.361199975013733,0.7209891080856323,0.0450255461037159,1.1473942995071411,1.1820086240768433,0.2690483331680298,0.4168093800544739
0.6713943481445312,0.5068920850753784,1.0774236917495728,0.2745511829853058,0.7119852900505066,1.5027633905410767,0.5970767140388489,4.793336391448975,0.8907831311225891,0.6891946196556091,0.8224349617958069,0.970039427280426,0.4633636772632599,0.00039999998989515007,0.5178883075714111,0.38459545373916626,0.12015390396118164,3.281921625137329,0.8934532999992371,0.21481841802597046,1.112608551979065,0.48256003856658936,0.6071785688400269,0.7843451499938965,1.4763776063919067,1.0578190088272095,0.43294650316238403,0.7420077323913574,0.833122193813324,0.4040956199169159,0.25966402888298035,0.6863629817962646,0.20211349427700043,1.022924542427063,0.6717860102653503,0.31203800439834595,0.17443440854549408,0.5408451557159424,0.5838140845298767,0.9324946999549866,0.377881795167923,0.20189625024795532,0.8320860266685486,0.2261456698179245,1.2224797010421753,0.41531631350517273,0.28329458832740784,1.5761882066726685,0.5432336926460266,0.4891158640384674,0.77938312292099,0.7991901636123657,0.15675731003284454,1.023545265197754,0.9935706257820129,0.42268913984298706,0.4003887176513672
1.0260809659957886,0.8933925628662109,0.6027022004127502,0.019825180992484093,0.2101699560880661,1.2675107717514038,0.2678820490837097,4.8850016593933105,1.0786465406417847,0.724967360496521,0.2361433058977127,0.3445473909378052,0.2952452600002289,0.00039999998989515007,1.0236212015151978,0.9140440821647644,0.6477094292640686,3.0299882888793945,0.9578012824058533,0.5155467391014099,1.5817581415176392,0.05163981765508652,0.21235162019729614,1.3184291124343872,1.3018790483474731,0.6918266415596008,0.0357309989631176,0.37560561299324036,1.3616256713867188,0.39833346009254456,0.2319393903017044,0.946848452091217,0.10683295130729675,1.16448974609375,0.15489107370376587,0.5414074659347534,0.41358697414398193,0.2785894274711609,0.6694422364234924,1.2351250648498535,0.25537213683128357,0.2582882344722748,0.878381609916687,0.0302288755774498,0.6556273698806763,0.6513469219207764,0.5570260286331177,1.031372308731079,0.15380613505840302,0.9174295663833618,1.034246563911438,0.612144947052002,0.20301535725593567,1.1697286367416382,1.2026865482330322,0.09969592094421387,0.487392395734787
0.9870072603225708,0.7668873071670532,0.6844702363014221,0.11277791112661362,0.3690910041332245,1.215112566947937,0.488565593957901,4.9140167236328125,0.9221153259277344,0.6869548559188843,0.17734727263450623,0.514807403087616,0.4431149959564209,0.00039999998989515007,1.0934470891952515,0.6797938942909241,0.482225626707077,3.0464119911193848,0.990414023399353,0.5063756704330444,1.4508816003799438,0.1348530799150467,0.6228278279304504,1.1761835813522339,1.444993495941162,0.7292233109474182,0.03654010221362114,0.7749402523040771,1.2719284296035767,0.313983678817749,0.22886106371879578,0.9868259429931641,0.010706236585974693,1.1556683778762817,0.16408146917819977,0.2749973237514496,0.2912680506706238,0.16589276492595673,0.8683659434318542,0.9798532128334045,0.012745017185807228,0.22116437554359436,1.015138864517212,0.19754229485988617,0.7420482635498047,0.5523188710212708,0.5565106868743896,1.4536100625991821,0.312888503074646,0.563703179359436,1.0361573696136475,0.6810667514801025,0.24977941811084747,1.1941046714782715,0.9527052640914917,0.08729740977287292,0.25922319293022156
1.0655927658081055,0.7361464500427246,0.4652261734008789,0.03826501965522766,0.31769755482673645,1.171237587928772,0.4260784983634949,4.856997966766357,0.5481249690055847,0.564355731010437,0.05055631324648857,0.675995409488678,0.42083168029785156,0.00039999998989515007,0.9330339431762695,0.9716977477073669,0.4327608346939087,2.7754509449005127,0.8747968077659607,0.2536630928516388,1.6172133684158325,0.20704180002212524,0.6267892122268677,1.313771367073059,1.7075145244598389,0.517374575138092,0.3923358619213104,1.1540918350219727,1.2676197290420532,0.14863638579845428,0.10784612596035004,0.5901668071746826,0.14050492644309998,1.1052486896514893,0.04450715333223343,0.22482900321483612,0.4186602532863617,0.10071256011724472,1.1789298057556152,0.8235597014427185,0.07905653864145279,0.6685281991958618,1.0276325941085815,0.3302389979362488,0.8503523468971252,0.5513613820075989,0.686413049697876,1.6370631456375122,0.38654661178588867,0.5283297300338745,0.8928362131118774,0.3700619339942932,0.40165531635284424,1.310181736946106,0.6711724400520325,0.3825327754020691,0.1943708211183548
0.8934600949287415,0.9914914965629578,0.5241055488586426,0.3597034513950348,0.7771725058555603,0.5596336722373962,0.8778494000434875,4.432394504547119,0.958657443523407,0.4510119557380676,0.18764212727546692,0.01731986179947853,0.5267946720123291,0.00039999998989515007,1.271492838859558,1.2406834363937378,0.8616405725479126,3.17814040184021,0.7754424214363098,0.6880366802215576,1.528311014175415,0.270026296377182,0.9519442915916443,0.792687177658081,1.0213791131973267,1.1874679327011108,0.2732040286064148,0.6283884048461914,1.0899910926818848,0.42921191453933716,0.3488122224807739,0.4565836191177368,0.47844746708869934,1.1901755332946777,0.19020211696624756,0.9313193559646606,0.060369618237018585,0.33883073925971985,0.9799093008041382,0.505448579788208,0.057633329182863235,0.705008327960968,1.1215248107910156,0.09050385653972626,0.9781611561775208,0.7290094494819641,0.00021062461019027978,0.6375083327293396,1.196351170539856,0.31101110577583313,1.37617826461792,0.27254268527030945,0.08536931127309799,1.570772647857666,0.9887701869010925,0.7314666509628296,0.28041374683380127
0.5559665560722351,0.9814555048942566,0.6029205322265625,0.3482188880443573,0.5863032341003418,0.9715996980667114,0.654113233089447,4.730733394622803,1.104703426361084,0.30020132660865784,0.21159882843494415,0.03327551484107971,0.2986573278903961,0.00039999998989515007,1.3715487718582153,1.4096697568893433,0.8796027302742004,3.2617928981781006,0.6725654602050781,0.4179128110408783,1.4995198249816895,0.013686449266970158,0.790340006351471,1.22190260887146,1.2522138357162476,1.0773218870162964,0.37743884325027466,0.45991820096969604,0.926664412021637,0.407991498708725,0.28320223093032837,0.5456745624542236,0.08275969326496124,1.1106518507003784,0.0659356489777565,0.8884648680686951,0.4465957581996918,0.45141470432281494,0.7490862607955933,0.7282089591026306,0.38947978615760803,0.6582031846046448,1.0153239965438843,0.2266620695590973,1.0205705165863037,0.5624852776527405,0.2249213606119156,0.9940156936645508,0.736078679561615,0.5819772481918335,1.235664963722229,0.39959368109703064,0.020880045369267464,1.199262022972107,0.9796302914619446,0.5786606073379517,0.2590074837207794
0.01830446906387806,0.41802680492401123,1.0446105003356934,0.47410911321640015,0.3882078230381012,2.049329996109009,0.22200769186019897,4.856407642364502,0.9077145457267761,0.04080583155155182,1.1587392091751099,1.0913968086242676,0.2924621105194092,0.00039999998989515007,0.7857321500778198,0.09361079335212708,0.8624005317687988,3.470149040222168,0.3771689832210541,0.471717894077301,0.9013410210609436,0.0965568795800209,0.10793521255254745,1.0014190673828125,1.2589130401611328,0.8155014514923096,0.1838533580303192,0.6762368083000183,0.3602480888366699,0.8357055187225342,0.8326988220214844,1.1830859184265137,0.6087614297866821,0.8200579881668091,1.0505306720733643,0.17597517371177673,0.9444026350975037,0.4881936013698578,0.3373483419418335,0.8011388182640076,0.48876723647117615,0.045555051416158676,0.36298030614852905,0.20651093125343323,0.7928139567375183,0.053579311817884445,0.47534871101379395,1.2332022190093994,0.2829810082912445,0.06805942207574844,0.484889417886734,0.48644471168518066,0.20076821744441986,0.4817710518836975,0.832396388053894,0.560338020324707,1.1986223459243774
0.7839813828468323,0.6760882139205933,0.6399178504943848,0.15413020551204681,0.5196937322616577,1.338592529296875,0.24810995161533356,4.9227776527404785,0.8194624781608582,0.536633312702179,0.38953688740730286,0.5704885721206665,0.35901692509651184,0.00039999998989515007,0.9076948761940002,0.9502324461936951,0.43198317289352417,3.0885045528411865,0.8596031665802002,0.33570271730422974,1.469577670097351,0.07342469692230225,0.34731659293174744,1.0625591278076172,1.4643820524215698,0.8310734033584595,0.10883627086877823,0.6866848468780518,1.1986140012741089,0.46416789293289185,0.43796440958976746,0.7158268690109253,0.011697295121848583,1.143288254737854,0.1825399100780487,0.5384852290153503,0.4688831865787506,0.09687459468841553,0.8278407454490662,1.180569052696228,0.20836910605430603,0.3435404300689697,0.905185341835022,0.18413852155208588,0.961129367351532,0.6633607745170593,0.596418559551239,1.0727969408035278,0.41333556175231934,0.6307309865951538,1.0861908197402954,0.511004626750946,0.1546536386013031,1.3031333684921265,1.085282325744629,0.25315481424331665,0.6183104515075684
0.7335173487663269,0.6403251886367798,0.27024930715560913,0.11659502983093262,0.5852399468421936,1.29916250705719,0.03363095223903656,4.885796546936035,0.9096134901046753,0.09288511425256729,0.18518546223640442,0.03366423398256302,0.2256762683391571,0.00039999998989515007,1.1874436140060425,1.1041871309280396,0.658880889415741,3.0493433475494385,0.8140704035758972,0.5520943999290466,1.3680585622787476,0.4552520513534546,0.3622637987136841,1.207107663154602,1.4042317867279053,0.7227916121482849,0.38823801279067993,0.8163169026374817,1.2622743844985962,0.6356149911880493,0.7454635500907898,0.6933218240737915,0.0695696622133255,1.2390912771224976,0.1027889996767044,0.4619092047214508,0.5521968603134155,0.2819496989250183,0.9553873538970947,0.9992737174034119,0.7068040370941162,0.5689561367034912,0.8959051370620728,0.2633834183216095,0.7558242082595825,0.6302775144577026,0.6077120900154114,0.7895245552062988,0.3498683571815491,0.41007930040359497,1.2806346416473389,0.3638024926185608,0.01624387316405773,1.5133458375930786,0.6844192743301392,0.28778308629989624,0.6853276491165161
1.1452230215072632,0.5577124953269958,0.31404298543930054,0.0525558702647686,0.4327039122581482,1.0460736751556396,0.15442441403865814,4.717738151550293,0.4288507103919983,0.5100363492965698,0.312139630317688,0.2207634598016739,0.48162421584129333,0.00039999998989515007,0.7920462489128113,0.7419000267982483,0.41532713174819946,3.004382848739624,0.899408221244812,0.6517859101295471,1.5692766904830933,0.5584507584571838,0.25869113206863403,1.0465866327285767,1.4401289224624634,0.743865430355072,0.017898067831993103,0.6945181488990784,1.3171944618225098,0.6667929291725159,0.5987440943717957,0.8663646578788757,0.4053049683570862,1.1621532440185547,0.3836354911327362,0.4324733316898346,0.47200441360473633,0.18963462114334106,0.8759466409683228,1.2655751705169678,0.17344596982002258,0.49534285068511963,0.9930334687232971,0.003994958475232124,0.6807832717895508,0.6715779900550842,0.45753908157348633,0.6254308223724365,0.5013764500617981,0.3695642352104187,1.2789875268936157,0.3607473075389862,0.1041904166340828,1.7936350107192993,1.0592997074127197,0.16747123003005981,0.968490719795227
0.6395655870437622,0.7538520097732544,0.527849555015564,0.2138129621744156,0.06326387822628021,1.8008558750152588,0.4883503019809723,5.034491062164307,0.8983900547027588,0.20276442170143127,0.5187888145446777,0.43406277894973755,0.18346843123435974,0.00039999998989515007,1.2759130001068115,0.7080632448196411,0.15551072359085083,2.8579812049865723,0.7739117741584778,0.09367518872022629,1.4967001676559448,0.2743394374847412,0.21676383912563324,1.5268086194992065,1.2733758687973022,0.6080746054649353,0.10062984377145767,0.6100399494171143,0.8529440760612488,0.7274616360664368,0.6771942377090454,1.2845852375030518,0.07040748000144958,1.2065012454986572,0.30767202377319336,0.32520580291748047,0.9534748792648315,0.17303495109081268,0.7938764691352844,0.9100261926651001,0.5975446105003357,0.5848379135131836,0.754265308380127,0.3402980864048004,0.43127796053886414,0.414515882730484,0.548599898815155,1.1702635288238525,0.05586673319339752,0.38350799679756165,0.7419828176498413,0.2740943729877472,0.12078793346881866,1.0270925760269165,1.0092582702636719,0.08488106727600098,1.160800576210022
0.7193970084190369,0.5046707391738892,0.9781737923622131,0.2396814078092575,0.43225106596946716,1.2523716688156128,0.9300365447998047,4.693258285522461,0.3033905625343323,0.5485464930534363,0.7424940466880798,1.362307071685791,0.4585208296775818,0.00039999998989515007,0.10356377065181732,0.1895836740732193,0.14493286609649658,3.2883174419403076,0.3686334192752838,0.39044713973999023,1.3893992900848389,0.4986133277416229,0.45668667554855347,1.1709706783294678,1.9881278276443481,0.6741745471954346,0.015534583479166031,1.1357545852661133,0.8815192580223083,0.20543132722377777,0.004410960245877504,0.7718443870544434,0.6282453536987305,0.6436313390731812,0.4065071642398834,0.042681947350502014,0.6342658400535583,0.6775112748146057,0.6636205911636353,0.9646341800689697,0.330802857875824,0.2822098135948181,0.5687326192855835,0.36242660880088806,1.0509300231933594,0.014766163192689419,0.5799214243888855,1.6936686038970947,0.0022790543735027313,0.326524943113327,0.7211170196533203,0.606838583946228,0.3687818944454193,1.0237442255020142,0.6713110208511353,0.7634528875350952,0.45179983973503113
1.1359779834747314,0.7707651853561401,0.2784370481967926,0.11792022734880447,0.019025372341275215,1.5549300909042358,0.5358690023422241,4.834472179412842,0.7419605851173401,0.1284789890050888,0.4876672625541687,0.1495884209871292,0.28366026282310486,0.00039999998989515007,1.2180800437927246,0.49062469601631165,0.06572780013084412,2.7032101154327393,1.0418730974197388,0.5869993567466736,1.594051480293274,0.4908466041088104,0.1052568107843399,1.4118252992630005,1.1321239471435547,0.5993677377700806,0.08509812504053116,0.8420714139938354,0.9802681803703308,0.8517733812332153,0.7388824820518494,1.3508954048156738,0.3790088891983032,1.4805701971054077,0.0686948373913765,0.10501208156347275,0.5582307577133179,0.09612230211496353,1.0777262449264526,0.4530349373817444,0.286832720041275,0.6613575220108032,0.9532299637794495,0.5995292067527771,0.21610988676548004,0.3469979763031006,0.061763882637023926,1.1000040769577026,0.35967767238616943,0.07731594890356064,0.7413089871406555,0.08635233342647552,0.20107737183570862,1.5087510347366333,0.7995637655258179,0.18124958872795105,1.3103129863739014
1.1423999071121216,0.61760014295578,0.8308805227279663,0.13086473941802979,0.3842633366584778,1.49404776096344,0.3361649811267853,4.856663227081299,0.5484994053840637,0.7373437881469727,0.6800753474235535,0.6828127503395081,0.4538196325302124,0.00039999998989515007,0.7125410437583923,0.6971593499183655,0.14796999096870422,3.1748671531677246,0.860048770904541,0.22141222655773163,1.504132866859436,0.09753499925136566,0.24898140132427216,1.0790154933929443,1.4719874858856201,0.9131515622138977,0.27257785201072693,0.6629287004470825,0.8534279465675354,0.4781019687652588,0.2075718492269516,0.6835220456123352,0.07375114411115646,1.1119983196258545,0.33127427101135254,0.45451247692108154,0.5605452060699463,0.022977838292717934,0.7603442072868347,1.1112829446792603,0.23640316724777222,0.26640772819519043,0.8400554060935974,0.05920897051692009,0.9864915013313293,0.5294633507728577,0.3650934100151062,1.190533995628357,0.5528320074081421,0.5882587432861328,0.8587222695350647,0.5867339968681335,0.10671538859605789,1.286338448524475,1.1671702861785889,0.30414241552352905,0.7421560287475586
0.6137455701828003,0.5955014824867249,1.1828429698944092,0.2993727922439575,0.5774202942848206,1.653246283531189,0.5418391227722168,4.776148319244385,1.0151249170303345,0.6645815372467041,0.9481062293052673,1.0440406799316406,0.3603920042514801,0.00039999998989515007,0.5997089147567749,0.40463608503341675,0.0925733745098114,3.1643192768096924,0.858421266078949,0.07133013010025024,1.1677488088607788,0.5535813570022583,0.43182381987571716,0.8952339887619019,1.4362845420837402,1.0877463817596436,0.4443916380405426,0.6649503707885742,0.7465350031852722,0.37126100063323975,0.20313991606235504,0.8022361397743225,0.3048676550388336,1.0412496328353882,0.8499653935432434,0.32797005772590637,0.29999786615371704,0.4848313331604004,0.5652498602867126,0.899761438369751,0.30340179800987244,0.18533922731876373,0.7465545535087585,0.1250123828649521,1.1862744092941284,0.34644022583961487,0.2747325003147125,1.6498605012893677,0.45798367261886597,0.5733419060707092,0.6886154413223267,0.8297479152679443,0.08866498619318008,0.8730590343475342,1.0814000368118286,0.36596012115478516,0.46625566482543945
0.9180277585983276,0.8784996271133423,0.25167426466941833,0.013809721916913986,0.39611148834228516,1.1887532472610474,0.28460928797721863,4.818075180053711,0.8379748463630676,0.10195598006248474,0.024661080911755562,0.3414313793182373,0.1639692634344101,0.00039999998989515007,0.9354620575904846,1.119066596031189,0.7330477237701416,2.9637668132781982,0.7417574524879456,0.3488551080226898,1.6763097047805786,0.10379942506551743,0.4634014070034027,1.6131314039230347,1.694932222366333,0.40901079773902893,0.6627403497695923,1.0012004375457764,1.426108717918396,0.2922337055206299,0.27976176142692566,0.6661523580551147,0.25715649127960205,1.1782073974609375,0.11850400269031525,0.19291354715824127,0.4490155577659607,0.16091959178447723,1.0242120027542114,0.658592164516449,0.453815758228302,0.8223966360092163,0.9246851801872253,0.29411762952804565,0.6990389823913574,0.23977047204971313,0.4229029715061188,1.4239193201065063,0.10011123865842819,0.6307359337806702,0.9241208434104919,0.22647884488105774,0.33745723962783813,1.3723771572113037,0.4642401933670044,0.5836071968078613,0.41195744276046753
0.6722251772880554,0.7764870524406433,0.49952325224876404,0.19303922355175018,0.11411090195178986,1.8924850225448608,0.526667058467865,5.085960865020752,1.05846107006073,0.16856440901756287,0.5167154669761658,0.3460599184036255,0.1347682923078537,0.00039999998989515007,1.3533068895339966,0.6854050755500793,0.06912292540073395,2.771414279937744,0.9118319153785706,0.1835455298423767,1.4408767223358154,0.14908771216869354,0.12165826559066772,1.5889198780059814,1.240270733833313,0.6411918997764587,0.03501026704907417,0.615155041217804,0.7841503620147705,0.6705347895622253,0.6286197304725647,1.2911207675933838,0.10259516537189484,1.291114091873169,0.3721211552619934,0.26257503032684326,0.8598970770835876,0.10160426795482635,0.8134323358535767,0.751387894153595,0.4944700598716736,0.5614262819290161,0.8004950284957886,0.36694812774658203,0.43878528475761414,0.36036330461502075,0.4169021248817444,1.4030961990356445,0.021554820239543915,0.38879790902137756,0.6355389952659607,0.3001551032066345,0.15884149074554443,1.0207414627075195,0.9129378795623779,0.02206340618431568,1.0626518726348877
0.4777044951915741,0.4748256802558899,0.8917526006698608,0.3380013704299927,0.8314180970191956,1.6878951787948608,0.4675563871860504,4.8090643882751465,1.2229704856872559,0.35651952028274536,0.7719500660896301,0.9099467396736145,0.41544026136398315,0.00039999998989515007,0.7002600431442261,0.3458717465400696,0.08534279465675354,3.218502998352051,0.9620248079299927,0.18590833246707916,0.9155836701393127,0.4641362130641937,0.8225336670875549,0.7113500833511353,1.404411792755127,1.07587730884552,0.17557527124881744,0.9569316506385803,0.8201281428337097,0.35514944791793823,0.5388695001602173,0.5574944615364075,0.43607109785079956,1.1002893447875977,0.7883941531181335,0.2384549081325531,0.055050868541002274,0.7745423913002014,0.7509840726852417,0.5801002979278564,0.21396027505397797,0.032606516033411026,0.8507438898086548,0.31656360626220703,1.325402855873108,0.3484842777252197,0.202004075050354,1.7181494235992432,0.6423148512840271,0.2809295654296875,0.7104563117027283,0.6440935134887695,0.015491277910768986,1.1054800748825073,0.6055782437324524,0.6440122723579407,0.3466520607471466
0.9987660050392151,0.8135117292404175,0.7020193934440613,0.09116089344024658,0.24597017467021942,1.394278883934021,0.3250296711921692,4.9517974853515625,1.0246390104293823,0.6926923990249634,0.3521077334880829,0.509328305721283,0.3252916932106018,0.00039999998989515007,1.0249160528182983,0.7914791107177734,0.49156996607780457,2.886352300643921,1.0431255102157593,0.4873436391353607,1.5095010995864868,0.15288256108760834,0.3606427013874054,1.2605434656143188,1.384901523590088,0.7879448533058167,0.11554180830717087,0.6249638199806213,1.2115159034729004,0.3277931809425354,0.22711530327796936,0.9619264602661133,0.020794065669178963,1.2304902076721191,0.25137263536453247,0.3806295394897461,0.3304290473461151,0.015261600725352764,0.8165449500083923,0.9884245991706848,0.0039599742740392685,0.22961825132369995,0.9718235731124878,0.05121587961912155,0.7594728469848633,0.5793154239654541,0.44487518072128296,1.4356186389923096,0.34125930070877075,0.7122035622596741,0.9038838148117065,0.6430143713951111,0.17168711125850677,1.2005119323730469,1.0993015766143799,0.02006758376955986,0.4389452040195465
0.4713226854801178,0.33804264664649963,0.16373911499977112,0.012885122559964657,0.9217391014099121,1.48616361618042,0.023381400853395462,4.713820457458496,1.5686898231506348,0.2709888815879822,0.07767882943153381,0.14281713962554932,0.3332129418849945,0.00039999998989515007,0.9596021175384521,0.6724146008491516,0.7370213270187378,2.959259510040283,1.2619620561599731,0.9740525484085083,0.7507539987564087,0.2857554852962494,0.7701972723007202,0.6526678800582886,1.2326537370681763,0.7143096923828125,0.13228163123130798,0.632226824760437,1.7255712747573853,0.4581066370010376,1.1546847820281982,0.5404839515686035,0.15994243323802948,1.1993353366851807,0.12774857878684998,0.3847830295562744,0.19776612520217896,0.32724103331565857,0.6651118397712708,1.2783883810043335,0.5981711149215698,0.02021797001361847,1.0218452215194702,0.6689085364341736,1.0153958797454834,0.8660958409309387,0.6963323950767517,0.9361214637756348,0.22986795008182526,0.6154634356498718,1.2137426137924194,0.6078717112541199,0.1522461622953415,1.512190580368042,0.6013427376747131,0.018958183005452156,0.36408647894859314
0.9861534833908081,0.5390063524246216,0.05276237428188324,0.059261128306388855,0.4711834788322449,1.1445038318634033,0.029955456033349037,4.839549541473389,0.3820742070674896,0.056358519941568375,0.1179695799946785,0.11926903575658798,0.22244267165660858,0.00039999998989515007,1.0348478555679321,1.3072034120559692,0.694960355758667,2.7862548828125,0.5976211428642273,0.328939288854599,1.5197319984436035,0.5631150603294373,0.24763675034046173,1.387715458869934,1.6890109777450562,0.38870275020599365,0.7110753655433655,1.1690436601638794,1.3645751476287842,0.4547082483768463,0.5523879528045654,0.4531899392604828,0.04243289679288864,1.0932533740997314,0.40506500005722046,0.273005872964859,0.8221361637115479,0.38589924573898315,1.1693594455718994,1.0375354290008545,0.736229419708252,0.8377699851989746,0.7581425309181213,0.458711177110672,0.6006560325622559,0.6041420102119446,0.9570838212966919,0.7868795990943909,0.08862288296222687,0.3491828441619873,1.2679064273834229,0.2326640486717224,0.18756051361560822,1.5716553926467896,0.3855356276035309,0.3312831521034241,0.5834710001945496
0.843039333820343,0.4896649420261383,0.9461695551872253,0.10457869619131088,0.2084997594356537,1.2679718732833862,0.34421074390411377,4.741016864776611,0.2199455350637436,0.9848573803901672,0.6394721865653992,0.7715135216712952,0.3835938274860382,0.00039999998989515007,0.7021207809448242,1.0436315536499023,0.2985747456550598,2.690134048461914,0.711015522480011,0.046331778168678284,1.56318199634552,0.1716325879096985,0.08512597531080246,0.897591769695282,1.4273960590362549,0.998980700969696,0.35364192724227905,0.3388974368572235,0.7636271119117737,0.38521242141723633,0.023191289976239204,0.7644284963607788,0.18801447749137878,0.9151213765144348,0.19663995504379272,0.7429552674293518,0.9089471101760864,0.41034606099128723,0.6212801933288574,1.7964259386062622,0.17040055990219116,0.09095180034637451,0.7305931448936462,0.014294441789388657,0.9733105897903442,0.8650776743888855,0.8652519583702087,0.8109030723571777,0.5218764543533325,0.7966547012329102,1.1181972026824951,0.7441890239715576,0.14618822932243347,1.1043974161148071,1.7420637607574463,0.27473747730255127,0.8010760545730591
1.1207526922225952,0.611907422542572,0.8194398880004883,0.12488841265439987,0.32258644700050354,1.5580165386199951,0.49996909499168396,4.9695281982421875,0.7327662110328674,0.6961264610290527,0.7281697988510132,0.7212501168251038,0.4133704900741577,0.00039999998989515007,0.5731337070465088,0.547417402267456,0.1365671008825302,3.378558874130249,0.8472747206687927,0.1341882199048996,1.3435062170028687,0.36703360080718994,0.42316997051239014,1.1702948808670044,1.5570369958877563,0.9168208837509155,0.26979511976242065,0.6147370338439941,0.7416434288024902,0.33905693888664246,0.0716533362865448,0.5731337070465088,0.19562003016471863,0.9992032051086426,0.5119379162788391,0.3617447018623352,0.5142746567726135,0.22656598687171936,0.5413045287132263,1.0246772766113281,0.35229384899139404,0.26888754963874817,0.7435921430587769,0.021565040573477745,1.0696958303451538,0.32275834679603577,0.27483609318733215,1.4174026250839233,0.4240219295024872,0.6286499500274658,0.6520782709121704,0.6272731423377991,0.08268026262521744,1.2136499881744385,0.9421561360359192,0.4198791980743408,0.5684739947319031
0.9529372453689575,0.650619387626648,0.6677266955375671,0.10558995604515076,0.2516331970691681,1.383296251296997,0.44005489349365234,5.031765460968018,0.9686132669448853,0.7832744121551514,0.13792099058628082,0.5406299829483032,0.5137450098991394,0.00039999998989515007,1.1529815196990967,0.6181585788726807,0.24549168348312378,2.8963019847869873,1.132340908050537,0.557680070400238,1.2542351484298706,0.279962956905365,0.7059713006019592,1.1076797246932983,1.3771215677261353,0.7538833022117615,0.2164314091205597,0.8001289367675781,1.188948631286621,0.23414959013462067,0.30093199014663696,0.9264664649963379,0.034481532871723175,1.1295477151870728,0.22378985583782196,0.2580682635307312,0.19699299335479736,0.3427085280418396,0.8285467028617859,0.9139780402183533,0.17608235776424408,0.1549614667892456,1.1183525323867798,0.20005746185779572,0.7902199029922485,0.6748970746994019,0.5558159351348877,1.6818020343780518,0.33664625883102417,0.4808720648288727,0.8465449213981628,0.7213411927223206,0.24977439641952515,1.1679147481918335,0.935936689376831,0.007913131266832352,0.17179124057292938
0.3145911693572998,0.5282429456710815,0.17215308547019958,0.001601295080035925,0.6258349418640137,0.8362458944320679,0.09550821036100388,4.04935884475708,1.3344274759292603,0.05710025504231453,0.35334643721580505,0.36363381147384644,0.46391889452934265,0.00039999998989515007,0.7379041314125061,1.670596957206726,0.08779334276914597,3.191805839538574,0.05115537345409393,0.3202539086341858,0.9973378777503967,0.965246319770813,0.06712328642606735,0.7220146656036377,1.3895995616912842,0.4496442377567291,0.8693498373031616,0.5729235410690308,0.05403716862201691,0.8478067517280579,0.49213847517967224,0.132202610373497,0.2742695212364197,0.4518483281135559,0.25890254974365234,1.0093939304351807,1.5860801935195923,0.7074148654937744,0.8624545931816101,1.9890961647033691,0.7179574966430664,1.3123371601104736,0.5354087948799133,0.4996422827243805,0.9758618474006653,0.8015395402908325,1.2457249164581299,0.07404167950153351,1.0678869485855103,0.06768996268510818,1.2355982065200806,0.09893332421779633,0.28934791684150696,1.3448846340179443,0.9362509250640869,0.5530158281326294,1.4096962213516235
0.5141551494598389,0.8805473446846008,0.4138663709163666,0.17543955147266388,0.09733473509550095,1.970351219177246,0.5178599953651428,5.220921993255615,1.5230109691619873,0.09411262720823288,0.44856953620910645,0.0953584760427475,0.03056684508919716,0.00039999998989515007,1.5513726472854614,0.6798156499862671,0.048520658165216446,2.9256930351257324,0.943666934967041,0.36023327708244324,1.165981650352478,0.08978961408138275,0.1832427978515625,1.5622084140777588,1.0192170143127441,0.5814643502235413,0.20441314578056335,0.78997802734375,0.7443042993545532,0.5071719884872437,0.6717928051948547,1.1989647150039673,0.29495707154273987,1.380846381187439,0.5199428200721741,0.12297588586807251,0.5582239627838135,0.00709899328649044,0.8632057905197144,0.361244261264801,0.5088037848472595,0.7015336751937866,0.890741765499115,0.31383761763572693,0.4584650695323944,0.26514095067977905,0.24729833006858826,1.5986790657043457,0.05915515497326851,0.3761095702648163,0.47526273131370544,0.3273696005344391,0.3171049654483795,0.9890511631965637,0.5600342750549316,0.1684587448835373,0.6666002869606018
0.578743040561676,0.9838973879814148,0.5528525710105896,0.32344260811805725,0.35804998874664307,1.2438777685165405,0.7333241701126099,4.994689464569092,1.3530157804489136,0.28102898597717285,0.25241559743881226,0.011190855875611305,0.28340232372283936,0.00039999998989515007,1.3647528886795044,1.1670416593551636,0.7046517729759216,3.4591939449310303,0.6840516924858093,0.23607587814331055,1.3213567733764648,0.2773677706718445,0.9212566614151001,1.398545503616333,1.2500139474868774,1.0122941732406616,0.3763146996498108,0.4250214993953705,0.7208808064460754,0.24553009867668152,0.19381491839885712,0.47978267073631287,0.2524881958961487,0.9925789833068848,0.2962265908718109,0.7764155268669128,0.4908718764781952,0.20012308657169342,0.5723455548286438,0.5929968953132629,0.24194224178791046,0.7802343368530273,0.9240378737449646,0.19994835555553436,1.0727273225784302,0.38245612382888794,0.13791225850582123,1.321770429611206,0.5382587909698486,0.5939268469810486,0.9334317445755005,0.42706188559532166,0.05128457024693489,1.0856525897979736,0.7339691519737244,0.6290592551231384,0.08465233445167542
0.5045690536499023,0.7853497266769409,0.9646790623664856,0.337391197681427,0.3119465410709381,0.8774757385253906,0.9236043691635132,4.660428047180176,0.5312341451644897,0.8126004338264465,0.5011763572692871,0.24314364790916443,0.3710264265537262,0.00039999998989515007,1.1146360635757446,1.5124015808105469,0.6947026252746582,3.1492249965667725,0.3816573917865753,0.02610422484576702,1.5021730661392212,0.06307990849018097,0.43600955605506897,0.9601324796676636,1.184973955154419,1.309741735458374,0.0604390949010849,0.024752682074904442,0.3929000794887543,0.2989039123058319,0.16329289972782135,0.4457629323005676,0.1641443967819214,0.7082291841506958,0.1644500195980072,1.2534172534942627,0.9663301706314087,0.8126057982444763,0.3386113941669464,1.5325082540512085,0.02020098641514778,0.42217397689819336,0.7517570853233337,0.11443439871072769,1.1787571907043457,0.8002755045890808,0.5665475130081177,0.5561674237251282,0.7618680596351624,0.8148802518844604,1.2908369302749634,0.6840507388114929,0.00372306234203279,0.9188332557678223,1.711957335472107,0.1222727969288826,0.35819607973098755
1.1431570053100586,0.8664830923080444,0.5654690861701965,0.0002665180363692343,0.16432102024555206,1.2583504915237427,0.4728131890296936,4.975234508514404,0.6460000872612,0.5248502492904663,0.22549936175346375,0.6493745446205139,0.2707936763763428,0.00039999998989515007,0.7477900385856628,0.7981809377670288,0.46817368268966675,2.9312355518341064,0.7782385945320129,0.18211689591407776,1.7029759883880615,0.3789382576942444,0.4076780676841736,1.5624728202819824,1.7427127361297607,0.45854467153549194,0.2428217977285385,0.981782853603363,1.2083566188812256,0.1664159744977951,0.07289857417345047,0.7689188122749329,0.27313119173049927,1.0984703302383423,0.08931922912597656,0.09733400493860245,0.4877753257751465,0.03442530333995819,0.939652681350708,0.8020657896995544,0.08948280662298203,0.5943953394889832,0.8662430644035339,0.15056361258029938,0.7178476452827454,0.238444983959198,0.4563344120979309,1.7107456922531128,0.08609727025032043,0.6988819241523743,0.7062404155731201,0.45169612765312195,0.37783223390579224,1.2080289125442505,0.7062020897865295,0.3867388665676117,0.3002835214138031
0.4962083697319031,0.776766836643219,0.6863135099411011,0.2626471221446991,0.20482991635799408,2.1817915439605713,0.6307373046875,5.134547710418701,1.5277717113494873,0.3693406283855438,0.6180474162101746,0.3891236484050751,0.14686983823776245,0.00039999998989515007,1.5294725894927979,0.4366127550601959,0.23443691432476044,2.6634459495544434,1.0995930433273315,0.17514954507350922,1.1281239986419678,0.023798856884241104,0.06056572496891022,1.358150839805603,0.9253925681114197,0.8114745616912842,0.2602843940258026,0.3681752383708954,0.6045035719871521,0.6388837099075317,0.6891776323318481,1.323178768157959,0.18751999735832214,1.2927883863449097,0.7972381711006165,0.38941770792007446,0.7170726656913757,0.09139394760131836,0.6282568573951721,0.8172367811203003,0.3711549639701843,0.2769927382469177,0.7819743752479553,0.44697505235671997,0.5389758348464966,0.5285623669624329,0.4365895092487335,1.516994595527649,0.032609064131975174,0.4832017719745636,0.45312249660491943,0.5066376328468323,0.31739935278892517,0.7370041012763977,1.0851796865463257,0.2673887312412262,0.8754360675811768
1.3149203062057495,0.6223053932189941,0.39279526472091675,0.09334559738636017,0.5626738667488098,0.7866708040237427,0.5115374326705933,4.717134952545166,0.3202597498893738,0.3262579143047333,0.6331943273544312,0.45615148544311523,0.2802236080169678,0.00039999998989515007,0.3972664177417755,0.594973623752594,0.5312775373458862,3.441366672515869,0.8344383835792542,0.6473163962364197,1.7051993608474731,0.007220684550702572,0.2702878415584564,1.2585358619689941,1.598357915878296,0.4280381202697754,0.033691685646772385,0.9594622254371643,1.3367843627929688,0.5375092625617981,0.09475532919168472,0.8856543302536011,0.028989717364311218,1.2070930004119873,0.1874406337738037,0.06588780879974365,0.07181371003389359,0.04483434557914734,0.9699665307998657,0.8593494296073914,0.1183033213019371,0.4167712926864624,0.8638356328010559,0.0513845793902874,0.6280551552772522,0.1197572574019432,0.035748302936553955,1.2122150659561157,0.5222392678260803,0.561032772064209,0.8899425268173218,0.46942633390426636,0.12536627054214478,1.5826300382614136,0.8117408752441406,0.6891772747039795,0.7570602893829346
1.1392141580581665,0.727150022983551,0.6612930297851562,0.11664888262748718,0.3023745119571686,1.4858735799789429,0.401102751493454,4.97851037979126,0.7561249732971191,0.5247772336006165,0.6632997393608093,0.5604892373085022,0.34999993443489075,0.00039999998989515007,0.5475158095359802,0.4641241431236267,0.2657807469367981,3.377216339111328,0.7838340401649475,0.13736119866371155,1.4841771125793457,0.2923888862133026,0.42826446890830994,1.3511466979980469,1.6358399391174316,0.7762863636016846,0.0808454155921936,0.7142278552055359,0.866823136806488,0.4437449276447296,0.13503023982048035,0.6451258659362793,0.23840326070785522,1.0507276058197021,0.3053671717643738,0.26485201716423035,0.5303096175193787,0.15409496426582336,0.6314300298690796,0.9619325399398804,0.21998649835586548,0.4796156883239746,0.7707821130752563,0.012637951411306858,0.9978920817375183,0.19917654991149902,0.18270179629325867,1.4247902631759644,0.2927910089492798,0.6215677261352539,0.6962763667106628,0.516118049621582,0.13414183259010315,1.3520876169204712,0.7910627126693726,0.5191491842269897,0.5819059014320374
1.337981939315796,0.8185281753540039,0.4681470990180969,0.055639807134866714,0.17554211616516113,1.454938292503357,0.3656846880912781,4.910254001617432,1.0374826192855835,0.5535592436790466,0.6431831121444702,0.33579254150390625,0.31687042117118835,0.00039999998989515007,0.5381252765655518,0.14947931468486786,0.4822601079940796,3.2400319576263428,1.003920078277588,0.2593357563018799,1.5744954347610474,0.4123092591762543,0.4440833330154419,1.6581189632415771,1.6580111980438232,0.516815185546875,0.10291413962841034,0.6349182724952698,0.8574755787849426,0.2641150653362274,0.0074236951768398285,0.8369536995887756,0.3269554674625397,1.1234095096588135,0.16662104427814484,0.0690377876162529,0.43470311164855957,0.16035930812358856,0.5769471526145935,0.875441312789917,0.49495142698287964,0.6475027203559875,0.7042611837387085,0.07441329210996628,0.7953028678894043,0.08523369580507278,0.1353888362646103,1.7362866401672363,0.18271741271018982,0.6874115467071533,0.3946712613105774,0.5764086246490479,0.1041385605931282,1.3353784084320068,0.5380563139915466,0.34620246291160583,0.4102224111557007
1.5903820991516113,0.7257055640220642,0.9298827052116394,0.01935471221804619,0.39026761054992676,1.0349276065826416,0.9504479169845581,4.345261573791504,0.3732960522174835,0.8671813011169434,0.5648316740989685,1.191395878791809,0.5588307976722717,0.00039999998989515007,0.1365092247724533,0.051025670021772385,0.13345491886138916,2.67671275138855,0.9459518790245056,0.3016481101512909,1.5519685745239258,0.779768168926239,0.6883826851844788,1.012736439704895,1.68350088596344,0.6180539727210999,0.4388851523399353,1.3748300075531006,1.104378581047058,0.07289562374353409,0.36609387397766113,0.7547971606254578,0.08676466345787048,1.1108896732330322,0.25760573148727417,0.36093154549598694,0.16507276892662048,0.8161833882331848,1.071021556854248,0.2965739369392395,1.1162641048431396,0.0790969729423523,0.9048022627830505,0.04719727486371994,0.7803409695625305,0.03613416478037834,0.04720084369182587,2.098766565322876,0.5370709896087646,0.36099064350128174,0.405546098947525,0.6324520707130432,0.4475020468235016,1.2775700092315674,0.557738721370697,0.6134246587753296,0.09871180355548859
0.7525649666786194,0.7667536735534668,1.1918774843215942,0.28922027349472046,0.37098097801208496,1.658655047416687,0.5227514505386353,4.7118916511535645,1.225745439529419,0.7268182039260864,0.9042202234268188,1.0212386846542358,0.31538334488868713,0.00039999998989515007,0.6289933323860168,0.03385225683450699,0.11751791834831238,2.9822542667388916,0.9692811369895935,0.12864387035369873,1.2021172046661377,0.7643952965736389,0.5103726387023926,1.0531946420669556,1.424877643585205,1.017485499382019,0.537811279296875,0.6774019002914429,0.8045232892036438,0.3451955318450928,0.07097385823726654,0.989816427230835,0.3725159466266632,1.101798415184021,0.8881139755249023,0.15339872241020203,0.17312538623809814,0.6335375905036926,0.561528205871582,0.7482382655143738,0.44030889868736267,0.18668167293071747,0.7854048013687134,0.032584600150585175,1.0562256574630737,0.21319106221199036,0.13619081676006317,1.9408884048461914,0.3289763927459717,0.6294009685516357,0.5128483176231384,0.886513888835907,0.11143793910741806,0.8267077207565308,1.0032649040222168,0.2831209897994995,0.2904321551322937
0.5953025221824646,1.0960524082183838,0.7897306680679321,0.43802356719970703,0.46200060844421387,1.1014032363891602,0.7022921442985535,4.833664417266846,1.303528904914856,0.4366413652896881,0.3115321099758148,0.10649698972702026,0.3514322340488434,0.00039999998989515007,1.4869672060012817,1.005431056022644,0.6619837284088135,3.3333263397216797,0.7246004939079285,0.3566274642944336,1.4027291536331177,0.2674732208251953,0.9298532009124756,1.1851129531860352,1.1473242044448853,1.167417049407959,0.13951240479946136,0.43010413646698,0.7886448502540588,0.4111570417881012,0.21059174835681915,0.674316942691803,0.04172134026885033,1.099785566329956,0.29723599553108215,0.8509863615036011,0.38665997982025146,0.2532062828540802,0.6336573362350464,0.6335582137107849,0.1922054886817932,0.5890379548072815,1.0348325967788696,0.10453039407730103,1.0397614240646362,0.5122581720352173,0.12104189395904541,1.224334955215454,0.6518430113792419,0.5599263310432434,1.0418739318847656,0.5431095361709595,0.027174102142453194,1.0484594106674194,1.0358363389968872,0.5824769139289856,0.09065534919500351
0.9390393495559692,0.8763126730918884,0.8415967226028442,0.1274692416191101,0.21431951224803925,1.5061216354370117,0.23727931082248688,4.936646461486816,1.1972181797027588,0.7913405895233154,0.40470391511917114,0.6064058542251587,0.32887449860572815,0.00039999998989515007,1.0375088453292847,0.4330662488937378,0.37060120701789856,2.9211769104003906,1.0607255697250366,0.4220678508281708,1.4110767841339111,0.33219435811042786,0.38753581047058105,1.1990035772323608,1.3378978967666626,0.7994024753570557,0.2412104308605194,0.542733907699585,1.2081223726272583,0.39449542760849,0.22669920325279236,1.026172399520874,0.11159569770097733,1.200454831123352,0.4497612714767456,0.382104754447937,0.3082776963710785,0.10417263954877853,0.6631289124488831,1.10995352268219,0.012677200138568878,0.07330579310655594,0.9420379400253296,0.03280351683497429,0.7996568083763123,0.5806733965873718,0.4851915240287781,1.4990475177764893,0.13626381754875183,0.821148693561554,0.7891542315483093,0.778570830821991,0.20615999400615692,1.019670009613037,1.1827958822250366,0.045108623802661896,0.33430734276771545
0.8920861482620239,0.8306829333305359,0.7220425009727478,0.18054279685020447,0.27320438623428345,1.5288429260253906,0.19552110135555267,5.005086421966553,1.142090916633606,0.5891498327255249,0.4787401258945465,0.5089899301528931,0.2933988869190216,0.00039999998989515007,0.9594430923461914,0.38744983077049255,0.38070106506347656,3.0232975482940674,1.002436876296997,0.34767866134643555,1.4105944633483887,0.2709958255290985,0.4662347435951233,1.2669565677642822,1.4489500522613525,0.8402862548828125,0.11678695678710938,0.6293609142303467,1.076309323310852,0.4546078145503998,0.29955965280532837,0.9173966646194458,0.17558856308460236,1.2013816833496094,0.3706338703632355,0.3630622327327728,0.389689177274704,0.13634523749351501,0.7051841020584106,1.00937020778656,0.0023681060411036015,0.2797410488128662,0.9336812496185303,0.0476854145526886,0.9047644138336182,0.4563974440097809,0.3642459213733673,1.523596167564392,0.25624993443489075,0.6904321908950806,0.8060744404792786,0.6424410939216614,0.10484364628791809,1.1963400840759277,0.998819887638092,0.1708850860595703,0.44055259227752686
1.0949342250823975,0.7023037672042847,0.7584905624389648,0.06508108973503113,0.27207911014556885,1.611897349357605,0.27410733699798584,4.946492671966553,0.7838564515113831,0.5859377980232239,0.6277845501899719,0.5577355027198792,0.3736141324043274,0.00039999998989515007,0.8262935280799866,0.24677321314811707,0.14991778135299683,3.6853129863739014,0.595184862613678,0.127152219414711,1.4065463542938232,0.0580371730029583,0.24585779011249542,1.240898847579956,1.4584227800369263,0.6692200303077698,0.013947630301117897,0.4340539872646332,0.7975727319717407,0.5137967467308044,0.1690848171710968,0.7882069945335388,0.43579065799713135,0.8749605417251587,0.5830618739128113,0.40495428442955017,0.9280899167060852,0.02279464341700077,0.4319051504135132,1.4328548908233643,0.21647411584854126,0.4269139766693115,0.4998866617679596,0.025361981242895126,0.8907747864723206,0.25135380029678345,0.6195250153541565,0.9420307278633118,0.12253481149673462,0.7831219434738159,0.8445690274238586,0.7103517651557922,0.06056846305727959,0.9971714019775391,0.9747476577758789,0.24543718993663788,0.6270847320556641
0.9498406648635864,0.6996893286705017,0.6743385791778564,0.16673976182937622,0.28666529059410095,1.5057421922683716,0.2402627319097519,4.973221778869629,1.0729480981826782,0.6978885531425476,0.3641440272331238,0.4743066430091858,0.43458986282348633,0.00039999998989515007,0.9593418836593628,0.1708083152770996,0.27934369444847107,3.018223524093628,1.0935708284378052,0.46887147426605225,1.2669317722320557,0.2576735019683838,0.6595232486724854,1.1412442922592163,1.4614379405975342,0.8550490736961365,0.2525322735309601,0.672853946685791,1.0978939533233643,0.44422855973243713,0.38174301385879517,0.89647376537323,0.12364300340414047,1.1416057348251343,0.2755996882915497,0.3138200342655182,0.30815544724464417,0.32431650161743164,0.67494797706604,1.094001293182373,0.12991924583911896,0.2036275416612625,1.0375356674194336,0.1470061093568802,0.9386671781539917,0.5569454431533813,0.435151606798172,1.5551642179489136,0.28722643852233887,0.5752136707305908,0.8488422632217407,0.7180088758468628,0.16173256933689117,1.2890026569366455,0.9549816846847534,0.09121923893690109,0.34717485308647156
1.1969996690750122,0.9063581824302673,0.36817243695259094,0.15837958455085754,0.13244202733039856,1.7366950511932373,0.591900646686554,4.885995388031006,1.066861629486084,0.19795824587345123,0.5848066210746765,0.14441175758838654,0.24414218962192535,0.00039999998989515007,1.2175267934799194,0.08018793165683746,0.13094688951969147,2.731720447540283,1.1240304708480835,0.5276206731796265,1.5101913213729858,0.22540625929832458,0.0130331264808774,1.4971312284469604,1.0905243158340454,0.636309027671814,0.21567346155643463,0.7418592572212219,0.8845306038856506,0.8690880537033081,0.6644718647003174,1.413888692855835,0.18088240921497345,1.5080170631408691,0.16319164633750916,0.05405304580926895,0.5142693519592285,0.08354175835847855,0.9289916157722473,0.3987775444984436,0.15001192688941956,0.6134933829307556,0.9180065393447876,0.6854341626167297,0.25089842081069946,0.22332344949245453,0.07262050360441208,1.3596131801605225,0.1963464766740799,0.19303682446479797,0.5176392197608948,0.2031637728214264,0.27197736501693726,1.4028420448303223,0.7506278157234192,0.14506171643733978,1.1545387506484985
1.1324032545089722,1.0921063423156738,0.5855520963668823,0.0613524354994297,0.1474795788526535,1.3915114402770996,0.3173699676990509,4.84364128112793,1.2144612073898315,0.4182659089565277,0.12075616419315338,0.5122528076171875,0.1461798995733261,0.00039999998989515007,1.026053547859192,0.4603896141052246,0.6179279088973999,2.702587604522705,0.9394572973251343,0.3232467770576477,1.5633970499038696,0.5869277715682983,0.5893596410751343,1.6327826976776123,1.5848376750946045,0.5121207237243652,0.31838130950927734,1.1017591953277588,1.274859070777893,0.1551361232995987,0.006458064075559378,0.7765995264053345,0.3531230092048645,1.2805252075195312,0.2818973958492279,0.06266187876462936,0.2576519548892975,0.1726832091808319,1.0609387159347534,0.4085666835308075,0.0033457118552178144,0.5686900615692139,0.9394665956497192,0.19127994775772095,0.702085018157959,0.25734445452690125,0.3546057641506195,1.9953058958053589,0.08527376502752304,0.7268635630607605,0.5841032862663269,0.5082384347915649,0.2659626603126526,1.1088767051696777,0.4529522955417633,0.4169865548610687,0.043095286935567856
0.4125460088253021,1.3166067600250244,0.4577546715736389,0.49581441283226013,0.18663612008094788,1.6723026037216187,0.1507899910211563,4.7780280113220215,1.8472031354904175,0.14106109738349915,0.30411919951438904,0.3666737675666809,0.0373636931180954,0.00039999998989515007,2.0130958557128906,0.6661241054534912,0.38059574365615845,3.072911500930786,0.7153313159942627,0.16705124080181122,1.35602867603302,0.18039311468601227,0.5624409317970276,1.8948930501937866,0.9176427125930786,0.9337998032569885,0.393934428691864,0.24280667304992676,0.40763238072395325,0.6572641730308533,0.5058544874191284,1.0976624488830566,0.2678532004356384,1.2158325910568237,0.4636472463607788,0.6859387755393982,0.8311922550201416,0.34581562876701355,0.5599833726882935,0.13986560702323914,0.7703867554664612,1.061937689781189,0.903265118598938,0.3517855405807495,0.5688031315803528,0.11848381161689758,0.12091975659132004,1.4645302295684814,0.16376899182796478,0.4356535077095032,0.6076889634132385,0.2084420770406723,0.37861883640289307,0.785689115524292,0.6302399635314941,0.48268038034439087,0.4488842487335205
1.1933600902557373,0.6774946451187134,0.9244346618652344,0.09770289808511734,0.2150556445121765,1.4920573234558105,0.5987859964370728,4.564384937286377,0.45831167697906494,0.6530954837799072,0.9958006143569946,1.0611572265625,0.3155752420425415,0.00039999998989515007,0.04218507930636406,0.3602555990219116,0.07691409438848495,3.105473518371582,0.6284911632537842,0.2829936146736145,1.4132801294326782,0.7590290904045105,0.48037534952163696,1.3923252820968628,1.9566142559051514,0.7341715693473816,0.24780923128128052,0.979200005531311,0.5558866262435913,0.18195341527462006,0.2634279429912567,0.527570366859436,0.6475107073783875,0.8640863299369812,0.6095502376556396,0.14192119240760803,0.5701331496238708,0.5924912095069885,0.6481322646141052,0.8005649447441101,0.8161356449127197,0.37867921590805054,0.5074883103370667,0.0939323902130127,1.1395772695541382,0.1684180349111557,0.1198897659778595,2.0178327560424805,0.22013996541500092,0.6519058346748352,0.37522947788238525,0.6067030429840088,0.2789776623249054,1.0879671573638916,0.5385040044784546,0.6463304162025452,0.4397139847278595
0.8376122117042542,1.2237465381622314,0.7079017162322998,0.2130090296268463,0.270370215177536,0.6175390481948853,1.1624168157577515,4.6253461837768555,1.063207745552063,0.48539674282073975,0.270145446062088,0.23821349442005157,0.41851314902305603,0.00039999998989515007,1.6143531799316406,0.6339655518531799,0.882634162902832,3.3915035724639893,0.4042300581932068,0.07883965224027634,1.6324024200439453,0.2430957704782486,1.0847989320755005,1.429875135421753,1.4056835174560547,0.5817676186561584,0.6293849945068359,0.6666342616081238,1.2541801929473877,0.024805059656500816,0.20360495150089264,1.045257568359375,0.47236695885658264,0.7708780765533447,0.09985671192407608,0.40811336040496826,0.6256793737411499,0.18163248896598816,0.7187437415122986,0.7985798120498657,0.5182831883430481,0.766228973865509,0.8394520282745361,0.4129008948802948,0.5893045663833618,0.23179130256175995,0.7163121700286865,1.2502650022506714,0.1561971753835678,0.6571134924888611,1.2694363594055176,0.73037189245224,0.3582221567630768,0.7576148509979248,0.7082034945487976,0.3852596879005432,0.42601215839385986
0.2918016314506531,0.5489821434020996,0.12331312149763107,0.013746868818998337,0.04955418407917023,1.973028540611267,0.8392126560211182,4.736016750335693,1.693312406539917,0.010170028544962406,0.27096351981163025,0.0423952117562294,0.03337150067090988,0.00039999998989515007,1.0795257091522217,0.09255252778530121,0.2128434181213379,2.9031710624694824,0.95972740650177,0.40922072529792786,0.9139347672462463,0.35106465220451355,0.07419353723526001,1.4594371318817139,1.2493996620178223,0.32584959268569946,0.13680627942085266,0.15382345020771027,1.4415135383605957,0.8454596400260925,1.1991870403289795,1.3734126091003418,0.5152069926261902,1.004906415939331,0.3286069631576538,0.1534109115600586,0.703266441822052,0.08779332786798477,0.1633569449186325,1.5919979810714722,1.2644391059875488,0.1891057938337326,0.6084108352661133,0.11237555742263794,0.40952613949775696,0.3456308841705322,0.8060969710350037,0.8473732471466064,0.977241039276123,0.7841314673423767,0.842427134513855,0.5891761183738708,0.01934799924492836,1.027826189994812,0.6843225955963135,0.44571807980537415,0.9781653881072998
0.543233335018158,1.150871753692627,0.34803783893585205,0.37556764483451843,0.45900553464889526,1.5637482404708862,0.13953876495361328,4.575344085693359,1.4606159925460815,0.3317265510559082,0.7788059115409851,0.32008883357048035,0.020197473466396332,0.00039999998989515007,1.2750248908996582,0.22867892682552338,0.3653796315193176,3.5106468200683594,0.382510781288147,0.4016250967979431,1.4647748470306396,0.4175316393375397,0.5458841919898987,2.166520118713379,1.3311132192611694,0.7055975198745728,0.5359947085380554,0.26582691073417664,0.18860435485839844,0.45168569684028625,0.12130241841077805,0.7137624621391296,0.7133297324180603,0.8840808868408203,0.3968975841999054,0.509710967540741,1.1614147424697876,0.3601652681827545,0.2873031198978424,0.11990103870630264,0.2168084979057312,1.49507737159729,0.43434229493141174,0.3646679222583771,0.8212717175483704,0.4085976183414459,0.627450704574585,1.615850567817688,0.14398853480815887,0.399234801530838,0.17126789689064026,0.11782635003328323,0.4374781548976898,0.7795366644859314,0.12335062772035599,1.0455104112625122,0.4881318211555481
0.8965787887573242,0.8353137969970703,0.7379524111747742,0.18474282324314117,0.23182934522628784,1.562977910041809,0.1879437118768692,4.977194309234619,1.2151507139205933,0.6385486125946045,0.4710221290588379,0.47150105237960815,0.31116393208503723,0.00039999998989515007,0.9674823880195618,0.12288408726453781,0.3934725224971771,3.034555196762085,1.0093399286270142,0.33689334988594055,1.3708395957946777,0.3112927973270416,0.5076014399528503,1.3000346422195435,1.453568935394287,0.8548106551170349,0.13593584299087524,0.5372923016548157,1.0572998523712158,0.4304026961326599,0.29431965947151184,0.9247229695320129,0.22488103806972504,1.1632814407348633,0.4115927219390869,0.4024686813354492,0.43173569440841675,0.16132722795009613,0.6160928010940552,1.0721583366394043,0.013689401559531689,0.2543274164199829,0.9296428561210632,0.07649477571249008,0.9272571206092834,0.45938384532928467,0.3944438397884369,1.5367499589920044,0.18881776928901672,0.7544333934783936,0.8104810118675232,0.7155576944351196,0.10364766418933868,1.1616618633270264,1.0075242519378662,0.11272099614143372,0.39155280590057373
0.7532477378845215,0.7461704015731812,0.7208737134933472,0.2183982878923416,0.3450017273426056,1.6557773351669312,0.022241070866584778,5.051422595977783,1.1879034042358398,0.6087324619293213,0.374299019575119,0.5568035244941711,0.36942288279533386,0.00039999998989515007,1.169207215309143,0.28070950508117676,0.24296072125434875,2.9798643589019775,1.0471528768539429,0.28138992190361023,1.2570208311080933,0.23979179561138153,0.5593209862709045,1.079559564590454,1.3401236534118652,0.8738582134246826,0.03201557323336601,0.6582377552986145,0.9958552718162537,0.43052056431770325,0.4343034327030182,0.7805845141410828,0.2529356777667999,1.1905244588851929,0.5149410367012024,0.5110558271408081,0.43922555446624756,0.15991948544979095,0.7651640176773071,1.064483404159546,0.08440069109201431,0.304060161113739,0.9712213277816772,0.12610892951488495,1.0233542919158936,0.6644893288612366,0.5730330348014832,1.497376561164856,0.32759833335876465,0.6627348065376282,0.8148107528686523,0.6675004959106445,0.05343613773584366,1.0889310836791992,1.0081058740615845,0.12763777375221252,0.36039939522743225
0.9732771515846252,1.0159717798233032,0.7578441500663757,0.17547062039375305,0.14118753373622894,1.4914697408676147,0.18187296390533447,4.984487533569336,1.3440055847167969,0.7060994505882263,0.351165235042572,0.5319703221321106,0.2984897494316101,0.00039999998989515007,1.18030846118927,0.1663104146718979,0.42735591530799866,2.869065761566162,1.0487914085388184,0.33361101150512695,1.4893343448638916,0.2544204294681549,0.4378776252269745,1.2909319400787354,1.2911475896835327,0.7891100645065308,0.008283611387014389,0.5911022424697876,1.180180311203003,0.33094874024391174,0.21593856811523438,1.0452547073364258,0.18884870409965515,1.2578694820404053,0.4647434949874878,0.42325282096862793,0.37754371762275696,0.09024125337600708,0.7970894575119019,0.9160255789756775,0.05393259972333908,0.33587223291397095,0.9147319197654724,0.039796676486730576,0.7633026242256165,0.5384573340415955,0.4608786106109619,1.524170994758606,0.19333669543266296,0.7857290506362915,0.801712691783905,0.6718161702156067,0.053497154265642166,1.062475562095642,1.06316077709198,0.031196657568216324,0.3067490756511688
0.7359058856964111,0.8942650556564331,0.4095114469528198,0.22190989553928375,0.3904559910297394,2.2449522018432617,0.644443690776825,5.04494571685791,1.6302627325057983,0.17735059559345245,0.4392178952693939,0.2568535804748535,0.1136479377746582,0.00039999998989515007,1.437229871749878,0.13756509125232697,0.14299361407756805,2.713491916656494,1.0616828203201294,0.012992361560463905,1.1892383098602295,0.2608245313167572,0.21277227997779846,1.7704459428787231,1.181688904762268,0.6105322241783142,0.1309913694858551,0.5596106648445129,0.5510441064834595,0.5206310153007507,0.5602997541427612,1.1064579486846924,0.5312812328338623,1.2276287078857422,0.7228068113327026,0.21164768934249878,0.8175413012504578,0.2820875346660614,0.6917767524719238,0.5371605753898621,0.30776575207710266,0.7616940140724182,0.7810945510864258,0.3415067791938782,0.6089119911193848,0.21691659092903137,0.2996406555175781,1.9062732458114624,0.11332870274782181,0.5102212429046631,0.24944475293159485,0.33879920840263367,0.2770218551158905,0.876966118812561,0.5256762504577637,0.04187273606657982,0.6453170776367188
1.178911805152893,0.9863911271095276,0.5846996903419495,0.042945753782987595,0.11686226725578308,1.3170602321624756,0.3652998208999634,4.914480209350586,0.8905906081199646,0.5508246421813965,0.21791525185108185,0.5612964630126953,0.25249922275543213,0.00039999998989515007,0.8015163540840149,0.20833101868629456,0.5274283289909363,2.9099748134613037,0.8324163556098938,0.18704701960086823,1.6870684623718262,0.4750029742717743,0.4971155822277069,1.6385996341705322,1.709500789642334,0.4922632873058319,0.2564775347709656,0.8664765357971191,1.2110836505889893,0.1889738142490387,0.07233848422765732,0.8197770118713379,0.3475601375102997,1.126265048980713,0.17446596920490265,0.14948298037052155,0.4888405501842499,0.06626053899526596,0.853768527507782,0.7896549105644226,0.05178575962781906,0.591451108455658,0.8925623893737793,0.13036786019802094,0.7494005560874939,0.21154142916202545,0.39703184366226196,1.776842713356018,0.0033866569865494967,0.8185265064239502,0.6819074153900146,0.5250309705734253,0.33392003178596497,1.1780067682266235,0.6843051314353943,0.3749053180217743,0.21181178092956543
0.2621980905532837,1.051343321800232,1.2672995328903198,0.6065632700920105,0.619849443435669,1.3875373601913452,0.9112036824226379,4.519338607788086,1.6742758750915527,0.46187740564346313,0.8567265272140503,0.5167083740234375,0.27331259846687317,0.00039999998989515007,1.0921822786331177,0.21175315976142883,0.5364351868629456,3.4473750591278076,0.6220544576644897,0.0036327848210930824,1.078384280204773,0.8549221754074097,1.0145248174667358,1.0490083694458008,1.1570594310760498,1.4081895351409912,0.14497697353363037,0.2593427896499634,0.4104457497596741,0.3190062940120697,0.028401123359799385,0.6038219332695007,0.4805336594581604,0.9233570098876953,1.0131288766860962,0.8049787878990173,0.3025243580341339,0.20414185523986816,0.262812077999115,0.4873058795928955,0.06240957975387573,0.12025179713964462,0.7814318537712097,0.183313250541687,1.3870004415512085,0.1875152289867401,0.12591221928596497,1.6062685251235962,0.6191573143005371,0.7035004496574402,0.7494628429412842,0.849983811378479,0.10511965304613113,0.5803021788597107,0.9846150875091553,0.7434005737304688,0.08298692852258682
0.8981541395187378,0.8572168946266174,0.7023831009864807,0.16909350454807281,0.17473351955413818,1.6448326110839844,0.18561285734176636,4.993213176727295,1.313855767250061,0.603449821472168,0.5228617787361145,0.45176857709884644,0.2614913582801819,0.00039999998989515007,0.8690150380134583,0.00046037512947805226,0.4308084547519684,3.1097915172576904,0.9742013216018677,0.23323510587215424,1.349935531616211,0.378159761428833,0.49314993619918823,1.415364384651184,1.4850349426269531,0.832188069820404,0.0665692538022995,0.46876704692840576,0.9843347072601318,0.382674902677536,0.2329283356666565,0.848615825176239,0.3569926917552948,1.1077059507369995,0.5008533596992493,0.39960870146751404,0.4881003797054291,0.17864112555980682,0.52525395154953,1.0641310214996338,0.013032415881752968,0.31682509183883667,0.844468891620636,0.08236277848482132,0.9760172963142395,0.3600367605686188,0.3511205315589905,1.5836025476455688,0.12348891794681549,0.8445996642112732,0.7355138063430786,0.7051044702529907,0.07647811621427536,1.1292493343353271,0.9115625619888306,0.14959000051021576,0.37294459342956543
0.7876468896865845,0.6348429322242737,1.0132683515548706,0.20245398581027985,0.040169283747673035,1.599190354347229,0.14799199998378754,4.870968341827393,0.7706907391548157,1.074873924255371,0.6315670013427734,0.728293776512146,0.3835739195346832,0.00039999998989515007,0.893913984298706,0.27724000811576843,0.1918441355228424,2.6815543174743652,0.880340576171875,0.04107136279344559,1.3601092100143433,0.13354943692684174,0.16462531685829163,0.9815570712089539,1.3323442935943604,1.070104956626892,0.4158448576927185,0.2328629046678543,0.5994049310684204,0.3401103913784027,0.04890606179833412,0.7939306497573853,0.0792904868721962,0.925823986530304,0.5525320172309875,0.766627848148346,0.8644816875457764,0.13754965364933014,0.48739737272262573,1.7174919843673706,0.24277575314044952,0.0899253860116005,0.7605239748954773,0.015342033468186855,1.0981433391571045,0.847201943397522,0.8261879086494446,1.1864464282989502,0.3866192400455475,0.9068846106529236,0.8826519250869751,0.8783507347106934,0.02992485649883747,0.9161697030067444,1.6320605278015137,0.34863054752349854,0.5155982971191406
0.8548827767372131,0.8282064199447632,0.8080002665519714,0.22300095856189728,0.33240512013435364,1.438451886177063,0.25025349855422974,4.997154712677002,1.1320197582244873,0.7371921539306641,0.4398898780345917,0.5031460523605347,0.4011806845664978,0.00039999998989515007,1.028439998626709,0.121297687292099,0.3513353168964386,3.0631580352783203,0.9856330156326294,0.39461788535118103,1.3558921813964844,0.22652333974838257,0.5360511541366577,1.1229660511016846,1.3601632118225098,0.9137153625488281,0.1846323013305664,0.5282255411148071,1.092895746231079,0.43077555298805237,0.3187371492385864,0.9272519946098328,0.11489677429199219,1.1486879587173462,0.38659530878067017,0.5053937435150146,0.38976895809173584,0.09345348179340363,0.6219866871833801,1.1270928382873535,0.01619741879403591,0.1745225042104721,0.9644084572792053,0.0753234252333641,0.9270207285881042,0.600449800491333,0.47016826272010803,1.3671947717666626,0.2624942362308502,0.714129626750946,0.9222307801246643,0.7634344696998596,0.10946866869926453,1.138913869857788,1.1531332731246948,0.10108876973390579,0.3741438388824463
0.48437604308128357,1.0026240348815918,0.8422091007232666,0.4912361800670624,0.5003612637519836,1.1069415807724,0.6796360611915588,4.834686756134033,1.429523229598999,0.6980494260787964,0.01973310112953186,0.1759537011384964,0.615131139755249,0.00039999998989515007,1.870904803276062,0.6298210024833679,0.4231804609298706,3.3415756225585938,0.7448434233665466,0.26934579014778137,1.1325957775115967,0.10987934470176697,1.1629364490509033,0.7935010194778442,0.8915682435035706,1.1842972040176392,0.19871796667575836,0.3792458772659302,0.808721125125885,0.27533388137817383,0.38424399495124817,0.63303542137146,0.1171080619096756,0.9339603185653687,0.4706365764141083,1.0644181966781616,0.4426100254058838,0.13094811141490936,0.6257561445236206,0.8923540711402893,0.3149503767490387,0.5258298516273499,1.0371067523956299,0.22756648063659668,1.0881036520004272,0.8901196718215942,0.6106047630310059,0.9814286828041077,0.5689395666122437,0.5062214732170105,1.19403874874115,0.722446084022522,0.074641153216362,0.829097330570221,1.145048975944519,0.3405502736568451,0.18041115999221802
1.20673406124115,0.6997503042221069,1.0885167121887207,0.2216595858335495,0.6161029934883118,1.2432771921157837,0.6294167637825012,4.62251615524292,0.9114084839820862,0.882617175579071,0.9370781779289246,0.9129714369773865,0.573289155960083,0.00039999998989515007,0.38015803694725037,0.6252428293228149,0.09784704446792603,3.0808370113372803,1.0684089660644531,0.5355956554412842,1.2733941078186035,0.41513827443122864,0.5658881068229675,0.6812163591384888,1.2772890329360962,1.0330902338027954,0.7181510329246521,0.7952703237533569,1.046710729598999,0.43833503127098083,0.14398233592510223,0.9826987981796265,0.07399923354387283,1.2261933088302612,0.5391051173210144,0.13167205452919006,0.15813054144382477,0.6502698659896851,0.6786556243896484,0.6356565952301025,0.7297886610031128,0.3056168258190155,0.8898095488548279,0.13642147183418274,0.9007485508918762,0.31965968012809753,0.09772320836782455,1.5151151418685913,0.6080675721168518,0.42031681537628174,0.6945652961730957,0.8429397344589233,0.04788294807076454,1.257562279701233,1.0459418296813965,0.37003210186958313,0.4704050123691559
1.6618958711624146,0.866539478302002,0.5272226333618164,0.08006276935338974,0.1683712899684906,0.8091453909873962,0.6430901885032654,4.755789756774902,0.45872896909713745,0.9243812561035156,0.08401942998170853,0.6311454772949219,0.6572313904762268,0.00039999998989515007,0.8393725752830505,0.1689893752336502,0.3325214684009552,2.7026658058166504,1.0348496437072754,0.6154454946517944,1.6826289892196655,0.22522884607315063,0.7281076908111572,1.1624010801315308,1.5199530124664307,0.3690589666366577,0.01559219229966402,1.213608741760254,1.5070509910583496,0.06271789968013763,0.10638340562582016,0.993293046951294,0.0986001044511795,1.1863607168197632,0.21752707660198212,0.07879988849163055,0.06648252159357071,0.31959065794944763,1.1605942249298096,0.6380308866500854,0.5310819149017334,0.41833341121673584,1.0921269655227661,0.048497363924980164,0.42904528975486755,0.46714159846305847,0.45131951570510864,1.6448678970336914,0.22679798305034637,0.4206593930721283,0.8042498230934143,0.5830976366996765,0.43078118562698364,1.414905309677124,0.701184868812561,0.2101384401321411,0.04703018069267273
0.841617226600647,0.8902522325515747,0.4795469343662262,0.1978446990251541,0.45397529006004333,1.491227626800537,0.14436542987823486,5.019718170166016,1.475826621055603,0.35352516174316406,0.2912973463535309,0.2590988874435425,0.31067758798599243,0.00039999998989515007,1.0781619548797607,0.08241582661867142,0.5286859273910522,3.153867244720459,1.0693236589431763,0.5149542689323425,1.2673438787460327,0.25293436646461487,0.7784591913223267,1.2509472370147705,1.3534289598464966,0.7839418053627014,0.18483595550060272,0.7105943560600281,1.2140775918960571,0.404685378074646,0.499825119972229,0.7409697771072388,0.28236955404281616,1.268337368965149,0.3426971435546875,0.37900909781455994,0.16512525081634521,0.22516009211540222,0.7535255551338196,0.6771752834320068,0.18243937194347382,0.4586840569972992,1.0060871839523315,0.16222579777240753,0.9442135095596313,0.4145958125591278,0.2217734158039093,1.5233197212219238,0.29198652505874634,0.6235569715499878,0.8214094042778015,0.5248069167137146,0.03295719251036644,1.31160306930542,0.6169238686561584,0.41234955191612244,0.26815927028656006
0.7949660420417786,0.8795813322067261,0.6431570053100586,0.2581346333026886,0.2912890613079071,1.9448201656341553,0.5259979367256165,5.107423305511475,1.203200101852417,0.37218597531318665,0.5571320652961731,0.33260378241539,0.2226661741733551,0.00039999998989515007,1.3810012340545654,0.18528452515602112,0.231700599193573,2.7618329524993896,0.9804112315177917,0.18581275641918182,1.3578672409057617,0.08557241410017014,0.021823080256581306,1.614479899406433,1.168725609779358,0.6836223602294922,0.20607291162014008,0.5152450799942017,0.6558204293251038,0.677055835723877,0.5179746150970459,1.435887098312378,0.1683657169342041,1.2652208805084229,0.5254328846931458,0.23101282119750977,0.82729172706604,0.08294007182121277,0.6549037098884583,0.72319495677948,0.2765621542930603,0.44226738810539246,0.8448271155357361,0.48294517397880554,0.4024907648563385,0.3100722134113312,0.33481764793395996,1.6137021780014038,0.11216294020414352,0.42287003993988037,0.4773763120174408,0.48543399572372437,0.19307976961135864,0.8965930342674255,0.9588238596916199,0.06985867023468018,0.8769083023071289
0.6569501757621765,0.6765326857566833,1.0828757286071777,0.34002771973609924,0.4516306519508362,1.6825391054153442,0.4517689049243927,4.856937885284424,1.212494134902954,0.6273026466369629,0.9205485582351685,0.8654085993766785,0.36375418305397034,0.00039999998989515007,0.5689103603363037,0.4321304261684418,0.08509652316570282,3.2457945346832275,0.8590131998062134,0.05015595629811287,1.093743920326233,0.6510748267173767,0.6140567660331726,1.0468230247497559,1.4798306226730347,1.042209267616272,0.38632965087890625,0.591936469078064,0.694150447845459,0.37691253423690796,0.2006778120994568,0.8260958194732666,0.48592570424079895,0.9904229640960693,0.8644583821296692,0.28861531615257263,0.34348100423812866,0.5968140959739685,0.4057425260543823,0.8708001971244812,0.3097701668739319,0.07798970490694046,0.7456261515617371,0.11598338186740875,1.1863975524902344,0.20728810131549835,0.18796052038669586,1.7670615911483765,0.26647043228149414,0.6093442440032959,0.6028788685798645,0.8586571216583252,0.021397190168499947,0.9079812169075012,0.9075098037719727,0.40254512429237366,0.3505397439002991
0.3968421518802643,1.240713357925415,0.1135200783610344,0.42862632870674133,0.0008654847042635083,1.6576159000396729,0.33588409423828125,4.799163818359375,2.0760679244995117,0.4056123197078705,0.1266898810863495,0.5909864902496338,0.056890152394771576,0.00039999998989515007,2.0023982524871826,0.4027754068374634,0.4178314507007599,3.130610227584839,0.8417015075683594,0.3950842022895813,1.1220698356628418,0.07314447313547134,0.8152459263801575,1.7188853025436401,0.7679842114448547,0.7841230034828186,0.6843541860580444,0.4311591684818268,0.5641058087348938,0.5841754078865051,0.7693598866462708,0.8629158139228821,0.3409556746482849,1.3017876148223877,0.39310672879219055,0.5939379334449768,0.506868302822113,0.20694266259670258,0.6917355060577393,0.1345491111278534,0.8453389406204224,1.242937684059143,0.9778194427490234,0.2684059143066406,0.6011996865272522,0.13177210092544556,0.21494539082050323,1.3877664804458618,0.2676118314266205,0.3339841961860657,0.5745107531547546,0.0400855615735054,0.4810067415237427,1.014785647392273,0.2001761645078659,0.6508710980415344,0.34325674176216125
0.9638231992721558,0.7415040135383606,0.6621052026748657,0.15805396437644958,0.17877677083015442,1.4673367738723755,0.17943808436393738,5.077508926391602,0.8433400988578796,0.5189498066902161,0.7738060355186462,0.39537954330444336,0.38216525316238403,0.00039999998989515007,0.6384161114692688,0.14123427867889404,0.3322090208530426,3.355869770050049,0.8320759534835815,0.18127034604549408,1.4628934860229492,0.16244110465049744,0.4305662512779236,1.292622447013855,1.588820457458496,0.8017977476119995,0.09107689559459686,0.5603317022323608,0.7246094346046448,0.4618178904056549,0.27179545164108276,0.7845751643180847,0.26888325810432434,1.1201274394989014,0.26655471324920654,0.39817482233047485,0.6739068031311035,0.026770858094096184,0.520514190196991,1.1339259147644043,0.20826445519924164,0.5515851974487305,0.7253827452659607,0.02051830105483532,0.9969932436943054,0.32282954454421997,0.14486569166183472,1.2903690338134766,0.29994162917137146,0.5974584817886353,0.7275428175926208,0.6206715106964111,0.009011375717818737,1.335153341293335,0.8536386489868164,0.3905027210712433,0.6542828679084778
0.7267690896987915,0.7836087346076965,0.9192737936973572,0.24881626665592194,0.24852189421653748,1.5836424827575684,0.25202932953834534,4.967518329620361,1.3094444274902344,0.8054714202880859,0.4036979377269745,0.5538790822029114,0.40430232882499695,0.00039999998989515007,1.1901675462722778,0.08490913361310959,0.2953437566757202,2.9588687419891357,1.0508966445922852,0.34797078371047974,1.1890530586242676,0.3697466552257538,0.619272768497467,1.107906460762024,1.3011473417282104,0.924909234046936,0.2898660898208618,0.45979171991348267,1.0037888288497925,0.3395479619503021,0.29872339963912964,1.0666370391845703,0.2519831359386444,1.0928691625595093,0.6000755429267883,0.452780544757843,0.4120860993862152,0.2662108540534973,0.5437052249908447,1.1674920320510864,0.030216511338949203,0.016395652666687965,0.9554470777511597,0.13318774104118347,0.9119738340377808,0.6055853366851807,0.5926493406295776,1.576732873916626,0.14989200234413147,0.7319486737251282,0.8689733147621155,0.9366626143455505,0.10365011543035507,0.8910378813743591,1.1699222326278687,0.11658068001270294,0.21310468018054962
0.5986021757125854,0.8694712519645691,0.6250643730163574,0.2563503682613373,0.1270415037870407,1.9897396564483643,0.6183382272720337,5.076305389404297,1.2814035415649414,0.2233590930700302,0.6011735200881958,0.3625965118408203,0.11336254328489304,0.00039999998989515007,1.3018474578857422,0.04407341778278351,0.09023065865039825,2.8304131031036377,0.8962023258209229,0.10517238825559616,1.3503917455673218,0.04173479601740837,0.06284018605947495,1.5923787355422974,1.2285641431808472,0.6681841015815735,0.03261365741491318,0.46272012591362,0.7646703720092773,0.7156761884689331,0.6216608285903931,1.3371232748031616,0.30191364884376526,1.2365368604660034,0.5795872807502747,0.31401270627975464,0.8845230937004089,0.049700163304805756,0.5929682850837708,0.8878364562988281,0.5518051385879517,0.4360404908657074,0.7604004144668579,0.35790082812309265,0.5170572400093079,0.3023948669433594,0.4248567819595337,1.4427767992019653,0.22832836210727692,0.5739083886146545,0.5632626414299011,0.4736861288547516,0.15756064653396606,0.8680416941642761,0.9601205587387085,0.01147303357720375,0.9474647641181946
1.0809659957885742,0.8620701432228088,0.8832566142082214,0.05822006240487099,0.1258649379014969,1.3416948318481445,0.2938039302825928,4.766724109649658,0.855713427066803,1.1031590700149536,0.4461672008037567,0.4967268705368042,0.33727705478668213,0.00039999998989515007,0.9467576146125793,0.1927405744791031,0.5159981846809387,2.7800118923187256,0.8056378364562988,0.08485350757837296,1.6035189628601074,0.029150886461138725,0.04520921781659126,1.245008945465088,1.2966145277023315,0.8434791564941406,0.23797878623008728,0.06750838458538055,0.9278059601783752,0.2788739502429962,0.10756579041481018,1.04642915725708,0.044230781495571136,0.9067285060882568,0.3514227867126465,0.6995593309402466,0.8994566798210144,0.3771837055683136,0.4174511730670929,1.8029537200927734,0.012641302309930325,0.1838151514530182,0.679818868637085,0.08225630223751068,0.7438030242919922,0.7046487927436829,0.8346284031867981,0.9181520938873291,0.038535915315151215,1.1159119606018066,1.0253032445907593,0.9083725810050964,0.11044976860284805,0.9391338229179382,1.6354341506958008,0.5057325959205627,0.4819987118244171
0.7747613787651062,0.8933811187744141,0.6041200160980225,0.22255922853946686,0.2779294550418854,1.5395885705947876,0.10272876173257828,5.0557427406311035,1.2852975130081177,0.4729835093021393,0.3813987970352173,0.3912050724029541,0.27289018034935,0.00039999998989515007,1.0383833646774292,0.13094642758369446,0.45168378949165344,3.0957391262054443,0.922185480594635,0.2548949122428894,1.3906980752944946,0.18323607742786407,0.5283599495887756,1.3385684490203857,1.444635033607483,0.8065834641456604,0.1743333786725998,0.5617597699165344,1.0989699363708496,0.3963267207145691,0.40060222148895264,0.8243750929832458,0.33165621757507324,1.1372312307357788,0.37605857849121094,0.5055437684059143,0.5158246755599976,0.030782707035541534,0.6556059122085571,1.0356637239456177,0.2583067715167999,0.4916951656341553,0.8939124345779419,0.12096856534481049,0.9569408893585205,0.47509095072746277,0.462390661239624,1.3876607418060303,0.14842715859413147,0.7559012174606323,0.8787315487861633,0.581550657749176,0.04711911454796791,1.1951706409454346,0.8957721590995789,0.2567495107650757,0.41550174355506897
0.7826005220413208,0.8604474067687988,0.5993915796279907,0.24090538918972015,0.45859283208847046,1.578922986984253,0.12062189728021622,4.993382453918457,1.514284610748291,0.4537820518016815,0.2878904640674591,0.3622645139694214,0.3503032922744751,0.00039999998989515007,1.2331411838531494,0.03318054974079132,0.47368746995925903,3.0373268127441406,1.1146512031555176,0.4467361569404602,1.2112957239151,0.23985770344734192,0.8005883693695068,1.1063660383224487,1.279914140701294,0.8666853308677673,0.12942887842655182,0.6978164315223694,1.1555182933807373,0.34863606095314026,0.51725834608078,0.7783278822898865,0.3073922395706177,1.2597030401229858,0.48894232511520386,0.451886922121048,0.2226061224937439,0.2637653648853302,0.800382137298584,0.7874841690063477,0.18381841480731964,0.3711176812648773,1.0083622932434082,0.18216106295585632,0.9999980330467224,0.5487052798271179,0.3881838917732239,1.5228843688964844,0.35290050506591797,0.6294583082199097,0.8715298175811768,0.6257176995277405,0.007143007125705481,1.1926597356796265,0.7494893074035645,0.2608030140399933,0.21849755942821503
0.627197265625,0.8318041563034058,0.8406932950019836,0.33592337369918823,0.010984940454363823,1.4546117782592773,0.29654908180236816,5.027034282684326,1.28336501121521,0.9632713794708252,0.08978180587291718,0.7250362038612366,0.6023685932159424,0.00039999998989515007,1.5366860628128052,0.1537126898765564,0.0637296810746193,2.8264355659484863,0.9119884967803955,0.04650294780731201,1.1797704696655273,0.027479326352477074,0.6478263735771179,0.9661129117012024,1.1618835926055908,0.8209685683250427,0.050046175718307495,0.567099392414093,1.082726001739502,0.1658976972103119,0.44561490416526794,1.1787986755371094,0.35843202471733093,0.8821874856948853,0.5452248454093933,0.58746337890625,0.6393343806266785,0.3421468734741211,0.7025166153907776,1.3134771585464478,0.2045203596353531,0.37203025817871094,0.8731997609138489,0.1298763006925583,0.7707688808441162,0.8991360068321228,1.1298937797546387,1.2929562330245972,0.037006668746471405,0.5086955428123474,1.006402611732483,0.8248984813690186,0.023754479363560677,0.8056262135505676,1.2104336023330688,0.23130489885807037,0.11248740553855896
0.8903518915176392,0.8695786595344543,0.7262333631515503,0.21673306822776794,0.26430544257164,1.539629340171814,0.1907503753900528,4.970844268798828,1.2298856973648071,0.6118502020835876,0.45860373973846436,0.4373469650745392,0.32063618302345276,0.00039999998989515007,0.9864706993103027,0.004626829642802477,0.431423157453537,3.0467348098754883,0.9930921196937561,0.3412405550479889,1.3848360776901245,0.286902517080307,0.5479204654693604,1.300581932067871,1.443893313407898,0.8712241649627686,0.062277380377054214,0.5397699475288391,1.061643123626709,0.3924267292022705,0.3123176097869873,0.8982182741165161,0.24105708301067352,1.1558269262313843,0.4036935567855835,0.45614615082740784,0.44682037830352783,0.11846146732568741,0.6241298317909241,1.0466777086257935,0.06691344082355499,0.30267295241355896,0.9420080780982971,0.08680333197116852,0.9487091898918152,0.4689550995826721,0.3862902522087097,1.488399624824524,0.21849824488162994,0.7579464316368103,0.8528454303741455,0.7020261287689209,0.0840526819229126,1.178155541419983,0.9977933168411255,0.17433549463748932,0.39215537905693054
0.9718884825706482,0.9703598618507385,0.7085159420967102,0.1657131463289261,0.2215367704629898,1.514389991760254,0.22142355144023895,4.894599914550781,1.3838697671890259,0.6124908328056335,0.4381007254123688,0.3920837342739105,0.2562221586704254,0.00039999998989515007,0.970318078994751,0.02784654125571251,0.574002742767334,3.003929853439331,1.0472304821014404,0.42907899618148804,1.436913251876831,0.35319963097572327,0.5149600505828857,1.403136968612671,1.414365291595459,0.816037654876709,0.048367664217948914,0.4820117950439453,1.1866068840026855,0.35848113894462585,0.2486775815486908,0.9690549373626709,0.23871836066246033,1.2069264650344849,0.41331636905670166,0.41063088178634644,0.33997684717178345,0.10220252722501755,0.6068763136863708,0.9662498831748962,0.09413942694664001,0.26855242252349854,0.9375084638595581,0.056823693215847015,0.8618934154510498,0.40022414922714233,0.2914556860923767,1.5369924306869507,0.15037038922309875,0.8704214096069336,0.8123522996902466,0.7190784215927124,0.11141948401927948,1.1591796875,0.9729941487312317,0.13613110780715942,0.34182921051979065
0.9623093008995056,0.896791934967041,0.8212409019470215,0.2259596288204193,0.1781047135591507,1.341429591178894,0.40040990710258484,4.894322872161865,1.1194196939468384,0.8092839121818542,0.2529062330722809,0.5217486619949341,0.4671931862831116,0.00039999998989515007,1.129778504371643,0.1404111683368683,0.3061872720718384,2.9182400703430176,1.0340090990066528,0.4838808476924896,1.373556137084961,0.4054785966873169,0.7046015858650208,1.2698220014572144,1.4281504154205322,0.8000977635383606,0.20976322889328003,0.6582236886024475,1.2004735469818115,0.29587799310684204,0.23156611621379852,1.1262084245681763,0.14262241125106812,1.115799069404602,0.29015013575553894,0.32826122641563416,0.3127394914627075,0.2780604064464569,0.6727942228317261,0.9577946066856384,0.06046045199036598,0.1593887060880661,1.0869470834732056,0.12016340345144272,0.7622824907302856,0.5348929762840271,0.4789653718471527,1.6721094846725464,0.12363101541996002,0.6282080411911011,0.8643399477005005,0.825652003288269,0.23938873410224915,1.0772318840026855,1.0500630140304565,0.07978835701942444,0.17156529426574707
0.8938838243484497,0.880027174949646,0.737297773361206,0.22385746240615845,0.263774037361145,1.547167181968689,0.18948742747306824,4.935360431671143,1.2411600351333618,0.612194836139679,0.4606545567512512,0.4433310925960541,0.317830353975296,0.00039999998989515007,0.9987391233444214,0.00703839585185051,0.44217464327812195,3.018817186355591,1.0011608600616455,0.34229832887649536,1.391737699508667,0.29651886224746704,0.5546867251396179,1.3057286739349365,1.4493370056152344,0.8827415704727173,0.06299971789121628,0.5455529689788818,1.066423773765564,0.38841694593429565,0.31747061014175415,0.9030457735061646,0.24263671040534973,1.1613918542861938,0.4083419442176819,0.45957499742507935,0.4461183249950409,0.12309477478265762,0.6362529397010803,1.0435092449188232,0.07291682809591293,0.3058522641658783,0.9498522877693176,0.09296896308660507,0.9557486772537231,0.4723292887210846,0.38528308272361755,1.4987525939941406,0.2283342033624649,0.7611464858055115,0.8573597073554993,0.7076353430747986,0.08564993739128113,1.1772825717926025,1.0012670755386353,0.17573420703411102,0.3878418207168579
0.8034360408782959,0.8563549518585205,0.693443238735199,0.24989886581897736,0.22684888541698456,1.6806858777999878,0.02790258638560772,4.963792324066162,1.3403462171554565,0.5498467683792114,0.4907025694847107,0.38150155544281006,0.2895125448703766,0.00039999998989515007,1.1140451431274414,0.026287099346518517,0.3773311376571655,2.9612624645233154,1.050816297531128,0.33319875597953796,1.3377727270126343,0.1766132265329361,0.47550106048583984,1.26960289478302,1.3529860973358154,0.9248465299606323,0.06266138702630997,0.4778345227241516,0.9985178709030151,0.4655258357524872,0.4617997407913208,0.9238450527191162,0.23132501542568207,1.20270836353302,0.46500349044799805,0.5299357771873474,0.50417160987854,0.07665526866912842,0.6372407674789429,1.0814625024795532,0.18368589878082275,0.3488607406616211,0.9429412484169006,0.02111062966287136,0.9564350247383118,0.5422849655151367,0.41015565395355225,1.4131557941436768,0.26230180263519287,0.7357394695281982,0.8528845906257629,0.6631994247436523,0.022700659930706024,1.1742573976516724,1.0412520170211792,0.09668119251728058,0.5091755390167236
0.8653579950332642,0.8786382079124451,0.5315216183662415,0.2211344987154007,0.46336010098457336,1.519331693649292,0.0833280086517334,4.911065578460693,1.436292052268982,0.3830648958683014,0.31991177797317505,0.29373693466186523,0.3301286995410919,0.00039999998989515007,1.1294132471084595,0.014345033094286919,0.5112044811248779,3.0381669998168945,1.1079658269882202,0.5304712057113647,1.290753722190857,0.19686241447925568,0.7626596093177795,1.1718039512634277,1.3427939414978027,0.8356794714927673,0.1419246941804886,0.7317816615104675,1.227565884590149,0.40363171696662903,0.5584807395935059,0.7937247157096863,0.241757333278656,1.2945938110351562,0.33863988518714905,0.4134555757045746,0.19507211446762085,0.20975923538208008,0.8220158815383911,0.767078697681427,0.19775579869747162,0.44452589750289917,1.0508698225021362,0.15184924006462097,0.9662718772888184,0.48988255858421326,0.2785225510597229,1.471247911453247,0.36362144351005554,0.6219590306282043,0.8849170207977295,0.5623660683631897,0.018003759905695915,1.3446784019470215,0.7203661203384399,0.3509555757045746,0.3288143277168274
1.0938835144042969,0.8225896954536438,0.6611675024032593,0.16259624063968658,0.23441745340824127,1.492623209953308,0.3562759459018707,4.82926607131958,1.0322701930999756,0.5061663389205933,0.7106078267097473,0.4103415608406067,0.2701374590396881,0.00039999998989515007,0.5327797532081604,0.21769365668296814,0.46369674801826477,3.334024667739868,0.8153329491615295,0.15615031123161316,1.5006059408187866,0.3274580240249634,0.4717397391796112,1.5088995695114136,1.6857343912124634,0.8273354768753052,0.0498068742454052,0.4949384033679962,0.9193016886711121,0.4105874001979828,0.15477265417575836,0.749050498008728,0.35214105248451233,1.0023186206817627,0.31973302364349365,0.36279115080833435,0.579537570476532,0.12857474386692047,0.46372950077056885,1.0702118873596191,0.07089362293481827,0.435787558555603,0.7646830677986145,0.0401422344148159,1.0380340814590454,0.127173513174057,0.12209968268871307,1.4491273164749146,0.1664060652256012,0.8063990473747253,0.7691650986671448,0.6322017312049866,0.07614926993846893,1.3291836977005005,0.8313955664634705,0.46760520339012146,0.5607428550720215
0.8436029553413391,0.9401931762695312,0.8835029602050781,0.2551198899745941,0.25438421964645386,1.598830223083496,0.19177834689617157,4.8446431159973145,1.3618474006652832,0.6831846237182617,0.5224794745445251,0.5498707890510559,0.28868693113327026,0.00039999998989515007,1.0683377981185913,0.01717274636030197,0.4500742554664612,2.9038808345794678,1.0380218029022217,0.31378114223480225,1.3919602632522583,0.3946306109428406,0.5065556168556213,1.2572509050369263,1.3664672374725342,0.9455259442329407,0.13895472884178162,0.49049821496009827,1.0486258268356323,0.35689443349838257,0.2670714855194092,0.9655870795249939,0.2510875165462494,1.1944602727890015,0.5747266411781311,0.5045815706253052,0.40385958552360535,0.12379030883312225,0.6407039165496826,1.0199021100997925,0.057398080825805664,0.18672040104866028,0.9443483948707581,0.05635363981127739,0.9655482172966003,0.5085251331329346,0.3827117085456848,1.5649574995040894,0.2611665427684784,0.8392961025238037,0.8154492378234863,0.7826002836227417,0.07732578366994858,1.022671103477478,1.12807035446167,0.10165216028690338,0.3404044508934021
0.7772853970527649,0.7893790006637573,0.932009756565094,0.23176787793636322,0.5228706002235413,1.8864891529083252,0.5132437348365784,4.718301296234131,0.6878178715705872,0.7478067278862,0.8215306401252747,0.54304039478302,0.17406009137630463,0.00039999998989515007,1.134762167930603,0.0707024559378624,0.18678781390190125,2.391126871109009,0.7441273331642151,0.22560761868953705,1.562315821647644,0.10638546943664551,0.4846552610397339,1.4915111064910889,1.1997030973434448,0.8739277124404907,0.44023188948631287,0.1064353883266449,0.30651915073394775,0.6286998391151428,0.17581291496753693,1.3646687269210815,0.03591461107134819,0.9931844472885132,0.5411985516548157,0.5885991454124451,1.370782494544983,0.4139709770679474,0.4539605975151062,1.5214855670928955,0.14641234278678894,0.33892762660980225,0.6114212274551392,0.5698651075363159,0.5404551029205322,0.5361176133155823,0.6716383695602417,1.1271228790283203,0.030611863359808922,0.7651143670082092,0.6316975951194763,0.6422817707061768,0.17106156051158905,0.7155031561851501,1.6651874780654907,0.5088267922401428,1.139402151107788
0.5495036244392395,0.486789345741272,1.0509289503097534,0.3132050931453705,0.5685364007949829,1.7650434970855713,0.4243193566799164,4.6150593757629395,1.121746301651001,0.5126391649246216,1.055573582649231,0.7955971956253052,0.3568328022956848,0.00039999998989515007,0.31897103786468506,0.6253105998039246,0.11946060508489609,3.5057389736175537,0.7027796506881714,0.05280110985040665,0.9606590867042542,0.5500754714012146,0.5871216058731079,1.0382585525512695,1.6475656032562256,1.035023808479309,0.4246808886528015,0.3995225727558136,0.6815091967582703,0.5021601319313049,0.3655415177345276,0.7822105288505554,0.6587058305740356,0.7624004483222961,0.8382847309112549,0.29024556279182434,0.5621234178543091,0.6001873016357422,0.07307462394237518,1.3352805376052856,0.05030598118901253,0.16245736181735992,0.6028902530670166,0.2972477972507477,1.3156312704086304,0.07966221868991852,0.28387880325317383,1.4385254383087158,0.011715386062860489,0.6965240240097046,0.7512938976287842,0.9889138340950012,0.10061317682266235,0.9533566832542419,0.8836727738380432,0.39762651920318604,0.5278351306915283
0.6659438610076904,1.034962773323059,0.7290525436401367,0.3095041811466217,0.24305996298789978,2.0562312602996826,0.4885414242744446,4.898706436157227,1.6000820398330688,0.29687556624412537,0.6160527467727661,0.3626728355884552,0.07546314597129822,0.00039999998989515007,1.4307527542114258,0.12215432524681091,0.03781238570809364,2.6698431968688965,1.0028060674667358,0.12388920783996582,1.360548973083496,0.2728729546070099,0.07679840922355652,1.7002389430999756,1.1589442491531372,0.7639598846435547,0.06611292064189911,0.411145955324173,0.7083771228790283,0.5714489221572876,0.495004802942276,1.3779284954071045,0.3709469437599182,1.2869876623153687,0.7507792711257935,0.3304905295372009,0.7603721022605896,0.07553419470787048,0.6223103404045105,0.6894276142120361,0.426608145236969,0.4446409344673157,0.8107057213783264,0.37400782108306885,0.5390651226043701,0.2488858997821808,0.2718808650970459,1.7270032167434692,0.1106596514582634,0.6572376489639282,0.45527511835098267,0.5360307097434998,0.20425783097743988,0.7562543749809265,0.9580411911010742,0.020670726895332336,0.7368250489234924
0.6725162863731384,0.6689326763153076,1.0887490510940552,0.3639921247959137,0.47821786999702454,1.6715986728668213,0.47546467185020447,4.72515344619751,1.2166218757629395,0.6424248814582825,0.8788053393363953,0.8543933629989624,0.39920395612716675,0.00039999998989515007,0.5976247787475586,0.49491220712661743,0.12600454688072205,3.180298089981079,0.8955100774765015,0.10158050060272217,1.0790350437164307,0.6648815274238586,0.7231977581977844,1.0249793529510498,1.519021987915039,1.074427843093872,0.395908921957016,0.6177794933319092,0.745600700378418,0.35489439964294434,0.2542249858379364,0.8289920091629028,0.4936804473400116,0.9723766446113586,0.8118448257446289,0.30142825841903687,0.3201392889022827,0.6438231468200684,0.4167990982532501,0.932149350643158,0.29207485914230347,0.08152393251657486,0.8156414031982422,0.19592511653900146,1.2301498651504517,0.24490195512771606,0.20893026888370514,1.7753857374191284,0.2943403124809265,0.5988302826881409,0.6652701497077942,0.8998379707336426,0.07116872817277908,0.954098105430603,0.9220080971717834,0.4077252447605133,0.3137790560722351
0.7261754274368286,0.9397880434989929,0.5705012083053589,0.2714707851409912,0.23077701032161713,2.095003128051758,0.5446374416351318,4.989358425140381,1.5772207975387573,0.24919919669628143,0.5048180222511292,0.24198263883590698,0.15819649398326874,0.00039999998989515007,1.4420514106750488,0.20330889523029327,0.06168048828840256,2.817950487136841,1.0433295965194702,0.18253125250339508,1.2460650205612183,0.22473980486392975,0.21207769215106964,1.6983799934387207,1.1682273149490356,0.6946382522583008,0.017535500228405,0.4612003564834595,0.7177104949951172,0.598137617111206,0.6210876703262329,1.2827489376068115,0.3841940462589264,1.2500298023223877,0.662308931350708,0.2881768047809601,0.7354352474212646,0.1648997962474823,0.600426971912384,0.6746668815612793,0.4354981482028961,0.5250636339187622,0.8495504260063171,0.3351948857307434,0.5524888038635254,0.2616822421550751,0.27321764826774597,1.7058089971542358,0.15456463396549225,0.5605806708335876,0.4322097897529602,0.48394545912742615,0.19868773221969604,0.8686007857322693,0.7821789979934692,0.041792210191488266,0.7248798608779907
0.6574689745903015,0.8449966311454773,0.4511241614818573,0.22800926864147186,0.21328236162662506,1.7403936386108398,0.12642350792884827,4.99996280670166,1.4241489171981812,0.21068193018436432,0.40220263600349426,0.17034678161144257,0.1911543905735016,0.00039999998989515007,1.17215096950531,0.09673634171485901,0.4094332158565521,3.195422410964966,0.9435184001922607,0.29045459628105164,1.2349739074707031,0.2248995304107666,0.594964325428009,1.5092480182647705,1.4007965326309204,0.7622340321540833,0.2788008153438568,0.5213778018951416,0.9184671640396118,0.4820692539215088,0.5503059029579163,0.8172351121902466,0.49118974804878235,1.1460096836090088,0.44058677554130554,0.461466521024704,0.5745072364807129,0.07348954677581787,0.5944138169288635,0.9645784497261047,0.44479435682296753,0.6596131324768066,0.9186256527900696,0.12409640103578568,0.9476353526115417,0.3366091549396515,0.34793269634246826,1.4724043607711792,0.13096921145915985,0.7121867537498474,0.780177652835846,0.5409741997718811,0.07550597190856934,1.1858099699020386,0.7071948647499084,0.33243468403816223,0.47374844551086426
1.116405963897705,1.0365879535675049,0.6601285338401794,0.06185692548751831,0.19138051569461823,1.2413607835769653,0.507157564163208,4.794192314147949,1.0702457427978516,0.5662693977355957,0.10647717118263245,0.5659925937652588,0.28617367148399353,0.00039999998989515007,0.9321697950363159,0.008114027790725231,0.6264459490776062,2.883162498474121,0.8926505446434021,0.3419051170349121,1.597886323928833,0.6057460904121399,0.7005968689918518,1.5950543880462646,1.6681475639343262,0.4722214341163635,0.25085946917533875,0.8940812349319458,1.3707255125045776,0.0795542299747467,0.05832001194357872,0.9504271149635315,0.4252122640609741,1.1177974939346313,0.22576220333576202,0.08443262428045273,0.3085618317127228,0.1965741217136383,0.8201087117195129,0.7176505923271179,0.024102257564663887,0.41102877259254456,0.9647536277770996,0.25585949420928955,0.6880622506141663,0.1963798999786377,0.41939157247543335,1.895961880683899,0.10091623663902283,0.819561243057251,0.7279939651489258,0.6648467779159546,0.42508062720298767,1.037669062614441,0.6589139103889465,0.3385118246078491,0.01066587958484888
0.7558130025863647,0.807110607624054,0.5956714153289795,0.17831659317016602,0.3116028308868408,1.5144747495651245,0.1253504455089569,4.928049564361572,1.2045732736587524,0.4614987075328827,0.43569669127464294,0.23454278707504272,0.26399654150009155,0.00039999998989515007,0.8953707218170166,0.10738301277160645,0.5529289245605469,3.2534568309783936,0.8551170825958252,0.3553661108016968,1.3479254245758057,0.160812109708786,0.5003067851066589,1.423121452331543,1.534193992614746,0.8078466057777405,0.04918789118528366,0.3525565266609192,1.1301449537277222,0.5104078054428101,0.44444552063941956,0.8504779934883118,0.31151649355888367,1.021040678024292,0.26104605197906494,0.5119619369506836,0.5861457586288452,0.058123879134655,0.37424951791763306,1.3385980129241943,0.3946392238140106,0.3274231553077698,0.8752790093421936,0.2092592418193817,0.9494470357894897,0.3979012966156006,0.4380466639995575,1.1911721229553223,0.0424020029604435,0.8587320446968079,0.9854302406311035,0.7016689777374268,0.15032781660556793,1.2228331565856934,0.9907903671264648,0.1943236142396927,0.5128835439682007
0.8368198871612549,0.7573986053466797,1.1534976959228516,0.34304165840148926,0.36853721737861633,1.5971877574920654,0.5404004454612732,4.751081466674805,1.2138205766677856,0.800255298614502,0.8264977335929871,0.8791921734809875,0.4537641704082489,0.00039999998989515007,0.7035940885543823,0.5030573010444641,0.08330819755792618,3.082165002822876,0.9644067287445068,0.19029530882835388,1.1481389999389648,0.688718855381012,0.6988707780838013,1.0119374990463257,1.3857117891311646,1.0604493618011475,0.4812230169773102,0.6229237914085388,0.7659046649932861,0.294098436832428,0.12811139225959778,0.9320734143257141,0.36361899971961975,1.0378484725952148,0.8195902109146118,0.2922699451446533,0.222122460603714,0.6260639429092407,0.48872727155685425,0.8102861642837524,0.4395762085914612,0.13660328090190887,0.8590635061264038,0.06057143583893776,1.0793367624282837,0.3067791163921356,0.1688011884689331,1.825787901878357,0.3493984639644623,0.5875874757766724,0.6073182225227356,0.9189883470535278,0.05890185758471489,0.8883346915245056,1.033490777015686,0.3175200819969177,0.2417205572128296
0.9485741853713989,0.8545473217964172,0.9565450549125671,0.20681598782539368,0.3126717209815979,1.4761531352996826,0.6873658895492554,4.698616981506348,0.9877244830131531,0.5287346243858337,0.6465763449668884,0.9839906692504883,0.29062557220458984,0.00039999998989515007,0.4250890016555786,0.3656606674194336,0.2729633152484894,3.068960428237915,0.7135562300682068,0.10050209611654282,1.3846039772033691,0.9326882362365723,0.7119044661521912,1.4275201559066772,1.7744449377059937,0.6826412677764893,0.0466960184276104,0.9564388990402222,0.860377848148346,0.05121511593461037,0.18853633105754852,0.7078331112861633,0.7143334746360779,0.938689649105072,0.6685591340065002,0.012912723235785961,0.3542647659778595,0.5893805027008057,0.6443634033203125,0.56410813331604,0.3965356945991516,0.2594032287597656,0.735234260559082,0.24310581386089325,1.0454165935516357,0.07688543200492859,0.18052668869495392,2.153648853302002,0.05891925469040871,0.7009198665618896,0.42762020230293274,0.6929663419723511,0.29421108961105347,0.8789750933647156,0.5440972447395325,0.6891312599182129,0.05825969576835632
0.7160231471061707,0.808363139629364,0.8654316663742065,0.23070451617240906,0.46917396783828735,1.5699331760406494,0.20180198550224304,4.92599630355835,1.2695837020874023,0.6491758227348328,0.47948864102363586,0.5644611120223999,0.34613341093063354,0.00039999998989515007,0.998769998550415,0.15463334321975708,0.4203975200653076,3.1178433895111084,0.9563304781913757,0.33013254404067993,1.2681822776794434,0.34668153524398804,0.5772013664245605,1.0944267511367798,1.3801636695861816,0.9122638702392578,0.06653360277414322,0.4951680302619934,1.1091605424880981,0.39010855555534363,0.37785834074020386,0.7828704714775085,0.3062557280063629,1.1083054542541504,0.5647785067558289,0.5659956932067871,0.3758569657802582,0.08532597124576569,0.5399798154830933,1.2023789882659912,0.17908114194869995,0.0882553979754448,0.9157041907310486,0.2111256718635559,1.0622409582138062,0.580885112285614,0.5064255595207214,1.3570849895477295,0.17423954606056213,0.8501131534576416,0.8969146013259888,0.8042860627174377,0.15476000308990479,0.9984449744224548,1.1373229026794434,0.19043093919754028,0.32337138056755066
0.3923594653606415,0.37407389283180237,0.6836914420127869,0.07521952688694,0.7444534301757812,1.8035578727722168,0.25425171852111816,4.49962854385376,1.890794038772583,0.4855617880821228,0.6471251249313354,0.6771909594535828,0.28340864181518555,0.00039999998989515007,0.21816857159137726,0.7778489589691162,0.49214157462120056,3.1491920948028564,1.1867622137069702,0.5377784967422485,0.5406937599182129,0.6303345561027527,0.825289249420166,0.8504703044891357,1.4907094240188599,0.7711640000343323,0.32250505685806274,0.3887331187725067,1.4477392435073853,0.3381703794002533,0.7231196761131287,0.7302800416946411,0.7690367102622986,0.8810474872589111,0.8130155205726624,0.07910920679569244,0.23068632185459137,0.9880243539810181,0.018043873831629753,1.341835379600525,0.12791603803634644,0.5817705392837524,0.7401812672615051,0.6769267916679382,1.2403255701065063,0.2722795605659485,0.35422664880752563,1.5976896286010742,0.28267213702201843,0.9260314106941223,0.6957878470420837,1.0700597763061523,0.2716778516769409,1.0249416828155518,0.559682309627533,0.03209201619029045,0.15555036067962646
0.8500508666038513,0.8063539266586304,0.8151087760925293,0.2255151867866516,0.3551732003688812,1.4919484853744507,0.2924306392669678,4.957095623016357,1.2385867834091187,0.7685121297836304,0.39732417464256287,0.4576796889305115,0.44913816452026367,0.00039999998989515007,1.0568169355392456,0.046694107353687286,0.367847740650177,3.1315739154815674,1.004441738128662,0.42211490869522095,1.258959412574768,0.28235018253326416,0.6674227714538574,1.095808506011963,1.3344697952270508,0.9292680621147156,0.14930009841918945,0.4630140960216522,1.0918935537338257,0.36664068698883057,0.36638343334198,0.8221741914749146,0.19279253482818604,1.0821937322616577,0.4481491148471832,0.5765817761421204,0.3507865071296692,0.13311804831027985,0.5272860527038574,1.1965975761413574,0.05346250906586647,0.1268022060394287,0.9778021574020386,0.16346298158168793,0.9939985275268555,0.6392025351524353,0.48855459690093994,1.3386950492858887,0.22590672969818115,0.7629411816596985,0.9211925864219666,0.8086010813713074,0.12779761850833893,1.083167552947998,1.1544702053070068,0.12270184606313705,0.2812073528766632
1.110916256904602,0.7557346820831299,0.38004833459854126,0.15540152788162231,0.5800720453262329,1.3771333694458008,0.17894208431243896,4.885072231292725,1.329383134841919,0.4641633629798889,0.30882465839385986,0.16580639779567719,0.4841763973236084,0.00039999998989515007,0.9482181072235107,0.15825986862182617,0.4998664855957031,3.10831880569458,1.239232063293457,0.775465190410614,1.1997244358062744,0.03100762329995632,0.9077513217926025,0.9381029605865479,1.2443363666534424,0.8750211596488953,0.029070409014821053,0.7759236693382263,1.2719976902008057,0.42495816946029663,0.6210795044898987,0.6025038957595825,0.027729280292987823,1.319709300994873,0.15615339577198029,0.4047167897224426,0.07077478617429733,0.3332445025444031,0.8456354737281799,0.6762178540229797,0.07404357939958572,0.40492162108421326,1.105307698249817,0.11428925395011902,0.9804100394248962,0.569669246673584,0.08711160719394684,1.2871308326721191,0.6382322907447815,0.45520034432411194,0.9217572808265686,0.48747718334198,0.05186189338564873,1.634616494178772,0.6424387693405151,0.4184722602367401,0.36596420407295227
1.2400625944137573,0.8804693818092346,0.6736321449279785,0.014357016421854496,0.42462363839149475,1.2844866514205933,0.4169597923755646,4.853821277618408,0.8663597702980042,0.5999147295951843,0.4866882562637329,0.4848296344280243,0.4426148533821106,0.00039999998989515007,0.9633070230484009,0.4854518473148346,0.49460795521736145,3.271108627319336,0.8981763124465942,0.27609068155288696,1.3008825778961182,0.2272169589996338,0.9411854147911072,1.2471843957901,1.5763802528381348,0.6084441542625427,0.07547213137149811,1.0172051191329956,0.9974080920219421,0.06934145092964172,0.1718919277191162,0.8760198354721069,0.6291084885597229,1.188938856124878,0.5720732808113098,0.15764664113521576,0.4230097532272339,0.37168630957603455,0.9988939762115479,0.8535096049308777,0.21231500804424286,0.49607333540916443,0.615260660648346,0.1671258807182312,0.7778064608573914,0.1229032352566719,0.4656792879104614,1.6837224960327148,0.15417541563510895,0.6123795509338379,0.9259470701217651,0.7362886667251587,0.19056978821754456,1.0347315073013306,0.4511185586452484,0.23039323091506958,0.2567833364009857
1.2192140817642212,0.8716117143630981,0.5754187703132629,0.13967344164848328,0.462921142578125,1.0729546546936035,0.4600522816181183,4.855736255645752,1.009291648864746,0.7708700299263,0.3308541178703308,0.3042583167552948,0.5748624801635742,0.00039999998989515007,0.934871256351471,0.15692953765392303,0.5262470245361328,3.150869607925415,1.1331443786621094,0.7108533382415771,1.3068267107009888,0.08245785534381866,0.7919199466705322,0.9663450717926025,1.2048884630203247,0.8428210020065308,0.07654666900634766,0.7443373203277588,1.3686093091964722,0.39940184354782104,0.43652066588401794,0.7131509780883789,0.12281454354524612,1.187860131263733,0.0013751611113548279,0.4944450259208679,0.07011830061674118,0.24573910236358643,0.7337856888771057,0.8561471104621887,0.2400754690170288,0.27994558215141296,1.1244821548461914,0.04973427206277847,0.8684053421020508,0.6927912831306458,0.21045462787151337,1.1974568367004395,0.5089574456214905,0.454575777053833,1.0947974920272827,0.6695965528488159,0.11452437192201614,1.5633838176727295,0.9659391641616821,0.3187495470046997,0.33508411049842834
0.7525037527084351,0.875917911529541,0.4373925030231476,0.254278302192688,0.2536911368370056,2.0276713371276855,0.5079228281974792,5.11553955078125,1.4723314046859741,0.18837827444076538,0.41782981157302856,0.11409188061952591,0.21567736566066742,0.00039999998989515007,1.41671621799469,0.25911539793014526,0.09603967517614365,2.9157447814941406,1.022538661956787,0.25031599402427673,1.2113829851150513,0.1428920179605484,0.32412630319595337,1.7308200597763062,1.2143136262893677,0.6400507688522339,0.03959151729941368,0.5317939519882202,0.6993085145950317,0.6046751737594604,0.6492229104042053,1.2379019260406494,0.37416306138038635,1.2098839282989502,0.49379631876945496,0.2250564843416214,0.7301903367042542,0.21311257779598236,0.5892090797424316,0.6363376975059509,0.3992890417575836,0.6158255338668823,0.8870025873184204,0.2980981469154358,0.5084759593009949,0.22889173030853271,0.25073349475860596,1.6959021091461182,0.1473063975572586,0.41805556416511536,0.46549221873283386,0.40951842069625854,0.20832812786102295,0.9871565699577332,0.6613379716873169,0.1046546995639801,0.7183645963668823
0.6245161890983582,0.6760745644569397,0.9128818511962891,0.3500311076641083,0.3386252522468567,1.906599760055542,0.35492202639579773,4.851190090179443,1.5360242128372192,0.5298380255699158,0.740644633769989,0.7587584257125854,0.366781085729599,0.00039999998989515007,0.7627930641174316,0.45342716574668884,0.08781950920820236,3.1369881629943848,0.976982593536377,0.029611850157380104,0.9169803261756897,0.7496511936187744,0.8836045861244202,1.1012862920761108,1.4075100421905518,1.0281202793121338,0.1301644742488861,0.6489809155464172,0.5637993216514587,0.2022009938955307,0.27417096495628357,0.5734687447547913,0.7142465114593506,0.9625511765480042,0.9989748001098633,0.33374470472335815,0.3059535026550293,0.7597116827964783,0.47485294938087463,0.708862841129303,0.3119729459285736,0.16457884013652802,0.7835344672203064,0.21365202963352203,1.3197754621505737,0.2470848560333252,0.19476154446601868,1.9913157224655151,0.35982921719551086,0.58746737241745,0.4492419362068176,0.7445015907287598,0.08109478652477264,0.8714826703071594,0.6347706913948059,0.459793359041214,0.1205005794763565
0.9640446901321411,0.9004964232444763,0.7366284132003784,0.19268770515918732,0.2630496323108673,1.2300881147384644,0.5296903848648071,4.96227502822876,1.12228262424469,0.7153552770614624,0.11638674885034561,0.5002298355102539,0.49995291233062744,0.00039999998989515007,1.1797701120376587,0.14778093993663788,0.37769615650177,3.082881212234497,0.9394840002059937,0.4333793818950653,1.3616559505462646,0.3130743205547333,0.8462483882904053,1.2461919784545898,1.4485054016113281,0.6860310435295105,0.04069468379020691,0.7575854659080505,1.2998743057250977,0.2117936760187149,0.23302657902240753,1.0949195623397827,0.29152026772499084,1.0525809526443481,0.26140084862709045,0.2620692849159241,0.32181450724601746,0.31332308053970337,0.7133558392524719,0.9639438986778259,0.08260896056890488,0.2608411908149719,1.0121432542800903,0.22424045205116272,0.7161246538162231,0.4629443883895874,0.5905758142471313,1.5667990446090698,0.008990541100502014,0.5752674341201782,0.9663930535316467,0.7950142025947571,0.2398335486650467,1.068499207496643,0.8976142406463623,0.17270520329475403,0.06465481221675873
0.9173876047134399,0.6659846901893616,0.9466407895088196,0.17560824751853943,0.13190937042236328,1.352081060409546,0.38524359464645386,4.870386600494385,0.655695378780365,1.0884044170379639,0.5085521936416626,0.5959745645523071,0.4652445316314697,0.00039999998989515007,0.8286299705505371,0.2738063931465149,0.37321531772613525,2.8222405910491943,0.8418771624565125,0.12370390444993973,1.424262523651123,0.1047792136669159,0.372208833694458,1.0006076097488403,1.4111219644546509,1.0475330352783203,0.3116171658039093,0.2826031744480133,0.743342936038971,0.279121071100235,0.0027331651654094458,0.7102894186973572,0.02761954441666603,0.8846374750137329,0.32222405076026917,0.7689945697784424,0.7630811929702759,0.1975230574607849,0.47172707319259644,1.7406361103057861,0.2544296979904175,0.11692880094051361,0.8425843119621277,0.09884226322174072,1.083998441696167,0.827296257019043,0.7589250802993774,1.0815370082855225,0.41139423847198486,0.8869484066963196,1.0277893543243408,0.8655215501785278,0.1245686411857605,1.062312364578247,1.6056041717529297,0.20883136987686157,0.41988158226013184
1.2090749740600586,1.0016605854034424,0.5640116930007935,0.06614214181900024,0.06265272200107574,1.3317787647247314,0.2978098690509796,4.976724147796631,0.7985896468162537,0.513823390007019,0.21600069105625153,0.5294498801231384,0.2749548554420471,0.00039999998989515007,0.8687050342559814,0.15674066543579102,0.46598920226097107,2.867952823638916,0.8158696293830872,0.17003968358039856,1.7213329076766968,0.37924015522003174,0.4850524961948395,1.6455001831054688,1.6784718036651611,0.5070253014564514,0.3429509401321411,0.9193954467773438,1.1192289590835571,0.16648133099079132,0.04959923401474953,0.7979385256767273,0.33739492297172546,1.1373329162597656,0.14394725859165192,0.1952294409275055,0.5724990963935852,0.009170479141175747,0.9178361892700195,0.7631571888923645,0.04318533092737198,0.6912749409675598,0.9001543521881104,0.06268306076526642,0.7223707437515259,0.2432022988796234,0.41279828548431396,1.723912239074707,0.07111211121082306,0.7337402105331421,0.6933332681655884,0.4434945583343506,0.26646584272384644,1.190077781677246,0.7177909016609192,0.41632139682769775,0.28807544708251953
0.9476048946380615,0.9799916744232178,0.732650876045227,0.1627865880727768,0.3742962181568146,1.3258322477340698,0.3838324248790741,4.945124626159668,1.3430466651916504,0.5730624794960022,0.29369616508483887,0.4922318756580353,0.3625570237636566,0.00039999998989515007,1.217161774635315,0.050880249589681625,0.5971869230270386,3.1906797885894775,0.8568535447120667,0.23596462607383728,1.4629756212234497,0.003947747405618429,0.5946184992790222,1.143228530883789,1.3015061616897583,0.7110415101051331,0.2749665081501007,0.611444890499115,1.3143352270126343,0.26178860664367676,0.28279638290405273,1.0982129573822021,0.41536879539489746,1.1240432262420654,0.486409991979599,0.3847602903842926,0.47866761684417725,0.10297214239835739,0.7624251246452332,1.1356173753738403,0.39143338799476624,0.3658464252948761,0.7411363124847412,0.12761595845222473,0.7315469980239868,0.4158635437488556,0.6637352108955383,1.1335079669952393,0.009752095676958561,0.7449019551277161,1.1154773235321045,0.7624855637550354,0.010168658569455147,1.0463950634002686,0.9665291905403137,0.09241310507059097,0.26276612281799316
0.8870227336883545,0.8675675988197327,0.6721874475479126,0.2132747620344162,0.29415783286094666,1.4934333562850952,0.2706684470176697,4.985319137573242,1.2659132480621338,0.5828878283500671,0.3795473575592041,0.34840765595436096,0.35035526752471924,0.00039999998989515007,1.006856918334961,0.050538863986730576,0.5023496150970459,3.1028027534484863,0.9907658696174622,0.39710700511932373,1.3453150987625122,0.28910571336746216,0.6935755610466003,1.3089603185653687,1.44484281539917,0.8717557787895203,0.02798101305961609,0.5428710579872131,1.0770806074142456,0.35745689272880554,0.3299919366836548,0.8101898431777954,0.2690906822681427,1.1276133060455322,0.3504013419151306,0.4776705801486969,0.3915947675704956,0.12696078419685364,0.603273332118988,1.0438666343688965,0.08636298775672913,0.3345024883747101,0.9731133580207825,0.16241112351417542,0.9768300652503967,0.4690219461917877,0.3619065284729004,1.4694476127624512,0.2439420074224472,0.7381269931793213,0.8902136087417603,0.6775057911872864,0.09038398414850235,1.2062058448791504,0.9492021799087524,0.24300827085971832,0.3088005781173706
0.8066967725753784,0.9363062977790833,0.7717018127441406,0.26600244641304016,0.29571449756622314,1.521000862121582,0.29700618982315063,4.957533359527588,1.4138332605361938,0.6334941387176514,0.4017426073551178,0.39188724756240845,0.34391021728515625,0.00039999998989515007,1.12057626247406,0.13344959914684296,0.4978731572628021,3.0930538177490234,0.9779567718505859,0.3432379364967346,1.3214956521987915,0.32915931940078735,0.6894387006759644,1.256866455078125,1.333016037940979,0.9405120015144348,0.03793374449014664,0.4620136022567749,1.0411875247955322,0.33048951625823975,0.32437750697135925,0.8057642579078674,0.2873987853527069,1.126397967338562,0.49290552735328674,0.5975514054298401,0.3803408741950989,0.09022917598485947,0.5854778289794922,1.0290894508361816,0.12924176454544067,0.30566948652267456,0.9519526958465576,0.1353018581867218,1.0067429542541504,0.5311468839645386,0.38191312551498413,1.442001461982727,0.2691313922405243,0.7945437431335449,0.8768488764762878,0.7091763615608215,0.04225388541817665,1.072869062423706,1.0513315200805664,0.2311953902244568,0.2474789321422577
0.9269822239875793,0.7238782644271851,0.7219281792640686,0.32498282194137573,0.8430386781692505,1.4178073406219482,0.5387345552444458,4.605560302734375,1.4148427248001099,0.3189508318901062,0.7356637716293335,0.5638426542282104,0.4843110740184784,0.00039999998989515007,0.5834540724754333,0.6133319735527039,0.29384854435920715,3.284694194793701,1.0849145650863647,0.5511972308158875,1.0092393159866333,0.4799809753894806,1.0935674905776978,0.7834612131118774,1.3056292533874512,1.0249123573303223,0.14935995638370514,0.9654879570007324,1.0274937152862549,0.3911218047142029,0.5108982920646667,0.5837503671646118,0.3000938892364502,1.2395566701889038,0.5680027008056641,0.1608698070049286,0.2865651547908783,0.8281289935112,0.7474892735481262,0.21254853904247284,0.3693729341030121,0.1240299791097641,0.9638158082962036,0.1522919237613678,1.1688898801803589,0.15686289966106415,0.2964951992034912,1.6699811220169067,0.7067977786064148,0.2653009593486786,0.6709368824958801,0.5660327076911926,0.08059462159872055,1.3991172313690186,0.3914133608341217,0.8779951333999634,0.26439133286476135
0.5685580968856812,1.1030699014663696,0.6984816789627075,0.4333096444606781,0.46381875872612,1.168963074684143,0.686076819896698,4.727520942687988,1.5321269035339355,0.38317206501960754,0.23151740431785583,0.04279933497309685,0.3370490074157715,0.00039999998989515007,1.403435230255127,0.5161502361297607,0.8648356795310974,3.345001697540283,0.7566196322441101,0.3873748481273651,1.295668363571167,0.369979590177536,1.1483997106552124,1.3213934898376465,1.2531607151031494,1.144361972808838,0.29877322912216187,0.3288508951663971,0.8504818677902222,0.31397324800491333,0.268412321805954,0.5725901126861572,0.2630138695240021,1.0072178840637207,0.30823108553886414,0.8688079118728638,0.38541722297668457,0.16251404583454132,0.4797971844673157,0.7541265487670898,0.3192375898361206,0.5996109843254089,1.0451477766036987,0.3030705451965332,1.1562912464141846,0.43729367852211,0.1301792412996292,1.2857184410095215,0.5181328058242798,0.7114897966384888,1.086672067642212,0.6206047534942627,0.01136051956564188,1.069974422454834,0.8907538652420044,0.5962788462638855,0.046128127723932266
0.957686185836792,0.8465829491615295,0.9551398754119873,0.20359286665916443,0.3160422146320343,1.4644585847854614,0.7200642824172974,4.706183910369873,0.9447304606437683,0.5296761393547058,0.6448546051979065,0.9693169593811035,0.30704453587532043,0.00039999998989515007,0.40915071964263916,0.3364408016204834,0.2836378514766693,3.083751916885376,0.6936413049697876,0.10724818706512451,1.401177167892456,0.9012504816055298,0.7216963171958923,1.427126407623291,1.7951196432113647,0.6987295150756836,0.06541027873754501,0.9535284638404846,0.8479664921760559,0.060259073972702026,0.1809213012456894,0.6815532445907593,0.6980466842651367,0.9282580614089966,0.6421800851821899,0.032896652817726135,0.38565829396247864,0.5645959377288818,0.6484914422035217,0.6070256233215332,0.39130929112434387,0.27345889806747437,0.7341310381889343,0.2510274052619934,1.0632818937301636,0.07447376102209091,0.18558625876903534,2.111788034439087,0.08359893411397934,0.6893536448478699,0.46185746788978577,0.6799007058143616,0.286861777305603,0.9029425978660583,0.56370609998703,0.7028630971908569,0.08170496672391891
0.8268635869026184,0.7274848222732544,0.9885575771331787,0.20076140761375427,0.19995056092739105,1.3472155332565308,0.2811335027217865,4.855337619781494,0.6682023406028748,1.004386067390442,0.5448487997055054,0.7159463763237,0.40735170245170593,0.00039999998989515007,0.8561655879020691,0.3787078857421875,0.36169639229774475,2.738499879837036,0.7981379628181458,0.07577536255121231,1.5130364894866943,0.020025352016091347,0.22653770446777344,0.9547557234764099,1.3903963565826416,1.0094753503799438,0.1978747397661209,0.35985878109931946,0.859471321105957,0.3203709125518799,0.08233433216810226,0.7910433411598206,0.04580177366733551,0.9552668929100037,0.3552094101905823,0.777525782585144,0.7644683122634888,0.27438482642173767,0.5858035683631897,1.7182506322860718,0.08866068720817566,0.1353551298379898,0.8048669695854187,0.06309894472360611,1.0370298624038696,0.8443732261657715,0.8193845748901367,0.9908929467201233,0.3663386404514313,0.8905558586120605,1.0649179220199585,0.804548978805542,0.11257898062467575,1.019230604171753,1.665710210800171,0.16005107760429382,0.5235192179679871
0.8745548725128174,0.9011244177818298,0.6949062943458557,0.2144472897052765,0.28053486347198486,1.5211856365203857,0.2264782190322876,4.960594177246094,1.2855324745178223,0.5633953213691711,0.38831037282943726,0.3850296139717102,0.3184472918510437,0.00039999998989515007,1.031598448753357,0.07931753993034363,0.509881317615509,3.03678297996521,0.993998646736145,0.37718358635902405,1.3799774646759033,0.29617103934288025,0.6441150903701782,1.3285417556762695,1.4422491788864136,0.8605347871780396,0.05324428528547287,0.5613205432891846,1.0938388109207153,0.35738033056259155,0.33081308007240295,0.8495906591415405,0.2827516496181488,1.1584314107894897,0.3796437680721283,0.46724116802215576,0.40492039918899536,0.10650216042995453,0.6443175077438354,1.0290181636810303,0.12503355741500854,0.3411687910556793,0.9660472869873047,0.14186875522136688,0.958117663860321,0.46150046586990356,0.3742886781692505,1.4890285730361938,0.22865250706672668,0.7594562768936157,0.8794711232185364,0.669257640838623,0.08953844010829926,1.1751397848129272,0.969083309173584,0.23228438198566437,0.3297251760959625
0.7590196132659912,0.8762202858924866,0.8461371660232544,0.23814013600349426,0.36881399154663086,1.577431559562683,0.19148224592208862,4.934470176696777,1.2868037223815918,0.6307061314582825,0.462375670671463,0.5208311676979065,0.3186323344707489,0.00039999998989515007,1.0535167455673218,0.16946417093276978,0.45668935775756836,3.011568307876587,0.9775603413581848,0.3270716667175293,1.342253565788269,0.3171323239803314,0.5582370758056641,1.183336615562439,1.3784003257751465,0.9188831448554993,0.02156827598810196,0.5129773616790771,1.0815372467041016,0.3782252073287964,0.3456084132194519,0.8393286466598511,0.27976375818252563,1.1535919904708862,0.5271708965301514,0.5535332560539246,0.4110693335533142,0.059444401413202286,0.6145253777503967,1.1338837146759033,0.16815590858459473,0.17834937572479248,0.9298993945121765,0.14680609107017517,1.0124692916870117,0.5562784075737,0.46545252203941345,1.4085793495178223,0.22990883886814117,0.822441577911377,0.8947375416755676,0.7467140555381775,0.09998289495706558,1.027292013168335,1.1411633491516113,0.1726546287536621,0.3479025661945343
0.6254079937934875,0.5988448858261108,1.0435731410980225,0.23984907567501068,0.48838725686073303,1.5395026206970215,0.45670098066329956,4.764378070831299,0.78606778383255,0.34636253118515015,1.0353442430496216,0.873458981513977,0.31707659363746643,0.00039999998989515007,0.4024004340171814,0.3304367661476135,0.15382935106754303,3.473884105682373,0.703191876411438,0.036157574504613876,1.2366188764572144,0.6657922267913818,0.6023257970809937,1.1421467065811157,1.686673879623413,0.8712800741195679,0.056124091148376465,0.7275266647338867,0.669451117515564,0.3820197880268097,0.09421920031309128,0.7987968921661377,0.7142415642738342,0.9383558630943298,0.7927017211914062,0.13732950389385223,0.4406285881996155,0.4125232398509979,0.47459331154823303,0.9528940320014954,0.1484830528497696,0.23512741923332214,0.7481951713562012,0.25892016291618347,1.2179962396621704,0.0436549074947834,0.20002847909927368,1.650569200515747,0.31698036193847656,0.6673080921173096,0.7037156224250793,0.809103786945343,0.059440769255161285,0.964117169380188,0.7654327154159546,0.590762197971344,0.4337300956249237
0.8144543170928955,1.1856390237808228,0.9954258799552917,0.2779102921485901,0.08523533493280411,0.48138609528541565,1.315456748008728,4.42948055267334,0.514489471912384,0.904162585735321,0.19497279822826385,0.46052008867263794,0.502467930316925,0.00039999998989515007,1.5595630407333374,0.8307834267616272,0.8317630290985107,3.0030462741851807,0.10171745717525482,0.37708792090415955,1.8056424856185913,0.06932497769594193,0.8222139477729797,1.2449628114700317,1.3454828262329102,0.7763589024543762,0.6279357075691223,0.4141010046005249,0.7918887138366699,0.1846897006034851,0.5773724913597107,0.8443758487701416,0.3539082407951355,0.5016473531723022,0.12918953597545624,0.8553298711776733,1.173007845878601,0.6313090920448303,0.6737328171730042,1.4266047477722168,0.33857691287994385,0.8130985498428345,0.6501874327659607,0.34194043278694153,0.7385219931602478,0.5339598059654236,1.134466290473938,0.7863592505455017,0.057704780250787735,0.8434902429580688,1.434809923171997,0.8201892375946045,0.2811397314071655,0.5381276607513428,1.3644713163375854,0.13546253740787506,0.3511545658111572
0.9234582781791687,0.8249257206916809,0.42090529203414917,0.191118523478508,0.24476921558380127,1.6634283065795898,0.06160270422697067,5.019006252288818,1.3563917875289917,0.41150256991386414,0.23498986661434174,0.2460806965827942,0.35929399728775024,0.00039999998989515007,1.1209036111831665,0.07134081423282623,0.43472182750701904,3.0155527591705322,1.072790503501892,0.3319619596004486,1.2714416980743408,0.19816502928733826,0.8152104616165161,1.3175675868988037,1.422053575515747,0.8125129342079163,0.28272008895874023,0.7049403786659241,0.9940354824066162,0.3173312842845917,0.4880414605140686,0.5872402787208557,0.36905398964881897,1.166225790977478,0.32958877086639404,0.46962887048721313,0.4130730628967285,0.21344302594661713,0.7898699045181274,0.8765118718147278,0.10834310203790665,0.6780749559402466,1.0012216567993164,0.17911741137504578,1.0604581832885742,0.5025267004966736,0.37101060152053833,1.539304256439209,0.37027227878570557,0.6159541606903076,0.7958362102508545,0.4649367928504944,0.02084885537624359,1.347719430923462,0.6479095816612244,0.3571832478046417,0.29412513971328735
0.2682020366191864,0.4765959084033966,0.013137946836650372,0.03895866125822067,0.0024213911965489388,2.2045910358428955,0.9962341785430908,4.817339897155762,2.028951644897461,0.009538530372083187,0.1986822932958603,0.048888664692640305,0.13153332471847534,0.00039999998989515007,1.152998447418213,0.3898179829120636,0.25556379556655884,2.7077012062072754,1.355062484741211,0.6762880682945251,0.6670485734939575,0.10348135977983475,0.3257923424243927,1.373882532119751,1.191291093826294,0.3473050594329834,0.11388856172561646,0.30136340856552124,1.383379340171814,0.6808745861053467,1.3667972087860107,1.1873842477798462,0.6126903295516968,1.1623382568359375,0.4048323631286621,0.1001492440700531,0.3381318747997284,0.3721219003200531,0.24124950170516968,1.366008996963501,0.9500671029090881,0.18758726119995117,0.8081682920455933,0.2330532670021057,0.5812351107597351,0.4819769263267517,0.5614900588989258,1.292543649673462,0.6790808439254761,0.6829938292503357,0.5926597714424133,0.6063417196273804,0.016657086089253426,1.083543300628662,0.4193800389766693,0.41117486357688904,0.7240503430366516
1.2777141332626343,0.8557879328727722,0.5285578966140747,0.13503560423851013,0.41842183470726013,1.250019907951355,0.29984891414642334,4.846928596496582,1.0399017333984375,0.6008704900741577,0.38955157995224,0.2401680201292038,0.47758156061172485,0.00039999998989515007,0.8888360261917114,0.09460007399320602,0.5166983604431152,3.045090913772583,1.1273709535598755,0.7172468900680542,1.459025263786316,0.014013460837304592,0.7020322680473328,1.0801764726638794,1.3281762599945068,0.8798719644546509,0.08119723200798035,0.7200999855995178,1.240828275680542,0.4660947620868683,0.4038643538951874,0.7990607619285583,0.10767393559217453,1.2988530397415161,0.049021024256944656,0.39480355381965637,0.11562229692935944,0.1325332075357437,0.8408884406089783,0.8177737593650818,0.14481104910373688,0.37446585297584534,1.0757097005844116,0.022802475839853287,0.845318615436554,0.5150675773620605,0.09652213007211685,1.2226643562316895,0.5775851607322693,0.5203216671943665,0.9743666052818298,0.5320714116096497,0.021968020126223564,1.5989747047424316,0.9017646312713623,0.34411898255348206,0.49385201930999756
0.788188099861145,0.7483028769493103,0.4642157256603241,0.17361295223236084,0.4460608661174774,1.6327530145645142,0.019758719950914383,4.994741439819336,1.4603819847106934,0.30593007802963257,0.27056944370269775,0.008606931194663048,0.2530302107334137,0.00039999998989515007,1.209841012954712,0.1825028657913208,0.7064020037651062,3.124476194381714,0.9470785856246948,0.45954421162605286,1.1116751432418823,0.12814950942993164,0.6492248773574829,1.2696661949157715,1.3766897916793823,0.87101149559021,0.2071717232465744,0.5979167819023132,1.1629303693771362,0.5504851341247559,0.7054239511489868,0.6795118451118469,0.3003314435482025,1.1193392276763916,0.3130360543727875,0.5044708847999573,0.5263484716415405,0.05317940190434456,0.6295176148414612,1.1724095344543457,0.6250748038291931,0.3529200851917267,0.8175003528594971,0.3683674931526184,0.9282320141792297,0.5859374403953552,0.6264626979827881,1.0522069931030273,0.08961794525384903,0.6131741404533386,1.1540906429290771,0.7114343047142029,0.09609784185886383,1.3099150657653809,0.658820390701294,0.14323967695236206,0.33092889189720154
0.7550861835479736,0.8748080730438232,0.5191182494163513,0.22508209943771362,0.28688088059425354,1.66228449344635,0.04207201302051544,5.001708507537842,1.397218942642212,0.3293455243110657,0.34363189339637756,0.2334999293088913,0.2660103142261505,0.00039999998989515007,1.1228530406951904,0.15771299600601196,0.49095532298088074,3.0781373977661133,0.9774795770645142,0.33676794171333313,1.310338020324707,0.19655650854110718,0.6773201823234558,1.3879131078720093,1.4276697635650635,0.8356677293777466,0.24982665479183197,0.5749257802963257,1.0435489416122437,0.4551067352294922,0.5312204360961914,0.7385172247886658,0.3659173250198364,1.1551920175552368,0.3630092442035675,0.4952600598335266,0.47029924392700195,0.08854124695062637,0.6660674214363098,0.957211971282959,0.3381637930870056,0.5647781491279602,0.957491397857666,0.1612728089094162,1.0029823780059814,0.42770707607269287,0.34473901987075806,1.4169859886169434,0.22839157283306122,0.6869300603866577,0.8732030987739563,0.5186727046966553,0.012765093706548214,1.2530330419540405,0.7818921804428101,0.36126235127449036,0.4182397723197937
1.0678797960281372,0.6175073981285095,0.9502483606338501,0.12346207350492477,0.10345718264579773,1.3632161617279053,0.47399967908859253,4.79617166519165,0.29259493947029114,0.9244059324264526,0.8115158677101135,0.7228636145591736,0.3938385248184204,0.00039999998989515007,0.3461792767047882,0.11987869441509247,0.2987769842147827,3.0164577960968018,0.598464846611023,0.14960850775241852,1.5958856344223022,0.126448854804039,0.17260533571243286,1.1721737384796143,1.686698317527771,0.9755478501319885,0.26024129986763,0.3676259219646454,0.573855459690094,0.375509649515152,0.1541268527507782,0.630385160446167,0.15155009925365448,0.7717419266700745,0.2726459801197052,0.5997183918952942,0.9764609336853027,0.20095466077327728,0.4169153571128845,1.73710298538208,0.3657146990299225,0.2780746817588806,0.6462706327438354,0.019028056412935257,1.1320748329162598,0.46417829394340515,0.5715218186378479,1.042224407196045,0.33880868554115295,0.861710786819458,0.9307376146316528,0.7396565675735474,0.13170461356639862,1.1905906200408936,1.4638968706130981,0.10036151856184006,0.6960957050323486
0.6594060063362122,0.4504845440387726,1.3153828382492065,0.3228747248649597,0.2351672202348709,1.730616807937622,0.561987578868866,4.673522472381592,0.7894666790962219,1.1157307624816895,0.939053475856781,1.1191952228546143,0.534546434879303,0.00039999998989515007,0.5578924417495728,0.1656036078929901,0.0742870643734932,2.7797844409942627,0.8146335482597351,0.30577516555786133,1.033195972442627,0.5228265523910522,0.5508421659469604,0.6226716041564941,1.3484535217285156,1.2991598844528198,0.5663657188415527,0.4279206395149231,0.19949577748775482,0.17853209376335144,0.06442934274673462,0.48117387294769287,0.3714308440685272,0.7223509550094604,0.9707080125808716,0.6765598058700562,0.6585925221443176,0.4197269380092621,0.41548970341682434,1.479372501373291,0.7453364729881287,0.13683559000492096,0.6736355423927307,0.1349906474351883,1.4803102016448975,0.6865485310554504,0.6112446188926697,1.5178260803222656,0.6810909509658813,0.6884964108467102,0.6604700088500977,0.9609142541885376,0.04577319324016571,0.727858304977417,1.4635026454925537,0.0007193953497335315,0.2747020125389099
0.8590655326843262,0.8879813551902771,0.77763432264328,0.21697185933589935,0.33664801716804504,1.4556301832199097,0.33012476563453674,4.93541955947876,1.2587708234786987,0.6675642132759094,0.3634432554244995,0.420844167470932,0.40057897567749023,0.00039999998989515007,1.0987621545791626,0.12251640111207962,0.4732449948787689,3.045001745223999,1.0022724866867065,0.4491952061653137,1.3485673666000366,0.24897044897079468,0.6922445297241211,1.1555131673812866,1.3604074716567993,0.9235795140266418,0.030148884281516075,0.5540809035301208,1.1455299854278564,0.3988037109375,0.36735257506370544,0.8499086499214172,0.18076258897781372,1.1299595832824707,0.3732379674911499,0.5431410074234009,0.321990430355072,0.10768012702465057,0.6558311581611633,1.0765384435653687,0.10551071912050247,0.24903763830661774,1.0059655904769897,0.15559180080890656,0.9618926048278809,0.5858618021011353,0.4248007535934448,1.3699965476989746,0.30434492230415344,0.7146680355072021,0.962367057800293,0.720052182674408,0.0952419564127922,1.1507489681243896,1.1029895544052124,0.20730698108673096,0.28925207257270813
0.9789469242095947,1.0051966905593872,0.41563689708709717,0.05177408084273338,0.07812672853469849,1.4376509189605713,0.2889946699142456,4.953105926513672,1.0572611093521118,0.3928634524345398,0.13274116814136505,0.33067023754119873,0.19538208842277527,0.00039999998989515007,0.8869839310646057,0.22767232358455658,0.573363184928894,3.0360805988311768,0.6900920867919922,0.05330829322338104,1.616214632987976,0.2877117693424225,0.48863404989242554,1.8250285387039185,1.7190580368041992,0.46735188364982605,0.5553262233734131,0.6469971537590027,1.1474575996398926,0.23924997448921204,0.0982692614197731,0.7536443471908569,0.5501422882080078,0.9119732975959778,0.11632998287677765,0.3265012502670288,0.7540600299835205,0.07829955220222473,0.6328885555267334,1.0678534507751465,0.3216836452484131,0.8611960411071777,0.7971516251564026,0.21424329280853271,0.77801114320755,0.2054935097694397,0.5496245622634888,1.511736512184143,0.2333938628435135,0.8731347918510437,0.7760366797447205,0.4299883246421814,0.24569781124591827,1.1604721546173096,0.6718381643295288,0.3743959367275238,0.2783920168876648
0.8777862191200256,0.710644543170929,0.08806727081537247,0.2496389001607895,0.3035123348236084,1.5139776468276978,0.1374657303094864,4.642636775970459,1.5433787107467651,0.30132347345352173,0.04834556579589844,0.3002249002456665,0.14323857426643372,0.00039999998989515007,0.49224138259887695,0.20425131916999817,0.9591249227523804,2.8933088779449463,1.144827961921692,0.554581880569458,1.0551196336746216,0.48261016607284546,0.7236451506614685,1.567175269126892,1.7034368515014648,0.16232073307037354,0.5225179195404053,0.732323408126831,1.8851279020309448,0.17978203296661377,0.5172766447067261,0.568106472492218,0.7347979545593262,0.9376325011253357,0.08600687980651855,0.02212025783956051,0.05831565707921982,0.4969574809074402,0.4447895884513855,1.1894668340682983,0.3924102783203125,0.2786589562892914,0.887260377407074,0.6782829761505127,0.8650830984115601,0.254778653383255,0.5544866919517517,1.6910418272018433,0.5647885799407959,1.0360654592514038,0.7824145555496216,0.667980968952179,0.5441369414329529,1.3333133459091187,0.20592473447322845,0.11556653678417206,0.032723430544137955
0.7775035500526428,0.8011969327926636,0.6235102415084839,0.23153464496135712,0.2566773295402527,1.6637624502182007,0.06502947956323624,5.040113925933838,1.3479373455047607,0.5607696771621704,0.28038325905799866,0.320870965719223,0.40160682797431946,0.00039999998989515007,1.2778735160827637,0.14242415130138397,0.35597729682922363,2.917816638946533,1.1101367473602295,0.4225582778453827,1.2226753234863281,0.1578269600868225,0.7492955327033997,1.1327379941940308,1.2854712009429932,0.9396432042121887,0.0473649837076664,0.6055362224578857,0.9923191666603088,0.41996148228645325,0.5358067154884338,0.7666444778442383,0.21684502065181732,1.1665093898773193,0.3998927175998688,0.567816972732544,0.3815535306930542,0.16158220171928406,0.7492466568946838,1.0281486511230469,0.13364078104496002,0.4057222902774811,1.056595802307129,0.13527417182922363,1.0166471004486084,0.6803077459335327,0.47518303990364075,1.4478908777236938,0.4138949513435364,0.5948548913002014,0.8953897953033447,0.6089859008789062,0.029892439022660255,1.1949104070663452,0.9809541702270508,0.1533873975276947,0.3225981593132019
0.8082720041275024,0.867929220199585,0.7618550062179565,0.20191867649555206,0.31141090393066406,1.419730305671692,0.3129470646381378,4.960106372833252,1.188629388809204,0.6570347547531128,0.3040156066417694,0.3886359632015228,0.4468458890914917,0.00039999998989515007,1.2318159341812134,0.15305659174919128,0.3852062523365021,3.2624289989471436,0.822583794593811,0.303160160779953,1.3369619846343994,0.013274449855089188,0.5898845195770264,1.0934405326843262,1.2861577272415161,0.8544565439224243,0.08751869946718216,0.43057483434677124,1.1588457822799683,0.4696759581565857,0.45359495282173157,0.9445777535438538,0.24510471522808075,0.9824360609054565,0.3828917443752289,0.6217389702796936,0.5689245462417603,0.03208361566066742,0.5446619987487793,1.3725448846817017,0.409231573343277,0.32190370559692383,0.853459358215332,0.13318786025047302,0.8638432621955872,0.6166571974754333,0.6898372769355774,0.9565433859825134,0.04663190618157387,0.7108463048934937,1.1237901449203491,0.7502644062042236,0.05711360648274422,1.0582576990127563,1.1937892436981201,0.1245105043053627,0.38292357325553894
1.0426095724105835,0.814776599407196,0.635229766368866,0.18311725556850433,0.20283836126327515,1.5613714456558228,0.2611556351184845,4.97411584854126,0.9758889079093933,0.49496856331825256,0.6615197658538818,0.32201942801475525,0.3273458778858185,0.00039999998989515007,0.7189333438873291,0.0773480236530304,0.385103702545166,3.26541805267334,0.8391698598861694,0.20524996519088745,1.4331779479980469,0.16407479345798492,0.5399731397628784,1.3902008533477783,1.5540308952331543,0.9248470067977905,0.0039136093109846115,0.5309056043624878,0.7893325686454773,0.49612510204315186,0.28018420934677124,0.6895728707313538,0.2650676369667053,1.039754867553711,0.30692702531814575,0.4535835087299347,0.6188573241233826,0.06683674454689026,0.5671511292457581,1.0822088718414307,0.059606991708278656,0.5504689812660217,0.8240544199943542,0.005949291866272688,1.0448968410491943,0.2791058123111725,0.1900739222764969,1.3208414316177368,0.3533783257007599,0.6613162755966187,0.8466930985450745,0.5289753079414368,0.035225655883550644,1.3770601749420166,0.9120175242424011,0.4327227771282196,0.6286466717720032
0.7313120365142822,0.8007122874259949,0.5019019842147827,0.1942017674446106,0.19973966479301453,1.7612794637680054,0.018756074830889702,5.094772815704346,1.419399619102478,0.44231292605400085,0.18897493183612823,0.29914548993110657,0.3593749403953552,0.00039999998989515007,1.3587454557418823,0.19523334503173828,0.3562590777873993,3.0093679428100586,1.0044217109680176,0.19888082146644592,1.2059046030044556,0.021044116467237473,0.7205847501754761,1.180543065071106,1.2917757034301758,0.8317832946777344,0.3372713029384613,0.6015883088111877,0.9634250998497009,0.37439239025115967,0.577197790145874,0.6849281787872314,0.4296969473361969,1.0737935304641724,0.4725920259952545,0.5929431319236755,0.5828909873962402,0.12082208693027496,0.7624660730361938,1.1370986700057983,0.3606165647506714,0.6517924070358276,0.9052108526229858,0.17829443514347076,1.0296175479888916,0.6486153602600098,0.6807535886764526,1.301548719406128,0.2564689517021179,0.632186770439148,0.9196065664291382,0.529622495174408,0.10127850621938705,1.1490466594696045,0.8384127020835876,0.15768086910247803,0.31531214714050293
0.537071168422699,0.9453300833702087,0.5139684677124023,0.2843092978000641,0.4535485804080963,1.2180142402648926,0.5611700415611267,4.682593822479248,1.3682646751403809,0.22030307352542877,0.28038156032562256,0.2552908658981323,0.271299809217453,0.00039999998989515007,1.2193865776062012,0.5540341734886169,0.9512224197387695,3.609283208847046,0.6004077196121216,0.37123048305511475,1.2762253284454346,0.08905064314603806,0.9364048838615417,1.4152582883834839,1.3603137731552124,1.0265769958496094,0.37013429403305054,0.09828785806894302,0.8921863436698914,0.5640148520469666,0.41930651664733887,0.5574061870574951,0.30958208441734314,0.8344465494155884,0.15031327307224274,0.8842340111732483,0.6322653889656067,0.363870769739151,0.2215055376291275,1.2144672870635986,0.6852129101753235,0.650791585445404,0.8916370272636414,0.36442726850509644,1.1115201711654663,0.33129802346229553,0.23764653503894806,0.8220171928405762,0.23108597099781036,0.8106264472007751,1.2450077533721924,0.6154516339302063,0.02155539207160473,1.185914158821106,0.8975284695625305,0.5319223403930664,0.2504971921443939
0.9646931886672974,0.89971524477005,0.7698275446891785,0.15231174230575562,0.2834394872188568,1.4421477317810059,0.4415988326072693,4.901156425476074,1.2711673974990845,0.6343348622322083,0.22623279690742493,0.4352415204048157,0.4198905825614929,0.00039999998989515007,1.2128278017044067,0.08796864748001099,0.4927377998828888,3.022181272506714,1.0374619960784912,0.48422929644584656,1.3346779346466064,0.35873815417289734,0.8319489359855652,1.2365623712539673,1.3948619365692139,0.781894326210022,0.015792008489370346,0.699384868144989,1.2099244594573975,0.31676390767097473,0.26817548274993896,1.038074016571045,0.28480035066604614,1.1255489587783813,0.39220958948135376,0.2831490933895111,0.27770793437957764,0.2941163182258606,0.7326593995094299,0.9379461407661438,0.09372878074645996,0.2065592259168625,1.0222681760787964,0.19596335291862488,0.8094214200973511,0.4284818768501282,0.45155954360961914,1.6171187162399292,0.1611596792936325,0.6421457529067993,0.930001974105835,0.7998990416526794,0.16836218535900116,1.054395318031311,0.9152899980545044,0.14990825951099396,0.11311192810535431
0.9621767401695251,0.908446192741394,0.7752840518951416,0.1587209552526474,0.2814573347568512,1.4240469932556152,0.4608515501022339,4.8935956954956055,1.274113416671753,0.647417426109314,0.21323305368423462,0.4330489933490753,0.4309510290622711,0.00039999998989515007,1.2284716367721558,0.08789300173521042,0.48964929580688477,3.0247747898101807,1.034120798110962,0.48575884103775024,1.3342946767807007,0.3536607027053833,0.8479714393615723,1.2251993417739868,1.389211893081665,0.786327064037323,0.010845640674233437,0.7008189558982849,1.2174230813980103,0.3137941062450409,0.2697182297706604,1.0384708642959595,0.27637481689453125,1.1183971166610718,0.3838430941104889,0.29712003469467163,0.27324289083480835,0.29826033115386963,0.7387286424636841,0.9333449602127075,0.09315067529678345,0.2161746323108673,1.0271680355072021,0.19977106153964996,0.8102716207504272,0.44322168827056885,0.4604142904281616,1.604649543762207,0.17084653675556183,0.6341986656188965,0.942279577255249,0.7983828186988831,0.16581247746944427,1.0562798976898193,0.9223117828369141,0.15295498073101044,0.09953456372022629
0.8517154455184937,0.8830148577690125,0.8130775690078735,0.1666998565196991,0.29405897855758667,1.47514808177948,0.4101710617542267,4.9396772384643555,1.204651951789856,0.5764304995536804,0.32997843623161316,0.5686759352684021,0.3671344816684723,0.00039999998989515007,1.096495270729065,0.08583464473485947,0.44111165404319763,3.096120834350586,0.8881881833076477,0.2791772782802582,1.3731379508972168,0.27603021264076233,0.6725030541419983,1.2446472644805908,1.4764208793640137,0.749625027179718,0.08702773600816727,0.6902518272399902,1.2092090845108032,0.3537071645259857,0.29175809025764465,1.0629725456237793,0.41375377774238586,1.0445847511291504,0.4512462019920349,0.29344549775123596,0.4506218731403351,0.25331342220306396,0.6854471564292908,1.106016993522644,0.2379818856716156,0.247090145945549,0.8785390853881836,0.21342432498931885,0.8347340226173401,0.37862879037857056,0.5899950265884399,1.4728374481201172,0.006153685040771961,0.6758700013160706,0.9775674343109131,0.786629319190979,0.1498112678527832,1.0132524967193604,0.9552298188209534,0.18308089673519135,0.24068859219551086
0.8984972238540649,0.8954413533210754,0.6891241669654846,0.1731691062450409,0.24918362498283386,1.5342460870742798,0.3391869068145752,4.9288554191589355,1.29006826877594,0.5571876168251038,0.3836138844490051,0.35840320587158203,0.3244403600692749,0.00039999998989515007,0.987746000289917,0.043201856315135956,0.5486134886741638,3.0806186199188232,0.979436457157135,0.38848233222961426,1.3670839071273804,0.3329496383666992,0.7072709202766418,1.3505079746246338,1.4793686866760254,0.8720918893814087,0.05381225422024727,0.549282968044281,1.0916097164154053,0.3944735527038574,0.3114888668060303,0.8095188140869141,0.294976145029068,1.0858397483825684,0.3562895953655243,0.4557304382324219,0.3843677043914795,0.13844463229179382,0.6081079244613647,1.045028805732727,0.10326091945171356,0.35750123858451843,0.9712212085723877,0.18262918293476105,0.9919285774230957,0.41957059502601624,0.33424603939056396,1.5029938220977783,0.23574426770210266,0.7600798606872559,0.8850669264793396,0.6678752303123474,0.10337470471858978,1.1956267356872559,0.9388685822486877,0.28119730949401855,0.2930753529071808
1.4036998748779297,0.9142895936965942,0.6123316287994385,0.06564728170633316,0.5024427175521851,1.2014036178588867,0.43786972761154175,4.7279839515686035,1.126847267150879,0.6241890788078308,0.3410694897174835,0.3630630671977997,0.4944145679473877,0.00039999998989515007,0.9781075716018677,0.2246330827474594,0.6129741072654724,2.970855951309204,1.1920127868652344,0.7722457647323608,1.4859801530838013,0.04553130269050598,0.7771921157836914,0.9384024739265442,1.2463884353637695,0.8239467144012451,0.06684523075819016,0.864342987537384,1.3885365724563599,0.38578280806541443,0.3149316906929016,0.9104468822479248,0.0757812038064003,1.359419345855713,0.16894641518592834,0.2443140149116516,0.05627863109111786,0.2617778182029724,1.0102365016937256,0.6743565201759338,0.1748417466878891,0.26897335052490234,1.0517350435256958,0.021564366295933723,0.7484305500984192,0.4582865238189697,0.10693681240081787,1.290974736213684,0.6091598272323608,0.507156491279602,0.9980632066726685,0.6069098711013794,0.028881506994366646,1.507732629776001,0.8456907868385315,0.3005228340625763,0.34615588188171387
0.42451220750808716,0.7122873067855835,1.1218650341033936,0.4522426724433899,0.5891625881195068,2.0031003952026367,0.30443960428237915,4.856153964996338,1.8602006435394287,0.35673987865448,0.7325131893157959,0.48150792717933655,0.20523995161056519,0.00039999998989515007,1.1744052171707153,0.13584069907665253,0.30873358249664307,2.9546427726745605,0.8899367451667786,0.23894676566123962,0.5667462348937988,0.5361719131469727,0.8096542358398438,1.027222990989685,1.2136651277542114,1.2718545198440552,0.24032378196716309,0.9191808104515076,0.6549696922302246,0.49987414479255676,0.6328604817390442,0.5026229023933411,0.4923114478588104,1.061659812927246,1.1205670833587646,0.41907835006713867,0.242701917886734,0.6749265789985657,0.6121978759765625,0.475362628698349,0.2425270527601242,0.2530685365200043,0.6797692775726318,0.48506227135658264,1.1716206073760986,0.5621992349624634,0.4530840814113617,1.7252784967422485,0.29687297344207764,0.3123703896999359,0.7370621562004089,1.0065253973007202,0.32657909393310547,0.7197092771530151,0.4473620355129242,0.44014620780944824,0.12869754433631897
0.6723548769950867,1.2748886346817017,0.7204957604408264,0.3541789948940277,0.5068359971046448,1.178971529006958,0.6639525294303894,4.623972415924072,1.7716808319091797,0.4154624938964844,0.19815576076507568,0.02797408401966095,0.30774614214897156,0.00039999998989515007,1.6662440299987793,0.4550400674343109,0.9736518263816833,3.1820755004882812,0.8766064047813416,0.49174556136131287,1.2666987180709839,0.24471473693847656,1.2252483367919922,1.1960928440093994,1.0426965951919556,1.152089238166809,0.3665771782398224,0.4481255114078522,0.992334246635437,0.2682584226131439,0.3409574031829834,0.6608486175537109,0.3048934042453766,1.1529366970062256,0.5365429520606995,0.7543737888336182,0.18918637931346893,0.09678048640489578,0.7886471152305603,0.5707623362541199,0.37133732438087463,0.6361110806465149,0.9704126715660095,0.21712571382522583,1.0292680263519287,0.4640977382659912,0.18843261897563934,1.3018741607666016,0.6223505139350891,0.7410123348236084,1.1685454845428467,0.5860599875450134,0.07515968382358551,0.9501989483833313,0.8467094898223877,0.46426281332969666,0.09258643537759781
1.2351837158203125,0.9672327637672424,0.368873655796051,0.04419723153114319,0.4461556375026703,1.135947346687317,0.3172681927680969,4.54310417175293,1.2080575227737427,0.1388704925775528,0.3880749046802521,0.15391623973846436,0.27950361371040344,0.00039999998989515007,1.1774770021438599,0.32256019115448,0.5549853444099426,3.2127580642700195,1.041375756263733,0.419308066368103,1.26009202003479,0.20349819958209991,1.2335008382797241,1.2210508584976196,1.3891102075576782,0.5607335567474365,0.40610021352767944,1.3281620740890503,1.0857572555541992,0.021828394383192062,0.2787367105484009,0.6559303402900696,0.690341055393219,1.2278060913085938,0.5074755549430847,0.29775571823120117,0.08229859173297882,0.3863082826137543,1.4298690557479858,0.15077613294124603,0.17546337842941284,0.8776722550392151,0.824019193649292,0.06400078535079956,0.8895907402038574,0.00976797379553318,0.07639838010072708,1.9557710886001587,0.6324524879455566,0.5646485090255737,0.8763055801391602,0.3766152858734131,0.018383650109171867,1.1400707960128784,0.0378962904214859,0.6142361164093018,0.06822694838047028
0.811557412147522,0.8747348189353943,0.7657356262207031,0.19686618447303772,0.2956170439720154,1.4338675737380981,0.3113889694213867,4.91278076171875,1.189534068107605,0.6491828560829163,0.306030809879303,0.37644636631011963,0.4404042661190033,0.00039999998989515007,1.2452590465545654,0.1514568328857422,0.40747708082199097,3.215593099594116,0.8326440453529358,0.31381431221961975,1.3548370599746704,0.016840528696775436,0.5862834453582764,1.1110081672668457,1.294674277305603,0.8677573204040527,0.08619636297225952,0.4267173111438751,1.1710422039031982,0.4927689731121063,0.4735887050628662,0.9609419703483582,0.22431527078151703,0.9854356646537781,0.3628692626953125,0.6284686923027039,0.5710644125938416,0.04676216468214989,0.5656057596206665,1.378358006477356,0.4267338216304779,0.3335306644439697,0.8784419298171997,0.13885030150413513,0.8702296018600464,0.62091064453125,0.6758996844291687,0.9683864712715149,0.06550468504428864,0.717528760433197,1.1375582218170166,0.7457501292228699,0.058529578149318695,1.0740864276885986,1.2083719968795776,0.12312991172075272,0.39753010869026184
0.7748895287513733,0.8819095492362976,0.8775606155395508,0.24123965203762054,0.24423477053642273,1.3794610500335693,0.48890557885169983,4.916754245758057,1.229367733001709,0.8031131625175476,0.3153730630874634,0.5627420544624329,0.46254876255989075,0.00039999998989515007,1.1005439758300781,0.012601165100932121,0.3602730929851532,2.9964330196380615,0.9413114190101624,0.3849402070045471,1.314447283744812,0.27055755257606506,0.7059690952301025,1.1088687181472778,1.3746997117996216,0.9177497625350952,0.07450998574495316,0.5395238995552063,1.2053465843200684,0.3611144721508026,0.35273057222366333,0.9813348650932312,0.2073167860507965,0.9932047724723816,0.37081941962242126,0.5483196377754211,0.342477411031723,0.1922556310892105,0.5969582796096802,1.2152459621429443,0.09874141961336136,0.1650604009628296,1.0037623643875122,0.20429234206676483,0.9255091547966003,0.6519289612770081,0.5918526649475098,1.3776112794876099,0.1678941696882248,0.6892027854919434,1.0027391910552979,0.7998260855674744,0.1480591595172882,1.04756498336792,1.2214993238449097,0.13309726119041443,0.21276284754276276
1.2751262187957764,0.9352865815162659,0.6562835574150085,0.06448156386613846,0.32663804292678833,1.0126996040344238,0.4012344777584076,4.792832374572754,0.5512998104095459,0.39821186661720276,0.6673657894134521,0.5025009512901306,0.417956680059433,0.00039999998989515007,0.646928071975708,0.08423829078674316,0.5123520493507385,3.0689737796783447,0.8834945559501648,0.47229379415512085,1.8499053716659546,0.10137570649385452,0.45958083868026733,1.1908844709396362,1.5903064012527466,0.6336784958839417,0.0669173002243042,1.0426664352416992,1.1248385906219482,0.4397628605365753,0.1801292449235916,0.9193053841590881,0.01449843030422926,1.3390207290649414,0.10547923296689987,0.18950746953487396,0.29451149702072144,0.13585080206394196,1.0223121643066406,0.6285800337791443,0.32443714141845703,0.6085423231124878,0.8685965538024902,0.13975994288921356,0.7367318868637085,0.24966727197170258,0.16429172456264496,1.314534306526184,0.5530124306678772,0.381920725107193,0.7889538407325745,0.43394601345062256,0.10401356965303421,1.4807195663452148,0.7897530198097229,0.7442599534988403,0.6559054851531982
0.5371122360229492,0.22788147628307343,0.4810705780982971,0.09230619668960571,0.3666779100894928,1.6076786518096924,0.0312315933406353,4.686936378479004,1.116907000541687,0.9484610557556152,0.11261061578989029,0.439107745885849,0.4606304466724396,0.00039999998989515007,0.6998462677001953,0.17114117741584778,0.5383250117301941,2.5608792304992676,1.1834238767623901,0.5090200304985046,0.8332509994506836,0.1749645471572876,0.5146495699882507,0.5902520418167114,1.3490407466888428,0.8188851475715637,0.1978246569633484,0.18907880783081055,1.3540706634521484,0.3625658452510834,0.6982516646385193,0.5174570083618164,0.1869514286518097,0.76369708776474,0.21783241629600525,0.6903504133224487,0.3703996539115906,0.09578274190425873,0.29496362805366516,2.350931167602539,0.22321563959121704,0.2219037264585495,0.8903095126152039,0.6149020195007324,1.210403323173523,1.1691094636917114,1.2031786441802979,0.7685240507125854,0.047157056629657745,1.0262624025344849,1.1917064189910889,0.9429348707199097,0.2764560580253601,1.216858148574829,1.3525484800338745,0.6811983585357666,0.3461323380470276
0.549942672252655,0.5911422371864319,0.3504507839679718,0.00846496969461441,0.4429627060890198,1.5083898305892944,0.13497748970985413,4.747538089752197,1.5042058229446411,0.4071902930736542,0.16895169019699097,0.17535707354545593,0.28293800354003906,0.00039999998989515007,0.767070472240448,0.08194718509912491,0.7509104013442993,3.1810741424560547,0.9559583067893982,0.5509495139122009,1.019088864326477,0.07818395644426346,0.6273385286331177,1.1524841785430908,1.511719822883606,0.6259892582893372,0.1990969181060791,0.27008986473083496,1.627221941947937,0.5164023637771606,0.8004602789878845,0.8537142872810364,0.47988662123680115,0.8422675132751465,0.17496724426746368,0.41070085763931274,0.34655052423477173,0.175093412399292,0.2197796106338501,1.793021321296692,0.7591654658317566,0.10939282923936844,0.8066002726554871,0.572758138179779,0.9450981020927429,0.5186329483985901,0.7820631861686707,0.8614508509635925,0.38988974690437317,0.9365426301956177,1.2151528596878052,0.8067955374717712,0.24115711450576782,1.2938838005065918,0.8369504809379578,0.09539750218391418,0.39679813385009766
0.8216328024864197,0.9277297258377075,0.725831151008606,0.21217092871665955,0.19050759077072144,1.7024502754211426,0.21309107542037964,4.964198589324951,1.536096215248108,0.5968433618545532,0.31137269735336304,0.4185733199119568,0.3306479752063751,0.00039999998989515007,1.2528713941574097,0.09134866297245026,0.46041998267173767,2.856562614440918,1.1238071918487549,0.3714081048965454,1.264837384223938,0.3823500871658325,0.7580690979957581,1.2305794954299927,1.2833877801895142,0.9328328371047974,0.07395391911268234,0.588122546672821,1.0132391452789307,0.3194192945957184,0.36308467388153076,0.7824272513389587,0.310408353805542,1.170161485671997,0.5630625486373901,0.5313934087753296,0.30101925134658813,0.2191692292690277,0.7481091618537903,0.88674396276474,0.06487132608890533,0.36046651005744934,1.0211799144744873,0.12887293100357056,1.0201241970062256,0.5757320523262024,0.3856050670146942,1.6550917625427246,0.38565900921821594,0.7266947627067566,0.7747421264648438,0.6459833979606628,0.014107484370470047,1.055817723274231,0.9516702890396118,0.18231621384620667,0.17164914309978485
0.6022238731384277,1.170626163482666,0.6079751253128052,0.36868083477020264,0.3700006306171417,1.293930172920227,0.5879341959953308,4.7218427658081055,1.5992987155914307,0.24033701419830322,0.23409749567508698,0.10126742720603943,0.2416061908006668,0.00039999998989515007,1.4268395900726318,0.5906592607498169,0.9150630235671997,3.259838104248047,0.7452251315116882,0.3475044071674347,1.383509635925293,0.30764240026474,1.0372127294540405,1.4274227619171143,1.2451932430267334,1.0949501991271973,0.46151167154312134,0.3383084833621979,0.8555166721343994,0.4015269875526428,0.30831804871559143,0.5356784462928772,0.28114545345306396,1.036408543586731,0.30218347907066345,0.8697423934936523,0.43616342544555664,0.2547978460788727,0.5633985996246338,0.6741045117378235,0.44763511419296265,0.7962276935577393,1.0101763010025024,0.23006151616573334,1.1242941617965698,0.3714127540588379,0.06170278415083885,1.2366904020309448,0.5320826768875122,0.7335905432701111,1.042458415031433,0.47003963589668274,0.07051783800125122,1.1193188428878784,0.8212549090385437,0.6850648522377014,0.06713433563709259
0.9524992108345032,0.9824461936950684,0.7544868588447571,0.1656302809715271,0.26668474078178406,1.467329978942871,0.35522496700286865,4.907332897186279,1.3857064247131348,0.6631935834884644,0.36697766184806824,0.3922936022281647,0.3429813086986542,0.00039999998989515007,1.0870987176895142,0.10973770916461945,0.5940232276916504,2.9740047454833984,1.0509066581726074,0.4917299449443817,1.4180033206939697,0.2662822902202606,0.639704704284668,1.2099069356918335,1.3091200590133667,0.9080541133880615,0.017117179930210114,0.5138489007949829,1.2067512273788452,0.3813798725605011,0.30369657278060913,0.8654685020446777,0.16133950650691986,1.1742300987243652,0.3942965269088745,0.543700098991394,0.2512016296386719,0.05423034355044365,0.6857708096504211,1.005717158317566,0.09143589437007904,0.27769243717193604,0.9982845187187195,0.09466911107301712,0.9208542704582214,0.5543107390403748,0.3309903144836426,1.3911828994750977,0.329607218503952,0.8018244504928589,0.9163483381271362,0.6781821846961975,0.06863266229629517,1.1587626934051514,1.0969318151474,0.193522110581398,0.27484551072120667
1.0931296348571777,0.8639388680458069,0.6454543471336365,0.15318450331687927,0.15994589030742645,1.5619462728500366,0.4017103314399719,4.924263000488281,1.033340334892273,0.468095600605011,0.6225385069847107,0.36162665486335754,0.30032438039779663,0.00039999998989515007,0.6547457575798035,0.1401326060295105,0.4509409964084625,3.2812561988830566,0.807466447353363,0.16638553142547607,1.478479266166687,0.315269410610199,0.5761679410934448,1.4965046644210815,1.6307421922683716,0.8570224046707153,0.07554887235164642,0.5549703240394592,0.841751754283905,0.43713077902793884,0.16785994172096252,0.6870250701904297,0.3509594202041626,0.9975533485412598,0.319015771150589,0.39057064056396484,0.5935521125793457,0.12286683171987534,0.5394033193588257,0.9975501298904419,0.06847187131643295,0.5659196376800537,0.8155392408370972,0.046595558524131775,1.0386884212493896,0.15966853499412537,0.1356075555086136,1.4507689476013184,0.26152855157852173,0.7116962671279907,0.7700063586235046,0.5344153642654419,0.024938324466347694,1.3372377157211304,0.8073766827583313,0.5204578638076782,0.5109487771987915
0.6445305347442627,0.9568567276000977,0.5858870148658752,0.19407297670841217,0.34254005551338196,2.1217169761657715,0.4763036370277405,5.055698394775391,1.3793429136276245,0.20625758171081543,0.5140884518623352,0.3583132326602936,0.12670469284057617,0.00039999998989515007,1.398140549659729,0.16595569252967834,0.022182492539286613,2.717607259750366,0.9761919975280762,0.04226719215512276,1.3171262741088867,0.25542116165161133,0.15140675008296967,1.8047634363174438,1.288941740989685,0.6128433346748352,0.21261054277420044,0.5550733804702759,0.7435745000839233,0.5856291055679321,0.567783772945404,1.2173415422439575,0.48222970962524414,1.1440738439559937,0.6032867431640625,0.2542476952075958,0.8825236558914185,0.14492148160934448,0.6220171451568604,0.7446039915084839,0.465828001499176,0.6428495645523071,0.7730604410171509,0.2887817323207855,0.5691478848457336,0.24520203471183777,0.40244537591934204,1.6903715133666992,0.2449866086244583,0.5228911638259888,0.5091086030006409,0.4102154076099396,0.1882990300655365,0.8075540065765381,0.7658408880233765,0.05633257329463959,0.7524977922439575
0.7669219970703125,0.817355215549469,1.0560626983642578,0.2835065722465515,0.32711222767829895,1.7105869054794312,0.5841835737228394,4.789729595184326,1.418819546699524,0.6182109713554382,0.796733021736145,0.7491902112960815,0.3441198468208313,0.00039999998989515007,0.7002005577087402,0.45318886637687683,0.26083606481552124,3.1476361751556396,0.9411177635192871,0.18246756494045258,1.132402777671814,0.724700927734375,0.7562620639801025,1.153196930885315,1.43280827999115,1.0350524187088013,0.2750738859176636,0.5779150724411011,0.7910210490226746,0.33473023772239685,0.16798542439937592,0.8454734086990356,0.4911874830722809,0.9997930526733398,0.8398385643959045,0.3033773601055145,0.23140177130699158,0.5922570824623108,0.4452380836009979,0.7881563305854797,0.2695157825946808,0.016183625906705856,0.827000081539154,0.12750244140625,1.1370126008987427,0.18779520690441132,0.09459276497364044,1.8478546142578125,0.297160267829895,0.6597045063972473,0.59645676612854,0.8248333930969238,0.01863691955804825,0.9003273248672485,0.8946298360824585,0.4239320755004883,0.2164687067270279
0.8476114869117737,0.9731636643409729,0.4669913947582245,0.1783888339996338,0.39758890867233276,1.5252323150634766,0.2418075054883957,4.892509937286377,1.5889651775360107,0.2762063145637512,0.2079700529575348,0.19342352449893951,0.28760653734207153,0.00039999998989515007,1.1684753894805908,0.07210487872362137,0.6501443386077881,3.048276662826538,1.0788055658340454,0.5637241005897522,1.287014365196228,0.30306586623191833,0.9007990956306458,1.3117666244506836,1.3578931093215942,0.7917144894599915,0.3289893865585327,0.7316470742225647,1.2721314430236816,0.3876020908355713,0.5249465703964233,0.7132129669189453,0.33062073588371277,1.2289434671401978,0.3184613883495331,0.40198737382888794,0.12091294676065445,0.2221825271844864,0.7979010939598083,0.6197859048843384,0.2815636992454529,0.5393907427787781,1.059754490852356,0.22165971994400024,0.9560131430625916,0.37951239943504333,0.1747337430715561,1.5578010082244873,0.32101064920425415,0.628870964050293,0.8470576405525208,0.47344231605529785,0.03404245153069496,1.2954120635986328,0.5819823145866394,0.5077596306800842,0.1899269074201584
0.8586373329162598,0.828478991985321,0.7174913287162781,0.18513068556785583,0.2200980931520462,1.513159990310669,0.22066380083560944,5.035874843597412,1.0901246070861816,0.6318510174751282,0.36153897643089294,0.46239331364631653,0.4029100239276886,0.00039999998989515007,1.0508896112442017,0.040532127022743225,0.3248005211353302,2.9857046604156494,0.9600855112075806,0.3814176023006439,1.3833216428756714,0.12387111037969589,0.5550922751426697,1.1863481998443604,1.4201421737670898,0.8524737358093262,4.471875581657514e-05,0.6067624092102051,1.1368694305419922,0.46692103147506714,0.4285154938697815,0.9296559691429138,0.1745767593383789,1.082509160041809,0.2819056212902069,0.4889591336250305,0.4659329652786255,0.08930309861898422,0.6767020225524902,1.1895650625228882,0.14863939583301544,0.3252775967121124,0.9845094084739685,0.10074984282255173,0.8954975008964539,0.5895010828971863,0.5298637747764587,1.3124196529388428,0.20646655559539795,0.6280848979949951,0.9629772901535034,0.6453269124031067,0.08066464215517044,1.206103801727295,1.1162172555923462,0.17603228986263275,0.4513077735900879
0.5379878878593445,0.7170489430427551,1.1198163032531738,0.3227839469909668,0.5039554238319397,1.7580976486206055,0.48830220103263855,4.851168632507324,1.3481124639511108,0.5851299166679382,0.751262903213501,0.9317168593406677,0.40060943365097046,0.00039999998989515007,0.7824001908302307,0.31381040811538696,0.08497238904237747,3.188549041748047,0.8617172241210938,0.06298817694187164,1.0275442600250244,0.6465516686439514,0.7493515610694885,0.9106748104095459,1.405582308769226,1.0205063819885254,0.17103487253189087,0.6843212842941284,0.8448583483695984,0.36161166429519653,0.34584522247314453,0.7638611793518066,0.5728497505187988,0.9473339915275574,0.9355210661888123,0.3814376890659332,0.2791588604450226,0.5893452167510986,0.4937121570110321,0.9227421283721924,0.08523900806903839,0.06113758310675621,0.7989539504051208,0.2315610647201538,1.2276986837387085,0.34294354915618896,0.35891613364219666,1.6918518543243408,0.22298915684223175,0.600857675075531,0.6657222509384155,0.8263951539993286,0.048859547823667526,0.7862180471420288,0.9442134499549866,0.47088658809661865,0.2260742038488388
0.6043428182601929,0.6277492642402649,0.9742740392684937,0.3405342102050781,0.40764209628105164,1.8425692319869995,0.45005372166633606,4.866781234741211,1.3562489748001099,0.5607025027275085,0.7090715765953064,0.7795394659042358,0.4533589780330658,0.00039999998989515007,0.8122332096099854,0.4497659206390381,0.032163091003894806,3.114133358001709,0.9678769707679749,0.0880269855260849,0.9288942813873291,0.639383852481842,0.929141640663147,0.936626136302948,1.4114655256271362,1.085360050201416,0.21135631203651428,0.73036789894104,0.6394161581993103,0.3299505114555359,0.37877997756004333,0.6479413509368896,0.5559110045433044,0.9456420540809631,0.8637867569923401,0.35552170872688293,0.2801230251789093,0.7439602017402649,0.541978120803833,0.8046137690544128,0.29098039865493774,0.08678995817899704,0.8815687298774719,0.2367328405380249,1.3127610683441162,0.3481370210647583,0.2535161077976227,1.8634696006774902,0.44225049018859863,0.4466225206851959,0.6019777655601501,0.7556025981903076,0.048459675163030624,0.9415468573570251,0.7739091515541077,0.47623246908187866,0.1862829029560089
0.9276140928268433,0.9147365093231201,0.5943173766136169,0.16123367846012115,0.12059848755598068,1.6820645332336426,0.24237948656082153,5.005676746368408,1.3932045698165894,0.48053568601608276,0.35336020588874817,0.3083499073982239,0.2990424335002899,0.00039999998989515007,1.0531858205795288,0.01698802225291729,0.4745764136314392,3.057000160217285,1.0056010484695435,0.3143076002597809,1.3399302959442139,0.35055965185165405,0.7049970030784607,1.4443247318267822,1.4479050636291504,0.8227366209030151,0.15747947990894318,0.5770576000213623,0.9985864162445068,0.3682253062725067,0.3269290328025818,0.763585090637207,0.3769163489341736,1.0919829607009888,0.4099993109703064,0.4337534010410309,0.43805351853370667,0.18730995059013367,0.6430166959762573,0.919981837272644,0.09735342860221863,0.5181851387023926,0.9532766342163086,0.12245675176382065,0.9808510541915894,0.3719000518321991,0.2974342703819275,1.6116602420806885,0.22648079693317413,0.7219738960266113,0.7564808130264282,0.5661563277244568,0.021444138139486313,1.1887357234954834,0.7957601547241211,0.3173826038837433,0.28764864802360535
0.6919980049133301,1.0035343170166016,0.2918585538864136,0.2412746548652649,0.04673253372311592,1.9812321662902832,0.6304656863212585,4.972531318664551,1.798755168914795,0.032563529908657074,0.25127339363098145,0.04676146060228348,0.17177803814411163,0.00039999998989515007,1.7022632360458374,0.05098709836602211,0.14058417081832886,2.698037624359131,1.1823049783706665,0.5517128109931946,1.2009732723236084,0.04493585601449013,0.44637829065322876,1.5078636407852173,0.9657643437385559,0.6736094355583191,0.2711441218852997,0.6588979959487915,0.9847970008850098,0.6834608316421509,0.9372759461402893,1.1907902956008911,0.22776997089385986,1.4214569330215454,0.4222777783870697,0.31368446350097656,0.39265114068984985,0.13410301506519318,0.8737283945083618,0.34592434763908386,0.6479161381721497,0.720750093460083,1.032979965209961,0.29218825697898865,0.474690705537796,0.3669929504394531,0.1344795525074005,1.5351126194000244,0.11004627496004105,0.33063358068466187,0.5810921788215637,0.22883857786655426,0.31361597776412964,1.116977572441101,0.5639652609825134,0.22853092849254608,0.6835481524467468
0.6458740234375,0.8033456802368164,0.6375401020050049,0.19913707673549652,0.30297860503196716,1.7046068906784058,0.03842102363705635,5.046283721923828,1.3089954853057861,0.4407646059989929,0.35908445715904236,0.3742358684539795,0.2964091897010803,0.00039999998989515007,1.1437780857086182,0.21127846837043762,0.4351300299167633,2.9659509658813477,0.9932262897491455,0.3244696259498596,1.2765191793441772,0.14647924900054932,0.6037404537200928,1.194637417793274,1.4010041952133179,0.888769805431366,0.17390185594558716,0.5646292567253113,1.0657305717468262,0.4801579415798187,0.5493815541267395,0.7537525296211243,0.3175216615200043,1.1114684343338013,0.4120083749294281,0.5722373723983765,0.4913998544216156,0.04663178697228432,0.6740950345993042,1.170533299446106,0.33465829491615295,0.4113083779811859,0.9525132775306702,0.1913909912109375,1.0528441667556763,0.5931012630462646,0.534346878528595,1.3231987953186035,0.25379297137260437,0.7005881667137146,0.940333366394043,0.5776727199554443,0.0024735338520258665,1.1584949493408203,0.9897146821022034,0.20703727006912231,0.4330577552318573
0.7848262190818787,0.8752114772796631,0.6214090585708618,0.16932499408721924,0.19193334877490997,1.5411059856414795,0.20227771997451782,5.000089645385742,1.2011727094650269,0.4482406973838806,0.3595757484436035,0.25824546813964844,0.2955428957939148,0.00039999998989515007,1.1102226972579956,0.14179861545562744,0.5053518414497375,3.179669141769409,0.8124886155128479,0.2600615918636322,1.4020576477050781,0.037753429263830185,0.5234004855155945,1.3672977685928345,1.4452751874923706,0.8069992661476135,0.20215283334255219,0.434591680765152,1.080904245376587,0.5131732225418091,0.435690313577652,0.9212819337844849,0.3228813111782074,1.0010957717895508,0.29169055819511414,0.5391005277633667,0.6758795976638794,0.0738106220960617,0.5410818457603455,1.3053373098373413,0.45192191004753113,0.48897361755371094,0.8507940769195557,0.13280996680259705,0.8855189085006714,0.4288718104362488,0.5437174439430237,1.1282835006713867,0.029113894328475,0.7400021553039551,1.039749026298523,0.624182403087616,0.02662292681634426,1.1706897020339966,1.0228657722473145,0.19966289401054382,0.49020713567733765
0.90923011302948,0.9535729289054871,0.650679886341095,0.18017512559890747,0.10278908908367157,1.6548141241073608,0.3495045304298401,4.991273403167725,1.5321338176727295,0.63005530834198,0.23325856029987335,0.41307997703552246,0.36625275015830994,0.00039999998989515007,1.1834213733673096,0.003135877661406994,0.4520283341407776,2.930752754211426,1.0771132707595825,0.3046514093875885,1.2822704315185547,0.4141354560852051,0.8262202143669128,1.3096280097961426,1.340137243270874,0.8519068956375122,0.1832704246044159,0.6184935569763184,1.0452229976654053,0.22801025211811066,0.2870792746543884,0.7164398431777954,0.39141011238098145,1.082701563835144,0.5045262575149536,0.5007262229919434,0.3151037395000458,0.28588342666625977,0.7298192977905273,0.8659458756446838,0.0015362430131062865,0.49622204899787903,0.9937230944633484,0.16931317746639252,1.0151736736297607,0.5251567363739014,0.3995341658592224,1.6988917589187622,0.31238073110580444,0.7292670607566833,0.7355700731277466,0.6013918519020081,0.012592466548085213,1.092751145362854,0.8366544842720032,0.2495945543050766,0.07146704196929932
0.8681425452232361,0.9178159832954407,0.6787473559379578,0.1873139888048172,0.2285742610692978,1.5862972736358643,0.26188772916793823,4.981078147888184,1.3245432376861572,0.5130042433738708,0.38680407404899597,0.344602108001709,0.3063591718673706,0.00039999998989515007,1.072675347328186,0.07577881217002869,0.5122547149658203,3.0346641540527344,0.9866040349006653,0.38345199823379517,1.375611424446106,0.2805953323841095,0.6569535732269287,1.3298102617263794,1.4202308654785156,0.8778900504112244,0.09220709651708603,0.5598224401473999,1.0746864080429077,0.42515116930007935,0.36166155338287354,0.8293949961662292,0.27433541417121887,1.1258658170700073,0.3766437768936157,0.48906785249710083,0.40759962797164917,0.09620679169893265,0.6560591459274292,0.9997472763061523,0.156460240483284,0.4029734432697296,0.9767730236053467,0.12548606097698212,0.9672607779502869,0.4461781680583954,0.3355746865272522,1.4760090112686157,0.2649253308773041,0.7240627408027649,0.87045818567276,0.610683023929596,0.04280255362391472,1.1852335929870605,0.9547981023788452,0.29042893648147583,0.34308624267578125
1.0365664958953857,0.16947606205940247,0.2897724509239197,0.21632403135299683,0.5590905547142029,0.9204986691474915,0.175216406583786,4.327058792114258,0.43666884303092957,0.9275994300842285,0.19399394094944,0.16433945298194885,0.6549487113952637,0.00039999998989515007,0.3996587097644806,0.11469313502311707,0.558211088180542,2.861102819442749,0.950131356716156,0.8175093531608582,1.076886534690857,0.8924909830093384,0.27027517557144165,0.3092535436153412,1.2267037630081177,0.6862848997116089,0.33764442801475525,0.16679495573043823,1.6316276788711548,0.6440702676773071,0.7601490616798401,0.7592785358428955,0.33928999304771423,0.730380117893219,0.40736088156700134,0.5638644695281982,0.3499583899974823,0.17069882154464722,0.27300137281417847,2.4527335166931152,0.2781195044517517,0.21103887259960175,0.7646104693412781,0.32789915800094604,0.7627179026603699,1.0341402292251587,1.0056681632995605,0.24133266508579254,0.031001431867480278,0.7193162441253662,1.594679594039917,0.8399679064750671,0.2354305386543274,1.7001327276229858,1.428354263305664,0.5873976349830627,0.8370592594146729
0.606078028678894,0.843017578125,0.7635042071342468,0.2858920097351074,0.36579135060310364,1.8981364965438843,0.34082135558128357,4.7409820556640625,1.6112651824951172,0.14291571080684662,0.6875780820846558,0.5709130167961121,0.28335443139076233,0.00039999998989515007,0.9217339754104614,0.5243732929229736,0.15795114636421204,3.155080795288086,0.9798669815063477,0.20581011474132538,0.9359842538833618,0.783115804195404,1.0071955919265747,1.1947908401489258,1.280430793762207,0.90398108959198,0.11066724359989166,0.9618762731552124,0.7245123982429504,0.26337572932243347,0.4094815254211426,0.6450311541557312,0.7356317639350891,1.0876221656799316,0.8141415119171143,0.11424541473388672,0.11167546361684799,0.7681567072868347,0.6557283401489258,0.2825668752193451,0.17912805080413818,0.4675350487232208,0.9786858558654785,0.15134966373443604,1.1656568050384521,0.03879871964454651,0.1003987267613411,2.098161220550537,0.4255102574825287,0.3849751651287079,0.48201099038124084,0.6308951377868652,0.11775341629981995,1.0200632810592651,0.38661691546440125,0.7681126594543457,0.08899426460266113
0.8670178651809692,0.9028730988502502,0.6996523141860962,0.19517584145069122,0.230814591050148,1.5600110292434692,0.29120054841041565,4.986795425415039,1.2943809032440186,0.5565388798713684,0.37053969502449036,0.3757740259170532,0.3436051905155182,0.00039999998989515007,1.0755503177642822,0.04134469851851463,0.47047728300094604,3.028057336807251,0.9905903339385986,0.3898513615131378,1.3583179712295532,0.27807706594467163,0.6810755133628845,1.2851048707962036,1.4177207946777344,0.8846204876899719,0.06197313964366913,0.5798836350440979,1.0897941589355469,0.41823628544807434,0.370147705078125,0.8462796211242676,0.25908687710762024,1.1082996129989624,0.3649768829345703,0.48884856700897217,0.39566507935523987,0.1336013674736023,0.6601141691207886,1.021039366722107,0.12759122252464294,0.37209552526474,0.9931929707527161,0.1350633054971695,0.9651252031326294,0.48042410612106323,0.37031665444374084,1.4715577363967896,0.26788800954818726,0.6903771162033081,0.8895801901817322,0.6335245370864868,0.057608745992183685,1.1848372220993042,0.9780788421630859,0.2727479636669159,0.3259362578392029
0.6700729727745056,0.9762609601020813,0.6018260717391968,0.17138832807540894,0.13148784637451172,1.7835344076156616,0.07963810861110687,5.048676013946533,1.3625874519348145,0.2949371337890625,0.3030211925506592,0.23742902278900146,0.0989556834101677,0.00039999998989515007,1.1491926908493042,0.12742239236831665,0.45214879512786865,3.0111989974975586,1.061669945716858,0.332417368888855,1.2574141025543213,0.4073740541934967,0.6675434112548828,1.565846562385559,1.4545626640319824,0.8160942792892456,0.1731756031513214,0.37737950682640076,0.9460247159004211,0.4265652298927307,0.3752972185611725,0.937171995639801,0.4039723575115204,1.0975141525268555,0.442952424287796,0.5092197060585022,0.5360598564147949,0.04298974201083183,0.4766412675380707,0.8794165849685669,0.4656316637992859,0.6360344886779785,0.9039813280105591,0.040400419384241104,0.9634512662887573,0.33777305483818054,0.3528522253036499,1.4701281785964966,0.17923098802566528,0.6819552779197693,0.7949215173721313,0.592670738697052,0.014158613979816437,1.086676001548767,0.8422864079475403,0.3852757513523102,0.4286671578884125
0.683889627456665,0.7991141676902771,1.089698076248169,0.30464789271354675,0.40007323026657104,1.7004222869873047,0.6778988242149353,4.782899856567383,1.4385173320770264,0.6577579379081726,0.7339410781860352,0.8436343669891357,0.400556743144989,0.00039999998989515007,0.7397189140319824,0.39747127890586853,0.21181362867355347,3.232323408126831,0.8559759259223938,0.058504216372966766,1.0698082447052002,0.7114900350570679,0.8315507769584656,1.0274324417114258,1.4191069602966309,1.0310823917388916,0.15637193620204926,0.6014262437820435,0.8214775323867798,0.2758767306804657,0.2077760249376297,0.7253531813621521,0.5972760319709778,0.9008560180664062,0.9096628427505493,0.39415985345840454,0.2666226625442505,0.6184267401695251,0.43793100118637085,0.8900890350341797,0.20018726587295532,0.023970961570739746,0.7820700407028198,0.23919951915740967,1.2348092794418335,0.27120691537857056,0.2647535800933838,1.7462944984436035,0.24782589077949524,0.6693521738052368,0.6465955376625061,0.839218020439148,0.0394185334444046,0.8277401924133301,0.8979213237762451,0.4889168441295624,0.10615357756614685
0.8888869285583496,0.9984819293022156,0.7064533829689026,0.18491600453853607,0.20098437368869781,1.5807876586914062,0.2277955710887909,4.984432697296143,1.3273777961730957,0.48983943462371826,0.35526278614997864,0.4301953613758087,0.28168460726737976,0.00039999998989515007,1.1523492336273193,0.09588346630334854,0.4871402084827423,2.9128434658050537,1.014060616493225,0.36844632029533386,1.4351636171340942,0.34641239047050476,0.6255003213882446,1.3533700704574585,1.3830459117889404,0.8188451528549194,0.15230393409729004,0.6896547079086304,1.1142061948776245,0.38511717319488525,0.3187580704689026,0.8841281533241272,0.27882999181747437,1.1979337930679321,0.4060554504394531,0.4305087924003601,0.36876991391181946,0.11160057783126831,0.7909406423568726,0.8191969394683838,0.13131767511367798,0.4321948289871216,1.0000216960906982,0.06341096013784409,0.8927387595176697,0.43303629755973816,0.31559357047080994,1.6081677675247192,0.27748408913612366,0.685691773891449,0.8064418435096741,0.5711692571640015,0.055293966084718704,1.1213488578796387,0.9244816303253174,0.3224269151687622,0.30979254841804504
1.2114847898483276,1.024047613143921,0.7136841416358948,0.09626392275094986,0.01509759109467268,1.0709800720214844,0.84782874584198,4.863012790679932,1.0042668581008911,0.8906033039093018,0.0697031170129776,0.8231930136680603,0.5880395174026489,0.00039999998989515007,1.0276083946228027,0.27356472611427307,0.2493554800748825,2.780526638031006,0.8848747611045837,0.2592712640762329,1.5183535814285278,0.4273618459701538,0.8701297044754028,1.2339457273483276,1.5072312355041504,0.4781816601753235,0.2882399260997772,1.0712809562683105,1.4647244215011597,0.03750591725111008,0.012745183892548084,0.9997165203094482,0.3648117780685425,0.9495391845703125,0.18409541249275208,0.1392120122909546,0.20401981472969055,0.4940027892589569,0.9919435977935791,0.7497201561927795,0.2244235873222351,0.5317267179489136,0.9885832667350769,0.23263952136039734,0.6308028101921082,0.48461711406707764,0.678145170211792,1.7658709287643433,0.004017326980829239,0.5121157169342041,0.782422661781311,0.6250008940696716,0.31263700127601624,1.0770716667175293,0.7531017065048218,0.3390708863735199,0.17141610383987427
0.5998772978782654,1.151942491531372,0.7486045956611633,0.4298114478588104,0.3807712495326996,1.1947931051254272,0.7058088183403015,4.737776279449463,1.4429396390914917,0.37106531858444214,0.24976639449596405,0.04201618209481239,0.3502838909626007,0.00039999998989515007,1.5236179828643799,0.5728665590286255,0.7859872579574585,3.2527782917022705,0.7388738393783569,0.3805699348449707,1.3719927072525024,0.3002539575099945,1.097607970237732,1.2725986242294312,1.1828560829162598,1.2044471502304077,0.29086989164352417,0.36144208908081055,0.7692201137542725,0.4188879132270813,0.2753698229789734,0.6209456324577332,0.14523464441299438,1.0195541381835938,0.278820276260376,0.9309267401695251,0.43683987855911255,0.24738897383213043,0.5818004012107849,0.6794822216033936,0.3155059218406677,0.6919605135917664,1.081546425819397,0.177221417427063,1.1178083419799805,0.47357773780822754,0.09073252230882645,1.218536138534546,0.6601925492286682,0.5987656712532043,1.09342622756958,0.5350998640060425,0.06899823993444443,1.0748084783554077,0.9912163019180298,0.6571417450904846,0.04083840548992157
1.0875409841537476,0.6676471829414368,0.9700819849967957,0.28727665543556213,0.5233863592147827,1.5710272789001465,0.4925270974636078,4.726253032684326,0.9724523425102234,0.5888100862503052,1.0230677127838135,0.7731081247329712,0.5124683380126953,0.00039999998989515007,0.45158323645591736,0.721187949180603,0.01466866210103035,3.161539077758789,0.9954577088356018,0.31182345747947693,1.203933596611023,0.3649922311306,0.6744532585144043,0.7866339683532715,1.3526611328125,1.1297295093536377,0.45584726333618164,0.8305423259735107,0.7192422747612,0.5060538649559021,0.3183181881904602,0.7588925957679749,0.13896062970161438,1.1425259113311768,0.6082130074501038,0.24208109080791473,0.11643512547016144,0.6547181010246277,0.6911093592643738,0.5959851145744324,0.5999629497528076,0.04958975687623024,0.8625614643096924,0.12557654082775116,1.1227575540542603,0.2264145463705063,0.16847047209739685,1.5348498821258545,0.747952401638031,0.27887797355651855,0.6510337591171265,0.6291482448577881,0.15336422622203827,1.3422378301620483,0.8658996224403381,0.6360414028167725,0.6147965788841248
0.8746641278266907,0.9480669498443604,0.8030242323875427,0.20532694458961487,0.3399008512496948,1.5172498226165771,0.3667924106121063,4.939224720001221,1.3740675449371338,0.6526379585266113,0.3902207612991333,0.47812315821647644,0.38918328285217285,0.00039999998989515007,1.1310644149780273,0.1073187068104744,0.4746112823486328,3.0665056705474854,0.9837970733642578,0.377036988735199,1.3568885326385498,0.24035125970840454,0.6746758818626404,1.0822395086288452,1.2856637239456177,0.9358173608779907,0.07305341958999634,0.5526156425476074,1.155849814414978,0.3850109279155731,0.3767382800579071,0.7937454581260681,0.23410099744796753,1.124779462814331,0.4913754165172577,0.6052675843238831,0.3129065930843353,0.09536660462617874,0.6958198547363281,1.0501471757888794,0.13908986747264862,0.30312925577163696,0.9524301290512085,0.11982867866754532,0.9999818205833435,0.5897887945175171,0.4224840998649597,1.3065162897109985,0.33287563920021057,0.7436066269874573,0.9307400584220886,0.6685364246368408,0.026548581197857857,1.106132984161377,1.0999083518981934,0.27864497900009155,0.27461978793144226
0.79654860496521,0.8543118834495544,0.6399303078651428,0.16651052236557007,0.18301932513713837,1.6007829904556274,0.21240805089473724,4.983438491821289,1.2321979999542236,0.49343517422676086,0.37037232518196106,0.264662504196167,0.31932759284973145,0.00039999998989515007,1.0955389738082886,0.09670854359865189,0.4630829989910126,3.214164972305298,0.8330271244049072,0.26560139656066895,1.3496967554092407,0.08924562484025955,0.5512140989303589,1.3494369983673096,1.4369313716888428,0.8289844989776611,0.14460456371307373,0.39613428711891174,1.0581507682800293,0.512239933013916,0.44792428612709045,0.8762723207473755,0.33992093801498413,0.9715079665184021,0.33431071043014526,0.5590639114379883,0.6641936898231506,0.033629853278398514,0.4777967929840088,1.3462562561035156,0.41050371527671814,0.44491538405418396,0.8615186810493469,0.15491661429405212,0.9278942942619324,0.4500637352466583,0.5397707223892212,1.1526669263839722,0.018486766144633293,0.7629042863845825,1.0005930662155151,0.6531651020050049,0.04366863891482353,1.1482040882110596,1.0367016792297363,0.1967538446187973,0.45984604954719543
0.8141611218452454,0.9676298499107361,0.7942495346069336,0.21420204639434814,0.2134983092546463,1.6151894330978394,0.2853519916534424,4.951139450073242,1.3892395496368408,0.5550439357757568,0.4562416672706604,0.42041605710983276,0.26912617683410645,0.00039999998989515007,1.0933083295822144,0.09741753339767456,0.5216292142868042,2.979644775390625,0.978505551815033,0.33554548025131226,1.386523962020874,0.35871919989585876,0.6056086421012878,1.316462755203247,1.3798991441726685,0.9292346239089966,0.04542677104473114,0.5050397515296936,1.0348972082138062,0.4118882119655609,0.30083897709846497,0.8750649094581604,0.2920086085796356,1.1315503120422363,0.4942725598812103,0.5301901698112488,0.41419264674186707,0.07610378414392471,0.6333661079406738,1.0027105808258057,0.14921526610851288,0.3180920481681824,0.9501498341560364,0.0894547700881958,0.9768048524856567,0.444221168756485,0.3261384665966034,1.509792447090149,0.2766970992088318,0.7813965678215027,0.8423453569412231,0.6607012748718262,0.02620808221399784,1.0697295665740967,1.058803677558899,0.25428658723831177,0.3259480893611908
0.6487618684768677,0.7971404194831848,0.7300989031791687,0.2385806143283844,0.35188400745391846,1.6635425090789795,0.10908805578947067,4.966160774230957,1.3839614391326904,0.5587645173072815,0.44620388746261597,0.3503962755203247,0.33523353934288025,0.00039999998989515007,1.1490830183029175,0.16174569725990295,0.4635215103626251,2.96020770072937,1.0416617393493652,0.4131273329257965,1.2187068462371826,0.11421254277229309,0.6257069110870361,1.0380492210388184,1.280901312828064,1.0365586280822754,0.01786046102643013,0.4339800775051117,1.032475233078003,0.5148423910140991,0.572431206703186,0.7831372618675232,0.20192745327949524,1.11946702003479,0.4551642835140228,0.6787663102149963,0.4101075530052185,0.05035391077399254,0.601848304271698,1.2513809204101562,0.2486511468887329,0.24520343542099,0.9834442734718323,0.15426141023635864,1.091144323348999,0.6775665283203125,0.46790066361427307,1.2273768186569214,0.3926694989204407,0.7086341381072998,0.9958101511001587,0.6704689860343933,0.04791959002614021,1.16927170753479,1.1696943044662476,0.13167934119701385,0.44243210554122925
1.634962797164917,0.5776991844177246,0.8480220437049866,0.00983457826077938,0.22120599448680878,1.2622954845428467,0.675824761390686,4.673829555511475,0.13004165887832642,1.0881099700927734,0.7298374176025391,0.5812929272651672,0.6602951288223267,0.00039999998989515007,0.34839433431625366,0.12978476285934448,0.2099810391664505,3.263607978820801,0.7227018475532532,0.07906494289636612,1.5724329948425293,0.015360744670033455,0.3874753713607788,0.8514487743377686,1.4859670400619507,0.9715895056724548,0.3648391664028168,0.4790051281452179,0.6089531183242798,0.38285744190216064,0.16719110310077667,0.38026776909828186,0.11005022376775742,0.8082739114761353,0.16522037982940674,0.6012319922447205,0.7418686747550964,0.11144992709159851,0.5542656779289246,1.5644162893295288,0.697272539138794,0.3310249447822571,0.70960932970047,0.11576458066701889,1.1208202838897705,0.5399365425109863,0.36589694023132324,0.7886470556259155,0.6514449119567871,0.7086021304130554,0.9260226488113403,0.6714948415756226,0.08398737013339996,1.4365689754486084,1.3452271223068237,0.24612264335155487,0.6425095796585083
0.8716713786125183,0.9800259470939636,0.36471304297447205,0.15211118757724762,0.19600382447242737,1.7307461500167847,0.11822272092103958,4.898956775665283,1.6088972091674805,0.1686551719903946,0.18158701062202454,0.10225558280944824,0.270682692527771,0.00039999998989515007,1.2731883525848389,0.02202536351978779,0.4913730025291443,3.0017802715301514,1.081256628036499,0.5188246369361877,1.2527968883514404,0.3341742157936096,0.935954213142395,1.4255925416946411,1.288602590560913,0.7598170042037964,0.3962676227092743,0.8087712526321411,1.082959532737732,0.29735299944877625,0.49391430616378784,0.6851781606674194,0.4575349986553192,1.216811180114746,0.332498699426651,0.3007771968841553,0.20255188643932343,0.23570221662521362,0.8283575177192688,0.5531648993492126,0.22028152644634247,0.8256615400314331,1.1262929439544678,0.14593778550624847,0.9215599298477173,0.2925712764263153,0.1231510266661644,1.7075423002243042,0.365477979183197,0.5764646530151367,0.7268261909484863,0.4398115575313568,0.06378013640642166,1.3060097694396973,0.4875631630420685,0.5172059535980225,0.1411007046699524
0.8654266595840454,0.926388680934906,0.7082464098930359,0.19639934599399567,0.21843045949935913,1.6069881916046143,0.2573697566986084,4.967891216278076,1.3247294425964355,0.5213044881820679,0.41372716426849365,0.37276357412338257,0.30104026198387146,0.00039999998989515007,1.0705442428588867,0.048362601548433304,0.4934152662754059,3.0127406120300293,0.9877346158027649,0.36170661449432373,1.3781819343566895,0.30548885464668274,0.6471380591392517,1.3220703601837158,1.4206815958023071,0.8934011459350586,0.07641404122114182,0.5606334209442139,1.0536726713180542,0.4264691472053528,0.35358959436416626,0.8413925766944885,0.28647685050964355,1.1260360479354858,0.40671306848526,0.49374711513519287,0.4208873510360718,0.10825569182634354,0.6599405407905579,1.0020554065704346,0.1431325078010559,0.390226274728775,0.9748468399047852,0.11009112000465393,0.9757407903671265,0.43937763571739197,0.3291057050228119,1.4951071739196777,0.27984684705734253,0.7224496006965637,0.8557519912719727,0.6182745695114136,0.03546001762151718,1.1684494018554688,0.9752035737037659,0.2918809652328491,0.35198602080345154
0.9349733591079712,0.9806177616119385,0.5853434205055237,0.1441822052001953,0.2367955893278122,1.584124207496643,0.17824330925941467,4.947847366333008,1.2805290222167969,0.3780413568019867,0.33038151264190674,0.36003977060317993,0.3123008608818054,0.00039999998989515007,1.1224877834320068,0.0022970824502408504,0.5083756446838379,2.9174492359161377,1.046944499015808,0.5046265721321106,1.4911354780197144,0.24554690718650818,0.635893702507019,1.3798547983169556,1.4013891220092773,0.7673636674880981,0.17298711836338043,0.7688812017440796,1.2165002822875977,0.39920398592948914,0.40209266543388367,0.9055632948875427,0.28558430075645447,1.2543658018112183,0.26663872599601746,0.31698334217071533,0.2910405993461609,0.07926476746797562,0.8102392554283142,0.7713806629180908,0.1835486888885498,0.5411273837089539,1.0484912395477295,0.0763503760099411,0.7939872145652771,0.36370718479156494,0.18915800750255585,1.5814205408096313,0.27215227484703064,0.5931184887886047,0.8236172795295715,0.5524057149887085,0.06937719136476517,1.2288274765014648,0.8258072733879089,0.402410089969635,0.3625139892101288
1.2190912961959839,0.7731351852416992,0.5177050232887268,0.07395023852586746,0.5249260663986206,1.1852173805236816,0.21805895864963531,4.83329439163208,0.742882251739502,0.492721289396286,0.3685740828514099,0.22122147679328918,0.49330756068229675,0.00039999998989515007,0.9755603075027466,0.015861783176660538,0.5011988878250122,3.1034302711486816,0.9982112050056458,0.7089623808860779,1.5208139419555664,0.28558242321014404,0.5510284900665283,0.9287139177322388,1.3239487409591675,0.8106067180633545,0.003171538468450308,0.7365926504135132,1.33041250705719,0.6391032338142395,0.5368855595588684,0.9131171107292175,0.17353366315364838,1.2491395473480225,0.07424378395080566,0.4045400619506836,0.31018123030662537,0.0734657570719719,0.874076783657074,1.0856883525848389,0.16314710676670074,0.36455708742141724,1.006611704826355,0.024889128282666206,0.7381492257118225,0.5503831505775452,0.3057281970977783,0.8017067313194275,0.46615633368492126,0.43914803862571716,1.2091805934906006,0.5254203081130981,0.026401184499263763,1.604142665863037,1.014087200164795,0.28673502802848816,0.7134370803833008
0.9871354103088379,1.0516222715377808,0.720939576625824,0.1556316763162613,0.1112358570098877,1.392500400543213,0.37534937262535095,4.934578895568848,1.2901453971862793,0.6527398824691772,0.2543877959251404,0.4085250496864319,0.33633771538734436,0.00039999998989515007,1.1468029022216797,0.037146009504795074,0.5178206562995911,2.895569324493408,0.9949750304222107,0.47570639848709106,1.5058265924453735,0.28302013874053955,0.5963709950447083,1.3751052618026733,1.3791229724884033,0.7736666202545166,0.08003983646631241,0.594792902469635,1.295461893081665,0.3644878566265106,0.2652605473995209,1.0577162504196167,0.17705610394477844,1.1440461874008179,0.2704116404056549,0.42725715041160583,0.33246323466300964,0.06572118401527405,0.7238945960998535,0.9637125134468079,0.15389610826969147,0.35578906536102295,1.0215835571289062,0.06199274957180023,0.7376596927642822,0.48275378346443176,0.3996540307998657,1.4853960275650024,0.1339709758758545,0.739460289478302,0.8940843343734741,0.6445533037185669,0.1331380009651184,1.1350313425064087,1.06204092502594,0.18864944577217102,0.26929035782814026
0.4191623628139496,1.0856786966323853,0.48170292377471924,0.3915625512599945,0.042619768530130386,1.6138736009597778,0.4188174903392792,4.822756767272949,1.6548128128051758,0.23504289984703064,0.0721069723367691,0.12023171782493591,0.32095569372177124,0.00039999998989515007,1.7574225664138794,0.5574086308479309,0.635261058807373,3.081362247467041,0.7880136370658875,0.058493077754974365,1.2315566539764404,0.31980109214782715,1.1567745208740234,1.5542320013046265,1.2509382963180542,1.0757105350494385,0.7637861371040344,0.27403783798217773,0.596155047416687,0.2644512355327606,0.43042808771133423,0.37499409914016724,0.5083640813827515,0.8727063536643982,0.4412103295326233,0.9704522490501404,0.7387126684188843,0.1600058674812317,0.5462671518325806,0.746988832950592,0.5571539998054504,1.1632765531539917,0.9133592844009399,0.2700790464878082,1.2256183624267578,0.5236822962760925,0.38999032974243164,1.2461693286895752,0.41290929913520813,0.6524786353111267,0.953347384929657,0.32585611939430237,0.2574566602706909,0.9198646545410156,0.6097900867462158,0.5057108998298645,0.034178003668785095
0.9789232611656189,0.5901756286621094,0.08558540791273117,0.11160733550786972,0.802670419216156,1.1266224384307861,0.09080467373132706,4.567442417144775,1.3675894737243652,0.3477460741996765,0.09236707538366318,0.03935777768492699,0.421115517616272,0.00039999998989515007,0.6695764660835266,0.23540684580802917,0.8457935452461243,3.020556688308716,1.2367990016937256,1.1120728254318237,1.0985547304153442,0.45239150524139404,0.7078737616539001,0.6813316941261292,1.2531676292419434,0.5891919732093811,0.1627189666032791,0.6054008603096008,2.0458157062530518,0.5880472660064697,1.0116239786148071,0.7849111557006836,0.010950548574328423,1.184444546699524,0.20083925127983093,0.29245075583457947,0.2532535493373871,0.2090609073638916,0.6505595445632935,1.339589238166809,0.529758870601654,0.10194043815135956,0.9889280200004578,0.37841397523880005,0.766474187374115,0.6520504355430603,0.4158139228820801,0.540306806564331,0.11500568687915802,0.6377410292625427,1.3226501941680908,0.5632442235946655,0.14661180973052979,1.8249725103378296,0.6760321259498596,0.08659211546182632,0.5585290193557739
0.929421067237854,0.9877330660820007,0.7181294560432434,0.15533533692359924,0.21290577948093414,1.5364946126937866,0.29926788806915283,4.933103084564209,1.3565253019332886,0.5879696607589722,0.30977779626846313,0.4523636996746063,0.32512378692626953,0.00039999998989515007,1.154787302017212,0.005516230594366789,0.5347790718078613,2.8599050045013428,1.1041802167892456,0.445138543844223,1.3650262355804443,0.4086974561214447,0.706523060798645,1.2847580909729004,1.343727946281433,0.8097318410873413,0.09338964521884918,0.7126073837280273,1.2055898904800415,0.33796221017837524,0.3231621980667114,0.8696110248565674,0.25724315643310547,1.1894110441207886,0.38624027371406555,0.4189838469028473,0.2645289897918701,0.2181045562028885,0.7821038365364075,0.831717848777771,0.030113982036709785,0.33342063426971436,1.063436508178711,0.11769551038742065,0.904421329498291,0.5096898674964905,0.3337285816669464,1.681803584098816,0.2977031171321869,0.6803193688392639,0.8322150707244873,0.6523674130439758,0.11442220211029053,1.1337159872055054,0.9349732995033264,0.25148501992225647,0.2038448452949524
1.1432267427444458,1.0378812551498413,0.5585732460021973,0.045060452073812485,0.06698743999004364,1.400977611541748,0.43647894263267517,4.8919219970703125,0.9987047910690308,0.4543956220149994,0.18506625294685364,0.45050522685050964,0.24137353897094727,0.00039999998989515007,0.8845682144165039,0.13584424555301666,0.6095321774482727,2.909187078475952,0.8228984475135803,0.2136867642402649,1.6602290868759155,0.46199220418930054,0.6137344837188721,1.66037118434906,1.6989021301269531,0.5490935444831848,0.40648844838142395,0.8462061882019043,1.1849217414855957,0.21683715283870697,0.0004884215304628015,0.7409502863883972,0.41381165385246277,1.0620813369750977,0.16693954169750214,0.24243594706058502,0.5103892087936401,0.0359884649515152,0.840440034866333,0.7979565262794495,0.0591408871114254,0.699027955532074,0.9243331551551819,0.17753024399280548,0.8157958984375,0.19732479751110077,0.35872161388397217,1.7332593202590942,0.06437084823846817,0.7913472652435303,0.7216967940330505,0.45681819319725037,0.2730475962162018,1.188232660293579,0.6700631380081177,0.48615193367004395,0.18674734234809875
0.9721934795379639,0.9933037757873535,0.6905088424682617,0.15579569339752197,0.13987548649311066,1.5664677619934082,0.3143421411514282,4.927771091461182,1.3947107791900635,0.5837195515632629,0.34734150767326355,0.31921571493148804,0.2966170310974121,0.00039999998989515007,1.0972766876220703,0.0149457436054945,0.568696141242981,2.9721226692199707,1.0398527383804321,0.4388076961040497,1.4097744226455688,0.36163344979286194,0.6670663356781006,1.395972728729248,1.3964111804962158,0.852615475654602,0.0582430362701416,0.5243777632713318,1.1218583583831787,0.37598979473114014,0.27172762155532837,0.8822407126426697,0.2565770149230957,1.141229510307312,0.3790823221206665,0.4648369550704956,0.3561086058616638,0.11000020056962967,0.6497839093208313,0.9526672959327698,0.10014040768146515,0.3796120882034302,0.9995014667510986,0.08812741190195084,0.8991433382034302,0.42394083738327026,0.28669074177742004,1.5543829202651978,0.24848052859306335,0.7835237979888916,0.824604332447052,0.6414900422096252,0.06645163148641586,1.1597176790237427,0.9666830897331238,0.22856426239013672,0.2684285640716553
0.9409729838371277,0.9220456480979919,0.6146252155303955,0.16094805300235748,0.19948796927928925,1.62598717212677,0.22762076556682587,4.967303276062012,1.3720351457595825,0.494750440120697,0.38287821412086487,0.31317993998527527,0.2993178367614746,0.00039999998989515007,1.0407929420471191,0.008877419866621494,0.5258128046989441,3.0113773345947266,1.0290709733963013,0.3898112177848816,1.3796037435531616,0.2766403257846832,0.6690961122512817,1.3447321653366089,1.425037145614624,0.8590317964553833,0.12641355395317078,0.5741510987281799,1.0824050903320312,0.4055994749069214,0.37718483805656433,0.7813729643821716,0.294516921043396,1.1435636281967163,0.3705458343029022,0.4766271114349365,0.386213481426239,0.13198469579219818,0.6857900023460388,0.9689690470695496,0.12345268577337265,0.46417903900146484,0.9785024523735046,0.10956259071826935,0.9780734181404114,0.42577874660491943,0.28951576352119446,1.4988933801651,0.3012617230415344,0.7273936867713928,0.829459547996521,0.5694543123245239,0.014798847958445549,1.2501615285873413,0.8856395483016968,0.30833491683006287,0.3500789701938629
0.6413149833679199,0.5495811104774475,0.23368553817272186,0.0426001101732254,0.48570895195007324,1.6293717622756958,0.007922802120447159,4.781530380249023,1.638153314590454,0.3750332295894623,0.10734497010707855,0.11559072881937027,0.2996785640716553,0.00039999998989515007,0.7589646577835083,0.20128844678401947,0.7176680564880371,3.0259056091308594,1.2119487524032593,0.795795202255249,0.9005981683731079,0.08477214723825455,0.7902547121047974,1.1076887845993042,1.4811564683914185,0.6168375015258789,0.12026059627532959,0.4237399399280548,1.6894452571868896,0.4890137314796448,0.9013678431510925,0.7351346015930176,0.41281330585479736,0.9942673444747925,0.15430553257465363,0.31482934951782227,0.05273139849305153,0.36837244033813477,0.339473694562912,1.5198981761932373,0.5523269176483154,0.048860881477594376,0.9897218942642212,0.5752382278442383,0.9932805895805359,0.5565851926803589,0.5759000778198242,1.1773436069488525,0.1993522047996521,0.8595889210700989,1.0295579433441162,0.7289578914642334,0.25281426310539246,1.4204260110855103,0.6477922797203064,0.02777698263525963,0.31650811433792114
0.8990940451622009,0.910324215888977,0.5555835366249084,0.17925244569778442,0.08733116090297699,1.7764434814453125,0.18060952425003052,4.999910831451416,1.5001251697540283,0.4659554064273834,0.266396164894104,0.3164314925670624,0.3175183832645416,0.00039999998989515007,1.1886621713638306,0.032103877514600754,0.4145544767379761,2.945279359817505,1.0747042894363403,0.28366973996162415,1.2635469436645508,0.3962588906288147,0.8105919361114502,1.401336431503296,1.3949873447418213,0.8279998898506165,0.22386986017227173,0.6493269801139832,0.9526119828224182,0.3073055148124695,0.37875404953956604,0.6947872042655945,0.43795114755630493,1.1055951118469238,0.4769650995731354,0.4497212767601013,0.41254037618637085,0.27993279695510864,0.7334489822387695,0.8269883394241333,0.07454561442136765,0.5944737792015076,1.0004370212554932,0.14691537618637085,1.0274264812469482,0.43200933933258057,0.3336745500564575,1.737188458442688,0.3025084435939789,0.6696811318397522,0.6878365278244019,0.5265703201293945,0.02000250481069088,1.1583651304244995,0.7087687253952026,0.32414644956588745,0.18630443513393402
1.0552315711975098,1.0640398263931274,0.520016610622406,0.0852782353758812,0.1378863900899887,1.3928353786468506,0.27479928731918335,4.9320878982543945,0.9433923363685608,0.3118063509464264,0.1739572286605835,0.4577634334564209,0.2078588604927063,0.00039999998989515007,1.0053941011428833,0.2893601655960083,0.5654745101928711,2.837557554244995,0.7936348915100098,0.1985664814710617,1.7181060314178467,0.32986679673194885,0.5404590964317322,1.6102384328842163,1.6455707550048828,0.5442723631858826,0.5275893807411194,0.9477414488792419,1.1907274723052979,0.28534308075904846,0.11308342218399048,0.7618725299835205,0.37165719270706177,1.1503217220306396,0.1351344734430313,0.27206653356552124,0.5487187504768372,0.07942543923854828,0.9876232743263245,0.6998163461685181,0.20267604291439056,0.8086192011833191,0.937412440776825,0.1101294457912445,0.7767997980117798,0.23087753355503082,0.37416064739227295,1.6409261226654053,0.12764513492584229,0.6953646540641785,0.758392333984375,0.3352906405925751,0.21443957090377808,1.2081193923950195,0.6691563725471497,0.5739665031433105,0.3125365078449249
1.1643857955932617,1.1092448234558105,0.6550489068031311,0.05515019968152046,0.1295517086982727,1.2554656267166138,0.5653634667396545,4.904340744018555,1.0090055465698242,0.6072399020195007,0.10760527104139328,0.631935179233551,0.30906030535697937,0.00039999998989515007,0.9896875619888306,0.23803508281707764,0.6060771942138672,2.841033935546875,0.7995226979255676,0.16171957552433014,1.7220282554626465,0.3569958209991455,0.5998484492301941,1.43478524684906,1.5688937902450562,0.5600608587265015,0.48763880133628845,0.9041658639907837,1.3169617652893066,0.1151675283908844,0.04329853132367134,0.7584359645843506,0.3765559494495392,1.0728213787078857,0.2320481687784195,0.34066876769065857,0.44810155034065247,0.0059653683565557,0.9843161106109619,0.8464227914810181,0.05255347117781639,0.6793922185897827,0.891498863697052,0.16670827567577362,0.7873387336730957,0.37016868591308594,0.5445122122764587,1.577921986579895,0.11805061250925064,0.8087591528892517,0.8160474896430969,0.47610941529273987,0.2578967213630676,1.1104564666748047,0.8281735777854919,0.431146502494812,0.09020072966814041
0.8936377763748169,0.8479635119438171,0.47108638286590576,0.13967078924179077,0.06299175322055817,1.8337175846099854,0.09371063113212585,5.0235819816589355,1.4272724390029907,0.407318115234375,0.3315088450908661,0.3034058213233948,0.28176063299179077,0.00039999998989515007,1.0393359661102295,0.09737733006477356,0.40334028005599976,3.0198047161102295,1.0298629999160767,0.1931227445602417,1.234480857849121,0.3418571949005127,0.7196924686431885,1.4704079627990723,1.4731043577194214,0.7623077630996704,0.2859804332256317,0.6266047358512878,0.948703944683075,0.35024845600128174,0.44141101837158203,0.6350592970848083,0.5135061144828796,1.0437926054000854,0.4324188232421875,0.4293712377548218,0.5316329002380371,0.2888438105583191,0.6525688171386719,0.959464967250824,0.12306205183267593,0.6613264083862305,0.928398072719574,0.15898901224136353,1.059169888496399,0.38170939683914185,0.3692118227481842,1.665183663368225,0.1882442831993103,0.6852059960365295,0.6950027942657471,0.500065267086029,0.02169613353908062,1.2431566715240479,0.6486598253250122,0.34121862053871155,0.3126837909221649
0.988127589225769,0.8902842402458191,0.5445641279220581,0.17899057269096375,0.13410794734954834,1.635955572128296,0.2430274933576584,4.965211391448975,1.0906802415847778,0.3138824999332428,0.5280013680458069,0.2904919981956482,0.2560807466506958,0.00039999998989515007,0.8478245735168457,0.04821692034602165,0.41837388277053833,3.2307488918304443,0.8055117726325989,0.14308026432991028,1.4574445486068726,0.2765916883945465,0.5934398770332336,1.556855320930481,1.5978373289108276,0.8078872561454773,0.25095319747924805,0.6116535067558289,0.8261949419975281,0.4710710644721985,0.2849619388580322,0.6918195486068726,0.42105424404144287,1.032307505607605,0.3156692087650299,0.413616418838501,0.6614116430282593,0.08480210602283478,0.6265389919281006,0.9148916602134705,0.12001284211874008,0.7354324460029602,0.8499443531036377,0.04914671182632446,1.0046440362930298,0.16426701843738556,0.17791467905044556,1.482305645942688,0.25109031796455383,0.6461972594261169,0.7488303184509277,0.43412452936172485,0.03121320903301239,1.31936776638031,0.7105717658996582,0.5839909315109253,0.5293666124343872
0.7399970293045044,1.0296982526779175,0.5104032754898071,0.2277333289384842,0.25118494033813477,2.0603132247924805,0.4525303840637207,4.999214172363281,1.5723040103912354,0.10303188115358353,0.49813809990882874,0.1699126809835434,0.0898156613111496,0.00039999998989515007,1.3976104259490967,0.10955487191677094,0.10914628952741623,2.8012094497680664,0.9594857692718506,0.17505159974098206,1.3677650690078735,0.17671318352222443,0.22527505457401276,1.7707430124282837,1.2280534505844116,0.6887959241867065,0.1981658935546875,0.5068032741546631,0.7512874007225037,0.6319710612297058,0.5924762487411499,1.2054439783096313,0.41185036301612854,1.2303231954574585,0.5631681084632874,0.3102112114429474,0.7559459209442139,0.05615986883640289,0.6666393280029297,0.6302903890609741,0.5174673199653625,0.6973237991333008,0.8384978771209717,0.31994110345840454,0.5611118674278259,0.15689203143119812,0.18022939562797546,1.6368850469589233,0.07844339311122894,0.5501808524131775,0.4872395396232605,0.3410806655883789,0.2433066964149475,0.9572559595108032,0.7372557520866394,0.22214940190315247,0.7568580508232117
0.9212633371353149,0.8769899010658264,0.7466345429420471,0.21044719219207764,0.21495600044727325,1.5474247932434082,0.2645203173160553,4.9897027015686035,1.1334819793701172,0.5978544354438782,0.4254612624645233,0.4070003926753998,0.37598899006843567,0.00039999998989515007,1.0832068920135498,0.012763679027557373,0.3746695816516876,2.9783999919891357,0.9904772043228149,0.3863755166530609,1.3986486196517944,0.23575837910175323,0.6335573792457581,1.2309927940368652,1.4111918210983276,0.9243923425674438,0.033040452748537064,0.6110138297080994,1.0121920108795166,0.4544193148612976,0.3566211760044098,0.8858314156532288,0.1726909875869751,1.128319263458252,0.33412981033325195,0.49301671981811523,0.44725069403648376,0.10397526621818542,0.7089620232582092,1.0328415632247925,0.04510108754038811,0.35633814334869385,1.0154309272766113,0.053952302783727646,0.94489985704422,0.5087696313858032,0.35948678851127625,1.4502803087234497,0.36018529534339905,0.6169975996017456,0.8929013609886169,0.6263314485549927,0.03369783237576485,1.2087841033935547,1.066779613494873,0.2654739022254944,0.4147869050502777
0.5339714288711548,0.5313180685043335,0.5345330834388733,0.010900241322815418,0.563852071762085,1.6776646375656128,0.0269511416554451,4.761684417724609,1.6281884908676147,0.580965518951416,0.2430693805217743,0.4164513349533081,0.31346333026885986,0.00039999998989515007,0.7787922620773315,0.12240226566791534,0.6219063401222229,2.8763139247894287,1.2365851402282715,0.7337453365325928,0.8795446753501892,0.1800452172756195,0.6492737531661987,0.8674283623695374,1.3721870183944702,0.7180710434913635,0.07665269821882248,0.38610076904296875,1.6753259897232056,0.4610266387462616,0.8318880200386047,0.800877571105957,0.3646319806575775,1.0226446390151978,0.4086397588253021,0.4007205367088318,0.003137158928439021,0.35799819231033325,0.3529421389102936,1.6416842937469482,0.4671817123889923,0.27668535709381104,0.959092378616333,0.5365725755691528,1.036970615386963,0.7144423723220825,0.7028348445892334,1.179604411125183,0.14742423593997955,0.9511425495147705,1.0104013681411743,0.8875418305397034,0.26225173473358154,1.1747349500656128,0.974197268486023,0.18386076390743256,0.29847031831741333
0.6933926939964294,0.40051940083503723,0.13390681147575378,0.07724740356206894,0.07310900092124939,1.8132566213607788,0.287214070558548,4.838202953338623,0.8107084631919861,0.10860329121351242,0.5930033922195435,0.13158686459064484,0.23014938831329346,0.00039999998989515007,0.7222276329994202,0.008355298079550266,0.31286031007766724,3.459127902984619,0.6465246081352234,0.04190546274185181,1.1159776449203491,0.35278159379959106,0.28149762749671936,1.4886589050292969,1.5594860315322876,0.742099404335022,0.28580185770988464,0.10650719702243805,0.5500544309616089,0.8294667601585388,0.7236156463623047,0.5525242686271667,0.4947490096092224,0.7208529710769653,0.1433308720588684,0.6337438225746155,1.176134467124939,0.16737070679664612,0.172733336687088,1.8139482736587524,0.6544587016105652,0.8586320281028748,0.6213034987449646,0.14756175875663757,1.0386238098144531,0.27468425035476685,0.5236138105392456,0.6538751125335693,0.020687751471996307,0.6549103260040283,0.9816867709159851,0.4262314438819885,0.23394757509231567,1.4864834547042847,0.7774490714073181,0.2471000850200653,1.063225507736206
0.86091148853302,1.1141135692596436,0.6235661506652832,0.3669382333755493,0.6939776539802551,0.8328226804733276,0.8084927797317505,4.503044128417969,1.3229843378067017,0.3730543255805969,0.3007451891899109,0.20301488041877747,0.45143458247184753,0.00039999998989515007,1.3146822452545166,0.4306536912918091,0.9570236206054688,3.298854351043701,0.8566548824310303,0.8143550157546997,1.4017103910446167,0.02527420036494732,1.1421294212341309,0.9396910667419434,1.0452467203140259,1.2597620487213135,0.1334185004234314,0.4073394536972046,1.0665894746780396,0.5403975248336792,0.4108204245567322,0.5842537879943848,0.2344430387020111,1.1639626026153564,0.023188024759292603,0.9033523797988892,0.04526479169726372,0.27274176478385925,0.6594409942626953,0.5614518523216248,0.19309644401073456,0.5326148867607117,1.1651806831359863,0.09979497641324997,1.0283094644546509,0.5188826322555542,0.20703834295272827,0.8174334168434143,0.9407589435577393,0.4718759059906006,1.2807883024215698,0.47957390546798706,0.09583166986703873,1.462710976600647,0.9873751997947693,0.7444361448287964,0.20280157029628754
0.9717504382133484,0.9919692873954773,0.6883168816566467,0.1560545414686203,0.13537722826004028,1.573164463043213,0.32121071219444275,4.936639785766602,1.399930715560913,0.5788654088973999,0.352068692445755,0.31903520226478577,0.2920137643814087,0.00039999998989515007,1.0900378227233887,0.011842682957649231,0.5649417638778687,2.973066806793213,1.0359272956848145,0.42691242694854736,1.408000111579895,0.36471617221832275,0.6666819453239441,1.4005624055862427,1.3945010900497437,0.85220867395401,0.062320783734321594,0.5162061452865601,1.1113442182540894,0.370799720287323,0.2718377411365509,0.8872122764587402,0.2651074528694153,1.1385873556137085,0.38697484135627747,0.4668234586715698,0.3621657192707062,0.11026204377412796,0.6472593545913696,0.9524139761924744,0.099775530397892,0.38381227850914,0.9939990043640137,0.08580600470304489,0.9046225547790527,0.41843509674072266,0.2839232087135315,1.5585896968841553,0.24740073084831238,0.7840224504470825,0.8169291019439697,0.6398183703422546,0.06273891776800156,1.1567093133926392,0.961031436920166,0.23414883017539978,0.2676706314086914
1.2423149347305298,0.9130493402481079,0.6978683471679688,0.028123149648308754,0.12139686197042465,1.1834248304367065,0.4782790541648865,4.906147480010986,0.32875850796699524,0.8868581652641296,0.1102345660328865,0.6196929812431335,0.3530785143375397,0.00039999998989515007,0.9043862819671631,0.6598110795021057,0.5310527086257935,2.5267975330352783,0.6930689811706543,0.032224830240011215,1.8579615354537964,0.15839862823486328,0.3382512331008911,1.3255891799926758,1.5963345766067505,0.6527982354164124,0.3156542479991913,0.7558631896972656,0.8905740976333618,0.07109647244215012,0.34198513627052307,0.5593698024749756,0.10768482834100723,0.923016369342804,0.002639382379129529,0.5817247033119202,0.8807413578033447,0.46699321269989014,0.975488007068634,1.4006277322769165,0.2593267560005188,0.7452654838562012,0.8868550062179565,0.08338374644517899,0.8883238434791565,0.674911618232727,0.8318462371826172,1.3137998580932617,0.38044509291648865,0.9130885601043701,0.888247549533844,0.4816880524158478,0.2868739664554596,1.1276154518127441,1.2860051393508911,0.06347150355577469,0.23115548491477966
0.776001513004303,0.8947903513908386,0.7534201145172119,0.2103842943906784,0.2890166938304901,1.566805124282837,0.23709794878959656,4.992671489715576,1.2238420248031616,0.5135523676872253,0.41797706484794617,0.4655589163303375,0.3082558810710907,0.00039999998989515007,1.0850862264633179,0.10588829964399338,0.4495250880718231,2.9974145889282227,0.9281878471374512,0.31070300936698914,1.3926039934158325,0.21871113777160645,0.5858423709869385,1.2213112115859985,1.4287097454071045,0.8859021663665771,0.10586195439100266,0.6030101776123047,1.1052141189575195,0.4522028863430023,0.40251269936561584,0.8852131962776184,0.29117897152900696,1.1103209257125854,0.4025750160217285,0.5078385472297668,0.47852247953414917,0.06304778903722763,0.6938961148262024,1.1078203916549683,0.23672224581241608,0.3541375398635864,0.9466069936752319,0.1341901272535324,0.967500627040863,0.49166980385780334,0.46052417159080505,1.3788748979568481,0.23797400295734406,0.6933361887931824,0.9393471479415894,0.6293065547943115,0.04625637084245682,1.1395671367645264,1.0552685260772705,0.2750365138053894,0.4084304869174957
0.5585539937019348,0.884579598903656,0.7004261016845703,0.28879374265670776,0.2792412340641022,2.2090463638305664,0.5417581796646118,5.010993003845215,1.695984959602356,0.3844929039478302,0.513799250125885,0.2397356927394867,0.2025802880525589,0.00039999998989515007,1.5955902338027954,0.18446245789527893,0.09640567749738693,2.6085524559020996,1.132766604423523,0.26731574535369873,1.1130086183547974,0.14575091004371643,0.23694166541099548,1.4611355066299438,0.9887005090713501,0.8729680776596069,0.17590242624282837,0.3026302456855774,0.6573493480682373,0.6598684191703796,0.7316932082176208,1.3440306186676025,0.2765403985977173,1.2050672769546509,0.7538830041885376,0.45373809337615967,0.6969106197357178,0.16897276043891907,0.5492090582847595,0.9023415446281433,0.4461376368999481,0.31803688406944275,0.9117335081100464,0.3359217047691345,0.5984683036804199,0.4847961366176605,0.37187841534614563,1.5775591135025024,0.009105626493692398,0.5291663408279419,0.5375849604606628,0.5762807726860046,0.3154464066028595,0.7742641568183899,1.0908147096633911,0.17687401175498962,0.7274606227874756
0.5713915824890137,0.6155163049697876,0.43197184801101685,0.005006521008908749,0.6373705863952637,1.5319195985794067,0.11295885592699051,4.750407695770264,1.661231517791748,0.4744505286216736,0.22339361906051636,0.28835973143577576,0.2977744936943054,0.00039999998989515007,0.7630296945571899,0.05309177190065384,0.7708430886268616,3.0026919841766357,1.171074628829956,0.76825350522995,0.9621353149414062,0.060766540467739105,0.7028257846832275,0.8939160704612732,1.3732950687408447,0.7293009161949158,0.08821911364793777,0.38942569494247437,1.7492268085479736,0.4793267250061035,0.8595183491706848,0.7387547492980957,0.34176740050315857,1.042523980140686,0.2858111560344696,0.454708069562912,0.021591894328594208,0.26269736886024475,0.3878963887691498,1.5579978227615356,0.5544829368591309,0.09512177854776382,0.9466663599014282,0.5419436097145081,1.036377191543579,0.6614633798599243,0.6046337485313416,1.0165045261383057,0.08313979208469391,0.9320107102394104,1.107797384262085,0.7815377712249756,0.2151995748281479,1.3250296115875244,0.8875265717506409,0.023911617696285248,0.3234722316265106
1.308533787727356,0.9222149848937988,0.36069244146347046,0.083009272813797,0.10245168954133987,1.3384381532669067,0.3385288417339325,4.938297748565674,0.9586181640625,0.5160067677497864,0.38716617226600647,0.11514224112033844,0.4825999140739441,0.00039999998989515007,0.9142899513244629,0.23002593219280243,0.4524728059768677,3.1341183185577393,1.026300072669983,0.5312251448631287,1.586800217628479,0.11531323939561844,0.6331698298454285,1.3869825601577759,1.4658443927764893,0.8119818568229675,0.2693859338760376,0.5593995451927185,1.2054784297943115,0.46810659766197205,0.4411836564540863,0.7606424689292908,0.011275826953351498,1.1228477954864502,0.05106542259454727,0.44750192761421204,0.4291817247867584,0.02463461086153984,0.7157615423202515,0.927588164806366,0.05642155930399895,0.8103141188621521,0.8803411722183228,0.08835513144731522,0.803970456123352,0.43658748269081116,0.2016015350818634,0.9203376770019531,0.3381360173225403,0.5182507634162903,1.0250073671340942,0.3122255504131317,0.14080460369586945,1.623366355895996,0.7236108183860779,0.3353841006755829,0.635378360748291
0.8695404529571533,0.9215261340141296,0.6819755434989929,0.19324737787246704,0.21818649768829346,1.605937123298645,0.2696970999240875,4.973580360412598,1.3218539953231812,0.5017440319061279,0.40783587098121643,0.3489622175693512,0.2984871566295624,0.00039999998989515007,1.0571612119674683,0.04225095361471176,0.5002031922340393,3.039651870727539,0.9746021032333374,0.35216134786605835,1.3722692728042603,0.3052792251110077,0.6645042300224304,1.338739037513733,1.4377715587615967,0.8873684406280518,0.10002512484788895,0.5587772727012634,1.0521239042282104,0.4230363965034485,0.36010438203811646,0.8161954283714294,0.3057408034801483,1.1100531816482544,0.3902409076690674,0.49186572432518005,0.43705692887306213,0.1085740327835083,0.6463770866394043,1.0057095289230347,0.15112030506134033,0.4194699227809906,0.9711021184921265,0.12434718012809753,0.987169086933136,0.42073795199394226,0.32009437680244446,1.49169921875,0.2699059844017029,0.7201734185218811,0.8538963794708252,0.6037650108337402,0.03332466259598732,1.1907416582107544,0.9431273341178894,0.3183121383190155,0.3500656187534332
0.6502074599266052,1.1704527139663696,0.638640284538269,0.3481730818748474,0.2916926443576813,1.3991844654083252,0.7796792984008789,4.655092716217041,1.9010326862335205,0.4258667230606079,0.15221025049686432,0.031385891139507294,0.3332330584526062,0.00039999998989515007,1.4663946628570557,0.35108768939971924,0.8800783753395081,3.262387990951538,0.8776738047599792,0.30119141936302185,1.1303415298461914,0.584181547164917,1.2997498512268066,1.3392810821533203,1.1278506517410278,1.102046251296997,0.4401814639568329,0.329546183347702,0.8435197472572327,0.20433278381824493,0.26780882477760315,0.35533827543258667,0.44803863763809204,0.9277868270874023,0.5130251049995422,0.8913277983665466,0.2722381353378296,0.08417398482561111,0.4789508283138275,0.5920763611793518,0.2048107087612152,0.7232999801635742,1.0444095134735107,0.34407615661621094,1.2619248628616333,0.4495769739151001,0.07484948635101318,1.5097062587738037,0.5460308790206909,0.7637262344360352,0.8955953121185303,0.5846663117408752,0.05305857956409454,1.0037860870361328,0.6885727047920227,0.6464502811431885,0.29270198941230774
0.8923505544662476,0.9196678400039673,0.6726740598678589,0.18787382543087006,0.20094437897205353,1.5862330198287964,0.319375604391098,4.960042476654053,1.3271915912628174,0.5223075151443481,0.37938496470451355,0.3137103021144867,0.31240716576576233,0.00039999998989515007,1.0463917255401611,0.017877953127026558,0.5181723833084106,3.0576157569885254,0.9737280607223511,0.3686469495296478,1.367950439453125,0.3318784236907959,0.703971803188324,1.368161916732788,1.4539906978607178,0.8749794960021973,0.08929485827684402,0.5320898294448853,1.0647175312042236,0.40872615575790405,0.340701699256897,0.8140145540237427,0.30614039301872253,1.0844035148620605,0.365254670381546,0.48188695311546326,0.4268840253353119,0.1266007125377655,0.6137908101081848,1.0151008367538452,0.14302587509155273,0.41783156991004944,0.9869368076324463,0.15068411827087402,0.9825161695480347,0.41060906648635864,0.30777934193611145,1.501616358757019,0.25362637639045715,0.7338305115699768,0.8643112778663635,0.6256163120269775,0.0549340546131134,1.199081301689148,0.9258632063865662,0.3168772757053375,0.3136206865310669
0.8226372003555298,0.9735466241836548,0.4876694083213806,0.194000244140625,0.3378644585609436,1.5850708484649658,0.15132702887058258,4.930527687072754,1.556105375289917,0.25803816318511963,0.2488531470298767,0.18124574422836304,0.27474793791770935,0.00039999998989515007,1.2373875379562378,0.08193180710077286,0.5606684684753418,3.0170207023620605,1.068555474281311,0.5335866212844849,1.2846693992614746,0.27487969398498535,0.8569375276565552,1.2804597616195679,1.3158801794052124,0.814450204372406,0.31731897592544556,0.7395291328430176,1.1832191944122314,0.4077637791633606,0.5513063073158264,0.7516242265701294,0.32038822770118713,1.2465561628341675,0.3363988399505615,0.42856284976005554,0.20325535535812378,0.17565013468265533,0.8309614062309265,0.6616744995117188,0.27834758162498474,0.592327356338501,1.0789052248001099,0.15392030775547028,0.9568681716918945,0.407652348279953,0.19945618510246277,1.5320851802825928,0.3747178316116333,0.6035139560699463,0.8314032554626465,0.4588312804698944,0.03013904020190239,1.3000363111495972,0.6487727165222168,0.4818286597728729,0.24894475936889648
0.8637787699699402,0.924811065196991,0.678636372089386,0.2014153152704239,0.20919589698314667,1.5762181282043457,0.3053312599658966,4.986844539642334,1.3385663032531738,0.5321451425552368,0.3598881661891937,0.3606814742088318,0.3312201499938965,0.00039999998989515007,1.0886074304580688,0.02010730281472206,0.47332626581192017,3.0403099060058594,0.9762722849845886,0.35821256041526794,1.353198766708374,0.29255184531211853,0.7044215202331543,1.3089021444320679,1.4223839044570923,0.8781530261039734,0.11396420747041702,0.5762576460838318,1.0864537954330444,0.39934369921684265,0.37590786814689636,0.8302792906761169,0.3096420168876648,1.0910700559616089,0.37778711318969727,0.4973878860473633,0.41663309931755066,0.14562579989433289,0.6554818749427795,1.0085289478302002,0.1514543741941452,0.42608389258384705,0.9842697978019714,0.1428002417087555,0.9739922881126404,0.4561840891838074,0.36592790484428406,1.484520673751831,0.2545942962169647,0.6925739645957947,0.8719040155410767,0.610710084438324,0.039654653519392014,1.1868449449539185,0.9397401809692383,0.3071262240409851,0.3056044280529022
0.8213025331497192,0.9956763982772827,0.6917356252670288,0.18343637883663177,0.08348474651575089,1.6851364374160767,0.28374361991882324,4.978634357452393,1.430999755859375,0.5506739020347595,0.4099518656730652,0.4515869915485382,0.27369585633277893,0.00039999998989515007,1.1209713220596313,0.02891145832836628,0.509358286857605,2.970781087875366,1.013263463973999,0.1625540405511856,1.2686936855316162,0.472387433052063,0.6809747219085693,1.4190855026245117,1.3622305393218994,0.8226932883262634,0.2450176477432251,0.6245331168174744,1.0163276195526123,0.3116820156574249,0.3325689435005188,0.6965709328651428,0.4664607346057892,1.0439378023147583,0.4989776313304901,0.5243196487426758,0.504203736782074,0.269065797328949,0.6370426416397095,0.9137150049209595,0.04237636551260948,0.5144310593605042,0.9442481398582458,0.1330787092447281,1.0488446950912476,0.4696946442127228,0.3800216317176819,1.7015489339828491,0.2196054309606552,0.7034863829612732,0.7936410903930664,0.6315973401069641,0.025455594062805176,1.090842843055725,0.8639846444129944,0.3065091669559479,0.21443714201450348
0.908705472946167,0.846861720085144,0.6133990287780762,0.159994974732399,0.2791166305541992,1.6032403707504272,0.3034335970878601,4.9500837326049805,1.3394163846969604,0.48986977338790894,0.4340110123157501,0.30509576201438904,0.31495577096939087,0.00039999998989515007,0.9061319231987,0.06408793479204178,0.5385226607322693,3.13576340675354,0.9938658475875854,0.39607396721839905,1.302331566810608,0.29202744364738464,0.7168741822242737,1.308012843132019,1.4862041473388672,0.8799411654472351,0.0815528929233551,0.5368999242782593,1.0982016324996948,0.4287013113498688,0.4074578881263733,0.7340543866157532,0.3301510214805603,1.0726286172866821,0.3519607484340668,0.46508270502090454,0.37687167525291443,0.18804292380809784,0.5731166005134583,1.0705896615982056,0.12174203991889954,0.38732805848121643,0.9571965932846069,0.18769162893295288,1.0468275547027588,0.3887383043766022,0.28172925114631653,1.448517918586731,0.2565297782421112,0.7329671382904053,0.8660328388214111,0.6177864074707031,0.04355834424495697,1.298583745956421,0.8585964441299438,0.34469589591026306,0.3576534688472748
0.8968950510025024,0.9671854972839355,0.6053552627563477,0.1508604735136032,0.1283637136220932,1.6760488748550415,0.22876322269439697,4.95051908493042,1.3660534620285034,0.41469869017601013,0.4683785140514374,0.3146388828754425,0.23078230023384094,0.00039999998989515007,0.9856268167495728,0.08258316665887833,0.551528811454773,3.098952531814575,0.9781439304351807,0.25909939408302307,1.3294187784194946,0.41290995478630066,0.6286875605583191,1.5209819078445435,1.4547110795974731,0.7848734259605408,0.20314745604991913,0.5936087965965271,1.0374228954315186,0.41860541701316833,0.3564465045928955,0.7437784075737,0.42851486802101135,1.0735560655593872,0.3865049183368683,0.4307878315448761,0.5037407875061035,0.20672278106212616,0.5798107385635376,0.8967273235321045,0.1202104464173317,0.5260789394378662,0.9346559643745422,0.10064426064491272,0.9882301092147827,0.30086401104927063,0.22205576300621033,1.6325476169586182,0.17012928426265717,0.7072134613990784,0.7884363532066345,0.586236298084259,0.040239326655864716,1.2161120176315308,0.7827765941619873,0.39351794123649597,0.36386972665786743
0.8824125528335571,0.9427815675735474,0.7394633889198303,0.17010602355003357,0.28116655349731445,1.4235115051269531,0.46256890892982483,4.891809463500977,1.3049862384796143,0.5668622255325317,0.2980629503726959,0.3744871914386749,0.3445233106613159,0.00039999998989515007,1.0536916255950928,0.04129559546709061,0.5581685304641724,3.037665605545044,0.9951448440551758,0.5308321118354797,1.3593329191207886,0.4261455535888672,0.7785467505455017,1.3287197351455688,1.469743251800537,0.814902663230896,0.0034960240591317415,0.611918568611145,1.2649205923080444,0.38291242718696594,0.3115329146385193,0.9698558449745178,0.2608356773853302,1.0986758470535278,0.3006030023097992,0.3649483323097229,0.2570015788078308,0.20266814529895782,0.615090012550354,0.9515652060508728,0.1407991647720337,0.21790023148059845,1.0555071830749512,0.2137068659067154,0.8695049285888672,0.38593441247940063,0.3150235414505005,1.593935251235962,0.14284223318099976,0.7073618173599243,0.8989201188087463,0.7231767177581787,0.200089231133461,1.134568691253662,0.9377558827400208,0.2900732457637787,0.1942017376422882
0.804391622543335,0.9915982484817505,0.9602246284484863,0.19577763974666595,0.267404705286026,1.5947024822235107,0.4635358154773712,4.902493476867676,1.4834446907043457,0.7467442750930786,0.43324005603790283,0.7157755494117737,0.35986045002937317,0.00039999998989515007,1.1559383869171143,0.05976719409227371,0.43287384510040283,3.0084891319274902,0.9735152721405029,0.1816905438899994,1.256020188331604,0.4512733221054077,0.6541321277618408,1.0830860137939453,1.2416696548461914,0.8629726767539978,0.0860721692442894,0.6005738377571106,1.168506383895874,0.26253175735473633,0.27651360630989075,0.8632861971855164,0.4497702419757843,1.0423953533172607,0.7315852046012878,0.5260215997695923,0.35020363330841064,0.30497869849205017,0.6561309695243835,1.045587182044983,0.08221461623907089,0.17382164299488068,0.8667983412742615,0.1512131541967392,0.992107093334198,0.5551056861877441,0.5531951189041138,1.528842568397522,0.15751835703849792,0.7826880812644958,0.8620090484619141,0.8171847462654114,0.06626757234334946,0.8591451644897461,1.103946566581726,0.18799373507499695,0.11353708803653717
0.6992000341415405,1.1083868741989136,0.5935333371162415,0.30829715728759766,0.0432797335088253,1.2776540517807007,0.8106890916824341,4.645124435424805,1.3786873817443848,0.12900400161743164,0.5835437178611755,0.072914719581604,0.236037477850914,0.00039999998989515007,1.0553094148635864,0.26118001341819763,0.8480859398841858,3.5467419624328613,0.5422259569168091,0.06733401864767075,1.482670783996582,0.5497320890426636,1.0355569124221802,1.6910169124603271,1.5298714637756348,0.9484815001487732,0.5076984167098999,0.37841227650642395,0.3575020432472229,0.24491466581821442,0.018837817013263702,0.37925294041633606,0.6051715612411499,0.8384602069854736,0.2875641882419586,0.7370445728302002,0.7295039296150208,0.25064951181411743,0.3933558166027069,0.5983118414878845,0.0029701758176088333,1.123857855796814,0.7091901898384094,0.1719151735305786,1.2556065320968628,0.002480227965861559,0.32329973578453064,1.5060396194458008,0.5108395218849182,0.6513475775718689,0.6552523374557495,0.4373941421508789,0.13006733357906342,1.0324490070343018,0.4777708649635315,1.0486189126968384,0.047886501997709274
0.904727041721344,0.927286684513092,0.5466065406799316,0.05568385869264603,0.13433770835399628,1.3799899816513062,0.27261030673980713,4.9482855796813965,1.1733968257904053,0.2861005663871765,0.2552624046802521,0.29401907324790955,0.429124116897583,0.00039999998989515007,1.2084823846817017,0.1894286423921585,0.5548637509346008,3.1029460430145264,1.011191487312317,0.5038699507713318,1.4479738473892212,0.3687615692615509,0.8758353590965271,1.360945701599121,1.5502309799194336,0.45277631282806396,0.27802422642707825,0.9624007940292358,1.181018590927124,0.29582831263542175,0.42886850237846375,1.0697766542434692,0.45658302307128906,1.2657134532928467,0.13752834498882294,0.08879404515028,0.3556986153125763,0.14269748330116272,0.841105043888092,0.7285321950912476,0.07432381063699722,0.6630653142929077,0.9513355493545532,0.23024925589561462,0.6994835138320923,0.27808016538619995,0.16229571402072906,1.6975535154342651,0.08114911615848541,0.4140755534172058,0.6920121312141418,0.6460297107696533,0.18816451728343964,1.1457493305206299,0.44437775015830994,0.46477118134498596,0.1575126349925995
1.2751127481460571,0.866560161113739,0.570761501789093,0.10939383506774902,0.42368122935295105,1.1065759658813477,0.4308023154735565,4.835343837738037,0.9084644913673401,0.6593133211135864,0.3113228678703308,0.2028639167547226,0.582933783531189,0.00039999998989515007,1.0754402875900269,0.10880248993635178,0.4340337812900543,3.280266284942627,0.9167607426643372,0.6350168585777283,1.4819930791854858,0.33637404441833496,0.6176269054412842,0.8824675679206848,1.1937966346740723,0.8409222364425659,0.0022752799559384584,0.5932918190956116,1.3475546836853027,0.5650290846824646,0.5052686929702759,0.9584877490997314,0.13549771904945374,1.1214771270751953,0.002741598291322589,0.5207959413528442,0.33713823556900024,0.03998609259724617,0.7596961855888367,1.1717363595962524,0.17515414953231812,0.40118661522865295,0.9455572366714478,0.05897975713014603,0.6954845190048218,0.5996079444885254,0.39159494638442993,0.6493193507194519,0.3656848967075348,0.4657003879547119,1.2498741149902344,0.5892623066902161,0.02492024190723896,1.527384638786316,1.1083160638809204,0.25409889221191406,0.5848245620727539
1.1925565004348755,0.8079860806465149,0.7338076233863831,0.02000640146434307,0.33225563168525696,0.905045747756958,0.33163508772850037,4.564762592315674,0.7283701300621033,0.1596243530511856,0.7181631922721863,0.25635501742362976,0.5382636785507202,0.00039999998989515007,0.8124090433120728,0.3567246198654175,0.4585654139518738,3.466998815536499,1.0106569528579712,0.3825955092906952,1.4677788019180298,0.2443953901529312,1.0124939680099487,0.9541404247283936,1.4645586013793945,0.7340322732925415,0.030351515859365463,1.0884974002838135,1.1081074476242065,0.3855830132961273,0.1468241810798645,0.9599850177764893,0.5181306004524231,1.145668625831604,0.36166104674339294,0.30098527669906616,0.12634535133838654,0.09449706226587296,0.9837459325790405,0.18188881874084473,0.2692456841468811,0.7667147517204285,1.2366178035736084,0.17857211828231812,0.8893353939056396,0.14383316040039062,0.18828251957893372,1.8002128601074219,0.7435795664787292,0.43853291869163513,0.9179179072380066,0.5410020351409912,0.32010143995285034,1.3434137105941772,0.26398658752441406,0.543752908706665,0.16211126744747162
0.8228378295898438,0.9021946787834167,0.8639495968818665,0.22970327734947205,0.29844287037849426,1.4978655576705933,0.3721233308315277,4.971136093139648,1.1839781999588013,0.6597929000854492,0.3977407217025757,0.5249194502830505,0.415708988904953,0.00039999998989515007,1.1861610412597656,0.06728234142065048,0.3486067056655884,3.103271245956421,0.8764195442199707,0.27769893407821655,1.3686808347702026,0.16855229437351227,0.6132294535636902,1.0814255475997925,1.3265658617019653,0.9123470783233643,0.03662192448973656,0.5569567084312439,1.099022626876831,0.4317236542701721,0.3770926594734192,0.9405390024185181,0.2584092915058136,1.0455033779144287,0.46531835198402405,0.5713328719139099,0.503645122051239,0.07320063561201096,0.6605719327926636,1.1952576637268066,0.22507421672344208,0.28546446561813354,0.9148635864257812,0.10381056368350983,0.9285843968391418,0.5698082447052002,0.5684394240379333,1.230561375617981,0.2096807360649109,0.6636561751365662,1.004095196723938,0.719811201095581,0.040118612349033356,1.0413035154342651,1.1848679780960083,0.22446517646312714,0.35066062211990356
1.1247315406799316,0.9777687788009644,0.19887009263038635,0.17374010384082794,0.08392027020454407,1.7432931661605835,0.5413457751274109,4.919261932373047,1.1842143535614014,0.030547086149454117,0.4564548432826996,0.07798492908477783,0.22742846608161926,0.00039999998989515007,1.2991563081741333,0.200077086687088,0.07035821676254272,2.8446452617645264,1.0239535570144653,0.48745670914649963,1.49809992313385,0.2693673372268677,0.23446309566497803,1.5705889463424683,1.1370502710342407,0.6534861326217651,0.21462763845920563,0.7391454577445984,0.8753244280815125,0.7924032211303711,0.7653422951698303,1.1297416687011719,0.0025603005196899176,1.3965137004852295,0.08672989159822464,0.23685218393802643,0.5913214683532715,0.03964272513985634,0.9308528304100037,0.3630136251449585,0.38726967573165894,0.9323374629020691,0.9369809031486511,0.535179615020752,0.39905744791030884,0.18084977567195892,0.09593797475099564,1.2345364093780518,0.2624340057373047,0.20549260079860687,0.6197022199630737,0.05545463785529137,0.35089653730392456,1.4947482347488403,0.56521075963974,0.447510302066803,1.0738362073898315
0.8596495985984802,0.9132428765296936,0.6562685370445251,0.18314409255981445,0.2500371038913727,1.6063770055770874,0.26530760526657104,4.953160762786865,1.33760404586792,0.4449087083339691,0.4571319818496704,0.3178086578845978,0.26924994587898254,0.00039999998989515007,0.9741471409797668,0.016976958140730858,0.5405964255332947,3.103964328765869,0.9494773745536804,0.36086505651474,1.3757857084274292,0.28979384899139404,0.6358633041381836,1.3671276569366455,1.4723106622695923,0.8768687844276428,0.11145537346601486,0.5270516872406006,1.077918529510498,0.45479509234428406,0.3867395520210266,0.8091537356376648,0.3279058337211609,1.1010891199111938,0.3743385374546051,0.47851431369781494,0.4371412992477417,0.10154816508293152,0.593986988067627,1.0272032022476196,0.20138214528560638,0.4168126881122589,0.9424518942832947,0.1335589438676834,0.9920316934585571,0.35633185505867004,0.27226951718330383,1.4421703815460205,0.23059920966625214,0.7403156757354736,0.8656539916992188,0.5965462327003479,0.03211109712719917,1.2295640707015991,0.912219226360321,0.3575769066810608,0.4049117863178253
0.8019644618034363,0.8887178897857666,0.629833996295929,0.17764095962047577,0.1773044914007187,1.587697148323059,0.2278013676404953,4.989136695861816,1.242364525794983,0.4473978579044342,0.3735743761062622,0.26752039790153503,0.296994686126709,0.00039999998989515007,1.1133350133895874,0.08297578245401382,0.4862317740917206,3.1951050758361816,0.815922737121582,0.2281716912984848,1.3837002515792847,0.08376339077949524,0.5590279698371887,1.3684061765670776,1.44775390625,0.8223915696144104,0.2072771042585373,0.435016930103302,1.0541424751281738,0.49375733733177185,0.43145880103111267,0.8960830569267273,0.37547993659973145,0.9851081371307373,0.33782675862312317,0.5410125851631165,0.6886482834815979,0.026175910606980324,0.5289262533187866,1.2894136905670166,0.42861270904541016,0.5066730976104736,0.8466539978981018,0.13779117166996002,0.9156511425971985,0.40410974621772766,0.5225011110305786,1.1699217557907104,0.04145574942231178,0.7347920536994934,1.0062707662582397,0.6223787069320679,0.01270719338208437,1.1614247560501099,0.9939337372779846,0.23378059267997742,0.4632064700126648
1.1351829767227173,1.038041114807129,0.5561192631721497,0.050409287214279175,0.06379452347755432,1.4084603786468506,0.44666701555252075,4.899353504180908,1.0117311477661133,0.4469108283519745,0.1922880858182907,0.45784279704093933,0.23518788814544678,0.00039999998989515007,0.886194109916687,0.14317530393600464,0.6061279773712158,2.909245491027832,0.8163501024246216,0.1930983066558838,1.6542309522628784,0.4705790579319,0.616371750831604,1.6630903482437134,1.6947101354599,0.5549049377441406,0.4181869328022003,0.8388873934745789,1.1726994514465332,0.2050069123506546,0.00022455299040302634,0.7370006442070007,0.43253976106643677,1.0550682544708252,0.1848333775997162,0.24518197774887085,0.5218291282653809,0.03877221792936325,0.8356353044509888,0.7996029853820801,0.059034787118434906,0.7052488327026367,0.9180945754051208,0.1763826608657837,0.8253298997879028,0.18764728307724,0.3562224209308624,1.7454643249511719,0.06136380881071091,0.794731080532074,0.7090685963630676,0.45020002126693726,0.2628340721130371,1.1812411546707153,0.6650789380073547,0.4954833984375,0.18572942912578583
0.875546395778656,0.8620936274528503,0.38506019115448,0.1581203043460846,0.11774730682373047,1.7403011322021484,0.00947593618184328,5.051360130310059,1.3475511074066162,0.2938210666179657,0.242539644241333,0.19757014513015747,0.3216433525085449,0.00039999998989515007,1.1946741342544556,0.07617274671792984,0.4215928912162781,2.98404860496521,1.0305967330932617,0.28846976161003113,1.3107718229293823,0.19222213327884674,0.7754062414169312,1.3858442306518555,1.4441288709640503,0.7565107345581055,0.38523173332214355,0.73851478099823,0.9439076781272888,0.37604692578315735,0.5319047570228577,0.6131681799888611,0.42051801085472107,1.1482304334640503,0.29356685280799866,0.46199676394462585,0.5202447175979614,0.12901422381401062,0.810868501663208,0.8535574674606323,0.18506202101707458,0.8339878916740417,0.9795296788215637,0.14877979457378387,1.018251657485962,0.4534918963909149,0.3288593292236328,1.543135404586792,0.3385660946369171,0.5525840520858765,0.7323658466339111,0.38767778873443604,0.06205134093761444,1.324723243713379,0.5831719040870667,0.4385901093482971,0.34079602360725403
1.2366563081741333,1.0795366764068604,0.7502511739730835,0.2510639429092407,0.10984832048416138,0.619411826133728,1.1033517122268677,4.406111717224121,0.7182400822639465,1.0237089395523071,0.20021361112594604,0.22339344024658203,0.5962961316108704,0.00039999998989515007,1.3019510507583618,0.764388382434845,0.9382979869842529,2.9681622982025146,0.7063661813735962,0.48757609724998474,1.6446378231048584,0.10624507069587708,0.9063658714294434,0.955687940120697,0.9617754220962524,1.359324336051941,0.0914822667837143,0.027384400367736816,0.5424832701683044,0.28018254041671753,0.24625501036643982,0.42210984230041504,0.5235834717750549,0.858343780040741,0.19820530712604523,1.2541594505310059,0.5583066344261169,0.7479135990142822,0.5456402897834778,1.1668024063110352,0.3621616065502167,0.6633879542350769,1.070099949836731,0.07606970518827438,1.0138328075408936,0.8485613465309143,0.11749651283025742,0.5651401281356812,1.1555360555648804,0.7130318284034729,1.295910358428955,0.581750214099884,0.07715926319360733,1.323076605796814,1.58711576461792,0.18986909091472626,0.08908998221158981
0.9533233046531677,0.7718237042427063,0.9218758940696716,0.13873843848705292,0.017017170786857605,1.4970647096633911,0.3643237352371216,4.908061504364014,0.7535378932952881,0.9579700231552124,0.5482754111289978,0.5699539184570312,0.3757339417934418,0.00039999998989515007,0.864851176738739,0.283170610666275,0.40123727917671204,2.7892096042633057,0.8276651501655579,0.06954217702150345,1.5085632801055908,0.12677054107189178,0.30950474739074707,1.1131867170333862,1.4193644523620605,1.0225750207901,0.17599713802337646,0.30863651633262634,0.7330076098442078,0.35328006744384766,0.012491251341998577,0.7319254875183105,0.09581257402896881,0.9042344093322754,0.3628026843070984,0.7554271221160889,0.8129706978797913,0.2360498607158661,0.5395666360855103,1.6563602685928345,0.1704934686422348,0.2673679292201996,0.8268553018569946,0.019948936998844147,1.0659427642822266,0.7172086238861084,0.6619611382484436,1.132201910018921,0.4129113554954529,0.8934885263442993,0.9556170105934143,0.7417559623718262,0.05444801226258278,1.0660467147827148,1.558396339416504,0.09930484741926193,0.4858640134334564
0.9423058032989502,0.9276337027549744,0.7988840937614441,0.16982802748680115,0.2342553287744522,1.5073009729385376,0.4506169557571411,4.9192280769348145,1.3043687343597412,0.6130828261375427,0.26233065128326416,0.44265082478523254,0.3936753571033478,0.00039999998989515007,1.2531996965408325,0.10588491708040237,0.468828946352005,2.997943878173828,1.0152833461761475,0.4173803925514221,1.337398886680603,0.3919634222984314,0.8137378692626953,1.2488282918930054,1.385051965713501,0.8042002320289612,0.013049054890871048,0.6779401898384094,1.1545852422714233,0.31941914558410645,0.26505935192108154,1.0417684316635132,0.32377365231513977,1.1108874082565308,0.4472837448120117,0.3218577802181244,0.3447914123535156,0.2804339826107025,0.7323655486106873,0.9319326281547546,0.1144661232829094,0.24408094584941864,1.0116490125656128,0.16483353078365326,0.8301448822021484,0.40666547417640686,0.4404251277446747,1.642856240272522,0.17433035373687744,0.6405117511749268,0.8919963240623474,0.7732944488525391,0.12244773656129837,1.0185428857803345,0.9295610189437866,0.18233217298984528,0.12658165395259857
0.8403398990631104,0.865254282951355,0.6221239566802979,0.2016344666481018,0.17292439937591553,1.7176133394241333,0.24433813989162445,5.004769325256348,1.4229816198349,0.5269944071769714,0.27751949429512024,0.35959097743034363,0.3561880886554718,0.00039999998989515007,1.1786247491836548,0.026714937761425972,0.4144405126571655,2.957481622695923,1.0544241666793823,0.29984650015830994,1.240458607673645,0.37003618478775024,0.8357982635498047,1.2807722091674805,1.4002856016159058,0.8889485001564026,0.16381926834583282,0.6353166103363037,0.96816486120224,0.315716415643692,0.39592409133911133,0.6815763115882874,0.39503538608551025,1.0790883302688599,0.46418067812919617,0.5079644918441772,0.4113789200782776,0.2584541141986847,0.7150248289108276,0.943701446056366,0.06958582252264023,0.5018970370292664,1.0185577869415283,0.19889311492443085,1.0803983211517334,0.5111887454986572,0.4043653905391693,1.652620553970337,0.3477690815925598,0.6611177921295166,0.7744759917259216,0.5823237895965576,0.00598394637927413,1.1561126708984375,0.8173491954803467,0.2984619438648224,0.18297843635082245
0.8015090823173523,0.9583231806755066,0.8742981553077698,0.20355266332626343,0.2659796178340912,1.6977512836456299,0.30701205134391785,4.910494804382324,1.4703266620635986,0.6465705633163452,0.4281350076198578,0.4943930506706238,0.3244275748729706,0.00039999998989515007,1.1797457933425903,0.11900728940963745,0.45710188150405884,3.0182559490203857,1.0178722143173218,0.3166118860244751,1.2663040161132812,0.48144078254699707,0.6774046421051025,1.196892261505127,1.2819201946258545,0.9341468811035156,0.01710820198059082,0.5002830624580383,1.0358574390411377,0.36133792996406555,0.32556092739105225,0.7583974599838257,0.34029245376586914,1.1030993461608887,0.6479818820953369,0.5955362319946289,0.36057376861572266,0.1355002224445343,0.6017545461654663,1.0104151964187622,0.11475824564695358,0.22033801674842834,0.9615150094032288,0.13156451284885406,1.053188681602478,0.5424936413764954,0.38309186697006226,1.5428156852722168,0.2657339572906494,0.8256582617759705,0.7865456938743591,0.734092116355896,0.07285579293966293,0.9297557473182678,1.0829670429229736,0.2499062716960907,0.19618047773838043
0.7464050650596619,1.0212842226028442,0.4468410015106201,0.212168887257576,0.31005391478538513,2.110564708709717,0.4267573356628418,4.974480628967285,1.6493937969207764,0.08462438732385635,0.4901554584503174,0.08447089046239853,0.0691874548792839,0.00039999998989515007,1.355409026145935,0.1508866846561432,0.15299274027347565,2.8702120780944824,0.9477325081825256,0.138749361038208,1.3133230209350586,0.21698421239852905,0.2725782096385956,1.8624074459075928,1.2579103708267212,0.6813886761665344,0.23165369033813477,0.4198857843875885,0.7048631906509399,0.6067129373550415,0.5786686539649963,1.1398859024047852,0.49646446108818054,1.1595497131347656,0.5715600848197937,0.318254292011261,0.8002408742904663,0.08058901876211166,0.5606066584587097,0.678547739982605,0.5285521149635315,0.7548375129699707,0.8047658205032349,0.2807057201862335,0.6078101992607117,0.1014164388179779,0.15715982019901276,1.6522248983383179,0.1363203227519989,0.6054549813270569,0.45809781551361084,0.34379881620407104,0.24799558520317078,0.9687145948410034,0.6579894423484802,0.22458785772323608,0.7181157469749451
1.0978344678878784,0.8871148228645325,0.9243325591087341,0.14431127905845642,0.3643758296966553,1.391870141029358,0.5694239735603333,4.876015663146973,0.8132278323173523,0.5372475981712341,0.592532217502594,0.6815032362937927,0.3526824712753296,0.00039999998989515007,0.8447157740592957,0.18158701062202454,0.43023428320884705,3.173206090927124,0.7536649703979492,0.15552911162376404,1.5857778787612915,0.2872885465621948,0.5431226491928101,1.2196663618087769,1.5842002630233765,0.7847248911857605,0.014879253692924976,0.7994515299797058,1.036098599433899,0.3864099383354187,0.0580059252679348,1.0292991399765015,0.3478502333164215,1.0746270418167114,0.4298805892467499,0.20189577341079712,0.5658795833587646,0.16808010637760162,0.7762178182601929,1.001725673675537,0.00949763972312212,0.28397122025489807,0.7869206666946411,0.05010349303483963,0.8438444137573242,0.15059879422187805,0.3668913245201111,1.434626579284668,0.19497597217559814,0.60967618227005,0.9402537941932678,0.7234957814216614,0.11676560342311859,1.1032602787017822,0.9738176465034485,0.40750551223754883,0.43483948707580566
0.9173630475997925,0.9387993216514587,0.7909817099571228,0.1578981578350067,0.30115702748298645,1.5574066638946533,0.3727438151836395,4.9526872634887695,1.3458175659179688,0.5557173490524292,0.3892885148525238,0.5611172318458557,0.3287205100059509,0.00039999998989515007,1.1258851289749146,0.07505032420158386,0.4982716143131256,3.0329360961914062,0.9545183777809143,0.2648943364620209,1.3968650102615356,0.24371202290058136,0.6422703862190247,1.1660786867141724,1.3776962757110596,0.8050715327262878,0.15454617142677307,0.6780834794044495,1.1930619478225708,0.33216074109077454,0.3038516342639923,0.9722661972045898,0.409885048866272,1.1242986917495728,0.5463564991950989,0.37282130122184753,0.40613123774528503,0.2221209704875946,0.777067244052887,1.029677391052246,0.20094482600688934,0.32078370451927185,0.8622462749481201,0.13359443843364716,0.8912603855133057,0.4035404920578003,0.5006539821624756,1.4425703287124634,0.17651860415935516,0.7100492715835571,0.9269554018974304,0.7030354142189026,0.02369527891278267,1.0623830556869507,0.9547942876815796,0.22093985974788666,0.26967865228652954
0.9004713892936707,0.7820691466331482,0.908510684967041,0.12678200006484985,0.10583221167325974,1.794107437133789,0.41813987493515015,4.844573497772217,0.8381112813949585,0.9746423363685608,0.4162195324897766,0.5208373665809631,0.46307218074798584,0.00039999998989515007,1.1686652898788452,0.25895604491233826,0.26221805810928345,2.5939383506774902,0.9323111176490784,0.21152959764003754,1.4360374212265015,0.17108415067195892,0.499479740858078,1.08795964717865,1.117551565170288,1.1876474618911743,0.25562068819999695,0.3991650938987732,0.5600668787956238,0.07800107449293137,0.13195635378360748,0.6243738532066345,0.22671547532081604,0.891376256942749,0.43356853723526,0.6726860404014587,0.6631557941436768,0.25442102551460266,0.5488835573196411,1.588855504989624,0.30998507142066956,0.5220655798912048,1.0988104343414307,0.018363023176789284,1.0053547620773315,0.7521900534629822,0.5774639844894409,1.3940370082855225,0.6857396364212036,0.816921591758728,0.9567249417304993,0.9332369565963745,0.042862359434366226,0.9294400811195374,1.7013086080551147,0.20491856336593628,0.15584415197372437
0.5842064619064331,1.2712452411651611,0.7101412415504456,0.3939693868160248,0.3714674115180969,1.2583181858062744,0.6412878632545471,4.704433917999268,1.6360288858413696,0.23487436771392822,0.2245960384607315,0.019473133608698845,0.22536320984363556,0.00039999998989515007,1.542494773864746,0.6148415207862854,0.8957276344299316,3.14133358001709,0.7620300650596619,0.3415755033493042,1.4353684186935425,0.4159756600856781,1.0465806722640991,1.389082908630371,1.1880241632461548,1.0907882452011108,0.48223447799682617,0.4608117341995239,0.8904553055763245,0.344207763671875,0.24070702493190765,0.6244597434997559,0.29030442237854004,1.1015855073928833,0.3767467141151428,0.8359156250953674,0.36202511191368103,0.23653331398963928,0.6896916627883911,0.47136494517326355,0.40839385986328125,0.7625764012336731,1.0462267398834229,0.18018914759159088,1.067021369934082,0.35774633288383484,0.028658531606197357,1.3966560363769531,0.5756806135177612,0.6889808177947998,0.9739735722541809,0.45471128821372986,0.05369329825043678,0.9946449995040894,0.8368217349052429,0.7327989339828491,0.022158468142151833
0.7665364146232605,0.975884199142456,0.8115432262420654,0.20944581925868988,0.26497408747673035,1.5839147567749023,0.3966737687587738,4.894690036773682,1.4756839275360107,0.5401319265365601,0.36995401978492737,0.4452541768550873,0.27432313561439514,0.00039999998989515007,1.0953454971313477,0.0068014757707715034,0.5447069406509399,2.969967842102051,1.0006991624832153,0.40806230902671814,1.3203258514404297,0.5129318833351135,0.7374904751777649,1.3375293016433716,1.4214215278625488,0.8631165027618408,0.04397761449217796,0.5592556595802307,1.1708528995513916,0.354171484708786,0.3103489875793457,0.930731475353241,0.36409053206443787,1.1104111671447754,0.503089427947998,0.42315706610679626,0.286915123462677,0.22083447873592377,0.6106564402580261,0.9144006371498108,0.1850494146347046,0.22451485693454742,1.0025564432144165,0.20071177184581757,0.948547899723053,0.38572368025779724,0.3158324062824249,1.6602412462234497,0.17007768154144287,0.7774388194084167,0.8258355259895325,0.7268746495246887,0.12412052601575851,1.0123772621154785,0.954929769039154,0.2940535247325897,0.17905282974243164
0.8632705807685852,0.7869473099708557,0.7212758660316467,0.1840924769639969,0.35467299818992615,1.4243685007095337,0.33688485622406006,4.989861488342285,1.0861825942993164,0.6857448220252991,0.2801346182823181,0.5292498469352722,0.5022896528244019,0.00039999998989515007,1.0543231964111328,0.03687374293804169,0.27531298995018005,3.036573886871338,0.9728692770004272,0.4411105811595917,1.298267126083374,0.10717573761940002,0.6958380341529846,0.9822011590003967,1.3926188945770264,0.8409303426742554,0.01226115319877863,0.6940509676933289,1.2870336771011353,0.4261208176612854,0.5209454298019409,0.8822939991950989,0.18144632875919342,1.0450105667114258,0.261730819940567,0.4910767376422882,0.34122520685195923,0.20638391375541687,0.7085679769515991,1.218457818031311,0.1414620280265808,0.25880545377731323,1.023417353630066,0.1975710242986679,0.9309296607971191,0.6717768907546997,0.6080861687660217,1.2392269372940063,0.21188285946846008,0.5614995956420898,1.0236594676971436,0.6741711497306824,0.12993989884853363,1.2385250329971313,1.0876926183700562,0.23275840282440186,0.3536534607410431
0.6451718211174011,1.0161935091018677,0.5528290867805481,0.27272742986679077,0.2920689880847931,2.0332298278808594,0.43436285853385925,5.0346879959106445,1.5758520364761353,0.19778694212436676,0.44244498014450073,0.1699066311120987,0.1438024789094925,0.00039999998989515007,1.526115894317627,0.06986934691667557,0.03479981794953346,2.782283067703247,0.9528453350067139,0.1724408119916916,1.3160781860351562,0.10934969037771225,0.24599997699260712,1.699401617050171,1.165403127670288,0.740223228931427,0.15019723773002625,0.43450140953063965,0.7464482188224792,0.6351961493492126,0.650505781173706,1.2757104635238647,0.3758923411369324,1.1717979907989502,0.5507022142410278,0.40744632482528687,0.8070753812789917,0.03429918736219406,0.6211453080177307,0.7712512612342834,0.5672025084495544,0.6598434448242188,0.8624458312988281,0.3118775188922882,0.5538938045501709,0.2917433977127075,0.3154228627681732,1.5475947856903076,0.10049094259738922,0.5199078917503357,0.5661959052085876,0.39524832367897034,0.2567633092403412,0.9012407660484314,0.8823131322860718,0.11775774508714676,0.7372007369995117
0.5518795847892761,0.6130427122116089,0.4755721390247345,0.011645253747701645,0.5916572213172913,1.5267317295074463,0.14456941187381744,4.755404949188232,1.627936840057373,0.5120970010757446,0.18545717000961304,0.3021094501018524,0.31123822927474976,0.00039999998989515007,0.8184909820556641,0.07412365823984146,0.7350786924362183,2.9787003993988037,1.1706125736236572,0.7785093784332275,0.9439000487327576,0.11054664850234985,0.7285405397415161,0.9131491780281067,1.3835279941558838,0.721514105796814,0.027296599000692368,0.38987061381340027,1.7322626113891602,0.4644715487957001,0.8207637667655945,0.8221372365951538,0.3468584716320038,1.015413761138916,0.2846270203590393,0.4184497594833374,0.007086293306201696,0.2895309031009674,0.35940423607826233,1.5843636989593506,0.5439661741256714,0.15038572251796722,0.9699498414993286,0.5505114197731018,0.9986396431922913,0.6612548828125,0.6531441807746887,1.078713059425354,0.13382647931575775,0.9125735759735107,1.1107571125030518,0.8399059176445007,0.2568880021572113,1.2607001066207886,0.9218398928642273,0.08473458141088486,0.2768530547618866
0.6349055171012878,0.7737186551094055,1.1816551685333252,0.34466978907585144,0.4409584701061249,1.6748420000076294,0.6008297801017761,4.777243137359619,1.290715217590332,0.6617420315742493,0.8420342206954956,0.849335253238678,0.38507428765296936,0.00039999998989515007,0.7701973915100098,0.35673654079437256,0.1906978338956833,3.1093862056732178,0.8815237879753113,0.13486945629119873,1.1207445859909058,0.6467548608779907,0.7357485890388489,0.9495881199836731,1.398930311203003,1.1303476095199585,0.32431140542030334,0.5889015197753906,0.7672144174575806,0.3755139112472534,0.23661981523036957,0.859022319316864,0.4418201744556427,0.9783538579940796,0.862959086894989,0.4138944149017334,0.30022621154785156,0.5261844992637634,0.4753752648830414,0.9306409358978271,0.21487203240394592,0.0991530790925026,0.8385569453239441,0.15055257081985474,1.2006829977035522,0.3107936382293701,0.2192862331867218,1.695629358291626,0.3788883090019226,0.6008908748626709,0.7162265777587891,0.8679182529449463,0.010245898738503456,0.8515503406524658,1.085506796836853,0.41677987575531006,0.26953163743019104
1.1358027458190918,1.0880403518676758,0.5428563356399536,0.04928126558661461,0.11004427075386047,1.3245450258255005,0.3858100175857544,4.910684585571289,0.9678834676742554,0.4483918845653534,0.11226899176836014,0.4687578082084656,0.23348239064216614,0.00039999998989515007,0.9856539964675903,0.30551207065582275,0.6345479488372803,2.7761237621307373,0.8313250541687012,0.24830053746700287,1.7417004108428955,0.3552124798297882,0.556134819984436,1.5860422849655151,1.6251648664474487,0.526157021522522,0.4967130124568939,0.895422101020813,1.2874155044555664,0.2063746154308319,0.04135754331946373,0.7674172520637512,0.3243231177330017,1.1374397277832031,0.11247903853654861,0.29716408252716064,0.4810553193092346,0.08292611688375473,0.9833314418792725,0.7689600586891174,0.1434595286846161,0.750430166721344,0.9566898941993713,0.13559721410274506,0.7540149688720703,0.3002724051475525,0.41554075479507446,1.6239101886749268,0.1276446282863617,0.7822319865226746,0.7829736471176147,0.39258909225463867,0.2556059956550598,1.2067052125930786,0.7442510724067688,0.4827812612056732,0.2248333841562271
1.485741138458252,0.7903138995170593,0.7332117557525635,0.017186857759952545,0.8780425190925598,1.4065431356430054,0.3261599838733673,4.770719051361084,0.01990792527794838,1.0323790311813354,0.4690990149974823,0.4201613962650299,0.5734994411468506,0.00039999998989515007,1.293795108795166,0.2622440457344055,0.506793737411499,2.0645697116851807,0.9423714876174927,0.20160344243049622,1.7336839437484741,0.3391062617301941,0.36218366026878357,1.3287148475646973,0.9523338079452515,0.571527361869812,0.612597644329071,0.5826221704483032,0.4086022973060608,0.5729307532310486,0.04911763221025467,1.5868276357650757,0.5584505200386047,1.0937635898590088,0.12465254217386246,0.26760134100914,1.1295621395111084,0.3254561424255371,0.8674851059913635,1.1112984418869019,0.5290437936782837,0.45939794182777405,0.8913218379020691,0.9225897192955017,0.04459984973073006,0.718662440776825,0.46735429763793945,1.160125970840454,0.22400853037834167,0.16094541549682617,0.5648937821388245,0.4845676124095917,0.12287843227386475,1.0085668563842773,1.6146892309188843,0.5663117170333862,1.118117094039917
0.9393667578697205,0.9133360981941223,0.2904278635978699,0.09518592804670334,0.1467769742012024,1.817219853401184,0.08376765996217728,4.896009922027588,1.5113046169281006,0.14424830675125122,0.22361524403095245,0.02763901650905609,0.28590965270996094,0.00039999998989515007,1.1817412376403809,0.12001922726631165,0.44509267807006836,3.0438506603240967,1.07953679561615,0.5866856575012207,1.259803295135498,0.25133606791496277,0.8903718590736389,1.4494580030441284,1.2854571342468262,0.7612168192863464,0.3344000279903412,0.7865994572639465,1.0620203018188477,0.28363582491874695,0.4904099106788635,0.6724078059196472,0.47713735699653625,1.1867213249206543,0.24481266736984253,0.2303181141614914,0.22888505458831787,0.19580534100532532,0.7479298710823059,0.7016384601593018,0.1943913698196411,0.9075636267662048,1.1700224876403809,0.12475510686635971,0.8856236338615417,0.24011589586734772,0.08098173886537552,1.6405024528503418,0.3721870481967926,0.5739578008651733,0.7602649927139282,0.4913072884082794,0.08695181459188461,1.4134840965270996,0.5317792296409607,0.47473078966140747,0.2060651034116745
0.8941158652305603,0.8998979926109314,0.6593698859214783,0.17649874091148376,0.26234331727027893,1.6076494455337524,0.26807931065559387,4.960346698760986,1.3075320720672607,0.49148663878440857,0.43495213985443115,0.34497377276420593,0.30033078789711,0.00039999998989515007,0.9910389184951782,0.03131281957030296,0.5253390073776245,3.061495542526245,0.9826659560203552,0.3669196367263794,1.3726195096969604,0.27007725834846497,0.6594918966293335,1.2950862646102905,1.4479365348815918,0.8886752128601074,0.10913809388875961,0.5710635185241699,1.0773385763168335,0.42273253202438354,0.3764486312866211,0.7606791257858276,0.3038236200809479,1.1148689985275269,0.3696156144142151,0.4960748255252838,0.4106472134590149,0.11388102173805237,0.6522459983825684,1.026000738143921,0.13368657231330872,0.43153050541877747,0.9633182287216187,0.13811512291431427,1.0192480087280273,0.4240607023239136,0.30324041843414307,1.4412115812301636,0.31001079082489014,0.7259178161621094,0.8727828860282898,0.588672399520874,0.026929335668683052,1.251054048538208,0.9307437539100647,0.3394959270954132,0.3759109675884247
0.7989642024040222,0.786431074142456,0.5431047677993774,0.19306577742099762,0.537354588508606,1.4906364679336548,0.13515087962150574,4.9506402015686035,1.3338967561721802,0.27773770689964294,0.20204804837703705,0.003730638651177287,0.34946712851524353,0.00039999998989515007,1.4418814182281494,0.21161410212516785,0.6687334179878235,3.1222095489501953,0.9380456805229187,0.5578392148017883,1.16830313205719,0.2205362170934677,0.7610437273979187,1.0565533638000488,1.2678937911987305,0.9127837419509888,0.19895108044147491,0.7134932279586792,1.2225805521011353,0.6140212416648865,0.7410456538200378,0.7894977331161499,0.17684397101402283,1.1531486511230469,0.25214484333992004,0.5059419274330139,0.4505976736545563,0.002919168910011649,0.7885293960571289,1.0285643339157104,0.6693771481513977,0.36185941100120544,0.9307632446289062,0.3268834948539734,0.8477052450180054,0.6350061893463135,0.6006581783294678,0.9605125784873962,0.2620922029018402,0.4263591170310974,1.279826283454895,0.6829076409339905,0.10471221059560776,1.2933720350265503,0.7232933044433594,0.22267019748687744,0.3048689067363739
1.0100902318954468,0.8428343534469604,0.32716646790504456,0.10541293025016785,0.461740106344223,2.170973062515259,0.5318653583526611,4.9591803550720215,0.8919632434844971,0.0003953400009777397,0.3290702700614929,0.46515315771102905,0.1805979311466217,0.00039999998989515007,1.3026626110076904,0.1288260519504547,0.34493720531463623,2.6910901069641113,0.7380033135414124,0.381858229637146,1.4352692365646362,0.2592615485191345,0.19461216032505035,1.880852460861206,1.4395508766174316,0.32625970244407654,0.581953763961792,1.0177233219146729,0.35695818066596985,0.40091201663017273,0.3000265955924988,0.839232861995697,0.7212254405021667,1.048410177230835,0.5691896677017212,0.04640728235244751,1.1408613920211792,0.1931430995464325,1.0186920166015625,0.3996422290802002,0.24929198622703552,1.2502758502960205,0.6819559335708618,0.3346216380596161,0.5501196384429932,0.017348766326904297,0.408934086561203,1.9402210712432861,0.09669569879770279,0.31969183683395386,0.1363496631383896,0.059559158980846405,0.20411765575408936,0.8743067383766174,0.2708457410335541,0.5083851218223572,0.6984320282936096
0.8828349709510803,0.9320119023323059,0.6739528775215149,0.1889570653438568,0.2256850302219391,1.6183007955551147,0.26243260502815247,4.9666314125061035,1.3405301570892334,0.483830988407135,0.4317781925201416,0.35021600127220154,0.2820768356323242,0.00039999998989515007,1.0314241647720337,0.0515008419752121,0.5219959020614624,3.0391347408294678,0.9742454290390015,0.3400413691997528,1.3860301971435547,0.29905563592910767,0.6475566625595093,1.3382070064544678,1.4374582767486572,0.889448344707489,0.1231897622346878,0.5588151216506958,1.050902009010315,0.416333943605423,0.35693445801734924,0.7921693325042725,0.31709301471710205,1.1202752590179443,0.4021037817001343,0.4989297688007355,0.433723509311676,0.10033955425024033,0.6564875841140747,0.9925844073295593,0.15044187009334564,0.44165733456611633,0.954663097858429,0.11368930339813232,1.0009404420852661,0.40646329522132874,0.29718780517578125,1.4776158332824707,0.2898276746273041,0.7341282367706299,0.8456233143806458,0.5838726162910461,0.01770620048046112,1.2069308757781982,0.9304857850074768,0.33887335658073425,0.3668522834777832
0.5109743475914001,1.124636173248291,0.6393764615058899,0.365224152803421,0.3033323585987091,1.2988535165786743,0.5985682606697083,4.7493977546691895,1.51749587059021,0.24134081602096558,0.24565452337265015,0.11486741900444031,0.25594305992126465,0.00039999998989515007,1.493353009223938,0.5515472888946533,0.8425092101097107,3.4197583198547363,0.5818171501159668,0.19904404878616333,1.358893632888794,0.1337747573852539,0.9339962601661682,1.4083276987075806,1.2517884969711304,1.0591481924057007,0.48923274874687195,0.20570231974124908,0.8325600624084473,0.46037012338638306,0.36267369985580444,0.6826528310775757,0.38134774565696716,0.8789908289909363,0.30753302574157715,0.9152426719665527,0.7086023092269897,0.33493441343307495,0.4063572585582733,1.017782211303711,0.6808030605316162,0.7942845225334167,0.8840969204902649,0.24342745542526245,1.058647632598877,0.3577698767185211,0.3052937686443329,0.9666741490364075,0.27550363540649414,0.7346121668815613,1.1753250360488892,0.5477372407913208,0.0849895030260086,1.0248336791992188,0.9417218565940857,0.558279275894165,0.15361912548542023
0.8671104907989502,0.9324145913124084,0.6772560477256775,0.19229868054389954,0.21068885922431946,1.6035857200622559,0.26183709502220154,4.9719343185424805,1.3096548318862915,0.48491907119750977,0.4079208970069885,0.3427315950393677,0.28635865449905396,0.00039999998989515007,1.0627520084381104,0.0671590194106102,0.5074512362480164,3.035918951034546,0.9606241583824158,0.34381887316703796,1.3914824724197388,0.2969955801963806,0.6454911231994629,1.3597909212112427,1.4461455345153809,0.8784343600273132,0.1184098869562149,0.5587463974952698,1.0549834966659546,0.4253700375556946,0.35909369587898254,0.82597815990448,0.30852970480918884,1.1100481748580933,0.3782627582550049,0.49165603518486023,0.45911285281181335,0.08417768031358719,0.6497395038604736,1.006872296333313,0.17648158967494965,0.4395292103290558,0.9655757546424866,0.1172696202993393,0.9752764701843262,0.4087328016757965,0.32133352756500244,1.4800770282745361,0.2555050551891327,0.7231234312057495,0.8579091429710388,0.592296302318573,0.034722741693258286,1.1909205913543701,0.9451594948768616,0.3267647922039032,0.36722660064697266
0.6119961738586426,0.7637842297554016,0.3674730062484741,0.20989742875099182,0.3834287226200104,1.7746126651763916,0.185505211353302,4.993383407592773,1.4189563989639282,0.0036254834849387407,0.14623002707958221,0.11701728403568268,0.2213839739561081,0.00039999998989515007,1.6731103658676147,0.33427894115448,0.5777804255485535,3.0514743328094482,0.8141200542449951,0.26623520255088806,1.106110692024231,0.3596370220184326,0.6507148146629333,1.244369387626648,1.2450430393218994,0.8235352635383606,0.5198420286178589,0.6859960556030273,0.962820291519165,0.634968101978302,0.8738234639167786,0.7295064926147461,0.40307170152664185,1.102333426475525,0.36281657218933105,0.5377109050750732,0.8314049243927002,0.08303000032901764,0.8137452602386475,1.0626872777938843,1.0005489587783813,0.6988487839698792,0.7493106126785278,0.28005072474479675,0.8303260207176208,0.5433900952339172,0.7741006016731262,0.8755359053611755,0.09113845229148865,0.3800954818725586,1.2141523361206055,0.522506833076477,0.29933005571365356,1.1769245862960815,0.5285367369651794,0.21605466306209564,0.4254886507987976
0.5000437498092651,0.6195546388626099,0.5553741455078125,0.04130929335951805,0.6623584628105164,1.6228411197662354,0.09384062886238098,4.7249369621276855,1.749258279800415,0.5877153277397156,0.15670624375343323,0.36188167333602905,0.387321799993515,0.00039999998989515007,0.9690149426460266,0.009534608572721481,0.5764907002449036,3.042863368988037,1.1924232244491577,0.7640941143035889,0.8257656097412109,0.14028573036193848,0.7543476819992065,0.7384031414985657,1.1998162269592285,0.7610331177711487,0.01144771371036768,0.3448427617549896,1.716630458831787,0.4727577269077301,0.9262030720710754,0.7100239992141724,0.3345594108104706,1.0071120262145996,0.4618467390537262,0.5691086649894714,0.06188052147626877,0.28871026635169983,0.3404879868030548,1.5506693124771118,0.5929680466651917,0.20842137932777405,0.9752796292304993,0.5250638127326965,1.0580471754074097,0.8185481429100037,0.7069551348686218,0.9754657745361328,0.11383145302534103,0.9227632880210876,1.055641531944275,0.8553615212440491,0.2400583028793335,1.1104602813720703,0.9951106905937195,0.04645653814077377,0.2129998356103897
0.48717156052589417,1.1382447481155396,0.6239627599716187,0.3818356692790985,0.2136620283126831,1.4101468324661255,0.5058659315109253,4.785236358642578,1.7000722885131836,0.25048279762268066,0.2539796829223633,0.13019952178001404,0.30470532178878784,0.00039999998989515007,1.600757360458374,0.5012630224227905,0.8202951550483704,3.2376625537872314,0.824772298336029,0.32450413703918457,1.2725309133529663,0.36704984307289124,1.1340413093566895,1.3686333894729614,1.1880059242248535,1.0997155904769897,0.4174604117870331,0.33457979559898376,0.6800084114074707,0.3520026206970215,0.39326590299606323,0.576269805431366,0.37100571393966675,1.0466735363006592,0.36843740940093994,0.8988532423973083,0.4997735023498535,0.2194543033838272,0.5272329449653625,0.6989610195159912,0.3453981578350067,0.8647289872169495,1.012098789215088,0.23193359375,1.1548607349395752,0.4530686140060425,0.043023500591516495,1.3562521934509277,0.5682691931724548,0.6249021887779236,0.9071472883224487,0.5219421982765198,0.13275176286697388,1.0146703720092773,0.776210606098175,0.6217998266220093,0.015109732747077942
1.0139049291610718,0.7179394364356995,0.12293342500925064,0.01394619233906269,0.10687753558158875,1.5536547899246216,0.26068371534347534,4.778079986572266,1.2987353801727295,0.08829816430807114,0.5699398517608643,0.0005990879144519567,0.180521160364151,0.00039999998989515007,0.6670117974281311,0.37502557039260864,0.36831167340278625,3.4337785243988037,0.8587217926979065,0.07206191122531891,1.3184415102005005,0.4450916349887848,0.8969534635543823,1.6457926034927368,1.6813446283340454,0.43034088611602783,0.5309081077575684,0.9083549976348877,0.6162949204444885,0.13461433351039886,0.2693423926830292,0.4226725399494171,0.7558625936508179,0.9176412224769592,0.1205921620130539,0.1073126494884491,0.44474923610687256,0.2518794536590576,0.7334657311439514,0.583888590335846,0.2701522707939148,1.1678649187088013,0.7441827654838562,0.03828366845846176,1.1709502935409546,0.13193731009960175,0.28260737657546997,1.8545732498168945,0.37406736612319946,0.5577011108398438,0.33792150020599365,0.28188228607177734,0.20079709589481354,1.4069265127182007,0.007947569712996483,0.9762809872627258,0.24949032068252563
0.804733157157898,0.9162695407867432,0.699443519115448,0.22009894251823425,0.2933669090270996,1.5887662172317505,0.1498134434223175,4.980771064758301,1.298202633857727,0.48986753821372986,0.42237332463264465,0.34729599952697754,0.30372852087020874,0.00039999998989515007,1.1629441976547241,0.16284389793872833,0.48146337270736694,2.9490232467651367,1.0066660642623901,0.41865912079811096,1.3876049518585205,0.15247781574726105,0.5890800356864929,1.1924946308135986,1.3311634063720703,0.9415836930274963,0.07773695141077042,0.5638280510902405,1.0824882984161377,0.4874412417411804,0.47169896960258484,0.8561676144599915,0.18888112902641296,1.1895335912704468,0.3708111643791199,0.5728874802589417,0.4160122275352478,0.004165087826550007,0.72868412733078,1.0315152406692505,0.22778365015983582,0.3897065222263336,0.9999898672103882,0.06473321467638016,0.9612671732902527,0.5467041730880737,0.3564826548099518,1.3332874774932861,0.3748452365398407,0.6702976226806641,0.934546172618866,0.5756120681762695,0.024571187794208527,1.2084304094314575,1.074886441230774,0.27023231983184814,0.4571254551410675
1.0015207529067993,0.45050740242004395,0.19472642242908478,0.2737538516521454,0.4679220914840698,1.4780951738357544,0.46194761991500854,4.597460746765137,1.2344249486923218,0.4054907560348511,0.26981329917907715,0.4393325746059418,0.21801069378852844,0.00039999998989515007,0.09992366284132004,0.4304160475730896,0.8315668106079102,3.237328052520752,0.9518247842788696,0.4213639199733734,1.0966416597366333,0.4024893641471863,0.6782561540603638,1.3487334251403809,1.9671968221664429,0.3035161793231964,0.2682223320007324,0.5754756927490234,1.7251724004745483,0.20921851694583893,0.37622082233428955,0.39025112986564636,0.7462702989578247,0.7107118368148804,0.10069485008716583,0.011307790875434875,0.11096279323101044,0.49096694588661194,0.22327926754951477,1.6011853218078613,0.16879981756210327,0.09030637890100479,0.6798961758613586,0.7249324321746826,1.1274499893188477,0.10711722075939178,0.4759613275527954,1.4011034965515137,0.4691634476184845,1.1315654516220093,0.777564287185669,0.6981852650642395,0.5233359932899475,1.4414108991622925,0.3293794095516205,0.2999573349952698,0.2149549424648285
0.848593533039093,1.0145586729049683,0.6271193623542786,0.18570490181446075,0.16045604646205902,1.551701545715332,0.27652236819267273,4.940890789031982,1.4042460918426514,0.4233623445034027,0.29109328985214233,0.2365291267633438,0.2525535821914673,0.00039999998989515007,1.174935221672058,0.10779105126857758,0.5837175846099854,3.02653169631958,0.9596070051193237,0.4215981662273407,1.410456657409668,0.34639686346054077,0.6923540830612183,1.4920225143432617,1.436832308769226,0.8069888949394226,0.1842976063489914,0.5410703420639038,1.1400580406188965,0.4166664183139801,0.3552483320236206,0.914215087890625,0.31900063157081604,1.1202157735824585,0.3169148564338684,0.45582467317581177,0.4261642098426819,0.05262213945388794,0.6316627860069275,0.9091120958328247,0.29777291417121887,0.4783644378185272,1.009775996208191,0.129476860165596,0.8695212602615356,0.3525151312351227,0.29125604033470154,1.5393654108047485,0.14433375000953674,0.7374651432037354,0.8548951148986816,0.5865899324417114,0.08523483574390411,1.1476335525512695,0.8784019351005554,0.33351609110832214,0.28835156559944153
0.7779245972633362,0.9447172284126282,0.8162789344787598,0.22430826723575592,0.2836485803127289,1.6027815341949463,0.29891255497932434,4.994280815124512,1.3700692653656006,0.5991385579109192,0.3699494004249573,0.5688561797142029,0.36601290106773376,0.00039999998989515007,1.2102380990982056,0.08982095122337341,0.36258664727211,3.0450148582458496,0.9182937741279602,0.2180701494216919,1.335647463798523,0.22760355472564697,0.6302675604820251,1.1064503192901611,1.3052915334701538,0.8771441578865051,0.17596504092216492,0.6103891730308533,1.125842809677124,0.3647417724132538,0.41102349758148193,0.8563663363456726,0.37782081961631775,1.0761592388153076,0.5723621845245361,0.5690698027610779,0.4527958035469055,0.13155309855937958,0.7239544987678528,1.0895416736602783,0.25419992208480835,0.3730863630771637,0.8904622793197632,0.12761759757995605,0.9761207103729248,0.5685097575187683,0.5711572766304016,1.3363325595855713,0.2023232877254486,0.7065188884735107,0.911944568157196,0.6543675661087036,0.006907551549375057,1.006584882736206,1.0675243139266968,0.2698957026004791,0.2863181233406067
1.0370274782180786,1.0464576482772827,0.5239909887313843,0.1572103053331375,0.23261986672878265,1.5120410919189453,0.15546831488609314,4.910466194152832,1.4981677532196045,0.4268430173397064,0.20025815069675446,0.18991871178150177,0.3278023302555084,0.00039999998989515007,1.3293030261993408,0.07040580362081528,0.5465748906135559,2.8382811546325684,1.1803483963012695,0.6540572643280029,1.396217942237854,0.2294757068157196,0.7801098823547363,1.250502347946167,1.2039304971694946,0.8067713975906372,0.1945544332265854,0.7520015239715576,1.2360243797302246,0.37606489658355713,0.4524524211883545,0.8648793697357178,0.1228201761841774,1.3440135717391968,0.28098753094673157,0.42158403992652893,0.12235601246356964,0.1301930993795395,0.9483368396759033,0.5724955201148987,0.12565360963344574,0.5465584993362427,1.1380066871643066,0.002360508544370532,0.7997782230377197,0.5046956539154053,0.163293719291687,1.54281747341156,0.47768402099609375,0.5876055955886841,0.8077635169029236,0.4638199210166931,0.03935065120458603,1.3102631568908691,0.7811118364334106,0.339406281709671,0.25041624903678894
0.8283309936523438,0.7872889041900635,0.8732210993766785,0.10943204164505005,0.1970035582780838,1.3585290908813477,0.2624436616897583,4.851789951324463,0.6376521587371826,0.7640635967254639,0.48078206181526184,0.4616180956363678,0.3198387026786804,0.00039999998989515007,0.9747684001922607,0.5121983289718628,0.5260329246520996,2.8801262378692627,0.6927996873855591,0.14224767684936523,1.5958694219589233,0.1200927346944809,0.17847512662410736,1.0755988359451294,1.4001069068908691,0.9219729900360107,0.03388388082385063,0.28668907284736633,0.9285429120063782,0.49862799048423767,0.15952886641025543,0.8596349358558655,0.04390031844377518,0.9323011040687561,0.22474531829357147,0.7674168944358826,0.8984553217887878,0.5047104954719543,0.5444362759590149,1.7781838178634644,0.26347771286964417,0.26726213097572327,0.7753581404685974,0.04390530288219452,0.9175755381584167,0.6941747069358826,0.77130126953125,0.7446079850196838,0.23162014782428741,0.8906656503677368,1.1846749782562256,0.7275996804237366,0.10674765706062317,1.0514154434204102,1.6084603071212769,0.08625819534063339,0.6442101001739502
1.2201402187347412,0.9425315260887146,0.5068495273590088,0.056408610194921494,0.07250802218914032,1.5442097187042236,0.455965518951416,4.840296268463135,0.9218430519104004,0.33464330434799194,0.5079954862594604,0.39733362197875977,0.18715329468250275,0.00039999998989515007,0.5538313984870911,0.14901186525821686,0.47424376010894775,3.171590566635132,0.6763889193534851,0.06567845493555069,1.635831356048584,0.48624086380004883,0.5093918442726135,1.8496291637420654,1.8263609409332275,0.582473874092102,0.356145977973938,0.7057033181190491,0.8288177847862244,0.2706829905509949,0.07033126056194305,0.6313830614089966,0.5774651765823364,0.8942873477935791,0.2394406944513321,0.19757802784442902,0.7443027496337891,0.11339274793863297,0.613225519657135,0.8197342753410339,0.07718666642904282,0.8394941091537476,0.721390962600708,0.05160560458898544,0.9316025376319885,0.10560702532529831,0.11560019850730896,1.737677812576294,0.03288513422012329,0.7683354616165161,0.559614360332489,0.38675156235694885,0.1263987123966217,1.252908706665039,0.5187503099441528,0.6801454424858093,0.4071938395500183
0.848122775554657,1.0316967964172363,0.6893702149391174,0.17160731554031372,0.25755926966667175,1.5278353691101074,0.22409369051456451,4.942007064819336,1.2835941314697266,0.4040217101573944,0.4341285526752472,0.4181400537490845,0.22384048998355865,0.00039999998989515007,1.0802286863327026,0.07231336086988449,0.5844040513038635,2.973177194595337,0.9822655320167542,0.3603849411010742,1.4291632175445557,0.3617805540561676,0.5707863569259644,1.4001129865646362,1.4035612344741821,0.7789815068244934,0.21044358611106873,0.7143639326095581,1.2010350227355957,0.44173234701156616,0.37830883264541626,0.8680217862129211,0.3062739968299866,1.1850496530532837,0.3377958834171295,0.4238773584365845,0.40430063009262085,0.10607302188873291,0.7354491949081421,0.8175423741340637,0.19625283777713776,0.4314403533935547,0.9919640421867371,0.06942840665578842,0.8933072090148926,0.375943124294281,0.25883784890174866,1.5729974508285522,0.21434876322746277,0.6633321046829224,0.8766611218452454,0.5813081860542297,0.08991941809654236,1.1808325052261353,0.9021638035774231,0.4071725606918335,0.39202532172203064
