E_0,L_0,P_0,M_s_0,M_e_0,M_i_0,H_s_0,H_e_0,H_i_0,H_r_0,C,sigma,gamma,mu_H,beta_M,beta_H,theta_M,theta_H,alpha_b,alpha_E,alpha_L,alpha_P,a_b,a_E,a_L,a_P,c_E,c_L,c_P,c_M,d_E,d_L,d_P,d_M,T_b_max,T_E_max,T_L_max,T_P_max,T_E_min,T_L_min,T_P_min,T_M_min,R_b,R_E,R_L,R_P,r_b,r_E,r_L,r_P,s_b,s_E,s_L,s_P,e_E,e_L,e_P
0.19237881898880005,0.4951481819152832,1.786590337753296,0.36610475182533264,1.3535549640655518,0.7776181101799011,1.3344422578811646,2.0425503253936768,0.6204392910003662,0.37329691648483276,0.7642176151275635,0.3361622095108032,0.9039762616157532,0.00039999998989515007,1.9333231449127197,0.39210575819015503,1.1047065258026123,0.42707332968711853,0.8028534054756165,1.164454698562622,1.5695736408233643,1.4623349905014038,0.5517609119415283,1.587795615196228,0.1211073026061058,0.6749485731124878,0.6239954233169556,0.278241902589798,0.5072788596153259,0.8063185811042786,1.574676275253296,0.3280404508113861,0.026401743292808533,0.34908565878868103,0.10201429575681686,1.1061797142028809,0.48701199889183044,1.0396860837936401,0.8664129972457886,0.32143720984458923,1.9072953462600708,0.5408030152320862,0.017240915447473526,1.3948074579238892,1.1672327518463135,0.5143545269966125,0.3046339750289917,0.15609875321388245,0.12423594295978546,0.5607579946517944,0.49011093378067017,0.4495505392551422,1.6449939012527466,0.6172928214073181,0.9829652905464172,2.468808650970459,0.8601303696632385
1.1961065530776978,0.5097643136978149,1.5885334014892578,0.8071403503417969,1.6309813261032104,0.39721208810806274,0.14455118775367737,0.7754929661750793,0.6462743282318115,0.6957225799560547,0.28353750705718994,0.9684241414070129,1.1096559762954712,0.00039999998989515007,1.495067834854126,0.28497716784477234,0.21360553801059723,0.9036978483200073,0.19395315647125244,2.090465784072876,0.9793476462364197,1.6731122732162476,0.2397017925977707,1.9200942516326904,0.38691848516464233,0.1784992814064026,0.2661663889884949,0.5356438755989075,1.0961194038391113,0.2824101150035858,1.998427391052246,0.19713006913661957,0.5632286071777344,0.2633884847164154,0.2971126139163971,0.4760754406452179,0.20683696866035461,0.005404571536928415,0.2779931128025055,0.5048273205757141,1.1932734251022339,0.2585514783859253,0.019621163606643677,1.516351342201233,0.8344554901123047,0.240520641207695,0.16377317905426025,1.4230380058288574,0.15637986361980438,0.6178252100944519,0.4597165882587433,0.10473744571208954,1.8080198764801025,2.992506265640259,0.43209636211395264,1.6049742698669434,0.5614145398139954
0.02469847910106182,0.6532145142555237,2.9830639362335205,1.230231523513794,1.2813471555709839,1.3518394231796265,0.23747150599956512,0.17504051327705383,0.9862701892852783,0.4703359007835388,0.45476073026657104,1.2913470268249512,0.17836935818195343,0.00039999998989515007,0.21828527748584747,0.3128117322921753,0.2721676528453827,2.288470506668091,0.6683593988418579,1.8839902877807617,0.9316316246986389,1.7429081201553345,1.157745122909546,1.0122287273406982,1.4486913681030273,0.38424351811408997,0.8831871747970581,0.28868037462234497,0.4196664094924927,0.4691399037837982,0.30091577768325806,1.4110558032989502,0.7740066647529602,0.1127186045050621,1.3810776472091675,0.12773670256137848,0.163100928068161,0.12097855657339096,0.26430821418762207,0.1800891011953354,1.083908200263977,0.4579564929008484,0.775819718837738,0.6935568451881409,1.3002512454986572,0.9224473834037781,0.23662561178207397,0.6218898296356201,0.983437180519104,1.1077228784561157,0.7377707362174988,0.2192058116197586,1.169507622718811,1.468591570854187,0.16713933646678925,1.268362283706665,1.0620235204696655
0.02068904973566532,0.6465225219726562,2.3101916313171387,0.5096576809883118,1.1433231830596924,1.269933819770813,0.0052644917741417885,0.6955773830413818,1.3888959884643555,1.4351979494094849,0.6279835104942322,0.982258141040802,0.38785043358802795,0.00039999998989515007,0.5500791072845459,0.1387558877468109,0.03449510782957077,2.5643386840820312,0.6758348345756531,2.215383291244507,0.9654913544654846,1.9652689695358276,2.0036680698394775,1.1253656148910522,0.8907225728034973,0.8882879018783569,1.0259205102920532,0.1753963679075241,0.27648934721946716,0.5471034646034241,0.5738955140113831,1.7294564247131348,0.6966448426246643,0.27541762590408325,0.4215061068534851,0.21647173166275024,0.387347549200058,0.35055994987487793,0.9629488587379456,0.21497097611427307,0.4671997129917145,0.07195387035608292,0.7149820923805237,1.2586768865585327,0.8778744339942932,0.6456684470176697,0.5046512484550476,0.7266932129859924,0.578639805316925,0.6213712096214294,0.2103307992219925,0.6190852522850037,0.6698364019393921,1.7444206476211548,0.5302283763885498,0.43161913752555847,0.9902348518371582
0.36947518587112427,0.9021710157394409,1.6646497249603271,0.4062907099723816,1.168291449546814,0.9701891541481018,0.4759277403354645,1.7925037145614624,2.1016364097595215,1.4917235374450684,0.4003041982650757,1.540937900543213,0.46313440799713135,0.00039999998989515007,1.285698413848877,0.8589634895324707,0.07246498018503189,1.5983293056488037,0.35902756452560425,1.5193698406219482,0.8093829154968262,1.3066343069076538,1.6344362497329712,1.5367316007614136,0.2339724749326706,0.014091366901993752,0.2712600827217102,0.3737741708755493,0.1472906917333603,0.5407652258872986,0.11126133799552917,0.5626192092895508,0.7109783887863159,0.24510225653648376,0.013228933326900005,0.3724916875362396,0.37945908308029175,0.8230140805244446,1.176943063735962,0.9753282070159912,0.5937218070030212,0.3423527181148529,0.7949318289756775,1.3647735118865967,0.052369579672813416,1.702316164970398,0.6183072328567505,0.40929487347602844,0.7099322080612183,0.005262894555926323,0.2615276575088501,1.6612257957458496,0.8994436264038086,2.003575086593628,1.4744277000427246,0.7452895045280457,0.4176005423069
0.16033709049224854,1.280313491821289,2.514082193374634,0.9727885127067566,0.7418267726898193,1.3073498010635376,0.18677552044391632,0.3476954996585846,1.7060250043869019,1.124098300933838,0.9605094194412231,0.9804332852363586,0.14053989946842194,0.00039999998989515007,0.6156129837036133,0.25951164960861206,0.48897841572761536,1.658070683479309,0.7692893743515015,2.561002492904663,0.821486234664917,1.3422056436538696,1.6576861143112183,1.253842830657959,1.2681182622909546,0.9678357839584351,0.3305569887161255,0.4086388647556305,0.10822954028844833,0.5319600105285645,0.20940454304218292,1.3750427961349487,1.5022578239440918,0.8219724297523499,0.7160145044326782,1.0107256174087524,0.0077952672727406025,0.21383561193943024,0.5596816539764404,0.45251646637916565,0.7583500146865845,0.24341925978660583,1.1463972330093384,0.9472635984420776,0.846537709236145,0.48283037543296814,0.1938251405954361,0.9010250568389893,0.6829151511192322,0.7686107158660889,0.2948036789894104,0.4883079528808594,1.0958372354507446,1.5167694091796875,0.2863808870315552,0.9857432842254639,0.7485666871070862
1.0231372117996216,0.7358852624893188,1.8647031784057617,0.49711674451828003,1.0629901885986328,0.6491051316261292,0.20873068273067474,0.507218062877655,2.057826519012451,1.0285133123397827,0.3620767593383789,1.3587956428527832,0.25155189633369446,0.00039999998989515007,0.14800919592380524,0.1949385404586792,0.49550607800483704,2.352797031402588,0.3824138045310974,1.9129424095153809,0.09490396827459335,1.6192580461502075,1.7662341594696045,0.9354751110076904,0.7107571959495544,0.13033290207386017,0.28146278858184814,0.6822351217269897,0.2139187902212143,0.24164119362831116,0.5580241680145264,1.255185604095459,1.1264536380767822,0.8014947772026062,0.46778810024261475,0.2095717042684555,0.19628754258155823,0.9466699957847595,0.414038747549057,0.4653431475162506,0.03896351158618927,0.283740758895874,0.1908303052186966,1.5467253923416138,0.37297818064689636,0.8077943325042725,0.7698116302490234,1.7864511013031006,0.35281726717948914,0.36676108837127686,0.32114794850349426,1.1748061180114746,0.14168782532215118,3.0342438220977783,0.5746596455574036,0.4890481233596802,0.32695454359054565
0.35917848348617554,0.11089612543582916,2.0602755546569824,0.8171568512916565,1.3452595472335815,0.7246463298797607,0.4080815017223358,1.3833245038986206,1.3970258235931396,0.6493876576423645,0.3908216655254364,0.9339885711669922,0.8699262142181396,0.00039999998989515007,0.16512256860733032,0.1020074188709259,1.224226951599121,2.754944324493408,0.6095716953277588,0.8710890412330627,0.6787862777709961,2.014514923095703,1.3148431777954102,1.4838101863861084,0.31695371866226196,0.359916090965271,1.1306029558181763,0.35111621022224426,0.13858768343925476,0.6603804230690002,0.03361310809850693,1.1556904315948486,0.3556271493434906,0.15990357100963593,1.0538990497589111,0.9884723424911499,0.20672225952148438,0.0780780017375946,0.2786529064178467,0.23670540750026703,0.6849890947341919,0.19007092714309692,0.02328633889555931,0.9696499109268188,1.2940576076507568,1.5982943773269653,0.2154412418603897,1.2555124759674072,1.512009859085083,1.5158401727676392,0.37005627155303955,0.6961728930473328,0.5643879771232605,1.8047668933868408,0.17484478652477264,0.6050496697425842,1.1921900510787964
0.30128613114356995,0.6997999548912048,1.6668448448181152,0.647406816482544,1.089586853981018,0.8300976157188416,0.35968393087387085,1.2315024137496948,2.243407726287842,0.7057949304580688,0.22559680044651031,0.7025060057640076,0.7165776491165161,0.00039999998989515007,0.6484730243682861,0.5763193368911743,0.33941835165023804,2.22206711769104,0.996875524520874,1.1038744449615479,0.7320180535316467,1.5618605613708496,1.6741447448730469,1.7204471826553345,0.3619888424873352,0.29922106862068176,1.1408345699310303,0.1201813742518425,0.5028567314147949,0.11827626824378967,0.00043821262079291046,1.3739047050476074,0.47679629921913147,0.2310957908630371,0.7030885815620422,0.0822640210390091,0.05008302256464958,0.0026727677322924137,0.7743234038352966,0.7796374559402466,0.37611067295074463,0.07179009914398193,0.5123445987701416,1.066347599029541,1.0615476369857788,0.8929955363273621,0.4140753746032715,1.5165036916732788,1.407219648361206,0.37939634919166565,0.9387823343276978,1.6405730247497559,1.6380846500396729,1.8406248092651367,0.7081106305122375,0.13645194470882416,1.2400621175765991
0.017894474789500237,0.12212445586919785,2.0550336837768555,0.43894073367118835,1.0791853666305542,0.6617698669433594,0.4317798614501953,1.2368968725204468,1.7670307159423828,1.3030707836151123,0.5630155205726624,0.6358852982521057,0.6899625658988953,0.00039999998989515007,1.2982300519943237,0.592369556427002,0.3023448586463928,2.4169209003448486,0.2585794925689697,2.0462586879730225,1.0745855569839478,1.9789963960647583,1.813701868057251,1.4956610202789307,0.7055797576904297,0.7000106573104858,0.8953418135643005,0.011813610792160034,0.21043579280376434,0.4435979723930359,0.7489049434661865,1.4649029970169067,0.8931347131729126,0.40555426478385925,0.6433520913124084,0.0344502218067646,0.0345136858522892,0.11105335503816605,0.8699855208396912,0.34159427881240845,0.5536481738090515,0.1624702513217926,0.5713363289833069,1.5569044351577759,0.8473021984100342,0.7842893600463867,0.3249059021472931,1.243440866470337,0.5753343105316162,0.4867161810398102,0.3293410539627075,0.5793380737304688,0.7835960388183594,1.9377166032791138,0.3124217689037323,0.2166805863380432,0.9588255286216736
0.09897590428590775,1.0598152875900269,1.6164312362670898,0.6127212047576904,0.5319855213165283,0.8008326888084412,0.5451358556747437,0.05235965922474861,2.401198625564575,2.148162603378296,2.0039241313934326,0.5487978458404541,0.19054366648197174,0.00039999998989515007,0.3230533003807068,0.667722225189209,0.6297805905342102,1.3491921424865723,0.049247756600379944,2.0020830631256104,0.5492491722106934,1.2735235691070557,1.359376311302185,0.5743791460990906,0.183025062084198,0.7789251208305359,0.25209271907806396,1.2351149320602417,0.5818578004837036,0.3002944886684418,0.13621211051940918,1.497694969177246,2.252338171005249,0.6750265955924988,0.4693152904510498,0.5401650071144104,0.07384369522333145,0.8303676247596741,0.3533236086368561,0.9916821718215942,0.8424542546272278,0.6335073113441467,0.89079350233078,0.7728026509284973,0.2585415244102478,0.25544628500938416,0.0647653341293335,1.872538685798645,0.6430944800376892,0.8468883633613586,1.1806827783584595,0.6801033616065979,0.9618629813194275,1.122817873954773,0.34499239921569824,0.19119775295257568,0.9441130757331848
0.06484483927488327,0.24551115930080414,2.0248024463653564,0.38473057746887207,1.4958418607711792,0.873160183429718,0.2217259258031845,2.0165042877197266,0.2464752346277237,0.3442911207675934,0.20701847970485687,0.27201032638549805,1.1353116035461426,0.00039999998989515007,1.455559492111206,0.27165788412094116,1.52908194065094,1.674638032913208,0.4776054918766022,1.1034824848175049,1.0021589994430542,2.035210371017456,1.0170884132385254,1.4183934926986694,0.6133227944374084,0.7153883576393127,1.1148228645324707,0.3822765350341797,0.7146070003509521,0.7783175110816956,1.2746303081512451,1.0569634437561035,0.5848196744918823,0.19484975934028625,0.6449666023254395,1.036308765411377,0.8097184896469116,0.12429776042699814,0.7813524603843689,0.5604849457740784,1.021651268005371,0.11635486036539078,0.2374350130558014,1.2039076089859009,1.8321404457092285,0.39049917459487915,0.56058669090271,0.7571579813957214,0.5022723078727722,0.9023545384407043,0.6191101670265198,0.2318183332681656,1.6440609693527222,0.5817593932151794,0.7654340267181396,1.7997151613235474,1.0741578340530396
0.779521644115448,0.6462954878807068,1.9179879426956177,0.23942963778972626,1.0722697973251343,0.5282658934593201,0.33284178376197815,0.45619842410087585,1.7997492551803589,1.0398963689804077,1.0446254014968872,1.4346996545791626,0.5302146673202515,0.00039999998989515007,0.48987093567848206,0.013434771448373795,0.8587613105773926,2.766706705093384,0.7211222648620605,2.2892868518829346,0.12691091001033783,1.8018101453781128,1.1914710998535156,1.0993976593017578,0.651987612247467,0.46525269746780396,0.41376686096191406,0.3352431058883667,0.2679594159126282,0.07977006584405899,0.589579701423645,1.454133152961731,0.9248102903366089,1.0936150550842285,0.2068871557712555,0.07964475452899933,0.0016271874774247408,0.39653876423835754,0.4246058166027069,0.2972727119922638,0.058879535645246506,0.018508948385715485,0.003914632368832827,1.6561250686645508,0.4775664210319519,0.9355444312095642,0.7432095408439636,1.3906562328338623,0.18126821517944336,0.0030776881612837315,0.05176942050457001,0.7774432301521301,0.6476821899414062,2.7497546672821045,0.3963915705680847,0.1010282039642334,0.6734874248504639
0.778580904006958,0.6124330759048462,2.4572627544403076,0.5737205147743225,1.6877933740615845,1.488629937171936,0.45862382650375366,1.6364034414291382,0.39117205142974854,0.959647536277771,0.06609530001878738,0.9939604997634888,1.443464994430542,0.00039999998989515007,0.7220166325569153,0.20664525032043457,1.2703065872192383,1.3757081031799316,0.010112934745848179,1.4409602880477905,0.9619559645652771,1.7410918474197388,1.0685391426086426,1.5954055786132812,0.6029719114303589,0.21062476933002472,1.016034483909607,0.4326658248901367,0.0013697377871721983,0.7566457986831665,0.759526789188385,0.9887286424636841,0.96269291639328,0.36899691820144653,0.6897714138031006,0.6421310305595398,0.8003334999084473,0.19628334045410156,0.10696367919445038,0.38878333568573,1.1014320850372314,0.21082396805286407,0.23961029946804047,1.547124981880188,1.0296286344528198,0.7908537983894348,0.8047321438789368,0.7359270453453064,0.329548180103302,0.8725806474685669,0.11831517517566681,0.18445007503032684,1.301982045173645,1.4498342275619507,0.7823322415351868,1.9588841199874878,0.7020935416221619
0.13864682614803314,0.09292637556791306,2.421482801437378,0.6013227105140686,1.481874704360962,1.2482895851135254,0.14079774916172028,1.2871524095535278,1.7477818727493286,1.0938547849655151,0.22499170899391174,0.8945027589797974,0.6337728500366211,0.00039999998989515007,0.6625535488128662,0.05915328115224838,0.49681809544563293,2.516296148300171,0.48228442668914795,1.592257022857666,0.7931262850761414,1.8178074359893799,1.6808271408081055,1.5805202722549438,0.7192392945289612,0.2688429653644562,0.636924684047699,0.21316111087799072,0.38845735788345337,0.3367998003959656,0.5088714957237244,1.202534556388855,0.79068922996521,0.12419203668832779,0.8442206978797913,0.22511576116085052,0.14200443029403687,0.2543102502822876,0.8191530108451843,0.10528300702571869,0.46039557456970215,0.09835817664861679,0.4264301359653473,1.4630924463272095,0.9940109848976135,1.039057731628418,0.44829273223876953,1.0702959299087524,0.8280732035636902,0.5284278988838196,0.2281518429517746,0.8172542452812195,1.1461409330368042,2.199753761291504,0.18645848333835602,0.6708472371101379,0.661012589931488
0.665334165096283,0.7499272227287292,2.57430362701416,0.21062052249908447,1.4195507764816284,1.1275379657745361,0.2625837028026581,0.8202772736549377,1.1041285991668701,0.14346052706241608,0.24206291139125824,0.12289704382419586,0.35221067070961,0.00039999998989515007,0.9477554559707642,0.2889765799045563,0.09467798471450806,2.112071990966797,0.006322926376014948,1.5360610485076904,0.7505638599395752,1.583824634552002,1.2818548679351807,1.2608699798583984,1.5256226062774658,0.4259294271469116,0.4191575050354004,0.3388388752937317,1.1504071950912476,1.1440867185592651,1.3765360116958618,1.1300660371780396,1.1197642087936401,0.7779702544212341,0.5198474526405334,0.07692458480596542,0.3660450875759125,0.6343886256217957,1.1688393354415894,0.03961372748017311,0.21353928744792938,0.400054931640625,0.5460063815116882,1.323166847229004,1.5534672737121582,0.20090138912200928,0.9201083779335022,1.0363980531692505,0.5961834788322449,0.10638894140720367,0.02944861724972725,0.1479927897453308,2.257356882095337,1.5346406698226929,0.6802715063095093,1.0577139854431152,0.33141258358955383
0.5182713866233826,0.18003804981708527,2.362535238265991,0.5664981603622437,2.0768234729766846,0.5425043106079102,0.35720953345298767,0.8207931518554688,0.2984866797924042,0.349940687417984,0.53024822473526,0.5167837142944336,0.6630070209503174,0.00039999998989515007,1.678197979927063,0.35244354605674744,0.29873722791671753,2.032684326171875,0.037088312208652496,2.4043500423431396,0.46021679043769836,2.01790452003479,0.4934276044368744,1.2282010316848755,0.8991369009017944,0.5065534710884094,0.23105952143669128,0.8781129717826843,0.1247505322098732,1.1395316123962402,1.8075861930847168,0.5828198790550232,1.0438274145126343,0.6294525861740112,0.35794806480407715,0.36535677313804626,0.6262401938438416,0.3162440061569214,0.8098172545433044,0.1439298689365387,0.5085998177528381,0.5288349986076355,0.37737563252449036,1.8064184188842773,0.9601086378097534,0.04849054291844368,0.27312570810317993,1.075371265411377,0.42104923725128174,0.30799585580825806,0.34225568175315857,0.4297045171260834,0.9641432762145996,2.211505889892578,0.573863685131073,1.2934224605560303,0.1012045368552208
0.7601572275161743,0.041080936789512634,1.6229541301727295,0.6300980448722839,0.9692139625549316,0.22439227998256683,0.044973257929086685,1.836447834968567,2.582911491394043,0.7187603116035461,0.06138511002063751,1.0477722883224487,0.16461622714996338,0.00039999998989515007,1.0590219497680664,0.28661832213401794,0.5079002976417542,2.6337153911590576,0.12411283701658249,1.0219297409057617,0.9339036345481873,1.6013857126235962,1.53025484085083,1.5128467082977295,0.3305809795856476,0.3786763846874237,0.0424550324678421,0.1594313681125641,0.3820798397064209,0.15081293880939484,0.3434573709964752,0.9147334098815918,0.2276778519153595,0.24048222601413727,0.7138828039169312,0.77088862657547,0.5543698668479919,0.17148670554161072,0.8098222613334656,0.488362193107605,0.6076415181159973,0.1646575778722763,0.9655621647834778,0.908232569694519,0.6473826766014099,1.233174204826355,0.6648650765419006,1.193060278892517,1.2241331338882446,0.47193264961242676,1.007157802581787,1.2977455854415894,0.7840563058853149,2.4526174068450928,0.976377546787262,0.0035384492948651314,0.8156833648681641
0.37455567717552185,0.34745651483535767,1.2625421285629272,0.5725509524345398,0.2359085977077484,0.07029537111520767,0.49621355533599854,1.1274027824401855,2.8360722064971924,0.9768885970115662,0.16417986154556274,0.8288529515266418,0.39778149127960205,0.00039999998989515007,0.210410937666893,0.6529881954193115,0.07202176004648209,2.580864429473877,0.7091302275657654,1.003455638885498,0.7492381930351257,1.6142446994781494,1.9634836912155151,1.2975789308547974,0.3298448622226715,0.28847992420196533,0.8983361721038818,0.5184725522994995,0.041135095059871674,0.3134113550186157,0.01133472565561533,1.2368837594985962,0.09818730503320694,0.389815092086792,0.4361923336982727,0.18398480117321014,1.0713557004928589,0.2778051793575287,0.36518606543540955,0.5258318185806274,0.016918623819947243,0.37125059962272644,0.101409412920475,1.47300386428833,0.3794171214103699,0.9389001727104187,0.6742003560066223,1.5525482892990112,1.215726375579834,0.031033610925078392,0.48946142196655273,1.4571551084518433,0.8653949499130249,2.530818223953247,0.9675222635269165,0.6697266101837158,1.346644639968872
0.33523884415626526,0.38759464025497437,1.9285433292388916,0.1744520664215088,0.8894050121307373,0.7948829531669617,0.17301508784294128,0.9992921948432922,1.9609988927841187,1.0371419191360474,0.2636052072048187,0.7723005414009094,1.1698386669158936,0.00039999998989515007,0.47955241799354553,0.5744360685348511,0.0822053849697113,2.181720495223999,1.085970401763916,1.6710468530654907,0.8206343054771423,1.5406218767166138,1.6664483547210693,1.5731580257415771,0.2455507516860962,0.9501699209213257,1.412581205368042,0.5058386921882629,0.11774987727403641,0.3694222569465637,0.13487300276756287,1.7773454189300537,0.851252019405365,0.263296902179718,0.34086868166923523,0.1380961388349533,0.13830934464931488,0.34051328897476196,0.526570200920105,0.942065954208374,0.4101843535900116,0.03282727673649788,0.18963830173015594,1.330265998840332,0.8546150326728821,0.7303376793861389,0.9884757399559021,1.446030855178833,1.1318820714950562,0.27864885330200195,0.09311987459659576,1.165047526359558,1.5440541505813599,1.764591097831726,0.26114100217819214,0.3813088834285736,1.285330057144165
0.22211340069770813,1.039342999458313,1.4204968214035034,0.7085608243942261,1.4648443460464478,1.0390143394470215,0.43134939670562744,1.9884897470474243,1.8172492980957031,0.868076503276825,0.7629855275154114,1.4008079767227173,1.1635801792144775,0.00039999998989515007,0.008640728890895844,0.6998663544654846,0.8655217885971069,1.914970874786377,0.2690357267856598,0.4555637836456299,0.09410686790943146,1.664981722831726,1.7120791673660278,1.1797105073928833,0.9694458842277527,0.42282211780548096,0.7909705638885498,0.18033169209957123,0.6015633344650269,0.6526401042938232,0.36364901065826416,1.160509467124939,0.2255593091249466,0.4649321734905243,0.346261203289032,1.1816939115524292,0.35936522483825684,0.18920190632343292,0.12512262165546417,1.2846835851669312,0.4750325381755829,0.40411072969436646,0.4693547785282135,0.7473329305648804,0.6757342219352722,1.5250006914138794,0.17239265143871307,1.7157326936721802,1.8341617584228516,0.6093482971191406,0.32109522819519043,1.6780827045440674,0.6638048887252808,1.1515179872512817,0.5995906591415405,0.7951578497886658,0.9647583365440369
1.3732776641845703,0.48383405804634094,1.8735929727554321,0.27330172061920166,1.6841797828674316,0.7474989891052246,0.08957700431346893,1.807619333267212,1.1280584335327148,0.3851601183414459,0.08602772653102875,0.10324300825595856,0.16770029067993164,0.00039999998989515007,0.43082553148269653,0.8023233413696289,0.23265020549297333,3.214103937149048,0.5759576559066772,0.8126443028450012,0.1658458709716797,1.9531279802322388,1.336323618888855,0.8169119358062744,0.5636658668518066,0.7910345792770386,0.20701877772808075,0.17378468811511993,0.8418626189231873,0.296151727437973,1.5483254194259644,0.8206489682197571,0.6936108469963074,0.6543033719062805,0.004192340653389692,1.2147830724716187,0.04453922435641289,1.1858067512512207,1.185414433479309,0.6853075623512268,0.36494386196136475,0.3456730246543884,0.10895486176013947,1.4738109111785889,1.153843879699707,0.24213135242462158,1.0933479070663452,1.2316932678222656,0.4405050277709961,0.11215345561504364,0.09385620057582855,0.14232812821865082,0.7991234660148621,2.435297727584839,0.2702031135559082,0.0631197839975357,0.048596106469631195
0.5520314574241638,0.5026751756668091,1.7344095706939697,0.01341572217643261,1.383671760559082,0.7903205156326294,0.21343129873275757,2.19819712638855,1.7534018754959106,1.1259653568267822,0.5206537842750549,0.08977404981851578,0.26979270577430725,0.00039999998989515007,1.7132059335708618,0.26231861114501953,1.1940703392028809,1.9905864000320435,0.7652991414070129,0.9667119383811951,0.8626787066459656,2.021479368209839,1.5920283794403076,1.3931200504302979,0.6768440008163452,0.5063691735267639,0.6130753755569458,0.3605635464191437,1.3048855066299438,0.6527569890022278,1.0275100469589233,1.4501410722732544,0.8691765666007996,0.3822757601737976,0.6795824766159058,0.6027435064315796,0.5622777938842773,0.1759745478630066,1.1671850681304932,0.600740373134613,0.8767710328102112,0.21238967776298523,1.3113957643508911,0.8440806865692139,1.3131496906280518,0.07568185031414032,0.2596997022628784,1.052631139755249,0.7393466830253601,0.49224770069122314,0.7691075205802917,0.7274349927902222,0.9317068457603455,0.46376344561576843,0.03782409429550171,0.7214938402175903,1.208573579788208
0.19929920136928558,0.9426876306533813,1.616361141204834,0.44719910621643066,2.464836835861206,0.7649781107902527,0.2673089802265167,2.351520299911499,1.5184402465820312,0.8283451199531555,0.000250588811468333,0.7160825729370117,1.1558115482330322,0.00039999998989515007,1.0307079553604126,0.2652442753314972,1.0912367105484009,2.427917957305908,0.5387718081474304,1.2154266834259033,0.2406436651945114,1.568740963935852,0.9723489880561829,1.778297781944275,0.1286623179912567,0.2611965835094452,0.2167537659406662,0.49527430534362793,0.15619030594825745,0.09766504913568497,0.9790890216827393,1.0269666910171509,0.5127183794975281,0.5015160441398621,0.920637309551239,1.2265033721923828,0.9711782336235046,0.2870108485221863,0.6028466820716858,0.013400325551629066,0.8508366346359253,0.9183851480484009,0.30808141827583313,1.1432335376739502,0.7771340012550354,0.869366466999054,0.3602522611618042,1.063419222831726,0.22564932703971863,0.09889039397239685,0.5403369665145874,0.44563499093055725,0.12973546981811523,2.2452712059020996,0.7658730745315552,0.421184778213501,0.4547194242477417
0.04010570049285889,0.15192432701587677,1.6486399173736572,0.25544247031211853,1.3042199611663818,0.4663126766681671,0.4269697070121765,2.3302714824676514,1.6585493087768555,0.8581603765487671,0.3635471761226654,0.2457764446735382,0.9947439432144165,0.00039999998989515007,1.3133431673049927,0.5522642135620117,1.1161566972732544,2.9055612087249756,0.23199014365673065,0.9656603932380676,1.14771568775177,1.8885703086853027,1.0901292562484741,1.6383720636367798,0.532540500164032,0.25187402963638306,0.8195545077323914,0.27367207407951355,0.29418161511421204,0.27994221448898315,0.9136028289794922,1.050533652305603,0.599592924118042,0.12617227435112,1.0450892448425293,0.8820256590843201,0.4344380795955658,0.2580036222934723,0.6421692371368408,0.5038425326347351,0.596697986125946,0.27523723244667053,0.053560204803943634,1.415636658668518,0.9765182137489319,0.8679709434509277,0.2119700163602829,1.2283058166503906,0.6960439682006836,0.7086999416351318,1.0358113050460815,0.3619208037853241,0.8663924932479858,2.0859100818634033,0.12517915666103363,0.13580438494682312,0.8082695603370667
0.25961220264434814,1.502210021018982,2.329185724258423,0.3144361972808838,2.4218673706054688,0.44911307096481323,0.6064926385879517,1.8810081481933594,0.6532329320907593,0.1307578682899475,0.04572233557701111,0.7018000483512878,1.2040960788726807,0.00039999998989515007,0.9448777437210083,0.45176851749420166,1.2731022834777832,1.797333836555481,0.03496704250574112,0.9794325232505798,0.5108115673065186,2.0584707260131836,0.7104825973510742,1.5137990713119507,0.10851644724607468,0.6484194993972778,0.1345224529504776,1.4210535287857056,0.13058120012283325,0.3642190992832184,1.335573673248291,0.2765246331691742,0.1701674908399582,0.41178077459335327,0.5902518033981323,1.4173412322998047,0.1261415183544159,0.3076319396495819,0.6577531099319458,0.6072531938552856,0.7181515693664551,0.5639917850494385,0.16371197998523712,1.450610876083374,1.0637667179107666,0.5487522482872009,0.18995024263858795,0.8847987055778503,0.3045249283313751,0.15960317850112915,0.08433263748884201,0.5577108860015869,0.7268497943878174,2.285797119140625,0.17065271735191345,1.4035234451293945,0.5984134078025818
0.8438123464584351,0.7724852561950684,1.6734687089920044,0.4762672483921051,1.2943750619888306,0.20992891490459442,0.6440868973731995,1.9068790674209595,1.126412272453308,0.08096767216920853,0.582765519618988,0.35429081320762634,0.7980207800865173,0.00039999998989515007,1.4376823902130127,0.3754352927207947,0.6051525473594666,2.679300308227539,1.3473596572875977,0.7722716331481934,0.7606574892997742,1.7091764211654663,0.1823972761631012,0.946894109249115,1.3462995290756226,1.4636162519454956,0.354800820350647,0.2223467230796814,0.09092342853546143,0.9779776930809021,2.136274576187134,0.16797563433647156,0.22254183888435364,0.5559358596801758,0.974258542060852,1.2740129232406616,0.34382230043411255,0.5714026689529419,0.32575368881225586,0.11345469206571579,0.306117981672287,0.06482534855604172,0.07247089594602585,1.8684231042861938,0.5001212954521179,0.16335880756378174,0.15750011801719666,0.9432425498962402,0.32780224084854126,0.4964807629585266,1.2393711805343628,0.058367710560560226,0.6246033906936646,2.6243667602539062,0.1325884759426117,0.36383986473083496,0.21176448464393616
0.5669035911560059,0.191893070936203,0.5028327107429504,0.25348401069641113,1.0444005727767944,0.25800037384033203,0.6296773552894592,2.914578676223755,2.273796319961548,1.0334404706954956,0.30799269676208496,0.3871132433414459,0.671995997428894,0.00039999998989515007,0.6436755061149597,0.048184338957071304,1.2184809446334839,2.846081495285034,0.5316521525382996,0.138098806142807,0.3807748854160309,1.609574556350708,1.1509286165237427,1.528043508529663,1.13411545753479,0.1442243456840515,0.4855799078941345,0.041411254554986954,0.5368985533714294,0.918064534664154,0.2257438749074936,0.680353581905365,0.03288054093718529,0.4422915577888489,0.30605897307395935,1.765982985496521,0.2727924585342407,0.03139859065413475,0.18936026096343994,0.030161479488015175,0.6535437703132629,0.1152212917804718,0.3440713584423065,1.0249226093292236,0.4001389741897583,1.2354568243026733,0.2157168835401535,1.4407330751419067,1.050060749053955,0.9663336873054504,0.6100948452949524,0.7465723156929016,0.5478398203849792,2.3482825756073,0.42646026611328125,0.5307508707046509,1.0366142988204956
0.4769255518913269,0.16835378110408783,1.4867265224456787,0.27801644802093506,1.226279616355896,1.2725274562835693,0.6641175150871277,2.689176082611084,1.4251482486724854,1.5213704109191895,0.17856863141059875,0.3178054988384247,0.8424485921859741,0.00039999998989515007,0.43434104323387146,0.44582322239875793,0.9229544401168823,3.5920498371124268,0.2630678713321686,0.47699064016342163,0.8335029482841492,1.6541496515274048,1.1264700889587402,1.012268304824829,0.41747164726257324,0.7992730736732483,1.264529824256897,0.02236447110772133,0.12725408375263214,0.5861051678657532,0.3600919842720032,0.6945226788520813,0.01076763030141592,0.8095095753669739,0.9507806897163391,1.1951768398284912,0.27959367632865906,0.011226499453186989,0.7649251222610474,0.0053371950052678585,0.45803433656692505,0.11291413009166718,0.28360483050346375,1.3674731254577637,0.7425028681755066,1.1841344833374023,0.6630950570106506,0.28453919291496277,0.7995091676712036,1.1771546602249146,0.7842891216278076,0.061076972633600235,0.40475228428840637,1.7452669143676758,0.4052756428718567,0.2578323185443878,0.6428627967834473
0.1928534209728241,0.2767260670661926,0.5536443591117859,0.06494974344968796,1.7235660552978516,0.043810345232486725,0.014332889579236507,2.6142678260803223,0.0059240334667265415,0.35469356179237366,0.8285636901855469,0.2916223704814911,2.1296212673187256,0.00039999998989515007,1.4861817359924316,0.010221635922789574,2.493898630142212,1.1867825984954834,0.5335248112678528,0.27530038356781006,1.0174973011016846,1.6990370750427246,0.17582076787948608,1.8566491603851318,0.270324170589447,0.2666202783584595,0.8214198350906372,0.9095341563224792,0.19604291021823883,0.06258232891559601,1.4425194263458252,0.6640912294387817,1.3205667734146118,0.8887898325920105,0.7808789610862732,1.4398272037506104,1.4830507040023804,0.2799074947834015,0.2803415060043335,0.2738260328769684,0.9056594371795654,0.37930798530578613,0.6285868287086487,1.1044702529907227,1.0561563968658447,0.24092403054237366,0.06158918887376785,1.4553638696670532,0.13258829712867737,1.0428502559661865,0.7737113833427429,0.14260630309581757,0.2831292748451233,1.0930817127227783,0.9317917823791504,0.790031373500824,0.9599654078483582
0.26229432225227356,0.9482861161231995,1.7668594121932983,0.33823442459106445,0.8476662635803223,0.03828120231628418,1.0199190378189087,2.3593499660491943,1.5266882181167603,0.6523100733757019,0.12470857799053192,1.064622402191162,0.8853659629821777,0.00039999998989515007,0.19386760890483856,0.6438713073730469,1.1488163471221924,2.7810730934143066,0.07536566257476807,0.044745709747076035,0.4145165979862213,2.1217191219329834,1.1572657823562622,1.0596922636032104,0.2352534532546997,0.1780512034893036,1.1340508460998535,0.19669225811958313,0.2863522171974182,0.3734128177165985,0.14511464536190033,0.8832922577857971,0.04524889960885048,0.1273224949836731,0.5533020496368408,1.4259376525878906,0.37068647146224976,0.7193293571472168,0.036686502397060394,1.3414865732192993,0.2435779869556427,0.6257956027984619,0.5729928016662598,1.448910117149353,0.5910269618034363,1.4743452072143555,0.8720582127571106,1.2238091230392456,1.113715410232544,0.6053585410118103,0.8975993394851685,0.6603744626045227,0.5558103322982788,2.158085823059082,0.1403912752866745,0.24570640921592712,1.0226150751113892
0.382249116897583,0.1615491807460785,0.6015493273735046,0.14652742445468903,0.19771060347557068,0.466931015253067,0.7584068179130554,2.4391860961914062,2.8304898738861084,0.9688792824745178,0.27417856454849243,0.6841685175895691,0.3271859586238861,0.00039999998989515007,0.6269420385360718,0.5245401263237,0.5174755454063416,3.1117818355560303,0.3530130088329315,0.3023226857185364,0.6962535977363586,1.432521104812622,1.338090181350708,1.2287046909332275,0.7287513017654419,0.07223550975322723,0.48700571060180664,0.2937452495098114,0.25232529640197754,0.9391850829124451,0.28355783224105835,0.9169840216636658,0.206213116645813,0.2283296138048172,0.5222904086112976,1.101462483406067,0.7539401650428772,0.111810103058815,0.16321077942848206,0.7298717498779297,0.3832760751247406,0.1757422685623169,0.11257553845643997,0.812116265296936,0.19712716341018677,1.5768193006515503,0.22835862636566162,1.5280171632766724,1.5085110664367676,0.850255012512207,0.8484700918197632,0.9952038526535034,0.10597297549247742,2.2592151165008545,0.7390100955963135,0.9366956949234009,1.0095851421356201
0.19201575219631195,0.6177709102630615,1.2241698503494263,0.08854562044143677,1.4292582273483276,0.4011850655078888,0.6771025657653809,2.9546213150024414,1.6428074836730957,0.9810035824775696,0.09129706025123596,0.8500614762306213,0.6348958015441895,0.00039999998989515007,0.4672997295856476,0.2907702922821045,1.2162994146347046,3.5929243564605713,0.5695657134056091,0.10288107395172119,0.22686706483364105,1.8695873022079468,0.8138218522071838,1.1009069681167603,0.08717372268438339,0.5791543126106262,0.5288736820220947,0.025197966024279594,0.3341442942619324,0.30588534474372864,0.39435383677482605,0.7537063956260681,0.26619386672973633,0.5309026837348938,0.7549270391464233,1.8103307485580444,0.21755918860435486,0.3542053699493408,0.41531479358673096,0.36179837584495544,0.35351890325546265,0.03319627791643143,0.24975541234016418,1.152287244796753,0.6119028329849243,1.3986040353775024,0.19342041015625,0.7045974731445312,0.7668126225471497,0.9036612510681152,1.1110074520111084,0.3461691439151764,0.0707625150680542,2.134610176086426,0.5043346285820007,0.014257560484111309,0.6752442121505737
0.8243398666381836,0.42113983631134033,0.6556161642074585,0.35958170890808105,0.858268678188324,0.14353634417057037,0.7831627130508423,3.0307860374450684,2.3524749279022217,0.9748101830482483,0.2657531499862671,0.6310708522796631,0.3780825734138489,0.00039999998989515007,0.5278258323669434,0.19929148256778717,0.7422139644622803,3.268641233444214,0.9501983523368835,0.1436116099357605,0.3124149441719055,1.5837823152542114,0.8960477113723755,0.9804604053497314,0.047096461057662964,1.2039263248443604,0.01043696328997612,0.738303005695343,0.0750451534986496,0.6671011447906494,0.639682412147522,0.733971118927002,0.19067546725273132,0.06798704713582993,0.5458856225013733,1.6912609338760376,0.006778601091355085,0.3964082896709442,0.18658572435379028,0.14647100865840912,0.14937923848628998,0.025156669318675995,0.3968202471733093,1.235538125038147,0.10803992301225662,1.2156174182891846,0.16091564297676086,1.1592265367507935,0.5080339908599854,0.03765571117401123,1.1347304582595825,0.6863177418708801,0.16183511912822723,2.536085367202759,0.8213350176811218,0.7598158717155457,0.571402370929718
0.46680304408073425,0.16606493294239044,0.5180095434188843,0.40050676465034485,1.2750675678253174,0.242079496383667,0.5020142793655396,2.9770700931549072,2.3045620918273926,1.336058497428894,0.730523943901062,0.06512297689914703,0.5472850203514099,0.00039999998989515007,1.4143216609954834,0.045446161180734634,0.6137509942054749,3.2829792499542236,0.7241820693016052,0.7374988794326782,0.7778776288032532,1.311659812927246,0.807691216468811,1.3744431734085083,0.10174597054719925,0.9707342386245728,0.33798548579216003,0.07358811795711517,0.16105225682258606,0.11388566344976425,0.9902361631393433,0.6393834352493286,0.20242434740066528,0.11496558040380478,0.743398904800415,1.0585167407989502,0.559051513671875,0.14448682963848114,0.9325318932533264,0.5120447278022766,0.24435526132583618,0.8616799712181091,0.2332160323858261,1.2545264959335327,0.2368212193250656,0.8210905194282532,0.4712730944156647,0.9352847337722778,0.025266937911510468,0.09939777106046677,0.6859979033470154,0.6058114767074585,0.19002248346805573,2.4630513191223145,1.1943306922912598,0.7542123198509216,0.2006969451904297
0.33357810974121094,0.7187452912330627,1.0753271579742432,0.24600988626480103,1.111067533493042,0.133022740483284,0.779676616191864,3.4821765422821045,1.8627930879592896,1.2372270822525024,0.20980769395828247,0.5236796140670776,0.10001600533723831,0.00039999998989515007,1.1102020740509033,0.1830969899892807,1.4507861137390137,3.1295299530029297,1.418021559715271,0.026662515476346016,0.3917871117591858,1.8359085321426392,1.0650168657302856,0.9472503662109375,0.27709758281707764,0.7395851016044617,0.10371331870555878,0.35315921902656555,0.39677098393440247,0.37106379866600037,0.5409731864929199,0.6245447397232056,0.08480501919984818,0.4143379032611847,0.6789306998252869,1.7059135437011719,0.26661062240600586,0.03654105216264725,0.5770644545555115,0.4110347628593445,0.6277266144752502,0.025849776342511177,0.2950422763824463,0.9239943623542786,0.4657500386238098,1.3498495817184448,0.36645567417144775,0.7577131986618042,0.6516606211662292,0.8435671925544739,1.1026134490966797,0.2286779284477234,0.47291994094848633,1.6590042114257812,0.29373329877853394,0.09169640392065048,0.5232950448989868
1.1537309885025024,0.19691354036331177,1.3708652257919312,1.0377086400985718,1.6592713594436646,0.6339831948280334,0.25712135434150696,3.2429492473602295,1.1112478971481323,0.5039217472076416,0.08097471296787262,0.0721132829785347,0.032886870205402374,0.00039999998989515007,0.21270351111888885,0.8609825968742371,0.6852222084999084,3.5581657886505127,1.7233455181121826,0.30841386318206787,0.39128586649894714,1.56239914894104,0.6280771493911743,0.36230525374412537,0.1642625778913498,1.5596028566360474,0.21944144368171692,0.0984647125005722,0.9331132769584656,0.13151559233665466,1.125548243522644,0.5252398252487183,0.03989318385720253,0.06770412623882294,0.05627827346324921,2.2056922912597656,0.4263150691986084,0.9320060610771179,0.8594142198562622,0.3783800005912781,0.007622068282216787,0.27751800417900085,0.22458703815937042,0.8950513005256653,0.8450015783309937,0.512304961681366,0.6379268765449524,0.4752824902534485,0.4462220072746277,0.057474274188280106,0.21844568848609924,0.3286427855491638,0.21547459065914154,1.728604793548584,0.23856014013290405,0.2337779849767685,0.17062386870384216
0.3868679702281952,0.08196737617254257,0.33347663283348083,0.9326058626174927,0.7766203880310059,0.190428227186203,0.6356460452079773,3.360363721847534,2.0825507640838623,1.4100850820541382,1.0372604131698608,0.5530350208282471,0.849719226360321,0.00039999998989515007,1.4891588687896729,0.0713421180844307,0.5768951177597046,3.458033323287964,0.8235220909118652,0.4074527621269226,0.3648941218852997,1.3969080448150635,0.2557290196418762,1.323898434638977,0.5207951068878174,0.7376813888549805,0.15815725922584534,0.14415954053401947,0.07651706039905548,0.43219655752182007,0.196013942360878,0.9287775754928589,0.40104708075523376,0.2975669205188751,0.27232101559638977,1.4749480485916138,0.9052925109863281,0.06592925637960434,0.5583996176719666,0.5190554857254028,0.10743306577205658,0.4988226890563965,0.3147091865539551,1.1157810688018799,0.1727088987827301,1.4450279474258423,0.12778083980083466,1.0612289905548096,0.3391685485839844,0.728987991809845,0.8255877494812012,0.45049625635147095,0.05302241072058678,1.9920090436935425,0.21881788969039917,0.6060327291488647,0.23592378199100494
0.8140065670013428,1.0730000734329224,0.9114766120910645,0.5871727466583252,1.0813881158828735,0.37646737694740295,0.8361127972602844,3.2423152923583984,0.9577791094779968,0.9622987508773804,0.0832579955458641,0.9873656034469604,1.5933865308761597,0.00039999998989515007,0.924411416053772,0.14673852920532227,1.620808482170105,2.0528111457824707,0.3432965874671936,0.46416112780570984,0.12968377768993378,1.658970832824707,1.0424922704696655,1.5144901275634766,1.251234769821167,0.17687536776065826,1.0053703784942627,0.8200437426567078,0.05428745225071907,0.597067654132843,0.24966184794902802,1.2518922090530396,0.20747418701648712,0.4309162497520447,0.14526307582855225,1.4677752256393433,0.835513710975647,0.16625352203845978,0.37669292092323303,1.1915920972824097,0.7685303688049316,0.11671870201826096,0.16432619094848633,0.8357031941413879,1.151869535446167,1.5030901432037354,0.5396477580070496,0.9223539233207703,0.8584387302398682,1.0864732265472412,0.12716950476169586,0.92048579454422,0.6404397487640381,0.619720458984375,0.2323732227087021,1.107771396636963,1.1116676330566406
0.2131234109401703,0.4422141909599304,0.948794424533844,0.20649714767932892,1.0601229667663574,0.22780974209308624,0.7461811900138855,3.7132651805877686,1.6725841760635376,0.9971605539321899,0.2989445924758911,0.20656761527061462,0.2803126573562622,0.00039999998989515007,1.0265719890594482,0.16162247955799103,1.7925083637237549,3.1795310974121094,1.321264386177063,0.12630672752857208,0.8223410844802856,1.7084747552871704,0.8139315247535706,1.0910181999206543,0.04608632251620293,1.0359680652618408,0.2255145013332367,0.395468145608902,0.20651112496852875,0.30789029598236084,0.7376424670219421,0.6549254655838013,0.0282256081700325,0.7110818028450012,0.9249816536903381,1.648773431777954,0.44438761472702026,0.1035090982913971,0.31837019324302673,0.13849176466464996,0.8601291179656982,0.07892019301652908,0.08840469270944595,0.7984856963157654,0.5611705183982849,1.0386831760406494,0.26101216673851013,0.6674325466156006,0.54704350233078,0.9581770896911621,1.195515751838684,0.008727341890335083,0.17956413328647614,1.604241132736206,0.16758480668067932,0.04189532995223999,0.6661812663078308
0.07454857230186462,0.22475279867649078,0.5149255990982056,0.2926202416419983,1.1962958574295044,0.1644510179758072,0.4155471920967102,3.624744415283203,1.4121228456497192,0.8960696458816528,0.3541857600212097,0.511756181716919,0.9524607062339783,0.00039999998989515007,0.5382640361785889,0.0573279894888401,1.8182088136672974,3.2669761180877686,0.768507182598114,0.34940892457962036,0.5260899066925049,1.5074416399002075,0.2546951174736023,1.3771514892578125,0.64951491355896,0.5442448854446411,0.548328697681427,0.1819441020488739,0.28521937131881714,0.5918092131614685,0.21120935678482056,0.5654771327972412,0.07328855991363525,0.9528098702430725,0.6913556456565857,1.933016061782837,0.5744734406471252,0.3492251932621002,0.15544655919075012,0.25979962944984436,0.6848956346511841,0.13589291274547577,0.5863198041915894,0.7048155665397644,0.35056519508361816,1.200427770614624,0.14408203959465027,0.8246076703071594,0.7575677037239075,1.4415500164031982,1.1074894666671753,0.11676950007677078,0.28898653388023376,1.9485474824905396,0.008419028483331203,0.11820044368505478,0.6645150184631348
0.018031924962997437,0.6635181903839111,0.7321588397026062,0.45568302273750305,1.0700225830078125,0.17882931232452393,0.7597808241844177,3.9487884044647217,1.7222187519073486,1.1759496927261353,0.36442944407463074,0.3783918619155884,0.5135838985443115,0.00039999998989515007,0.703579843044281,0.018717888742685318,1.5397127866744995,3.2965831756591797,1.2568265199661255,0.4110761880874634,0.4934333264827728,1.5641274452209473,0.616556704044342,0.9437273740768433,0.5846105813980103,0.9585848450660706,0.2368537336587906,0.10506219416856766,0.0026513254269957542,0.44250544905662537,0.3395032286643982,0.4766576886177063,0.19950829446315765,0.7135125994682312,0.6103244423866272,1.946769118309021,0.3846239745616913,0.12290483713150024,0.27983805537223816,0.31800752878189087,0.5704172253608704,0.05036253482103348,0.20660191774368286,0.8287153244018555,0.2698823809623718,1.3134921789169312,0.19723516702651978,0.6256176233291626,0.6284515261650085,0.8555616140365601,0.8344443440437317,0.22236758470535278,0.49301210045814514,1.7267019748687744,0.25657111406326294,0.16573107242584229,0.47711387276649475
0.3911999762058258,0.21756698191165924,0.5252152681350708,0.19127808511257172,0.9088927507400513,0.004543863236904144,0.3527814745903015,3.676135301589966,1.7289046049118042,0.6620646715164185,0.1383727788925171,0.7531116604804993,0.41926735639572144,0.00039999998989515007,0.2798021733760834,0.08516442775726318,1.3891215324401855,3.5590736865997314,0.9165282249450684,0.5522274971008301,0.49619007110595703,1.373533844947815,0.26076653599739075,0.9632371068000793,0.4730871319770813,1.0075218677520752,0.29527077078819275,0.2164076566696167,0.203648641705513,0.676965057849884,0.07055474072694778,0.48225703835487366,0.5040117502212524,0.810202419757843,0.7156581878662109,1.9869543313980103,0.1817978024482727,0.3001970052719116,0.1738349199295044,0.415708988904953,0.6410155296325684,0.319084495306015,0.35036057233810425,0.44588133692741394,0.18110817670822144,1.3876229524612427,0.30101507902145386,0.6575322151184082,0.936393678188324,1.1458122730255127,1.3846150636672974,0.27806341648101807,0.30679386854171753,2.068678140640259,0.4625641405582428,0.3535124957561493,0.6358543634414673
0.6083436608314514,1.049234390258789,0.7072533965110779,0.2821134030818939,1.3330239057540894,0.24813947081565857,0.28075122833251953,3.5211234092712402,0.5580726861953735,0.30681419372558594,1.0752322673797607,0.32965871691703796,1.3779101371765137,0.00039999998989515007,0.9230608344078064,0.22207412123680115,2.4169387817382812,2.916456460952759,1.1381254196166992,0.1700732707977295,0.947074830532074,1.6589456796646118,0.1645418256521225,1.1012718677520752,0.26862502098083496,0.5402091145515442,0.1572784036397934,0.8830279111862183,0.29889848828315735,0.055236704647541046,0.8208253979682922,0.4154376983642578,0.2211838662624359,0.3682374954223633,1.2009766101837158,1.9573665857315063,0.9457293748855591,0.07999014854431152,0.11015097796916962,0.6101832389831543,0.7402966618537903,0.1642676144838333,0.3143344521522522,0.33481791615486145,0.9136077165603638,0.7886025309562683,0.16380314528942108,0.5143595933914185,0.6855967044830322,1.4171315431594849,0.8342872858047485,0.3809327483177185,0.21054309606552124,1.1175131797790527,0.3781930208206177,0.5543713569641113,0.5753192901611328
0.32376202940940857,0.347287654876709,0.1660413295030594,0.5121443867683411,0.14462611079216003,0.6604419946670532,0.024043172597885132,2.746063709259033,2.1788718700408936,0.22327658534049988,0.3460525870323181,0.6780762076377869,0.32623037695884705,0.00039999998989515007,0.14993217587471008,0.4366928040981293,2.000816583633423,2.169114589691162,0.5418548583984375,0.10680016875267029,0.3066088557243347,1.7528460025787354,1.4025856256484985,0.8855466246604919,1.1027957201004028,0.9011732935905457,0.9025583267211914,0.37556198239326477,0.23675164580345154,1.4926185607910156,0.5235472321510315,0.34160351753234863,0.5695602297782898,0.8227589726448059,0.7143634557723999,1.0942903757095337,1.0241137742996216,0.24475665390491486,0.1090601310133934,0.8218123912811279,0.6552693247795105,1.0987472534179688,0.5695497989654541,0.032158419489860535,0.7196884155273438,0.5276111960411072,0.6047799587249756,1.5966747999191284,1.5992246866226196,1.2626737356185913,0.7752912044525146,1.1405502557754517,0.8038606643676758,1.4215325117111206,0.33577102422714233,0.6594288349151611,1.8841272592544556
0.024019567295908928,0.08475030213594437,0.20076212286949158,0.7217512726783752,0.4078691601753235,0.23673006892204285,0.8384302854537964,3.799678325653076,1.352219581604004,1.2963019609451294,1.104180097579956,0.5364841818809509,0.826359748840332,0.00039999998989515007,1.4130604267120361,0.014261344447731972,1.1613582372665405,3.6420507431030273,0.9007348418235779,0.17995360493659973,0.41008272767066956,1.5391430854797363,0.04729706421494484,1.1256299018859863,0.611312985420227,0.5083110332489014,0.6198700666427612,0.08999289572238922,0.2252584546804428,0.4828777015209198,0.027791794389486313,0.7772940397262573,0.5069119334220886,0.053142912685871124,0.3386768698692322,1.4583237171173096,1.088247299194336,0.1380547285079956,0.1310170590877533,0.6890758275985718,0.29760199785232544,0.12511593103408813,0.51280677318573,0.8416773080825806,0.18346279859542847,1.475649356842041,0.08922998607158661,0.7461304664611816,0.33173665404319763,1.547326683998108,1.1411941051483154,0.2397300899028778,0.06692446023225784,1.3997617959976196,0.5017197728157043,0.3008480966091156,0.33259889483451843
0.2488178163766861,1.0128599405288696,0.2765805423259735,0.2598378658294678,1.2559785842895508,0.3986963629722595,0.7502965331077576,4.032934188842773,1.3241854906082153,1.207917332649231,0.6720551252365112,0.38509199023246765,1.2448337078094482,0.00039999998989515007,0.8564959168434143,0.03548379987478256,1.3919799327850342,3.4326400756835938,1.7266929149627686,0.14895986020565033,0.5082991719245911,1.3503286838531494,0.028963051736354828,0.803486168384552,0.30869168043136597,1.3956272602081299,0.20542533695697784,0.20985384285449982,0.23530611395835876,0.31374016404151917,0.6548987627029419,0.5490580797195435,0.10495947301387787,0.3639228940010071,0.7706148624420166,1.80892813205719,0.9363329410552979,0.10101809352636337,0.008418952114880085,0.40579989552497864,0.17444898188114166,0.1173977479338646,0.03713555261492729,0.7539870738983154,0.001296093687415123,0.9450260400772095,0.2686634659767151,0.9192177653312683,0.2992311120033264,0.7056497931480408,0.6304616928100586,0.0904562696814537,0.4219573438167572,1.3973524570465088,0.35060644149780273,0.18575939536094666,0.07748543471097946
0.6191819310188293,0.6815564632415771,1.812349557876587,1.0016400814056396,0.9765636324882507,0.14120492339134216,0.6656246185302734,3.489452362060547,0.37568938732147217,0.3760194182395935,0.36765575408935547,0.22322866320610046,0.3993700444698334,0.00039999998989515007,0.6713050603866577,0.7908886075019836,0.9103860855102539,3.2107598781585693,1.3623472452163696,0.9866651892662048,0.6690906882286072,1.8098691701889038,0.850439727306366,0.5169616341590881,0.6830698847770691,1.2886242866516113,0.3592572808265686,0.1120147630572319,1.0226430892944336,0.5571874380111694,0.5524002313613892,0.5820125937461853,0.7558200359344482,0.07027645409107208,0.27721336483955383,2.288203477859497,0.3409741520881653,1.1983542442321777,0.6011797189712524,0.4367181956768036,0.032184530049562454,0.4589349031448364,0.29888680577278137,0.31779345870018005,1.2317304611206055,0.8911092877388,1.2221179008483887,0.2833847999572754,0.9513816237449646,0.13551917672157288,0.20604923367500305,0.22207510471343994,0.2651233971118927,0.7601379156112671,0.7714405655860901,0.6775995492935181,0.339906245470047
0.2313683182001114,0.026906998828053474,0.11267367005348206,0.3307090699672699,1.096219539642334,0.3835088312625885,0.6920322775840759,4.077091217041016,1.6231497526168823,1.2288343906402588,0.5482053756713867,0.3922855257987976,1.1055470705032349,0.00039999998989515007,0.037899211049079895,0.0069045089185237885,1.4190627336502075,3.388463020324707,0.5977939963340759,0.521192193031311,0.6887327432632446,1.0777136087417603,0.3051200211048126,0.9928184747695923,0.839238703250885,1.1853063106536865,0.7373281717300415,0.08529415726661682,0.9562129974365234,0.06593374162912369,0.4214421212673187,0.07364979386329651,0.19256125390529633,1.4667315483093262,0.41585370898246765,1.8005963563919067,0.2529696822166443,0.13894180953502655,0.0032051459420472383,0.61385577917099,0.5511970520019531,0.046279098838567734,0.7816410660743713,0.9266897439956665,0.06202045828104019,0.4739263355731964,0.3048070967197418,0.49126654863357544,0.42900949716567993,0.8269175887107849,0.340181827545166,0.20846858620643616,0.5605829954147339,1.8928602933883667,0.5872841477394104,0.420232355594635,0.7052232623100281
0.5038011074066162,0.6720060706138611,0.41788238286972046,0.633974552154541,1.1224346160888672,0.14405308663845062,0.7695208191871643,4.220454692840576,1.6677783727645874,0.8628523945808411,0.13966524600982666,0.02372707985341549,0.3786942660808563,0.00039999998989515007,0.46627578139305115,0.07831711322069168,0.8485926389694214,3.5104403495788574,1.814947485923767,0.3592670261859894,0.19549724459648132,1.06657874584198,0.23262731730937958,0.36600327491760254,0.2520180642604828,1.795304298400879,0.441841721534729,0.6164135336875916,0.08826830983161926,0.038590237498283386,1.0093837976455688,0.12431865930557251,0.07039018720388412,0.5532997846603394,0.6626909971237183,1.6843599081039429,0.758901834487915,0.3821828365325928,0.08680129796266556,0.14686264097690582,0.26517874002456665,0.051697202026844025,0.2492988407611847,0.9188286662101746,0.1653466671705246,0.5261966586112976,0.2206166535615921,0.5634994506835938,0.10438153892755508,0.24740558862686157,0.9524040818214417,0.2482442408800125,0.5299276113510132,2.0333220958709717,0.6576153635978699,0.5981504917144775,0.06775160878896713
1.0756666660308838,0.2628428041934967,0.7160826325416565,1.2772964239120483,1.4069074392318726,0.3621236979961395,0.10273616015911102,4.199141025543213,0.8799957633018494,0.12371215969324112,0.3609575033187866,0.34296396374702454,0.19006288051605225,0.00039999998989515007,0.3191472887992859,1.2238303422927856,1.14620041847229,3.5103652477264404,1.9000649452209473,0.8021657466888428,0.1958690881729126,1.1679414510726929,0.08185280859470367,0.3298822343349457,0.1580582559108734,1.7405316829681396,0.5543693900108337,0.08993112295866013,0.8887935876846313,0.14315545558929443,0.9083161950111389,0.22658208012580872,0.36189955472946167,0.4528975188732147,0.11446579545736313,2.337092399597168,0.6046142578125,0.5629606246948242,0.6806188821792603,0.3046518862247467,0.27754926681518555,0.21927356719970703,0.20675188302993774,0.04933127015829086,0.7350783944129944,0.0337618887424469,0.03978714719414711,0.04281262308359146,0.44553643465042114,0.3611767590045929,0.0582442581653595,0.5284548401832581,0.2901533842086792,0.7929922342300415,0.42264020442962646,0.5073139071464539,0.04663610830903053
0.08049318939447403,0.2372015118598938,0.5258652567863464,0.44605153799057007,0.6880295276641846,0.14264415204524994,0.9003167748451233,4.0578837394714355,2.283357620239258,0.7903642058372498,0.0785437673330307,0.07958284765481949,0.3162843585014343,0.00039999998989515007,0.08980440348386765,0.13077625632286072,0.7255153059959412,4.265286922454834,0.6560101509094238,0.17519186437129974,0.1450013965368271,1.3095977306365967,0.8956134915351868,0.6149490475654602,0.6891584992408752,0.4975471794605255,0.3921290338039398,0.08014820516109467,0.36378246545791626,0.5171033143997192,0.012286847457289696,0.45736896991729736,0.3020806610584259,0.516423761844635,0.4026263356208801,1.4417266845703125,0.20215009152889252,0.3290369212627411,0.21682460606098175,0.19259914755821228,0.1751895546913147,0.22481761872768402,0.13532236218452454,0.7541196942329407,0.14705204963684082,0.9077743291854858,0.5462676286697388,0.8644504547119141,0.927140474319458,0.4318874180316925,0.42331835627555847,0.22153222560882568,0.3291013538837433,2.1514437198638916,0.6731037497520447,0.8059961199760437,0.6745615601539612
0.4957244396209717,1.1876779794692993,1.12923264503479,0.33509254455566406,1.260980486869812,0.19168929755687714,0.6827322244644165,3.9977734088897705,1.1335209608078003,0.10732869803905487,0.40701058506965637,0.8073650002479553,0.6046889424324036,0.00039999998989515007,0.3076940178871155,0.08198396116495132,1.6832422018051147,3.249582290649414,0.3943451941013336,0.41481727361679077,0.18913033604621887,1.7517377138137817,1.085172414779663,0.6754393577575684,1.0668108463287354,0.22641496360301971,0.38629040122032166,0.5885968804359436,0.31207650899887085,0.8678668737411499,0.002238767920061946,0.6693443059921265,0.9142709970474243,0.9501796364784241,0.36738213896751404,1.856638789176941,0.0725838765501976,0.2960643768310547,0.4019854962825775,0.7666881680488586,0.44909924268722534,0.24556684494018555,0.25027909874916077,0.31451988220214844,1.0327609777450562,1.1736032962799072,0.3898608982563019,0.4187872111797333,1.0529975891113281,0.3780899941921234,0.14558672904968262,0.9064055681228638,0.10772355645895004,1.0495927333831787,0.6386901140213013,0.5945197939872742,1.0869721174240112
0.1885528862476349,0.5017585158348083,0.4165855944156647,0.41058656573295593,0.48682960867881775,0.21657533943653107,0.3987383544445038,4.30246639251709,2.6122138500213623,1.0584813356399536,0.3653653562068939,0.04447975754737854,0.623213529586792,0.00039999998989515007,0.44813498854637146,0.11723923683166504,1.0558066368103027,3.529874801635742,0.48405125737190247,0.22104555368423462,0.5859432816505432,0.9404187798500061,0.563562273979187,1.3487484455108643,1.0165634155273438,0.47152578830718994,0.3861166834831238,0.004745068959891796,0.8250521421432495,0.4432176649570465,0.18592584133148193,0.37340304255485535,0.13428227603435516,1.105355978012085,0.16068516671657562,1.2704519033432007,0.01735604740679264,0.23186349868774414,0.08967002481222153,0.19418300688266754,0.5469716787338257,0.22801361978054047,0.016862673684954643,0.4617432951927185,0.28059622645378113,0.5225580930709839,0.22156816720962524,0.9453058838844299,0.9096382856369019,0.8973656296730042,0.6410952210426331,0.6364210844039917,0.23979543149471283,1.8409855365753174,0.7805993556976318,0.8020246624946594,0.9505000114440918
0.5119461417198181,0.2566341757774353,0.18937700986862183,0.546890139579773,1.1584324836730957,0.5115078687667847,0.7819689512252808,4.292718410491943,1.7458449602127075,1.143278956413269,0.16965684294700623,0.26897406578063965,0.4177566468715668,0.00039999998989515007,0.08484425395727158,0.12274354696273804,0.8060069680213928,3.7067859172821045,0.8980950117111206,0.03789394348859787,0.12210303544998169,1.0121349096298218,0.4229680597782135,0.6243159174919128,0.3693087100982666,1.476712703704834,0.09273013472557068,0.47234904766082764,0.8792338371276855,0.09015367180109024,0.9022840857505798,0.01639457792043686,0.08951354771852493,1.1770808696746826,0.048500608652830124,1.386073112487793,0.39912283420562744,0.1679215133190155,0.18539097905158997,1.2181450128555298,0.2876704931259155,0.04638614133000374,0.47897523641586304,1.0834972858428955,0.32262730598449707,0.14277240633964539,0.5314940214157104,0.4979240298271179,0.23642657697200775,0.2767893075942993,0.3903203010559082,0.23289522528648376,0.47080227732658386,2.266263246536255,0.8070449233055115,0.5264889597892761,0.23851308226585388
0.18817101418972015,0.003674246370792389,0.09284311532974243,0.4413083493709564,0.7114174365997314,0.39058980345726013,0.8685218095779419,4.600915431976318,1.526184320449829,1.218282699584961,0.48205140233039856,0.2970902621746063,0.786788284778595,0.00039999998989515007,0.1245652437210083,0.03298484906554222,0.9867233633995056,3.780797004699707,0.7746361494064331,0.3855031430721283,0.6439484357833862,1.0285264253616333,0.2624257206916809,0.544132649898529,0.44804084300994873,1.6899198293685913,0.5522052049636841,0.2895362377166748,0.8843286037445068,0.023565690964460373,0.5586836934089661,0.07306548207998276,0.24586184322834015,1.1447604894638062,0.35091114044189453,1.4839332103729248,0.4224279820919037,0.025054708123207092,0.07157411426305771,0.5034806728363037,0.25820913910865784,0.20843593776226044,0.7504100203514099,0.9946510791778564,0.24687491357326508,0.5183953046798706,0.5819323658943176,0.3384074568748474,0.021010437980294228,0.342388778924942,0.47228071093559265,0.010224755853414536,0.42313745617866516,1.8156957626342773,0.6982290148735046,0.5832223296165466,0.3883999288082123
0.21750998497009277,0.017378615215420723,0.08586280047893524,0.8310525417327881,0.8736608028411865,0.1660800725221634,0.5777094960212708,4.945245265960693,1.3814200162887573,0.6494026184082031,0.48882749676704407,0.07231622189283371,0.5476471185684204,0.00039999998989515007,0.36778825521469116,0.36207443475723267,1.509824275970459,3.7224783897399902,1.0975688695907593,0.5778928399085999,0.2321886569261551,1.3113738298416138,0.07239723950624466,0.7228084206581116,0.926838755607605,1.1373900175094604,0.23507826030254364,0.06654729694128036,0.3698817491531372,0.5259190201759338,0.4006196856498718,0.29315319657325745,0.1660258173942566,0.9010178446769714,0.15369805693626404,1.9378949403762817,0.5535107254981995,0.29334837198257446,0.00013905629748478532,0.09191136807203293,0.433912456035614,0.2021075040102005,0.39056000113487244,0.4536837041378021,0.13366281986236572,0.6281355619430542,0.13650988042354584,0.5890820622444153,0.3895452916622162,0.6639001965522766,0.5551585555076599,0.06410010904073715,0.33065590262413025,1.3840175867080688,0.026251155883073807,0.26916012167930603,0.5154526829719543
0.05707555264234543,0.12186204642057419,0.03067968599498272,0.8471471667289734,1.155285358428955,0.20324388146400452,0.3809269070625305,4.900351047515869,1.4492287635803223,0.7352572679519653,0.4927408993244171,0.058969296514987946,0.6606609225273132,0.00039999998989515007,0.494586706161499,0.3857235610485077,1.4377654790878296,3.8805365562438965,0.8483467698097229,0.29244956374168396,0.31628143787384033,1.121413230895996,0.016506750136613846,1.0328280925750732,0.8463560342788696,0.9693548679351807,0.11690564453601837,0.3403208255767822,0.4195959270000458,0.28275066614151,0.30110397934913635,0.25444215536117554,0.30303242802619934,1.1533864736557007,0.22359825670719147,1.8174065351486206,0.713739275932312,0.00797195266932249,0.25750699639320374,0.12139902263879776,0.5546428561210632,0.10430402308702469,0.12213929742574692,0.33719247579574585,0.20728586614131927,0.5644533038139343,0.17842160165309906,0.26534777879714966,0.40994134545326233,0.8653973937034607,0.43074873089790344,0.021620383486151695,0.1058364138007164,1.34517240524292,0.3664691746234894,0.04815416410565376,0.48237064480781555
0.04250031337141991,0.35597702860832214,0.22878028452396393,0.5622987151145935,0.8057249188423157,0.1524512618780136,0.6486901044845581,4.745316982269287,1.7051665782928467,0.7150277495384216,0.4053517282009125,0.1145334467291832,0.37570497393608093,0.00039999998989515007,0.035479817539453506,0.24316191673278809,1.0758044719696045,4.216497421264648,1.1371877193450928,0.682772696018219,0.2849302887916565,1.0562626123428345,0.030556878075003624,0.3565596640110016,0.5373310446739197,1.095055103302002,0.04389520734548569,0.11509791016578674,0.33913496136665344,0.31928855180740356,0.2568075954914093,0.009023267775774002,0.34818288683891296,0.7231476902961731,0.5093677639961243,1.8229880332946777,0.2818742096424103,0.350979208946228,0.03783971071243286,0.10560723394155502,0.10556253790855408,0.15583287179470062,0.2666926980018616,0.527601420879364,0.16993001103401184,0.6734163165092468,0.1329248696565628,0.4482313096523285,0.45488840341567993,0.36415553092956543,0.48776307702064514,0.14973050355911255,0.6288324594497681,1.851905107498169,0.4725639522075653,0.7717258334159851,0.18955621123313904
1.156848669052124,0.5933479070663452,0.0634034052491188,1.1768624782562256,0.907899796962738,0.6246793866157532,0.21463817358016968,4.684530735015869,0.9971544742584229,0.40660274028778076,0.011893389746546745,0.43490442633628845,0.26856082677841187,0.00039999998989515007,0.16228818893432617,1.151267409324646,0.9374883770942688,3.172023296356201,1.7568398714065552,0.7213443517684937,0.0057267737574875355,0.6400444507598877,0.14825576543807983,0.2838650047779083,0.10776326060295105,2.3527653217315674,0.5940114855766296,0.8058652877807617,0.18063688278198242,0.0072788880206644535,1.093847632408142,0.11333482712507248,0.4706480801105499,0.8966405987739563,0.37900683283805847,1.8961937427520752,0.435932457447052,0.422168493270874,0.1400718092918396,1.3072727918624878,0.4015868902206421,0.19829028844833374,0.4069073498249054,0.26824212074279785,0.013144356198608875,0.23580040037631989,0.389129638671875,0.21993125975131989,0.13151469826698303,0.015293792821466923,0.02966775931417942,0.6035782694816589,0.12354989349842072,1.1884363889694214,0.032944630831480026,0.21975822746753693,0.13229145109653473
0.13712665438652039,0.005585573613643646,0.08589542657136917,0.68438720703125,0.5846925973892212,0.14752309024333954,0.7399806976318359,5.03369665145874,1.5155900716781616,0.762010395526886,0.47288593649864197,0.11007560044527054,0.3297911286354065,0.00039999998989515007,0.1949116736650467,0.4006863832473755,1.3695745468139648,3.8351633548736572,1.151060700416565,0.5733433961868286,0.39924851059913635,1.0852200984954834,0.10908414423465729,0.5918552279472351,0.771041214466095,1.2353426218032837,0.040476758033037186,0.19224393367767334,0.6708927154541016,0.5343510508537292,0.39298170804977417,0.05116917937994003,0.27758437395095825,0.8682447671890259,0.21403121948242188,1.7677685022354126,0.37196746468544006,0.22245924174785614,0.1209254115819931,0.2379380613565445,0.3926011025905609,0.33765459060668945,0.45688408613204956,0.4820576608181,0.1822034865617752,0.6623938679695129,0.12378255277872086,0.4027250409126282,0.25746995210647583,0.6309754848480225,0.5068119168281555,0.22293372452259064,0.5175433158874512,1.615796446800232,0.1947706937789917,0.4964926242828369,0.3334899842739105
0.21334373950958252,0.08401767164468765,0.26182958483695984,0.5053445100784302,0.6212956309318542,0.33129459619522095,0.8412198424339294,4.86467170715332,1.4624404907226562,1.14400315284729,0.5229538679122925,0.40923500061035156,0.7522526383399963,0.00039999998989515007,0.0797567367553711,0.10975737124681473,0.980328381061554,3.78371000289917,0.7796859741210938,0.40380364656448364,0.6326336860656738,0.9260926246643066,0.17780011892318726,0.4798487722873688,0.5146918296813965,1.7314841747283936,0.4542684853076935,0.259357213973999,0.982063889503479,0.023093219846487045,0.5849630832672119,0.014149880036711693,0.24547776579856873,1.1501836776733398,0.2314033806324005,1.4287867546081543,0.4468632638454437,0.0033382358960807323,0.046190064400434494,0.5976123809814453,0.21948349475860596,0.22744737565517426,0.7253450155258179,0.9098771810531616,0.31561073660850525,0.34170880913734436,0.6013090014457703,0.27692869305610657,0.09053077548742294,0.2525941729545593,0.3247964382171631,0.023632574826478958,0.41562142968177795,1.6929184198379517,0.6705194115638733,0.5851139426231384,0.3479363024234772
0.30475595593452454,0.6537399291992188,0.6759697794914246,0.5365054607391357,1.1329522132873535,0.10601315647363663,0.7055344581604004,4.737390518188477,0.6543107628822327,0.07980004698038101,0.17907096445560455,0.24879388511180878,0.6683599948883057,0.00039999998989515007,0.33638235926628113,0.23326332867145538,1.6004716157913208,3.4605870246887207,0.2984395921230316,0.2961200177669525,0.0323653519153595,1.6416200399398804,0.8363423347473145,0.41533204913139343,1.3958172798156738,0.9112095236778259,0.6502839922904968,0.5430174469947815,0.4472816288471222,0.9060059189796448,0.4134073555469513,0.5314875841140747,0.8677089214324951,1.1271828413009644,0.118825763463974,1.8061610460281372,0.09412067383527756,0.19710654020309448,0.3812302052974701,0.046885229647159576,0.580544650554657,0.18807509541511536,0.13504470884799957,0.2381058782339096,1.0467873811721802,0.8066351413726807,0.6772899627685547,0.4265129566192627,0.6068117618560791,0.1830236315727234,0.00038646318716928363,0.636773943901062,0.09404703229665756,0.9491183757781982,0.6030396223068237,0.45526155829429626,1.096648931503296
1.2113693952560425,0.9193753004074097,0.19002388417720795,1.0947537422180176,0.7308415174484253,0.16480641067028046,0.31048232316970825,4.678197860717773,1.0637766122817993,0.07961654663085938,0.1332119107246399,0.2403562068939209,0.3424805998802185,0.00039999998989515007,0.43348178267478943,1.6463007926940918,1.1804146766662598,3.492645263671875,1.617454171180725,0.9965157508850098,0.03561360761523247,0.528976321220398,0.24374625086784363,0.4903545677661896,0.4401537775993347,1.6477779150009155,0.7501463294029236,0.20257394015789032,0.04864494875073433,0.25078457593917847,0.500796914100647,0.1617036759853363,0.5662218928337097,0.6847273111343384,0.4451965093612671,2.2018094062805176,0.16562752425670624,0.5366137623786926,0.10979408770799637,0.8838554620742798,0.3803129196166992,0.3239552676677704,0.17248350381851196,0.32708612084388733,0.1321973353624344,0.25216156244277954,0.004400821402668953,0.1500633955001831,0.5470539927482605,0.7407276034355164,0.07768578082323074,0.582200825214386,0.2711380124092102,1.122374415397644,0.37614694237709045,0.2539915442466736,0.002594457706436515
0.497167706489563,0.1702616810798645,0.28011155128479004,0.7561099529266357,0.4090282618999481,0.375962495803833,0.6460381150245667,5.11137580871582,1.539235234260559,0.5782508254051208,0.4079429805278778,0.03328455984592438,0.2122725248336792,0.00039999998989515007,0.12995094060897827,0.3665448725223541,1.043304681777954,3.8060617446899414,1.1458547115325928,0.5975757241249084,0.20405267179012299,1.0781521797180176,0.05357825756072998,0.3661079704761505,0.8471660017967224,1.5515176057815552,0.015875253826379776,0.3683767020702362,0.7220653891563416,0.6286774277687073,0.4444693624973297,0.09481171518564224,0.37595781683921814,0.7372545599937439,0.05124591663479805,1.7425864934921265,0.3108031451702118,0.2823238670825958,0.1854771226644516,0.14007581770420074,0.2499011754989624,0.4431150555610657,0.4750545620918274,0.4208526611328125,0.2634144425392151,0.5591444969177246,0.28470802307128906,0.550876796245575,0.16888661682605743,0.2869093716144562,0.6101648211479187,0.00194835988804698,0.4720025062561035,1.6172469854354858,0.3329589366912842,0.6461819410324097,0.37511754035949707
0.28154581785202026,0.15008977055549622,0.23908409476280212,0.5177367925643921,0.263624906539917,0.49898532032966614,0.5971224308013916,5.02645206451416,1.379480004310608,0.5419279932975769,0.5624399781227112,0.143451988697052,0.38859331607818604,0.00039999998989515007,0.03421935439109802,0.3767828047275543,1.0688283443450928,4.060801982879639,1.141585111618042,0.6654255986213684,0.3083559274673462,1.1308627128601074,0.10160984843969345,0.18575844168663025,0.568719744682312,1.5095915794372559,0.15101736783981323,0.2330780327320099,0.6057152152061462,0.49694597721099854,0.47590672969818115,0.0766240730881691,0.1070018783211708,0.5319888591766357,0.17541232705116272,1.6436032056808472,0.37606438994407654,0.4929737448692322,0.2907709777355194,0.04333583265542984,0.013278024271130562,0.551763117313385,0.5436537265777588,0.5186564326286316,0.21851083636283875,0.3935445547103882,0.5760768055915833,0.6864271759986877,0.16083240509033203,0.3339291214942932,0.6717150211334229,0.12100310623645782,0.5009491443634033,1.6687871217727661,0.15407487750053406,0.8625044226646423,0.314510703086853
0.3133307993412018,0.130467489361763,0.14916124939918518,0.7493466734886169,0.5382162928581238,0.33379697799682617,0.6870989799499512,5.186182022094727,1.4084932804107666,0.6460409164428711,0.6682435274124146,0.39990970492362976,0.23183976113796234,0.00039999998989515007,0.3919270932674408,0.39360347390174866,1.1492112874984741,3.9599769115448,1.2867697477340698,0.5376574993133545,0.3029319941997528,1.2055710554122925,0.0038802791386842728,0.27121081948280334,0.6807689070701599,1.5051162242889404,0.004269233904778957,0.1853571981191635,0.5090334415435791,0.35629940032958984,0.6785821914672852,0.03051208145916462,0.19208571314811707,0.7356662750244141,0.08917365223169327,1.6645572185516357,0.47865623235702515,0.22171130776405334,0.06701580435037613,0.1764049381017685,0.18075895309448242,0.2878240942955017,0.24355962872505188,0.4746076464653015,0.09961170703172684,0.29936057329177856,0.24009141325950623,0.46369504928588867,0.0313928946852684,0.26164335012435913,0.4813823699951172,0.21106426417827606,0.5573626160621643,1.3812106847763062,0.22533786296844482,0.6254916191101074,0.301442950963974
0.8082941770553589,0.9241702556610107,0.05812675133347511,1.2885862588882446,0.7745296955108643,0.4917670786380768,0.16193222999572754,4.922214031219482,0.8381578326225281,0.3227769732475281,0.3374766707420349,0.5377233028411865,0.09677886217832565,0.00039999998989515007,0.18532459437847137,1.4234673976898193,1.0416978597640991,3.523733615875244,1.554826259613037,0.9654229879379272,0.01219950895756483,0.6964583992958069,0.35043448209762573,0.3291262984275818,0.21754150092601776,1.9727399349212646,0.2511913478374481,0.10746831446886063,0.2209383249282837,0.2751007378101349,0.63582444190979,0.04297180473804474,0.13807165622711182,0.7300143837928772,0.5463842749595642,1.9464973211288452,0.661666214466095,0.7128549814224243,0.06547344475984573,0.5048550963401794,0.06349082291126251,0.32298076152801514,0.38772135972976685,0.0927610769867897,0.10891029983758926,0.46352770924568176,0.6323062777519226,0.10682318359613419,0.19449348747730255,0.3837389349937439,0.13201318681240082,0.6174778342247009,0.6144894957542419,0.7691075801849365,0.6067802906036377,0.318899929523468,0.13962861895561218
0.42123132944107056,0.25101184844970703,0.768103837966919,0.6337248682975769,0.07662663608789444,0.2680833041667938,1.060654640197754,4.562222480773926,1.8999642133712769,1.1912766695022583,0.5906817317008972,0.46608009934425354,0.3018096089363098,0.00039999998989515007,0.19932059943675995,0.05335402488708496,0.25521010160446167,3.496772050857544,1.049631953239441,0.31344613432884216,0.27657386660575867,0.7822278141975403,0.27407899498939514,0.09841884672641754,0.6996279954910278,1.8592220544815063,0.17015038430690765,0.7920397520065308,1.265248417854309,0.26180148124694824,0.6128626465797424,0.1289484053850174,0.21669813990592957,0.7121232151985168,0.2124459147453308,1.1971203088760376,0.18187426030635834,0.12543044984340668,0.09662510454654694,0.6568588614463806,0.01641295664012432,0.3676910400390625,0.6908860802650452,0.9518641829490662,0.7630130052566528,0.28462597727775574,0.6399423480033875,0.5845966339111328,0.31265103816986084,0.2400287389755249,0.3902709484100342,0.10150710493326187,0.8845661282539368,1.8351070880889893,0.8750051259994507,1.2074099779129028,0.26449301838874817
0.7615295648574829,0.3859550356864929,0.6363747119903564,0.5590648055076599,0.05861388519406319,0.7666661739349365,0.8370553255081177,4.549747467041016,1.961491346359253,0.5888083577156067,0.4733581840991974,0.258539617061615,0.10259918123483658,0.00039999998989515007,0.011185916140675545,0.2107311338186264,0.698922336101532,3.8294272422790527,1.153336524963379,0.5293811559677124,0.10918157547712326,0.9248183369636536,0.15457117557525635,0.2561807632446289,0.9418290853500366,1.150375247001648,0.10034754872322083,0.583265483379364,1.1195145845413208,0.7683984041213989,0.3587212562561035,0.1622716784477234,0.3512566387653351,0.6230864524841309,0.12945197522640228,1.515183925628662,0.1226613000035286,0.13891169428825378,0.3983512222766876,0.4470762610435486,0.18479230999946594,0.5987774729728699,0.44992125034332275,0.412802517414093,0.5697634816169739,0.44327476620674133,0.18093883991241455,0.7070124745368958,0.24211975932121277,0.3881421685218811,0.6330251097679138,0.16303156316280365,0.9925742149353027,1.9528926610946655,0.48263710737228394,1.2035540342330933,0.41413944959640503
1.4057655334472656,1.034754753112793,0.34463071823120117,1.2689443826675415,0.4944879114627838,0.21112333238124847,0.1252897083759308,4.623856067657471,0.9422058463096619,0.0636083334684372,0.41633227467536926,0.5184774994850159,0.22484780848026276,0.00039999998989515007,0.3345690369606018,1.32308030128479,0.8518261313438416,3.357452630996704,1.5919313430786133,1.2387882471084595,0.14551743865013123,0.7470380663871765,0.5456595420837402,0.034246478229761124,0.6019173264503479,2.145458936691284,0.32767733931541443,0.3763839304447174,0.09764145314693451,0.23237888514995575,0.6753438115119934,0.05732516944408417,0.389833927154541,0.5653829574584961,0.7219452857971191,2.177189350128174,0.2677284777164459,0.7617365717887878,0.26957058906555176,0.5274016857147217,0.06213265657424927,0.4859522581100464,0.5811392068862915,0.08496752381324768,0.05529589205980301,0.34626010060310364,0.4629822075366974,0.21436159312725067,0.23399443924427032,0.197145015001297,0.14523708820343018,0.48947641253471375,0.11683725565671921,1.0453218221664429,0.5120840668678284,0.15449421107769012,0.01468621101230383
0.3590039908885956,0.364669531583786,0.3016418218612671,1.24466073513031,0.6327937245368958,0.3865070641040802,0.8159312009811401,4.788830280303955,0.5845595598220825,0.9685708284378052,1.023352861404419,0.05614520609378815,1.1270145177841187,0.00039999998989515007,0.45406264066696167,0.9674814343452454,1.541232943534851,3.3370234966278076,0.6854497194290161,0.059038735926151276,0.13810467720031738,1.1011810302734375,0.2110266238451004,1.003759741783142,1.0347272157669067,0.7455925345420837,0.5565698742866516,0.3896297216415405,0.7183547616004944,0.27852967381477356,0.28447023034095764,0.4213120639324188,0.44503089785575867,0.6784789562225342,0.4500668942928314,1.4913685321807861,1.3414193391799927,0.2522423267364502,0.0907183438539505,0.4427188038825989,0.36886948347091675,0.22809742391109467,0.781542181968689,0.5381768345832825,0.15325553715229034,0.8172841668128967,1.030411720275879,0.01709771528840065,0.10507382452487946,1.2968705892562866,0.07280164957046509,0.3745890259742737,0.632449746131897,0.8630890250205994,0.8427005410194397,0.5237921476364136,0.09010505676269531
0.2768971621990204,0.21451391279697418,0.3026047646999359,0.8551681637763977,0.4772011935710907,0.2707139551639557,0.7134199738502502,5.040071964263916,1.4502280950546265,0.6716561317443848,0.6157189607620239,0.33943313360214233,0.3267788589000702,0.00039999998989515007,0.18067696690559387,0.45142310857772827,1.2698137760162354,3.782393455505371,1.177572250366211,0.747511625289917,0.3282526731491089,1.0844807624816895,0.1257881224155426,0.4335916340351105,0.8919304609298706,1.4308373928070068,0.08325169235467911,0.2003721296787262,0.7466332316398621,0.5179799199104309,0.43660956621170044,0.048334166407585144,0.2535150647163391,0.9197794198989868,0.03130291774868965,1.7749148607254028,0.4582476019859314,0.29273709654808044,0.22966904938220978,0.23855340480804443,0.2866748571395874,0.4140307605266571,0.5436228513717651,0.3887609839439392,0.24275466799736023,0.48588940501213074,0.2703484892845154,0.430295467376709,0.12111291289329529,0.47449445724487305,0.5060800909996033,0.23025813698768616,0.5447638034820557,1.491388201713562,0.1385856419801712,0.591358482837677,0.2996727526187897
0.2728257179260254,0.4530336856842041,0.40515756607055664,0.7816696166992188,0.6281688809394836,0.22411581873893738,0.4178547263145447,5.057277679443359,1.1810511350631714,0.4803045094013214,0.6610720753669739,0.42302951216697693,0.5244718194007874,0.00039999998989515007,0.2558727562427521,0.5836099982261658,1.7231091260910034,3.523050308227539,1.04295814037323,0.7956333756446838,0.45640066266059875,1.1387906074523926,0.24330446124076843,0.7019903063774109,0.9829120635986328,1.3742191791534424,0.21175599098205566,0.027113156393170357,0.737906277179718,0.5294036269187927,0.5102165937423706,0.1142989918589592,0.19025631248950958,1.2178453207015991,0.024998892098665237,1.8381353616714478,0.5853750705718994,0.25596511363983154,0.31549522280693054,0.29058122634887695,0.5024811029434204,0.40976858139038086,0.49950090050697327,0.19417834281921387,0.017676319926977158,0.24218639731407166,0.1290954053401947,0.4351857900619507,0.1934564709663391,0.7808676362037659,0.5392193794250488,0.15262864530086517,0.3688538074493408,1.2187179327011108,0.019228048622608185,0.2946256399154663,0.5408674478530884
0.011003995314240456,0.03523905947804451,0.14525236189365387,0.5324575304985046,0.9521660804748535,0.09812528640031815,0.25265753269195557,4.986954212188721,1.0573720932006836,0.03165797144174576,0.08072424679994583,0.04220905154943466,0.6998788118362427,0.00039999998989515007,0.33669573068618774,0.44915086030960083,1.6128572225570679,3.5626449584960938,0.532490611076355,0.5928406715393066,0.10996796190738678,1.4001328945159912,0.5203673243522644,0.5690020322799683,1.220703125,1.2515368461608887,0.5007244348526001,0.3865024745464325,0.48384130001068115,0.6347347497940063,0.3343721330165863,0.45522046089172363,0.747050940990448,1.389212727546692,0.08322568237781525,1.8046696186065674,0.2150261402130127,0.20755261182785034,0.08012285083532333,0.05027814581990242,0.5190691947937012,0.40879273414611816,0.020918039605021477,0.02790900319814682,0.7620296478271484,0.3428173363208771,0.6078125834465027,0.46419915556907654,0.6749318242073059,0.3473344147205353,0.2007579356431961,0.7681291699409485,0.06146324425935745,1.0070714950561523,0.6668733954429626,0.2622077465057373,1.0463420152664185
0.1526251882314682,0.2744801640510559,0.29657313227653503,0.8063257336616516,0.7265362739562988,0.00438041053712368,0.5579456686973572,4.863729476928711,1.4872350692749023,0.6516289114952087,0.5483513474464417,0.430380254983902,0.4938885569572449,0.00039999998989515007,0.05910324305295944,0.46709662675857544,1.2972960472106934,3.828979253768921,0.9618353247642517,0.8149228096008301,0.3890269696712494,0.9734385013580322,0.1798676699399948,0.5664790868759155,0.9172945618629456,1.4160287380218506,0.169282466173172,0.0010844002244994044,0.8411785364151001,0.38238123059272766,0.35035160183906555,0.007250816095620394,0.4287172555923462,1.2508662939071655,0.013983241282403469,1.8566722869873047,0.404966801404953,0.21405966579914093,0.21500854194164276,0.4248991906642914,0.36705970764160156,0.30845963954925537,0.5759711265563965,0.3310961425304413,0.16209082305431366,0.4048108458518982,0.22421036660671234,0.2740291953086853,0.25949540734291077,0.5800982713699341,0.3748462498188019,0.13661491870880127,0.4747646450996399,1.5868637561798096,0.3622717261314392,0.48747727274894714,0.38054126501083374
0.19994616508483887,0.2649843096733093,0.0018604538636282086,0.584621012210846,1.4444210529327393,1.1313058137893677,0.3709785044193268,4.5223307609558105,1.2632814645767212,0.7513899803161621,0.1879308670759201,0.12546594440937042,0.5429505705833435,0.00039999998989515007,0.014147567562758923,0.06843128055334091,1.468927025794983,3.0699234008789062,0.7899150252342224,0.5174791216850281,0.670923113822937,0.636646568775177,0.14075247943401337,0.8350933194160461,0.17922978103160858,1.874376893043518,0.25143730640411377,0.30719926953315735,0.726128876209259,0.028803059831261635,0.6915192008018494,0.01630636304616928,0.8993513584136963,2.074117660522461,0.5664138197898865,1.4542086124420166,0.7965183854103088,0.11007730662822723,0.09238071739673615,0.9105681777000427,0.8190032243728638,0.11755083501338959,0.15242087841033936,0.25778672099113464,0.11468929052352905,0.441816508769989,0.22802971303462982,0.4308928847312927,0.17882254719734192,0.0765044242143631,0.6347104907035828,0.16349424421787262,0.19076837599277496,1.5140889883041382,1.4897056818008423,0.1064697653055191,0.21532046794891357
0.0536375492811203,0.13161201775074005,0.9217222929000854,0.8369624614715576,0.30750325322151184,0.9313222765922546,0.8719703555107117,4.466157913208008,1.2168147563934326,1.1093945503234863,1.4631508588790894,0.006900778040289879,0.7821080684661865,0.00039999998989515007,1.1011549234390259,0.7537254691123962,0.8727524876594543,3.5553524494171143,1.59251070022583,0.14261117577552795,0.2490997612476349,0.8881113529205322,0.568780243396759,0.31659218668937683,0.4697248339653015,1.184029221534729,0.4098491072654724,0.12680278718471527,0.6713259220123291,0.6426591277122498,0.3604639768600464,0.24688352644443512,0.7230600118637085,0.48174363374710083,0.07460875809192657,1.2608052492141724,1.3208972215652466,0.20641864836215973,0.31611964106559753,0.13996589183807373,0.39497992396354675,0.18676701188087463,0.48720887303352356,0.6776003837585449,0.3493514060974121,0.7123396396636963,0.5079182982444763,0.7687126994132996,0.5321744680404663,0.6047589778900146,0.5065768957138062,0.23353245854377747,0.746176540851593,1.3118772506713867,0.2221212238073349,1.0841103792190552,0.24540555477142334
0.33273446559906006,0.35022640228271484,0.49436670541763306,0.8046379089355469,0.4517185389995575,0.243262380361557,0.6655449271202087,4.7373504638671875,1.5296123027801514,0.6939799189567566,0.6773291826248169,0.4972672462463379,0.3738391697406769,0.00039999998989515007,0.075846828520298,0.4736980199813843,1.2947182655334473,3.593290090560913,1.1564991474151611,0.9153617024421692,0.4273405969142914,0.9847766160964966,0.2357674390077591,0.4764600098133087,0.9400712847709656,1.5448144674301147,0.1237422451376915,0.2746898829936981,0.9509369134902954,0.5144318342208862,0.4276631772518158,0.031077465042471886,0.32359617948532104,1.1263785362243652,0.0893363431096077,1.8234455585479736,0.37891292572021484,0.23986224830150604,0.414791464805603,0.4551726281642914,0.35033950209617615,0.46633103489875793,0.6961321234703064,0.35751602053642273,0.3172614872455597,0.4279104471206665,0.22744280099868774,0.3997529149055481,0.13692645728588104,0.5795369744300842,0.5172271132469177,0.19470450282096863,0.6659736037254333,1.605538249015808,0.2193434238433838,0.677248477935791,0.3570454716682434
0.338913232088089,0.35097113251686096,0.5140891671180725,0.8288239240646362,0.4860963225364685,0.18461762368679047,0.6904692649841309,4.771170139312744,1.4208089113235474,0.7032681703567505,0.6900736689567566,0.5550784468650818,0.38578474521636963,0.00039999998989515007,0.184144988656044,0.5140652060508728,1.4426709413528442,3.432999849319458,1.2252082824707031,0.8917977213859558,0.46380460262298584,1.0248372554779053,0.1913267821073532,0.5233572125434875,0.9285547137260437,1.6158766746520996,0.1091773584485054,0.33899879455566406,0.9529486298561096,0.5220168232917786,0.554387092590332,0.0062689706683158875,0.27407532930374146,1.2002007961273193,0.10055927187204361,1.80646812915802,0.47232717275619507,0.20692454278469086,0.40534165501594543,0.5661212205886841,0.43674686551094055,0.455953449010849,0.6832910776138306,0.3554503917694092,0.24448458850383759,0.3757336437702179,0.22039125859737396,0.36937829852104187,0.036634135991334915,0.590462327003479,0.5172916650772095,0.22224381566047668,0.6607046723365784,1.487504005432129,0.1705884486436844,0.5583521723747253,0.38236764073371887
0.7124221920967102,0.5988544821739197,0.7630417943000793,0.8243271708488464,0.2204785794019699,0.42621368169784546,0.655555784702301,4.5614495277404785,1.5646278858184814,0.6341171860694885,0.67303866147995,0.5222365856170654,0.22726789116859436,0.00039999998989515007,0.10931245237588882,0.4581070840358734,1.1496710777282715,3.237297534942627,1.2137731313705444,0.970156192779541,0.3711818754673004,0.9533517360687256,0.2162906378507614,0.39835619926452637,1.050373911857605,1.8006726503372192,0.14441698789596558,0.6015196442604065,1.1300183534622192,0.6385101675987244,0.5230196714401245,0.03073197603225708,0.3469280004501343,1.0926897525787354,0.35499653220176697,1.7887015342712402,0.24973322451114655,0.20159782469272614,0.5729889869689941,0.5809755325317383,0.3826741874217987,0.6167939901351929,0.8184546828269958,0.33753761649131775,0.43673908710479736,0.33602407574653625,0.2699185907840729,0.5323299765586853,0.04594021663069725,0.4637397825717926,0.6250179409980774,0.08538904041051865,0.7327827215194702,1.5916072130203247,0.2096002995967865,0.7722475528717041,0.45286571979522705
0.34491434693336487,1.148272156715393,1.2873095273971558,0.6736968755722046,0.17716047167778015,0.34887006878852844,0.7294571995735168,3.6729681491851807,0.8122245073318481,1.2990367412567139,1.7496546506881714,1.0158026218414307,1.11555814743042,0.00039999998989515007,1.1413577795028687,0.6427404880523682,1.8576586246490479,2.4955379962921143,0.7405427694320679,0.3210320472717285,0.9666241407394409,0.7215574979782104,0.7735911011695862,1.276472806930542,0.8956909775733948,0.3503039479255676,0.7034466862678528,0.08846686035394669,1.3587987422943115,0.2267693430185318,0.2524672746658325,0.01320621557533741,1.1086890697479248,0.9151574969291687,0.06599874049425125,0.960664689540863,1.151753544807434,0.08573609590530396,0.7283138036727905,0.6620116829872131,0.4400835633277893,0.4209628701210022,1.0992424488067627,0.5625444054603577,0.37335771322250366,0.013523593544960022,0.1571868509054184,0.4493301808834076,0.283684104681015,2.003145694732666,0.3561989367008209,0.9767494201660156,0.5366924405097961,0.7550578713417053,1.1619300842285156,0.5063241720199585,0.32503947615623474
0.5368055105209351,0.6057711243629456,0.8314065933227539,0.5735849142074585,0.4973440170288086,0.18229402601718903,0.25848978757858276,4.576143741607666,1.020982027053833,0.30782678723335266,0.5851522088050842,0.2696450650691986,0.6285770535469055,0.00039999998989515007,0.009121708571910858,0.8003352284431458,1.7967376708984375,2.95998477935791,0.9690391421318054,0.9646113514900208,0.587883472442627,0.9013909101486206,0.3771209418773651,0.7560585141181946,0.9751685857772827,1.9661144018173218,0.15729129314422607,0.33389827609062195,1.1793783903121948,0.6490653157234192,0.6558990478515625,0.10556880384683609,0.4186558723449707,1.433842658996582,0.16023263335227966,1.918738603591919,0.5196487903594971,0.1565503180027008,0.6525235772132874,0.8113216757774353,0.6781358122825623,0.5429766774177551,0.775892972946167,0.030942240729928017,0.025907566770911217,0.21289223432540894,0.22351638972759247,0.3538663685321808,0.061372384428977966,0.7796247601509094,0.6587312817573547,0.24007916450500488,0.317366361618042,1.4328924417495728,0.28315091133117676,0.18977978825569153,0.6673249006271362
0.6225298047065735,0.3870847523212433,0.3814980983734131,0.28128358721733093,1.4123749732971191,1.3283177614212036,0.758671760559082,4.358260631561279,0.08869989961385727,0.45164215564727783,0.1373613178730011,0.44495779275894165,0.6932465434074402,0.00039999998989515007,0.14926838874816895,0.7527933120727539,2.5192883014678955,1.9895895719528198,0.8540350198745728,0.5439557433128357,0.8351669311523438,1.4024797677993774,0.5831015110015869,0.644636332988739,0.42978936433792114,1.6117031574249268,0.12299415469169617,0.21701204776763916,0.7287060618400574,0.4229360818862915,1.5790709257125854,0.021177498623728752,0.2723590135574341,2.068207025527954,0.31445443630218506,1.223600149154663,0.8538549542427063,0.2158462107181549,0.323924720287323,1.5476809740066528,0.937349796295166,0.1761118620634079,0.19634582102298737,0.49233877658843994,0.6481796503067017,0.23347078263759613,0.31028708815574646,0.26944398880004883,0.6768819689750671,0.3118753731250763,0.060601238161325455,0.08220190554857254,0.24799567461013794,0.960992693901062,0.41201841831207275,0.9181629419326782,0.3848734200000763
0.22968868911266327,0.13808217644691467,0.6037784814834595,0.9129819273948669,0.4672805964946747,0.130313903093338,0.3504984378814697,4.692662239074707,1.1088625192642212,0.8665885329246521,0.610650897026062,0.6531955599784851,0.9744565486907959,0.00039999998989515007,0.8354146480560303,0.35627248883247375,1.6590849161148071,3.0289466381073,0.7266348004341125,0.522650420665741,0.6390640735626221,0.7463169693946838,0.8229971528053284,1.1964268684387207,0.6320694088935852,1.3878850936889648,0.024898074567317963,0.09647095948457718,0.7974176406860352,0.623598039150238,0.10798689723014832,0.5020367503166199,0.14677473902702332,1.1156811714172363,0.20659209787845612,1.4628850221633911,1.5160044431686401,0.2826229929924011,0.6169703602790833,0.3871917724609375,0.5310781598091125,0.3059890568256378,0.7336158752441406,0.15415827929973602,0.42240771651268005,1.2951390743255615,0.17986159026622772,0.13248005509376526,0.15617579221725464,1.0436006784439087,1.2780512571334839,0.12957116961479187,0.17694976925849915,1.305101752281189,0.25714099407196045,0.13516440987586975,0.09285978972911835
1.6469703912734985,0.3912394642829895,0.1955132633447647,0.1993817836046219,0.4960189461708069,1.1041470766067505,0.769587516784668,4.31653356552124,0.9121463894844055,1.2475920915603638,0.16019076108932495,0.7133583426475525,1.600416898727417,0.00039999998989515007,0.16620752215385437,0.16139328479766846,1.711482286453247,2.9621453285217285,0.24379318952560425,0.12127000838518143,0.9409319162368774,0.7282015681266785,0.36243900656700134,1.3502901792526245,0.6987301707267761,0.7183823585510254,0.8307788372039795,0.45429670810699463,1.1852339506149292,0.26790934801101685,0.42455875873565674,0.5698210597038269,0.3288344740867615,1.4662319421768188,0.470782607793808,0.8238050937652588,1.0135712623596191,0.2561635971069336,0.08927811682224274,0.019439827650785446,0.6032584309577942,0.2912066578865051,0.5816141366958618,0.531738817691803,0.1658589392900467,1.3242974281311035,0.6510194540023804,0.20672018826007843,0.18239082396030426,1.2062939405441284,0.2692241072654724,0.681726336479187,0.4713864028453827,1.105072021484375,0.8710792660713196,0.4943244755268097,0.568877100944519
0.1345340460538864,0.43438956141471863,0.6079038381576538,0.7061768770217896,0.5643276572227478,0.06916120648384094,0.5724538564682007,4.749481201171875,1.714522361755371,0.8363792300224304,0.7293282747268677,0.5736812353134155,0.4507761299610138,0.00039999998989515007,0.24002118408679962,0.5933634042739868,1.4631376266479492,3.6918182373046875,1.1716464757919312,0.8054990768432617,0.5476093292236328,0.7600185871124268,0.3288414180278778,0.7430258393287659,0.7297461032867432,1.243644118309021,0.06865479797124863,0.10974793881177902,0.9220148324966431,0.20573727786540985,0.29911112785339355,0.14805525541305542,0.20701685547828674,1.2335773706436157,0.12564986944198608,1.6715584993362427,0.5078208446502686,0.10490608215332031,0.35631370544433594,0.5252212285995483,0.4302994906902313,0.3346494138240814,0.4621232748031616,0.263955295085907,0.42663565278053284,0.28774091601371765,0.0927371084690094,0.23259225487709045,0.21192355453968048,0.8613492250442505,0.5009363293647766,0.35660359263420105,0.6526404023170471,1.603978157043457,0.3124050498008728,0.6845644116401672,0.24266991019248962
0.053676921874284744,0.1591736525297165,0.08309853821992874,0.8296753764152527,0.7764259576797485,0.012077916413545609,0.7039324641227722,4.837749481201172,1.3090732097625732,0.47807708382606506,0.5159414410591125,0.45156022906303406,0.4707961678504944,0.00039999998989515007,0.2784775197505951,0.7255266904830933,1.4563096761703491,3.9454472064971924,0.9639260768890381,0.9180841445922852,0.21776607632637024,1.0595016479492188,0.1456034630537033,0.4403354525566101,0.9828745126724243,1.247550129890442,0.23593150079250336,0.20034565031528473,0.7085991501808167,0.2720508277416229,0.3009008467197418,0.0106615936383605,0.4626821279525757,1.1337287425994873,0.04708966985344887,1.9469021558761597,0.3002741038799286,0.415590763092041,0.17304503917694092,0.39068639278411865,0.3308759927749634,0.41219276189804077,0.6114858984947205,0.2626739740371704,0.02222759649157524,0.4754810929298401,0.48850107192993164,0.1657283455133438,0.42932769656181335,0.6309539079666138,0.20280717313289642,0.26584210991859436,0.3708018362522125,1.5202488899230957,0.12291776388883591,0.33085769414901733,0.3296821713447571
0.6905360817909241,0.4670698940753937,0.5975517630577087,0.6217719316482544,0.2303478866815567,0.5236279368400574,0.6553375720977783,4.913076877593994,1.0880628824234009,0.3123716413974762,0.4800586700439453,0.20366498827934265,0.39317160844802856,0.00039999998989515007,0.1663905531167984,0.8964719176292419,1.5416157245635986,3.2420496940612793,1.1586697101593018,0.8374262452125549,0.21938322484493256,0.9620547294616699,0.24877968430519104,0.45213761925697327,0.952683687210083,2.06569766998291,0.16954247653484344,0.35029375553131104,1.0197519063949585,0.5135523080825806,0.6607971787452698,0.2944380044937134,0.30308669805526733,1.083249568939209,0.32780009508132935,1.7745089530944824,0.4281264543533325,0.3713083863258362,0.44287413358688354,0.44733095169067383,0.4659491777420044,0.6977953314781189,0.7091928720474243,0.11932029575109482,0.06758730113506317,0.14877523481845856,0.4528850018978119,0.6541562080383301,0.01554954331368208,0.27466005086898804,0.5578023791313171,0.2971838116645813,0.35070207715034485,1.4166507720947266,0.23862169682979584,0.29988595843315125,0.6888951659202576
0.2828906774520874,0.2873450815677643,0.13344325125217438,0.2054857313632965,0.0736788734793663,1.3469864130020142,0.845474123954773,3.9049172401428223,1.1242425441741943,0.21414579451084137,0.6669950485229492,0.7601974010467529,0.30520355701446533,0.00039999998989515007,0.5837402939796448,0.013371415436267853,1.7256466150283813,3.559964895248413,0.5974340438842773,1.45547616481781,0.5146926641464233,1.5205656290054321,0.15036876499652863,0.31162789463996887,1.2456897497177124,0.5724762678146362,0.808799147605896,0.40286803245544434,0.7071841955184937,0.8097082376480103,0.21912650763988495,0.16038736701011658,0.4303572177886963,0.8254770636558533,0.5415259003639221,1.6994786262512207,0.6328067183494568,0.6549597382545471,0.6488848328590393,0.5726632475852966,0.07629802078008652,0.9549737572669983,0.5221701860427856,0.13814857602119446,0.11637628823518753,0.38493019342422485,0.40265077352523804,1.0233871936798096,0.8615508675575256,0.47055092453956604,0.6389788389205933,0.016874974593520164,1.3930414915084839,1.4478387832641602,0.002262560185045004,1.2772221565246582,0.9556084871292114
0.13641369342803955,0.7884296774864197,0.9093347787857056,1.3367208242416382,0.22791185975074768,0.11209489405155182,0.9350226521492004,4.813150405883789,1.1986584663391113,0.8928025364875793,0.9295647144317627,0.12500716745853424,1.1271395683288574,0.00039999998989515007,0.8109674453735352,0.6167519688606262,1.074425458908081,3.1325557231903076,0.4970426559448242,0.27662572264671326,0.054496750235557556,0.9676653742790222,0.054359689354896545,1.0858123302459717,1.591888189315796,0.7964720726013184,0.7908775806427002,0.19760562479496002,1.4627419710159302,0.5117209553718567,0.11608818918466568,0.5022755861282349,0.034924861043691635,0.6942281126976013,0.7877147197723389,1.3406497240066528,0.9386844635009766,0.07575444132089615,0.04404208064079285,0.22259706258773804,0.5369067788124084,0.3125405013561249,0.9276718497276306,0.538240909576416,0.08108650147914886,0.7186959981918335,0.723982572555542,0.5536262392997742,0.014402457512915134,0.9586670398712158,0.06340184807777405,0.08813930302858353,0.19613872468471527,1.0372610092163086,0.19066187739372253,0.12687243521213531,0.6894731521606445
0.08693427592515945,0.3422999083995819,0.6352110505104065,1.158432126045227,0.7377941608428955,0.32462450861930847,0.3149605691432953,5.079856872558594,0.4895670711994171,0.6197749376296997,0.6997967958450317,0.3866501450538635,1.1810375452041626,0.00039999998989515007,1.0652706623077393,1.0924570560455322,1.9037364721298218,2.961526393890381,0.8232572674751282,0.04895344004034996,0.2376634031534195,0.844339907169342,0.5152125954627991,1.2963110208511353,0.7521776556968689,1.3970353603363037,0.03267165273427963,0.2564123570919037,0.6025559306144714,0.36119842529296875,0.3102060854434967,0.637986421585083,0.09353473782539368,0.9060251712799072,0.13130004703998566,1.473384976387024,1.7305837869644165,0.11377838253974915,0.05499490350484848,0.143218994140625,0.6006824374198914,0.020117908716201782,0.4361354410648346,0.09717158228158951,0.3125806748867035,0.6700769662857056,0.15934434533119202,0.07824788987636566,0.26926088333129883,0.9966915249824524,0.5621406435966492,0.07319185882806778,0.558553159236908,0.5977283716201782,0.019656702876091003,0.5805350542068481,0.2442304641008377
0.22329233586788177,0.031105540692806244,0.04246897995471954,0.6657552719116211,0.7925233244895935,0.33036008477211,0.8719903230667114,4.530539512634277,1.6617974042892456,0.8386291265487671,0.4588589668273926,0.7550359964370728,0.5697941184043884,0.00039999998989515007,0.5729069709777832,0.4384572505950928,0.6366128921508789,4.255728244781494,0.8400920629501343,0.829984724521637,0.217804953455925,0.7591618299484253,0.03001580946147442,0.02929002419114113,0.5478352904319763,1.5613211393356323,0.30746352672576904,0.17429380118846893,0.7342429161071777,0.3256552517414093,0.3057389557361603,0.23292435705661774,0.552034318447113,1.0256199836730957,0.10033528506755829,1.6484678983688354,0.09720295667648315,0.2810439169406891,0.1527404934167862,0.5069538354873657,0.10644982010126114,0.1806630790233612,0.634726345539093,0.6983715295791626,0.3162112534046173,0.20142972469329834,0.807322084903717,0.08251933008432388,0.2837582528591156,0.05498521029949188,0.098393015563488,0.1845117062330246,0.5427471995353699,1.8181653022766113,0.7968642711639404,0.8019063472747803,0.09578369557857513
0.3251565098762512,0.45223963260650635,1.0445860624313354,0.11520367860794067,0.3714076280593872,1.2718937397003174,1.3655836582183838,3.7190232276916504,1.6313188076019287,0.40024256706237793,0.7066376209259033,0.9530640840530396,0.21838587522506714,0.00039999998989515007,0.06659113615751266,0.11912842094898224,1.1463502645492554,2.6519362926483154,0.3831634521484375,0.4589361548423767,0.3648628294467926,1.1776455640792847,0.7063620090484619,0.15561828017234802,1.8392283916473389,0.6883363723754883,0.8722734451293945,0.43080607056617737,2.01627779006958,0.9507366418838501,0.5060129165649414,0.29243534803390503,0.3649393916130066,1.0079941749572754,0.2854778468608856,1.0649495124816895,0.8950977325439453,0.477480411529541,0.4797781705856323,0.8586574792861938,0.5175989270210266,0.8459614515304565,0.6349815130233765,0.493943452835083,0.2144237756729126,0.0567639097571373,0.4008896052837372,1.1080442667007446,0.34670490026474,0.45378372073173523,0.21730031073093414,0.31212061643600464,1.689306616783142,1.438639760017395,0.6016228795051575,1.2888708114624023,1.3845990896224976
0.39470767974853516,0.048583660274744034,0.34495875239372253,1.005221962928772,0.655571460723877,0.2519885301589966,0.5364760160446167,5.029992580413818,1.1058855056762695,0.8827061653137207,0.5917227864265442,0.548052966594696,0.8846727609634399,0.00039999998989515007,0.9634314775466919,0.6348395347595215,1.7269971370697021,3.41029953956604,0.8804382085800171,0.28082847595214844,0.41122034192085266,0.7248629927635193,0.6682913303375244,1.1873983144760132,0.4887405037879944,1.0303947925567627,0.2130792886018753,0.16719651222229004,0.5161116719245911,0.3110874593257904,0.0974021777510643,0.4251503646373749,0.062047332525253296,0.903285801410675,0.32771167159080505,1.371875286102295,1.557039499282837,0.26993057131767273,0.2089298516511917,0.36375558376312256,0.4953326880931854,0.0937749594449997,0.37892016768455505,0.1428893655538559,0.3209822177886963,1.2031333446502686,0.25394517183303833,0.021634599193930626,0.08151090890169144,0.9913567900657654,1.000170111656189,0.18323540687561035,0.20937368273735046,1.1476322412490845,0.21339134871959686,0.01822814531624317,0.11608310043811798
0.29703912138938904,0.681662917137146,0.6919813752174377,0.7228743433952332,0.8352594375610352,0.45664435625076294,0.5858258605003357,4.825205326080322,1.6647319793701172,0.8655034303665161,0.5756213068962097,0.6528781652450562,0.5714778900146484,0.00039999998989515007,0.1887788474559784,0.5705727338790894,1.1747592687606812,3.4778246879577637,0.9753583669662476,0.598675549030304,0.40606600046157837,0.6623967885971069,0.22445011138916016,0.6832452416419983,0.517686665058136,1.7467210292816162,0.03872661665081978,0.3223938047885895,1.0440343618392944,0.14768318831920624,0.6697441935539246,0.22979187965393066,0.2910251021385193,1.4896676540374756,0.05965558812022209,1.4222174882888794,0.5866793990135193,0.011394188739359379,0.020561255514621735,1.0173684358596802,0.47468850016593933,0.15345434844493866,0.44735971093177795,0.4735279381275177,0.47025418281555176,0.03615259751677513,0.08381914347410202,0.11660055816173553,0.11097554862499237,0.40239614248275757,0.37895289063453674,0.24480758607387543,0.33430805802345276,1.6333752870559692,0.7374070882797241,0.48195120692253113,0.2193388044834137
0.6437442898750305,0.5167433023452759,0.5448706746101379,0.7510555386543274,0.43156036734580994,0.785356342792511,0.4335367679595947,4.6774210929870605,1.9716475009918213,0.3087768852710724,0.5387123823165894,0.32879742980003357,0.29796895384788513,0.00039999998989515007,0.061513397842645645,0.43293341994285583,0.8881712555885315,4.003406047821045,0.8781304955482483,0.8882462382316589,0.055347271263599396,0.9954599142074585,0.3099735379219055,0.35504820942878723,1.2059777975082397,1.151836633682251,0.17310766875743866,0.10538350045681,0.777574896812439,0.4181329607963562,0.05645032227039337,0.0270365159958601,0.4936586022377014,0.8398386240005493,0.26461195945739746,1.7958550453186035,0.037293095141649246,0.32490086555480957,0.267659455537796,0.18759016692638397,0.12927083671092987,0.45298752188682556,0.3502553105354309,0.11561936140060425,0.3419199287891388,0.3108530044555664,0.13134190440177917,0.7606774568557739,0.6295701861381531,0.3419416546821594,0.6023178100585938,0.1870594024658203,0.6009277105331421,1.6870722770690918,0.5081427097320557,1.0332462787628174,0.5395848155021667
0.4052606225013733,0.31330761313438416,0.49116051197052,0.5007089972496033,0.3944458067417145,0.7142470479011536,0.4534638226032257,4.332511901855469,2.207455635070801,0.3259381055831909,0.5591949224472046,0.39248165488243103,0.1718587726354599,0.00039999998989515007,0.3155229091644287,0.4738980233669281,0.7836905121803284,4.2401862144470215,0.8638670444488525,0.9200388789176941,0.24426966905593872,0.7023717164993286,0.35171812772750854,0.32745298743247986,0.8459574580192566,1.0253320932388306,0.18683038651943207,0.12775404751300812,0.8953066468238831,0.38722267746925354,0.003438997780904174,0.2216503918170929,0.6198649406433105,0.7273129224777222,0.20007601380348206,1.6903687715530396,0.1615823209285736,0.28939467668533325,0.28976374864578247,0.12180545181035995,0.06551624834537506,0.29529109597206116,0.27834880352020264,0.09678558260202408,0.5066359639167786,0.37997981905937195,0.11893869191408157,0.5644931197166443,0.6712660193443298,0.3512592911720276,0.5216659903526306,0.030349785462021828,0.8393034934997559,2.136443614959717,0.8312240242958069,1.3534220457077026,0.29131272435188293
0.43748611211776733,0.4659360647201538,0.4137328565120697,0.8968551158905029,0.9387362599372864,0.11683258414268494,0.2193107008934021,5.063206195831299,1.2611284255981445,0.32555460929870605,0.5660814046859741,0.4763891398906708,0.6200089454650879,0.00039999998989515007,0.1661532074213028,0.8453273177146912,1.4797629117965698,3.8045120239257812,1.0883549451828003,0.8036690950393677,0.09887003898620605,0.9732328653335571,0.46273478865623474,0.5718931555747986,0.748601496219635,1.6421936750411987,0.00686280895024538,0.2073597013950348,0.49430033564567566,0.03721296414732933,0.5339687466621399,0.06628036499023438,0.33488747477531433,1.1354942321777344,0.050456248223781586,1.8817996978759766,0.6948570609092712,0.3431442081928253,0.02496565505862236,0.2637259066104889,0.3252074420452118,0.13498666882514954,0.307263046503067,0.10722172260284424,0.05434697866439819,0.04620892181992531,0.1540190875530243,0.3354635536670685,0.23848788440227509,0.3726305365562439,0.4740131199359894,0.05938609316945076,0.19752316176891327,1.2596344947814941,0.3735051453113556,0.3425872027873993,0.34328994154930115
0.20098289847373962,0.18381033837795258,0.07816508412361145,1.4458515644073486,0.5733991861343384,0.19455933570861816,0.9120122790336609,4.7336225509643555,0.16952183842658997,0.36316052079200745,0.6839241981506348,0.24496731162071228,1.048970341682434,0.00039999998989515007,0.5287781953811646,0.7459909319877625,1.7074655294418335,2.7858259677886963,0.2773699164390564,0.22436946630477905,0.43599972128868103,1.5719233751296997,0.0972326323390007,0.7456167936325073,1.7899693250656128,0.5835123658180237,1.1673961877822876,0.7334540486335754,0.36950141191482544,0.41258567571640015,0.011610517278313637,0.8655900955200195,0.09697642177343369,0.6457500457763672,0.8711754083633423,1.550686001777649,1.065190315246582,0.5086178183555603,0.16134750843048096,0.6556496620178223,0.4433017671108246,0.4553004503250122,0.7848542928695679,0.2435135543346405,0.5372075438499451,0.9986585378646851,1.2002787590026855,0.33662986755371094,0.2838173508644104,0.7813556790351868,0.15111617743968964,0.13612058758735657,0.8407508730888367,0.08546982705593109,1.0103126764297485,0.7960476279258728,0.5788479447364807
0.26413848996162415,0.40779778361320496,0.3778057396411896,0.4191221296787262,0.5037168264389038,0.2679935395717621,0.8218677043914795,4.832828044891357,0.8489757180213928,0.05616598576307297,0.10727135837078094,0.10527820885181427,0.4317498505115509,0.00039999998989515007,0.7433117628097534,0.6824036240577698,1.6753687858581543,3.8576698303222656,0.6265430450439453,0.9519609808921814,0.1446509212255478,1.382941722869873,0.18621192872524261,0.05895227938890457,1.1428965330123901,1.2139661312103271,0.5141171813011169,0.3252321779727936,0.6620801687240601,0.7105334997177124,0.16009119153022766,0.1723836064338684,0.9172157645225525,0.8577713370323181,0.1789862960577011,1.9040858745574951,0.1343691051006317,0.6332287192344666,0.13429032266139984,0.08182711899280548,0.3283623456954956,0.6896823644638062,0.5753103494644165,0.11756737530231476,0.43644019961357117,0.901137113571167,0.7352609038352966,0.32311907410621643,0.6995075345039368,0.370028018951416,0.2758559584617615,0.16859883069992065,0.3482619524002075,1.3851546049118042,0.3233901560306549,0.15979598462581635,0.6206889152526855
0.2774079442024231,0.2727748155593872,0.37453147768974304,0.8471271991729736,0.9717689752578735,0.11142359673976898,0.35720688104629517,5.105315685272217,1.1979260444641113,0.47131067514419556,0.4826532006263733,0.4333323538303375,0.5936204195022583,0.00039999998989515007,0.27146193385124207,0.8243533968925476,1.7081053256988525,3.58767032623291,1.2083301544189453,0.6946907043457031,0.2404334545135498,0.9589159488677979,0.2932504415512085,0.6773764491081238,0.6021396517753601,1.6920757293701172,0.12649236619472504,0.01748667098581791,0.585084080696106,0.047775931656360626,0.6656206846237183,0.030577264726161957,0.36495617032051086,1.2669495344161987,0.12914228439331055,1.7639539241790771,0.794245719909668,0.239649698138237,0.006959153804928064,0.524895191192627,0.5194300413131714,0.11013082414865494,0.26010024547576904,0.1490618884563446,0.0448247529566288,0.07725831866264343,0.02938583493232727,0.15225236117839813,0.07430478930473328,0.40640968084335327,0.5281431674957275,0.15092478692531586,0.2697572708129883,1.2447295188903809,0.4994548559188843,0.2024051994085312,0.2646862864494324
0.7458890080451965,0.5443424582481384,0.4628852605819702,0.860776960849762,1.0516210794448853,0.0010266952449455857,0.10376740992069244,4.644344329833984,1.6267014741897583,0.21056728065013885,0.2188486009836197,0.218583881855011,0.4019482731819153,0.00039999998989515007,0.31464242935180664,0.7132208347320557,1.1747840642929077,3.711591958999634,0.9610127210617065,1.0171561241149902,0.028321918100118637,0.7048328518867493,0.5451788306236267,0.605305552482605,0.7378641366958618,1.7338194847106934,0.17820248007774353,0.04861759766936302,0.6110101938247681,0.05259072035551071,0.29273584485054016,0.069097600877285,0.831835150718689,1.369476556777954,0.07622430473566055,2.0102272033691406,0.37507930397987366,0.33509576320648193,0.18675148487091064,0.3541471064090729,0.44513392448425293,0.17224304378032684,0.29682251811027527,0.1286235749721527,0.24764950573444366,0.13618184626102448,0.1251114010810852,0.14109879732131958,0.5057451128959656,0.3146258592605591,0.6899017095565796,0.15899887681007385,0.15268094837665558,1.675171136856079,0.8443504571914673,0.4507525563240051,0.28097397089004517
0.6318435668945312,0.09560763090848923,0.21303971111774445,1.2515933513641357,0.9116249680519104,0.4623103737831116,0.8501623272895813,4.77239990234375,1.7658218145370483,0.6761636137962341,0.6348593235015869,0.7802867293357849,0.13760361075401306,0.00039999998989515007,0.2913256287574768,0.5739507675170898,0.7523105144500732,3.8983089923858643,1.6603316068649292,0.5202504396438599,0.5341060161590576,1.1740790605545044,0.10025034844875336,0.03112109564244747,0.8813576102256775,1.280075192451477,0.3197813034057617,0.0034216614440083504,0.30613553524017334,0.0463889017701149,0.7485393285751343,0.0717434287071228,0.17656926810741425,0.6096899509429932,0.32715338468551636,1.7100377082824707,0.5211416482925415,0.2377500832080841,0.4396994113922119,0.3370194733142853,0.027585789561271667,0.024768751114606857,0.07116281986236572,0.43391692638397217,0.15134857594966888,0.09073609113693237,0.46035143733024597,0.379602313041687,0.06097347289323807,0.3014073967933655,0.11298714578151703,0.20900149643421173,0.7505736351013184,1.3319194316864014,0.44323495030403137,0.78277587890625,0.01717424765229225
0.607978105545044,0.7234855890274048,0.7470020651817322,0.8532723784446716,0.8685863018035889,0.10605989396572113,0.08030734956264496,4.607592582702637,1.478532075881958,0.6332510709762573,0.5562334060668945,0.7068313956260681,0.785140335559845,0.00039999998989515007,0.04362333565950394,0.5831258893013,0.9550073146820068,3.5170252323150635,1.0212944746017456,0.9031070470809937,0.18531815707683563,0.7387953996658325,0.5388636589050293,0.44261598587036133,0.5519380569458008,2.2426998615264893,0.18377478420734406,0.14464282989501953,0.7985718846321106,0.30063924193382263,0.6613037586212158,0.05725117400288582,0.41116490960121155,1.3392091989517212,0.1685260534286499,1.7371870279312134,0.6047743558883667,0.23625315725803375,0.08281060308218002,0.6028955578804016,0.21295534074306488,0.13369867205619812,0.6006637215614319,0.35993459820747375,0.31144869327545166,0.3089933395385742,0.3492296636104584,0.31925079226493835,0.022660573944449425,0.0007418352761305869,0.5373417139053345,0.11852011829614639,0.26614612340927124,1.5256191492080688,0.8200356364250183,0.6381476521492004,0.281401664018631
0.8066491484642029,0.8982067108154297,1.1947824954986572,1.3681689500808716,0.39432719349861145,1.2735036611557007,0.8846787810325623,4.156087398529053,2.2285678386688232,1.0494252443313599,1.2554200887680054,0.19764132797718048,0.4948284924030304,0.00039999998989515007,1.016826868057251,0.6246194243431091,0.27401483058929443,3.390885829925537,0.9628401398658752,0.22926893830299377,0.238364577293396,0.7742767930030823,0.5338640809059143,0.7612219452857971,1.221713900566101,0.9381000399589539,0.06688916683197021,0.15451893210411072,1.0077229738235474,0.4416796565055847,0.06730661541223526,0.5085445046424866,0.37664544582366943,0.04274410754442215,0.865788996219635,1.1058893203735352,0.70493483543396,0.2471788376569748,0.22415299713611603,0.2858021855354309,0.18672026693820953,0.34042343497276306,0.6560937762260437,0.5018494725227356,0.8012624979019165,0.5172004699707031,0.3236705958843231,1.0555710792541504,0.06791935861110687,0.27230143547058105,0.4518304467201233,0.22953839600086212,0.22150582075119019,1.5430757999420166,0.016571367159485817,1.228225588798523,0.24548712372779846
0.8259486556053162,0.14563657343387604,0.45414918661117554,0.9892156720161438,0.6586002707481384,0.9613957405090332,0.5240846276283264,4.318194389343262,2.0631103515625,0.28907766938209534,0.5344460010528564,0.19618377089500427,0.18792399764060974,0.00039999998989515007,0.21990543603897095,0.2927122116088867,0.5341294407844543,3.957155466079712,1.2419205904006958,0.7328977584838867,0.6770142912864685,1.2434600591659546,0.22985833883285522,0.03093586675822735,1.3646972179412842,1.1076265573501587,0.01649496890604496,0.13180214166641235,0.510414719581604,0.3702647089958191,0.22541356086730957,0.21718566119670868,0.4775858521461487,0.6035750508308411,0.4628851115703583,1.781403660774231,0.25354260206222534,0.4371297359466553,0.03398340195417404,0.4745866358280182,0.017241692170500755,0.3154970407485962,0.06420494616031647,0.2104315459728241,0.23190970718860626,0.48471522331237793,0.14555388689041138,0.9865021705627441,0.4088696837425232,0.2260163128376007,0.7228753566741943,0.4880298376083374,0.742646336555481,1.5193723440170288,0.8495626449584961,1.099494457244873,0.40850552916526794
0.6142802238464355,0.4651470184326172,0.44219568371772766,1.0114245414733887,1.1420676708221436,0.32499411702156067,0.10782871395349503,4.723307132720947,1.3716374635696411,0.5518530011177063,0.3343298137187958,0.5806887745857239,0.4278697967529297,0.00039999998989515007,0.09943617135286331,0.8809354901313782,1.5078455209732056,3.275622606277466,1.367172122001648,0.8816912770271301,0.15983591973781586,0.7996159791946411,0.34552469849586487,0.7138494849205017,0.5522185564041138,1.850391149520874,0.32612815499305725,0.16715797781944275,0.6092272400856018,0.09827245771884918,0.7392988801002502,0.12007638812065125,0.5329606533050537,1.516963243484497,0.0067781005054712296,1.8346282243728638,0.6893138885498047,0.23719769716262817,0.008660572580993176,0.8688325881958008,0.6272973418235779,0.05473446473479271,0.24091564118862152,0.05263655632734299,0.14876718819141388,0.04933209717273712,0.1998688131570816,0.024707581847906113,0.07806596904993057,0.31569936871528625,0.5276616215705872,0.23215194046497345,0.33089008927345276,1.4022903442382812,0.6607099175453186,0.19627147912979126,0.10731191188097
1.1179959774017334,0.8584638237953186,0.4447721838951111,1.1948111057281494,1.229771614074707,0.73163241147995,0.24242472648620605,4.130868434906006,0.8562535047531128,0.3644667863845825,0.2696007490158081,1.0981496572494507,0.12587247788906097,0.00039999998989515007,0.2350526601076126,1.3683050870895386,1.1469087600708008,2.654865026473999,1.7178727388381958,1.0649785995483398,0.012756671756505966,0.46394988894462585,0.41207507252693176,0.30267661809921265,0.029652588069438934,2.5242135524749756,0.5764161944389343,0.44169363379478455,0.20417460799217224,0.6739842295646667,1.2344237565994263,0.33903419971466064,0.4569098651409149,1.3667269945144653,0.3684104084968567,1.8379608392715454,0.6294183731079102,0.37403422594070435,0.158547505736351,1.5410964488983154,0.4401758909225464,0.026018287986516953,0.29501664638519287,0.02444375678896904,0.056917861104011536,0.9115511775016785,0.19942906498908997,0.4071892201900482,0.1851987987756729,0.13559508323669434,0.01255007553845644,0.5513178706169128,0.01820436865091324,0.962840735912323,0.30664315819740295,0.15624581277370453,0.224248006939888
0.3099467158317566,0.7097957134246826,0.703037679195404,1.5341904163360596,0.5871871113777161,0.2857317328453064,0.2897377014160156,4.667947769165039,1.3735506534576416,0.9319575428962708,1.0272305011749268,0.2167903035879135,1.0670350790023804,0.00039999998989515007,0.6581210494041443,0.9186298251152039,0.9931017160415649,3.6466591358184814,1.0004879236221313,0.5619039535522461,0.17714636027812958,0.9082711935043335,0.8895059823989868,0.8829944133758545,1.1060500144958496,1.0957192182540894,0.3031547963619232,0.4714782238006592,0.5351932644844055,0.006152191199362278,0.09570647776126862,0.3995627164840698,0.18356196582317352,0.6646462082862854,0.48475947976112366,1.730474591255188,1.2352652549743652,0.40594854950904846,0.052189286798238754,0.2938729524612427,0.082864910364151,0.07640861719846725,0.6882509589195251,0.2947617471218109,0.2486666440963745,0.5321975350379944,0.298048198223114,0.4261123239994049,0.1935201734304428,0.8442478179931641,0.4496254324913025,0.23767374455928802,0.1107182726264,1.0762817859649658,0.26742950081825256,0.3738531768321991,0.024166084825992584
0.3608887195587158,0.35007423162460327,0.2700935900211334,0.9384803175926208,1.272039532661438,0.12994852662086487,0.1765204519033432,4.771833419799805,1.0574674606323242,0.24459825456142426,0.42269760370254517,0.4276391565799713,0.8555811643600464,0.00039999998989515007,0.042769819498062134,0.925372302532196,1.7036091089248657,3.5397372245788574,1.0618170499801636,0.9505764842033386,0.10769591480493546,0.9872302412986755,0.5777102112770081,0.7339631915092468,0.7043402194976807,1.6153534650802612,0.0070389569737017155,0.4198951721191406,0.3560379147529602,0.07102720439434052,0.5234572291374207,0.09723005443811417,0.4995557963848114,1.4252926111221313,0.15324881672859192,2.028033494949341,0.8091980218887329,0.3977150321006775,0.021016988903284073,0.32542747259140015,0.5257117748260498,0.008975213393568993,0.21477027237415314,0.10339803248643875,0.2491544932126999,0.0005339581402949989,0.020516851916909218,0.11479993164539337,0.3900222182273865,0.5051945447921753,0.5548895001411438,0.007639204151928425,0.053898513317108154,1.1910752058029175,0.47305741906166077,0.0415755994617939,0.3297302722930908
0.05559441074728966,0.20852121710777283,0.3555762767791748,0.6173855066299438,1.0590763092041016,0.5039105415344238,0.21805396676063538,4.6443047523498535,1.3163365125656128,0.7348989844322205,0.4048387408256531,0.5663827061653137,0.8368697762489319,0.00039999998989515007,0.3170320987701416,0.7183802723884583,1.4984557628631592,3.6334123611450195,0.9858760237693787,0.8914190530776978,0.5041036009788513,0.6883416771888733,0.34888947010040283,0.6533076763153076,0.3889085650444031,1.7461289167404175,0.02811618708074093,0.09584539383649826,0.8145856261253357,0.29589471220970154,0.5137656331062317,0.21815793216228485,0.5854931473731995,1.5212966203689575,0.4219493567943573,1.753729224205017,0.5384455323219299,0.19003483653068542,0.032368097454309464,0.8515583276748657,0.503197193145752,0.09950489550828934,0.4718490540981293,0.2528599500656128,0.18016572296619415,0.08087770640850067,0.11304448544979095,0.15851156413555145,0.23701053857803345,0.4927564263343811,0.41155725717544556,0.1793278604745865,0.33755412697792053,1.6300657987594604,0.8234947919845581,0.323333203792572,0.14614509046077728
0.6758600473403931,0.16559728980064392,0.13590197265148163,0.7736862897872925,1.2647454738616943,0.25031206011772156,0.29667702317237854,4.677004337310791,1.0708009004592896,0.13816429674625397,0.15015096962451935,0.08671893179416656,0.4146551787853241,0.00039999998989515007,0.19373628497123718,0.5938170552253723,1.7833225727081299,2.8266444206237793,1.1777973175048828,0.9731720685958862,0.2060873657464981,0.7703344225883484,0.6018377542495728,0.8154602646827698,0.2880881130695343,2.0801329612731934,0.4022608697414398,0.16967236995697021,0.26077982783317566,0.04909512773156166,0.6480376124382019,0.25834789872169495,0.7719873189926147,1.8082400560379028,0.34707123041152954,1.7685933113098145,0.9710603952407837,0.4535594582557678,0.17163726687431335,0.15218831598758698,0.8728682994842529,0.16067364811897278,0.018030472099781036,0.38369688391685486,0.05256671831011772,0.180012047290802,0.6023949980735779,0.037318095564842224,0.09279342740774155,0.08023854345083237,1.2595564126968384,0.29604965448379517,0.03896871954202652,1.2713963985443115,0.9763301014900208,0.0939113199710846,0.33234676718711853
0.24234792590141296,0.16923752427101135,0.1816530078649521,1.0414528846740723,0.8416628241539001,0.09011128544807434,0.3522668480873108,5.020620822906494,1.1974931955337524,0.5553556084632874,0.5409144163131714,0.3981447219848633,0.6067686676979065,0.00039999998989515007,0.1834653913974762,0.7797393202781677,1.6152926683425903,3.6036295890808105,1.321218729019165,0.945156455039978,0.1515415757894516,1.1468416452407837,0.4287734925746918,0.5213521122932434,0.7541763186454773,1.5445818901062012,0.05458725988864899,0.10267888754606247,0.4187578856945038,0.10782472044229507,0.46291497349739075,0.11917140334844589,0.32321104407310486,1.1133543252944946,0.1229872852563858,1.8842780590057373,0.7718490362167358,0.5185812711715698,0.05990123376250267,0.12316688150167465,0.4215148687362671,0.28384217619895935,0.42079368233680725,0.15651573240756989,0.01282012090086937,0.3784058690071106,0.12575285136699677,0.22740554809570312,0.23112310469150543,0.4861149787902832,0.6372022032737732,0.3157733082771301,0.3265274465084076,1.2256543636322021,0.13438913226127625,0.2876294255256653,0.18010123074054718
0.1826123297214508,0.7965458035469055,0.4851692020893097,0.8038041591644287,1.4807077646255493,0.13418105244636536,0.4211837351322174,4.624668598175049,1.3907999992370605,0.2422669231891632,0.09218747913837433,0.06198079138994217,0.4171925485134125,0.00039999998989515007,0.18282738327980042,0.3019256889820099,0.8848183751106262,3.7564828395843506,1.1415940523147583,0.20364944636821747,0.6010767817497253,1.4137780666351318,0.6519298553466797,0.008424999192357063,0.8093637228012085,1.27638840675354,0.307094931602478,0.30239638686180115,0.15425598621368408,0.24207589030265808,0.7001940608024597,0.3237568140029907,0.8155490159988403,1.046279788017273,0.27014514803886414,1.6148048639297485,0.4684179723262787,0.10189737379550934,0.753817617893219,0.15501150488853455,0.3554834723472595,0.20486514270305634,0.6973931193351746,0.11717844009399414,0.6696444749832153,0.3285263478755951,0.29508110880851746,0.3114391267299652,0.27941179275512695,0.6876749992370605,0.13325780630111694,0.6392505764961243,0.6981555819511414,1.1885484457015991,1.5412017107009888,0.1182936355471611,0.5445387363433838
0.21991193294525146,0.788724422454834,0.2581440508365631,0.6552984118461609,1.7000550031661987,0.3025432229042053,0.02900388464331627,4.516297340393066,0.7361841797828674,0.20095348358154297,0.41554877161979675,0.3210066854953766,0.8718427419662476,0.00039999998989515007,0.4043309688568115,1.1036536693572998,1.8698980808258057,3.7010726928710938,1.3525633811950684,0.6852519512176514,0.08634626865386963,1.0046179294586182,0.21694014966487885,0.3857097327709198,0.23427240550518036,1.2023183107376099,0.5676059722900391,0.7704274654388428,0.10618498921394348,0.38512998819351196,0.8388869762420654,0.1447003334760666,0.46323609352111816,0.9987519979476929,0.6757521033287048,2.0097334384918213,0.8978356719017029,0.3595086336135864,0.4520675837993622,0.5835402011871338,0.3907729387283325,0.292142778635025,0.3816930651664734,0.06032558158040047,0.47246628999710083,0.16728894412517548,0.3669084310531616,0.4035731256008148,0.3621808886528015,0.2609543800354004,0.1802099198102951,0.02192125841975212,0.07397138327360153,1.2373677492141724,0.5983688235282898,0.17316630482673645,0.12875553965568542
0.9529404044151306,0.5967238545417786,0.10341331362724304,1.4272900819778442,1.3715381622314453,0.5567172765731812,0.5217899680137634,4.3903117179870605,0.5857802033424377,0.07163534313440323,0.18651802837848663,0.7225313186645508,0.25165805220603943,0.00039999998989515007,0.34362703561782837,1.5092498064041138,1.3050734996795654,3.0930862426757812,1.5910601615905762,1.2828450202941895,0.2619166374206543,0.78813636302948,0.6526677012443542,0.2352580726146698,0.27385714650154114,2.1621971130371094,0.39851197600364685,0.20936021208763123,0.3977140486240387,0.41576892137527466,0.7953776717185974,0.024984830990433693,0.5419821739196777,1.1287236213684082,0.2688317596912384,2.19144868850708,0.7672185301780701,0.8121586441993713,0.21690472960472107,0.5915011167526245,0.3131192922592163,0.01688644103705883,0.20641544461250305,0.2604598104953766,0.4389443099498749,0.5219172239303589,0.25864502787590027,0.26216965913772583,0.2907075583934784,0.0520801916718483,0.08208343386650085,0.5313547849655151,0.3605644404888153,0.674734354019165,0.12796816229820251,0.4496724605560303,0.12164716422557831
0.26344776153564453,0.1562017947435379,0.1262357085943222,0.9760011434555054,1.2417850494384766,0.2106965035200119,0.08613982051610947,4.857936382293701,1.1692689657211304,0.3662393391132355,0.37142565846443176,0.3763492703437805,0.7780349254608154,0.00039999998989515007,0.04851014167070389,0.8181180357933044,1.5539888143539429,3.665166139602661,1.1323566436767578,0.9309991002082825,0.09817318618297577,1.0138651132583618,0.47683098912239075,0.6196331977844238,0.6495019793510437,1.60286283493042,0.049878399819135666,0.3894696533679962,0.29855337738990784,0.03729486092925072,0.4567350149154663,0.11163588613271713,0.5400451421737671,1.3425997495651245,0.26018083095550537,1.9902616739273071,0.7862841486930847,0.4338025748729706,0.08937788754701614,0.22306576371192932,0.46135255694389343,0.0002929877955466509,0.20021893084049225,0.0012297393986955285,0.20690566301345825,0.15241192281246185,0.002255090279504657,0.1093682125210762,0.3803936839103699,0.397653192281723,0.5472976565361023,0.07388221472501755,0.17859536409378052,1.2684659957885742,0.5512945652008057,0.12144284695386887,0.2577572166919708
0.6660448312759399,0.007415901869535446,0.3852049708366394,1.2379155158996582,1.2258330583572388,0.17876602709293365,0.21660122275352478,4.898956775665283,1.6221104860305786,0.5611933469772339,0.427496075630188,0.4346763789653778,0.4589868485927582,0.00039999998989515007,0.6064355373382568,0.542651355266571,1.1823192834854126,3.519256114959717,1.5010405778884888,0.3900989294052124,0.33142995834350586,1.1081383228302002,0.07240428030490875,0.6297269463539124,0.8707699775695801,1.2953087091445923,0.4963448941707611,0.14361539483070374,0.3386583626270294,0.17534492909908295,0.6719616055488586,0.1467900425195694,0.34703686833381653,1.0912144184112549,0.03109411522746086,1.7248615026474,0.9289173483848572,0.04007153958082199,0.39734405279159546,0.2982328534126282,0.4801776111125946,0.281870037317276,0.3241865634918213,0.0774722620844841,0.1313123255968094,0.14297784864902496,0.2874145209789276,0.3561047315597534,0.0945969671010971,0.058324702084064484,0.5439234972000122,0.02413925714790821,0.6224324107170105,1.1814175844192505,0.8551028370857239,0.40767353773117065,0.27162379026412964
0.9287373423576355,0.571381151676178,0.020242193713784218,1.3836414813995361,1.3568179607391357,0.5316541790962219,0.5378773212432861,4.433098316192627,0.6277840733528137,0.050733260810375214,0.24182339012622833,0.7081332802772522,0.323098748922348,0.00039999998989515007,0.3417213559150696,1.5529508590698242,1.2907299995422363,3.193995237350464,1.5819348096847534,1.2009238004684448,0.26265159249305725,0.7742742300033569,0.6179237961769104,0.2682378888130188,0.31179049611091614,2.115312099456787,0.4360995590686798,0.2793503999710083,0.3181174099445343,0.36529964208602905,0.7783981561660767,0.016342677175998688,0.5297316908836365,1.0709542036056519,0.22339986264705658,2.2020986080169678,0.7578945159912109,0.7259212136268616,0.24782945215702057,0.6630455851554871,0.2992830276489258,0.07943268120288849,0.16647471487522125,0.24546976387500763,0.4923366904258728,0.5366868376731873,0.2550324499607086,0.2183496505022049,0.3099066913127899,0.10524685680866241,0.025878259912133217,0.4784204065799713,0.2845012843608856,0.7344735264778137,0.03975455462932587,0.41091060638427734,0.07960346341133118
0.23708657920360565,0.13038885593414307,0.071808822453022,1.0091872215270996,1.2304190397262573,0.25322094559669495,0.03786180540919304,4.861682415008545,1.2168635129928589,0.43349289894104004,0.3554562032222748,0.37650805711746216,0.7425435185432434,0.00039999998989515007,0.02900824323296547,0.7198476791381836,1.53780996799469,3.63399600982666,1.1279524564743042,0.9724552631378174,0.10748576372861862,1.034980058670044,0.47717151045799255,0.6085883378982544,0.6640342473983765,1.582188367843628,0.00483701890334487,0.35684189200401306,0.2833455204963684,0.030996108427643776,0.4056994318962097,0.11865085363388062,0.5488033294677734,1.3774470090866089,0.27053844928741455,1.978405237197876,0.7830109000205994,0.4564394950866699,0.08006627857685089,0.13971222937107086,0.4761756658554077,0.03279073163866997,0.24647800624370575,0.03830759599804878,0.1394536942243576,0.2329072505235672,0.016105592250823975,0.10266849398612976,0.3856087923049927,0.3881591856479645,0.6184447407722473,0.11528477072715759,0.19676600396633148,1.2787216901779175,0.5206855535507202,0.1418384462594986,0.24447578191757202
0.4344342052936554,0.6043044924736023,0.10656131058931351,1.805963397026062,1.3255856037139893,0.9306235313415527,0.6824169158935547,4.276567459106445,0.08040396869182587,0.3549157381057739,0.5211905241012573,0.09998413920402527,0.9604014158248901,0.00039999998989515007,0.5752541422843933,1.6985803842544556,1.4057085514068604,2.5738368034362793,1.3355271816253662,0.6499569416046143,0.23898601531982422,0.5533084869384766,1.1432716846466064,0.901581883430481,0.088842011988163,1.7535147666931152,0.4306686520576477,0.5859503746032715,0.6209232211112976,0.5015435814857483,0.3829292356967926,0.5167868137359619,0.09249511361122131,0.8166593313217163,0.27019572257995605,1.7890238761901855,1.9706860780715942,0.6897953152656555,0.2864992320537567,0.05667122080922127,0.2899433970451355,0.3896048367023468,0.25256770849227905,0.22336502373218536,0.4862543046474457,0.06203748658299446,0.11991582065820694,0.4487566649913788,0.11560189723968506,0.5810011029243469,0.24788294732570648,0.5527545213699341,1.1253644227981567,0.06565549224615097,0.569219172000885,1.0285989046096802,0.449919730424881
0.16165219247341156,0.02002066746354103,0.033540498465299606,0.9281101822853088,1.238099455833435,0.3722774386405945,0.06670238822698593,4.828868865966797,1.3340439796447754,0.5240093469619751,0.27969110012054443,0.3668690025806427,0.6968753933906555,0.00039999998989515007,0.1494765430688858,0.6489614248275757,1.4022822380065918,3.749596118927002,1.1286110877990723,0.9185076951980591,0.1276981383562088,0.9549375772476196,0.34183210134506226,0.5410313606262207,0.5839706659317017,1.5963315963745117,0.08315769582986832,0.3059659004211426,0.3529788851737976,0.05004230514168739,0.3971247375011444,0.0423133410513401,0.6484091281890869,1.3551745414733887,0.3683999478816986,1.9378832578659058,0.6666949391365051,0.3707931637763977,0.1348286122083664,0.2691318988800049,0.44117027521133423,0.020542019978165627,0.2076283097267151,0.11622077226638794,0.08348298072814941,0.27881747484207153,0.005785804241895676,0.03671429306268692,0.38506242632865906,0.27915793657302856,0.5389965176582336,0.0922747328877449,0.3210555613040924,1.4366576671600342,0.7654415965080261,0.22570139169692993,0.19929200410842896
0.3634593188762665,0.008192433975636959,0.3350246846675873,0.6827096343040466,0.5260289311408997,0.45180562138557434,0.29805880784988403,4.4159674644470215,2.0017974376678467,0.536567211151123,0.44246578216552734,0.22568079829216003,0.343380868434906,0.00039999998989515007,0.3226770758628845,0.43291011452674866,0.8272581696510315,4.042505741119385,1.1061320304870605,1.032619833946228,0.1589747816324234,0.8392164707183838,0.3669717013835907,0.25239691138267517,0.7537504434585571,1.305472493171692,0.17854736745357513,0.0579228475689888,0.7133944034576416,0.35795411467552185,0.03681819513440132,0.09326670318841934,0.693589448928833,0.7858355045318604,0.3477565348148346,1.8024369478225708,0.0843515396118164,0.4220949113368988,0.21722951531410217,0.0020657568238675594,0.10960539430379868,0.2814272940158844,0.33883634209632874,0.16254501044750214,0.44282206892967224,0.6336588859558105,0.027103248983621597,0.4385903775691986,0.596508264541626,0.2519421875476837,0.7105133533477783,0.03215166553854942,0.8327761888504028,2.0679471492767334,0.8869268894195557,1.1701160669326782,0.1667032539844513
0.11453334987163544,0.046363748610019684,0.20022767782211304,0.663973331451416,1.1495612859725952,0.6054851412773132,0.11907178908586502,4.71713924407959,1.3268613815307617,0.7506955862045288,0.3335430324077606,0.47805359959602356,0.9965106844902039,0.00039999998989515007,0.307400107383728,0.4552852511405945,1.2841427326202393,3.7366878986358643,0.8180376291275024,0.8561966419219971,0.38861602544784546,0.8176329135894775,0.29682672023773193,0.5392867922782898,0.47406330704689026,1.773662805557251,0.21555808186531067,0.27374181151390076,0.6715095639228821,0.23240390419960022,0.4026709794998169,0.04110533744096756,0.6403403282165527,1.4857178926467896,0.4941553473472595,1.759161353111267,0.5662635564804077,0.21259135007858276,0.10950273275375366,0.4871567189693451,0.3758208453655243,0.014375502243638039,0.442982017993927,0.36586838960647583,0.037516940385103226,0.1472502201795578,0.23540593683719635,0.022314276546239853,0.295178085565567,0.2314150184392929,0.4732934534549713,0.04238218441605568,0.3536754846572876,1.5839765071868896,1.0370416641235352,0.3407745361328125,0.2961382567882538
0.04402349144220352,0.5377013087272644,0.07737210392951965,0.412622332572937,1.1450839042663574,0.12374696880578995,0.13621339201927185,4.413989067077637,1.6666839122772217,0.3920857310295105,0.17318430542945862,0.06042874604463577,0.5868480801582336,0.00039999998989515007,0.3385215401649475,0.49652013182640076,1.1104257106781006,4.064436435699463,1.2185988426208496,0.6881054043769836,0.13906551897525787,0.8601988554000854,0.1272098273038864,0.3797619342803955,0.542003333568573,1.2820848226547241,0.5704977512359619,0.2618478536605835,0.5326941013336182,0.2671257555484772,0.3268103003501892,0.08684680610895157,0.9443292617797852,1.0099918842315674,0.6844003796577454,1.855268120765686,0.23950739204883575,0.12407844513654709,0.10844382643699646,0.3498220145702362,0.34145790338516235,0.08640636503696442,0.22038878500461578,0.0016225043218582869,0.0005058870301581919,0.4963015913963318,0.35788092017173767,0.1766793131828308,0.5721973180770874,0.24701958894729614,0.5057368874549866,0.16954383254051208,0.8620361685752869,1.8578782081604004,1.4323151111602783,0.6185445189476013,0.19962993264198303
0.7506096363067627,0.0184444859623909,0.45447444915771484,0.9672542214393616,0.6996769905090332,0.2953971326351166,0.4652699828147888,4.832868576049805,1.8021045923233032,0.681758463382721,0.30961230397224426,0.2810048460960388,0.20150326192378998,0.00039999998989515007,0.24224457144737244,0.2610528767108917,0.9504106640815735,3.4527432918548584,1.4622803926467896,0.6975038051605225,0.11680690944194794,1.051228404045105,0.009331924840807915,0.28593528270721436,0.8697814345359802,1.680087685585022,0.28920745849609375,0.3940194845199585,0.6918736100196838,0.4058840274810791,0.5378642678260803,0.038023099303245544,0.5960183143615723,0.9784403443336487,0.05935417115688324,1.7024677991867065,0.4261353611946106,0.15357469022274017,0.019469697028398514,0.28577616810798645,0.39969494938850403,0.18575337529182434,0.14994274079799652,0.2795324921607971,0.3129975199699402,0.4735598862171173,0.04689643904566765,0.45747390389442444,0.1188528761267662,0.10078971832990646,0.8268353343009949,0.07864036411046982,0.897388756275177,1.5863772630691528,0.9736688733100891,0.8022037148475647,0.28908899426460266
0.7600850462913513,0.07370605319738388,0.6748143434524536,0.6817048192024231,0.641798734664917,0.3358898460865021,0.2152472883462906,4.731428623199463,1.6807560920715332,0.515004575252533,0.29426535964012146,0.10481958091259003,0.3054804503917694,0.00039999998989515007,0.2177404910326004,0.42691969871520996,1.1170825958251953,3.3370063304901123,1.4923292398452759,0.646588921546936,0.06608109921216965,0.8914526104927063,0.0602702721953392,0.37665778398513794,0.6456259489059448,1.826436996459961,0.5815019607543945,0.4412953555583954,0.8084161281585693,0.5278411507606506,0.6311535835266113,0.021831028163433075,0.650048553943634,0.9207445383071899,0.31979456543922424,1.6860657930374146,0.47216796875,0.031824417412281036,0.09750360250473022,0.5062829256057739,0.45472708344459534,0.11752167344093323,0.01622348092496395,0.12089378386735916,0.22729690372943878,0.39302822947502136,0.23683492839336395,0.45168593525886536,0.06495821475982666,0.01009902823716402,0.9566128253936768,0.24830301105976105,0.9665265083312988,1.703646183013916,1.2538291215896606,0.8172789216041565,0.31078672409057617
0.10208584368228912,0.14112600684165955,0.19698749482631683,0.6604210734367371,0.954495370388031,0.09784156829118729,0.08987869322299957,4.847775936126709,1.2862927913665771,0.5031478404998779,0.40028393268585205,0.2783656418323517,0.7592748403549194,0.00039999998989515007,0.10613346844911575,0.640281081199646,1.5396699905395508,3.7337570190429688,1.1808580160140991,0.9316376447677612,0.2835046648979187,1.004044771194458,0.3384086787700653,0.4577312469482422,0.5845956206321716,1.6056057214736938,0.10347628593444824,0.21148476004600525,0.5198112726211548,0.20184674859046936,0.40862107276916504,0.035666756331920624,0.5838663578033447,1.1446152925491333,0.5819452404975891,1.9120917320251465,0.5707501769065857,0.3344452381134033,0.03726251423358917,0.245698943734169,0.39173582196235657,0.09402758628129959,0.2532327175140381,0.1555609256029129,0.08577093482017517,0.3750278651714325,0.017062323167920113,0.24335259199142456,0.36795979738235474,0.3567447364330292,0.7042704224586487,0.003651967039331794,0.6155656576156616,1.533556580543518,0.8168718814849854,0.4441736340522766,0.30982014536857605
0.45612651109695435,0.010167842730879784,0.3343886733055115,0.7581599950790405,0.6926534175872803,0.2248443365097046,0.12635545432567596,4.741557598114014,1.52236008644104,0.5045381784439087,0.4174881875514984,0.21283602714538574,0.5331712961196899,0.00039999998989515007,0.13155734539031982,0.5455870628356934,1.1619563102722168,3.7269749641418457,1.2923023700714111,1.0634145736694336,0.12646886706352234,0.9975663423538208,0.4162996709346771,0.24201086163520813,0.6834742426872253,1.7527141571044922,0.11855941265821457,0.0428042858839035,0.5583449602127075,0.31839558482170105,0.32946425676345825,0.0415482297539711,0.6128013730049133,0.9304240345954895,0.34027883410453796,1.9403337240219116,0.4135385751724243,0.4406033456325531,0.18992677330970764,0.05850983411073685,0.2249252200126648,0.272911012172699,0.38523945212364197,0.186285138130188,0.18817690014839172,0.4696801006793976,0.09869944304227829,0.42278194427490234,0.36748936772346497,0.16641347110271454,0.8491407036781311,0.05446135997772217,0.7280411124229431,1.6900187730789185,0.7861989140510559,0.7695712447166443,0.2543312907218933
0.48901107907295227,0.15150044858455658,1.0126508474349976,0.2938195765018463,0.44276851415634155,0.8393072485923767,0.22481372952461243,4.383996963500977,1.5448169708251953,0.6176248788833618,0.9162019491195679,0.8140788078308105,0.4547356963157654,0.00039999998989515007,0.6741056442260742,0.40650475025177,1.8274132013320923,2.945894956588745,1.5900366306304932,0.7174344062805176,0.5164287090301514,0.9837204813957214,0.29446443915367126,0.6008182168006897,0.6638249754905701,1.1472302675247192,0.4370347261428833,0.26182323694229126,0.9578366279602051,0.4843614101409912,0.8275430202484131,0.2817143499851227,0.002829478122293949,1.031542181968689,0.714066743850708,1.4575363397598267,0.49537384510040283,0.14362122118473053,0.3266253173351288,0.6465352177619934,0.6004513502120972,0.14321018755435944,0.0701100081205368,0.10367780923843384,0.2236681580543518,0.11718424409627914,0.683434247970581,0.6908573508262634,0.03135713189840317,0.6487798094749451,1.0263036489486694,0.22184491157531738,1.551185131072998,1.417789101600647,0.686883807182312,1.1440421342849731,0.49400219321250916
0.6434722542762756,1.2748792171478271,0.06677122414112091,0.08986815810203552,1.215484380722046,0.09202176332473755,0.34380751848220825,4.549149990081787,0.391373872756958,0.17844009399414062,0.30984583497047424,0.10078757256269455,1.4688912630081177,0.00039999998989515007,0.0888127014040947,0.7585688233375549,2.3431594371795654,2.9321110248565674,1.1198562383651733,0.1965879499912262,0.6145892143249512,1.0887720584869385,0.06255652010440826,0.7644606828689575,0.6115990877151489,1.1250121593475342,0.47167763113975525,0.7497520446777344,0.790898859500885,0.4194740056991577,0.8986097574234009,0.005416635423898697,0.7029596567153931,0.8490852117538452,1.104623794555664,1.8180837631225586,0.5384339094161987,0.1997145414352417,0.016209179535508156,0.5948689579963684,0.9359576106071472,0.20534367859363556,0.271704763174057,0.02109675295650959,0.9235444068908691,0.34440183639526367,0.012736991979181767,0.24752315878868103,0.42010602355003357,0.4927060902118683,0.19948366284370422,0.3917786777019501,0.33357733488082886,1.2442597150802612,0.9482808709144592,0.6371350884437561,0.5853877663612366
0.6922618746757507,0.11384651064872742,0.11210451275110245,0.7917014360427856,1.3232744932174683,0.9376065731048584,0.5763012766838074,4.517635822296143,0.6300675868988037,0.029256418347358704,0.21704645454883575,0.2653014361858368,0.20130418241024017,0.00039999998989515007,0.37790268659591675,1.0597745180130005,1.6808191537857056,2.8232078552246094,1.5363460779190063,1.1847704648971558,0.3044659197330475,0.5691555142402649,0.4656951427459717,0.38819146156311035,0.21622301638126373,2.382413864135742,0.7668224573135376,0.26251986622810364,0.028526846319437027,0.11909583956003189,0.8672851920127869,0.11248403787612915,0.9173775315284729,1.4163113832473755,0.5343806743621826,1.9635577201843262,0.6808416247367859,0.5662854909896851,0.08062836527824402,0.8279556035995483,0.7181234359741211,0.05253605917096138,0.09634725749492645,0.26371729373931885,0.23482514917850494,0.1846223920583725,0.2284965068101883,0.41901522874832153,0.1677321344614029,0.02229803055524826,0.7551636695861816,0.36020350456237793,0.022648407146334648,1.1111083030700684,0.7168646454811096,0.4039902985095978,0.013763480819761753
0.9397512674331665,0.28068169951438904,0.1357603669166565,1.0596345663070679,0.9515216946601868,0.27440255880355835,0.3661259710788727,4.713715553283691,0.9553583264350891,0.14336015284061432,0.23356950283050537,0.47973892092704773,0.21849216520786285,0.00039999998989515007,0.3732391893863678,1.2623316049575806,1.1548445224761963,3.4463906288146973,1.6880600452423096,1.2449380159378052,0.11138883978128433,0.8040569424629211,0.4768579304218292,0.004396743141114712,0.2795390486717224,2.3285601139068604,0.5265761017799377,0.10970193147659302,0.0204989742487669,0.03135738521814346,0.7109430432319641,0.031420398503541946,0.6531717777252197,0.8087045550346375,0.05325113236904144,2.157137870788574,0.4852076470851898,0.6649485230445862,0.044961150735616684,0.5470041632652283,0.16976149380207062,0.12955716252326965,0.25945043563842773,0.028420202434062958,0.19533942639827728,0.19944749772548676,0.3016011714935303,0.0543992817401886,0.27797478437423706,0.11129845678806305,0.3997235596179962,0.2761703133583069,0.27631938457489014,1.1801214218139648,0.4151483476161957,0.15046092867851257,0.0018698587082326412
0.26816004514694214,0.1834365725517273,0.4468413293361664,0.6765234470367432,0.7044116258621216,0.1196395680308342,0.09564869105815887,4.483762264251709,1.128580927848816,0.33884507417678833,0.40049824118614197,0.7981914281845093,1.6027246713638306,0.00039999998989515007,0.1440935879945755,0.7124155759811401,1.089941382408142,3.7883427143096924,0.1016058400273323,0.30677270889282227,0.08517054468393326,0.913182258605957,0.46148043870925903,0.8927646279335022,1.2601929903030396,0.8756200671195984,0.32772523164749146,0.9993671774864197,0.854217529296875,0.6821421384811401,0.5089728832244873,0.590042769908905,0.7058778405189514,0.6332604289054871,0.21398599445819855,1.8115724325180054,0.7056939601898193,0.1479317992925644,0.01986069791018963,0.4949668347835541,0.171132430434227,0.05432279780507088,0.4324107766151428,0.10015231370925903,0.4213649332523346,1.0882240533828735,0.3631734251976013,0.5101040005683899,0.713721752166748,0.7137598395347595,0.5084732174873352,0.9150102734565735,0.07492293417453766,1.4975810050964355,1.030121088027954,0.08919645100831985,0.6716763377189636
0.29057765007019043,0.062400754541158676,0.04223073273897171,0.6148931980133057,0.9080715775489807,0.23543702065944672,0.12570592761039734,4.484607696533203,1.6042181253433228,0.37538349628448486,0.03378394618630409,0.01610862836241722,0.40732091665267944,0.00039999998989515007,0.6800608038902283,0.5246714949607849,1.1278343200683594,3.835930109024048,0.9322526454925537,1.23422372341156,0.17124979197978973,0.7502743601799011,0.4118593633174896,0.29755234718322754,0.5969595909118652,1.5803143978118896,0.1370353400707245,0.12915733456611633,0.5219229459762573,0.3118399977684021,0.025174986571073532,0.08041882514953613,1.0783239603042603,1.1440626382827759,0.4616287648677826,2.0180773735046387,0.09100941568613052,0.5003412961959839,0.18757548928260803,0.07973005622625351,0.3257308900356293,0.2582690417766571,0.3805992305278778,0.00564362620934844,0.22434714436531067,0.6314306259155273,0.05958649516105652,0.08397549390792847,0.7323522567749023,0.25538891553878784,0.7797785997390747,0.08731523901224136,0.5447851419448853,1.9027477502822876,1.089181661605835,0.6113408803939819,0.21600033342838287
0.14074274897575378,0.06505081057548523,0.40568920969963074,0.5532326698303223,0.8236058950424194,0.49982255697250366,0.2379639744758606,4.811979293823242,1.4876453876495361,0.9359339475631714,0.3130919337272644,0.42563503980636597,0.652205765247345,0.00039999998989515007,0.1773284673690796,0.4402126371860504,1.249220609664917,3.569410800933838,1.0638182163238525,0.7686948180198669,0.3921067416667938,0.752694308757782,0.10312138497829437,0.43367600440979004,0.38344913721084595,1.8548744916915894,0.062324732542037964,0.2083708494901657,0.9005081057548523,0.07724987715482712,0.5204426050186157,0.17863285541534424,0.5912412405014038,1.227394461631775,0.4427941143512726,1.5843868255615234,0.4067048728466034,0.17759914696216583,0.005789708346128464,0.7630658149719238,0.37892863154411316,0.15684644877910614,0.4791555404663086,0.49862760305404663,0.33210664987564087,0.21535974740982056,0.18223823606967926,0.09867368638515472,0.09870646148920059,0.14425821602344513,0.6268548369407654,0.07656548917293549,0.7275264859199524,1.7977194786071777,1.1251826286315918,0.6237041354179382,0.192459836602211
0.37123632431030273,0.05604888126254082,0.25807544589042664,0.6859045028686523,0.7491990923881531,0.3531557619571686,0.006002281326800585,4.4993486404418945,1.8614544868469238,0.5211455821990967,0.37053796648979187,0.12320984899997711,0.5302667021751404,0.00039999998989515007,0.19537445902824402,0.27644699811935425,0.9578095078468323,3.9340476989746094,1.0005033016204834,1.0755170583724976,0.008566342294216156,0.96328204870224,0.5029937028884888,0.2725110352039337,0.8388175964355469,1.2757089138031006,0.028941243886947632,0.2292117327451706,0.5109724402427673,0.4245026707649231,0.04153265058994293,0.03700827434659004,0.6968901753425598,0.8805137872695923,0.3579660654067993,1.8938100337982178,0.2646913528442383,0.44115638732910156,0.14293570816516876,0.37014761567115784,0.12513305246829987,0.20460392534732819,0.26897406578063965,0.14260415732860565,0.31828954815864563,0.6299189925193787,0.08126811683177948,0.5281999111175537,0.6420481204986572,0.18744461238384247,0.9332426190376282,0.1898294985294342,0.8143854737281799,1.8576608896255493,0.98874431848526,1.0497190952301025,0.2939276397228241
0.07815869152545929,0.1977870762348175,0.1664334237575531,0.6088864803314209,0.8164756894111633,0.07396803796291351,0.08719871938228607,4.961342811584473,1.324995994567871,0.5853888988494873,0.3827805817127228,0.19393448531627655,0.7030598521232605,0.00039999998989515007,0.1326896995306015,0.6120836138725281,1.5088064670562744,3.7886247634887695,1.1397805213928223,0.9154505133628845,0.21842405200004578,1.0211641788482666,0.2649345099925995,0.3363654315471649,0.5888649225234985,1.5824395418167114,0.076003298163414,0.14601299166679382,0.5235417485237122,0.39943644404411316,0.32250168919563293,0.048009902238845825,0.592164158821106,0.9402999877929688,0.5289481282234192,1.8561043739318848,0.4865092635154724,0.3949117660522461,0.004415847361087799,0.13010792434215546,0.30194252729415894,0.17975348234176636,0.2957444190979004,0.2540997564792633,0.038245346397161484,0.47442179918289185,0.14497172832489014,0.30501097440719604,0.3714725375175476,0.26136118173599243,0.7236413955688477,0.029100393876433372,0.6873530149459839,1.5660849809646606,0.8577559590339661,0.5554406046867371,0.29629313945770264
0.9170918464660645,0.26277345418930054,0.18702515959739685,0.7787218689918518,0.550706684589386,0.18292611837387085,0.010945471003651619,4.214962959289551,1.1279044151306152,0.025868413969874382,0.21744360029697418,0.34131208062171936,0.14241905510425568,0.00039999998989515007,0.649708092212677,0.8710026144981384,0.59578937292099,3.668414354324341,1.9972584247589111,1.5439492464065552,0.25497177243232727,0.9658672213554382,0.587258517742157,0.746968686580658,0.2824782133102417,2.2914071083068848,0.6315678358078003,0.38646450638771057,0.4211641550064087,0.35920265316963196,0.5564810633659363,0.08792086690664291,0.7898204326629639,0.10614781826734543,0.007339920848608017,2.10382342338562,0.042832184582948685,1.0852504968643188,0.20620933175086975,0.24526378512382507,0.41812294721603394,0.5425891280174255,0.27372464537620544,0.02281956374645233,0.2702714800834656,0.20813825726509094,0.41756051778793335,0.42979004979133606,0.500184953212738,0.5064809918403625,0.44246435165405273,0.3989832401275635,0.585252583026886,1.345980167388916,0.229319229722023,0.7699739336967468,0.4594005048274994
0.22026395797729492,0.10445339977741241,0.3546774387359619,0.38905206322669983,0.6786928176879883,0.3884128928184509,0.2851972281932831,4.729691982269287,1.45271635055542,0.9955664873123169,0.4554804265499115,0.43847283720970154,0.8955366015434265,0.00039999998989515007,0.316210001707077,0.3872393071651459,1.2931157350540161,3.7094669342041016,0.8924708962440491,0.871249258518219,0.5227345824241638,0.7980038523674011,0.1740213930606842,0.32279837131500244,0.42069029808044434,1.7645716667175293,0.20614199340343475,0.01137316133826971,0.9326091408729553,0.1354876458644867,0.32939350605010986,0.14077551662921906,0.5617156028747559,1.0871518850326538,0.6103543043136597,1.60826575756073,0.3304654657840729,0.20013472437858582,0.03641808032989502,0.5227381587028503,0.2441609650850296,0.2072938084602356,0.6157389879226685,0.5892540812492371,0.25607961416244507,0.3443346321582794,0.38317081332206726,0.18460224568843842,0.22289501130580902,0.22104984521865845,0.5791038870811462,0.006131181493401527,0.79875648021698,1.803270697593689,1.1029797792434692,0.7550031542778015,0.2752174437046051
0.07434385269880295,0.8191781044006348,0.14698339998722076,0.2651676833629608,0.5341284275054932,0.16439315676689148,0.48454952239990234,4.443330764770508,2.07301926612854,0.5134495496749878,0.37887245416641235,0.5007718801498413,0.12309647351503372,0.00039999998989515007,0.3972586393356323,0.03241296112537384,1.1660897731781006,3.5260441303253174,0.8281626105308533,0.4491521120071411,0.17371778190135956,1.1721675395965576,0.9030838012695312,0.31387683749198914,1.0364686250686646,0.49814850091934204,0.17163661122322083,0.03627883642911911,0.6426038146018982,0.9470135569572449,0.23407453298568726,0.16466788947582245,1.17438542842865,0.8635286092758179,0.4525262117385864,1.38271963596344,0.31382760405540466,0.07567418366670609,0.2104390263557434,0.2689177989959717,0.4726791977882385,0.4376489222049713,0.44625547528266907,0.04489986598491669,0.11162476986646652,1.1732429265975952,0.03565545752644539,0.3952867090702057,0.9041945934295654,0.10387517511844635,0.6383479833602905,0.7806251645088196,0.9314010143280029,1.7439972162246704,1.6682497262954712,0.6485034823417664,0.6843855977058411
0.05374797061085701,0.24710281193256378,0.1695607751607895,0.8228700160980225,0.42337146401405334,0.1560371220111847,1.1016216278076172,4.589807510375977,1.6840230226516724,1.314795970916748,0.42497485876083374,0.5481501817703247,0.5108057260513306,0.00039999998989515007,0.03772271052002907,0.049614276736974716,0.456386536359787,3.8517708778381348,1.1486883163452148,0.3690858781337738,0.16439248621463776,1.1455694437026978,0.41848689317703247,0.15600274503231049,0.5783536434173584,1.4576860666275024,0.39950135350227356,0.35151535272598267,0.8842363357543945,0.2035617232322693,0.4541303515434265,0.026613788679242134,0.20927125215530396,0.5992658734321594,0.1407567411661148,1.1975892782211304,0.35907667875289917,0.31887656450271606,0.30256199836730957,0.3960151970386505,0.09777367860078812,0.30609360337257385,0.6503784656524658,1.0461337566375732,0.3532862663269043,0.560770571231842,1.1031591892242432,0.42753756046295166,0.10311517119407654,0.34908926486968994,0.41347622871398926,0.2790764272212982,1.0422093868255615,1.776235818862915,0.9026379585266113,1.084984540939331,0.11184100061655045
0.3325030505657196,0.2349916249513626,0.019786320626735687,0.6127969026565552,0.9801300764083862,0.7720176577568054,0.29712411761283875,4.710546493530273,1.412992000579834,1.0313670635223389,0.29670900106430054,0.49808672070503235,0.855642557144165,0.00039999998989515007,0.4609343707561493,0.3935040831565857,1.1792430877685547,3.814391613006592,0.8380798101425171,0.8717660903930664,0.3398299813270569,0.8497519493103027,0.06023634225130081,0.27499064803123474,0.42627206444740295,1.6674578189849854,0.2784527540206909,0.19135266542434692,0.6776381731033325,0.024327486753463745,0.26243162155151367,0.07729525119066238,0.670885443687439,1.174343228340149,0.5423394441604614,1.680523157119751,0.3571239411830902,0.28044673800468445,0.22571614384651184,0.4762621223926544,0.2302176058292389,0.06270626932382584,0.5717558860778809,0.6289821267127991,0.0986446663737297,0.392262727022171,0.5244369506835938,0.025814739987254143,0.30295249819755554,0.07087137550115585,0.3427702486515045,0.08207790553569794,0.609585702419281,1.6810401678085327,1.0951080322265625,0.47873565554618835,0.20239494740962982
0.08463993668556213,1.168218731880188,0.562597393989563,0.6376819014549255,0.9866908192634583,0.15713579952716827,0.8716856241226196,4.713061809539795,1.0494028329849243,0.3704436719417572,0.33207646012306213,0.010140900500118732,0.34887388348579407,0.00039999998989515007,0.2106965184211731,0.04478134959936142,1.2499467134475708,3.0835177898406982,0.8302371501922607,0.23353472352027893,0.43251535296440125,1.6369473934173584,1.1691045761108398,0.11703559011220932,1.1740916967391968,1.259613037109375,0.18364547193050385,0.056745462119579315,0.5136056542396545,0.8819822669029236,0.6594883799552917,0.37470850348472595,1.0604976415634155,0.9060497879981995,0.2436286211013794,1.4728161096572876,0.0626259595155716,0.08357418328523636,0.7482318878173828,0.22224865853786469,0.5153283476829529,0.05348489433526993,0.16618679463863373,0.4633132517337799,0.7979482412338257,0.8675013780593872,0.6903167963027954,0.3491876423358917,0.21134407818317413,0.7214361429214478,0.24881598353385925,0.6563699245452881,0.8841052651405334,1.0746822357177734,1.4956265687942505,0.03443077206611633,0.7972791790962219
0.41048064827919006,0.18854382634162903,0.21322959661483765,0.9003641605377197,1.0562717914581299,0.3746810853481293,0.20496748387813568,4.771761417388916,1.6702154874801636,0.7435474991798401,0.3047964572906494,0.249080628156662,0.5511837005615234,0.00039999998989515007,0.09062382578849792,0.5207385420799255,0.9913366436958313,3.8276307582855225,0.9230442643165588,0.797120213508606,0.02185053937137127,0.881875216960907,0.3111361265182495,0.49870917201042175,0.7290158271789551,1.5515176057815552,0.06777477264404297,0.24657322466373444,0.5429410338401794,0.21128632128238678,0.14861983060836792,0.05138968303799629,0.8088083267211914,1.1248208284378052,0.19004590809345245,1.8556370735168457,0.44093456864356995,0.2031470686197281,0.24611948430538177,0.23478592932224274,0.32740655541419983,0.05263558030128479,0.2161223292350769,0.2235759198665619,0.09880425781011581,0.4168374538421631,0.03246632218360901,0.09475575387477875,0.4594575762748718,0.2010585218667984,0.6237553954124451,0.12003374099731445,0.4892285466194153,1.6478936672210693,1.144641399383545,0.4849833548069,0.27308139204978943
0.016022002324461937,0.20913496613502502,0.1240740716457367,0.45572561025619507,0.5122137069702148,0.32612448930740356,0.1983068883419037,4.391115665435791,2.081235408782959,0.713252604007721,0.39612579345703125,0.22268523275852203,0.49427637457847595,0.00039999998989515007,0.37500980496406555,0.19335269927978516,1.0892709493637085,3.9090359210968018,0.8315339088439941,1.1538971662521362,0.28270500898361206,1.0373766422271729,0.22970126569271088,0.2779976725578308,0.758505642414093,1.0034335851669312,0.11742455512285233,0.20700843632221222,0.602390468120575,0.512467086315155,0.1600661277770996,0.008466769009828568,0.7125166654586792,0.8485004305839539,0.5545499920845032,1.7020150423049927,0.04310566559433937,0.4537881910800934,0.16810983419418335,0.34803614020347595,0.0847100242972374,0.38530343770980835,0.3358885645866394,0.3099677264690399,0.36810997128486633,0.7411603331565857,0.08064177632331848,0.49198389053344727,0.7472738027572632,0.24097613990306854,0.8221223950386047,0.2087237387895584,0.8923963308334351,2.0054543018341064,1.043544888496399,1.1792981624603271,0.3833772838115692
0.5661744475364685,0.22219736874103546,0.5425373315811157,0.6199508309364319,0.6849991679191589,0.11383900046348572,0.16899490356445312,4.738838195800781,1.6025992631912231,0.6865690350532532,0.26730042695999146,0.20678141713142395,0.4746240973472595,0.00039999998989515007,0.20693828165531158,0.48783713579177856,1.2671170234680176,3.3449721336364746,1.0763647556304932,0.9832664132118225,0.25777536630630493,0.7959790825843811,0.28039786219596863,0.4253014326095581,0.629935085773468,1.8923231363296509,0.11015883833169937,0.28015488386154175,0.8773267865180969,0.5080429315567017,0.3085422217845917,0.05306963995099068,0.7658259868621826,1.1136351823806763,0.31234437227249146,1.8103911876678467,0.2991591989994049,0.21998310089111328,0.19913463294506073,0.501336395740509,0.46913444995880127,0.2838072180747986,0.4925728142261505,0.2381591796875,0.2844765782356262,0.3885055482387543,0.00872363243252039,0.27105221152305603,0.31004825234413147,0.2252178192138672,0.9275439977645874,0.1412781924009323,0.7504729628562927,1.776369571685791,1.1263810396194458,0.6944108605384827,0.3703308701515198
0.06772200763225555,0.2081453502178192,0.48661574721336365,0.2555062174797058,0.7480459809303284,0.02424190379679203,0.23993957042694092,4.626875400543213,1.1697511672973633,0.7571243047714233,0.7218515276908875,0.7123045921325684,0.769960880279541,0.00039999998989515007,0.2645162045955658,0.3858954906463623,2.3010401725769043,2.952073335647583,1.0761770009994507,1.157700538635254,0.8770376443862915,0.9466265439987183,0.6439330577850342,0.7121679186820984,0.3843657374382019,1.3505733013153076,0.09343097358942032,0.01625085435807705,0.7001335024833679,0.326687216758728,0.48287782073020935,0.18368713557720184,0.19067896902561188,1.4121805429458618,0.9458560347557068,1.5990334749221802,0.6266709566116333,0.24150444567203522,0.3790152668952942,0.31966906785964966,0.6919185519218445,0.28917115926742554,0.39344510436058044,0.18543139100074768,0.19755809009075165,0.055139411240816116,0.4629831612110138,0.28530776500701904,0.22787484526634216,0.8275647163391113,1.1858497858047485,0.35439565777778625,0.9597883820533752,1.3194266557693481,0.5121312737464905,0.6604915261268616,0.4326528012752533
0.3415912389755249,0.27420368790626526,0.2559259235858917,0.9312162399291992,1.0471137762069702,0.42822888493537903,0.374271035194397,4.852516174316406,1.7904553413391113,1.0709953308105469,0.18614687025547028,0.377657949924469,0.2942461669445038,0.00039999998989515007,0.33988094329833984,0.2271072119474411,1.2371922731399536,3.2196006774902344,1.3449581861495972,0.43973875045776367,0.006253237370401621,0.9273632764816284,0.2816943824291229,0.56480872631073,0.6652145385742188,1.425147533416748,0.40346524119377136,0.2664070725440979,0.7096379995346069,0.3953920602798462,0.5190482139587402,0.014909518882632256,0.6494691967964172,1.186387062072754,0.3109652101993561,1.5329359769821167,0.582126796245575,0.12442000955343246,0.3724362850189209,0.6855225563049316,0.6532925367355347,0.15623268485069275,0.009325196966528893,0.41527241468429565,0.1736147403717041,0.5192654728889465,0.21350416541099548,0.04806280508637428,0.03299058973789215,0.0304606631398201,0.6283871531486511,0.0404767170548439,0.9454403519630432,1.4921221733093262,1.3539438247680664,0.48964184522628784,0.23273470997810364
0.03975198045372963,0.1624705195426941,0.17015440762043,0.7094391584396362,1.0868302583694458,0.7226110100746155,0.03444705903530121,4.816106796264648,1.4764084815979004,0.9815112948417664,0.24424690008163452,0.4292832314968109,0.630530834197998,0.00039999998989515007,0.10799303650856018,0.4935222864151001,1.4138884544372559,3.4442293643951416,1.1264491081237793,0.7624639868736267,0.30510714650154114,0.7873326539993286,0.06305680423974991,0.5164851546287537,0.36685407161712646,1.711119532585144,0.19003570079803467,0.024290384724736214,0.6539803147315979,0.1705745905637741,0.4292915463447571,0.08676594495773315,0.69028240442276,1.2564777135849,0.5490046739578247,1.6986960172653198,0.5515154004096985,0.09983188658952713,0.2295529544353485,0.7101367712020874,0.5087294578552246,0.08107072114944458,0.28384751081466675,0.41603052616119385,0.08307171612977982,0.3374757468700409,0.034627754241228104,0.09102102369070053,0.17479856312274933,0.14638076722621918,0.5575190186500549,0.09292492270469666,0.6993682980537415,1.5910255908966064,1.2366139888763428,0.38014861941337585,0.18697787821292877
0.34221944212913513,0.4064730107784271,1.5093549489974976,0.8495718240737915,0.11691735684871674,0.3249121606349945,0.25141167640686035,4.407778263092041,1.9978934526443481,1.4722650051116943,0.8947754502296448,0.24313120543956757,0.8995463848114014,0.00039999998989515007,1.0252442359924316,0.4412820637226105,0.8468382954597473,2.9821856021881104,0.9462255239486694,0.10449691116809845,0.18710988759994507,0.402309387922287,0.39007940888404846,1.1940107345581055,0.9121968746185303,0.8988103270530701,0.381860613822937,0.23348377645015717,1.4809231758117676,0.6977746486663818,0.18452408909797668,0.14191393554210663,0.001156558282673359,0.5228011012077332,0.04027123004198074,1.1149649620056152,1.0246434211730957,0.48752158880233765,0.1814081370830536,0.4354422092437744,0.42013847827911377,0.09102090448141098,0.39982283115386963,0.44443169236183167,0.7520326375961304,0.9148321151733398,0.41332146525382996,0.44578856229782104,0.11551888287067413,0.9376880526542664,0.9154364466667175,0.1712246686220169,0.8103973269462585,1.6728495359420776,1.0290100574493408,0.9834124445915222,0.1581934541463852
0.20518867671489716,0.4587557315826416,0.11996272206306458,0.13893850147724152,0.909020721912384,0.18573656678199768,0.8352319598197937,4.534915924072266,0.76360684633255,0.15370319783687592,0.1761048585176468,0.5710116028785706,1.1460946798324585,0.00039999998989515007,0.6846576929092407,0.711378812789917,1.9031882286071777,3.280773639678955,0.3167457580566406,0.6746882200241089,0.32394957542419434,0.9673187136650085,0.012056499719619751,0.5242626667022705,0.5524340271949768,1.4309977293014526,0.04940791800618172,0.5984488129615784,0.5653088092803955,0.8394197821617126,0.12358525395393372,0.2917524576187134,1.1132526397705078,1.0249760150909424,0.8958783745765686,1.7415556907653809,0.2579730153083801,0.22484156489372253,0.014648484997451305,0.024566465988755226,0.4875047206878662,0.135790154337883,0.14411042630672455,0.21592137217521667,0.8574579358100891,0.4745078682899475,0.1513272374868393,0.3328409492969513,0.7624425888061523,0.35700342059135437,0.8130480051040649,1.1208418607711792,0.27784085273742676,1.4158185720443726,1.6849777698516846,0.01615050807595253,0.8880535364151001
0.0016945883398875594,0.2183135449886322,0.6449928283691406,1.1071765422821045,0.3175497055053711,0.2592965066432953,0.25054633617401123,4.896521091461182,1.4575531482696533,1.2373008728027344,1.0145686864852905,0.08399388194084167,1.0950074195861816,0.00039999998989515007,0.5758485794067383,0.6975014805793762,1.0645699501037598,3.6418192386627197,0.9931808114051819,0.5597044229507446,0.0578797422349453,0.9532557725906372,0.6694453954696655,0.6173433661460876,0.9372064471244812,1.0864925384521484,0.2747363746166229,0.34106001257896423,0.6943618059158325,0.4378315508365631,0.20289523899555206,0.35352906584739685,0.1324951946735382,0.39298129081726074,0.03043479658663273,1.6141504049301147,1.0251861810684204,0.33918169140815735,0.0361408106982708,0.35257014632225037,0.023791229352355003,0.14827023446559906,0.7573697566986084,0.6012341976165771,0.30576831102371216,0.8473485112190247,0.4537142515182495,0.5296271443367004,0.17380544543266296,0.7066524624824524,0.6461085081100464,0.15330860018730164,0.466238796710968,1.3449749946594238,0.1314726024866104,0.7266203761100769,0.09584071487188339
0.03789385408163071,0.13459275662899017,0.1761307567358017,0.6505854725837708,0.8741392493247986,0.2245251089334488,0.05553900822997093,4.98347282409668,1.3167699575424194,0.7618653774261475,0.4352187514305115,0.32330089807510376,0.7823783159255981,0.00039999998989515007,0.09775079041719437,0.5706504583358765,1.5648821592330933,3.5954079627990723,1.062807559967041,0.935233473777771,0.27685868740081787,1.0232957601547241,0.301552951335907,0.39054667949676514,0.5631037950515747,1.6179423332214355,0.03354000672698021,0.1773221790790558,0.5505045056343079,0.3844243884086609,0.32195621728897095,0.057993173599243164,0.544934868812561,1.015367031097412,0.5255290865898132,1.8421103954315186,0.5487318634986877,0.3624419867992401,0.06960263103246689,0.20735280215740204,0.330054372549057,0.12276388704776764,0.4096950590610504,0.37219545245170593,0.031815096735954285,0.4270440340042114,0.22609829902648926,0.2400798797607422,0.3151383399963379,0.2625294625759125,0.6998128890991211,0.0006149861146695912,0.6759073734283447,1.5339640378952026,0.872512936592102,0.5148971080780029,0.30900347232818604
0.6418910026550293,0.1569920778274536,0.02632526122033596,0.9818849563598633,0.945128858089447,0.4151236116886139,0.46897828578948975,4.9092326164245605,0.8404475450515747,0.3933819532394409,0.37499865889549255,0.6296780109405518,0.34775781631469727,0.00039999998989515007,0.3225806653499603,1.2888485193252563,1.412172794342041,3.3950164318084717,1.6008740663528442,1.20728600025177,0.013921027071774006,0.9028922319412231,0.4144236743450165,0.017672592774033546,0.20926673710346222,2.188724994659424,0.3806765079498291,0.038480110466480255,0.039086490869522095,0.1856462061405182,0.6978135108947754,0.024544894695281982,0.48903220891952515,0.7232865691184998,0.18122296035289764,2.0845463275909424,0.5577452182769775,0.6722546815872192,0.2254093736410141,0.5559656023979187,0.1388024538755417,0.08431793004274368,0.32861873507499695,0.185553178191185,0.309275358915329,0.20089112222194672,0.510546863079071,0.02504156343638897,0.20451754331588745,0.07754173874855042,0.30489397048950195,0.3817738890647888,0.38355883955955505,1.10410737991333,0.35932034254074097,0.1356775164604187,0.0030287362169474363
0.558106005191803,0.09170649200677872,0.895011842250824,0.11419841647148132,0.43378573656082153,0.9833497405052185,0.2778918445110321,4.144927978515625,1.7996973991394043,0.5385574102401733,0.8325582146644592,0.769403338432312,0.4482012987136841,0.00039999998989515007,0.22700271010398865,0.1979607343673706,1.3850977420806885,3.2261223793029785,1.366563081741333,1.0848280191421509,0.41318148374557495,0.8755252957344055,0.6355462670326233,0.17290203273296356,0.4031601846218109,1.310551643371582,0.36869192123413086,0.08059853315353394,0.7216385006904602,0.5068672299385071,0.5699838399887085,0.3589125871658325,0.19368472695350647,0.7931590676307678,0.8061637282371521,1.5413661003112793,0.2735261023044586,0.1794000118970871,0.3112618625164032,0.12209635972976685,0.14929984509944916,0.1516449749469757,0.01762690581381321,0.15987758338451385,0.42090463638305664,0.16624446213245392,0.45270195603370667,0.8033997416496277,0.22286099195480347,0.20596173405647278,1.1864289045333862,0.04001389071345329,1.6087912321090698,1.8289296627044678,1.08644437789917,1.7174936532974243,0.3790276348590851
0.10100015997886658,0.2811395823955536,0.5868360996246338,1.0591799020767212,0.4047037959098816,0.13278011977672577,0.13346944749355316,4.800029754638672,1.3660004138946533,1.1912617683410645,0.9844699501991272,0.10118786245584488,1.2452929019927979,0.00039999998989515007,0.44410133361816406,0.6747079491615295,1.2170029878616333,3.5453312397003174,0.7940995097160339,0.7043806910514832,0.13482536375522614,0.9756983518600464,0.777798056602478,0.6848940849304199,0.9957979321479797,1.0990679264068604,0.4945715665817261,0.469936728477478,0.7077155113220215,0.41978365182876587,0.28750044107437134,0.3899843096733093,0.051173821091651917,0.5748807191848755,0.060135528445243835,1.6827372312545776,0.9902585744857788,0.42395445704460144,0.0897182747721672,0.4208199977874756,0.04929985851049423,0.19085606932640076,0.8945612907409668,0.5789952874183655,0.24636052548885345,0.8520210385322571,0.5012847185134888,0.503440797328949,0.2925417125225067,0.8038687109947205,0.6829666495323181,0.0929841548204422,0.35238343477249146,1.3401134014129639,0.09429536014795303,0.6045498251914978,0.18549759685993195
0.17528101801872253,0.10072388499975204,0.14713691174983978,0.7815216183662415,0.659493088722229,0.015078066848218441,0.023966975510120392,4.836108684539795,1.4673494100570679,0.7783905267715454,0.4626416563987732,0.2429942935705185,0.6780003905296326,0.00039999998989515007,0.18719442188739777,0.5510923862457275,1.268904447555542,3.6373462677001953,1.0973787307739258,1.1357827186584473,0.11987431347370148,1.0778077840805054,0.42848721146583557,0.17611034214496613,0.6783206462860107,1.6474601030349731,0.16744963824748993,0.1324533373117447,0.4913666546344757,0.4691675007343292,0.12205559760332108,0.12356597185134888,0.5487673282623291,0.8186769485473633,0.32362672686576843,1.9124754667282104,0.4494130313396454,0.5979535579681396,0.03303210437297821,0.1391313076019287,0.12863631546497345,0.30566200613975525,0.6276683807373047,0.42528969049453735,0.13532008230686188,0.6403458714485168,0.45977261662483215,0.3638637363910675,0.4049907326698303,0.16173936426639557,0.7633433938026428,0.018330924212932587,0.6825539469718933,1.661374568939209,0.682056188583374,0.7343173623085022,0.22033299505710602
0.1528642475605011,0.07669021934270859,0.23367272317409515,0.7487650513648987,0.9706973433494568,0.2361220270395279,0.28193601965904236,4.8403801918029785,1.2868984937667847,0.7201663255691528,0.5004729628562927,0.44818058609962463,0.9045548439025879,0.00039999998989515007,0.09513825923204422,0.6577930450439453,1.5895428657531738,3.476372718811035,0.9928308129310608,1.087149739265442,0.22304494678974152,1.025424599647522,0.5144713521003723,0.44327253103256226,0.6294168829917908,1.6657005548477173,0.17377886176109314,0.324988454580307,0.4791605770587921,0.3166356086730957,0.2826870083808899,0.10205410420894623,0.5004414319992065,1.1255749464035034,0.4181689918041229,1.9416180849075317,0.616468608379364,0.4554043412208557,0.06618410348892212,0.1250499039888382,0.33273160457611084,0.08259552717208862,0.502367377281189,0.3286518454551697,0.08671196550130844,0.2710104286670685,0.2685215473175049,0.27187392115592957,0.3925814926624298,0.3046289086341858,0.709602415561676,0.03173724189400673,0.5735461711883545,1.4741828441619873,0.751994788646698,0.4678829610347748,0.35286104679107666
0.6232633590698242,0.0688110813498497,0.32359233498573303,0.8930470943450928,0.7059571743011475,0.146470308303833,0.11300834268331528,4.739206314086914,1.5516741275787354,0.7207288146018982,0.46526533365249634,0.44043970108032227,0.5410487651824951,0.00039999998989515007,0.06235170736908913,0.4913085997104645,1.0389167070388794,3.4152934551239014,1.2907586097717285,1.1654351949691772,0.05411713570356369,1.0785701274871826,0.4465562403202057,0.02768326923251152,0.6435227990150452,1.9900085926055908,0.05737043544650078,0.07782268524169922,0.4251254200935364,0.4102826714515686,0.3917798697948456,0.10238435864448547,0.5172432065010071,0.824645459651947,0.1251392364501953,1.9166789054870605,0.47328901290893555,0.5702004432678223,0.02942027896642685,0.03013734519481659,0.08659897744655609,0.23010419309139252,0.5515197515487671,0.43586844205856323,0.183108851313591,0.30552974343299866,0.47287705540657043,0.48764216899871826,0.2376658320426941,0.2032918632030487,0.8219250440597534,0.11305037885904312,0.7692691683769226,1.6157208681106567,0.8084878325462341,0.8757685422897339,0.23644734919071198
0.09992866218090057,0.1853419989347458,0.0038099070079624653,0.8590068221092224,1.040812611579895,0.4676799476146698,0.04902012646198273,4.748263835906982,1.435354471206665,0.8586859107017517,0.30878302454948425,0.3984784185886383,0.7057765126228333,0.00039999998989515007,0.20047961175441742,0.5493858456611633,1.3921633958816528,3.477128744125366,1.1014924049377441,1.1054108142852783,0.12072235345840454,1.014330267906189,0.3263642489910126,0.30759197473526,0.5508560538291931,1.7245835065841675,0.08477472513914108,0.1820681095123291,0.41244789958000183,0.2864871621131897,0.25409558415412903,0.08271104097366333,0.6763719916343689,1.1416515111923218,0.40702348947525024,1.9263980388641357,0.5498597025871277,0.4970978796482086,0.1760719120502472,0.16263040900230408,0.3251647353172302,0.06727513670921326,0.5100448727607727,0.41945046186447144,0.012241913005709648,0.5048220753669739,0.3440817892551422,0.09309788793325424,0.36098918318748474,0.07072238624095917,0.645511269569397,0.026879938319325447,0.6268249750137329,1.5925315618515015,0.9155544638633728,0.4552500545978546,0.19027256965637207
0.9934322237968445,1.4967290163040161,0.27077430486679077,1.355033278465271,0.9468513131141663,0.2421264350414276,1.2367030382156372,3.88840651512146,0.4549216032028198,0.13060231506824493,0.7356176376342773,0.18596674501895905,1.4141484498977661,0.00039999998989515007,0.12396648526191711,1.3343486785888672,0.8103883266448975,2.695380210876465,0.4677216410636902,0.7054871916770935,0.026354780420660973,0.5474762916564941,1.8502298593521118,1.0364450216293335,0.6653581261634827,1.1221898794174194,0.40334200859069824,1.245371699333191,0.5135380625724792,0.2402256429195404,0.07681912183761597,0.23627962172031403,0.05949750542640686,0.5555561184883118,0.6948133707046509,1.8994637727737427,1.0206217765808105,1.0003443956375122,0.4744719862937927,0.451742947101593,0.324957937002182,0.11487407982349396,1.1758499145507812,0.14429780840873718,0.14439547061920166,0.4782796800136566,0.6283277273178101,0.4233173131942749,0.5856440663337708,0.7921371459960938,0.3917216360569,0.5330668091773987,1.281754493713379,1.3290343284606934,0.9839906096458435,0.789739191532135,0.09331368654966354
0.5067307949066162,0.031154626980423927,0.2394278198480606,0.8776826858520508,1.0569937229156494,0.40418368577957153,0.3435252904891968,4.576256275177002,1.6811805963516235,0.6333016157150269,0.101566381752491,0.1036742553114891,0.522284984588623,0.00039999998989515007,0.30252528190612793,0.6735396981239319,1.2092461585998535,3.432664632797241,1.012554407119751,1.0411354303359985,0.052101895213127136,0.7878884077072144,0.3508477210998535,0.4947744309902191,0.724112868309021,1.6431715488433838,0.2048155814409256,0.1264657825231552,0.5490441918373108,0.5084690451622009,0.06626778095960617,0.07304879277944565,0.9846110939979553,1.1528122425079346,0.24412956833839417,2.022770404815674,0.3791115880012512,0.34484943747520447,0.11490963399410248,0.29269713163375854,0.4666522443294525,0.01857243850827217,0.34516432881355286,0.11913137882947922,0.05956905707716942,0.5673333406448364,0.01515000220388174,0.06304217875003815,0.5602210760116577,0.19273579120635986,0.7108848094940186,0.22060628235340118,0.560526430606842,1.7536869049072266,1.2281434535980225,0.44346028566360474,0.2735278308391571
0.25134626030921936,0.22188051044940948,0.14335855841636658,0.7042288780212402,0.6564362645149231,0.19955894351005554,0.10307435691356659,4.685451030731201,1.576861023902893,0.8450337052345276,0.2940688729286194,0.23740215599536896,0.42460310459136963,0.00039999998989515007,0.27266553044319153,0.587274968624115,1.3352901935577393,3.4395153522491455,1.2550244331359863,1.210587739944458,0.16868549585342407,0.9517792463302612,0.2832786440849304,0.13430723547935486,0.5441239476203918,1.7818852663040161,0.07185708731412888,0.16813981533050537,0.556686520576477,0.5804957747459412,0.20183567702770233,0.00397157110273838,0.7518948316574097,0.8992758989334106,0.43069252371788025,1.902395486831665,0.31245410442352295,0.531058132648468,0.019409988075494766,0.18783672153949738,0.2727808952331543,0.33242759108543396,0.5878620743751526,0.3863641023635864,0.23850297927856445,0.7057745456695557,0.3035445213317871,0.16201329231262207,0.353524774312973,0.09093299508094788,0.7892645597457886,0.03394302725791931,0.8837756514549255,1.7966026067733765,0.9127964377403259,0.7584670782089233,0.12877726554870605
0.15305529534816742,0.44676291942596436,0.17001138627529144,0.6173545718193054,1.1334155797958374,0.783280074596405,0.23275400698184967,4.924877166748047,0.8394901752471924,0.6442042589187622,0.09675654023885727,0.06725173443555832,0.8715479969978333,0.00039999998989515007,0.08290869742631912,0.6463662981987,2.0133450031280518,3.0929503440856934,0.968795657157898,0.988373339176178,0.2898668944835663,1.0785865783691406,0.22979988157749176,0.4122953712940216,0.35191673040390015,1.8528231382369995,0.011742235161364079,0.14195558428764343,0.2149035930633545,0.5260236263275146,0.432979553937912,0.27493685483932495,0.7392560243606567,1.2259801626205444,0.7417658567428589,1.8333542346954346,0.8131214380264282,0.48391634225845337,0.25394144654273987,0.13272114098072052,0.5481176972389221,0.07310833036899567,0.3094753623008728,0.26226484775543213,0.3895002603530884,0.5634432435035706,0.24422654509544373,0.031178826466202736,0.2098170518875122,0.07971232384443283,0.8461295366287231,0.20418182015419006,0.41762545704841614,1.2035802602767944,1.0157207250595093,0.03204476088285446,0.327529639005661
0.302712082862854,0.20621511340141296,0.8163502216339111,0.8090307712554932,0.24090877175331116,0.188100665807724,0.5276678800582886,3.942502737045288,2.118666410446167,1.7612406015396118,0.9368592500686646,0.4145679473876953,1.298455834388733,0.00039999998989515007,0.10653331130743027,0.052769985049963,0.135808527469635,3.6292011737823486,0.4516727030277252,0.6287471652030945,0.24015651643276215,0.5604535341262817,0.5597731471061707,0.37465476989746094,0.7423713803291321,1.3027502298355103,0.6917886137962341,0.18833988904953003,1.119733452796936,0.06075137481093407,0.38505035638809204,0.1466759890317917,0.10088023543357849,0.560964047908783,0.14891557395458221,1.2398247718811035,0.5871028304100037,0.14407064020633698,0.08417566120624542,0.13294093310832977,0.3451041877269745,0.04156973585486412,1.0972273349761963,1.0555579662322998,0.8603801727294922,0.7623775005340576,0.8074041604995728,0.45439615845680237,0.13829392194747925,0.14491209387779236,0.4680525064468384,0.204970121383667,0.7156422138214111,2.001924753189087,1.0139814615249634,1.4236828088760376,0.03761226311326027
0.4551565647125244,0.13722684979438782,0.4537166357040405,0.9252091646194458,0.8332886695861816,0.8144817352294922,0.1406128853559494,4.951740264892578,1.0304421186447144,1.254370927810669,0.6124247908592224,0.02124643884599209,1.7212486267089844,0.00039999998989515007,0.3298170268535614,0.8191269040107727,1.4095458984375,3.4008100032806396,0.3911702632904053,0.3559022843837738,0.08257822692394257,0.9132912158966064,0.34704726934432983,0.8840640187263489,0.8836039900779724,1.2770189046859741,0.620274007320404,0.670025646686554,0.5540842413902283,0.3428952097892761,0.1665671318769455,0.6174277067184448,0.14845556020736694,0.8775081038475037,0.19859209656715393,1.551633596420288,1.181946039199829,0.13993139564990997,0.4778468906879425,0.1347385048866272,0.18798498809337616,0.11442974209785461,0.5656015276908875,0.5976668000221252,0.3455621004104614,0.5960456728935242,0.7331521511077881,0.22912786900997162,0.26393282413482666,0.584527850151062,0.3615173399448395,0.4676724374294281,0.03630091995000839,0.9696966409683228,0.6980531811714172,0.05980674922466278,0.46037229895591736
0.06642795354127884,0.675437867641449,0.6269315481185913,0.6747457981109619,0.6255285739898682,0.10327186435461044,0.4380020201206207,4.4165802001953125,1.2082258462905884,0.42459988594055176,0.08687067031860352,0.06870294362306595,0.4227929711341858,0.00039999998989515007,0.834405243396759,0.26427677273750305,1.0664968490600586,3.4599053859710693,0.6423587203025818,1.3142858743667603,0.25385764241218567,1.49042546749115,0.1221514493227005,0.4072088301181793,1.1530574560165405,1.4188997745513916,0.7022985816001892,0.21833296120166779,0.23606447875499725,0.8576260805130005,0.08466072380542755,0.36015161871910095,1.0863549709320068,0.7081952095031738,0.1916445940732956,1.9592241048812866,0.17392142117023468,0.8744235038757324,0.21383866667747498,0.6340674161911011,0.016699912026524544,0.6224267482757568,0.6969746947288513,0.4260972738265991,0.23748672008514404,1.1604341268539429,0.986685037612915,0.3906881511211395,0.7271543145179749,0.35034114122390747,0.540142297744751,0.41803354024887085,0.6647540330886841,1.4933030605316162,0.727980375289917,0.4902482032775879,0.4819757044315338
0.2083357572555542,0.10267404466867447,0.410346120595932,0.3134399354457855,0.7048105001449585,0.03752584755420685,0.21038231253623962,4.597136974334717,1.463843584060669,0.7223789095878601,0.5621593594551086,0.7444385290145874,0.4195437431335449,0.00039999998989515007,0.011881640180945396,0.6185507774353027,2.103564977645874,3.1403450965881348,1.2980480194091797,1.3611270189285278,0.5942609906196594,0.9166157841682434,0.53180330991745,0.3895489573478699,0.40326374769210815,1.404158353805542,0.12872187793254852,0.10331884026527405,0.5095617175102234,0.5398109555244446,0.46675950288772583,0.27362775802612305,0.413453608751297,1.192533254623413,0.8651636838912964,1.7796320915222168,0.32955455780029297,0.35780978202819824,0.1553071290254593,0.37007656693458557,0.5276846289634705,0.32297807931900024,0.27891647815704346,0.12494097650051117,0.22761814296245575,0.055610328912734985,0.36994093656539917,0.22592195868492126,0.3696928918361664,0.5752146244049072,0.997332751750946,0.3403932452201843,1.2081815004348755,1.5453591346740723,0.6426646709442139,0.9079264402389526,0.33565497398376465
0.010365438647568226,0.3520860970020294,0.11730780452489853,0.7458075881004333,0.9403946399688721,0.6705780625343323,0.16198724508285522,4.9005818367004395,1.445694923400879,0.9363263845443726,0.1802663654088974,0.2993975877761841,0.5372895002365112,0.00039999998989515007,0.18086233735084534,0.5453987121582031,1.506097674369812,3.487409830093384,1.1324973106384277,1.082247018814087,0.15150775015354156,1.035579800605774,0.12109348922967911,0.21490702033042908,0.5265638828277588,1.640972375869751,0.04550338163971901,0.02226959727704525,0.3046616315841675,0.4862305223941803,0.2715790271759033,0.09561355412006378,0.7263814210891724,1.058392882347107,0.5571118593215942,1.845907211303711,0.47932884097099304,0.44345495104789734,0.3077143132686615,0.13832277059555054,0.3395233154296875,0.17538908123970032,0.38583865761756897,0.406403124332428,0.044135261327028275,0.6446444988250732,0.2616679072380066,0.0070690312422811985,0.3193477988243103,0.0264277346432209,0.6645662188529968,0.04491397365927696,0.753707766532898,1.5196118354797363,0.9385443925857544,0.4621278941631317,0.20016680657863617
0.44379544258117676,0.24643272161483765,0.6101665496826172,0.26969438791275024,0.32414624094963074,0.41232743859291077,0.10066872835159302,4.583342552185059,1.583393931388855,0.6526100635528564,0.6387345194816589,0.6261157393455505,0.27367764711380005,0.00039999998989515007,0.0077181123197078705,0.5776130557060242,1.8826706409454346,3.126771926879883,1.3026893138885498,1.403983473777771,0.5305622816085815,0.9625593423843384,0.551639199256897,0.22218073904514313,0.5891777873039246,1.4224786758422852,0.03826719895005226,0.2949172556400299,0.6544431447982788,0.7514613270759583,0.3924991488456726,0.25671207904815674,0.3734142482280731,0.9379737377166748,0.6667993068695068,1.751543641090393,0.13586026430130005,0.41582179069519043,0.3341468572616577,0.19392594695091248,0.39191627502441406,0.5784893035888672,0.42249348759651184,0.14129236340522766,0.4115997850894928,0.15461349487304688,0.2573682963848114,0.48234638571739197,0.38199785351753235,0.55597984790802,1.1048846244812012,0.2540900409221649,1.3113305568695068,1.6498098373413086,0.49134817719459534,1.2018481492996216,0.3996817469596863
0.6532454490661621,0.20022091269493103,0.2801940441131592,1.051985263824463,1.0790345668792725,0.906491756439209,0.13193969428539276,4.693769931793213,1.2112581729888916,0.649549126625061,0.013914567418396473,0.6386913061141968,0.0271476898342371,0.00039999998989515007,0.381501704454422,1.0589455366134644,1.0086008310317993,3.3487765789031982,1.7220344543457031,1.212517499923706,0.262698233127594,0.8480542898178101,0.07688028365373611,0.3013125956058502,0.08475363999605179,2.2153310775756836,0.5066432952880859,0.26295486092567444,0.3151331841945648,0.20575007796287537,0.7217192649841309,0.053466103971004486,0.7353025078773499,0.7427868247032166,0.2142959088087082,1.9625836610794067,0.4388514757156372,0.6302825808525085,0.6207090616226196,0.5284215807914734,0.0580679327249527,0.00851367600262165,0.1283162534236908,0.2963009178638458,0.10503174364566803,0.021389294415712357,0.48853597044944763,0.22855430841445923,0.11832010746002197,0.6094140410423279,0.2160399705171585,0.3443760275840759,0.579501748085022,1.2011879682540894,0.758415937423706,0.27467167377471924,0.17342188954353333
0.11876846849918365,0.0423441007733345,0.16057468950748444,0.5998972654342651,0.9987896680831909,0.7270824313163757,0.2613719701766968,4.749350547790527,1.6099443435668945,0.7803006172180176,0.062413863837718964,0.08429192006587982,0.6503013372421265,0.00039999998989515007,0.32970356941223145,0.5268945693969727,1.422434687614441,3.5077145099639893,0.7814324498176575,1.0729480981826782,0.23060622811317444,0.766046941280365,0.333119660615921,0.4950956106185913,0.5869160890579224,1.5588922500610352,0.011965048499405384,0.08306586742401123,0.4713243842124939,0.5206290483474731,0.03828202560544014,0.055877115577459335,0.9292365312576294,1.222442865371704,0.587801992893219,1.866296648979187,0.39380550384521484,0.2835378646850586,0.18299159407615662,0.14279422163963318,0.42866671085357666,0.1106092631816864,0.3213258981704712,0.1642085313796997,0.15818174183368683,0.5826730728149414,0.08469763398170471,0.005108913406729698,0.5300432443618774,0.25703439116477966,0.812818169593811,0.221204936504364,0.5888053774833679,1.7029298543930054,1.2456445693969727,0.5029914975166321,0.33970028162002563
0.26999416947364807,0.06739269942045212,0.09506627917289734,0.7196655869483948,0.9089524149894714,0.5868971943855286,0.06161126866936684,4.964088439941406,1.5272177457809448,0.8032724261283875,0.12851759791374207,0.2626408338546753,0.5076959133148193,0.00039999998989515007,0.23259253799915314,0.5767781138420105,1.4061381816864014,3.468517780303955,1.0212197303771973,1.0763155221939087,0.08976655453443527,0.972118616104126,0.1585494875907898,0.26070109009742737,0.6454503536224365,1.7303210496902466,0.06711963564157486,0.07003404200077057,0.38316917419433594,0.5485796928405762,0.2780478000640869,0.09210092574357986,0.7996777892112732,1.0938384532928467,0.4177810847759247,1.880577802658081,0.38002046942710876,0.3627834916114807,0.29301923513412476,0.18611156940460205,0.3593243360519409,0.1997196078300476,0.3460308909416199,0.3008461594581604,0.0718168169260025,0.46269649267196655,0.1869841367006302,0.10173578560352325,0.38008078932762146,0.019540410488843918,0.7015542984008789,0.1290544867515564,0.687589704990387,1.5440560579299927,1.0300699472427368,0.5075485110282898,0.3534585237503052
0.25605523586273193,0.429656982421875,0.10107385367155075,0.9914444088935852,1.089480996131897,0.60318523645401,0.40563562512397766,5.036025047302246,1.7266335487365723,1.1102790832519531,0.15344510972499847,0.34603774547576904,0.396973192691803,0.00039999998989515007,0.47749224305152893,0.38136041164398193,1.2766776084899902,3.271564483642578,1.325706958770752,0.4191528558731079,0.23620522022247314,1.0703550577163696,0.32422423362731934,0.4265232980251312,0.7110840082168579,1.3442596197128296,0.30390235781669617,0.10089550167322159,0.3397478759288788,0.5244084596633911,0.5198715329170227,0.1643468290567398,0.5498312711715698,0.9929158091545105,0.31230026483535767,1.5499780178070068,0.7572987079620361,0.013349196873605251,0.7572436928749084,0.369983047246933,0.47545018792152405,0.2318154275417328,0.1451382040977478,0.45696213841438293,0.021516766399145126,0.5368193984031677,0.00710001215338707,0.07360343635082245,0.020921094343066216,0.2132953703403473,0.4940747022628784,0.06337819993495941,0.8846389055252075,1.3044730424880981,1.2546815872192383,0.43255534768104553,0.24225957691669464
0.0829797238111496,0.09467214345932007,0.15981097519397736,0.6851517558097839,1.0300171375274658,1.1073558330535889,0.07624328136444092,4.6023993492126465,1.7142274379730225,1.1088999509811401,0.031249161809682846,0.3508153259754181,0.6683278679847717,0.00039999998989515007,0.4617678225040436,0.3797629475593567,0.9237227439880371,3.440998077392578,0.7586876749992371,0.8699076771736145,0.11025842279195786,0.6876033544540405,0.05741732567548752,0.29252612590789795,0.5144981145858765,1.8867584466934204,0.16300933063030243,0.10572856664657593,0.6561245918273926,0.23077955842018127,0.24001368880271912,0.006538107991218567,0.9677319526672363,1.2456008195877075,0.3849584758281708,1.681728720664978,0.28446897864341736,0.1034308671951294,0.4812455177307129,0.6006345152854919,0.3135939836502075,0.009776669554412365,0.4446448087692261,0.529803454875946,0.2203347384929657,0.3972982168197632,0.38093772530555725,0.13023243844509125,0.28370174765586853,0.22208410501480103,0.4196876585483551,0.2688181400299072,0.6290496587753296,1.7633453607559204,1.5633461475372314,0.49483829736709595,0.2870338559150696
0.08319191634654999,0.6211185455322266,0.24245604872703552,0.6566104292869568,0.6331790685653687,0.6730731129646301,0.8974378705024719,5.136703014373779,1.209676742553711,1.3080300092697144,0.26798686385154724,0.45873650908470154,0.6584507822990417,0.00039999998989515007,0.4879084825515747,0.373933881521225,1.482428789138794,2.7158491611480713,1.3426659107208252,0.2089475691318512,0.12657395005226135,1.1359832286834717,0.7113657593727112,0.17637476325035095,0.49528437852859497,1.9167394638061523,0.027728307992219925,0.5388177633285522,0.7925325036048889,0.5457637310028076,0.9892285466194153,0.12340414524078369,0.3596550226211548,0.8259838819503784,0.357674241065979,1.216660737991333,0.7104531526565552,0.13132454454898834,0.6982517242431641,0.8776628971099854,0.5082588195800781,0.03697266802191734,0.246485635638237,0.9349030256271362,0.14166131615638733,0.3939964175224304,0.71196448802948,0.12701299786567688,0.4766889810562134,0.47640061378479004,0.308059424161911,0.13870353996753693,0.9419030547142029,1.182121753692627,1.1857411861419678,0.25692829489707947,0.3517850637435913
0.4725973308086395,0.7985156774520874,0.23368851840496063,0.46210333704948425,1.1214308738708496,0.9770837426185608,0.09011466801166534,4.94973611831665,0.8181592226028442,0.8889676928520203,0.1932675838470459,0.31306755542755127,0.8943014740943909,0.00039999998989515007,0.10319604724645615,0.7261313199996948,2.0786709785461426,3.167428493499756,1.1962778568267822,0.7590879797935486,0.3129044771194458,1.1081008911132812,0.05079356208443642,0.24869085848331451,0.0877537801861763,1.7362091541290283,0.15541477501392365,0.10653949528932571,0.05549641326069832,0.4461464285850525,0.7232847213745117,0.1708965301513672,0.4841279685497284,1.007778286933899,1.022370457649231,1.617208480834961,0.9289925694465637,0.2945013642311096,0.6481791734695435,0.3495738208293915,0.39255490899086,0.12250211089849472,0.02138505131006241,0.4541091024875641,0.4846826195716858,0.3798292279243469,0.31195342540740967,0.10529645532369614,0.046656832098960876,0.10285631567239761,0.5655466914176941,0.06328452378511429,0.7291926145553589,1.111344575881958,1.100732445716858,0.10180589556694031,0.2260901778936386
0.6731866002082825,1.0187256336212158,0.5044254064559937,0.323697954416275,0.5069605708122253,0.2706800699234009,0.5629521608352661,4.795257568359375,0.9888235926628113,0.8850986361503601,0.5345885157585144,0.18722227215766907,0.5480940341949463,0.00039999998989515007,0.09037337452173233,0.6404985189437866,1.7054458856582642,3.7509024143218994,1.2881217002868652,0.9504491686820984,0.3673763871192932,1.4101530313491821,0.07504843175411224,0.29161426424980164,0.1700102984905243,1.4518359899520874,0.03143634274601936,0.16288822889328003,0.04564555361866951,0.5969732403755188,0.42698827385902405,0.14271248877048492,0.4712689518928528,0.4146749973297119,1.0498838424682617,1.5977884531021118,0.5815245509147644,0.5668948888778687,0.5721595883369446,0.33033305406570435,0.06026540324091911,0.27523913979530334,0.12978629767894745,0.5375209450721741,0.29052284359931946,0.9359856247901917,0.5274023413658142,0.048994533717632294,0.13023993372917175,0.003114699851721525,0.6497336030006409,0.13535022735595703,1.0061460733413696,1.33741295337677,0.6878107786178589,0.6524431705474854,0.04710322991013527
0.2506054639816284,0.31926000118255615,0.03329472243785858,0.6107172966003418,1.1308412551879883,1.2473912239074707,0.141760915517807,4.669838905334473,1.364230990409851,1.1826462745666504,0.07544182240962982,0.5174165964126587,0.861969530582428,0.00039999998989515007,0.2735384404659271,0.3841054141521454,1.4128267765045166,3.233060836791992,0.8507141470909119,0.9316136240959167,0.25755175948143005,0.8990742564201355,0.0478023923933506,0.26099565625190735,0.3671194314956665,1.9165873527526855,0.3051746189594269,0.04623297229409218,0.45352402329444885,0.18564870953559875,0.4586177468299866,0.057716432958841324,0.7577970623970032,1.3335953950881958,0.6530939936637878,1.6482030153274536,0.5358191132545471,0.183908611536026,0.5780349373817444,0.5271512269973755,0.37008917331695557,0.02258671075105667,0.4406367838382721,0.6348999738693237,0.008822079747915268,0.3408605456352234,0.45785656571388245,0.16002146899700165,0.12459330260753632,0.21845406293869019,0.47926491498947144,0.15301550924777985,0.6752417087554932,1.477396845817566,1.3608094453811646,0.3225156366825104,0.3074093759059906
0.6374750137329102,0.38569697737693787,0.7689419388771057,1.2997502088546753,1.181671142578125,1.16448175907135,0.142410010099411,4.510383605957031,0.9514744877815247,0.33255067467689514,0.3964919447898865,0.11168985813856125,0.21306930482387543,0.00039999998989515007,0.730743944644928,1.1636302471160889,1.0667513608932495,3.125521183013916,1.4673891067504883,1.0398517847061157,0.7841318845748901,1.1528576612472534,0.4157705307006836,0.4623246192932129,0.5858384966850281,1.701593041419983,0.1866564005613327,0.06400176137685776,0.5353429317474365,0.6419090628623962,0.3006848692893982,0.22468340396881104,1.2337336540222168,0.6883671283721924,0.03605613857507706,2.1012024879455566,0.1866583526134491,0.7977427244186401,1.042614459991455,0.26410961151123047,0.20176851749420166,0.11461136490106583,0.01519802026450634,0.04430989548563957,0.7420639395713806,0.4990870952606201,0.6532210111618042,0.33724984526634216,0.4823858439922333,0.6411890983581543,0.0742587000131607,0.06973971426486969,0.38385289907455444,0.905015766620636,0.6815045475959778,0.2979756295681,0.09693576395511627
0.6811184287071228,0.9307644367218018,0.8452807068824768,0.5645551681518555,1.277179479598999,1.234910249710083,0.2292381078004837,4.594307899475098,0.4309632480144501,0.5210604071617126,0.3305339515209198,0.012948294170200825,0.9318064451217651,0.00039999998989515007,0.4711812138557434,0.4518859386444092,2.0508947372436523,2.7942960262298584,0.4077970087528229,0.7950139045715332,0.007079819682985544,1.479488730430603,0.5086286664009094,0.1723126471042633,0.8502475619316101,1.3776317834854126,0.6586652994155884,0.44424861669540405,0.03265761584043503,0.7168286442756653,0.34931761026382446,0.5471166372299194,1.0262864828109741,1.2572226524353027,0.6762405037879944,1.7321316003799438,0.45060375332832336,0.3941527307033539,0.8201649188995361,0.010274308733642101,0.6022643446922302,0.07440071552991867,0.2205262929201126,0.3571358025074005,1.0276254415512085,0.8426706194877625,0.7210099101066589,0.1346174031496048,0.4129031300544739,0.1968810260295868,0.31581977009773254,0.5129907131195068,0.3018975853919983,0.727993905544281,1.019002914428711,0.6142324805259705,0.7327197790145874
0.14523090422153473,0.5292086005210876,0.1637324094772339,0.6292047500610352,1.0216151475906372,0.9179498553276062,0.09692955017089844,4.839564800262451,1.3118995428085327,0.9215850830078125,0.03611791878938675,0.18236277997493744,0.633669912815094,0.00039999998989515007,0.21937690675258636,0.6204023957252502,1.673688292503357,3.320326089859009,1.0643187761306763,1.016858696937561,0.17272581160068512,1.0232923030853271,0.0055597275495529175,0.24908341467380524,0.4416535496711731,1.6989309787750244,0.0010465070372447371,0.02388846129179001,0.2568141222000122,0.5627668499946594,0.3400624990463257,0.14389410614967346,0.8245352506637573,1.1015233993530273,0.7446741461753845,1.8244845867156982,0.5464358925819397,0.33949267864227295,0.482306569814682,0.24406681954860687,0.40977194905281067,0.0817866250872612,0.27018019556999207,0.37745675444602966,0.13617119193077087,0.6783624887466431,0.23451900482177734,0.10561541467905045,0.2668374180793762,0.025092197582125664,0.6558862924575806,0.11941999197006226,0.7407066226005554,1.4763540029525757,1.1688507795333862,0.2980315387248993,0.25759172439575195
0.21415629982948303,0.8524882793426514,0.40816691517829895,0.6006385684013367,1.1412392854690552,1.0842245817184448,0.14541101455688477,4.830524444580078,1.1122335195541382,0.8788224458694458,0.14145207405090332,0.07843779772520065,0.43564003705978394,0.00039999998989515007,0.031006526201963425,0.48342522978782654,1.9169459342956543,2.9500527381896973,1.274951696395874,0.9273451566696167,0.23595455288887024,1.0558768510818481,0.11986029148101807,0.23557889461517334,0.12408442050218582,1.7700062990188599,0.2997060716152191,0.23001034557819366,0.007870602421462536,0.5719260573387146,0.5700791478157043,0.1695113331079483,0.8258858919143677,1.1576584577560425,0.9504967927932739,1.658621907234192,0.7785738110542297,0.3481205403804779,0.5486517548561096,0.22727304697036743,0.5731203556060791,0.018887653946876526,0.01598079688847065,0.3194340765476227,0.1867333948612213,0.7601558566093445,0.001744755543768406,0.2766065001487732,0.024630120024085045,0.2163987010717392,0.8616948127746582,0.03498927131295204,0.727848470211029,1.2662760019302368,1.2454277276992798,0.10215692222118378,0.12045447528362274
0.36818867921829224,0.7991761565208435,0.40686771273612976,0.5824934244155884,1.3401753902435303,1.179050087928772,0.061632830649614334,4.528354644775391,1.3728896379470825,0.9625040888786316,0.02722303196787834,0.3559333384037018,0.6749707460403442,0.00039999998989515007,0.280155748128891,0.4552655518054962,1.466543436050415,3.4427382946014404,1.064576268196106,0.9450612664222717,0.15785938501358032,0.9163496494293213,0.00033000047551468015,0.18124428391456604,0.12499881535768509,1.5915861129760742,0.15229378640651703,0.19915391504764557,0.02337636984884739,0.21206852793693542,0.40959739685058594,0.04146276414394379,0.830723226070404,1.1604872941970825,0.9642536044120789,1.7184338569641113,0.6311407685279846,0.2988237142562866,0.6956087350845337,0.23745574057102203,0.292056679725647,0.22705864906311035,0.01653999276459217,0.4121251702308655,0.1647082418203354,0.5093169808387756,0.150016650557518,0.2654659152030945,0.22678585350513458,0.27718934416770935,0.5166019797325134,0.07326333224773407,0.7660240530967712,1.5135544538497925,1.4769068956375122,0.34450072050094604,0.07877930253744125
0.36368677020072937,0.4578098952770233,0.2951182425022125,0.6079017519950867,0.6011547446250916,0.3116748034954071,0.4233860373497009,4.859943389892578,1.813509464263916,0.9882413148880005,0.03005233034491539,0.006582793779671192,0.1282198578119278,0.00039999998989515007,0.16068370640277863,0.36097392439842224,1.4081897735595703,3.0153729915618896,1.327343225479126,0.7129713892936707,0.07162940502166748,0.9585648775100708,0.29200229048728943,0.29714304208755493,0.6403836011886597,1.5646876096725464,0.39289340376853943,0.5851570963859558,0.6904030442237854,0.9063833355903625,0.40418338775634766,0.0314825177192688,0.8327803015708923,0.9114140272140503,0.4921107292175293,1.5575913190841675,0.36833956837654114,0.05149940773844719,0.28789404034614563,0.43210044503211975,0.5682704448699951,0.22804006934165955,0.10037850588560104,0.34357479214668274,0.2894837558269501,0.890522837638855,0.12035661935806274,0.10411454737186432,0.08290675282478333,0.05624988675117493,0.9032043814659119,0.18885688483715057,1.1271390914916992,1.719711422920227,1.3922027349472046,0.7313238978385925,0.2582545280456543
0.41765978932380676,1.1195344924926758,0.8037587404251099,0.6359843611717224,1.4734442234039307,1.2210863828659058,0.1527724713087082,4.697263717651367,0.7770774960517883,0.5819612741470337,0.32199063897132874,0.028501344844698906,0.6276498436927795,0.00039999998989515007,0.2239891141653061,0.49453410506248474,1.8498107194900513,3.0138444900512695,0.9048959016799927,0.6436501145362854,0.08985539525747299,1.2782156467437744,0.47967201471328735,0.18109817802906036,0.42812013626098633,1.4214158058166504,0.08148916065692902,0.31262245774269104,0.1846865564584732,0.5611384510993958,0.5481242537498474,0.37273770570755005,0.9855411648750305,1.1419172286987305,0.830955982208252,1.6906981468200684,0.6635870933532715,0.28043270111083984,0.9367719292640686,0.14125098288059235,0.5515444874763489,0.23871681094169617,0.2549121379852295,0.2577555775642395,0.8417496085166931,0.698244571685791,0.2795988917350769,0.2467420995235443,0.22964292764663696,0.40912848711013794,0.3817037343978882,0.36445853114128113,0.5099774599075317,0.9335752129554749,1.389691948890686,0.3606909215450287,0.3748112916946411
0.035233303904533386,0.6096361875534058,0.6126039624214172,0.8536931872367859,1.1312928199768066,1.2695235013961792,0.018852731212973595,4.792796611785889,0.7111947536468506,0.8116365075111389,0.058698587119579315,0.6227497458457947,0.20865213871002197,0.00039999998989515007,0.18526001274585724,1.00106680393219,1.629944920539856,3.0314888954162598,1.7068402767181396,1.2248166799545288,0.10647212713956833,0.9901657700538635,0.07906616479158401,0.25822967290878296,0.2590970993041992,2.1970934867858887,0.3894714415073395,0.2400733232498169,0.5565398335456848,0.15955255925655365,0.8711629509925842,0.04892197996377945,0.5140877962112427,0.831986129283905,0.7059980630874634,1.7885193824768066,0.8029597401618958,0.6732313632965088,0.6907278895378113,0.3715267479419708,0.15635627508163452,0.017826030030846596,0.10512624680995941,0.39351513981819153,0.28292468190193176,0.09884349256753922,0.4847783148288727,0.39912813901901245,0.12177059799432755,0.5370464324951172,0.38920149207115173,0.49455365538597107,0.5418186783790588,0.8788827657699585,0.5714401602745056,0.030799077823758125,0.2526089549064636
0.8316760659217834,1.1002938747406006,0.5425822734832764,0.40464869141578674,1.1803725957870483,1.090327262878418,0.40356338024139404,4.957839488983154,0.6872057318687439,0.7501533031463623,0.09863658994436264,0.04570871964097023,1.0496631860733032,0.00039999998989515007,0.10032413899898529,0.6619885563850403,2.2137770652770996,3.067117214202881,0.8512193560600281,0.5832040905952454,0.3927271068096161,1.190490961074829,0.24912279844284058,0.44648662209510803,0.3290189504623413,1.2919200658798218,0.01901506632566452,0.3749352991580963,0.2019909769296646,0.5671444535255432,0.5265616178512573,0.2321619838476181,0.733948290348053,1.0059586763381958,1.0179948806762695,1.6513782739639282,0.726060152053833,0.16734619438648224,0.6381281614303589,0.2474469691514969,0.5987487435340881,0.10545022040605545,0.05312329903244972,0.48281997442245483,0.7345942854881287,0.667320191860199,0.3300725817680359,0.1935150921344757,0.1404518187046051,0.04383471980690956,0.3205268383026123,0.18451225757598877,0.47308000922203064,1.084796667098999,1.0654233694076538,0.41095492243766785,0.40817123651504517
0.31414929032325745,0.7014789581298828,0.3454853296279907,0.6096400618553162,1.146523356437683,1.0030003786087036,0.22523918747901917,5.044773578643799,1.1438531875610352,0.8269502520561218,0.05614099279046059,0.05109098553657532,0.7053278088569641,0.00039999998989515007,0.20392608642578125,0.5884121656417847,1.7694091796875,3.3237056732177734,0.8789341449737549,0.6701977252960205,0.0743052288889885,1.171997308731079,0.35506415367126465,0.3527771830558777,0.6095775365829468,1.4022819995880127,0.04279839247465134,0.1906559318304062,0.2093244045972824,0.6170571446418762,0.34371331334114075,0.2817692756652832,0.8655341863632202,1.0818495750427246,0.6690101623535156,1.715997338294983,0.5353171229362488,0.18186841905117035,0.679778516292572,0.2263696938753128,0.5058214068412781,0.02441842295229435,0.0053729768842458725,0.3503776788711548,0.503678023815155,0.7113113403320312,0.2888551652431488,0.08625077456235886,0.3293028175830841,0.012705227360129356,0.4288158714771271,0.3158591091632843,0.5805479884147644,1.2099106311798096,1.2536935806274414,0.04939072206616402,0.4205304980278015
0.034826625138521194,0.42474669218063354,0.047548774629831314,0.717438817024231,0.7818618416786194,0.8174093961715698,0.5437049865722656,5.050133228302002,1.4660181999206543,1.2624872922897339,0.26837635040283203,0.4880361557006836,0.3353583514690399,0.00039999998989515007,0.15485240519046783,0.5519548654556274,1.525681972503662,3.140805721282959,1.4656084775924683,0.807757556438446,0.2576979398727417,0.9709524512290955,0.1912231296300888,0.17953608930110931,0.2814205586910248,1.8320127725601196,0.19770285487174988,0.472085177898407,0.41915425658226013,0.43020352721214294,0.6552446484565735,0.02815760299563408,0.5084722638130188,0.9478428363800049,0.560217022895813,1.5572491884231567,0.603773832321167,0.1751244068145752,0.46482694149017334,0.6275190711021423,0.41135677695274353,0.1321902573108673,0.2835187017917633,0.6340324282646179,0.1798464059829712,0.4911729693412781,0.24117574095726013,0.1013798639178276,0.1320122331380844,0.12347887456417084,0.5745558142662048,0.249318927526474,0.9655980467796326,1.4290298223495483,0.9727924466133118,0.48231369256973267,0.04750972241163254
0.32612156867980957,0.23643693327903748,0.6784591674804688,0.28494155406951904,0.4100985527038574,0.013490548357367516,0.08295603096485138,4.740058898925781,1.6488142013549805,0.9926391243934631,0.7762549519538879,0.6822642087936401,0.23895803093910217,0.00039999998989515007,0.2742057740688324,0.7462724447250366,1.96953284740448,2.982872486114502,1.4698618650436401,1.1073405742645264,0.5918264985084534,0.9083603620529175,0.3692336678504944,0.34078046679496765,0.3843176066875458,1.2932101488113403,0.27294114232063293,0.4210343360900879,0.6982794404029846,0.6785340309143066,0.6020857095718384,0.3931714594364166,0.1604233682155609,0.9376131296157837,0.7253867387771606,1.509600281715393,0.3530992567539215,0.21528036892414093,0.008976935409009457,0.6386739611625671,0.4468723237514496,0.399973601102829,0.19660423696041107,0.3113017976284027,0.466729074716568,0.09788817912340164,0.42109018564224243,0.3093295693397522,0.06075328215956688,0.6244271397590637,0.901625394821167,0.4486692249774933,1.3925743103027344,1.692578673362732,0.5563268065452576,1.0934205055236816,0.18637274205684662
0.012582030147314072,0.3673587739467621,0.061308957636356354,0.7573257088661194,0.9054142236709595,1.0739623308181763,0.3619747459888458,4.664570331573486,1.6565008163452148,1.329740285873413,0.1947776824235916,0.43695706129074097,0.4431579113006592,0.00039999998989515007,0.3809455931186676,0.4744413197040558,0.7742999792098999,3.4774227142333984,1.1759299039840698,0.7624269723892212,0.005935776978731155,0.8816722631454468,0.2528838515281677,0.1896289587020874,0.2444007694721222,1.8533169031143188,0.06812181323766708,0.24135150015354156,0.41874873638153076,0.15450797975063324,0.4181872010231018,0.12520650029182434,0.731516420841217,0.8580902218818665,0.44115757942199707,1.5322057008743286,0.3425842523574829,0.3583139479160309,0.7285941243171692,0.5590417981147766,0.03125820308923721,0.059242911636829376,0.3763481676578522,0.7960033416748047,0.20862209796905518,0.39466845989227295,0.6547021865844727,0.08624209463596344,0.029648911207914352,0.5776323676109314,0.21547013521194458,0.0577358603477478,0.9568105936050415,1.8234801292419434,1.3461135625839233,0.7332499623298645,0.0471966490149498
0.30938881635665894,0.5637308955192566,0.11504088342189789,0.6043473482131958,0.8401073813438416,0.8140173554420471,0.4514155089855194,5.093095779418945,1.225088119506836,1.1409132480621338,0.29365620017051697,0.3039732873439789,0.6404290795326233,0.00039999998989515007,0.03921663761138916,0.6076046824455261,1.857650876045227,3.2629287242889404,1.1880254745483398,0.8769176006317139,0.35060441493988037,1.1100550889968872,0.07534833252429962,0.2794381380081177,0.40796080231666565,1.5977035760879517,0.04416938126087189,0.1232752725481987,0.3440537452697754,0.5537074208259583,0.45034995675086975,0.12760508060455322,0.5308544635772705,0.9852548837661743,0.7618330717086792,1.667220115661621,0.6536170244216919,0.2638690769672394,0.4326835572719574,0.31143566966056824,0.4241364896297455,0.15944530069828033,0.3233523368835449,0.5485386848449707,0.09216778725385666,0.6798322796821594,0.28399983048439026,0.04915646091103554,0.07342582195997238,0.124674953520298,0.619617223739624,0.0998058170080185,0.8464044332504272,1.341719388961792,0.8793431520462036,0.3092114329338074,0.2021656036376953
0.3506070375442505,0.20035918056964874,0.2043253481388092,0.9336230158805847,1.0447109937667847,1.1619577407836914,0.0808146521449089,4.957348823547363,0.9236730933189392,0.8049992918968201,0.13309192657470703,0.5700382590293884,0.2598460614681244,0.00039999998989515007,0.3034731447696686,1.2279740571975708,1.50968599319458,3.1685690879821777,1.5696219205856323,1.136470079421997,0.02718172036111355,0.891158938407898,0.05412476137280464,0.04821429029107094,0.10868395864963531,2.1869072914123535,0.3504290282726288,0.23471184074878693,0.1917008012533188,0.328166663646698,0.7249064445495605,0.03676559031009674,0.6417611241340637,0.838691234588623,0.40683987736701965,1.9490594863891602,0.6015677452087402,0.4621655344963074,0.6258612275123596,0.6861231327056885,0.23948824405670166,0.027667276561260223,0.21480068564414978,0.3358830511569977,0.3062349557876587,0.04405209794640541,0.4645138084888458,0.3140648603439331,0.05423097684979439,0.24855273962020874,0.22766415774822235,0.3233794867992401,0.5143667459487915,1.02689790725708,0.6552051305770874,0.03129136562347412,0.04974682256579399
0.19070275127887726,0.633979856967926,0.19142059981822968,0.5359498858451843,1.1566118001937866,1.2565892934799194,0.11432171612977982,4.802711486816406,1.2566787004470825,1.0237572193145752,0.12245023250579834,0.05774373188614845,0.49353089928627014,0.00039999998989515007,0.04595592990517616,0.4519135057926178,1.8350963592529297,2.907125949859619,1.095160961151123,0.8602327108383179,0.4018770456314087,0.8542986512184143,0.08543761074542999,0.4494381546974182,0.1265900880098343,1.7672051191329956,0.3042607009410858,0.28254541754722595,0.288490355014801,0.49438369274139404,0.48681288957595825,0.061733368784189224,0.8876964449882507,1.2992117404937744,0.9060553908348083,1.593457579612732,0.7021343111991882,0.1764996200799942,0.43710610270500183,0.4855279326438904,0.6527764797210693,0.003483859123662114,0.10907631367444992,0.3485656678676605,0.014125864021480083,0.7106912136077881,0.1498311161994934,0.35525086522102356,0.023097507655620575,0.050943925976753235,0.8523198366165161,0.08679954707622528,0.6985683441162109,1.4625794887542725,1.419228196144104,0.11993752419948578,0.1096889078617096
0.32708775997161865,0.628559410572052,0.22672122716903687,0.5245471000671387,1.3138381242752075,1.088301658630371,0.026462676003575325,4.8372883796691895,0.9410388469696045,0.7919472455978394,0.03228503093123436,0.20772862434387207,0.9944497346878052,0.00039999998989515007,0.17449243366718292,0.5582662224769592,1.866188645362854,3.130972385406494,0.7676271200180054,0.7294938564300537,0.18479205667972565,1.147750973701477,0.1498260200023651,0.376810222864151,0.4791865646839142,1.6535604000091553,0.14082393050193787,0.27594268321990967,0.19051317870616913,0.4999848008155823,0.5180746912956238,0.30016687512397766,0.8045592904090881,1.2256346940994263,0.8220917582511902,1.73485267162323,0.70096355676651,0.12809306383132935,0.713025689125061,0.31545403599739075,0.5021654367446899,0.18610113859176636,0.03246638551354408,0.37451061606407166,0.643304169178009,0.41996443271636963,0.298847496509552,0.06054762750864029,0.2064584493637085,0.11459550261497498,0.509554386138916,0.46482348442077637,0.5666424632072449,1.1375213861465454,1.4066189527511597,0.07718148827552795,0.5099905133247375
0.22491896152496338,0.15799738466739655,0.3120037019252777,0.23310312628746033,0.8314983248710632,0.4608781635761261,0.07737615704536438,4.793405055999756,1.152451515197754,0.9176663756370544,0.5682536959648132,0.6052968502044678,0.7937420606613159,0.00039999998989515007,0.17934547364711761,0.6584211587905884,2.460937976837158,2.9518513679504395,1.1275839805603027,1.1215484142303467,0.7395657300949097,1.0150219202041626,0.38316822052001953,0.5582659244537354,0.3238121271133423,1.4077650308609009,0.01390465721487999,0.004526560660451651,0.4562819302082062,0.5751653909683228,0.5507853627204895,0.08092803508043289,0.3230871856212616,1.2395873069763184,1.1051485538482666,1.6736464500427246,0.6534048318862915,0.1611848771572113,0.11798200011253357,0.40399372577667236,0.6292778253555298,0.16757303476333618,0.21190446615219116,0.2619612514972687,0.08584429323673248,0.15825100243091583,0.27920660376548767,0.10853058844804764,0.18195685744285583,0.6237938404083252,0.9549419283866882,0.1641245186328888,1.0657809972763062,1.3066413402557373,0.7556900382041931,0.5281055569648743,0.4242801070213318
0.011460800655186176,0.4595337212085724,0.045096512883901596,0.6903576850891113,1.0940874814987183,1.1040431261062622,0.2572195827960968,4.823163986206055,1.4270130395889282,1.1095188856124878,0.0478661023080349,0.36318331956863403,0.41920891404151917,0.00039999998989515007,0.052213944494724274,0.5849990248680115,1.6873105764389038,3.0456960201263428,1.2699099779129028,0.8751010894775391,0.2538008689880371,0.8879101872444153,0.15071716904640198,0.37448838353157043,0.2998107969760895,1.755568504333496,0.25598856806755066,0.2924654185771942,0.3554987907409668,0.45835092663764954,0.5358142852783203,0.00664817588403821,0.7937765717506409,1.2114307880401611,0.6980650424957275,1.7002469301223755,0.5786157846450806,0.10313182324171066,0.5180932879447937,0.6928548812866211,0.5987869501113892,0.027915101498365402,0.15574999153614044,0.41849714517593384,0.01304085273295641,0.5183224678039551,0.010729203000664711,0.28001752495765686,0.0701674297451973,0.025800475850701332,0.5939551591873169,0.06616386026144028,0.8382282257080078,1.4442484378814697,1.2674206495285034,0.2258034646511078,0.14480359852313995
0.22458961606025696,0.4286050796508789,0.02418866939842701,0.6374925374984741,1.1360504627227783,1.130820870399475,0.08974628895521164,4.977648735046387,0.9933938980102539,0.9878355860710144,0.16519394516944885,0.2516341805458069,0.8725676536560059,0.00039999998989515007,0.023050503805279732,0.8064965009689331,1.996726155281067,3.0444118976593018,0.9919710755348206,0.751561164855957,0.2762775123119354,1.0297497510910034,0.09781678766012192,0.5078008770942688,0.46781572699546814,1.684637188911438,0.013944120146334171,0.050858307629823685,0.32972651720046997,0.5616569519042969,0.5063238143920898,0.2320045381784439,0.6746101975440979,1.1801648139953613,0.7287434339523315,1.7530386447906494,0.7593824863433838,0.09176722168922424,0.6031392812728882,0.5790464878082275,0.6023073792457581,0.08659226447343826,0.18526075780391693,0.39973461627960205,0.46217766404151917,0.46733930706977844,0.22348524630069733,0.16429395973682404,0.12150131911039352,0.16753360629081726,0.4875430762767792,0.17309525609016418,0.6059292554855347,1.1434295177459717,1.1211971044540405,0.10830561071634293,0.37762516736984253
0.3889581561088562,0.8755252361297607,0.36999040842056274,0.40337541699409485,1.1684645414352417,1.013254165649414,0.11020520329475403,4.547091007232666,1.376059889793396,0.8430619239807129,0.19579239189624786,0.1534196138381958,0.5425581336021423,0.00039999998989515007,0.21037377417087555,0.23345093429088593,1.8487836122512817,3.069730281829834,0.8892900347709656,0.9783831834793091,0.39043718576431274,0.9263256192207336,0.015617982484400272,0.42914366722106934,0.24266387522220612,1.404911994934082,0.20155887305736542,0.02988247573375702,0.21529853343963623,0.6243166923522949,0.18057382106781006,0.1289179027080536,1.0457217693328857,1.2868989706039429,1.113856554031372,1.6651890277862549,0.5751544237136841,0.2543151080608368,0.34385672211647034,0.01954888366162777,0.6258963346481323,0.027229279279708862,0.0367722362279892,0.1880636364221573,0.027024589478969574,1.0244590044021606,0.27343645691871643,0.26574110984802246,0.322215735912323,0.05502081662416458,1.0210233926773071,0.24135322868824005,0.7573226690292358,1.597122311592102,1.5356502532958984,0.2800626754760742,0.2018909603357315
0.41372397541999817,0.377291738986969,0.42434725165367126,1.0423262119293213,1.169278860092163,1.2813045978546143,0.0869356319308281,4.545607566833496,1.3429688215255737,0.740161120891571,0.08722548931837082,0.6284181475639343,0.010053413920104504,0.00039999998989515007,0.5578315854072571,1.1225873231887817,1.018523931503296,3.2784006595611572,1.4864550828933716,1.0426722764968872,0.09710513055324554,0.761193573474884,0.24798284471035004,0.12737011909484863,0.07229186594486237,2.0886662006378174,0.5800905227661133,0.21529260277748108,0.18006405234336853,0.30220136046409607,0.6798073649406433,0.014642405323684216,0.9511540532112122,0.7846923470497131,0.38269662857055664,1.857672095298767,0.30973634123802185,0.4230915307998657,0.8477910757064819,0.8922263383865356,0.19566220045089722,0.2063598781824112,0.05229818448424339,0.3211505711078644,0.28987881541252136,0.1632525771856308,0.46685081720352173,0.44594499468803406,0.16374216973781586,0.6388044357299805,0.06420020014047623,0.21316109597682953,0.519644021987915,1.3506978750228882,1.122523307800293,0.1037428081035614,0.1423368752002716
0.38209789991378784,0.5392306447029114,0.0898527055978775,0.5844526886940002,0.8796493411064148,0.8863040804862976,0.42534908652305603,5.018415451049805,1.1329195499420166,1.1568536758422852,0.32070639729499817,0.32501521706581116,0.7587652206420898,0.00039999998989515007,0.032820045948028564,0.6376024484634399,2.0146067142486572,3.1362833976745605,1.1189367771148682,0.9132264852523804,0.40591779351234436,1.125763177871704,0.03941740095615387,0.34943220019340515,0.4382734000682831,1.5930685997009277,0.13458234071731567,0.07801511883735657,0.36484768986701965,0.5798645615577698,0.44061610102653503,0.1585964560508728,0.5256365537643433,1.0633026361465454,0.8028568029403687,1.6959584951400757,0.6889381408691406,0.24044284224510193,0.43341580033302307,0.3479883074760437,0.48968344926834106,0.14673835039138794,0.37714701890945435,0.5497369170188904,0.18082916736602783,0.6709718108177185,0.3058357238769531,0.07443990558385849,0.08890634030103683,0.22134622931480408,0.6171786785125732,0.069672130048275,0.8217421174049377,1.2847791910171509,0.8475518226623535,0.20729473233222961,0.2602645456790924
0.41698068380355835,0.42362239956855774,0.054051414132118225,0.5166504383087158,0.9580780863761902,1.1595240831375122,0.3961099088191986,4.779815196990967,1.320527195930481,1.3520452976226807,0.262576162815094,0.45588088035583496,0.9378029704093933,0.00039999998989515007,0.15130481123924255,0.37778785824775696,1.544922113418579,3.1639389991760254,0.8875947594642639,0.8464194536209106,0.4578515887260437,0.9080953001976013,0.05177426338195801,0.3027118146419525,0.29004591703414917,1.8845959901809692,0.29206234216690063,0.1374603658914566,0.5680335164070129,0.2596793472766876,0.4632711112499237,0.06571760028600693,0.6123281717300415,1.206456184387207,0.757448673248291,1.5500167608261108,0.6233997941017151,0.10590030252933502,0.4813261926174164,0.5464142560958862,0.3667908310890198,0.0345098152756691,0.5124091506004333,0.7488844394683838,0.03384333848953247,0.4741668999195099,0.48687171936035156,0.12857063114643097,0.010800999589264393,0.06303989142179489,0.5344120264053345,0.11357042193412781,0.7685251832008362,1.5082077980041504,1.2776328325271606,0.3700745105743408,0.2486569881439209
0.21245844662189484,0.5224376320838928,0.08265524357557297,0.6815240383148193,0.991661787033081,0.9159159660339355,0.3601476550102234,4.984162330627441,1.2964314222335815,1.1450395584106445,0.251867413520813,0.32463210821151733,0.696250319480896,0.00039999998989515007,0.012082736939191818,0.5871307253837585,1.7476285696029663,3.229679822921753,1.1566046476364136,0.8842675685882568,0.25766459107398987,1.0654419660568237,0.034584008157253265,0.3107690215110779,0.41678664088249207,1.668407678604126,0.026046408340334892,0.07540026307106018,0.29511380195617676,0.500829815864563,0.44400346279144287,0.15569105744361877,0.5952861309051514,1.0581520795822144,0.711911678314209,1.7249536514282227,0.6973659992218018,0.2183886617422104,0.5166116952896118,0.33393678069114685,0.4246200621128082,0.0341428779065609,0.28316012024879456,0.5322938561439514,0.1266581416130066,0.6147803664207458,0.2826685309410095,0.07669927179813385,0.09014380723237991,0.03997524827718735,0.5947297811508179,0.0055615720339119434,0.7976000905036926,1.3676917552947998,1.0297868251800537,0.2772456109523773,0.2138376086950302
0.18964506685733795,1.284271240234375,0.741587221622467,0.8881300091743469,0.9873455166816711,0.527053713798523,1.1519461870193481,4.749006271362305,1.165860891342163,0.8092888593673706,0.28437888622283936,0.06430608034133911,0.27234938740730286,0.00039999998989515007,0.06605061888694763,0.05047215521335602,1.36013925075531,2.7540488243103027,0.9253203868865967,0.3072773218154907,0.5024940967559814,1.7051169872283936,1.1213109493255615,0.06707081943750381,1.185921311378479,1.1058934926986694,0.2697579562664032,0.05545711889863014,0.2188652604818344,0.9806178212165833,0.4845585227012634,0.5555497407913208,0.9458062052726746,0.8339073061943054,0.2109404057264328,1.453129529953003,0.33907774090766907,0.13746479153633118,0.9766787886619568,0.059812046587467194,0.5409445762634277,0.05994357168674469,0.08174232393503189,0.6090152263641357,0.6710653305053711,1.2522269487380981,0.6856526136398315,0.15690922737121582,0.10805290192365646,0.680040180683136,0.3016629219055176,0.5062628984451294,0.8430094718933105,0.9280014634132385,1.2340677976608276,0.08893568813800812,0.5693753957748413
0.3032713234424591,0.4090045094490051,0.012436522170901299,0.6911569833755493,1.1051838397979736,1.0236152410507202,0.24880000948905945,4.954006195068359,1.2881577014923096,1.1882964372634888,0.3066288232803345,0.3333373963832855,0.8605619668960571,0.00039999998989515007,0.10782976448535919,0.5859398245811462,1.8605304956436157,3.207319974899292,1.0119541883468628,0.8013901710510254,0.31278982758522034,1.0119915008544922,0.05199533328413963,0.5423612594604492,0.47067660093307495,1.4907974004745483,0.08444705605506897,0.08082926273345947,0.33398500084877014,0.4447072744369507,0.3599802851676941,0.18696920573711395,0.5443092584609985,1.1901406049728394,0.7526905536651611,1.699998378753662,0.8065338730812073,0.11595618724822998,0.5318080186843872,0.3432246446609497,0.5247207283973694,0.06847110390663147,0.23709248006343842,0.4812554121017456,0.16952337324619293,0.569500207901001,0.12603351473808289,0.11503081768751144,0.14141756296157837,0.2502003312110901,0.5961654186248779,0.018836742267012596,0.7065276503562927,1.2892295122146606,1.027909278869629,0.16226954758167267,0.2770914137363434
0.11524073034524918,0.5119373798370361,0.041193898767232895,0.710049569606781,0.9517551064491272,0.8976308107376099,0.3680148124694824,4.97996187210083,1.3665132522583008,1.1742783784866333,0.24090759456157684,0.294131875038147,0.6259015798568726,0.00039999998989515007,0.0296845193952322,0.5659720301628113,1.6319020986557007,3.205594778060913,1.223176121711731,0.8862823247909546,0.23810429871082306,1.0303544998168945,0.028002236038446426,0.26824313402175903,0.3688648045063019,1.7712922096252441,0.043234243988990784,0.18589642643928528,0.29828590154647827,0.505927324295044,0.46093958616256714,0.1497068703174591,0.6012911796569824,1.0198938846588135,0.6763772368431091,1.7072114944458008,0.7110135555267334,0.22336456179618835,0.491916298866272,0.3463585674762726,0.3958621025085449,0.05079924687743187,0.2951998710632324,0.5496208071708679,0.043011732399463654,0.6368112564086914,0.2923086881637573,0.07452132552862167,0.03538518026471138,0.03337475657463074,0.6401728391647339,0.01783362589776516,0.8085360527038574,1.4220006465911865,1.0702788829803467,0.3386778235435486,0.160580575466156
0.046546950936317444,0.07691624015569687,0.38552409410476685,0.5197621583938599,0.97990882396698,0.969337522983551,0.22916921973228455,4.925593376159668,1.1760165691375732,0.9154259562492371,0.15122336149215698,0.008077164180576801,0.9774972796440125,0.00039999998989515007,0.09122824668884277,0.6723450422286987,1.786436676979065,2.969684362411499,0.7383769154548645,0.8206619620323181,0.3830655813217163,0.8328239321708679,0.17904292047023773,0.6262927055358887,0.508493185043335,1.926751732826233,0.07447393238544464,0.10023961216211319,0.5778180956840515,0.6631175875663757,0.3386446535587311,0.25587013363838196,0.7975037097930908,1.2444003820419312,0.654161274433136,1.7462466955184937,0.717529296875,0.035063840448856354,0.31813669204711914,0.47005873918533325,0.5973770618438721,0.02536109648644924,0.3377479612827301,0.3071451783180237,0.19537964463233948,0.48319488763809204,0.10469198226928711,0.01284142304211855,0.1647653877735138,0.23786482214927673,0.8346064686775208,0.5183409452438354,0.48435622453689575,1.397333025932312,1.3671364784240723,0.11224778741598129,0.5057947039604187
0.5340144038200378,1.3072333335876465,0.412579208612442,0.5612915754318237,1.0337302684783936,0.6929943561553955,1.0315642356872559,4.780319690704346,0.5729225873947144,0.8971126675605774,0.004951643291860819,0.15893323719501495,0.7428929209709167,0.00039999998989515007,0.4726226329803467,0.23238296806812286,2.0740883350372314,2.248370885848999,0.9329272508621216,0.12210642546415329,0.13951930403709412,1.688446283340454,1.2732080221176147,0.2509339153766632,0.930001437664032,1.1425052881240845,0.16679438948631287,0.022072654217481613,0.4190140962600708,0.9490443468093872,0.965181291103363,0.5397998690605164,0.5459879636764526,0.9135982990264893,0.5251538157463074,1.1625512838363647,0.7273023724555969,0.23118281364440918,1.1176446676254272,0.5940954089164734,0.7892679572105408,0.20112380385398865,0.2757818102836609,0.6931819915771484,1.1596171855926514,0.7594683170318604,0.6647670865058899,0.12885524332523346,0.2830750644207001,0.4230320155620575,0.12031693756580353,0.5744784474372864,0.8959450125694275,0.5146421790122986,1.2660361528396606,0.4749002754688263,0.7540121078491211
0.4018203020095825,0.0363583005964756,0.6156680583953857,0.6079515814781189,0.832543134689331,0.3008459210395813,0.02893650345504284,4.953588485717773,1.5994415283203125,0.8197181820869446,0.7183663249015808,0.5689612030982971,0.6197773218154907,0.00039999998989515007,0.7687433362007141,0.2840958535671234,1.96831476688385,2.939178228378296,1.1257359981536865,0.4591425359249115,0.005098870024085045,1.4359848499298096,0.06801816821098328,0.5389406085014343,1.0977877378463745,0.8235536217689514,0.11592807620763779,0.14792069792747498,0.518166720867157,0.8562339544296265,0.5390444993972778,0.1556234359741211,0.23893219232559204,1.0509892702102661,0.5265388488769531,1.495218276977539,0.6464068293571472,0.13329832255840302,0.5721953511238098,0.09182344377040863,0.6165347695350647,0.04193659871816635,0.3482171297073364,0.2074221819639206,0.37639716267585754,0.09352075308561325,0.33327019214630127,0.6503370404243469,0.20341674983501434,0.33913281559944153,0.8314221501350403,0.32117724418640137,1.270080804824829,1.0680004358291626,0.9570449590682983,0.7590711712837219,0.8269519209861755
1.5760574340820312,1.2670685052871704,0.309208482503891,0.5412122011184692,0.4717023968696594,0.8135437369346619,1.189833164215088,4.747939586639404,0.14541153609752655,1.344512701034546,0.6721059679985046,0.22931447625160217,1.6692410707473755,0.00039999998989515007,0.625265896320343,0.7553973197937012,2.1473915576934814,2.5798587799072266,0.5817803740501404,0.2077493518590927,0.3933505117893219,1.4063743352890015,0.5132197141647339,0.5619878172874451,0.7780252695083618,0.6420572996139526,0.6071964502334595,0.5845056772232056,0.5241875648498535,0.8137091994285583,0.19740210473537445,0.7373653650283813,0.0925697311758995,0.29539504647254944,0.7385295629501343,1.0573235750198364,1.2238596677780151,0.009536536410450935,0.7538626194000244,0.061363670974969864,0.40402790904045105,0.03069671057164669,0.4257611632347107,0.9809461832046509,1.017764687538147,1.2766609191894531,1.1079330444335938,0.0946514904499054,0.20974662899971008,0.517815113067627,0.05173812434077263,0.21299627423286438,0.32494232058525085,0.4194951355457306,0.2379913181066513,0.6956432461738586,0.39585548639297485
0.08858155459165573,0.4154741168022156,0.014031992293894291,0.5893071293830872,0.7774787545204163,0.5858556628227234,0.30241918563842773,4.863332748413086,1.6435314416885376,1.094177484512329,0.2686883509159088,0.1917462795972824,0.5766381621360779,0.00039999998989515007,0.18088476359844208,0.4121948480606079,1.4375483989715576,3.4509596824645996,1.0502188205718994,1.0677571296691895,0.2970430254936218,1.0312567949295044,0.12798559665679932,0.2131538838148117,0.51459139585495,1.5770763158798218,0.11090405285358429,0.11680203676223755,0.41088613867759705,0.5675691962242126,0.16829194128513336,0.10374562442302704,0.703040599822998,0.9740030169487,0.6741477847099304,1.7466849088668823,0.4342213571071625,0.3349674642086029,0.24762076139450073,0.028030507266521454,0.2803098261356354,0.2448018193244934,0.4020105004310608,0.4841957688331604,0.17901894450187683,0.7874637246131897,0.2352089136838913,0.09021005779504776,0.30256831645965576,0.09998425096273422,0.8078402280807495,0.11174565553665161,0.871941328048706,1.6862667798995972,1.0804150104522705,0.6786214113235474,0.2067091315984726
0.15418419241905212,0.5106483697891235,0.08713731914758682,0.5266426801681519,0.8537249565124512,0.4963601231575012,0.21304234862327576,4.654359340667725,1.74246346950531,0.9756475687026978,0.284760445356369,0.24941739439964294,0.5961005091667175,0.00039999998989515007,0.32954171299934387,0.38441988825798035,1.2816541194915771,3.67305064201355,0.9817250967025757,1.139251708984375,0.2933179438114166,0.9958325624465942,0.23241204023361206,0.13657604157924652,0.4479237496852875,1.4413516521453857,0.051858026534318924,0.09600814431905746,0.3112291991710663,0.500100314617157,0.10000404715538025,0.053682275116443634,0.7478805780410767,0.9102223515510559,0.8000885248184204,1.775471568107605,0.3474593162536621,0.4017520546913147,0.270963579416275,0.10343874990940094,0.13249000906944275,0.1290459781885147,0.31402382254600525,0.41747212409973145,0.1667606681585312,0.7503683567047119,0.18184207379817963,0.12351604551076889,0.4332941770553589,0.02475637197494507,0.7535274028778076,0.13829471170902252,0.9240208268165588,1.8374192714691162,1.199210286140442,0.8693588376045227,0.16122466325759888
0.36268937587738037,0.20069050788879395,0.22899776697158813,0.42522168159484863,0.9749900698661804,1.2070482969284058,0.12337233871221542,4.852116107940674,1.2813969850540161,1.2841928005218506,0.3353596329689026,0.46524256467819214,0.9649491310119629,0.00039999998989515007,0.17597578465938568,0.5912085175514221,1.7269099950790405,3.1718153953552246,0.8332662582397461,0.8157649040222168,0.6336763501167297,0.7823077440261841,0.04979182407259941,0.5294471979141235,0.25714796781539917,1.7684388160705566,0.16511200368404388,0.07208453118801117,0.666069507598877,0.26572173833847046,0.4143074154853821,0.020469214767217636,0.6183130741119385,1.288210153579712,0.8070703148841858,1.5495071411132812,0.5943378806114197,0.017835009843111038,0.35634225606918335,0.7587493062019348,0.48885443806648254,0.0010190783068537712,0.43461230397224426,0.5825566053390503,0.018437601625919342,0.3162815272808075,0.2351841777563095,0.19580970704555511,0.107646144926548,0.2796807289123535,0.5337265729904175,0.07554847002029419,0.702556848526001,1.4721473455429077,1.2625901699066162,0.275899201631546,0.27697283029556274
0.3159295618534088,0.07982224971055984,0.7574613690376282,0.9327720403671265,0.5670616030693054,0.8462774157524109,0.4802084267139435,4.811831951141357,1.7509266138076782,1.8618192672729492,0.7653756737709045,0.07478147000074387,1.109320878982544,0.00039999998989515007,0.7596806883811951,0.5508375763893127,1.290465235710144,3.164677381515503,0.8530138731002808,0.3326227366924286,0.4022919237613678,0.621227502822876,0.354868084192276,1.0277235507965088,0.6698545217514038,1.0434610843658447,0.13782888650894165,0.05940096825361252,0.8771517872810364,0.43285074830055237,0.17866167426109314,0.2668707072734833,0.06782294809818268,0.885039210319519,0.43286967277526855,1.2912541627883911,1.169442892074585,0.17977206408977509,0.2789541780948639,0.2481197565793991,0.397285521030426,0.08405456691980362,0.5622158646583557,0.6815034747123718,0.5370203256607056,0.9719038009643555,0.0475744754076004,0.017597811296582222,0.04805173724889755,0.8221383690834045,0.7241501212120056,0.1051432266831398,0.6153246164321899,1.4207408428192139,0.7996971607208252,0.5182307362556458,0.02933853305876255
0.29175877571105957,0.11686970293521881,0.6824502348899841,0.17009307444095612,0.381160169839859,0.11243972182273865,0.16104790568351746,4.733530521392822,1.3977476358413696,0.8720220923423767,0.7574498653411865,0.6137598752975464,0.4842216372489929,0.00039999998989515007,0.20981132984161377,0.607738196849823,2.039708137512207,2.908257007598877,1.3725498914718628,1.3013687133789062,0.7817355394363403,0.912214457988739,0.6389849781990051,0.26279622316360474,0.1915365755558014,1.71349036693573,0.15081407129764557,0.42256683111190796,0.5431735515594482,0.6379454731941223,0.589633584022522,0.22117136418819427,0.20438611507415771,0.9314998388290405,0.9338929057121277,1.5945804119110107,0.4968218207359314,0.31191086769104004,0.25260964035987854,0.28247499465942383,0.3693963587284088,0.4343339502811432,0.35592883825302124,0.26177868247032166,0.3616592288017273,0.04316345602273941,0.26001235842704773,0.37461161613464355,0.078148752450943,0.4799017906188965,1.2462520599365234,0.18940992653369904,1.2553032636642456,1.5392248630523682,0.6590003371238708,1.1226083040237427,0.26265138387680054
0.10835593938827515,0.5561569929122925,0.16141314804553986,0.6387704610824585,0.8156976699829102,0.48069271445274353,0.22408756613731384,4.765289783477783,1.6189582347869873,0.9979767799377441,0.3256641626358032,0.20829816162586212,0.5165641903877258,0.00039999998989515007,0.24381427466869354,0.5228095650672913,1.3054075241088867,3.68544340133667,1.1631039381027222,1.19186270236969,0.22245560586452484,1.0383896827697754,0.3220572769641876,0.057114128023386,0.4033906161785126,1.4501309394836426,0.02462179772555828,0.06920909136533737,0.14256657660007477,0.5084190964698792,0.08701499551534653,0.0804264023900032,0.6604467034339905,0.7919838428497314,0.7553770542144775,1.8371450901031494,0.46378928422927856,0.5153136849403381,0.2552633583545685,0.22387203574180603,0.06868484616279602,0.16750584542751312,0.3298312723636627,0.40402159094810486,0.1642320603132248,0.8163344264030457,0.20626290142536163,0.08525857329368591,0.39541095495224,0.056812286376953125,0.777910053730011,0.020230166614055634,0.9050271511077881,1.7074846029281616,0.9655619263648987,0.811102569103241,0.022540751844644547
0.39799079298973083,0.8015983700752258,0.3633544147014618,0.5155146718025208,1.0412042140960693,0.8530582785606384,0.16005001962184906,4.933242321014404,1.1816089153289795,0.8433732986450195,0.17142079770565033,0.006388633046299219,0.6705639958381653,0.00039999998989515007,0.31195393204689026,0.7382836937904358,1.8174128532409668,3.516643524169922,0.9948303699493408,0.9850233197212219,0.28956520557403564,1.1302087306976318,0.0573078952729702,0.2763504683971405,0.31672608852386475,1.3465304374694824,0.15274159610271454,0.18732331693172455,0.04593922942876816,0.607210099697113,0.21038660407066345,0.15913714468479156,0.8358952403068542,0.936009407043457,0.9007035493850708,1.8188738822937012,0.535693883895874,0.419004887342453,0.39388999342918396,0.02790987491607666,0.28397127985954285,0.07558461278676987,0.11728427559137344,0.32433074712753296,0.30409568548202515,0.8195423483848572,0.15767218172550201,0.15859143435955048,0.38483288884162903,0.1699223816394806,0.6142886877059937,0.12830208241939545,0.6536095142364502,1.3997163772583008,1.1076502799987793,0.19548343122005463,0.16149930655956268
0.13083571195602417,0.40742331743240356,0.0015971936518326402,0.590383768081665,0.868004322052002,0.8044471740722656,0.1466771513223648,5.0025835037231445,1.3545180559158325,1.0967037677764893,0.322986364364624,0.2478102296590805,0.6463710069656372,0.00039999998989515007,0.10170012712478638,0.6555012464523315,1.6783583164215088,3.3635311126708984,1.1502864360809326,1.0389750003814697,0.4207037389278412,0.9878098368644714,0.2066355049610138,0.290109246969223,0.3154299855232239,1.6899521350860596,0.039829667657613754,0.11679604649543762,0.3124597668647766,0.5075010657310486,0.3017401695251465,0.08390719443559647,0.6301220655441284,0.9958456158638,0.7775302529335022,1.7478293180465698,0.6093205213546753,0.3493295907974243,0.25700101256370544,0.22809657454490662,0.3327447772026062,0.14404356479644775,0.3632428050041199,0.4375588893890381,0.042858563363552094,0.6484997272491455,0.15624366700649261,0.05255938321352005,0.21543416380882263,0.19423680007457733,0.7782914638519287,0.034536488354206085,0.7856870889663696,1.4942545890808105,0.9975692629814148,0.46489349007606506,0.09969256818294525
0.10541258752346039,0.4758341610431671,0.2670016586780548,0.7477302551269531,0.8653682470321655,0.62473064661026,0.4290585517883301,5.114080429077148,1.625742793083191,1.3090380430221558,0.34097886085510254,0.25636452436447144,0.4655725657939911,0.00039999998989515007,0.5787560939788818,0.4061337113380432,1.6034899950027466,3.0001068115234375,1.391283631324768,0.49755364656448364,0.21775604784488678,1.0423469543457031,0.18132571876049042,0.5109533667564392,0.45807623863220215,1.457154631614685,0.3502235412597656,0.3636355400085449,0.485499769449234,0.6013039350509644,0.5252566337585449,0.12103263288736343,0.4498624801635742,0.9883631467819214,0.5924696326255798,1.41197669506073,0.8441265821456909,0.02360825054347515,0.4526039958000183,0.43651124835014343,0.5562004446983337,0.06537532806396484,0.01014826912432909,0.5024830102920532,0.12102065235376358,0.6671280860900879,0.1346839964389801,0.03953005000948906,0.0986383855342865,0.06334065645933151,0.8223042488098145,0.02276255190372467,0.9846478700637817,1.3432862758636475,1.2474852800369263,0.5115765929222107,0.11930611729621887
0.06538646668195724,0.44278764724731445,0.05292123928666115,0.5184728503227234,0.7065892219543457,0.7029424905776978,0.16492536664009094,4.8802409172058105,1.3511968851089478,1.1375144720077515,0.3423500955104828,0.2836669385433197,0.596764326095581,0.00039999998989515007,0.11278855055570602,0.5669448375701904,1.571056604385376,3.229448080062866,1.2588964700698853,1.1654284000396729,0.4857143461704254,0.9884912371635437,0.2551882863044739,0.08526967465877533,0.14932750165462494,1.9702798128128052,0.022468945011496544,0.345222145318985,0.32557180523872375,0.4925025701522827,0.4040156304836273,0.04942499101161957,0.592755138874054,0.9210209250450134,0.8304839134216309,1.6863809823989868,0.5967352986335754,0.4530317187309265,0.1573655903339386,0.19434517621994019,0.22406767308712006,0.2663845419883728,0.4972379505634308,0.5396756529808044,0.18347135186195374,0.6290906071662903,0.2975913882255554,0.002794555388391018,0.07442371547222137,0.015669038519263268,0.9355276226997375,0.01880304142832756,0.8931589722633362,1.579432725906372,1.0317387580871582,0.6726842522621155,0.02222362533211708
0.1634536236524582,0.5331711173057556,0.5086665153503418,0.765166163444519,1.0526413917541504,1.2374887466430664,0.22186872363090515,4.779778480529785,0.7544174790382385,0.6307666897773743,0.0073884897865355015,0.30130547285079956,0.16083677113056183,0.00039999998989515007,0.5912328958511353,1.3920023441314697,1.7437257766723633,3.1205315589904785,1.572680115699768,1.3462252616882324,0.17102600634098053,0.9457051157951355,0.10507245361804962,0.12260285019874573,0.0701167955994606,2.036076784133911,0.5198860764503479,0.17962278425693512,0.3989432454109192,0.4717375338077545,0.5439581871032715,0.04039845988154411,0.8770738244056702,0.7960257530212402,0.6830266714096069,2.022559404373169,0.4657176434993744,0.6888476014137268,0.45789188146591187,0.5179135799407959,0.24571286141872406,0.1332400143146515,0.14837783575057983,0.14676746726036072,0.46264901757240295,0.32774117588996887,0.3542456328868866,0.4819777011871338,0.28663915395736694,0.10319627076387405,0.3496725559234619,0.30251458287239075,0.49006983637809753,1.0404860973358154,0.6955899596214294,0.16532963514328003,0.1833765059709549
0.05926055461168289,0.21740907430648804,0.19515717029571533,0.46010807156562805,0.9119430780410767,0.8303301334381104,0.29140526056289673,4.631854057312012,1.4746460914611816,0.9670697450637817,0.2032831609249115,0.15687011182308197,0.6984777450561523,0.00039999998989515007,0.31280604004859924,0.617073655128479,1.5695396661758423,3.2168960571289062,0.9808484315872192,1.2392394542694092,0.507331907749176,0.7854161262512207,0.4486848711967468,0.3585836589336395,0.24651703238487244,1.8579597473144531,0.07004395872354507,0.15430670976638794,0.40613237023353577,0.4998241662979126,0.1851867288351059,0.026931630447506905,0.8491138815879822,1.1653635501861572,0.8705328702926636,1.8214863538742065,0.5016207695007324,0.3346884846687317,0.08603990823030472,0.24199901521205902,0.3697729706764221,0.13742749392986298,0.41099634766578674,0.26910990476608276,0.16699115931987762,0.5643795728683472,0.05395831912755966,0.07416708767414093,0.34820741415023804,0.20265311002731323,1.0147674083709717,0.20497392117977142,0.7608173489570618,1.7110209465026855,1.3240216970443726,0.5976397395133972,0.15692263841629028
0.029758887365460396,0.13652972877025604,0.5996686816215515,0.09933796525001526,0.7434865832328796,0.4721548855304718,0.5623283982276917,4.325716018676758,1.4505003690719604,0.9018456935882568,0.5128093361854553,0.38094061613082886,0.8049494028091431,0.00039999998989515007,0.07677451521158218,0.5636364221572876,2.1343271732330322,2.8845102787017822,0.8736245036125183,1.3552777767181396,0.9392790794372559,0.6606045365333557,0.8160051703453064,0.6882221102714539,0.20386077463626862,1.4492133855819702,0.03486821800470352,0.0832604244351387,0.6251884698867798,0.5267018675804138,0.15840674936771393,0.18837931752204895,0.5604641437530518,1.3522977828979492,1.1799795627593994,1.6722526550292969,0.49668368697166443,0.20536792278289795,0.27052006125450134,0.28192320466041565,0.5804001092910767,0.2245027720928192,0.3799390196800232,0.06849498301744461,0.3315683901309967,0.25716251134872437,0.609571099281311,0.05163511261343956,0.41734403371810913,0.8204314112663269,1.313417911529541,0.0028934432193636894,0.9874842762947083,1.6778990030288696,1.0608433485031128,0.843146562576294,0.31065961718559265
0.4134070873260498,0.21550479531288147,0.42944324016571045,0.8632832765579224,0.5099347829818726,0.7570760250091553,0.31518837809562683,4.855703353881836,1.4280788898468018,1.664358139038086,0.7446517944335938,0.01386924646794796,1.118800401687622,0.00039999998989515007,0.4934499263763428,0.790534496307373,1.517814040184021,3.252821922302246,1.0043030977249146,0.7467970252037048,0.4212316572666168,0.845125675201416,0.5281059145927429,0.6774452924728394,0.5349079370498657,1.2748905420303345,0.18862681090831757,0.008077280595898628,0.5274946093559265,0.5622466206550598,0.18296216428279877,0.3487820327281952,0.1403898149728775,0.7232095003128052,0.6430920958518982,1.541068434715271,1.137432336807251,0.2403179556131363,0.1935080885887146,0.09883256256580353,0.19873164594173431,0.10452505201101303,0.6902197599411011,0.6411386728286743,0.3165895640850067,1.1254856586456299,0.21044540405273438,0.006273113656789064,0.07267635315656662,0.7113866209983826,0.857840895652771,0.10674933344125748,0.6305140256881714,1.3728904724121094,0.5981565117835999,0.5135575532913208,0.07974836230278015
0.5794917941093445,0.6421123743057251,0.3875300884246826,0.04095308482646942,0.5634397268295288,0.1483863890171051,0.13114997744560242,4.646374225616455,0.7910031080245972,0.5239981412887573,0.3058346211910248,0.28024810552597046,0.5991137027740479,0.00039999998989515007,0.5018602013587952,0.37478628754615784,2.5706424713134766,2.927100896835327,0.7279496788978577,1.488762617111206,0.7980862259864807,1.5086554288864136,0.14521028101444244,0.03667474910616875,0.6323291659355164,1.1467914581298828,0.5749081373214722,0.10324686765670776,0.3605329692363739,0.924686074256897,0.2423410415649414,0.050087422132492065,0.7394834160804749,1.1246799230575562,1.1675766706466675,1.7259819507598877,0.0037054510321468115,0.6693369150161743,0.14997975528240204,0.2519615590572357,0.5149783492088318,0.7060281038284302,0.4848807156085968,0.22724783420562744,0.3300251364707947,0.7526518702507019,0.15473401546478271,0.24504244327545166,0.620653510093689,0.5140663981437683,1.059492826461792,0.010114560835063457,1.0726451873779297,1.253360390663147,0.5387021899223328,0.492028146982193,0.5810753703117371
0.30597248673439026,0.8230361938476562,0.09706953167915344,0.3714301288127899,0.8354512453079224,0.7043256759643555,0.012801995500922203,4.800771713256836,1.0889288187026978,1.0177106857299805,0.3952973484992981,0.23539195954799652,0.711113691329956,0.00039999998989515007,0.02836506813764572,0.8068724870681763,1.8718163967132568,3.2572174072265625,1.4146989583969116,1.0559337139129639,0.4974953830242157,1.0194923877716064,0.26221534609794617,0.07002096623182297,0.11183305084705353,1.8138008117675781,0.3438864052295685,0.11571839451789856,0.08076583594083786,0.49333158135414124,0.5312008857727051,0.0415988489985466,0.5040436387062073,0.7672841548919678,1.1451760530471802,1.6692746877670288,0.7929501533508301,0.47544044256210327,0.3112463057041168,0.19440148770809174,0.1781601905822754,0.052870672196149826,0.17284542322158813,0.4479374587535858,0.13724929094314575,0.5738303661346436,0.19917665421962738,0.05823907256126404,0.030029959976673126,7.119245856301859e-05,0.8585222363471985,0.030697448179125786,0.9741517305374146,1.4598113298416138,1.1207468509674072,0.5779876708984375,0.09540282934904099
0.1527019590139389,0.2896175682544708,0.11070363968610764,0.5192102193832397,1.016499638557434,1.1076034307479858,0.283574640750885,4.96882963180542,1.0435453653335571,0.9571949243545532,0.22353745996952057,0.08832953870296478,0.8947378396987915,0.00039999998989515007,0.18444667756557465,0.9802942276000977,1.9522255659103394,3.1620116233825684,0.933207631111145,0.8881841897964478,0.4483708441257477,0.8626781702041626,0.19149149954319,0.5656073093414307,0.31193795800209045,1.712612509727478,0.10712678730487823,0.030709728598594666,0.3909190595149994,0.549470067024231,0.2981363534927368,0.1455133557319641,0.7676211595535278,1.132521152496338,0.8121883273124695,1.7734088897705078,0.6924334764480591,0.21457351744174957,0.3353712856769562,0.5221163034439087,0.5227211117744446,0.006787579972296953,0.26396217942237854,0.2795667052268982,0.299831360578537,0.5169010162353516,0.06125627085566521,0.20383256673812866,0.2859852612018585,0.385175883769989,0.6853653788566589,0.1780107319355011,0.536705732345581,1.3130742311477661,1.1987440586090088,0.04563555866479874,0.21359913051128387
0.6309775710105896,0.6475608348846436,0.04933640733361244,0.16865889728069305,0.8977652192115784,0.428000271320343,0.2668105959892273,4.427082061767578,1.2197978496551514,0.5850443243980408,0.3086268901824951,0.0005923158605583012,0.79914391040802,0.00039999998989515007,0.4155912697315216,0.6106645464897156,2.6070191860198975,3.1666431427001953,0.6263828277587891,1.2212169170379639,0.7421275973320007,1.0987721681594849,0.31127896904945374,0.6548253297805786,0.2521425485610962,0.7331642508506775,0.14119966328144073,0.32065919041633606,0.26714253425598145,0.7259570360183716,0.10597345232963562,0.12513576447963715,0.8920771479606628,1.278939127922058,1.3579490184783936,1.6916587352752686,0.20352736115455627,0.31271159648895264,0.04353465139865875,0.011985404416918755,0.513777494430542,0.3021370768547058,0.048678766936063766,0.05117924138903618,0.2183520644903183,0.5346097946166992,0.4862053394317627,0.08143956959247589,0.6723030209541321,0.7905225157737732,0.9682086706161499,0.25376179814338684,0.8687130212783813,1.5175580978393555,1.2130346298217773,0.41964948177337646,0.502589762210846
0.06481889635324478,0.4310187101364136,0.0028109534177929163,0.643267810344696,0.8644050359725952,0.8403686285018921,0.051586396992206573,4.916182041168213,1.3926827907562256,1.1452288627624512,0.2922983765602112,0.21715191006660461,0.6284885406494141,0.00039999998989515007,0.11007636785507202,0.7011675834655762,1.6329317092895508,3.298948287963867,1.2000981569290161,1.0701650381088257,0.32142913341522217,0.9783094525337219,0.21383799612522125,0.259414941072464,0.303854763507843,1.7414661645889282,0.07455525547266006,0.15672333538532257,0.28643926978111267,0.5044846534729004,0.2827080488204956,0.09730056673288345,0.6690034866333008,0.9777824282646179,0.736531674861908,1.7732516527175903,0.6347565650939941,0.3782762885093689,0.3140712380409241,0.21517595648765564,0.30947455763816833,0.11896184831857681,0.3732856810092926,0.4603857100009918,0.06354136765003204,0.6840113997459412,0.19421856105327606,0.07632311433553696,0.2036914825439453,0.10766876488924026,0.7860316038131714,0.004274711478501558,0.802767276763916,1.5284490585327148,1.075320839881897,0.49632197618484497,0.027783885598182678
0.3869551420211792,0.4856054484844208,0.022125139832496643,0.4451688528060913,1.0394823551177979,1.1000583171844482,0.00606342451646924,4.426377296447754,1.488537073135376,1.3019760847091675,0.3158963620662689,0.538055956363678,0.9871565103530884,0.00039999998989515007,0.4085465371608734,0.3697017431259155,1.1511801481246948,3.4759340286254883,0.8849754333496094,1.080568790435791,0.41244015097618103,0.7993819117546082,0.2971724569797516,0.07853198796510696,0.024914640933275223,1.9027512073516846,0.208113893866539,0.07635068148374557,0.3275038003921509,0.006579263601452112,0.3227986991405487,0.03747709468007088,0.6504799723625183,1.0919798612594604,0.8944762945175171,1.6052401065826416,0.5752617120742798,0.3224640190601349,0.4476935565471649,0.2443946748971939,0.004623898770660162,0.09588852524757385,0.4613165855407715,0.7140620350837708,0.1648716777563095,0.3303215801715851,0.4996248185634613,0.09748276323080063,0.1485559046268463,0.2618805170059204,0.5901882648468018,0.15844370424747467,0.8110528588294983,1.742409348487854,1.4977861642837524,0.7672892212867737,0.0020588228944689035
0.5232400298118591,0.7565005421638489,0.11537346243858337,0.00017991141066886485,0.5749225616455078,0.3154924511909485,0.1698359251022339,5.022671222686768,0.5010560154914856,0.7739272117614746,0.6907721161842346,0.21878087520599365,1.251886248588562,0.00039999998989515007,0.06022115796804428,0.9276971220970154,2.2155706882476807,3.1292381286621094,1.1659234762191772,0.8938585519790649,0.7261258363723755,1.1594711542129517,0.4039219617843628,0.014483283273875713,0.16562937200069427,1.9540040493011475,0.06489328294992447,0.07799588143825531,0.21348334848880768,0.5401224493980408,0.7814756631851196,0.12377672642469406,0.18080146610736847,0.5387223362922668,1.222634196281433,1.509983777999878,0.915265679359436,0.49279141426086426,0.21510791778564453,0.049769431352615356,0.055375561118125916,0.15123984217643738,0.23355215787887573,0.5450231432914734,0.4820186495780945,0.1987856775522232,0.5503584146499634,0.3254282474517822,0.1169821172952652,0.012592467479407787,0.8768433928489685,0.24512767791748047,0.8185240030288696,1.1973061561584473,0.9361541271209717,0.5215470194816589,0.16382738947868347
0.05659233778715134,0.5350819230079651,0.08801340311765671,0.6193310022354126,1.1162210702896118,0.9307780265808105,0.24194230139255524,4.851469039916992,1.3363288640975952,0.9201998114585876,0.19713909924030304,0.09119772166013718,0.6649196743965149,0.00039999998989515007,0.08771955221891403,1.0230138301849365,1.5958130359649658,3.406805992126465,1.2557047605514526,0.727690577507019,0.13761864602565765,0.7903563380241394,0.11810679733753204,0.4278698265552521,0.17464518547058105,1.6102014780044556,0.6041739583015442,0.07435515522956848,0.2079387605190277,0.49676916003227234,0.3845082223415375,0.06334877759218216,0.7626815438270569,0.8742320537567139,0.7762346267700195,1.770174264907837,0.7500836849212646,0.1559985727071762,0.563849925994873,0.5299409031867981,0.35076338052749634,0.2825881838798523,0.11858953535556793,0.22273212671279907,0.2563651502132416,0.4698728322982788,0.05115782096982002,0.18355277180671692,0.222788468003273,0.09446470439434052,0.5508102178573608,0.16394050419330597,0.738599419593811,1.4935566186904907,1.4799418449401855,0.31078025698661804,0.015719253569841385
0.007852504961192608,0.04845178499817848,0.4380838871002197,0.30433598160743713,0.6416479349136353,0.32103416323661804,0.21167056262493134,4.905189037322998,1.2194998264312744,1.015273928642273,0.7180830836296082,0.5717927813529968,0.7145287990570068,0.00039999998989515007,0.1851346790790558,0.8294098973274231,2.2784693241119385,3.045261859893799,1.3006435632705688,1.1861371994018555,0.6698371767997742,0.9690690040588379,0.564396321773529,0.416292667388916,0.19628719985485077,1.5668026208877563,0.09900141507387161,0.1362345963716507,0.3993509113788605,0.5318034291267395,0.5140128135681152,0.12018312513828278,0.231129989027977,1.008238673210144,0.9515672326087952,1.6686862707138062,0.6940581202507019,0.324654221534729,0.04157523810863495,0.3076852560043335,0.41400617361068726,0.22264115512371063,0.2959500849246979,0.3188839256763458,0.09628245234489441,0.13133865594863892,0.1475316286087036,0.17618204653263092,0.13818295300006866,0.5592870116233826,1.0028254985809326,0.24508492648601532,1.0570038557052612,1.386377215385437,0.6699414849281311,0.7697497606277466,0.1678972691297531
0.5678321719169617,0.17051254212856293,0.28943443298339844,0.9104745984077454,1.3638488054275513,1.5587071180343628,0.7628287672996521,4.601630687713623,0.9099264740943909,0.544892430305481,0.2818288207054138,0.10666660219430923,0.19989359378814697,0.00039999998989515007,0.5094952583312988,1.2394648790359497,1.4531975984573364,2.871005058288574,1.3317219018936157,1.202337622642517,0.030035879462957382,0.5977408289909363,0.30475911498069763,0.17998172342777252,0.12524275481700897,2.2484853267669678,0.6802396774291992,0.20754028856754303,0.39314109086990356,0.3146166503429413,0.4904082417488098,0.09506148844957352,1.093356966972351,1.0960850715637207,0.49161940813064575,1.9830504655838013,0.6951650381088257,0.490518718957901,0.5723257660865784,0.5548785328865051,0.4151499569416046,0.16671344637870789,0.02013329602777958,0.053915783762931824,0.3056996166706085,0.15327982604503632,0.009436148218810558,0.5936936140060425,0.2398131936788559,0.283743292093277,0.5507959723472595,0.0025558064226061106,0.14808927476406097,1.0835566520690918,1.186413288116455,0.27634045481681824,0.171873077750206
0.43728238344192505,0.5163583755493164,0.2331952601671219,0.6227807402610779,0.8270642161369324,1.1305276155471802,0.26787781715393066,5.113732814788818,0.8691719174385071,1.202675700187683,0.35808905959129333,0.27677878737449646,0.7616923451423645,0.00039999998989515007,0.16562071442604065,0.9921259880065918,2.061384916305542,3.1645092964172363,1.1432490348815918,0.978682279586792,0.4363166391849518,1.0948517322540283,0.03720736503601074,0.2678726613521576,0.2823754847049713,1.6702020168304443,0.11740479618310928,0.0635715052485466,0.24627745151519775,0.4868827164173126,0.3780510127544403,0.14909861981868744,0.5336410999298096,0.9383415579795837,0.7410579919815063,1.7200112342834473,0.6987113952636719,0.42649999260902405,0.4172976613044739,0.4050864279270172,0.389822393655777,0.18297995626926422,0.4876222014427185,0.566588819026947,0.2688242793083191,0.6751531362533569,0.49602892994880676,0.22568881511688232,0.13669322431087494,0.28545019030570984,0.4841236472129822,0.22601687908172607,0.6270391941070557,1.154620885848999,0.666632890701294,0.020955072715878487,0.013365731574594975
0.20896336436271667,0.4535517692565918,0.18086977303028107,0.6333140134811401,0.9164637923240662,0.5356489419937134,0.26874634623527527,4.60471773147583,1.68805992603302,0.803695559501648,0.22751449048519135,0.08499379456043243,0.594843327999115,0.00039999998989515007,0.36232030391693115,1.052462100982666,1.1599620580673218,3.764253616333008,1.1253880262374878,0.8717656135559082,0.06366445869207382,0.7382137179374695,0.2868519723415375,0.3009490370750427,0.4405890107154846,1.3951313495635986,0.5313418507575989,0.23444189131259918,0.2935545742511749,0.617641806602478,0.008691735565662384,0.05793328210711479,0.9127658009529114,0.6373396515846252,0.6226110458374023,1.9320377111434937,0.458891898393631,0.2578504979610443,0.4477553367614746,0.2050745040178299,0.1145707443356514,0.1841505914926529,0.0008669490925967693,0.14802147448062897,0.0967545360326767,0.7005599737167358,0.013355139642953873,0.011298926547169685,0.5242429971694946,0.16886724531650543,0.5245513916015625,0.3152692914009094,0.8134326338768005,1.8396575450897217,1.4967840909957886,0.6802565455436707,0.0021604972425848246
0.1850961446762085,0.4711901545524597,0.1875772923231125,0.7720592021942139,0.9563998579978943,1.0409207344055176,0.22483445703983307,4.887241840362549,1.3943809270858765,1.2630832195281982,0.29224300384521484,0.32458868622779846,0.6089752912521362,0.00039999998989515007,0.19177161157131195,0.7591660022735596,1.5913712978363037,3.3720221519470215,1.1837971210479736,1.0592007637023926,0.2102186530828476,1.0132719278335571,0.12811599671840668,0.23070864379405975,0.3768569529056549,1.6094731092453003,0.03796621039509773,0.037857022136449814,0.210953488945961,0.3750954866409302,0.23345719277858734,0.10675709694623947,0.6554775834083557,0.9778969287872314,0.6325109004974365,1.8055076599121094,0.620775043964386,0.3985520899295807,0.46926674246788025,0.23770350217819214,0.29379627108573914,0.056112732738256454,0.4123357832431793,0.5470371246337891,0.008054240606725216,0.7126392722129822,0.34729912877082825,0.17236734926700592,0.2392512559890747,0.0965031310915947,0.5473930835723877,0.14811241626739502,0.7460196614265442,1.4576951265335083,0.9376190900802612,0.3576664924621582,0.04413730651140213
0.04447272792458534,0.16423873603343964,0.737565815448761,0.125745490193367,0.46396467089653015,0.4990486204624176,0.07967532426118851,4.5872650146484375,1.385523796081543,1.336888074874878,0.7674511671066284,0.8251293301582336,0.8729697465896606,0.00039999998989515007,0.0034500209148973227,0.5422315001487732,1.8303905725479126,2.8586699962615967,1.0921263694763184,1.159927487373352,0.863627016544342,0.7392801642417908,0.50157630443573,0.27600541710853577,0.03202475607395172,2.016301393508911,0.20765259861946106,0.4265197217464447,0.8210794925689697,0.2067362666130066,0.6379808187484741,0.2832951247692108,0.21797065436840057,1.1061898469924927,0.8710384368896484,1.4142340421676636,0.5264557003974915,0.17196521162986755,0.030490754172205925,0.6769030094146729,0.2929048538208008,0.2836414575576782,0.6508092880249023,0.6690029501914978,0.4423696994781494,0.13511644303798676,0.2128196358680725,0.18679767847061157,0.10105699300765991,0.26748570799827576,0.9215238690376282,0.12058142572641373,1.1282049417495728,1.6462609767913818,0.9826297760009766,1.046638011932373,0.18014144897460938
0.502951443195343,0.6512861251831055,0.13324284553527832,0.326353520154953,0.7504112720489502,0.958601713180542,0.15912117063999176,4.667492389678955,1.1248940229415894,1.416272521018982,0.5646994709968567,0.4708014726638794,1.1138719320297241,0.00039999998989515007,0.10185447335243225,0.6894075274467468,1.4869416952133179,3.2535507678985596,1.1528056859970093,0.8843652606010437,0.5443137884140015,0.8796812295913696,0.23282594978809357,0.009442288428544998,0.18724866211414337,2.116349935531616,0.04973398521542549,0.1299113631248474,0.37339189648628235,0.11717486381530762,0.6111393570899963,0.009827601723372936,0.33576637506484985,0.7628864049911499,0.9856743216514587,1.4533851146697998,0.854010820388794,0.32596123218536377,0.4450472891330719,0.4239710569381714,0.0329296700656414,0.044418975710868835,0.48318183422088623,0.8668223023414612,0.00468510901555419,0.3189190626144409,0.7240092158317566,0.01589854061603546,0.21150657534599304,0.23165427148342133,0.5986359715461731,0.09495548903942108,0.8943217396736145,1.5499026775360107,1.293474793434143,0.6954644918441772,0.11392496526241302
0.6788836121559143,0.7958652377128601,0.7320668697357178,0.1638777107000351,1.0098357200622559,0.41965875029563904,0.021250510588288307,4.561260223388672,0.8987469673156738,0.46209606528282166,0.25652721524238586,0.46411997079849243,0.633762776851654,0.00039999998989515007,0.7758561968803406,0.6573124527931213,2.2965993881225586,3.5002224445343018,0.7152338027954102,1.3415124416351318,0.3405793309211731,1.4520670175552368,0.06974286586046219,0.008550138212740421,0.639324963092804,0.7830317616462708,0.4154212474822998,0.7213583588600159,0.01595262624323368,0.5715803503990173,0.17042909562587738,0.0012248546117916703,0.7997024655342102,1.025126576423645,1.0394351482391357,1.888641595840454,0.004425602033734322,0.6499783992767334,0.38394901156425476,0.23187468945980072,0.30529147386550903,0.2257777601480484,0.11638432741165161,0.18877701461315155,0.6446118950843811,0.5035026669502258,0.29170775413513184,0.09619200229644775,0.8399161696434021,0.3508400321006775,0.41246363520622253,0.061030443757772446,0.9542369842529297,1.268966794013977,0.6755955815315247,0.3592102527618408,0.43481191992759705
0.63522869348526,1.076798915863037,0.882257878780365,0.500119686126709,1.115443229675293,1.033025860786438,0.1328015923500061,4.872188568115234,0.6466857194900513,0.6639937162399292,0.1792880743741989,0.2709611654281616,0.7865100502967834,0.00039999998989515007,0.44126513600349426,0.4146369695663452,1.9445539712905884,3.0533382892608643,0.5803495645523071,0.8696457147598267,0.12786366045475006,1.4645358324050903,0.24388530850410461,0.07280519604682922,0.560528039932251,1.381929874420166,0.38854971528053284,0.3016180694103241,0.0747445747256279,0.6828261613845825,0.19787569344043732,0.5014172792434692,1.0162477493286133,1.0018231868743896,0.7932772636413574,1.679181694984436,0.5444436073303223,0.5802698731422424,0.5876340866088867,0.4008580148220062,0.41208499670028687,0.13223600387573242,0.1676967442035675,0.37632250785827637,0.7044625878334045,1.1013416051864624,0.5549021363258362,0.07115952670574188,0.403798907995224,0.2003541886806488,0.6828501224517822,0.45640769600868225,0.3717539310455322,0.9861279129981995,1.1245836019515991,0.23021216690540314,0.3429396152496338
0.13510413467884064,0.33261537551879883,0.1621604710817337,0.6953494548797607,0.7359158992767334,0.7087382674217224,0.03725293278694153,5.036399841308594,1.4041798114776611,1.1856176853179932,0.3628997802734375,0.18560436367988586,0.6544138193130493,0.00039999998989515007,0.044257499277591705,0.8172413110733032,1.5020173788070679,3.2471976280212402,1.2499592304229736,0.9694146513938904,0.1642390638589859,1.0061583518981934,0.16915221512317657,0.1762315183877945,0.3736356198787689,1.937666654586792,0.055999547243118286,0.2515619993209839,0.3480103313922882,0.5084628462791443,0.3822707235813141,0.15769803524017334,0.5904317498207092,0.8041366338729858,0.5226734280586243,1.7517504692077637,0.6846272349357605,0.3615031838417053,0.3876027464866638,0.24908889830112457,0.2277192771434784,0.11551164835691452,0.40756306052207947,0.5539870262145996,0.04280615970492363,0.5908851027488708,0.42044129967689514,0.07867083698511124,0.08043380826711655,0.05084003135561943,0.7328270077705383,0.1258043348789215,0.7819902896881104,1.516800880432129,1.0797157287597656,0.5436385273933411,0.04456659033894539
0.06223941221833229,0.26808252930641174,0.8574045300483704,1.093891978263855,0.30282676219940186,0.3912617266178131,0.6954636573791504,4.83724308013916,1.7463315725326538,1.9981778860092163,0.9641724824905396,0.06517744064331055,0.8524462580680847,0.00039999998989515007,1.2812778949737549,0.9031203985214233,1.2643415927886963,2.9117703437805176,1.4827505350112915,0.015374662354588509,0.004302567802369595,0.7892335653305054,0.07992304116487503,0.825203537940979,0.6506412625312805,0.9100420475006104,0.3628958463668823,0.24152038991451263,0.7215980291366577,0.60355544090271,0.08946239948272705,0.310965359210968,0.2690695822238922,0.3046693801879883,0.2562355697154999,1.133632779121399,1.415668249130249,0.20114432275295258,0.5448187589645386,0.3146900534629822,0.2551144063472748,0.23441554605960846,0.23932598531246185,0.7827013731002808,0.3754444718360901,1.0250719785690308,0.07447461783885956,0.1442396193742752,0.3576509952545166,0.6067432165145874,0.5567882657051086,0.22344765067100525,0.940517783164978,1.218569278717041,0.6700229048728943,0.6664028763771057,0.25814196467399597
0.09399724006652832,0.3872414827346802,0.021209420636296272,0.8847016096115112,0.6774179935455322,0.6232346892356873,0.2632392346858978,4.949464797973633,1.5754177570343018,1.3238162994384766,0.413459837436676,0.21363887190818787,0.5466481447219849,0.00039999998989515007,0.008260144852101803,0.7254347801208496,1.3244370222091675,3.354121208190918,1.3090370893478394,1.0395352840423584,0.022853752598166466,1.0901908874511719,0.18922586739063263,0.10067559033632278,0.5376693606376648,1.7029032707214355,0.06412061303853989,0.2006596326828003,0.2566297948360443,0.4970964193344116,0.19604109227657318,0.20895294845104218,0.5282987952232361,0.7065115571022034,0.408212274312973,1.7916127443313599,0.6599270105361938,0.4611239433288574,0.41131874918937683,0.01871776394546032,0.13443434238433838,0.16942308843135834,0.5008999705314636,0.6234048008918762,0.17937669157981873,0.8176918029785156,0.48753246665000916,0.09378910809755325,0.15533237159252167,0.02544240653514862,0.6855335235595703,0.04769525304436684,0.83553546667099,1.5240213871002197,0.835455060005188,0.6458973288536072,0.055391572415828705
0.0790775865316391,0.38726022839546204,0.06991013884544373,0.7729148864746094,0.9358391165733337,1.0051040649414062,0.0838242918252945,4.95501708984375,1.3982880115509033,1.3005911111831665,0.31356146931648254,0.3145129978656769,0.6536579728126526,0.00039999998989515007,0.043482497334480286,0.7300706505775452,1.6527798175811768,3.209028720855713,1.2005387544631958,1.0302282571792603,0.20684494078159332,1.0214765071868896,0.16069701313972473,0.2850661873817444,0.3735794723033905,1.734041690826416,0.044706542044878006,0.12476211041212082,0.23602305352687836,0.35891035199165344,0.31387943029403687,0.1406324803829193,0.6034648418426514,1.001159906387329,0.5985491871833801,1.764357089996338,0.7274770736694336,0.36392742395401,0.4707583487033844,0.22273291647434235,0.34275397658348083,0.039315368980169296,0.40073278546333313,0.5592877268791199,0.03906545415520668,0.6332386136054993,0.3144678473472595,0.10564756393432617,0.15291757881641388,0.05365531146526337,0.6712220311164856,0.075844906270504,0.7350206971168518,1.4188371896743774,0.9724424481391907,0.3759795129299164,0.0028768288902938366
0.16217152774333954,0.5203017592430115,0.033833399415016174,0.6097151637077332,0.7558538913726807,0.8788842558860779,0.10616786777973175,4.907145977020264,1.3455382585525513,1.2838331460952759,0.3836368918418884,0.20191019773483276,0.6683504581451416,0.00039999998989515007,0.0787789449095726,0.9303390383720398,1.7437108755111694,3.2446441650390625,1.3061310052871704,0.9977024793624878,0.31388264894485474,0.9430488348007202,0.1635054349899292,0.24956487119197845,0.23469914495944977,1.754363775253296,0.14517080783843994,0.18851470947265625,0.3499647080898285,0.4647844731807709,0.32660385966300964,0.07119137048721313,0.5831506848335266,0.8195059895515442,0.7485332489013672,1.7345046997070312,0.7019668817520142,0.36745724081993103,0.38286587595939636,0.36376890540122986,0.299568235874176,0.08542926609516144,0.4052199721336365,0.5515896081924438,0.024133101105690002,0.7165765762329102,0.3278147876262665,0.1131022572517395,0.11396592855453491,0.16280290484428406,0.6702603697776794,0.08503971993923187,0.8658896088600159,1.549579381942749,1.018333911895752,0.47430920600891113,0.08957920223474503
0.006077914498746395,0.6822856664657593,0.30619674921035767,0.38855817914009094,0.5972440242767334,0.558609127998352,0.02933145873248577,5.073602676391602,0.8588953018188477,1.0607163906097412,0.633691132068634,0.36213913559913635,0.9528700113296509,0.00039999998989515007,0.35795116424560547,1.1419446468353271,1.879246473312378,2.680490732192993,1.7038763761520386,0.6528492569923401,0.5545793175697327,0.8896549344062805,0.2085164338350296,0.13861453533172607,0.20904311537742615,2.285337448120117,0.5421217083930969,0.35661622881889343,0.4558003842830658,0.37214183807373047,1.044787049293518,0.022379029542207718,0.21482481062412262,0.44451308250427246,0.8252607583999634,1.5158607959747314,0.9933008551597595,0.22750334441661835,0.3502575755119324,0.651386022567749,0.32258912920951843,0.06664422154426575,0.2579871714115143,0.7337880730628967,0.23390257358551025,0.04857789725065231,0.5135591626167297,0.1507227122783661,0.428146630525589,0.28546151518821716,0.6087203025817871,0.0033007755409926176,0.8138757348060608,1.3542417287826538,0.9929641485214233,0.28491127490997314,0.09618770331144333
0.10244975239038467,0.8372679352760315,0.3595410883426666,0.1704060286283493,0.03079230524599552,0.13131171464920044,0.43506506085395813,4.892427444458008,1.3866989612579346,1.1011959314346313,0.42015376687049866,0.4447530508041382,0.6873146891593933,0.00039999998989515007,0.08808819204568863,0.933687150478363,1.50344979763031,3.313815116882324,1.542068362236023,0.46676623821258545,0.12691956758499146,1.1563441753387451,0.3733738362789154,0.12873010337352753,0.46034303307533264,1.7064350843429565,0.19780507683753967,0.5943077206611633,0.676395058631897,0.9786717295646667,0.23521828651428223,0.1895076185464859,0.6860625147819519,0.0773734301328659,0.6093921661376953,1.3818495273590088,0.24328617751598358,0.4195241332054138,0.2584526538848877,0.16255266964435577,0.03304146230220795,0.6622596383094788,0.1873401403427124,0.5889835357666016,0.10762544721364975,1.0936040878295898,0.7097553014755249,0.44545432925224304,0.23208341002464294,0.13463985919952393,0.5969953536987305,0.4576348662376404,1.0379669666290283,1.5940250158309937,1.1539578437805176,0.7497586011886597,0.07448135316371918
0.0700581818819046,0.12150164693593979,0.23893670737743378,0.7497813701629639,0.7870427966117859,0.9560153484344482,0.20027631521224976,4.872884273529053,1.4799355268478394,1.2565449476242065,0.3030703365802765,0.022761473432183266,0.8670648336410522,0.00039999998989515007,0.11217065155506134,0.8084514737129211,1.4666930437088013,3.1532812118530273,0.9292406439781189,1.0225111246109009,0.17721226811408997,0.9156559705734253,0.34662652015686035,0.4008966386318207,0.5430079102516174,1.8316829204559326,0.17867444455623627,0.16075366735458374,0.45853957533836365,0.5358254909515381,0.08585165441036224,0.26861411333084106,0.7086469531059265,0.9725565910339355,0.4615801274776459,1.786288857460022,0.7308114171028137,0.34101077914237976,0.3552508056163788,0.12896262109279633,0.328645795583725,0.118011973798275,0.5554502606391907,0.5045880675315857,0.1071387454867363,0.8017581105232239,0.34275543689727783,0.02652248740196228,0.23464104533195496,0.18971022963523865,0.8498871326446533,0.261433482170105,0.5449228286743164,1.5703636407852173,1.1342453956604004,0.4097333550453186,0.11812778562307358
0.2946171462535858,1.0206718444824219,0.7401692271232605,0.5993953943252563,0.9427176117897034,0.6072812676429749,0.0751640647649765,4.632275104522705,1.0109198093414307,0.5564044713973999,0.05490708351135254,0.2819162607192993,0.4680888056755066,0.00039999998989515007,0.4326957166194916,0.9339212775230408,1.4878411293029785,3.6097195148468018,0.8222737908363342,0.7073037624359131,0.212833970785141,1.4764748811721802,0.3120025396347046,0.05631718784570694,0.8354053497314453,1.069709300994873,0.012779904529452324,0.5381861329078674,0.018795249983668327,0.8114972114562988,0.03715340420603752,0.4097968339920044,1.2049152851104736,0.5414585471153259,0.5697535872459412,1.8706715106964111,0.2311285436153412,0.4066702723503113,0.8939067125320435,0.21167485415935516,0.22571946680545807,0.046211354434490204,0.16543279588222504,0.1866675168275833,0.901658296585083,1.2004425525665283,0.45310911536216736,0.09391149878501892,0.6929632425308228,0.008552303537726402,0.3016575872898102,0.4685731828212738,0.6409007906913757,1.203536033630371,1.2522350549697876,0.0022839305456727743,0.2550516426563263
0.21812859177589417,0.7149374485015869,0.14479152858257294,0.6203460097312927,1.0146901607513428,0.9040738344192505,0.10296788066625595,4.561679840087891,1.4003018140792847,1.2156116962432861,0.3481934368610382,0.31437867879867554,0.8357990384101868,0.00039999998989515007,0.1836690604686737,0.7986577749252319,1.4718444347381592,3.384312152862549,1.2478792667388916,1.0928527116775513,0.13572347164154053,0.9884510636329651,0.3001033365726471,0.06595046818256378,0.13003234565258026,1.7709776163101196,0.0921897366642952,0.10580398887395859,0.05087217688560486,0.24502037465572357,0.32933276891708374,0.12422846257686615,0.6037829518318176,0.8186431527137756,0.8616172671318054,1.7925426959991455,0.774370014667511,0.47130295634269714,0.5816038250923157,0.06417618691921234,0.06189686805009842,0.15184210240840912,0.26216521859169006,0.5612724423408508,0.0992831140756607,0.5572633743286133,0.43333104252815247,0.04052694886922836,0.17118890583515167,0.18666036427021027,0.6414684653282166,0.11126580089330673,0.8794008493423462,1.5943355560302734,1.284135341644287,0.6196528673171997,0.11740883439779282
0.10305718332529068,0.5595011115074158,0.1666639745235443,0.7327437400817871,1.0059330463409424,1.0101370811462402,0.09611508995294571,4.801723003387451,1.2578343152999878,1.142371416091919,0.2214229553937912,0.18119165301322937,0.7613785266876221,0.00039999998989515007,0.25532129406929016,0.9073951244354248,1.6851694583892822,3.210643768310547,1.1275149583816528,1.0390161275863647,0.07355734705924988,1.0961753129959106,0.08309412002563477,0.2054741233587265,0.4522002041339874,1.7398446798324585,0.052726566791534424,0.018883470445871353,0.1878434121608734,0.44569048285484314,0.2827029228210449,0.22657020390033722,0.7686019539833069,0.9345892071723938,0.6288352608680725,1.8775285482406616,0.6467171907424927,0.4210911691188812,0.5642417669296265,0.22224633395671844,0.3153798282146454,0.014108589850366116,0.3452794849872589,0.5001074075698853,0.25774165987968445,0.6887763142585754,0.4752722680568695,0.09499609470367432,0.279607892036438,0.02221244014799595,0.5841816663742065,0.16070525348186493,0.7070809602737427,1.4054392576217651,1.1438286304473877,0.2479117065668106,0.05302995815873146
0.2608887553215027,0.5730323195457458,0.1518593281507492,0.7174763679504395,0.9206962585449219,1.0971406698226929,0.007256097160279751,4.734803199768066,1.2906146049499512,1.3247991800308228,0.3077406883239746,0.22873830795288086,0.7956258058547974,0.00039999998989515007,0.21685218811035156,0.9109212160110474,1.685305118560791,3.2093734741210938,1.1685905456542969,1.08821439743042,0.19845694303512573,1.0218037366867065,0.16922855377197266,0.2131078988313675,0.33745673298835754,1.7322185039520264,0.07586155831813812,0.030418483540415764,0.22343815863132477,0.3826288878917694,0.2230054885149002,0.17456653714179993,0.66937655210495,0.9143596887588501,0.7135655879974365,1.8249200582504272,0.7074160575866699,0.4421369433403015,0.5068616271018982,0.2328411042690277,0.267394095659256,0.019893312826752663,0.4779480993747711,0.590326726436615,0.10756208002567291,0.7604193687438965,0.48832473158836365,0.16115441918373108,0.21861793100833893,0.0746903344988823,0.5886847376823425,0.0064283073879778385,0.7602829933166504,1.4714579582214355,1.037611722946167,0.32617783546447754,0.06584478914737701
0.25947362184524536,0.6957619786262512,0.7278655171394348,0.8933100700378418,0.24323837459087372,0.22217246890068054,0.5421453714370728,4.6639275550842285,1.2254189252853394,1.9017761945724487,1.1436959505081177,0.13631722331047058,1.1895244121551514,0.00039999998989515007,1.3394755125045776,1.0250674486160278,1.3779295682907104,2.7565758228302,1.6804726123809814,0.09609238803386688,0.018649868667125702,1.0324474573135376,0.20807093381881714,0.34484848380088806,0.26547589898109436,1.4128164052963257,0.3039322793483734,0.22747032344341278,0.3916153609752655,0.5235611796379089,0.4807737469673157,0.44049105048179626,0.5122572779655457,0.005195388104766607,0.5513944029808044,1.0981935262680054,1.6882710456848145,0.09335824847221375,0.6497799754142761,0.08702453225851059,0.09753850102424622,0.26383787393569946,0.2648463547229767,0.9888167381286621,0.021954122930765152,0.8185853362083435,0.5986452698707581,0.3587898313999176,0.6712628602981567,0.1073894128203392,0.6634196639060974,0.019952118396759033,1.0481764078140259,1.0233817100524902,0.7004193663597107,0.7650164365768433,0.35638368129730225
0.11104017496109009,0.4879591763019562,0.061312463134527206,0.6876886487007141,0.8788836598396301,1.0956764221191406,0.027243906632065773,4.703616142272949,1.418235182762146,1.3539113998413086,0.2570660710334778,0.26238706707954407,0.5680429935455322,0.00039999998989515007,0.10162815451622009,0.8179740905761719,1.7856032848358154,2.996218681335449,1.3246458768844604,1.169594645500183,0.3151746392250061,0.9091486930847168,0.2146117389202118,0.2790287733078003,0.20496292412281036,1.8083688020706177,0.11060478538274765,0.29095661640167236,0.2677781581878662,0.3837321102619171,0.29628005623817444,0.05558280646800995,0.6874560117721558,1.0281736850738525,0.7645283937454224,1.7704174518585205,0.7028804421424866,0.4059463143348694,0.3744969367980957,0.34800246357917786,0.4175648093223572,0.08821572363376617,0.4496375322341919,0.5178260207176208,0.1366564929485321,0.7327573299407959,0.20338495075702667,0.24317502975463867,0.14286769926548004,0.1161515861749649,0.7862629890441895,0.15382680296897888,0.8544023036956787,1.540338158607483,1.0468980073928833,0.4193423092365265,0.13566771149635315
0.0694885328412056,0.3765149414539337,0.13807404041290283,0.7323832511901855,0.8677418828010559,1.0634819269180298,0.03713170439004898,4.8182454109191895,1.4272032976150513,1.388529896736145,0.2952304482460022,0.29679858684539795,0.619391679763794,0.00039999998989515007,0.012312336824834347,0.8925164341926575,1.6600134372711182,2.94777774810791,1.3430136442184448,0.97013258934021,0.22127532958984375,0.915472686290741,0.07857264578342438,0.30784085392951965,0.28750234842300415,1.9266470670700073,0.15960504114627838,0.3463907241821289,0.4016273617744446,0.38686010241508484,0.44858187437057495,0.070078045129776,0.6297444105148315,0.975154459476471,0.5825659036636353,1.7096576690673828,0.7234483361244202,0.2843460440635681,0.469335675239563,0.5759173035621643,0.39981940388679504,0.0080100167542696,0.40024271607398987,0.5923596024513245,0.08630247414112091,0.5612934827804565,0.2964375615119934,0.1436709314584732,0.016493109986186028,0.003795778611674905,0.6739230155944824,0.021592099219560623,0.861737072467804,1.5229483842849731,1.1698589324951172,0.39929336309432983,0.08149007707834244
0.44165289402008057,0.7475677132606506,0.17024973034858704,0.48458215594291687,0.7835909128189087,1.104334831237793,0.07478351145982742,5.006693363189697,1.0154240131378174,1.24604332447052,0.24070146679878235,0.013639332726597786,0.8333522081375122,0.00039999998989515007,0.05539248138666153,1.0655778646469116,2.1211559772491455,3.011564016342163,1.2669907808303833,0.908223569393158,0.37507086992263794,1.0834559202194214,0.038721874356269836,0.2777256965637207,0.12045580893754959,1.7250596284866333,0.10092580318450928,0.1274244338274002,0.15648701786994934,0.4967285096645355,0.35787221789360046,0.2323824018239975,0.5801265239715576,0.8328292369842529,0.8894073367118835,1.628730297088623,0.8145549297332764,0.43321123719215393,0.48291757702827454,0.24803967773914337,0.37161722779273987,0.1323457509279251,0.23552648723125458,0.5240046977996826,0.327920526266098,0.7560489177703857,0.4701542258262634,0.15842795372009277,0.14526300132274628,0.17525455355644226,0.6800422072410583,0.09007451683282852,0.672171950340271,1.2430131435394287,1.0393661260604858,0.11302155256271362,0.023838303983211517
0.11436969041824341,0.48820799589157104,0.15504862368106842,0.828177273273468,1.0773464441299438,1.2018932104110718,0.08204037696123123,4.782810211181641,1.3824180364608765,1.2578099966049194,0.21204841136932373,0.264328271150589,0.7088326811790466,0.00039999998989515007,0.21183323860168457,0.9592610597610474,1.5972812175750732,3.2507448196411133,1.16606867313385,0.963189959526062,0.05834869667887688,0.9707808494567871,0.05785992741584778,0.3171631693840027,0.4306905269622803,1.6247252225875854,0.04510071873664856,0.05149542912840843,0.2053256630897522,0.33819204568862915,0.23078614473342896,0.15733784437179565,0.7592359185218811,0.9803742170333862,0.5795186161994934,1.8551855087280273,0.6606459617614746,0.33166447281837463,0.6310189366340637,0.38495224714279175,0.3476700484752655,0.12300986051559448,0.3069286346435547,0.49707916378974915,0.18536534905433655,0.6509531140327454,0.36255401372909546,0.22884279489517212,0.30172309279441833,0.07636931538581848,0.4266057014465332,0.006481620483100414,0.6931561231613159,1.4223335981369019,1.1338765621185303,0.2005794495344162,0.017091235145926476
0.03789835795760155,0.4585071802139282,0.03995805233716965,0.7046203017234802,0.8617683053016663,0.90761798620224,0.11016286909580231,4.908836364746094,1.3190962076187134,1.2404839992523193,0.34559643268585205,0.21597787737846375,0.7747857570648193,0.00039999998989515007,0.029031386598944664,0.9187389016151428,1.6919784545898438,3.1579277515411377,1.2633540630340576,0.9969903826713562,0.16242539882659912,1.035954475402832,0.16987445950508118,0.2274869829416275,0.34537893533706665,1.8555465936660767,0.030237365514039993,0.13223738968372345,0.2605338394641876,0.4253067970275879,0.36779358983039856,0.18607741594314575,0.6023223996162415,0.8642624020576477,0.6367945075035095,1.7865147590637207,0.7567290663719177,0.39824923872947693,0.4824063181877136,0.26713046431541443,0.2817237377166748,0.025888701900839806,0.377912700176239,0.5584819316864014,0.10372341424226761,0.6103375554084778,0.42645564675331116,0.021800005808472633,0.13933870196342468,0.016555305570364,0.6861355304718018,0.0799899697303772,0.7763202786445618,1.4303897619247437,1.0879703760147095,0.404316782951355,0.009292036294937134
0.44433143734931946,0.98588627576828,0.5151543617248535,0.43228328227996826,1.0206211805343628,1.042577862739563,0.17611271142959595,4.548884868621826,1.5346341133117676,1.0888055562973022,0.08707432448863983,0.0782376229763031,0.6142774224281311,0.00039999998989515007,0.21603156626224518,0.36950159072875977,1.6386468410491943,3.178152084350586,1.0764867067337036,1.1158785820007324,0.2925059199333191,1.0257537364959717,0.07998032867908478,0.13722793757915497,0.03709297254681587,1.5567634105682373,0.15161125361919403,0.0037816420663148165,0.14383384585380554,0.31911468505859375,0.1462274044752121,0.22864311933517456,0.8521915674209595,0.9965866208076477,1.089360237121582,1.556015133857727,0.6826228499412537,0.5715998411178589,0.48316389322280884,0.39737579226493835,0.23801389336585999,0.033470284193754196,0.014547067694365978,0.38067296147346497,0.013176435604691505,0.9070529937744141,0.16438528895378113,0.12756338715553284,0.3371804356575012,0.2782018184661865,1.0119894742965698,0.31195396184921265,0.693220853805542,1.6009345054626465,1.5326374769210815,0.5445783734321594,0.06492689996957779
0.22733470797538757,0.32578930258750916,0.2060146927833557,0.643397331237793,0.7014870643615723,0.7010603547096252,0.24717891216278076,4.878782272338867,1.4527010917663574,1.0949729681015015,0.25696131587028503,0.0377085879445076,0.6486033797264099,0.00039999998989515007,0.1743965893983841,0.8946047425270081,1.5057767629623413,3.140392780303955,1.2190501689910889,1.0836480855941772,0.13652335107326508,0.9557464122772217,0.22431103885173798,0.15772978961467743,0.39882972836494446,2.006171464920044,0.08942730724811554,0.29333388805389404,0.37942183017730713,0.5673777461051941,0.29473477602005005,0.1605808436870575,0.7608826756477356,0.8027927279472351,0.533608078956604,1.8324366807937622,0.577976644039154,0.4227055013179779,0.3165211081504822,0.22936734557151794,0.248128741979599,0.16409118473529816,0.4387305676937103,0.4621764123439789,0.049525536596775055,0.6628174781799316,0.39836955070495605,0.07594385743141174,0.20940102636814117,0.031661588698625565,0.8285875916481018,0.24809719622135162,0.7867761254310608,1.6272109746932983,1.2129313945770264,0.5816673040390015,0.06826353073120117
0.877952516078949,0.1646617352962494,0.03827768191695213,1.1958646774291992,0.564015805721283,0.6096004843711853,0.11731667071580887,4.596551418304443,1.4976208209991455,0.9643582105636597,0.24303500354290009,0.39999935030937195,0.060937684029340744,0.00039999998989515007,0.34135764837265015,1.3030284643173218,0.7620816826820374,3.123053550720215,1.7979646921157837,1.3449132442474365,0.4009283185005188,0.9451950192451477,0.16442705690860748,0.44543159008026123,0.3772636651992798,2.2498903274536133,0.36225858330726624,0.5048238635063171,0.17499426007270813,0.4570927321910858,0.4217900335788727,0.13483858108520508,0.6894418597221375,0.31966301798820496,0.04555341973900795,2.0100479125976562,0.3652840256690979,0.74889075756073,0.5307503938674927,0.2654533088207245,0.14750386774539948,0.20450758934020996,0.47005611658096313,0.4623529016971588,0.08592571318149567,0.41069522500038147,0.8157087564468384,0.0028895214200019836,0.17035143077373505,0.5522317290306091,0.3173399865627289,0.20579883456230164,0.7177079319953918,1.387892246246338,0.6195483803749084,0.5963509678840637,0.31597065925598145
0.03803214430809021,0.4225173592567444,0.1131068542599678,0.8072898983955383,0.9290002584457397,1.0226982831954956,0.05013160780072212,4.955435276031494,1.384531021118164,1.281440258026123,0.2432974874973297,0.22965186834335327,0.6608531475067139,0.00039999998989515007,0.013245592825114727,0.7356629967689514,1.6599457263946533,3.0909810066223145,1.2094069719314575,1.058327317237854,0.1428830623626709,1.0699381828308105,0.1502891182899475,0.2544488310813904,0.407692551612854,1.8023834228515625,0.07635679841041565,0.16220228374004364,0.18723851442337036,0.3772006928920746,0.30722692608833313,0.21485891938209534,0.6506802439689636,0.9971308708190918,0.5522367358207703,1.7819304466247559,0.741082489490509,0.42748481035232544,0.48471561074256897,0.13339081406593323,0.34893620014190674,0.07447923719882965,0.417419970035553,0.5594868659973145,0.009091992862522602,0.6868346333503723,0.36725541949272156,0.08198012411594391,0.1718570441007614,0.015019619837403297,0.7320318222045898,0.0016587614081799984,0.6870753765106201,1.3796640634536743,0.9863793849945068,0.3286629915237427,0.029658323153853416
0.0036437425296753645,0.2889481782913208,0.04721487686038017,0.8055010437965393,1.009670376777649,1.0808666944503784,0.2263188511133194,4.960753440856934,1.34209144115448,1.2428854703903198,0.2663228511810303,0.2888524830341339,0.7582718729972839,0.00039999998989515007,0.007324350997805595,0.7403470277786255,1.6716618537902832,3.0741140842437744,1.1326767206192017,1.0667294263839722,0.1631319224834442,1.0330736637115479,0.24499931931495667,0.3102346956729889,0.3905443549156189,1.8526943922042847,0.1189127266407013,0.09214219450950623,0.15661676228046417,0.30447888374328613,0.3334088623523712,0.21610991656780243,0.6225561499595642,1.07200026512146,0.5549654364585876,1.7907872200012207,0.7995225191116333,0.39882972836494446,0.4949856698513031,0.13535024225711823,0.3516356945037842,0.009509340859949589,0.3912651836872101,0.5233176946640015,0.02843603305518627,0.5279648303985596,0.33216843008995056,0.06917691230773926,0.18180996179580688,0.0035295113921165466,0.7459115386009216,0.04361029341816902,0.607248842716217,1.3241106271743774,1.0114079713821411,0.29963982105255127,0.07649338990449905
1.1407314538955688,0.1848948746919632,0.2376357764005661,1.0336334705352783,1.050775170326233,0.7255346179008484,0.7290929555892944,4.42241907119751,1.5426114797592163,0.6799712777137756,0.084416463971138,0.4196412265300751,0.052618782967329025,0.00039999998989515007,0.15169599652290344,1.2903209924697876,0.626385509967804,3.067692279815674,1.825405240058899,0.9266880750656128,0.543926477432251,0.6364878416061401,0.17287378013134003,0.21114829182624817,0.023630565032362938,2.255765676498413,1.0092146396636963,0.27421513199806213,0.2976633310317993,0.21287250518798828,0.727065920829773,0.01854647323489189,0.7504274845123291,0.46956634521484375,0.13467390835285187,1.8634274005889893,0.6310504674911499,0.35215142369270325,0.8005320429801941,0.5979357361793518,0.07492136210203171,0.40771880745887756,0.2835145592689514,0.15924085676670074,0.13953298330307007,0.21091383695602417,0.266823410987854,0.07084659487009048,0.057883936911821365,0.7741724848747253,0.29963526129722595,0.13747595250606537,0.7182496786117554,1.3589617013931274,1.4351228475570679,0.5740576386451721,0.25771477818489075
0.5659859776496887,0.7879676222801208,0.6662111282348633,0.5654457211494446,0.8375992774963379,1.1693267822265625,0.4287598133087158,4.73834753036499,1.0051519870758057,1.154906988143921,0.07136376202106476,0.15971976518630981,0.7937920689582825,0.00039999998989515007,0.6677132844924927,0.1771967113018036,1.379135012626648,2.997786521911621,0.5457386374473572,1.0212466716766357,0.15392553806304932,1.3956013917922974,0.39793699979782104,0.20842726528644562,0.6623393893241882,1.8353948593139648,0.8875406980514526,0.06257444620132446,0.3414679765701294,0.351506769657135,0.2552132308483124,0.3367408812046051,0.9808105230331421,1.0373342037200928,0.4469234347343445,1.5881742238998413,0.21533025801181793,0.5492451786994934,0.5478705167770386,0.06617607176303864,0.21284526586532593,0.3510856628417969,0.7442677021026611,0.8718171119689941,0.2582036554813385,0.928472101688385,1.1632153987884521,0.023457856848835945,0.273727148771286,0.48643407225608826,0.4481143057346344,0.3535877764225006,0.5342994332313538,1.264840841293335,1.1151046752929688,0.12437480688095093,0.3219751715660095
0.005108892451971769,0.2183636724948883,0.18035386502742767,0.48583677411079407,0.587218165397644,0.8275956511497498,0.29224923253059387,4.992469310760498,1.4504475593566895,1.170815348625183,0.23859937489032745,0.00793739128857851,0.7333025932312012,0.00039999998989515007,0.28023162484169006,0.8330349922180176,1.630562424659729,3.1689624786376953,1.0347236394882202,1.1446884870529175,0.36860784888267517,0.9097767472267151,0.2409040629863739,0.24312667548656464,0.3469252288341522,1.9356929063796997,0.119659923017025,0.2709372639656067,0.4402769207954407,0.4680573344230652,0.15267963707447052,0.13930119574069977,0.7317780256271362,0.8927603960037231,0.6033139228820801,1.7391180992126465,0.5047181844711304,0.4428008794784546,0.17729699611663818,0.11583970487117767,0.2673580050468445,0.35050588846206665,0.539377748966217,0.4849384129047394,0.15045426785945892,0.677367627620697,0.4364650845527649,0.044198714196681976,0.3158086836338043,0.18070825934410095,0.8791904449462891,0.23091936111450195,0.6494028568267822,1.6301052570343018,1.0888460874557495,0.544869065284729,0.1384648084640503
0.39656251668930054,0.6438037157058716,0.18286998569965363,0.46849948167800903,0.8486510515213013,1.2242039442062378,0.18012671172618866,5.229976177215576,1.0892528295516968,1.1530145406723022,0.05003516003489494,0.14702749252319336,0.8572608828544617,0.00039999998989515007,0.09856898337602615,0.9528235793113708,2.014775037765503,3.0526676177978516,1.0193157196044922,0.7019919157028198,0.31902483105659485,1.0902272462844849,0.25544703006744385,0.41793888807296753,0.285054475069046,1.630624771118164,0.018273621797561646,0.04298460856080055,0.2214086651802063,0.46091586351394653,0.2838231325149536,0.3157194256782532,0.713589608669281,0.9244109392166138,0.7254136204719543,1.54835844039917,0.7175320386886597,0.3045158088207245,0.5400579571723938,0.21733221411705017,0.45667994022369385,0.12060189992189407,0.08456950634717941,0.4569395184516907,0.40414533019065857,0.7336857914924622,0.45385029911994934,0.12397748231887817,0.27679893374443054,0.17282530665397644,0.6224251389503479,0.33037233352661133,0.4459240138530731,1.1788097620010376,1.216106653213501,0.06265534460544586,0.18953171372413635
0.23076213896274567,0.20729267597198486,0.039512164890766144,0.9728793501853943,0.24683751165866852,0.05358543619513512,0.2555539906024933,4.671809673309326,1.55071222782135,0.9222531914710999,0.5499044060707092,0.38156434893608093,1.1791293621063232,0.00039999998989515007,0.08626953512430191,0.5544443130493164,0.8056936860084534,3.4100897312164307,0.04107724130153656,0.44786733388900757,0.16319966316223145,1.4226428270339966,0.008869105018675327,0.3412354588508606,1.5618643760681152,0.8009933829307556,0.9195355772972107,0.5754833817481995,0.5461586713790894,0.997328519821167,0.49204176664352417,0.9812850952148438,0.5130380392074585,0.20357078313827515,0.008840339258313179,1.4416507482528687,0.47169265151023865,0.48171529173851013,0.5183126330375671,0.9386895895004272,0.11034916341304779,0.12556280195713043,0.6317702531814575,0.6051254868507385,0.34750017523765564,1.4342505931854248,0.9783616662025452,0.766615092754364,0.6084213256835938,0.05031633749604225,0.47182658314704895,0.9046902656555176,0.15978124737739563,1.2924333810806274,0.7511844635009766,0.5862555503845215,0.6052494049072266
0.30785003304481506,0.13448645174503326,0.736592710018158,0.4362240731716156,0.4402121603488922,0.11708655208349228,0.0887492373585701,5.105021953582764,1.5156631469726562,1.1598994731903076,0.8438134789466858,0.511237621307373,0.5931128859519958,0.00039999998989515007,0.7638468742370605,0.8144803643226624,2.075592041015625,2.8338587284088135,1.5658527612686157,0.6627776026725769,0.332903653383255,1.1335206031799316,0.16996431350708008,0.4286820888519287,0.4878053069114685,1.3904322385787964,0.30949676036834717,0.2928315997123718,0.5919990539550781,0.6004322171211243,0.7100366353988647,0.03518342971801758,0.01174978818744421,0.6794871091842651,0.6338067054748535,1.4275728464126587,0.8042839765548706,0.0795213058590889,0.25183555483818054,0.4013921618461609,0.42735546827316284,0.0818018689751625,0.006516483146697283,0.44756844639778137,0.06366468966007233,0.13026568293571472,0.11621736735105515,0.4813182055950165,0.07514895498752594,0.39178815484046936,0.919254720211029,0.0989825651049614,1.317938208580017,1.3119773864746094,0.7967976927757263,0.9569050073623657,0.2662836015224457
0.12893365323543549,0.46306759119033813,0.15288205444812775,0.46423840522766113,0.7558069229125977,1.0522782802581787,0.2125781774520874,4.9325971603393555,1.3016210794448853,1.2067445516586304,0.27896803617477417,0.05673420801758766,0.7250114679336548,0.00039999998989515007,0.09844444692134857,1.056288719177246,1.8339492082595825,3.0947844982147217,1.2440688610076904,0.9221548438072205,0.4514763355255127,0.801173746585846,0.15330570936203003,0.3688364624977112,0.11036273837089539,1.8847575187683105,0.27915340662002563,0.24592474102973938,0.4371477961540222,0.40313079953193665,0.3674864172935486,0.04162423312664032,0.6768978238105774,0.8647326827049255,0.8269793391227722,1.6835110187530518,0.7061136364936829,0.2844274640083313,0.3214891850948334,0.5592735409736633,0.3957332670688629,0.050665128976106644,0.3342118561267853,0.45811042189598083,0.017852921038866043,0.6229234933853149,0.2123294621706009,0.18367135524749756,0.12817062437534332,0.24523510038852692,0.7257788181304932,0.03715801611542702,0.7764849662780762,1.5778120756149292,1.2143875360488892,0.3708295226097107,0.012878740206360817
0.8056700825691223,0.2693827152252197,0.3328072726726532,0.5512507557868958,0.9877565503120422,1.3120548725128174,0.4999632239341736,4.520692348480225,1.1502413749694824,1.4807119369506836,0.5237982869148254,0.052838947623968124,2.0720081329345703,0.00039999998989515007,0.09323028475046158,0.7471532821655273,1.007662057876587,3.4373326301574707,0.16498035192489624,0.2981414794921875,0.1813475489616394,0.767405092716217,0.4169398844242096,0.6302073001861572,0.3747004270553589,1.4015544652938843,0.6367806792259216,0.8380593061447144,0.2894074022769928,0.13658387959003448,0.15530180931091309,0.5845527648925781,0.23882602155208588,0.7621660828590393,0.6533610224723816,1.2989494800567627,1.26121985912323,0.08588726818561554,0.7827173471450806,0.3309639096260071,0.2049003392457962,0.4883279502391815,0.28739839792251587,0.7407664656639099,0.39218729734420776,0.39772170782089233,0.8523346185684204,0.14968657493591309,0.2322528064250946,0.13175739347934723,0.38894763588905334,0.8869993090629578,0.02383618801832199,1.146714448928833,1.4986411333084106,0.2387039065361023,0.27911287546157837
0.5685994625091553,0.0011161022121086717,0.08594044297933578,0.863281786441803,0.8086899518966675,1.239739179611206,0.6248180866241455,4.829890251159668,1.0870200395584106,0.8662382960319519,0.05990851670503616,0.22255189716815948,0.24143940210342407,0.00039999998989515007,0.501221239566803,1.3341046571731567,1.4357589483261108,2.9092721939086914,1.432914137840271,1.4633958339691162,0.1023537814617157,0.8036320209503174,0.37147974967956543,0.06996937096118927,0.13007324934005737,2.4553539752960205,0.19654957950115204,0.44582223892211914,0.12584929168224335,0.28799325227737427,0.4186936914920807,0.10995969921350479,0.8551144003868103,0.8218462467193604,0.32217472791671753,2.033174514770508,0.5198655128479004,0.6843290328979492,0.3267152011394501,0.3854101300239563,0.22078850865364075,0.2566779553890228,0.5311087369918823,0.2963060438632965,0.02689557895064354,0.2802053689956665,0.5130426287651062,0.27475959062576294,0.22880272567272186,0.16161876916885376,0.6290666460990906,0.12629520893096924,0.37318429350852966,1.2506598234176636,0.7097640633583069,0.10240335762500763,0.11646194010972977
0.10417495667934418,0.03675037622451782,0.6651098728179932,0.9217081665992737,0.34796246886253357,0.6528710126876831,0.04171326756477356,5.065231800079346,1.3954627513885498,1.6678950786590576,0.7940605282783508,0.12276920676231384,1.239200472831726,0.00039999998989515007,0.6286745071411133,1.0898010730743408,1.4111719131469727,3.107614755630493,1.029055118560791,0.5501588582992554,0.17052282392978668,0.9295466542243958,0.43209409713745117,0.6191626191139221,0.7296762466430664,1.5126663446426392,0.2673848569393158,0.06247468292713165,0.5935118794441223,0.5274534225463867,0.06662915647029877,0.5002276301383972,0.06504710763692856,0.46657800674438477,0.30178529024124146,1.5389831066131592,1.197391152381897,0.21754491329193115,0.3321547210216522,0.054916661232709885,0.11698205769062042,0.07143756002187729,0.7003994584083557,0.7395389080047607,0.1340026557445526,0.9467776417732239,0.5598919987678528,0.23772181570529938,0.0012638765620067716,0.5693576335906982,0.7468915581703186,0.14403703808784485,0.5150702595710754,1.2442525625228882,0.597350537776947,0.4583643078804016,0.051991451531648636
0.24556806683540344,0.12545931339263916,0.19279226660728455,0.5785847902297974,0.5433847904205322,1.3636428117752075,0.23317138850688934,4.647757053375244,1.0918866395950317,1.2292213439941406,0.23939162492752075,0.45721501111984253,0.4585265815258026,0.00039999998989515007,0.6043736934661865,1.3899452686309814,1.2407898902893066,2.9049222469329834,1.4484580755233765,1.2065894603729248,0.3852579891681671,0.6086020469665527,0.08016116172075272,0.18055367469787598,0.14592775702476501,2.6759634017944336,0.1903201937675476,0.6432086825370789,0.362872838973999,0.10878513753414154,0.6341387629508972,0.1251508891582489,0.7049497961997986,0.6618145108222961,0.44584399461746216,1.7290664911270142,0.3899024724960327,0.4472014605998993,0.34081515669822693,1.0682240724563599,0.08200722187757492,0.22663277387619019,0.7143598794937134,0.6643127799034119,0.06693917512893677,0.10181885212659836,0.9008694291114807,0.33659034967422485,0.05283306539058685,0.23823124170303345,0.2901915907859802,0.17242532968521118,0.650566577911377,1.4912668466567993,0.9773406386375427,0.3108782172203064,0.21908879280090332
0.16403838992118835,0.052831102162599564,0.47602277994155884,0.3465738594532013,0.8312578201293945,0.8048079013824463,0.6389970183372498,4.9235920906066895,1.2531101703643799,1.1567803621292114,0.6268641352653503,0.4139990508556366,1.0596036911010742,0.00039999998989515007,0.25174176692962646,1.0547702312469482,2.3842430114746094,2.940551280975342,1.0123447179794312,0.9246042370796204,0.6263592839241028,0.8979933857917786,0.46413254737854004,0.8011801242828369,0.37001100182533264,1.379617691040039,0.04922439157962799,0.14223837852478027,0.45935988426208496,0.3121958374977112,0.3328039050102234,0.04226089268922806,0.28962063789367676,1.1062428951263428,0.8816275596618652,1.6309622526168823,0.8433047533035278,0.12969741225242615,0.24316130578517914,0.3839092552661896,0.5799843072891235,0.015179425477981567,0.18455591797828674,0.2983546555042267,0.14866967499256134,0.11322091519832611,0.16429702937602997,0.07204663753509521,0.3054808974266052,0.8143571615219116,0.851412832736969,0.016065264120697975,0.7417570948600769,1.2393224239349365,0.8379868268966675,0.3655540645122528,0.33060920238494873
0.05321889743208885,0.3895234167575836,0.06002402678132057,0.7846484780311584,0.6294950246810913,0.7013592720031738,0.007000692188739777,4.980802059173584,1.5753341913223267,1.312366008758545,0.3933573067188263,0.09858906269073486,0.6436641216278076,0.00039999998989515007,0.0005743139190599322,0.8610908389091492,1.446546196937561,3.2671163082122803,1.231109857559204,1.0229977369308472,0.10631696879863739,1.11711585521698,0.16288281977176666,0.18466094136238098,0.6209889650344849,1.6757744550704956,0.12675805389881134,0.1533796191215515,0.32711586356163025,0.47418129444122314,0.13761746883392334,0.2511204779148102,0.573509931564331,0.6818585991859436,0.4459190368652344,1.8119546175003052,0.631858229637146,0.43902820348739624,0.3673962950706482,0.0061035058461129665,0.19068901240825653,0.18551130592823029,0.5211915969848633,0.5982033610343933,0.08150913566350937,0.8566365242004395,0.4835190773010254,0.12195289134979248,0.256334513425827,0.1274094581604004,0.7232064604759216,0.051847659051418304,0.805661141872406,1.5265713930130005,0.8628240823745728,0.5700539946556091,0.06889864057302475
0.005520293489098549,0.44408872723579407,0.06781946867704391,0.6775903701782227,0.8070317506790161,0.9074581861495972,0.19912247359752655,4.9859418869018555,1.420241117477417,1.281611442565918,0.3802090585231781,0.2064642459154129,0.7473623156547546,0.00039999998989515007,0.06271444261074066,0.9328892230987549,1.631798267364502,3.1707398891448975,1.287219762802124,0.9526268243789673,0.22113420069217682,1.0485472679138184,0.16187724471092224,0.24887306988239288,0.35873135924339294,1.8290401697158813,0.03616149723529816,0.13144515454769135,0.25475913286209106,0.3307264745235443,0.36729931831359863,0.1922903209924698,0.5344645380973816,0.7829998135566711,0.6317282915115356,1.7525371313095093,0.7846996784210205,0.3581351935863495,0.4555260241031647,0.21648409962654114,0.26129651069641113,0.012568337842822075,0.3460945785045624,0.5697430968284607,0.06168285757303238,0.5861505270004272,0.3811715543270111,0.026372414082288742,0.1344011276960373,0.06048234552145004,0.7234011292457581,0.07016013562679291,0.7906161546707153,1.4418495893478394,1.0475904941558838,0.4540351927280426,0.058112408965826035
0.28547701239585876,0.5554067492485046,0.3151690661907196,0.723461925983429,0.7679391503334045,0.9917700290679932,0.05105440318584442,4.663790225982666,1.5796332359313965,1.2825779914855957,0.2871006727218628,0.026897557079792023,0.6608734130859375,0.00039999998989515007,0.3747289478778839,0.8252888917922974,1.3644441366195679,3.5733156204223633,1.0920343399047852,1.0894149541854858,0.06554790586233139,1.1057487726211548,0.16079606115818024,0.047161247581243515,0.4514206051826477,1.337213158607483,0.27338656783103943,0.11885610222816467,0.14410057663917542,0.33348703384399414,0.1382340043783188,0.20185884833335876,0.6990334987640381,0.6849963068962097,0.681235671043396,1.8181654214859009,0.5338316559791565,0.6582256555557251,0.4794657230377197,0.1936263144016266,0.06405653059482574,0.1977970451116562,0.503939151763916,0.5664318799972534,0.027348589152097702,0.9985222220420837,0.581874668598175,0.042556747794151306,0.47916266322135925,0.17854870855808258,0.6126707792282104,0.057021018117666245,0.7690666913986206,1.6747519969940186,0.8736557960510254,0.5653846263885498,0.02434423379600048
0.45462945103645325,0.7359735369682312,0.3689970374107361,0.5555347800254822,1.0806392431259155,1.427898645401001,0.3384159803390503,4.7944817543029785,1.1094735860824585,1.1697964668273926,0.07081481069326401,0.0519108772277832,0.8267819881439209,0.00039999998989515007,0.1351325362920761,0.8607938289642334,2.012705087661743,2.9893558025360107,1.0011736154556274,0.9722458720207214,0.37466150522232056,1.0135698318481445,0.1163276880979538,0.4303414523601532,0.20167092978954315,1.6037782430648804,0.010873032733798027,0.06463202089071274,0.06342491507530212,0.3136492073535919,0.19890791177749634,0.2659522593021393,0.7828338742256165,1.0308113098144531,0.9446173310279846,1.7182852029800415,0.8553686141967773,0.3997472822666168,0.49229106307029724,0.1006082221865654,0.48873642086982727,0.05747037008404732,0.23251906037330627,0.40498843789100647,0.27313023805618286,0.850582480430603,0.17824096977710724,0.30789458751678467,0.2740994691848755,0.19996094703674316,0.7936275601387024,0.10325882583856583,0.5252175331115723,1.286468744277954,1.1602174043655396,0.014890974387526512,0.05252566933631897
0.02734292484819889,0.3394050598144531,0.11563743650913239,0.736384391784668,0.740242063999176,0.9187428951263428,0.1883731633424759,4.793717384338379,1.7046775817871094,1.263566017150879,0.25339457392692566,0.06149117276072502,0.5826859474182129,0.00039999998989515007,0.1641322523355484,1.0553569793701172,1.586374044418335,3.248940944671631,1.0978337526321411,0.9473930597305298,0.14182254672050476,0.9041032791137695,0.10923399031162262,0.5136150121688843,0.7256222367286682,1.3555735349655151,0.07219941169023514,0.04288817569613457,0.5191793441772461,0.5516620874404907,0.08999080955982208,0.1633502095937729,0.8249987363815308,0.8158411383628845,0.501381516456604,1.8783103227615356,0.4956173598766327,0.2505379915237427,0.3397219181060791,0.29385823011398315,0.4510590136051178,0.07913213968276978,0.4107232391834259,0.37295132875442505,0.045185938477516174,0.9984539747238159,0.11557086557149887,0.10819395631551743,0.49409815669059753,0.5120739340782166,0.6329675912857056,0.05112907662987709,0.7807408571243286,1.6629738807678223,1.0526710748672485,0.37982177734375,0.10119232535362244
0.42938655614852905,0.23217518627643585,0.5052096843719482,0.7405528426170349,0.2428167313337326,0.7213799357414246,0.1321752816438675,4.709775447845459,1.8363879919052124,1.8471449613571167,0.7049539685249329,0.19756275415420532,1.0706965923309326,0.00039999998989515007,0.42564696073532104,0.9504902362823486,1.4327305555343628,3.20170259475708,0.9618254899978638,0.686147153377533,0.36367711424827576,0.8155476450920105,0.3511066734790802,0.7241206765174866,0.7041468024253845,1.0764901638031006,0.24377864599227905,0.04077528417110443,0.7202866673469543,0.5138606429100037,0.4187067151069641,0.37034738063812256,0.20766545832157135,0.5129697918891907,0.5396935343742371,1.457234501838684,0.932575523853302,0.2130032777786255,0.19297465682029724,0.1533285677433014,0.18966706097126007,0.19497017562389374,0.7048870921134949,0.7012224197387695,0.4136934280395508,1.3154044151306152,0.32620668411254883,0.10716068744659424,0.2712082862854004,0.8315712809562683,0.799071192741394,0.034249693155288696,0.6913021802902222,1.6083455085754395,0.699582576751709,0.6808440685272217,0.03772767260670662
0.43828946352005005,0.4995500445365906,0.03090127743780613,0.40479373931884766,1.0731669664382935,1.3466918468475342,0.41893866658210754,4.428385257720947,1.5263140201568604,1.3364816904067993,0.27109208703041077,0.3160506784915924,1.1378998756408691,0.00039999998989515007,0.39344045519828796,0.7433890700340271,1.3622617721557617,3.3660757541656494,0.775127112865448,0.9114263653755188,0.37596336007118225,0.7586803436279297,0.20640847086906433,0.3575131297111511,0.18123845756053925,1.697321891784668,0.14838726818561554,0.26508650183677673,0.40944230556488037,0.03944413363933563,0.18731698393821716,0.04707316309213638,0.7355713248252869,0.9988313317298889,0.8907483220100403,1.64957857131958,0.6347498893737793,0.18575802445411682,0.5549609065055847,0.3723260462284088,0.17109215259552002,0.27292174100875854,0.3264344334602356,0.6019090414047241,0.0771874189376831,0.3917229473590851,0.39980143308639526,0.1498989462852478,0.3114628791809082,0.03356959670782089,0.5100388526916504,0.3042104244232178,0.7115488052368164,1.7128870487213135,1.6171379089355469,0.49591436982154846,0.11405794322490692
0.3518473505973816,0.5411603450775146,0.20696064829826355,0.6018759608268738,0.7111102342605591,1.3018293380737305,0.15177315473556519,4.950506210327148,1.3805018663406372,1.4688529968261719,0.19846570491790771,0.09332966059446335,0.6975262761116028,0.00039999998989515007,0.18489757180213928,0.9799482226371765,1.817760944366455,3.0522007942199707,1.1902174949645996,1.063879370689392,0.36568236351013184,1.055432915687561,0.045612554997205734,0.2773805558681488,0.30749619007110596,1.7133429050445557,0.17016884684562683,0.19566193222999573,0.21773917973041534,0.283023476600647,0.13959844410419464,0.2259415090084076,0.6340789794921875,0.8661413788795471,0.6851478219032288,1.6784154176712036,0.6454961895942688,0.4479244649410248,0.41137930750846863,0.1523478627204895,0.347770094871521,0.26401427388191223,0.46348538994789124,0.6225850582122803,0.05141071602702141,0.8322356939315796,0.5441783666610718,0.18594349920749664,0.29387789964675903,0.23374515771865845,0.6647723317146301,0.00457778200507164,0.6231908202171326,1.3714179992675781,0.8972781300544739,0.18972881138324738,0.024008430540561676
0.005848189350217581,0.3551327884197235,0.15716038644313812,0.6170531511306763,0.7974456548690796,1.1606733798980713,0.3032377064228058,4.905093669891357,1.4440827369689941,1.3912713527679443,0.29826992750167847,0.16979321837425232,0.6692320108413696,0.00039999998989515007,0.03949490934610367,1.0091955661773682,1.805243730545044,2.8991684913635254,1.2453131675720215,0.9170935153961182,0.3578908145427704,0.9254246950149536,0.05594472587108612,0.445289671421051,0.3567335605621338,1.8442460298538208,0.0982312560081482,0.30073773860931396,0.4740179777145386,0.34231775999069214,0.3686884939670563,0.11188214272260666,0.6308714747428894,0.9211574792861938,0.6403913497924805,1.6889052391052246,0.731768012046814,0.23073503375053406,0.3901531398296356,0.5567752122879028,0.4895704686641693,0.043055132031440735,0.40046000480651855,0.5540472865104675,0.0313371904194355,0.6283086538314819,0.21547195315361023,0.1292422115802765,0.09962047636508942,0.21830222010612488,0.7499688863754272,0.023479752242565155,0.7969343662261963,1.4994699954986572,1.1243658065795898,0.2985651195049286,0.057128626853227615
0.12884770333766937,0.690585732460022,0.24210287630558014,0.15504564344882965,0.4560326635837555,0.6572715044021606,0.509053111076355,4.706322193145752,1.2725403308868408,1.0400447845458984,0.330942302942276,0.18544715642929077,0.7499280571937561,0.00039999998989515007,0.22517549991607666,1.1421992778778076,1.8112435340881348,3.058149814605713,1.2807049751281738,1.042059302330017,0.5484555959701538,0.8613137006759644,0.24236087501049042,0.1160707101225853,0.007638001814484596,2.0346667766571045,0.3310757577419281,0.34017229080200195,0.4785590171813965,0.542701780796051,0.3675674796104431,0.05005881190299988,0.7013733386993408,0.5454261898994446,1.0256984233856201,1.6729680299758911,0.6030562520027161,0.43064573407173157,0.10914010554552078,0.3293805420398712,0.20680397748947144,0.23414069414138794,0.3788462281227112,0.44267991185188293,0.020371031016111374,0.7430756092071533,0.32550084590911865,0.05477132275700569,0.1253630667924881,0.15518927574157715,0.9996484518051147,0.28652477264404297,0.9742251038551331,1.7845731973648071,1.3451075553894043,0.6972144842147827,0.01920625939965248
0.5118587613105774,0.9336332082748413,0.6223631501197815,0.39729544520378113,0.8006412982940674,1.1419358253479004,0.24950093030929565,4.932800769805908,1.009088158607483,0.9257036447525024,0.20590336620807648,0.37809598445892334,0.7535830736160278,0.00039999998989515007,0.5101079940795898,0.8652085065841675,1.9422916173934937,2.9723074436187744,0.7242627739906311,0.8297885656356812,0.13380616903305054,1.4073432683944702,0.509739339351654,0.17633548378944397,0.6723985075950623,1.4047298431396484,0.3749924898147583,0.12502779066562653,0.12560681998729706,0.6043989062309265,0.04743541032075882,0.5133249163627625,1.021763801574707,0.8277630805969238,0.631923258304596,1.651559829711914,0.3513393998146057,0.4843401610851288,0.551604151725769,0.1914816051721573,0.4342917799949646,0.3210855722427368,0.16051800549030304,0.4229060709476471,0.6917440891265869,1.0809895992279053,0.7204160094261169,0.012375377118587494,0.5881352424621582,0.05087912827730179,0.5946993231773376,0.6223253607749939,0.39796075224876404,1.1143956184387207,1.190697431564331,0.2154514193534851,0.4277479350566864
0.18450626730918884,0.7137737274169922,0.12014105170965195,0.34432512521743774,0.6271271705627441,0.7543647289276123,0.47060564160346985,4.937086582183838,1.092659831047058,1.1439882516860962,0.453269362449646,0.03704221174120903,0.9176653623580933,0.00039999998989515007,0.05616258829832077,1.1460670232772827,1.8845233917236328,3.0407683849334717,1.3365885019302368,0.9040820598602295,0.4065331518650055,1.0876920223236084,0.1686175912618637,0.10974160581827164,0.08910448849201202,2.0325162410736084,0.15762634575366974,0.17951138317584991,0.25630301237106323,0.40702226758003235,0.5508754849433899,0.2050526887178421,0.4606660306453705,0.5591193437576294,0.9176188111305237,1.6510953903198242,0.869122326374054,0.4295456111431122,0.3701923191547394,0.22317315638065338,0.16594237089157104,0.07439160346984863,0.2936527729034424,0.5843228697776794,0.2686123251914978,0.5514335036277771,0.5112704634666443,0.13244172930717468,0.010097477585077286,0.003831871086731553,0.8654024600982666,0.25218701362609863,0.8708179593086243,1.4213052988052368,1.1600337028503418,0.4949251413345337,0.07234933972358704
0.19462233781814575,0.4115747809410095,0.07769918441772461,0.6542335748672485,0.8169268369674683,1.1446516513824463,0.33847808837890625,4.930521488189697,1.3921380043029785,1.3769264221191406,0.28874751925468445,0.1132395938038826,0.7528147101402283,0.00039999998989515007,0.02202933467924595,0.8436182141304016,1.9001144170761108,2.954590320587158,1.1007198095321655,1.0655808448791504,0.34291595220565796,1.0828286409378052,0.1812875121831894,0.41615059971809387,0.4576103389263153,1.681713342666626,0.20534765720367432,0.13696852326393127,0.2651331126689911,0.33374685049057007,0.17991168797016144,0.25927165150642395,0.6094227433204651,0.9646310806274414,0.6781732439994812,1.7422218322753906,0.7887067794799805,0.3940298557281494,0.3611609637737274,0.054473839700222015,0.45142149925231934,0.14832618832588196,0.4781496524810791,0.5476174354553223,0.0015274756588041782,0.8059288263320923,0.2764948308467865,0.07655863463878632,0.24070313572883606,0.2741868793964386,0.8864194750785828,0.02277679368853569,0.6573182940483093,1.3589823246002197,0.9028735160827637,0.2568413019180298,0.12607714533805847
0.2639404833316803,0.570433497428894,0.05555982515215874,0.46991872787475586,0.993543267250061,1.0330085754394531,0.6680567264556885,4.677435874938965,1.364188551902771,1.1477572917938232,0.3750687539577484,0.2283284068107605,1.0027154684066772,0.00039999998989515007,0.16833780705928802,0.9920359253883362,1.6588495969772339,3.3355917930603027,1.0651339292526245,1.0330054759979248,0.28363823890686035,0.9673110842704773,0.35938820242881775,0.2583293318748474,0.19373705983161926,1.7200405597686768,0.007178266067057848,0.2519209384918213,0.10155006498098373,0.13073603808879852,0.2823217213153839,0.16461481153964996,0.5850444436073303,0.8142494559288025,0.9139216542243958,1.7867660522460938,0.8132332563400269,0.40581271052360535,0.5126788020133972,0.04480331391096115,0.14098817110061646,0.172816663980484,0.22226838767528534,0.48303502798080444,0.2264658361673355,0.4332793653011322,0.3328326940536499,0.007870608009397984,0.2895992696285248,0.06556342542171478,0.7185432314872742,0.22063058614730835,0.7343924641609192,1.514802098274231,1.2660735845565796,0.48940491676330566,0.09288544952869415
0.06819131225347519,0.4663344919681549,0.0934462770819664,0.6684693694114685,0.6575707197189331,0.8456278443336487,0.30435869097709656,5.028519153594971,1.3616160154342651,1.357060194015503,0.44101855158805847,0.22116795182228088,0.6249381303787231,0.00039999998989515007,0.2270272821187973,1.0152857303619385,1.7932463884353638,2.9054994583129883,1.4695093631744385,0.9835124611854553,0.2597883939743042,1.1282597780227661,0.1224818155169487,0.1928267776966095,0.32715150713920593,1.9503742456436157,0.05651291832327843,0.3502081632614136,0.23311978578567505,0.36370551586151123,0.49011674523353577,0.21592290699481964,0.4245280921459198,0.7020671367645264,0.616972029209137,1.7008960247039795,0.8595238327980042,0.40729841589927673,0.3996759057044983,0.21760043501853943,0.30883878469467163,0.13640056550502777,0.39393511414527893,0.6249570846557617,0.02741929702460766,0.6062304973602295,0.402915894985199,0.07412126660346985,0.007827254012227058,0.037631046026945114,0.8546201586723328,0.01941477507352829,0.8643543124198914,1.3350608348846436,0.8765220046043396,0.4497354030609131,0.03712562471628189
0.5112389922142029,0.8617927432060242,0.5737332105636597,0.5098822712898254,0.8485735058784485,0.9879038333892822,0.17744629085063934,4.878897190093994,0.8880283236503601,0.927102267742157,0.057417262345552444,0.1530432105064392,0.8848291635513306,0.00039999998989515007,0.4226178228855133,0.8207623958587646,1.9582266807556152,3.0176784992218018,0.666752815246582,0.9243335127830505,0.1215653046965599,1.5061842203140259,0.25359266996383667,0.13154315948486328,0.845551073551178,1.4172461032867432,0.5753056406974792,0.24605557322502136,0.19741801917552948,0.6073943972587585,0.12528042495250702,0.4986914396286011,0.9028241038322449,0.815453827381134,0.6154622435569763,1.786104440689087,0.4475184381008148,0.5235311985015869,0.5402804613113403,0.19673311710357666,0.3806433379650116,0.2199804037809372,0.4149957597255707,0.5258229970932007,0.6830615997314453,1.0567622184753418,0.751799464225769,0.07450264692306519,0.4850529134273529,0.06777232885360718,0.5947566032409668,0.4386313259601593,0.5313803553581238,1.105872392654419,0.9658924341201782,0.09990019351243973,0.439850777387619
0.3013272285461426,0.15285412967205048,0.42002734541893005,0.18211466073989868,0.5694659352302551,0.7318419814109802,0.7159017324447632,4.883286476135254,1.1191582679748535,1.2467836141586304,0.6795412302017212,0.324509859085083,0.9853374361991882,0.00039999998989515007,0.26211851835250854,1.136839747428894,2.6030824184417725,2.7032597064971924,1.1400465965270996,1.0420604944229126,0.8039876222610474,0.9900340437889099,0.4312191903591156,0.63222336769104,0.24164462089538574,1.5543853044509888,0.09653778374195099,0.1023796796798706,0.49788233637809753,0.3790788948535919,0.4138263463973999,0.04662506282329559,0.2238440364599228,0.9401847720146179,1.0248348712921143,1.566002368927002,0.8520998358726501,0.2653181552886963,0.0907713919878006,0.33114859461784363,0.5636151432991028,0.22222888469696045,0.36341285705566406,0.4153541028499603,0.09293848276138306,0.2996532618999481,0.020033657550811768,0.1158389300107956,0.16151325404644012,0.790455162525177,1.051865816116333,0.07127822190523148,0.8826245069503784,1.2680844068527222,0.7055825591087341,0.4397161602973938,0.2827689051628113
0.40117859840393066,0.6084328889846802,0.7097590565681458,0.21660971641540527,0.4522777795791626,0.17558234930038452,0.7125381231307983,4.97801399230957,1.2408479452133179,0.920961320400238,0.47072404623031616,0.2559708058834076,0.7236881852149963,0.00039999998989515007,0.2872570753097534,1.2536565065383911,1.8516496419906616,2.712916851043701,1.4808663129806519,0.5280649662017822,0.23392991721630096,0.970555305480957,0.003051105188205838,0.22919872403144836,0.21668566763401031,2.0197408199310303,0.6558282375335693,0.48077914118766785,0.576310396194458,0.6394261121749878,0.7843261957168579,0.1133393719792366,0.470174103975296,0.3728431761264801,0.7164279818534851,1.52358078956604,0.8406931161880493,0.1192319393157959,0.26383695006370544,0.5722986459732056,0.3452009856700897,0.07410421222448349,0.0644114688038826,0.36221179366111755,0.16238102316856384,0.47057628631591797,0.28433915972709656,0.2866603136062622,0.1282782107591629,0.006851836107671261,1.0841258764266968,0.646717369556427,0.9609711766242981,1.5319764614105225,1.4766095876693726,0.6561049818992615,0.1718701273202896
0.5045581459999084,0.715487003326416,0.35979047417640686,1.0063490867614746,0.980269730091095,1.4289422035217285,0.4524400532245636,4.897665500640869,1.0659794807434082,1.0669430494308472,0.07796207815408707,0.2104097157716751,0.06258641183376312,0.00039999998989515007,0.2225417196750641,1.3792271614074707,1.4840282201766968,2.4902408123016357,1.9782640933990479,0.6833858489990234,0.23106741905212402,0.9823070168495178,0.42535310983657837,0.03145797178149223,0.05898568406701088,2.1311187744140625,0.860115647315979,0.5627836585044861,0.4170049726963043,0.19877989590168,0.8662444949150085,0.2059803307056427,0.6399098038673401,0.5676431059837341,0.34416431188583374,1.5870369672775269,0.9445563554763794,0.3714170455932617,0.9038647413253784,0.6543238162994385,0.3848459720611572,0.1939927488565445,0.2701030969619751,0.38288414478302,0.4170001149177551,0.32412174344062805,0.3487547039985657,0.42433303594589233,0.1992810219526291,0.558579683303833,0.38083508610725403,0.1856689602136612,0.5565934181213379,0.7810853123664856,1.0008549690246582,0.23035429418087006,0.28651314973831177
1.0386606454849243,1.2242953777313232,0.2998296618461609,0.47943365573883057,0.16273123025894165,0.4855731129646301,0.25113576650619507,4.821983337402344,0.4056764841079712,1.2614494562149048,0.6087405681610107,0.5796498656272888,1.4235230684280396,0.00039999998989515007,0.27000656723976135,1.1310099363327026,1.7793515920639038,2.9615702629089355,0.7769660353660583,0.4452279210090637,0.15464068949222565,1.5614535808563232,0.062380753457546234,0.03375418111681938,0.6809632182121277,1.2574818134307861,0.6141428351402283,0.29848533868789673,0.1808008998632431,0.7736119627952576,0.0023116841912269592,0.8369787931442261,0.13403864204883575,0.029594844207167625,0.6922900676727295,1.358659029006958,1.0863171815872192,0.6546922326087952,0.4945683181285858,0.7251710295677185,0.16630952060222626,0.29849618673324585,0.6256080865859985,0.8773331642150879,0.728085994720459,1.5154222249984741,1.3272693157196045,0.37489959597587585,0.016933493316173553,0.18027138710021973,0.6111823320388794,0.4639376699924469,0.4875314235687256,0.7879535555839539,0.4416830241680145,0.07926742732524872,0.13705673813819885
0.1709490269422531,0.02456527389585972,0.2929754853248596,0.3022402822971344,0.7628054618835449,0.6763184070587158,0.8228694796562195,4.736607551574707,1.6422324180603027,1.1474717855453491,0.6156747937202454,0.539404571056366,0.8948500752449036,0.00039999998989515007,0.060728900134563446,0.928202748298645,2.122030019760132,3.1749589443206787,0.8940379619598389,1.1669278144836426,0.5863010287284851,0.9775013327598572,0.44893166422843933,0.5920166969299316,0.49130281805992126,1.3006970882415771,0.2570619285106659,0.2376035749912262,0.4300852417945862,0.20669883489608765,0.1853404939174652,0.018328867852687836,0.41706714034080505,1.022136926651001,0.8678101897239685,1.691604495048523,0.5377097725868225,0.2904530167579651,0.22865867614746094,0.11862710863351822,0.4178394377231598,0.07988688349723816,0.27615055441856384,0.3541884422302246,0.010092911310493946,0.1743514984846115,0.0330948531627655,0.20882414281368256,0.5164596438407898,0.6240482330322266,0.8504128456115723,0.046773411333560944,0.8458151817321777,1.530072569847107,0.9110537171363831,0.7051110863685608,0.3941859006881714
0.4388207495212555,0.888877272605896,0.5615414381027222,0.4407513737678528,0.6877440214157104,0.8505851030349731,0.18239326775074005,4.967658996582031,0.8866881728172302,0.8761849999427795,0.062265925109386444,0.20300894975662231,0.75324946641922,0.00039999998989515007,0.48301032185554504,0.9024237394332886,1.9551928043365479,3.0527350902557373,0.7790025472640991,0.9733948707580566,0.14301057159900665,1.5101780891418457,0.2813473343849182,0.0036760391667485237,0.7931373119354248,1.522972583770752,0.49589237570762634,0.12420973181724548,0.21211861073970795,0.6416569352149963,0.1630031168460846,0.4577057361602783,0.9083074331283569,0.679144024848938,0.6031700968742371,1.7933100461959839,0.3547750413417816,0.5974543690681458,0.456328421831131,0.19283747673034668,0.32543450593948364,0.3557807505130768,0.4443413317203522,0.5298479795455933,0.6313901543617249,1.0781856775283813,0.8218948245048523,0.12641753256320953,0.46997639536857605,0.03576741740107536,0.618633508682251,0.40483909845352173,0.5946862101554871,1.1684250831604004,0.9061072468757629,0.002846838440746069,0.40791571140289307
0.5766759514808655,0.22235196828842163,0.49527373909950256,0.8041013479232788,0.3184207081794739,0.2467157393693924,0.15571317076683044,5.239430904388428,1.6360236406326294,1.2577428817749023,0.44465404748916626,0.06550614535808563,0.42610087990760803,0.00039999998989515007,0.4459817409515381,0.9972248673439026,1.4518793821334839,2.818887710571289,1.3910250663757324,0.5941459536552429,0.10254912823438644,1.2489498853683472,0.20899462699890137,0.26936277747154236,0.980158805847168,1.7167210578918457,0.04383368790149689,0.5053039789199829,0.6400524973869324,0.7356666326522827,0.37285709381103516,0.3617018163204193,0.48142969608306885,0.45392781496047974,0.05109088495373726,1.628770351409912,0.6321932077407837,0.18917739391326904,0.36410558223724365,0.23272953927516937,0.3777765929698944,0.2716490924358368,0.35495617985725403,0.5857924222946167,0.01123442780226469,0.8154433369636536,0.43156832456588745,0.4369259178638458,0.04886042699217796,0.0808633491396904,0.8090316653251648,0.2999652326107025,0.9206941723823547,1.328837513923645,0.9123218655586243,0.555546760559082,0.31825026869773865
0.559642493724823,0.5442556738853455,0.4602157175540924,0.19368281960487366,0.5653778314590454,0.5329115986824036,0.28156229853630066,4.962067127227783,0.8072609901428223,0.8458735346794128,0.31004828214645386,0.18401940166950226,0.6988247036933899,0.00039999998989515007,0.2723551094532013,0.604935348033905,2.7012875080108643,2.7014458179473877,0.7228946089744568,1.3144748210906982,0.5480485558509827,1.6489447355270386,0.003957169130444527,0.15986722707748413,0.8350990414619446,1.2265723943710327,0.8287400007247925,0.09156855940818787,0.2585814595222473,0.6160863041877747,0.2281283140182495,0.28579699993133545,0.6202831864356995,0.985397219657898,0.8151372671127319,1.69077730178833,0.2972716987133026,0.6564782857894897,0.12540261447429657,0.40225157141685486,0.579262375831604,0.6667246222496033,0.5269458889961243,0.4392816126346588,0.4192903935909271,0.7903425693511963,0.4373399317264557,0.2742461562156677,0.5273334383964539,0.4701957702636719,1.002362608909607,0.06394411623477936,0.7769609093666077,0.9820103049278259,0.371795117855072,0.1797044724225998,0.6018022894859314
0.22836285829544067,0.3183782696723938,0.10799125581979752,0.5443614721298218,0.8058696985244751,1.182816505432129,0.6146615147590637,5.037020206451416,1.4145843982696533,1.38224196434021,0.3657945394515991,0.10136166960000992,0.9336365461349487,0.00039999998989515007,0.07673444598913193,1.0860280990600586,1.8946497440338135,3.1015844345092773,1.0486564636230469,0.8476173281669617,0.35030555725097656,0.9798650145530701,0.15172997117042542,0.54829341173172,0.4111005663871765,1.6148682832717896,0.10745836794376373,0.03241366893053055,0.3162400722503662,0.2110258787870407,0.1926753669977188,0.2535638213157654,0.5119205713272095,0.8618857264518738,0.6732428669929504,1.6634020805358887,0.8522709608078003,0.2621864080429077,0.4411686956882477,0.16851913928985596,0.39714479446411133,0.021048836410045624,0.298605352640152,0.5256564021110535,0.1370280385017395,0.5835859775543213,0.2813357412815094,0.013876582495868206,0.27354907989501953,0.38209202885627747,0.7467131614685059,0.1628263294696808,0.571618914604187,1.3282101154327393,1.0445384979248047,0.22905676066875458,0.19527241587638855
0.19677484035491943,0.6746856570243835,0.05535301938652992,0.3613884449005127,0.5530683398246765,1.1154239177703857,0.4221310019493103,4.9994282722473145,1.3730661869049072,1.2800164222717285,0.07926203310489655,0.26130035519599915,0.5250034928321838,0.00039999998989515007,0.05033184215426445,0.9237257242202759,1.950487494468689,2.828662157058716,1.259019374847412,0.9567403197288513,0.4919752776622772,0.9439964294433594,0.036468323320150375,0.3060743510723114,0.11812227964401245,1.9100964069366455,0.19396522641181946,0.4913335144519806,0.3449863791465759,0.4340815246105194,0.26632359623908997,0.18466660380363464,0.7637749910354614,0.7695065140724182,0.8441795110702515,1.5505601167678833,0.699053943157196,0.40148138999938965,0.2110690325498581,0.17499099671840668,0.4698978662490845,0.33446821570396423,0.3294811248779297,0.4837217330932617,0.08082591742277145,0.9796396493911743,0.22808340191841125,0.12996472418308258,0.1353246122598648,0.1621396541595459,1.052334189414978,0.16531731188297272,0.708204448223114,1.5169086456298828,1.2018345594406128,0.31866157054901123,0.03350391238927841
0.022082142531871796,0.3133583664894104,0.20337732136249542,0.5301824808120728,0.6925547122955322,1.0956319570541382,0.4752412736415863,4.9909348487854,1.4469894170761108,1.369309425354004,0.3472667634487152,0.10768316686153412,0.689685583114624,0.00039999998989515007,0.0030698783230036497,1.1078860759735107,1.8295695781707764,2.9731252193450928,1.1857578754425049,0.894192636013031,0.3737233579158783,0.9224931597709656,0.0795028880238533,0.44145941734313965,0.3980436325073242,1.8302574157714844,0.056948717683553696,0.2611784338951111,0.530214786529541,0.3158465325832367,0.33570125699043274,0.10891322791576385,0.6209802031517029,0.8224716782569885,0.6038120985031128,1.6817595958709717,0.690534770488739,0.2613603174686432,0.3371405005455017,0.5004376769065857,0.44040775299072266,0.1070844978094101,0.44407808780670166,0.5738297700881958,0.03992410749197006,0.6337724328041077,0.2564118504524231,0.05278276652097702,0.1314007043838501,0.27772173285484314,0.750909686088562,0.06695695966482162,0.7736174464225769,1.533758282661438,1.0896520614624023,0.3469819724559784,0.11128109693527222
0.34698861837387085,0.04732467234134674,0.23993687331676483,0.6383907198905945,0.6205960512161255,1.4146554470062256,0.8084792494773865,4.848880290985107,1.0985811948776245,1.2716107368469238,0.3182997703552246,0.48877090215682983,0.6158953309059143,0.00039999998989515007,0.4128407835960388,1.4656100273132324,1.2549264430999756,2.8632588386535645,1.3475406169891357,1.0876706838607788,0.25589659810066223,0.7367321252822876,0.10667131096124649,0.07564359158277512,0.02071955054998398,2.685053586959839,0.009199505671858788,0.48230594396591187,0.23032665252685547,0.07171385735273361,0.6652056574821472,0.04574202746152878,0.5654588341712952,0.6505194902420044,0.27892106771469116,1.7119057178497314,0.5861949324607849,0.4189651608467102,0.4623526930809021,0.8167300224304199,0.0662006363272667,0.1551915556192398,0.6162266135215759,0.7021586298942566,0.0838872641324997,0.09491831809282303,0.9466196298599243,0.14402388036251068,0.04011300951242447,0.2638401985168457,0.352876216173172,0.01347335334867239,0.45272940397262573,1.2461596727371216,0.924912691116333,0.20187994837760925,0.010025085881352425
0.4560919404029846,0.816976010799408,0.3137253224849701,0.37383198738098145,0.8859352469444275,1.024126410484314,0.4793926477432251,4.839904308319092,1.43815279006958,1.3074568510055542,0.34688693284988403,0.030676821246743202,0.827817440032959,0.00039999998989515007,0.32555103302001953,0.9899604320526123,1.8009756803512573,3.4011497497558594,1.1574574708938599,0.9415524005889893,0.2319616973400116,1.1454049348831177,0.01870417594909668,0.1525731235742569,0.2213272899389267,1.3780912160873413,0.027875788509845734,0.17104771733283997,0.027345022186636925,0.06909947097301483,0.19505447149276733,0.19879421591758728,0.5534632205963135,0.7064942717552185,0.8618804216384888,1.7016575336456299,0.6539537310600281,0.46544235944747925,0.49963492155075073,0.09511599689722061,0.1937774419784546,0.11465632915496826,0.04650939255952835,0.5014550089836121,0.14261120557785034,0.6751577258110046,0.5533931255340576,0.07504070550203323,0.43084782361984253,0.14555320143699646,0.656542956829071,0.24417687952518463,0.710631787776947,1.4756163358688354,1.1101893186569214,0.38719722628593445,0.06937225908041
0.6212550401687622,0.23838506639003754,0.7265611886978149,1.3882863521575928,0.5003165602684021,1.417614459991455,0.6255905628204346,4.99093770980835,0.9523130059242249,1.6618690490722656,0.574377179145813,0.005248738452792168,0.8189290165901184,0.00039999998989515007,1.1591002941131592,2.1118431091308594,0.7908801436424255,2.2856831550598145,1.5998965501785278,0.3647651672363281,0.6496530175209045,0.7161396741867065,0.33686670660972595,0.566594123840332,0.4861670732498169,1.8168200254440308,0.5498042106628418,0.2726200222969055,0.07407483458518982,0.11295263469219208,0.4632282853126526,0.705005943775177,0.37642180919647217,0.009922755882143974,0.4894958436489105,1.0436112880706787,1.7378218173980713,0.1759440004825592,1.135040044784546,0.6613964438438416,0.041878607124090195,0.44791877269744873,0.21111716330051422,0.6439183354377747,0.6003435254096985,0.06835996359586716,0.8963850736618042,0.034127235412597656,0.4371020793914795,0.03698771819472313,0.10469391196966171,0.24987024068832397,0.15567949414253235,0.012200501747429371,0.4729669690132141,0.6177548170089722,0.15731941163539886
0.2829309403896332,0.5693668127059937,0.12758523225784302,0.3407348692417145,0.8144161105155945,1.047468662261963,0.672916829586029,4.822822093963623,1.2432708740234375,1.086293339729309,0.3586154878139496,0.03611811622977257,0.8887562155723572,0.00039999998989515007,0.13900549709796906,1.4313650131225586,2.0749642848968506,3.2097489833831787,1.122524380683899,0.7815207242965698,0.40707913041114807,0.8536170125007629,0.12358460575342178,0.5494894981384277,0.299272745847702,1.4744147062301636,0.31183910369873047,0.13393160700798035,0.43458446860313416,0.37362387776374817,0.22660550475120544,0.0858871191740036,0.6887070536613464,0.7423992156982422,0.9254834055900574,1.7581199407577515,0.6990105509757996,0.20804302394390106,0.4085335433483124,0.5269057154655457,0.44019755721092224,0.12542617321014404,0.1334712654352188,0.31815358996391296,0.37716442346572876,0.6283791065216064,0.08652355521917343,0.12393872439861298,0.36885979771614075,0.5603674054145813,0.595268726348877,0.14530429244041443,0.788480281829834,1.502923607826233,1.2430869340896606,0.20447564125061035,0.14469794929027557
0.01730632409453392,0.2806195318698883,0.22382766008377075,0.553372323513031,0.7821210026741028,1.1965855360031128,0.4827483892440796,4.844997406005859,1.5675885677337646,1.3358322381973267,0.25108492374420166,0.06084151193499565,0.6305255889892578,0.00039999998989515007,0.08897783607244492,1.1365834474563599,1.799501657485962,2.9793243408203125,1.1291587352752686,0.8609588146209717,0.3510371148586273,0.8053270578384399,0.03366250544786453,0.5862176418304443,0.4631724953651428,1.667639136314392,0.16548608243465424,0.22847606241703033,0.616676926612854,0.31212395429611206,0.21773821115493774,0.04649411141872406,0.7750414609909058,0.9482510685920715,0.6001906394958496,1.7225821018218994,0.5866721272468567,0.15731750428676605,0.3462013900279999,0.6475050449371338,0.5576958656311035,0.010145402513444424,0.37392187118530273,0.4597245454788208,0.03722987323999405,0.685714066028595,0.07128431648015976,0.17420774698257446,0.2693800628185272,0.41819941997528076,0.6733992099761963,0.06796405464410782,0.7786224484443665,1.6198152303695679,1.225545048713684,0.2473430037498474,0.12389799952507019
0.2202841192483902,0.5397878289222717,0.04410608485341072,0.444920152425766,0.6452414393424988,1.0012118816375732,0.3809955418109894,4.892253875732422,1.434690237045288,1.3021717071533203,0.3342088758945465,0.011290278285741806,0.6946669220924377,0.00039999998989515007,0.07911285012960434,1.1230874061584473,1.9388234615325928,3.0978221893310547,1.2339447736740112,1.0019956827163696,0.4373529851436615,0.9648256301879883,0.11210274696350098,0.3743964433670044,0.3260003626346588,1.6628611087799072,0.0836837887763977,0.19093561172485352,0.4176308810710907,0.3413711488246918,0.20050664246082306,0.11488696187734604,0.6473690271377563,0.789743959903717,0.807054340839386,1.7282229661941528,0.6452882289886475,0.35909944772720337,0.2854880094528198,0.27995923161506653,0.4027225971221924,0.15893913805484772,0.3966694176197052,0.499458372592926,0.041158527135849,0.8137122988700867,0.24889662861824036,0.07108745723962784,0.28489166498184204,0.4012796878814697,0.8023255467414856,0.026202881708741188,0.8393601775169373,1.5592120885849,1.0435069799423218,0.35406702756881714,0.08099774271249771
0.18427826464176178,0.451322078704834,0.05066663399338722,0.5261566638946533,0.717262327671051,1.2251224517822266,0.23931951820850372,4.904538154602051,1.3953666687011719,1.448107361793518,0.31128716468811035,0.1898505687713623,0.6458320021629333,0.00039999998989515007,0.014991679228842258,0.9571452140808105,1.9496243000030518,2.8670098781585693,1.2496038675308228,0.9511146545410156,0.4780116379261017,0.9495766162872314,0.006636870093643665,0.4128262996673584,0.29114845395088196,1.8153045177459717,0.0010856791632249951,0.3685970902442932,0.49066781997680664,0.22169439494609833,0.35945165157318115,0.07511831074953079,0.6236537098884583,0.9584500193595886,0.7347162961959839,1.6383254528045654,0.6944219470024109,0.27430686354637146,0.3299109935760498,0.5098074078559875,0.5271141529083252,0.12890742719173431,0.48390477895736694,0.6216931343078613,0.04167427495121956,0.7085267901420593,0.27128878235816956,0.17783720791339874,0.11268721520900726,0.29184141755104065,0.7747033834457397,0.09390214085578918,0.8165695667266846,1.4574488401412964,1.0304210186004639,0.23038335144519806,0.07374559342861176
0.6196720600128174,1.2749128341674805,0.8197476863861084,0.32108765840530396,1.0045784711837769,0.9179657697677612,0.27345237135887146,4.448887348175049,1.0179637670516968,0.6495835185050964,0.1207989826798439,0.28681761026382446,0.8391637206077576,0.00039999998989515007,0.7218207716941833,0.6916799545288086,1.6123195886611938,3.330082893371582,0.6290098428726196,0.927769660949707,0.011984947137534618,1.3850723505020142,0.2472008764743805,0.08246314525604248,0.5921675562858582,1.2788021564483643,0.2806381583213806,0.45428794622421265,0.010719344951212406,0.42648473381996155,0.05117964744567871,0.38649481534957886,1.123739242553711,0.7147696018218994,0.8835276961326599,1.7899682521820068,0.3001730144023895,0.5939164161682129,0.6253488063812256,0.42147305607795715,0.15188045799732208,0.015460792928934097,0.10960330814123154,0.3910812437534332,0.7625998854637146,1.07539701461792,0.6708976626396179,0.04827570542693138,0.6489160060882568,0.2165997475385666,0.535172164440155,0.6348133087158203,0.6404443979263306,1.369541883468628,1.449548363685608,0.08687834441661835,0.334965318441391
0.21817518770694733,0.542750895023346,0.2486351728439331,0.6822590231895447,0.6305814385414124,0.6385934948921204,0.14192961156368256,5.066661834716797,1.7336628437042236,1.3856385946273804,0.39078330993652344,0.1094135195016861,0.48859116435050964,0.00039999998989515007,0.4525381922721863,0.8685616850852966,1.5835626125335693,2.9746253490448,1.511182188987732,0.6412579417228699,0.08316385746002197,1.1279832124710083,0.18373583257198334,0.3202478587627411,0.5385655164718628,1.6397123336791992,0.2566841244697571,0.38186195492744446,0.43202582001686096,0.35761594772338867,0.44603729248046875,0.19704529643058777,0.475986510515213,0.6817957758903503,0.48402372002601624,1.559581995010376,0.7696233987808228,0.17762607336044312,0.4929179549217224,0.26833388209342957,0.38798943161964417,0.003531951690092683,0.12010540813207626,0.6019207835197449,0.0035471157170832157,0.7027848958969116,0.22220370173454285,0.19100041687488556,0.03907268866896629,0.026559939607977867,0.8043794631958008,0.15347151458263397,1.0242563486099243,1.432802677154541,1.2048492431640625,0.5118650794029236,0.1440512239933014
0.5048078894615173,0.3987331688404083,0.13754518330097198,0.13280802965164185,0.2681995630264282,0.2932736873626709,0.29230597615242004,4.581042766571045,1.6478452682495117,1.3758506774902344,0.7565969824790955,0.34951239824295044,0.7536524534225464,0.00039999998989515007,0.03527204319834709,0.770744264125824,2.1257009506225586,3.176128625869751,1.2349801063537598,1.408084511756897,0.7147621512413025,1.1058542728424072,0.5347741842269897,0.19624441862106323,0.2589092254638672,1.1760896444320679,0.3195531666278839,0.05205385386943817,0.2887860834598541,0.2184976488351822,0.006055123172700405,0.033901043236255646,0.15023867785930634,0.7222882509231567,1.0657612085342407,1.5598629713058472,0.522820234298706,0.6147872805595398,0.0513778030872345,0.4862622916698456,0.11946520954370499,0.5289729833602905,0.4867989420890808,0.5408530831336975,0.3307828903198242,0.6271939277648926,0.2209528386592865,0.31262433528900146,0.44744640588760376,0.686867356300354,1.102921724319458,0.21209175884723663,1.146788239479065,1.6186600923538208,0.48924747109413147,1.006034255027771,0.10108782351016998
0.06796224415302277,0.3717871606349945,0.21461401879787445,0.35825711488723755,0.5619813203811646,0.8883024454116821,0.5218336582183838,4.699282646179199,1.6243129968643188,1.192628264427185,0.2705182433128357,0.11673872917890549,0.6685600280761719,0.00039999998989515007,0.2919565737247467,1.0113186836242676,1.7269539833068848,3.129448652267456,1.0664372444152832,1.121925711631775,0.48047319054603577,0.8098834753036499,0.25429093837738037,0.38427454233169556,0.37302330136299133,1.7257657051086426,0.054396286606788635,0.2673038840293884,0.5888097286224365,0.3697814345359802,0.03630372881889343,0.04616884887218475,0.8281267881393433,0.8471359014511108,0.7887232303619385,1.7742884159088135,0.4554128050804138,0.3552300035953522,0.09620263427495956,0.22783628106117249,0.3816850185394287,0.2362033724784851,0.5108598470687866,0.41102880239486694,0.16057723760604858,0.8633935451507568,0.15972445905208588,0.024908864870667458,0.412820965051651,0.4340282082557678,0.9384051561355591,0.18030470609664917,0.8415811657905579,1.8170585632324219,1.2247475385665894,0.5120571255683899,0.13398431241512299
0.0831485316157341,0.656478762626648,0.12865009903907776,0.43075767159461975,0.7346521615982056,0.9447465538978577,0.3668760657310486,4.863807678222656,1.3710285425186157,1.396304965019226,0.48716500401496887,0.2306957244873047,0.6634002923965454,0.00039999998989515007,0.26491373777389526,1.0898176431655884,1.7284685373306274,2.9701733589172363,1.5020625591278076,0.8260173201560974,0.40017959475517273,0.9854609966278076,0.08354450762271881,0.194514200091362,0.045560553669929504,1.905216932296753,0.385157972574234,0.29343295097351074,0.3208240568637848,0.08649097383022308,0.6737591624259949,0.023160109296441078,0.3622605502605438,0.6796422004699707,0.8029448986053467,1.5199438333511353,0.8554725050926208,0.38179779052734375,0.4476649761199951,0.4429522156715393,0.16587655246257782,0.06564843654632568,0.231861412525177,0.7148143649101257,0.07764695584774017,0.443877637386322,0.27742132544517517,0.032010238617658615,0.16456300020217896,0.07417472451925278,0.7428447008132935,0.026569118723273277,1.0661135911941528,1.6073286533355713,1.1873692274093628,0.530120849609375,0.14868728816509247
0.4193382263183594,0.6740496158599854,0.38419339060783386,0.46356287598609924,1.0302927494049072,1.4517943859100342,0.6000588536262512,4.789158344268799,1.2513858079910278,1.1097784042358398,0.04496464878320694,0.17862874269485474,0.8165299892425537,0.00039999998989515007,0.2600255608558655,0.8053773641586304,1.9409828186035156,3.00753116607666,0.8366990685462952,0.9775533080101013,0.35408496856689453,1.033471941947937,0.020862983539700508,0.45478126406669617,0.3184985816478729,1.5542399883270264,0.12873588502407074,0.03680941462516785,0.0896582081913948,0.18711796402931213,0.07001884281635284,0.3060472011566162,0.9077972769737244,1.114689826965332,0.8732972741127014,1.6974399089813232,0.7047879099845886,0.4073699712753296,0.4542282223701477,0.11208795011043549,0.4952600598335266,0.012279693968594074,0.19466468691825867,0.370452344417572,0.2896355986595154,0.8692894577980042,0.21256513893604279,0.21347293257713318,0.45355549454689026,0.1993306428194046,0.8645811080932617,0.33332279324531555,0.42821797728538513,1.307246446609497,1.301722764968872,0.07736172527074814,0.21638770401477814
0.14057470858097076,0.4128114581108093,0.08709801733493805,0.5299274325370789,0.7182855606079102,0.9780064225196838,0.43626150488853455,4.941372871398926,1.4421249628067017,1.2970283031463623,0.40426963567733765,0.10741433501243591,0.8177881836891174,0.00039999998989515007,0.009584292769432068,1.0111212730407715,1.8057388067245483,3.143777847290039,1.1452646255493164,0.9876819252967834,0.36117321252822876,1.034109354019165,0.16191571950912476,0.36650580167770386,0.4320371448993683,1.715352177619934,0.10605669021606445,0.13541662693023682,0.37501823902130127,0.22115644812583923,0.22670039534568787,0.17869184911251068,0.5876175165176392,0.8593489527702332,0.7067790627479553,1.7494020462036133,0.7054479718208313,0.35884320735931396,0.34348174929618835,0.1365000605583191,0.3338013291358948,0.08328517526388168,0.4265313148498535,0.5560716390609741,0.07674908638000488,0.684170663356781,0.3404031991958618,0.03928789868950844,0.2759056091308594,0.2977010905742645,0.8037182092666626,0.11797177046537399,0.767398476600647,1.4700995683670044,1.0494951009750366,0.32673537731170654,0.1693519800901413
0.02850116230547428,0.34488603472709656,0.17570187151432037,0.536750316619873,0.6238611936569214,0.8738197684288025,0.44505801796913147,4.955511569976807,1.5619536638259888,1.276203989982605,0.352257639169693,0.03383725509047508,0.7315860986709595,0.00039999998989515007,0.05644446238875389,0.9487606287002563,1.6377063989639282,3.1196722984313965,1.1497125625610352,0.9997463226318359,0.30669158697128296,1.0202444791793823,0.10802221298217773,0.30439725518226624,0.48551011085510254,1.8294682502746582,0.1143200471997261,0.2660503685474396,0.4483669698238373,0.2646268904209137,0.21328642964363098,0.1851322054862976,0.6578313112258911,0.8257184028625488,0.5922582745552063,1.7431750297546387,0.6090719699859619,0.3617720305919647,0.2844740152359009,0.11692319065332413,0.3076603412628174,0.1759406179189682,0.46586185693740845,0.5632139444351196,0.02335488423705101,0.7113972306251526,0.39202192425727844,0.11054807901382446,0.27786359190940857,0.1981583535671234,0.8650459051132202,0.2299344390630722,0.7730934023857117,1.5575406551361084,1.1409525871276855,0.41675299406051636,0.20199844241142273
0.04543312266469002,0.2925247848033905,0.2163393795490265,0.3944864869117737,0.5991673469543457,0.8695669174194336,0.6275118589401245,4.8184285163879395,1.5750794410705566,1.173764944076538,0.3055809736251831,0.11221335083246231,0.7837952375411987,0.00039999998989515007,0.20467738807201385,0.9558818936347961,1.731144905090332,3.1314332485198975,0.9956821203231812,1.1073728799819946,0.4364392161369324,0.9053598642349243,0.2630460858345032,0.40065065026283264,0.4422836899757385,1.745965600013733,0.11648096889257431,0.20787766575813293,0.4986253082752228,0.3154814541339874,0.04879067838191986,0.1474725604057312,0.7594510316848755,0.8884118795394897,0.7252225279808044,1.7714124917984009,0.5429976582527161,0.3800821304321289,0.130387544631958,0.026665622368454933,0.34667158126831055,0.23303475975990295,0.48831820487976074,0.42789125442504883,0.08734247833490372,0.7818478941917419,0.2267516851425171,0.08150441199541092,0.4189448356628418,0.38585811853408813,0.9979252815246582,0.2960148751735687,0.7269316911697388,1.6823327541351318,1.2122547626495361,0.44903892278671265,0.22948598861694336
0.34570643305778503,0.18203674256801605,0.535929262638092,0.03216925635933876,0.6137769818305969,0.9075170159339905,0.682062029838562,4.631336212158203,1.209930419921875,1.30287504196167,0.6322674751281738,0.44587162137031555,1.0098106861114502,0.00039999998989515007,0.22364963591098785,0.7160155773162842,2.3333113193511963,2.5843565464019775,1.0494416952133179,0.9838334321975708,1.0194976329803467,0.7602450251579285,0.3914237320423126,0.5432934165000916,0.11893107742071152,1.9039522409439087,0.07941587269306183,0.3627668619155884,0.6854087114334106,0.00691788038238883,0.6415764093399048,0.16840192675590515,0.30014365911483765,1.1538571119308472,1.19757080078125,1.3267171382904053,0.8229122757911682,0.14599084854125977,0.0260908342897892,0.5444424748420715,0.5308711528778076,0.10304374992847443,0.3967949450016022,0.5602953433990479,0.16960985958576202,0.07714293152093887,0.06386534124612808,0.04761990159749985,0.07418706268072128,0.4576984941959381,1.1690186262130737,0.016342416405677795,0.9784006476402283,1.4729090929031372,1.2275676727294922,0.566561758518219,0.2505042552947998
0.44783756136894226,0.512644350528717,0.002166195772588253,0.3395652770996094,0.4307694137096405,1.0256059169769287,0.27039024233818054,4.963691711425781,1.4512887001037598,1.4456727504730225,0.3645690083503723,0.03562215715646744,0.7478417754173279,0.00039999998989515007,0.08639572560787201,1.0263192653656006,2.0195484161376953,3.0580828189849854,1.1785941123962402,1.0731886625289917,0.6040192246437073,1.0205259323120117,0.01511608436703682,0.35186630487442017,0.2764391303062439,1.6089491844177246,0.20297226309776306,0.2993132472038269,0.42021313309669495,0.25361865758895874,0.08053015172481537,0.1437978446483612,0.5441184043884277,0.8211944103240967,0.8326703310012817,1.5873284339904785,0.5872161984443665,0.44978252053260803,0.16294632852077484,0.02133163996040821,0.3512560725212097,0.4208970069885254,0.511154055595398,0.607003390789032,0.06803847849369049,0.9038515686988831,0.423601359128952,0.029305286705493927,0.33927348256111145,0.5055165886878967,0.8842138051986694,0.027505673468112946,0.7528210878372192,1.4990792274475098,0.8986951112747192,0.32070931792259216,0.1043689101934433
0.3187078833580017,0.5772335529327393,0.02426438219845295,0.3588041067123413,0.8420537114143372,1.2100814580917358,0.353538453578949,4.43165922164917,1.6890082359313965,1.4073537588119507,0.32510387897491455,0.29278841614723206,0.8458311557769775,0.00039999998989515007,0.35927614569664,0.7064631581306458,1.2377338409423828,3.3349599838256836,1.0196449756622314,0.9917497038841248,0.4144093096256256,0.7509928941726685,0.13142599165439606,0.1474604457616806,0.04607975110411644,1.8604016304016113,0.06591170281171799,0.1113630160689354,0.45701560378074646,0.1519598811864853,0.293982595205307,0.08637640625238419,0.7031596302986145,0.9133395552635193,0.8743823766708374,1.5797224044799805,0.5441003441810608,0.3240019381046295,0.3997706174850464,0.3245249092578888,0.07432717084884644,0.11268727481365204,0.44351130723953247,0.7239278554916382,0.2104334831237793,0.4881947636604309,0.4407532215118408,0.10207691043615341,0.17464189231395721,0.11413678526878357,0.6316221356391907,0.15794147551059723,0.9190930724143982,1.9092426300048828,1.618989109992981,0.6508949995040894,0.024865886196494102
0.14821039140224457,0.4338507354259491,0.07435916364192963,0.5378190875053406,0.6975032687187195,0.9754693508148193,0.4358193278312683,4.94482421875,1.467390775680542,1.300755262374878,0.4159480333328247,0.07795334607362747,0.798102855682373,0.00039999998989515007,0.01176227256655693,1.0284396409988403,1.7917324304580688,3.1649324893951416,1.1596901416778564,0.9815717339515686,0.34551578760147095,1.0345405340194702,0.10987343639135361,0.34857362508773804,0.42724284529685974,1.7072337865829468,0.13180187344551086,0.15775208175182343,0.3729163408279419,0.21450617909431458,0.22320155799388885,0.17400172352790833,0.5971657633781433,0.8516641855239868,0.6993388533592224,1.7390272617340088,0.6935029625892639,0.36930835247039795,0.32977163791656494,0.11127417534589767,0.3242378234863281,0.09536146372556686,0.4206138849258423,0.5627017617225647,0.05908489599823952,0.7138283848762512,0.34627774357795715,0.04239191114902496,0.27878692746162415,0.28380775451660156,0.808417022228241,0.12663452327251434,0.7663072943687439,1.4858540296554565,1.1047592163085938,0.32500335574150085,0.1589439958333969
0.05537530034780502,0.27757149934768677,0.23760047554969788,0.5432308316230774,0.6990481019020081,1.1975319385528564,0.5700827240943909,5.0161213874816895,1.308353066444397,1.2786821126937866,0.3056351840496063,0.04615446925163269,0.7041217684745789,0.00039999998989515007,0.028935229405760765,1.1554797887802124,1.87239670753479,2.8340489864349365,1.1998229026794434,0.8594180941581726,0.426038920879364,0.8799090385437012,0.010071555152535439,0.4570981562137604,0.32302942872047424,2.0136160850524902,0.047645218670368195,0.4184284210205078,0.5363268256187439,0.22218075394630432,0.42851686477661133,0.12096071243286133,0.6868405342102051,0.9531322121620178,0.6168836355209351,1.6669056415557861,0.7182158827781677,0.23115478456020355,0.3016287088394165,0.5764357447624207,0.5240324139595032,0.07724461704492569,0.43061867356300354,0.5317044854164124,0.0644472986459732,0.5700035095214844,0.2581137418746948,0.10157044231891632,0.09956993162631989,0.24898763000965118,0.8042610883712769,0.13155308365821838,0.6808626651763916,1.4058787822723389,1.2274093627929688,0.10647053271532059,0.17397238314151764
0.5403249859809875,0.6393846869468689,0.29464831948280334,0.10196264088153839,0.6582487225532532,0.35697200894355774,0.5215978622436523,4.985883712768555,1.0415716171264648,0.7189479470252991,0.35563182830810547,0.09643321484327316,0.8993586897850037,0.00039999998989515007,0.2355322241783142,0.8514037132263184,2.545383930206299,3.086754560470581,0.7165142297744751,0.9798470139503479,0.3742154538631439,1.6112875938415527,0.22704331576824188,0.2906613349914551,0.8770332336425781,0.8825014233589172,0.6233842968940735,0.355607807636261,0.24694408476352692,0.53451007604599,0.1745464950799942,0.271113783121109,0.6149529814720154,0.936011552810669,0.8493186235427856,1.6491042375564575,0.24847503006458282,0.452963650226593,0.3234809339046478,0.43065935373306274,0.45468711853027344,0.34419599175453186,0.019355151802301407,0.29499831795692444,0.7423859238624573,0.5663793087005615,0.3527184724807739,0.4352951943874359,0.7587619423866272,0.5373089909553528,0.7680187821388245,0.4277198612689972,0.8325855135917664,1.0577125549316406,0.8781799674034119,0.1839171051979065,0.7306905388832092
0.526860773563385,0.5701805353164673,0.28157129883766174,0.7592422962188721,0.28163519501686096,0.7145493030548096,0.11910699307918549,4.877971172332764,1.596382737159729,1.7135989665985107,0.7019055485725403,0.34192582964897156,1.079529047012329,0.00039999998989515007,0.42660829424858093,1.2297580242156982,1.4926036596298218,3.334571123123169,1.0273066759109497,0.47637617588043213,0.16662761569023132,1.006212592124939,0.04062367230653763,0.5926936268806458,0.8379550576210022,0.9527356624603271,0.24847431480884552,0.06329315900802612,0.6305838823318481,0.48942041397094727,0.33940109610557556,0.4405174255371094,0.2636888921260834,0.36331287026405334,0.495553195476532,1.5188350677490234,0.9216533303260803,0.24137574434280396,0.36097246408462524,0.2051079422235489,0.13514897227287292,0.06988547742366791,0.5619481205940247,0.7142471075057983,0.0086020203307271,1.4167085886001587,0.5119545459747314,0.14004731178283691,0.30388525128364563,0.7563890218734741,0.5672079920768738,0.11141148954629898,0.7278817892074585,1.4229854345321655,0.7776505351066589,0.3423020839691162,0.028794916346669197
0.17735908925533295,0.36134546995162964,0.12495680153369904,0.696605920791626,0.8335663676261902,1.2813774347305298,0.4481422007083893,4.97749662399292,1.2539610862731934,1.3321537971496582,0.29962092638015747,0.09837710857391357,0.7775823473930359,0.00039999998989515007,0.048421479761600494,0.8967797756195068,1.9733179807662964,2.8558237552642822,1.052079677581787,1.058672547340393,0.3502114713191986,1.1118992567062378,0.10439715534448624,0.4276045858860016,0.491932213306427,1.7806806564331055,0.3660963177680969,0.22198963165283203,0.24477805197238922,0.2054731845855713,0.2370380014181137,0.28008589148521423,0.6352055072784424,1.0910171270370483,0.6232105493545532,1.7417702674865723,0.8089010715484619,0.4112837612628937,0.3448529541492462,0.016889920458197594,0.5018786191940308,0.1215159222483635,0.531508207321167,0.5647287368774414,0.08029472827911377,0.768345057964325,0.3193966746330261,0.08568844944238663,0.23106712102890015,0.2504785358905792,0.8926613330841064,0.04296248033642769,0.5499791502952576,1.2143542766571045,0.9167667627334595,0.009260151535272598,0.18963539600372314
0.40061110258102417,0.8099163770675659,0.5051559209823608,0.44134005904197693,0.7109895348548889,0.8222367763519287,0.300222784280777,4.865672588348389,0.9463191032409668,0.8323583602905273,0.13490121066570282,0.163704976439476,0.8524134159088135,0.00039999998989515007,0.5402342081069946,0.8913896083831787,1.8493578433990479,3.1319897174835205,0.6987274885177612,1.0334410667419434,0.13929590582847595,1.488150715827942,0.24855130910873413,0.01484658382833004,0.8170861601829529,1.5611894130706787,0.6646855473518372,0.10530494898557663,0.2406124621629715,0.5114107728004456,0.14634747803211212,0.41537535190582275,0.9327986836433411,0.7919343709945679,0.6031221747398376,1.8258987665176392,0.3037927448749542,0.6012755036354065,0.41565486788749695,0.2947291433811188,0.2620220184326172,0.2844685912132263,0.47874340415000916,0.5318596363067627,0.6345127820968628,0.9798240065574646,0.833773672580719,0.196603462100029,0.540350615978241,0.009335322305560112,0.6442281007766724,0.5069196224212646,0.6082854270935059,1.2331273555755615,1.0753456354141235,0.007852592505514622,0.47417211532592773
0.10719586163759232,0.3702368140220642,0.10118310898542404,0.5939724445343018,0.7343377470970154,0.9523048400878906,0.5482837557792664,4.941586017608643,1.4016175270080566,1.2608723640441895,0.45871394872665405,0.10731632262468338,0.8672841191291809,0.00039999998989515007,0.02247614599764347,1.094967246055603,1.8611735105514526,3.119138479232788,1.1109620332717896,0.9895009994506836,0.31337445974349976,1.0656646490097046,0.1476472169160843,0.39543044567108154,0.513702929019928,1.6960031986236572,0.2132091522216797,0.10054422914981842,0.3685915172100067,0.2602996528148651,0.22837235033512115,0.20784419775009155,0.5770236253738403,0.8933950066566467,0.6672950983047485,1.7843358516693115,0.7277434468269348,0.3591952323913574,0.33093732595443726,0.09387189894914627,0.35579913854599,0.043612342327833176,0.4388958215713501,0.5334410071372986,0.13726697862148285,0.6565070748329163,0.3277147114276886,0.08250213414430618,0.300021767616272,0.32109177112579346,0.8091047406196594,0.1471042037010193,0.7434816360473633,1.420304536819458,1.0680261850357056,0.2642381191253662,0.22384072840213776
0.006334771867841482,0.27792179584503174,0.1958482563495636,0.6091201305389404,0.7334311604499817,1.1026219129562378,0.5109226107597351,4.911759376525879,1.5029151439666748,1.339660406112671,0.37575507164001465,0.13482975959777832,0.709933340549469,0.00039999998989515007,0.03372325003147125,1.0732126235961914,1.8638488054275513,2.9549155235290527,1.1766531467437744,0.9489481449127197,0.364408403635025,0.9378016591072083,0.046407248824834824,0.48765772581100464,0.46873459219932556,1.7766709327697754,0.08730635792016983,0.2975785434246063,0.50945645570755,0.24777841567993164,0.28308671712875366,0.1124260202050209,0.6650217771530151,1.0061571598052979,0.6133811473846436,1.7314053773880005,0.6661773324012756,0.24404437839984894,0.29814547300338745,0.39691850543022156,0.5106309652328491,0.05313011258840561,0.44518205523490906,0.5231986045837402,0.0036523796152323484,0.636418342590332,0.18829406797885895,0.05134914815425873,0.23952576518058777,0.35293835401535034,0.8017531037330627,0.062266476452350616,0.770465612411499,1.4767060279846191,1.1637158393859863,0.21739472448825836,0.1901225447654724
0.2552194595336914,0.08522175997495651,1.2140436172485352,0.6956952214241028,3.23314088745974e-05,0.5224306583404541,0.3415535092353821,4.567803859710693,1.9114714860916138,2.229200839996338,1.1159523725509644,0.18498659133911133,1.1683019399642944,0.00039999998989515007,1.0983763933181763,0.9181827306747437,1.097590446472168,2.7809059619903564,1.1562507152557373,0.01686134934425354,0.37149396538734436,0.6243165731430054,0.0279215220361948,0.7743414640426636,0.63983154296875,1.2102030515670776,0.1439063847064972,0.4070945382118225,1.3005356788635254,0.20281849801540375,0.11298860609531403,0.13086146116256714,0.2471684366464615,0.3686235249042511,0.31591400504112244,0.9414311647415161,1.1115299463272095,0.3124728500843048,0.29682570695877075,0.6158771514892578,0.16870717704296112,0.13376960158348083,0.658160388469696,1.0825597047805786,0.5504376888275146,0.8034592270851135,0.40522444248199463,0.2678431570529938,0.34326279163360596,0.6580014228820801,0.5415950417518616,0.02363649196922779,1.0716562271118164,1.500802755355835,1.0148587226867676,0.7877258062362671,0.007513084914535284
0.020813029259443283,0.36132344603538513,0.16210544109344482,0.6075854301452637,0.725324273109436,1.1087539196014404,0.4301391839981079,4.868983268737793,1.560110330581665,1.3880919218063354,0.3714161515235901,0.1302032470703125,0.6646900773048401,0.00039999998989515007,0.031199922785162926,1.0729836225509644,1.7869879007339478,2.9810092449188232,1.2219456434249878,0.9428886771202087,0.34701868891716003,0.9301507472991943,0.008373623713850975,0.43244805932044983,0.4252932667732239,1.7746052742004395,0.028244607150554657,0.3139388859272003,0.5140030384063721,0.23163263499736786,0.3016176223754883,0.07516073435544968,0.6591643691062927,0.9660068154335022,0.6217615604400635,1.701569676399231,0.6515771150588989,0.27248942852020264,0.3175812065601349,0.41570061445236206,0.4547075629234314,0.04142511636018753,0.44839343428611755,0.5771381855010986,0.06720074266195297,0.6769742965698242,0.21338850259780884,0.06637841463088989,0.1923227459192276,0.2732715606689453,0.7722102999687195,0.05216303840279579,0.8400511741638184,1.5691897869110107,1.215248942375183,0.28108343482017517,0.11308284848928452
0.6466407775878906,0.18011459708213806,0.6680322885513306,0.6134805679321289,0.5670586824417114,0.4384514093399048,0.8139204382896423,5.071756362915039,1.579144835472107,1.007680058479309,0.3962404131889343,0.10714498162269592,0.6137551069259644,0.00039999998989515007,0.43075963854789734,1.1622673273086548,1.5929656028747559,2.796173572540283,1.329183578491211,0.5739328265190125,0.06871437281370163,0.9901447892189026,0.09061063826084137,0.44398775696754456,0.633962869644165,1.9048163890838623,0.3216136395931244,0.4350287914276123,0.603726863861084,0.5040308237075806,0.5332130193710327,0.22572119534015656,0.6095349192619324,0.7103440761566162,0.36546769738197327,1.617140769958496,0.7351938486099243,0.07786547392606735,0.326828271150589,0.4053420126438141,0.46291235089302063,0.04972748085856438,0.061022039502859116,0.3575887680053711,0.15619564056396484,0.42977192997932434,0.06978379935026169,0.36086589097976685,0.08373139053583145,0.08334719389677048,0.9801028966903687,0.5469844937324524,0.8792896866798401,1.406746745109558,1.529290795326233,0.41329288482666016,0.40096819400787354
0.017046663910150528,0.9749082922935486,0.1326921284198761,0.3228881061077118,0.486361563205719,0.6583481431007385,0.0705670416355133,4.856728553771973,1.1644363403320312,0.8321357369422913,0.21353057026863098,0.5083735585212708,0.585549533367157,0.00039999998989515007,0.33431577682495117,0.40183234214782715,1.2800545692443848,2.6235690116882324,0.7110416889190674,0.4829089641571045,0.03418855369091034,1.3623756170272827,0.8613918423652649,0.15644115209579468,0.7373291254043579,2.0668599605560303,0.3309611678123474,0.5383938550949097,0.7243262529373169,0.6580710411071777,0.5105205774307251,0.4043535888195038,1.2038557529449463,0.7252418994903564,0.3789830803871155,1.3594913482666016,0.18469446897506714,0.2517780661582947,0.4127228260040283,0.14856860041618347,0.3773515522480011,0.29214030504226685,0.3015226423740387,0.6670621633529663,0.422889769077301,1.0507519245147705,0.8745411038398743,0.3050606846809387,0.08556222170591354,0.669856071472168,0.8419638276100159,1.0669093132019043,0.7584523558616638,1.4122737646102905,2.020564079284668,0.17007458209991455,0.5928444862365723
0.11036999523639679,0.4342727065086365,0.06181684881448746,0.511731743812561,0.5722991228103638,0.8286279439926147,0.4560922682285309,4.793726444244385,1.7984228134155273,1.2893906831741333,0.29615744948387146,0.07498588413000107,0.7086046934127808,0.00039999998989515007,0.17278708517551422,0.900539755821228,1.5925103425979614,3.2436881065368652,1.063650131225586,1.1002825498580933,0.2691786587238312,1.028870701789856,0.05231636017560959,0.29579710960388184,0.5363828539848328,1.5773369073867798,0.2625923752784729,0.17564840614795685,0.3866218626499176,0.3127712905406952,0.03233999013900757,0.19366304576396942,0.7311243414878845,0.8580318689346313,0.6379606127738953,1.7296993732452393,0.473505437374115,0.43360182642936707,0.22225919365882874,0.19719205796718597,0.26151981949806213,0.24420392513275146,0.4289722442626953,0.5101755857467651,0.10504452139139175,0.8795214295387268,0.3532290756702423,0.1387232393026352,0.4987148642539978,0.27336782217025757,0.9172652959823608,0.30533596873283386,0.7842313051223755,1.686692237854004,1.248920202255249,0.5029854774475098,0.2154451459646225
0.43993455171585083,0.5835188031196594,0.31387388706207275,0.4723950922489166,0.8305133581161499,1.4035142660140991,0.6598725318908691,4.985595226287842,1.2404987812042236,1.1326789855957031,0.015271591022610664,0.22214581072330475,0.8903525471687317,0.00039999998989515007,0.30723837018013,1.1721694469451904,2.008573055267334,3.0565617084503174,0.828448474407196,0.8564608097076416,0.28000399470329285,1.1406389474868774,0.32220497727394104,0.47059139609336853,0.512478768825531,1.4273794889450073,0.33489665389060974,0.07019848376512527,0.14711648225784302,0.2714094817638397,0.00606776075437665,0.3864361643791199,0.8400322198867798,1.015024185180664,0.6809914112091064,1.6494299173355103,0.5418645143508911,0.3796239197254181,0.4846530258655548,0.08494052290916443,0.4671345055103302,0.13866473734378815,0.1304207593202591,0.3847127854824066,0.5231494307518005,0.7943964004516602,0.4794849157333374,0.09005614370107651,0.625795841217041,0.3515378534793854,0.6364402770996094,0.47890302538871765,0.3406094014644623,1.1548291444778442,1.2640979290008545,0.24187837541103363,0.3676292896270752
0.20358829200267792,0.4091113209724426,0.07787764817476273,0.5176111459732056,0.7316808700561523,1.0743794441223145,0.6513546109199524,4.989229679107666,1.124284029006958,1.1639918088912964,0.4296511709690094,0.024571457877755165,0.9728597402572632,0.00039999998989515007,0.012714416719973087,1.292671799659729,2.0554022789001465,3.016425609588623,1.0611048936843872,0.9470030665397644,0.3990645408630371,1.0647649765014648,0.1025719866156578,0.4113065004348755,0.42495015263557434,1.7917182445526123,0.21774184703826904,0.0828496515750885,0.3489275574684143,0.2984218895435333,0.3022637963294983,0.24766658246517181,0.5899837613105774,0.8946874141693115,0.7459411025047302,1.75862717628479,0.7698684334754944,0.38493552803993225,0.33161666989326477,0.19732554256916046,0.3995938301086426,0.04162074625492096,0.4277344048023224,0.49535223841667175,0.3367726802825928,0.610675036907196,0.3904678523540497,0.029070569202303886,0.2769627273082733,0.3679378628730774,0.7868796586990356,0.21281729638576508,0.6375598311424255,1.2904977798461914,1.0727440118789673,0.06507132947444916,0.2630563974380493
0.23936359584331512,0.6271048784255981,0.2682594358921051,0.6400980949401855,0.8861939907073975,1.1921899318695068,0.42195624113082886,4.616107940673828,1.651064157485962,1.242872714996338,0.2381816953420639,0.10653100907802582,0.7036641240119934,0.00039999998989515007,0.4049568772315979,0.9666877388954163,1.4138396978378296,3.418078899383545,1.0877525806427002,1.0832417011260986,0.12480638176202774,0.9979246258735657,0.004866097122430801,0.12182904779911041,0.3688085377216339,1.5799447298049927,0.20775893330574036,0.0356709249317646,0.1445895880460739,0.1101110577583313,0.03702937439084053,0.12437883019447327,0.8308143019676208,0.877949059009552,0.7241953015327454,1.813460111618042,0.499477356672287,0.5000293850898743,0.5108902454376221,0.04461110010743141,0.15041358768939972,0.04804466664791107,0.3437666893005371,0.5309299826622009,0.11858241260051727,0.7528024315834045,0.46794384717941284,0.09550993889570236,0.4880864918231964,0.029310928657650948,0.569990336894989,0.157843679189682,0.7628266215324402,1.6491845846176147,1.3326653242111206,0.3524079918861389,0.06919320672750473
0.15294380486011505,0.44105345010757446,0.04038281366229057,0.8290310502052307,0.5594966411590576,0.7369490265846252,0.17843112349510193,4.773610591888428,1.8415039777755737,1.3616013526916504,0.3694201409816742,0.0037519342731684446,0.5142641663551331,0.00039999998989515007,0.004588708281517029,0.863341212272644,1.293560266494751,3.1830532550811768,1.2729188203811646,1.1055232286453247,0.04055340960621834,1.0824315547943115,0.09000826627016068,0.14263872802257538,0.6576000452041626,1.7102214097976685,0.2094743549823761,0.3162272274494171,0.3259020149707794,0.3661082088947296,0.042277414351701736,0.23719938099384308,0.676561713218689,0.7280363440513611,0.41167327761650085,1.8096189498901367,0.5701217651367188,0.4864462912082672,0.2877561151981354,0.1876036524772644,0.18962110579013824,0.17333847284317017,0.5757673978805542,0.6063839793205261,0.22098703682422638,1.0001875162124634,0.42900756001472473,0.13757602870464325,0.3207446336746216,0.0633314773440361,0.8616876602172852,0.10875584185123444,0.8683580756187439,1.651115894317627,1.0512218475341797,0.5488405823707581,0.06886503100395203
0.31893154978752136,0.5420942902565002,0.09137790650129318,0.40918630361557007,0.706019401550293,1.0380045175552368,0.37197452783584595,4.4813103675842285,1.6408904790878296,1.3933871984481812,0.459551066160202,0.2975260317325592,1.0003113746643066,0.00039999998989515007,0.3265535235404968,0.7982768416404724,1.1813081502914429,3.384514093399048,0.9988512396812439,1.0477488040924072,0.37159088253974915,0.8494614958763123,0.17449414730072021,0.031130416318774223,0.13197340071201324,1.9808969497680664,0.317913681268692,0.09018949419260025,0.41664132475852966,0.08499012887477875,0.2709570527076721,0.021562393754720688,0.6081144213676453,0.8086416721343994,0.8105082511901855,1.6134328842163086,0.5661299824714661,0.40440961718559265,0.3624263405799866,0.11127229034900665,0.05441215634346008,0.05941972881555557,0.5633993744850159,0.7831928133964539,0.1281552016735077,0.4688928723335266,0.672517716884613,0.06467419117689133,0.20278500020503998,0.14387178421020508,0.6562240719795227,0.2612127959728241,0.875636637210846,1.8182772397994995,1.5272332429885864,0.6840105652809143,0.061313141137361526
0.1520225703716278,0.4480900764465332,0.10712230205535889,0.7091076374053955,0.8078308701515198,1.149481177330017,0.3623666763305664,4.841334819793701,1.5421561002731323,1.3545992374420166,0.31431442499160767,0.11601448059082031,0.7071397304534912,0.00039999998989515007,0.0014846348203718662,0.8926141858100891,1.7925916910171509,3.0271167755126953,1.1285686492919922,1.1056820154190063,0.2778330147266388,1.0751317739486694,0.0906766727566719,0.36654192209243774,0.48921290040016174,1.6761751174926758,0.29793521761894226,0.1846492737531662,0.24830302596092224,0.23438628017902374,0.14479707181453705,0.21837887167930603,0.6667684316635132,1.0379985570907593,0.6538598537445068,1.7653284072875977,0.7083140015602112,0.42784854769706726,0.34385448694229126,0.040604446083307266,0.4139597415924072,0.0668611004948616,0.48459485173225403,0.5531714558601379,0.01576750911772251,0.8207607865333557,0.2852983772754669,0.05829577520489693,0.3262691795825958,0.2310957908630371,0.8680918216705322,0.04890638589859009,0.7076861262321472,1.433296799659729,1.0511834621429443,0.21730810403823853,0.1423064023256302
0.13714441657066345,0.3833293318748474,0.17729221284389496,0.6118746399879456,0.6193894743919373,0.8291332721710205,0.5194411277770996,4.865716934204102,1.607940435409546,1.1823110580444336,0.3372310996055603,0.0354270376265049,0.693550169467926,0.00039999998989515007,0.0868614912033081,1.0561811923980713,1.5405998229980469,3.1179704666137695,1.1753275394439697,1.0352976322174072,0.2151082307100296,0.9975534081459045,0.08546992391347885,0.24172605574131012,0.4959992468357086,1.9148850440979004,0.10925156623125076,0.29117023944854736,0.4263233542442322,0.358523428440094,0.21536864340305328,0.19051851332187653,0.741169810295105,0.8080856204032898,0.5682143568992615,1.7880359888076782,0.5780637264251709,0.40611937642097473,0.25827497243881226,0.09270545840263367,0.28605127334594727,0.11206606775522232,0.4730411767959595,0.5141664147377014,0.006964486557990313,0.7417440414428711,0.37498557567596436,0.12311378866434097,0.3019507825374603,0.11674418300390244,0.8889917135238647,0.2955594062805176,0.7936857342720032,1.6281206607818604,1.2888907194137573,0.4157962501049042,0.19815261662006378
0.3590448200702667,0.6594662666320801,0.18004320561885834,0.4921475052833557,0.9208446145057678,1.1062889099121094,0.5747579336166382,4.6205549240112305,1.5067384243011475,1.1633089780807495,0.32686978578567505,0.10473348945379257,0.9050289392471313,0.00039999998989515007,0.2614257335662842,1.0142641067504883,1.6682542562484741,3.3777976036071777,1.0251708030700684,1.0865259170532227,0.2873198390007019,0.9861608147621155,0.17944465577602386,0.2623802125453949,0.287471204996109,1.5699790716171265,0.15932942926883698,0.1446637660264969,0.13530336320400238,0.13172116875648499,0.115763820707798,0.14221122860908508,0.7146807312965393,0.9110873937606812,0.9074103832244873,1.7897018194198608,0.647686243057251,0.46012014150619507,0.42707714438438416,0.09736494719982147,0.18792928755283356,0.13246972858905792,0.2809138596057892,0.4668758809566498,0.17936107516288757,0.6634268164634705,0.31592559814453125,0.037063878029584885,0.4649709463119507,0.1742590069770813,0.7164732217788696,0.20918922126293182,0.7509548664093018,1.5966084003448486,1.352264404296875,0.3472158908843994,0.11673152446746826
0.8945910334587097,0.44252750277519226,0.5467514991760254,0.4052813649177551,0.3075316548347473,0.9795073866844177,0.14996200799942017,4.6722025871276855,1.1458886861801147,1.8512219190597534,1.0242162942886353,0.10681229829788208,1.6712270975112915,0.00039999998989515007,0.5273936986923218,1.1903071403503418,1.6124602556228638,3.131180763244629,0.9043968319892883,0.5283570885658264,0.6670141816139221,0.8074024319648743,0.3853687047958374,0.469289630651474,0.1449485719203949,1.6143414974212646,0.5245806574821472,0.0492066890001297,0.6522151231765747,0.010476339608430862,0.14186538755893707,0.27998384833335876,0.15406914055347443,0.4732913374900818,0.9114857912063599,1.226669430732727,1.2657033205032349,0.25950267910957336,0.3001466393470764,0.04091654717922211,0.08761627227067947,0.09112352132797241,0.7718465924263,1.00895094871521,0.03709566965699196,0.6784955859184265,0.7893403768539429,0.16363750398159027,0.14519309997558594,0.5272791981697083,0.6719697713851929,0.11912330240011215,0.6854668855667114,1.3423212766647339,0.8959535360336304,0.4687623977661133,0.002555130748078227
0.1366947889328003,0.16639532148838043,0.36668893694877625,0.2947862148284912,0.6358845233917236,1.137795329093933,0.8481470942497253,4.716987609863281,1.3268202543258667,1.145745873451233,0.3278392553329468,0.039001669734716415,1.0750974416732788,0.00039999998989515007,0.3692954480648041,1.1096041202545166,1.6904853582382202,3.012523651123047,0.742733895778656,1.0167553424835205,0.5613354444503784,0.7694618701934814,0.20270447432994843,0.39370471239089966,0.30913445353507996,2.100682020187378,0.34950926899909973,0.2066054791212082,0.6786347031593323,0.21496523916721344,0.21985501050949097,0.1112743690609932,0.8002554178237915,1.001436471939087,0.7503154277801514,1.671553373336792,0.5362582802772522,0.29876184463500977,0.13643907010555267,0.3663690388202667,0.33538010716438293,0.10736444592475891,0.6256167888641357,0.5135266184806824,0.05270771682262421,0.48644599318504333,0.43623870611190796,0.02993226796388626,0.31099173426628113,0.28215956687927246,0.8826396465301514,0.49186158180236816,0.5888546109199524,1.6551628112792969,1.5108742713928223,0.2885648310184479,0.34042873978614807
0.0826815664768219,0.20781560242176056,0.144109845161438,0.7672051787376404,0.7520384788513184,0.984061598777771,0.602466344833374,4.921774864196777,1.4855613708496094,1.1518731117248535,0.36754944920539856,0.05271899327635765,0.7924738526344299,0.00039999998989515007,0.07160435616970062,1.3461203575134277,1.7746917009353638,3.1350011825561523,1.003462553024292,0.9341700673103333,0.10886306315660477,1.052699089050293,0.06206557899713516,0.53737473487854,0.8589351773262024,1.4938896894454956,0.24165277183055878,0.0049678366631269455,0.42478328943252563,0.4649025499820709,0.005113419145345688,0.30870121717453003,0.7356851100921631,0.8862645030021667,0.4197171628475189,1.913356065750122,0.5895568132400513,0.3096385598182678,0.3567238748073578,0.154693603515625,0.46315017342567444,0.006694048177450895,0.42293789982795715,0.36240383982658386,0.26303189992904663,0.7865327596664429,0.2708926796913147,0.055167265236377716,0.5378029346466064,0.5328762531280518,0.6593596339225769,0.22663787007331848,0.6132891774177551,1.374696135520935,1.0203369855880737,0.046727895736694336,0.3189384639263153
0.31575727462768555,0.5109711289405823,0.050447672605514526,0.45891088247299194,0.8440662026405334,1.1989129781723022,0.8162133097648621,4.932486057281494,0.9709316492080688,1.0405868291854858,0.3255639374256134,0.09544339776039124,1.0327297449111938,0.00039999998989515007,0.04226972535252571,1.3235176801681519,2.180553674697876,2.952841281890869,0.9666231870651245,0.9406914114952087,0.43580278754234314,1.047067642211914,0.13826464116573334,0.46643781661987305,0.32708844542503357,1.7584755420684814,0.178165465593338,0.020663093775510788,0.21549345552921295,0.32181769609451294,0.28344792127609253,0.3004909157752991,0.6485002040863037,0.9442819952964783,0.8787416219711304,1.742349624633789,0.8473678231239319,0.4200095236301422,0.34861743450164795,0.1015472561120987,0.4457855224609375,0.03924136608839035,0.3207007050514221,0.3825792074203491,0.4661690294742584,0.632361650466919,0.2934774160385132,0.04536819085478783,0.3211710453033447,0.38431981205940247,0.8450155258178711,0.29743367433547974,0.5127314925193787,1.209801197052002,1.1480900049209595,0.08616483211517334,0.2784379720687866
0.489130437374115,0.9895337224006653,0.7988360524177551,0.38985228538513184,0.9577003121376038,0.8004633188247681,0.5114152431488037,4.564934253692627,1.0351004600524902,0.6544826030731201,0.027044808492064476,0.01856943592429161,0.8927563428878784,0.00039999998989515007,0.5953576564788818,0.6067532896995544,1.65475332736969,3.215117931365967,0.6246940493583679,1.147049069404602,0.02503161132335663,1.570591688156128,0.1900392472743988,0.19854062795639038,0.6256641745567322,1.4659936428070068,0.7692885398864746,0.3745655119419098,0.20428897440433502,0.30795159935951233,0.177046000957489,0.46419525146484375,0.9024825096130371,0.8621038794517517,0.7605970501899719,1.7529581785202026,0.33682340383529663,0.7472637295722961,0.5726655721664429,0.7940695285797119,0.07748571038246155,0.09285280108451843,0.1789163202047348,0.4518985450267792,0.7353001236915588,0.7180764675140381,0.8210573792457581,0.28946417570114136,0.644959032535553,0.3497260808944702,0.7164065837860107,0.6899615526199341,0.5520185232162476,1.17384934425354,1.2864861488342285,0.12770883738994598,0.5037268996238708
0.1343010812997818,0.09772463142871857,0.32203739881515503,0.5261038541793823,0.8158915638923645,1.0884937047958374,1.0834275484085083,4.932002067565918,1.198099970817566,0.9380935430526733,0.3094675838947296,0.07516147196292877,0.9911031126976013,0.00039999998989515007,0.15774847567081451,1.4559426307678223,1.879743218421936,2.980379819869995,0.876085102558136,0.866395890712738,0.2856583595275879,0.9059304594993591,0.1218862384557724,0.5675529837608337,0.5762643814086914,1.866680383682251,0.1409251093864441,0.025807809084653854,0.4610811769962311,0.3584318161010742,0.254412442445755,0.25624918937683105,0.7878822684288025,0.9589220881462097,0.557644784450531,1.8289458751678467,0.6445420980453491,0.24815146625041962,0.32309195399284363,0.38368695974349976,0.4789441227912903,0.07168250530958176,0.32370230555534363,0.2856353223323822,0.4286249577999115,0.40294715762138367,0.24789027869701385,0.053607046604156494,0.43589258193969727,0.42659449577331543,0.7386519312858582,0.49129951000213623,0.4649065136909485,1.3185328245162964,1.3296325206756592,0.03714746609330177,0.43811437487602234
0.05658877640962601,0.2332291454076767,0.16898807883262634,0.5955548286437988,0.8784650564193726,0.9555027484893799,0.8089526891708374,4.720458984375,1.7885301113128662,1.1169370412826538,0.2834312915802002,0.025392523035407066,0.8237659335136414,0.00039999998989515007,0.16646912693977356,1.0363402366638184,1.5863697528839111,3.2543325424194336,0.9057245850563049,0.9894949197769165,0.15736764669418335,0.9334940314292908,0.13624627888202667,0.5238618850708008,0.6579301953315735,1.4971500635147095,0.19690737128257751,0.06596768647432327,0.3844963610172272,0.27698639035224915,0.005798309110105038,0.18933305144309998,0.810478687286377,1.0177631378173828,0.582076907157898,1.8281315565109253,0.5318467020988464,0.27052104473114014,0.35413238406181335,0.01223165076225996,0.38457706570625305,0.09506703913211823,0.25614088773727417,0.33153876662254333,0.1009567603468895,0.6023196578025818,0.10714810341596603,0.08887489885091782,0.5963926911354065,0.358954519033432,0.7939932942390442,0.4063807725906372,0.6736692190170288,1.6094416379928589,1.4312938451766968,0.3272944390773773,0.3501569926738739
0.18316049873828888,0.46719279885292053,0.005784296430647373,0.6484185457229614,0.9617818593978882,1.012797474861145,0.6526268124580383,4.700410842895508,1.6146310567855835,1.260914921760559,0.4714813530445099,0.2548782527446747,0.9687705039978027,0.00039999998989515007,0.019063545390963554,0.999771773815155,1.5609312057495117,3.3555562496185303,1.0699610710144043,0.9857053160667419,0.17922863364219666,1.000675082206726,0.254606693983078,0.3502418100833893,0.3995297849178314,1.5807380676269531,0.20347559452056885,0.16645000874996185,0.1452026516199112,0.06851622462272644,0.18564598262310028,0.18773700296878815,0.5366365909576416,0.902618408203125,0.7603438496589661,1.7707762718200684,0.8119233250617981,0.3760557472705841,0.4976407587528229,0.09942502528429031,0.17409543693065643,0.26051193475723267,0.26177820563316345,0.5197152495384216,0.14299853146076202,0.4957800805568695,0.28422364592552185,0.06804121285676956,0.3720550239086151,0.1580268293619156,0.7215591669082642,0.19391439855098724,0.7448390126228333,1.4995875358581543,1.2807687520980835,0.3962682783603668,0.15675053000450134
0.20735424757003784,0.43749913573265076,0.03250643238425255,0.5448204278945923,0.72217857837677,1.018844723701477,0.6028789281845093,4.8987321853637695,1.428397297859192,1.2317883968353271,0.39270147681236267,0.0221711415797472,0.8580679893493652,0.00039999998989515007,0.055532149970531464,1.1888407468795776,1.926012396812439,3.122035503387451,1.0860717296600342,1.0376830101013184,0.3557039797306061,1.044441819190979,0.11604978889226913,0.4105414152145386,0.4603961706161499,1.642319679260254,0.22273701429367065,0.06785354018211365,0.31940191984176636,0.32541951537132263,0.14578980207443237,0.21121570467948914,0.629808783531189,0.8973904848098755,0.7458849549293518,1.770021677017212,0.6810877919197083,0.4135782718658447,0.2997218072414398,0.04094574600458145,0.36834320425987244,0.05871598795056343,0.4106769561767578,0.46835461258888245,0.16458968818187714,0.7272695899009705,0.3008599877357483,0.02247442677617073,0.4043048322200775,0.40790367126464844,0.8221384286880493,0.17412710189819336,0.7070053815841675,1.4538958072662354,1.0944174528121948,0.2150595635175705,0.2199583798646927
0.19426438212394714,0.13487963378429413,0.36865895986557007,0.2842227816581726,0.6580808758735657,0.6988900899887085,0.8529602885246277,4.768528461456299,1.3186264038085938,1.1372442245483398,0.7145059704780579,0.40698882937431335,0.9327472448348999,0.00039999998989515007,0.14278805255889893,1.236143708229065,2.426375150680542,2.9227657318115234,1.1282870769500732,1.1497142314910889,0.67020583152771,0.9788269400596619,0.4035465121269226,0.5693183541297913,0.3409523367881775,1.50029718875885,0.19554691016674042,0.02263541705906391,0.4473532438278198,0.2765885293483734,0.3531043827533722,0.027768665924668312,0.3243892192840576,1.0236557722091675,0.9797755479812622,1.6900116205215454,0.7037239074707031,0.31823745369911194,0.11006907373666763,0.24347972869873047,0.4917406737804413,0.058099426329135895,0.34213584661483765,0.3486288785934448,0.10519356280565262,0.22147125005722046,0.04951627552509308,0.1487111896276474,0.352810800075531,0.752145528793335,0.9678316712379456,0.06645729392766953,0.9513487219810486,1.4010441303253174,0.8553213477134705,0.42313364148139954,0.3218373656272888
0.22899745404720306,0.5363962650299072,0.20399191975593567,0.6446946859359741,0.8102424144744873,1.1273962259292603,0.40083080530166626,4.6860198974609375,1.831620693206787,1.3042762279510498,0.18429125845432281,0.023040607571601868,0.6621636748313904,0.00039999998989515007,0.3091069459915161,0.9197246432304382,1.5441590547561646,3.3019821643829346,1.0025742053985596,1.1007585525512695,0.1734578162431717,1.03336501121521,0.05411890894174576,0.3351937234401703,0.5730414986610413,1.4165767431259155,0.2939574122428894,0.007391267456114292,0.2502898573875427,0.2594556212425232,0.09584995359182358,0.198882058262825,0.8336907029151917,0.9592671990394592,0.6359028220176697,1.783016562461853,0.44226959347724915,0.42163848876953125,0.3956870138645172,0.13322678208351135,0.31127145886421204,0.051854029297828674,0.3533155918121338,0.4729773998260498,0.013422523625195026,0.9043631553649902,0.3338984251022339,0.0528540201485157,0.6138052940368652,0.2531246542930603,0.6943540573120117,0.20431523025035858,0.7088004350662231,1.6367970705032349,1.2672209739685059,0.30182766914367676,0.17068566381931305
0.008935444056987762,0.2849017381668091,0.14833645522594452,0.616449773311615,0.793473482131958,1.1494555473327637,0.6167677044868469,4.893637180328369,1.4979915618896484,1.2635579109191895,0.337650865316391,0.116706483066082,0.7191979289054871,0.00039999998989515007,0.00225319666787982,1.1821660995483398,1.912582516670227,2.9463868141174316,1.1480673551559448,0.9746122360229492,0.35231226682662964,0.9374719262123108,0.045620739459991455,0.5174219012260437,0.4629872739315033,1.7530598640441895,0.09649217128753662,0.22517652809619904,0.44901713728904724,0.29800349473953247,0.265567809343338,0.12699094414710999,0.698493242263794,1.0272735357284546,0.6413049101829529,1.7544639110565186,0.6613858938217163,0.27291372418403625,0.3148529529571533,0.3892984986305237,0.5399224162101746,0.004519298207014799,0.4006160497665405,0.4486968517303467,0.08372862637042999,0.611362099647522,0.14409345388412476,0.08793198317289352,0.3158973753452301,0.4017830491065979,0.791934609413147,0.09081269055604935,0.7215259671211243,1.4565753936767578,1.1754913330078125,0.13519145548343658,0.2253447324037552
0.5457749962806702,0.7113471031188965,0.2131030261516571,0.10531991720199585,0.5201941728591919,1.084324598312378,0.8610361814498901,4.526774883270264,0.9934756755828857,0.5798547863960266,0.22262200713157654,0.7234723567962646,0.825268030166626,0.00039999998989515007,1.012017846107483,1.275814175605774,2.1117360591888428,2.909191608428955,0.4111456871032715,0.9644895792007446,0.5762273669242859,0.9300752282142639,0.3290480673313141,0.36318838596343994,0.4658067524433136,1.4872462749481201,0.2467087060213089,0.011896977201104164,0.6149688959121704,0.714706301689148,0.1375606507062912,0.20587047934532166,1.3491336107254028,0.8931039571762085,0.9264012575149536,1.638731837272644,0.03107048198580742,0.4068971574306488,0.051934048533439636,0.16801589727401733,0.5530314445495605,0.4285021722316742,0.29239287972450256,0.10426519066095352,0.5733102560043335,1.0582077503204346,0.3686106204986572,0.1106361597776413,0.8529451489448547,0.5631378293037415,0.7706359028816223,0.8290913701057434,0.4283142387866974,1.5706266164779663,1.643216848373413,0.1498834639787674,0.5377013683319092
0.15306773781776428,0.46191906929016113,0.003684911411255598,0.6064874529838562,0.827265739440918,1.0979284048080444,0.5878058075904846,4.852366924285889,1.4562643766403198,1.2352265119552612,0.36610808968544006,0.10103443264961243,0.816519021987915,0.00039999998989515007,0.07758704572916031,1.1744115352630615,1.8217560052871704,3.1426525115966797,1.1160969734191895,1.0061097145080566,0.28949329257011414,1.0093004703521729,0.0921606793999672,0.3879278302192688,0.43259885907173157,1.696812391281128,0.15830059349536896,0.05735897645354271,0.2993904948234558,0.2628594636917114,0.21324677765369415,0.18215475976467133,0.667382538318634,0.9255516529083252,0.7213558554649353,1.7893136739730835,0.6888558864593506,0.3792896568775177,0.37952670454978943,0.15891051292419434,0.36745786666870117,0.05177323520183563,0.37869468331336975,0.48189473152160645,0.17484240233898163,0.6570633053779602,0.28915324807167053,0.03331746160984039,0.36141133308410645,0.29789796471595764,0.7363386154174805,0.1438983827829361,0.7240746021270752,1.47421395778656,1.1842149496078491,0.19559739530086517,0.1876092553138733
0.1065564975142479,0.35311517119407654,0.16102612018585205,0.35171109437942505,0.6056544184684753,1.0813868045806885,0.7927302718162537,4.761600017547607,1.5745365619659424,1.1452890634536743,0.17843593657016754,0.19909992814064026,0.7135347127914429,0.00039999998989515007,0.3043641746044159,1.1169489622116089,1.8405861854553223,3.004796266555786,0.9917809963226318,1.1076266765594482,0.5103051066398621,0.8026660680770874,0.10966695845127106,0.44272544980049133,0.2887890338897705,1.8232344388961792,0.06428257375955582,0.29253968596458435,0.49469372630119324,0.372480571269989,0.06642095744609833,0.09481091797351837,0.8857560157775879,0.9738593697547913,0.808592677116394,1.6992751359939575,0.48402872681617737,0.3693593740463257,0.09444815665483475,0.1714157909154892,0.4513999819755554,0.2140464186668396,0.42386046051979065,0.3468990623950958,0.06285708397626877,0.7824283242225647,0.14181415736675262,0.07510334253311157,0.4610118567943573,0.4199782907962799,1.0005589723587036,0.3241715133190155,0.6678837537765503,1.7093628644943237,1.4107710123062134,0.29694119095802307,0.21815606951713562
0.5571357011795044,0.9615179300308228,0.7629688382148743,0.5844781398773193,0.8164876699447632,1.1308724880218506,0.12579049170017242,4.70825719833374,1.087463140487671,0.9661504030227661,0.028343811631202698,0.12173986434936523,0.689079225063324,0.00039999998989515007,0.6532897353172302,0.9671737551689148,1.7911854982376099,3.154979705810547,0.7775114178657532,1.0705493688583374,0.0720563605427742,1.430057406425476,0.38292592763900757,0.0081138014793396,0.7721428871154785,1.3590798377990723,0.6317974328994751,0.1519956737756729,0.10318569093942642,0.48836296796798706,0.0010948231210932136,0.37729886174201965,1.0054618120193481,0.830164909362793,0.6119725704193115,1.8326917886734009,0.25248876214027405,0.6259179711341858,0.5127266645431519,0.24668456614017487,0.30187591910362244,0.19821171462535858,0.44621533155441284,0.5178812742233276,0.6018714904785156,1.140609622001648,0.7938483357429504,0.06253038346767426,0.6523648500442505,0.07812612503767014,0.4412873089313507,0.2934280335903168,0.5827072858810425,1.2500076293945312,1.0141065120697021,0.13689492642879486,0.31178972125053406
0.759478747844696,0.3865034282207489,0.35371133685112,0.5452618598937988,0.6322399377822876,1.142566204071045,0.5581480264663696,4.479811668395996,1.6054320335388184,1.633702278137207,0.7533124089241028,0.08045826107263565,1.3724539279937744,0.00039999998989515007,0.23015879094600677,1.3638708591461182,1.6707242727279663,3.4270970821380615,0.8412387371063232,0.7226603031158447,0.4828844368457794,0.6124691963195801,0.5298953652381897,0.8123645186424255,0.3270767033100128,1.0125590562820435,0.17014726996421814,0.366160124540329,0.461391419172287,0.14644171297550201,0.3432675302028656,0.1936383843421936,0.24954669177532196,0.6833376288414001,0.9617077112197876,1.5455338954925537,1.0767126083374023,0.22892232239246368,0.3131572902202606,0.0876644179224968,0.12521892786026,0.2724590599536896,0.4535672664642334,0.5224581956863403,0.06257013976573944,0.9110605120658875,0.12739799916744232,0.11260715872049332,0.4240948557853699,0.9569490551948547,0.6384022831916809,0.026160750538110733,0.6144906878471375,1.5858137607574463,1.0310075283050537,0.37793490290641785,0.04433843120932579
0.023568857461214066,0.35788655281066895,0.1242525652050972,0.6238800287246704,0.7619303464889526,1.1359341144561768,0.5406942963600159,4.9070515632629395,1.5479215383529663,1.3252602815628052,0.35519731044769287,0.11859459429979324,0.6660745739936829,0.00039999998989515007,0.01683221198618412,1.1888140439987183,1.8385164737701416,2.9864542484283447,1.2105352878570557,0.9512446522712708,0.33417823910713196,0.9264466166496277,0.015871675685048103,0.46634045243263245,0.41593873500823975,1.75176203250885,0.018973320722579956,0.24700886011123657,0.4489893317222595,0.27539312839508057,0.29575836658477783,0.08639572560787201,0.6643140912055969,0.9622356295585632,0.6374066472053528,1.7152936458587646,0.6610986590385437,0.3002517521381378,0.33228886127471924,0.4003250300884247,0.4688588082790375,0.003755193902179599,0.3965734541416168,0.5056589245796204,0.001000261283479631,0.6410824060440063,0.1658456176519394,0.08765582740306854,0.25298744440078735,0.32382702827453613,0.7482706308364868,0.05820094421505928,0.7893515825271606,1.5458343029022217,1.1921420097351074,0.2096225768327713,0.13267195224761963
0.15043191611766815,0.010624265298247337,0.6305481195449829,0.8269352912902832,0.33149126172065735,0.690994381904602,0.5258253216743469,4.9317755699157715,1.4575079679489136,1.569942831993103,0.8517710566520691,0.17198880016803741,1.251196265220642,0.00039999998989515007,0.5915786623954773,1.3567618131637573,1.6545037031173706,3.0473222732543945,0.9522037506103516,0.710549533367157,0.25711002945899963,0.9444868564605713,0.4630044996738434,0.7131024599075317,0.8112572431564331,1.390334963798523,0.4703550934791565,0.007089060265570879,0.5678689479827881,0.45000720024108887,0.17750464379787445,0.4734300971031189,0.1268254667520523,0.5569174885749817,0.4205153286457062,1.615689992904663,1.122174620628357,0.3018058240413666,0.1986972987651825,0.24269936978816986,0.19819794595241547,0.05958005040884018,0.7169288396835327,0.612891674041748,0.04419068619608879,0.9493602514266968,0.38973841071128845,0.27721521258354187,0.23907868564128876,0.8193537592887878,0.8931164741516113,0.18331338465213776,0.5240289568901062,1.2599295377731323,0.6095737218856812,0.3088136315345764,0.19746656715869904
0.13691557943820953,0.14310461282730103,0.7088369131088257,0.13937436044216156,0.4242177903652191,0.6629515290260315,0.8557031154632568,4.752830982208252,1.4798433780670166,1.3248156309127808,0.7777472138404846,0.5331149697303772,1.0542175769805908,0.00039999998989515007,0.05806143954396248,1.0193240642547607,2.06510329246521,2.8554322719573975,0.9609043002128601,1.0736545324325562,0.7992379069328308,0.82718425989151,0.3528626561164856,0.48280635476112366,0.2474679946899414,1.8517541885375977,0.44625577330589294,0.2448977679014206,0.7721896171569824,0.0918731838464737,0.448446661233902,0.12661099433898926,0.26327648758888245,1.0284076929092407,0.8337453603744507,1.4604294300079346,0.5732306838035583,0.20841386914253235,0.00507038040086627,0.4118572175502777,0.35251423716545105,0.2124578058719635,0.5604596138000488,0.5886387825012207,0.1738339215517044,0.03386298194527626,0.21907593309879303,0.2730770409107208,0.1934061050415039,0.571447491645813,0.9642545580863953,0.11558487266302109,0.9346399307250977,1.5630284547805786,1.0604478120803833,0.6706641912460327,0.4101296663284302
0.13815070688724518,0.3605388402938843,0.05499907210469246,0.5929471254348755,0.7340964078903198,1.030553936958313,0.705733060836792,4.982125282287598,1.422309398651123,1.2173649072647095,0.3990240693092346,0.043704815208911896,0.8552654385566711,0.00039999998989515007,0.011746194213628769,1.2373197078704834,1.9354243278503418,3.106147527694702,1.0959745645523071,0.996783971786499,0.3105480968952179,1.0525950193405151,0.0961374044418335,0.446933776140213,0.4832800328731537,1.6502761840820312,0.22340819239616394,0.059658586978912354,0.2823321521282196,0.2990574240684509,0.17434588074684143,0.2368871122598648,0.6019860506057739,0.897652268409729,0.6821009516716003,1.7612682580947876,0.7121772170066833,0.39657479524612427,0.337351530790329,0.04158672317862511,0.3847914934158325,0.05417170375585556,0.3526701033115387,0.4491240680217743,0.2086557298898697,0.6459904313087463,0.2915274202823639,0.04134959727525711,0.40676766633987427,0.40962496399879456,0.8043135404586792,0.19378811120986938,0.6412444114685059,1.3748518228530884,1.0661306381225586,0.1601862758398056,0.24883784353733063
0.19813545048236847,0.48051074147224426,0.08903171122074127,0.7973896265029907,0.5302717685699463,0.7099053859710693,0.3364238739013672,4.913910388946533,1.7707668542861938,1.2910794019699097,0.3788217008113861,0.060986556112766266,0.4674645662307739,0.00039999998989515007,0.09578721225261688,1.0600565671920776,1.4367176294326782,3.1335978507995605,1.388322114944458,1.0164016485214233,0.06920143961906433,1.0642716884613037,0.04340130835771561,0.1817753165960312,0.5666781067848206,1.7546272277832031,0.00805984903126955,0.3580305874347687,0.3110308051109314,0.44004151225090027,0.15177448093891144,0.22235991060733795,0.6547616124153137,0.639771044254303,0.46306806802749634,1.779212236404419,0.6346078515052795,0.4652802646160126,0.2906140983104706,0.06359601020812988,0.2410220354795456,0.14380332827568054,0.4500468969345093,0.5340076684951782,0.12791305780410767,0.9573289155960083,0.33250290155410767,0.1220293641090393,0.27114731073379517,0.11709509789943695,0.8788635730743408,0.1004781574010849,0.8726810812950134,1.6078718900680542,1.0719059705734253,0.48221245408058167,0.060348816215991974
0.22904454171657562,0.33867716789245605,0.1330971121788025,0.7287564277648926,0.7112318873405457,0.8800886869430542,0.5870509743690491,4.882931709289551,1.7028907537460327,1.236602544784546,0.3713298439979553,0.16541998088359833,0.6134952306747437,0.00039999998989515007,0.044738683849573135,1.0504319667816162,1.3973122835159302,3.155400276184082,1.27398681640625,1.0264145135879517,0.10943225026130676,1.0056123733520508,0.05999773368239403,0.18298031389713287,0.46419891715049744,1.94874906539917,0.09185822308063507,0.2674866318702698,0.3059600293636322,0.22455507516860962,0.31709498167037964,0.15533286333084106,0.6715162992477417,0.794916570186615,0.47971469163894653,1.7849386930465698,0.6123014092445374,0.397386759519577,0.37872475385665894,0.12458579242229462,0.227248415350914,0.006387045606970787,0.39916548132896423,0.5503365397453308,0.024547860026359558,0.5591839551925659,0.39078280329704285,0.11181611567735672,0.25963443517684937,0.018643638119101524,0.7799387574195862,0.20186850428581238,0.806789755821228,1.5809019804000854,1.26075279712677,0.4413852393627167,0.15770141780376434
0.21532179415225983,0.5293056964874268,0.23818519711494446,0.7657924294471741,0.6364659070968628,0.6277270317077637,0.282301127910614,5.103886127471924,1.7884162664413452,1.3374000787734985,0.44779542088508606,0.10439064353704453,0.5282508134841919,0.00039999998989515007,0.48386460542678833,1.021220326423645,1.58839750289917,3.0213184356689453,1.476036787033081,0.616741955280304,0.027247387915849686,1.146436095237732,0.25143980979919434,0.35927847027778625,0.6082509756088257,1.5764625072479248,0.1626904308795929,0.3118482530117035,0.4149574339389801,0.39944618940353394,0.4309973120689392,0.20271222293376923,0.4830593764781952,0.6830756664276123,0.4452213943004608,1.5739012956619263,0.758388102054596,0.18618033826351166,0.4939146637916565,0.22159218788146973,0.3895293176174164,0.08333691209554672,0.09445742517709732,0.5630394816398621,0.06681010872125626,0.6877948045730591,0.1856345534324646,0.21065740287303925,0.12129353731870651,0.09422217309474945,0.7673588991165161,0.17140650749206543,0.9959700107574463,1.4259151220321655,1.268453598022461,0.4203469157218933,0.20143954455852509
0.5133450627326965,0.8694308996200562,0.7456789612770081,0.6110053658485413,0.8706817626953125,1.1879613399505615,0.2476278841495514,4.756109237670898,1.0720226764678955,0.9528437256813049,0.022974064573645592,0.07705044001340866,0.7184070944786072,0.00039999998989515007,0.6479756832122803,0.9803245067596436,1.8121532201766968,3.1370325088500977,0.7325114607810974,1.0494102239608765,0.0493689700961113,1.4269402027130127,0.37959399819374084,0.06059933826327324,0.7937154769897461,1.3682528734207153,0.6698564887046814,0.18693433701992035,0.07493612170219421,0.4259965121746063,0.024564212188124657,0.393320769071579,0.9977676868438721,0.8821878433227539,0.5654852986335754,1.8340317010879517,0.2768361568450928,0.5955074429512024,0.5493465662002563,0.2363467812538147,0.330647736787796,0.16619767248630524,0.4015943706035614,0.4977376163005829,0.6429641842842102,1.031596302986145,0.7735915184020996,0.05514959618449211,0.6645717024803162,0.081299789249897,0.428025484085083,0.32479405403137207,0.5078343152999878,1.1839123964309692,1.0213613510131836,0.19934777915477753,0.3621585965156555
0.2567225992679596,0.43971991539001465,0.2767607271671295,0.7995216846466064,0.6339403390884399,0.6413758397102356,0.33886054158210754,5.149159908294678,1.8084404468536377,1.3668080568313599,0.45820096135139465,0.13363802433013916,0.5422130823135376,0.00039999998989515007,0.5496380925178528,1.0323164463043213,1.6388019323349,2.966167688369751,1.4751650094985962,0.6131946444511414,0.015872379764914513,1.1735793352127075,0.27230900526046753,0.4203926622867584,0.6618369221687317,1.528159499168396,0.11260217428207397,0.3052009642124176,0.38631805777549744,0.3876967430114746,0.41296547651290894,0.23985229432582855,0.42778438329696655,0.7231926321983337,0.3993734121322632,1.5554660558700562,0.7834445834159851,0.1630522757768631,0.5083332061767578,0.17768307030200958,0.4231186509132385,0.06993390619754791,0.048169635236263275,0.5366591215133667,0.08246732503175735,0.6296641826629639,0.17263080179691315,0.24686658382415771,0.1530350148677826,0.13508683443069458,0.7854411602020264,0.19095465540885925,0.9555336236953735,1.3408277034759521,1.2188271284103394,0.3815322816371918,0.24049556255340576
0.315685510635376,0.4695402979850769,0.13989295065402985,0.4606713652610779,0.6045398116111755,1.2326337099075317,0.4121212661266327,4.899193286895752,1.448168396949768,1.5042338371276855,0.40644508600234985,0.16870197653770447,0.8752890825271606,0.00039999998989515007,0.022008098661899567,1.02314293384552,1.7273801565170288,2.971524715423584,1.1352794170379639,0.8952954411506653,0.5216178894042969,0.8973981142044067,0.05143916979432106,0.30870330333709717,0.15350015461444855,2.0099220275878906,0.22614556550979614,0.35577550530433655,0.5173202753067017,0.09933313727378845,0.39159271121025085,0.08501531928777695,0.5512213110923767,0.8929174542427063,0.7656564712524414,1.499184012413025,0.7160306572914124,0.3052150011062622,0.31463566422462463,0.3813060522079468,0.31450316309928894,0.08638070523738861,0.5286180973052979,0.7422522902488708,0.052888646721839905,0.591744065284729,0.49806466698646545,0.06649190932512283,0.080718494951725,0.14394263923168182,0.7659268379211426,0.13043628633022308,0.7546468377113342,1.5398730039596558,1.3024266958236694,0.30294862389564514,0.11259778589010239
0.25714385509490967,0.5443986058235168,0.03710998222231865,0.5284419059753418,0.49845191836357117,1.0334184169769287,0.3921295702457428,4.922608375549316,1.5746114253997803,1.4446046352386475,0.38417473435401917,0.10239670425653458,0.6782017350196838,0.00039999998989515007,0.09858768433332443,1.1278197765350342,1.7446129322052002,3.1185977458953857,1.3111642599105835,1.1102417707443237,0.3989016115665436,1.0350409746170044,0.034200724214315414,0.17144843935966492,0.2380155324935913,1.8254282474517822,0.20563779771327972,0.3148973286151886,0.2723042070865631,0.20106886327266693,0.20776817202568054,0.1415540874004364,0.5394061803817749,0.7494189143180847,0.7253129482269287,1.6289900541305542,0.6051597595214844,0.5104511380195618,0.28039979934692383,0.016983481124043465,0.21386657655239105,0.2659519910812378,0.47456374764442444,0.651093602180481,0.058242350816726685,0.7429255247116089,0.5473807454109192,0.011485286056995392,0.28638955950737,0.200987309217453,0.8048725128173828,0.04683825001120567,0.793052077293396,1.5399274826049805,1.028212308883667,0.3793829381465912,0.049082688987255096
0.3476524353027344,0.6504321694374084,0.111605204641819,0.459050714969635,0.9221906661987305,1.192999005317688,0.6197261810302734,4.566036224365234,1.5689667463302612,1.2678827047348022,0.3735050857067108,0.2769815921783447,0.7959081530570984,0.00039999998989515007,0.20404107868671417,1.0651817321777344,1.6964988708496094,3.2705237865448,1.1720892190933228,1.0745002031326294,0.38693928718566895,0.851057767868042,0.1745646744966507,0.2775574326515198,0.07467758655548096,1.676991581916809,0.028092460706830025,0.01948513835668564,0.20775821805000305,0.016183674335479736,0.2963680028915405,0.0341445654630661,0.6520470976829529,0.9240196943283081,0.9732944369316101,1.6972905397415161,0.677159309387207,0.3996230363845825,0.42748790979385376,0.20079395174980164,0.2228374034166336,0.19331052899360657,0.2640749514102936,0.519852876663208,0.031233685091137886,0.5028296709060669,0.19134414196014404,0.14780229330062866,0.30576127767562866,0.13988097012043,0.6853843927383423,0.029292069375514984,0.8766511678695679,1.6968647241592407,1.4022444486618042,0.42011186480522156,0.0007033359142951667
0.27116161584854126,0.3831568956375122,0.09109127521514893,0.28130990266799927,0.6469463109970093,1.2900300025939941,0.78595370054245,4.715047836303711,1.6769541501998901,1.2385364770889282,0.010777260176837444,0.2208876609802246,0.9081809520721436,0.00039999998989515007,0.5619832277297974,0.9075066447257996,1.47293221950531,3.1069812774658203,0.6635378003120422,0.9200498461723328,0.41722074151039124,0.7995793223381042,0.1767115741968155,0.38814452290534973,0.3345388174057007,1.8387949466705322,0.36623919010162354,0.181685671210289,0.5652544498443604,0.17596089839935303,0.005265159532427788,0.17175984382629395,0.9953547120094299,1.0269240140914917,0.6788939833641052,1.528720736503601,0.33549508452415466,0.2765160799026489,0.2587258815765381,0.11210259050130844,0.327008455991745,0.19632503390312195,0.37285614013671875,0.49202024936676025,0.019449632614850998,0.6956590414047241,0.4752589762210846,0.02681220881640911,0.5375471711158752,0.16422490775585175,0.8020555377006531,0.7018574476242065,0.4820239841938019,1.7315839529037476,1.791750431060791,0.24774430692195892,0.36295852065086365
0.48927822709083557,0.3429237902164459,0.29195067286491394,0.9400203824043274,0.41392946243286133,0.2455364614725113,0.14525209367275238,4.905655860900879,2.1007277965545654,1.3106770515441895,0.4203989803791046,0.05826079100370407,0.4171825647354126,0.00039999998989515007,0.3450218737125397,0.7913694977760315,1.1551018953323364,3.038205146789551,1.2999253273010254,0.7963947057723999,0.24404491484165192,1.2767479419708252,0.18817853927612305,0.22344346344470978,1.0918852090835571,1.44186532497406,0.2200644463300705,0.3422275185585022,0.48158955574035645,0.6013004779815674,0.06706473976373672,0.36306580901145935,0.5954276919364929,0.5810785889625549,0.075229711830616,1.6934033632278442,0.5010191202163696,0.3035830855369568,0.36066320538520813,0.27318859100341797,0.25906646251678467,0.1750131994485855,0.35036540031433105,0.5655239820480347,0.1318245232105255,0.998325765132904,0.3596268594264984,0.4728192985057831,0.3490023910999298,0.04686769098043442,0.8791497349739075,0.37576526403427124,0.9748049378395081,1.5440897941589355,1.1171696186065674,0.6365239024162292,0.31407058238983154
0.03244294598698616,0.8471661806106567,0.21869315207004547,0.835332453250885,0.9718062877655029,0.9187918901443481,0.2207375317811966,4.735297679901123,1.9558969736099243,1.3673168420791626,0.23570500314235687,0.22354449331760406,0.3912052512168884,0.00039999998989515007,0.37831389904022217,0.5892719626426697,1.4210041761398315,3.0492372512817383,1.4934968948364258,0.8172151446342468,0.05470328778028488,1.1319783926010132,0.17991697788238525,0.22695785760879517,0.3558247685432434,1.4724411964416504,0.19941027462482452,0.19968125224113464,0.005577458534389734,0.1523980051279068,0.37426164746284485,0.160539910197258,0.6017860770225525,0.8819000720977783,0.6612682342529297,1.5655298233032227,0.8320106863975525,0.3045293986797333,0.6391151547431946,0.14186377823352814,0.3289659023284912,0.2714952230453491,0.0684565007686615,0.5427141785621643,0.06301011145114899,0.7511031627655029,0.036730505526065826,0.008482705801725388,0.1581403911113739,0.24785539507865906,0.8498901724815369,0.07581164687871933,1.001034140586853,1.481528401374817,1.4683188199996948,0.48360347747802734,0.00750489067286253
0.0077633336186409,0.03276677429676056,0.5261903405189514,0.4054635763168335,0.3589268922805786,0.3583983778953552,0.8324394226074219,4.890097618103027,1.2178373336791992,1.1434071063995361,0.885441243648529,0.3128892779350281,0.9153904318809509,0.00039999998989515007,0.30333417654037476,1.3933079242706299,2.459353446960449,2.7701544761657715,1.1839216947555542,1.1896146535873413,0.5714111328125,1.132525086402893,0.4763968586921692,0.505994439125061,0.6023687720298767,1.5215414762496948,0.3859633505344391,0.13704746961593628,0.48867854475975037,0.4760251045227051,0.2984547019004822,0.11480379104614258,0.1753326803445816,0.8161349892616272,0.7333580851554871,1.7278920412063599,0.7228379845619202,0.42445051670074463,0.00870582740753889,0.038446374237537384,0.43395712971687317,0.3077879548072815,0.5509194135665894,0.3961832523345947,0.1041545569896698,0.35120129585266113,0.11140778660774231,0.3688812255859375,0.3230893909931183,0.8641109466552734,1.0611658096313477,0.053398557007312775,0.9276120662689209,1.2581733465194702,0.454832524061203,0.4518554210662842,0.3890683054924011
0.3052796423435211,1.2418816089630127,1.3667376041412354,0.5381003618240356,1.0702723264694214,1.3772255182266235,0.8904316425323486,4.181395530700684,0.20588679611682892,0.1752973049879074,0.30986765027046204,0.10946798324584961,0.34341713786125183,0.00039999998989515007,1.1308073997497559,1.400636076927185,1.6264451742172241,2.875809907913208,1.0593655109405518,1.3741230964660645,0.1240803450345993,1.316502571105957,0.20441792905330658,0.6387059688568115,0.003683909308165312,1.8973256349563599,0.0531044565141201,0.23454676568508148,0.9231200218200684,0.2111128717660904,0.4174046814441681,0.35439053177833557,1.1474400758743286,0.5372945666313171,0.7762926816940308,1.924607753753662,0.315075159072876,1.0842264890670776,0.6982792019844055,0.41397908329963684,0.04250665009021759,0.03085668757557869,0.02400282770395279,0.15696915984153748,1.1246274709701538,0.5650342702865601,0.9388531446456909,0.3046239912509918,0.559656023979187,0.6346617341041565,0.3005765676498413,0.25545212626457214,0.20671136677265167,0.750933825969696,0.9283865690231323,0.49426645040512085,0.007234149146825075
0.1742532104253769,0.4792943298816681,0.010825805366039276,0.5406464338302612,0.9225605130195618,1.1784100532531738,0.9213327765464783,4.8240275382995605,1.2579764127731323,1.1045423746109009,0.31553831696510315,0.018982093781232834,0.9085879325866699,0.00039999998989515007,0.04109124466776848,1.1749883890151978,2.058582067489624,2.9403462409973145,1.0464292764663696,0.9826014637947083,0.36381086707115173,0.9839460253715515,0.20755372941493988,0.5128803253173828,0.2970671057701111,1.7290903329849243,0.06918933242559433,0.029746057465672493,0.17371413111686707,0.2505517899990082,0.2763945460319519,0.2385728508234024,0.6705337166786194,1.0066637992858887,0.8698707818984985,1.7394367456436157,0.8883971571922302,0.37070176005363464,0.3649752140045166,0.046832941472530365,0.4678397476673126,0.12347283959388733,0.23131735622882843,0.3511853814125061,0.2753385603427887,0.6118184924125671,0.06708331406116486,0.05352899432182312,0.3137454092502594,0.3182172179222107,0.9640251398086548,0.2629636526107788,0.5995820164680481,1.3388540744781494,1.2859132289886475,0.0751270055770874,0.2258242964744568
0.15528011322021484,0.34208032488822937,0.1495864987373352,0.754539430141449,0.5316935777664185,0.7001345753669739,0.45605358481407166,4.743936061859131,1.8379155397415161,1.289806842803955,0.41938328742980957,0.03519204631447792,0.5998609662055969,0.00039999998989515007,0.07689281553030014,1.0550107955932617,1.434227466583252,3.173391342163086,1.1833134889602661,1.1399757862091064,0.09241490066051483,1.0397995710372925,0.1762743443250656,0.2479226142168045,0.702532172203064,1.67037832736969,0.23359522223472595,0.24340210855007172,0.4025777280330658,0.42423129081726074,0.01377282664179802,0.2205013930797577,0.7004774808883667,0.7181640267372131,0.45123404264450073,1.8554991483688354,0.5385907292366028,0.4611544907093048,0.22111879289150238,0.14075793325901031,0.2340734750032425,0.1806066334247589,0.5775490999221802,0.5130173563957214,0.15490774810314178,0.9561691880226135,0.33633676171302795,0.17073838412761688,0.4273814857006073,0.25755324959754944,0.899824857711792,0.18170730769634247,0.8492621183395386,1.6991783380508423,1.0684031248092651,0.531757116317749,0.14950011670589447
0.1677895188331604,0.4491135776042938,0.0847378596663475,0.39110252261161804,0.6727656722068787,1.1118226051330566,0.9258013367652893,4.816619873046875,1.754185676574707,1.0639628171920776,0.105880968272686,0.4648445248603821,0.7414219379425049,0.00039999998989515007,0.42444419860839844,0.9945005774497986,1.7008087635040283,3.0864439010620117,0.7248534560203552,0.9278033971786499,0.21051040291786194,1.004397988319397,0.249696746468544,0.5142682194709778,0.5991436243057251,1.3911784887313843,0.27883970737457275,0.042726825922727585,0.2809843122959137,0.38260310888290405,0.23413895070552826,0.35957130789756775,1.0344583988189697,0.9797496795654297,0.5937418341636658,1.622391939163208,0.3409116566181183,0.34634286165237427,0.2908523380756378,0.33267438411712646,0.4405195713043213,0.26895853877067566,0.07670910656452179,0.24327729642391205,0.2066035270690918,0.9245094656944275,0.245714008808136,0.0664425790309906,0.8106806874275208,0.3681412637233734,0.9251972436904907,0.7827526330947876,0.3816520869731903,1.5177263021469116,1.6039166450500488,0.09531017392873764,0.45351719856262207
0.1263238489627838,0.38064998388290405,0.012444653548300266,0.605623722076416,0.7744554281234741,1.2078475952148438,0.6505675911903381,4.646886825561523,1.7333714962005615,1.1293561458587646,0.019746316596865654,0.16175737977027893,0.3676988482475281,0.00039999998989515007,0.285594642162323,0.9536387324333191,1.777033805847168,2.8218705654144287,1.0755802392959595,1.1317850351333618,0.2947635054588318,0.8269624710083008,0.00010896190360654145,0.4857833981513977,0.4709917902946472,1.7255520820617676,0.046137262135744095,0.4102383553981781,0.45688971877098083,0.39997875690460205,0.06631975620985031,0.07471910119056702,1.0877031087875366,1.0994927883148193,0.6337043046951294,1.7919725179672241,0.4341806471347809,0.3088112771511078,0.17771393060684204,0.265506774187088,0.6626438498497009,0.1353301703929901,0.38938599824905396,0.2823629379272461,0.15467652678489685,0.9547479748725891,0.10365109145641327,0.2256506234407425,0.45280736684799194,0.3094257712364197,0.9959514737129211,0.1646607667207718,0.7158334851264954,1.69810152053833,1.4256089925765991,0.18155398964881897,0.16774308681488037
0.47723138332366943,0.3223594129085541,0.19538404047489166,0.19614413380622864,0.9034819006919861,0.8353558778762817,1.240015983581543,4.55326509475708,1.1132330894470215,0.9797364473342896,0.7470014691352844,0.38881242275238037,1.262388825416565,0.00039999998989515007,0.038942232728004456,1.353436827659607,2.372523069381714,3.1632297039031982,0.9103808403015137,1.0467482805252075,0.6081708669662476,0.9271003007888794,0.5798437595367432,0.5784846544265747,0.1631474494934082,1.3195672035217285,0.17610250413417816,0.43622085452079773,0.1598069667816162,0.03910132125020027,0.31132611632347107,0.03701462969183922,0.28130531311035156,0.9474207162857056,1.1946293115615845,1.6838998794555664,0.8959804177284241,0.3455985188484192,0.30295324325561523,0.003962545655667782,0.2904525101184845,0.25691840052604675,0.09690462797880173,0.27461788058280945,0.41184520721435547,0.04855133220553398,0.05888836458325386,0.144399493932724,0.4322951138019562,0.6884119510650635,0.8454750776290894,0.11532378196716309,0.7809249758720398,1.3135924339294434,1.0696431398391724,0.353532075881958,0.3194828927516937
0.04133068397641182,0.0179714635014534,0.5564975738525391,0.29364389181137085,0.4830331802368164,0.524082362651825,0.9650046229362488,4.8153533935546875,1.4540796279907227,1.1510882377624512,0.7599605321884155,0.396624892950058,0.8297328352928162,0.00039999998989515007,0.1744292825460434,1.2696831226348877,2.319512367248535,2.847557306289673,1.1949459314346313,1.148918867111206,0.6237691044807434,0.9544113874435425,0.3959420323371887,0.5313937067985535,0.3874708414077759,1.6330420970916748,0.17956684529781342,0.19750116765499115,0.5514099597930908,0.27114245295524597,0.39148369431495667,0.04895918071269989,0.3117939829826355,0.9279869794845581,0.8258224129676819,1.6601324081420898,0.642631471157074,0.2964247763156891,0.03103119134902954,0.26523494720458984,0.46780267357826233,0.19324177503585815,0.3888457119464874,0.3765670955181122,0.021785525605082512,0.1721937358379364,0.0430561825633049,0.2682745158672333,0.3065829873085022,0.7122429609298706,1.051652193069458,0.0035061046946793795,0.9920724630355835,1.4698948860168457,0.8678507208824158,0.5631871819496155,0.3627892732620239
0.16203176975250244,0.6676183342933655,0.0667882114648819,0.8791345357894897,0.9140382409095764,1.157645344734192,0.26370319724082947,4.908531665802002,1.7726103067398071,1.4139392375946045,0.15272186696529388,0.049947865307331085,0.35427430272102356,0.00039999998989515007,0.5336079597473145,0.6537215709686279,1.615456223487854,2.6727445125579834,1.4406436681747437,0.6609665751457214,0.04102301597595215,1.0635167360305786,0.2830600142478943,0.4395007789134979,0.4007193148136139,1.6972929239273071,0.22128364443778992,0.48272886872291565,0.2199036329984665,0.2213120013475418,0.4695254862308502,0.22738057374954224,0.6724098324775696,0.9832375049591064,0.5336820483207703,1.4895604848861694,0.9400153756141663,0.16567984223365784,0.5604365468025208,0.17594033479690552,0.6099191308021545,0.18618439137935638,0.04525661841034889,0.5435649156570435,0.084017813205719,0.8461728692054749,0.06432519108057022,0.10472998768091202,0.019746042788028717,0.14875929057598114,0.9703368544578552,0.10665776580572128,0.8316617608070374,1.3266797065734863,1.4707947969436646,0.186265766620636,0.07295186072587967
0.2631036639213562,0.5409592986106873,0.0840909406542778,0.5379713773727417,0.853701114654541,1.034916639328003,0.7969303727149963,4.726988315582275,1.5605700016021729,1.1904609203338623,0.4230940639972687,0.15316727757453918,0.9143431186676025,0.00039999998989515007,0.1535288691520691,1.1697686910629272,1.7070449590682983,3.3743324279785156,1.076448917388916,1.0546754598617554,0.24100279808044434,1.013450026512146,0.18932226300239563,0.32303646206855774,0.33471566438674927,1.5461952686309814,0.16837728023529053,0.16088250279426575,0.10092557966709137,0.06496521085500717,0.13918839395046234,0.17772485315799713,0.5951886773109436,0.8222665190696716,0.8210135698318481,1.7743539810180664,0.713361918926239,0.43322718143463135,0.45337870717048645,0.14329369366168976,0.17132128775119781,0.11567351222038269,0.2065785676240921,0.4556176960468292,0.20927771925926208,0.5433778166770935,0.3004886209964752,0.05920707806944847,0.4701277017593384,0.23354282975196838,0.738010585308075,0.2279076725244522,0.7146912217140198,1.5144068002700806,1.2710708379745483,0.3495851755142212,0.16035780310630798
0.005398969165980816,0.2698175311088562,0.040217071771621704,0.768990695476532,0.681115448474884,1.0186817646026611,0.5648317337036133,4.5535888671875,2.0278279781341553,1.3255562782287598,0.31863176822662354,0.08348134160041809,0.6693560481071472,0.00039999998989515007,0.332661896944046,1.013254165649414,1.2354809045791626,3.377023935317993,0.938057005405426,1.131982445716858,0.04961226135492325,0.8922761678695679,0.21413841843605042,0.3595844507217407,0.7103012204170227,1.403082251548767,0.3240194618701935,0.024212690070271492,0.36327674984931946,0.2682197093963623,0.29623425006866455,0.1923486739397049,0.835685670375824,0.8202371597290039,0.4596154987812042,1.8610656261444092,0.4684191346168518,0.4206780791282654,0.3177851438522339,0.20942094922065735,0.20748433470726013,0.07743752002716064,0.5135990977287292,0.44909000396728516,0.18560165166854858,1.0093128681182861,0.2667551338672638,0.02065969817340374,0.64238440990448,0.3740363121032715,0.7453288435935974,0.206447571516037,0.6751164793968201,1.807142734527588,1.2079294919967651,0.4683111906051636,0.13165399432182312
0.23525138199329376,0.6606536507606506,0.05461248755455017,0.4704771935939789,0.8131465911865234,1.079108715057373,0.6137508749961853,4.586264610290527,1.7001798152923584,1.2421634197235107,0.35848256945610046,0.12833528220653534,0.7000766396522522,0.00039999998989515007,0.2605538070201874,1.1354670524597168,1.5697358846664429,3.3463406562805176,1.1814942359924316,1.0382466316223145,0.30602869391441345,0.8375696539878845,0.1273653507232666,0.2663787603378296,0.18446040153503418,1.6247971057891846,0.12060491740703583,0.020255500450730324,0.2960710823535919,0.08317593485116959,0.20976315438747406,0.033875722438097,0.7226954698562622,0.7932029366493225,0.8737052083015442,1.7241564989089966,0.5862082242965698,0.3950337767601013,0.38457924127578735,0.18592001497745514,0.18363870680332184,0.12788884341716766,0.2690950930118561,0.5013278722763062,0.04253755882382393,0.6505959033966064,0.17733979225158691,0.08742129802703857,0.34541162848472595,0.14712029695510864,0.6826346516609192,0.10199329257011414,0.9253410696983337,1.8367912769317627,1.4639034271240234,0.5032291412353516,0.02005062811076641
0.07877864688634872,0.3191990554332733,0.19683702290058136,0.6241724491119385,0.5933167338371277,0.8928850889205933,0.6663753986358643,4.970796585083008,1.5945945978164673,1.2549723386764526,0.4226134717464447,0.012761118821799755,0.7266541719436646,0.00039999998989515007,0.022783979773521423,1.2167147397994995,1.6926482915878296,3.103573799133301,1.1783215999603271,0.9754050374031067,0.23884384334087372,1.0164090394973755,0.05957356095314026,0.3506103456020355,0.5197157859802246,1.8106778860092163,0.14977549016475677,0.24329757690429688,0.41475212574005127,0.28475797176361084,0.21341252326965332,0.20636215806007385,0.6425908803939819,0.7723835706710815,0.5411167144775391,1.755106806755066,0.6386772394180298,0.3598942458629608,0.2880001962184906,0.12041585892438889,0.3285005986690521,0.12517903745174408,0.4232521057128906,0.5140867233276367,0.04727499186992645,0.6831002831459045,0.33330774307250977,0.12584573030471802,0.31902942061424255,0.2749834358692169,0.8470638990402222,0.24120104312896729,0.7478997111320496,1.5321019887924194,1.1789993047714233,0.3310866057872772,0.2324695736169815
0.1655810922384262,0.2145366221666336,0.0619933046400547,0.6732308268547058,0.8151224851608276,1.424743890762329,1.3073469400405884,4.96304988861084,0.543719470500946,0.8270953893661499,0.3641209304332733,0.16718453168869019,0.7109739184379578,0.00039999998989515007,0.15761151909828186,2.0111918449401855,2.115504264831543,2.7230608463287354,1.3767117261886597,1.0667259693145752,0.2924598455429077,0.9102659821510315,0.19304968416690826,0.23436443507671356,0.0426979660987854,2.254610061645508,0.1683361530303955,0.16185587644577026,0.16717304289340973,0.06671010702848434,0.6408249735832214,0.22332508862018585,0.5498380064964294,0.7108556628227234,0.6064774394035339,1.8558025360107422,0.8973601460456848,0.5506648421287537,0.45305880904197693,0.496234267950058,0.3409477770328522,0.030568208545446396,0.25788676738739014,0.28595271706581116,0.6679664850234985,0.0723024532198906,0.4466229975223541,0.20855969190597534,0.15974009037017822,0.20257537066936493,0.5552167892456055,0.0119663430377841,0.2748061418533325,0.8086174726486206,0.7261170744895935,0.40046414732933044,0.08679144829511642
0.003987086936831474,0.40083515644073486,0.15294234454631805,0.6165794730186462,0.6164907217025757,0.889908492565155,0.6191827654838562,4.912764072418213,1.5520185232162476,1.2452439069747925,0.4642987847328186,0.018405070528388023,0.7545456290245056,0.00039999998989515007,0.011058836244046688,1.2323895692825317,1.7432420253753662,3.1420888900756836,1.1961510181427002,1.0043989419937134,0.27220389246940613,1.009682297706604,0.1239403709769249,0.35311785340309143,0.47792813181877136,1.7534122467041016,0.10460599511861801,0.19154450297355652,0.3895111680030823,0.30455201864242554,0.20606400072574615,0.18831533193588257,0.613326907157898,0.7533326745033264,0.6349998116493225,1.776845097541809,0.6851773858070374,0.37750646471977234,0.2854912579059601,0.10888715833425522,0.316602498292923,0.08114160597324371,0.4239272177219391,0.4972975254058838,0.050154224038124084,0.7315597534179688,0.2893722355365753,0.09871111065149307,0.3095089793205261,0.3070903420448303,0.8545994162559509,0.1711769998073578,0.7954202890396118,1.5578079223632812,1.147655963897705,0.34763672947883606,0.1727907359600067
0.08663450181484222,0.03555295988917351,0.6333967447280884,0.9569257497787476,0.5498898029327393,0.9790947437286377,0.5753249526023865,4.845645904541016,1.6792094707489014,1.6162606477737427,0.736652672290802,0.18332764506340027,1.191312551498413,0.00039999998989515007,0.5956013798713684,1.4570962190628052,1.5002694129943848,3.1236419677734375,0.9478524327278137,0.480802983045578,0.10582161694765091,0.766452431678772,0.32642149925231934,0.9407640099525452,0.8462507724761963,1.1981501579284668,0.18709486722946167,0.09070689976215363,0.6113479137420654,0.34077009558677673,0.2381591945886612,0.4299832880496979,0.2722924053668976,0.6259274482727051,0.353699266910553,1.6203951835632324,1.1496033668518066,0.06839816272258759,0.3842287063598633,0.05232769250869751,0.32758817076683044,0.22152769565582275,0.48535165190696716,0.5282866954803467,0.00521031254902482,0.9528454542160034,0.1424347162246704,0.0845838114619255,0.29935264587402344,0.8671291470527649,0.6809848546981812,0.19004595279693604,0.4814521372318268,1.3210537433624268,0.9199510216712952,0.1560400426387787,0.15311916172504425
0.052035585045814514,0.18386965990066528,0.27401623129844666,0.47661256790161133,0.6683615446090698,1.0535969734191895,0.960731029510498,4.817142009735107,1.6131951808929443,1.1343882083892822,0.28464844822883606,0.10415153950452805,0.799629807472229,0.00039999998989515007,0.1958184540271759,1.186705470085144,1.7771248817443848,3.0417134761810303,0.9655002951622009,1.0395249128341675,0.38280966877937317,0.815273106098175,0.17939884960651398,0.5363361835479736,0.4134855568408966,1.797683835029602,0.10608837753534317,0.2013244777917862,0.4727233350276947,0.2906494438648224,0.09368708729743958,0.14576344192028046,0.8020517826080322,0.9661864638328552,0.6672866344451904,1.7422261238098145,0.5838679671287537,0.29394039511680603,0.17689095437526703,0.162484273314476,0.44614967703819275,0.12165886908769608,0.36653128266334534,0.3378957211971283,0.0018969118827953935,0.625461757183075,0.09760385751724243,0.019528204575181007,0.4556832015514374,0.4320376217365265,0.969557523727417,0.3756304681301117,0.606659471988678,1.624932050704956,1.39218270778656,0.27360376715660095,0.28698354959487915
0.2179269790649414,0.4511016011238098,0.08035552501678467,0.5222078561782837,0.5709614157676697,1.0348820686340332,0.5346635580062866,4.909055233001709,1.525705337524414,1.3144476413726807,0.4159172773361206,0.019202876836061478,0.7169148921966553,0.00039999998989515007,0.06234687566757202,1.3284809589385986,1.9961344003677368,3.0934715270996094,1.2048826217651367,1.0120561122894287,0.4209519326686859,0.9431599974632263,0.05233414098620415,0.47386273741722107,0.39599609375,1.5648748874664307,0.06014351174235344,0.19288760423660278,0.4219125807285309,0.3506198823451996,0.10868528485298157,0.12529973685741425,0.6206674575805664,0.8252027034759521,0.7509381771087646,1.7173714637756348,0.6277463436126709,0.3586607575416565,0.22832152247428894,0.2034832388162613,0.43434590101242065,0.1790386587381363,0.4023575782775879,0.45124197006225586,0.0495380200445652,0.8244197368621826,0.19020621478557587,0.05379127338528633,0.398099422454834,0.5695308446884155,0.7968845367431641,0.04086778312921524,0.7794834971427917,1.5496104955673218,1.0486129522323608,0.23459570109844208,0.13104139268398285
0.08682409673929214,0.393769234418869,0.1141790971159935,0.6353070139884949,0.6826664805412292,0.9799076318740845,0.6075946688652039,4.949228286743164,1.4810221195220947,1.2720392942428589,0.4774773418903351,0.0852862149477005,0.8209308385848999,0.00039999998989515007,0.048138752579689026,1.2552614212036133,1.8478002548217773,3.11610746383667,1.185408592224121,0.9705361127853394,0.2896974980831146,1.0338245630264282,0.1050771027803421,0.4168339967727661,0.4670521318912506,1.6909019947052002,0.14654454588890076,0.12606604397296906,0.3413739502429962,0.3025195300579071,0.2244575321674347,0.20055466890335083,0.5645360946655273,0.8218645453453064,0.6481348276138306,1.7589491605758667,0.7385424375534058,0.3552502691745758,0.34147390723228455,0.13429003953933716,0.35698360204696655,0.04551596939563751,0.38914480805397034,0.5072571635246277,0.14382117986679077,0.6708204746246338,0.27539297938346863,0.057458557188510895,0.3150983452796936,0.37585943937301636,0.7965558171272278,0.1373891681432724,0.7425181865692139,1.4510319232940674,1.082152247428894,0.2442246973514557,0.19506493210792542
0.3012169897556305,0.6512688994407654,0.12846018373966217,0.43323376774787903,0.673247218132019,0.9266847372055054,0.7478509545326233,4.892032623291016,1.2749943733215332,1.1992157697677612,0.5476723313331604,0.006310251075774431,1.0298948287963867,0.00039999998989515007,0.15281027555465698,1.3123981952667236,1.8912160396575928,3.183760166168213,1.2296544313430786,0.8597769141197205,0.4214544892311096,0.9717720150947571,0.20196636021137238,0.3483582139015198,0.11073438078165054,1.764796495437622,0.07872506231069565,0.03234483301639557,0.21368657052516937,0.23867733776569366,0.35224178433418274,0.1972729116678238,0.4205609858036041,0.6601649522781372,0.9616578221321106,1.6199246644973755,0.9567533135414124,0.38274508714675903,0.3597773015499115,0.043694768100976944,0.18983085453510284,0.08951322734355927,0.20228682458400726,0.49648964405059814,0.24952246248722076,0.579063355922699,0.2774190306663513,0.10115696489810944,0.17325660586357117,0.26628050208091736,0.8841081857681274,0.24432167410850525,0.7712501883506775,1.4468353986740112,1.2782002687454224,0.33509188890457153,0.0957263708114624
0.3863804042339325,0.7427870631217957,0.2663058340549469,0.4790191352367401,0.9892171025276184,1.2008776664733887,0.8578498959541321,4.681859970092773,1.3981577157974243,1.080430269241333,0.2416684776544571,0.03600585088133812,0.9131239056587219,0.00039999998989515007,0.10517948120832443,1.010059118270874,1.8466256856918335,3.2131636142730713,1.0297294855117798,1.0249769687652588,0.3105202913284302,0.9890074133872986,0.19498519599437714,0.37159454822540283,0.12679162621498108,1.5452669858932495,0.027575284242630005,0.15305086970329285,0.07443637400865555,0.14230109751224518,0.15627992153167725,0.22662660479545593,0.6848794221878052,0.9449435472488403,1.0116524696350098,1.6942850351333618,0.8551629781723022,0.456157922744751,0.45029985904693604,0.2793281674385071,0.26869460940361023,0.1601724773645401,0.04948459193110466,0.3451625406742096,0.2707120180130005,0.6545823812484741,0.10741311311721802,0.06210033968091011,0.42451468110084534,0.16565288603305817,0.9133646488189697,0.3139282166957855,0.6024975776672363,1.4349228143692017,1.430760383605957,0.20709262788295746,0.1266106218099594
0.5869331359863281,0.5155059099197388,0.5017141103744507,1.5690628290176392,0.6075742840766907,1.2206251621246338,0.8683344721794128,4.700041770935059,1.5308443307876587,1.456256628036499,0.8051071166992188,0.31442391872406006,0.6972417235374451,0.00039999998989515007,0.4308098554611206,2.0924744606018066,1.1030728816986084,3.0230064392089844,1.3859083652496338,0.9076930284500122,0.22216103971004486,0.6629242897033691,0.5607962608337402,0.6267176866531372,0.7906210422515869,1.5552995204925537,0.0014897288056090474,0.009417373687028885,0.018278002738952637,0.18717826902866364,0.1310197114944458,0.44216564297676086,0.16220994293689728,0.4481971561908722,0.14786624908447266,1.9249966144561768,1.1162707805633545,0.3857012093067169,0.5590173602104187,0.2050856351852417,0.10402803868055344,0.27040067315101624,0.5926374793052673,0.39048734307289124,0.07164952158927917,0.43878188729286194,0.3842736482620239,0.12338007241487503,0.32872724533081055,0.629205584526062,0.2344202995300293,0.3397926390171051,0.15035949647426605,0.9049524068832397,0.12641975283622742,0.0822167843580246,0.14748935401439667
0.08371085673570633,0.3829689919948578,0.16607451438903809,0.572561502456665,0.5119849443435669,1.0523960590362549,0.39112555980682373,4.9785895347595215,1.508397102355957,1.4110329151153564,0.4370966851711273,0.12486328929662704,0.6065974235534668,0.00039999998989515007,0.09084740281105042,1.2288932800292969,1.990733027458191,2.877577304840088,1.3683502674102783,0.99701327085495,0.45768335461616516,0.9619649052619934,0.040864408016204834,0.4108661115169525,0.3041613698005676,1.8015234470367432,0.038072552531957626,0.4496391713619232,0.4707880914211273,0.3503339886665344,0.3197747468948364,0.0765732079744339,0.542766273021698,0.8659583330154419,0.6769678592681885,1.6239502429962158,0.6620542407035828,0.32841551303863525,0.21834948658943176,0.3954260051250458,0.4868091642856598,0.24470242857933044,0.46236923336982727,0.5650529861450195,0.049101367592811584,0.7064076662063599,0.2449779361486435,0.06489712744951248,0.19115647673606873,0.4283946454524994,0.8440791368484497,0.0628567561507225,0.8407455682754517,1.4852277040481567,0.996162474155426,0.24511490762233734,0.09871120005846024
0.3561360538005829,0.17230461537837982,0.9035391807556152,0.4971400499343872,0.2762424945831299,1.037959098815918,0.7763636112213135,4.680850505828857,1.2819616794586182,1.5868830680847168,0.8147972822189331,0.21517640352249146,1.63731050491333,0.00039999998989515007,0.20106959342956543,1.3431105613708496,1.512759804725647,2.9627039432525635,0.5179916024208069,0.6673356294631958,0.5996894836425781,0.611666202545166,0.5453795194625854,0.7702626585960388,0.5243268609046936,1.7870362997055054,0.6491386294364929,0.06226465478539467,0.933175802230835,0.2841513752937317,0.14055217802524567,0.35666340589523315,0.2525571286678314,0.6971372961997986,0.5645940899848938,1.448258876800537,1.0324651002883911,0.13826537132263184,0.058078013360500336,0.14746522903442383,0.1648482233285904,0.09194228053092957,0.9228822588920593,0.6905698776245117,0.10667548328638077,0.7059262990951538,0.5376802086830139,0.19275473058223724,0.15351344645023346,0.8003360629081726,0.8903118371963501,0.49433138966560364,0.3621857464313507,1.4709069728851318,1.0832334756851196,0.28924962878227234,0.27847573161125183
0.15341486036777496,0.3452865481376648,0.21636360883712769,0.7501097321510315,0.7457634806632996,1.0294979810714722,0.4823526442050934,4.882074356079102,1.6820158958435059,1.418373703956604,0.4603661298751831,0.19468924403190613,0.6121132969856262,0.00039999998989515007,0.20503376424312592,1.1975996494293213,1.6405671834945679,2.9616963863372803,1.356081247329712,0.8980532288551331,0.2051243633031845,0.9557348489761353,0.022054966539144516,0.42414188385009766,0.4391951560974121,1.7640873193740845,0.10520879179239273,0.2967379689216614,0.4225420653820038,0.27768710255622864,0.3915068805217743,0.06353511661291122,0.5309028029441833,0.8673278093338013,0.49681252241134644,1.678575038909912,0.7340848445892334,0.29147934913635254,0.3940524458885193,0.4066242277622223,0.35799989104270935,0.04546423628926277,0.3529457151889801,0.5924942493438721,0.11325118690729141,0.5774683356285095,0.14595860242843628,0.009525441564619541,0.11380036920309067,0.17918139696121216,0.7281345129013062,0.06449387967586517,0.9146109819412231,1.6233985424041748,1.197166085243225,0.3488224744796753,0.024873828515410423
0.4613846242427826,0.040609851479530334,0.20030899345874786,0.7757793664932251,0.6319276094436646,1.1979140043258667,1.175703525543213,5.034146785736084,0.7842380404472351,0.8992157578468323,0.42059004306793213,0.19779151678085327,0.6738865971565247,0.00039999998989515007,0.17925456166267395,1.962809443473816,1.865612268447876,2.727266788482666,1.4089908599853516,1.134061336517334,0.20350998640060425,0.9485043883323669,0.16540366411209106,0.17772522568702698,0.2756601572036743,2.3798139095306396,0.015595161356031895,0.32929590344429016,0.00935470499098301,0.27971211075782776,0.5699587464332581,0.24461720883846283,0.5499619245529175,0.6873607635498047,0.32478654384613037,1.9115016460418701,0.7203899621963501,0.523249626159668,0.35256657004356384,0.5179648399353027,0.29484739899635315,0.16278176009655,0.42318665981292725,0.3375553786754608,0.5310724973678589,0.055805664509534836,0.5925913453102112,0.02948547527194023,0.21692465245723724,0.2118874341249466,0.5655048489570618,0.09900794178247452,0.33373066782951355,0.9212287664413452,0.673954427242279,0.24486306309700012,0.1728290319442749
0.09886469691991806,0.4184405505657196,0.10695210844278336,0.6482061147689819,0.6813076734542847,0.9762978553771973,0.5383222699165344,4.918396949768066,1.4924730062484741,1.2935937643051147,0.4729602336883545,0.08226101845502853,0.8261455297470093,0.00039999998989515007,0.056509360671043396,1.2117325067520142,1.8499934673309326,3.085925817489624,1.195475459098816,0.9957895278930664,0.2951766550540924,1.043885350227356,0.10510829091072083,0.4127616882324219,0.4614948332309723,1.6866390705108643,0.15825209021568298,0.15107184648513794,0.3314955532550812,0.36674919724464417,0.20595206320285797,0.2055618017911911,0.5589847564697266,0.8521881699562073,0.6671239137649536,1.7537682056427002,0.7406529784202576,0.35951292514801025,0.32392367720603943,0.110174760222435,0.3629174828529358,0.0673101469874382,0.39952123165130615,0.508984386920929,0.13132013380527496,0.705978274345398,0.27504265308380127,0.05349760502576828,0.3180454969406128,0.37723416090011597,0.8184855580329895,0.14418001472949982,0.7616196870803833,1.4593552350997925,1.0829724073410034,0.24561835825443268,0.18017695844173431
0.1935519576072693,0.5087254047393799,0.08256556838750839,0.5744965672492981,0.6033380627632141,0.9896995425224304,0.42049866914749146,4.846455097198486,1.5377200841903687,1.3211491107940674,0.44763457775115967,0.029291419312357903,0.7341277003288269,0.00039999998989515007,0.027793176472187042,1.2476530075073242,1.905011773109436,3.093766450881958,1.244576334953308,1.0221737623214722,0.387295126914978,0.9660506248474121,0.07165076583623886,0.41691264510154724,0.3886773884296417,1.6154062747955322,0.04906139150261879,0.21299833059310913,0.41773921251296997,0.41531798243522644,0.15143190324306488,0.11698753386735916,0.6161753535270691,0.8234940767288208,0.7560898065567017,1.7364354133605957,0.6491850018501282,0.35857900977134705,0.24900859594345093,0.21527978777885437,0.40083441138267517,0.13114525377750397,0.430936336517334,0.4927549958229065,0.04254290089011192,0.8362002372741699,0.21156571805477142,0.04339342564344406,0.3424232006072998,0.47909536957740784,0.7965695858001709,0.03590460494160652,0.8480736613273621,1.5841588973999023,1.0852580070495605,0.28207927942276,0.09835868328809738
0.37006860971450806,0.12015024572610855,0.8209279179573059,0.434949666261673,0.32576996088027954,0.02237696573138237,0.5475233197212219,4.877420425415039,1.6860005855560303,1.1899280548095703,0.8912214636802673,0.36984631419181824,0.5926101803779602,0.00039999998989515007,0.8408723473548889,1.061919093132019,2.180253744125366,2.6145899295806885,1.5661112070083618,0.7944028973579407,0.4200836718082428,1.0644935369491577,0.19817334413528442,0.549662709236145,0.5026420950889587,1.4317313432693481,0.22263963520526886,0.42753466963768005,0.6363266110420227,0.5867471694946289,0.5948683619499207,0.031528014689683914,0.07650554180145264,0.7367177605628967,0.6885240077972412,1.4447989463806152,0.8009655475616455,0.1017046794295311,0.07841087132692337,0.3050484359264374,0.5320884585380554,0.1198183000087738,0.09693016111850739,0.37767741084098816,0.11640018969774246,0.2569573223590851,0.3076925277709961,0.4892089068889618,0.032611701637506485,0.596258819103241,1.1727405786514282,0.011117077432572842,1.334684133529663,1.4166042804718018,0.9183526039123535,0.79054856300354,0.3321894705295563
0.312322199344635,0.7189643383026123,0.04543285816907883,0.45485806465148926,0.6487637162208557,0.8380178213119507,0.5603570938110352,4.892670631408691,1.1663806438446045,1.1732134819030762,0.5933846235275269,0.07935339212417603,0.965214729309082,0.00039999998989515007,0.1342822015285492,1.3262968063354492,2.017552375793457,3.1192052364349365,1.3182439804077148,0.9380564093589783,0.42209136486053467,1.0853276252746582,0.16271907091140747,0.2582687735557556,0.1593804508447647,1.7595199346542358,0.02740665338933468,0.08031600713729858,0.20322468876838684,0.3651587665081024,0.4206463694572449,0.17638526856899261,0.4049971401691437,0.6581186652183533,0.9578612446784973,1.6746946573257446,0.8892735838890076,0.4409056305885315,0.33977213501930237,0.09334829449653625,0.22194144129753113,0.00729852681979537,0.278629869222641,0.5266464948654175,0.3184872567653656,0.6116148829460144,0.3353133499622345,0.09916739165782928,0.15935611724853516,0.285065233707428,0.8382689952850342,0.1338970959186554,0.8709278702735901,1.398719310760498,1.1029636859893799,0.3011949062347412,0.09359379857778549
0.0823330506682396,0.3276646137237549,0.20938777923583984,0.6719008088111877,0.6126924157142639,0.8715494275093079,0.5520793795585632,4.923372745513916,1.5900568962097168,1.2635517120361328,0.43241995573043823,0.03641972318291664,0.7610056400299072,0.00039999998989515007,0.02015744149684906,1.1630240678787231,1.703468680381775,3.0577943325042725,1.193398356437683,1.0124257802963257,0.23954586684703827,1.0337474346160889,0.08399296551942825,0.3652714490890503,0.5268165469169617,1.8001141548156738,0.16942062973976135,0.2559114098548889,0.39959484338760376,0.4283897280693054,0.1996827870607376,0.21596932411193848,0.6251842975616455,0.8367745876312256,0.5498589277267456,1.7672792673110962,0.6530658006668091,0.35538163781166077,0.2762831151485443,0.11393453180789948,0.3489190638065338,0.13854999840259552,0.44125857949256897,0.5061907768249512,0.06083755940198898,0.7007473707199097,0.3134703040122986,0.1217414140701294,0.32111015915870667,0.3012630045413971,0.8686643838882446,0.2445719689130783,0.7666024565696716,1.5271364450454712,1.154482364654541,0.31456565856933594,0.22407034039497375
0.8360647559165955,0.23559658229351044,0.25567007064819336,1.0675008296966553,0.5091364979743958,0.7612493634223938,0.5294739603996277,5.01783561706543,1.3906277418136597,1.122198224067688,0.4892149567604065,0.40288716554641724,0.09394855052232742,0.00039999998989515007,0.32126158475875854,1.7503920793533325,1.3930234909057617,2.7435336112976074,2.065828323364258,0.8868650794029236,0.16444426774978638,1.0254662036895752,0.20296336710453033,0.034177154302597046,0.3144780397415161,2.156198263168335,0.5725204944610596,0.6172824501991272,0.021350989118218422,0.35029464960098267,0.766390860080719,0.11142963916063309,0.3659828007221222,0.3883276581764221,0.10498794168233871,1.7487518787384033,0.7098779678344727,0.3917219042778015,0.5534014701843262,0.6496068239212036,0.21341857314109802,0.02917102538049221,0.10140504688024521,0.45485052466392517,0.23794077336788177,0.1486567109823227,0.468731164932251,0.05340643227100372,0.02793881855905056,0.14789043366909027,0.43246522545814514,0.19687621295452118,0.8574992418289185,1.0542943477630615,0.728678286075592,0.15836039185523987,0.08665881305932999
0.18231603503227234,0.565183699131012,0.3313587009906769,0.6092492341995239,0.49384525418281555,0.9713563919067383,0.005434458144009113,5.063573360443115,1.8018126487731934,1.7498319149017334,0.5022482872009277,0.2792370021343231,0.7967160940170288,0.00039999998989515007,0.46616578102111816,0.8686853647232056,1.4534049034118652,2.93615984916687,1.3809008598327637,0.4330662488937378,0.2706672251224518,1.0375934839248657,0.5046815872192383,0.3415118157863617,0.31188392639160156,1.7167690992355347,0.07344336062669754,0.4443153142929077,0.5944806933403015,0.17376406490802765,0.5082204341888428,0.13937044143676758,0.29238611459732056,0.7481995224952698,0.5116477012634277,1.2040190696716309,0.7754073143005371,0.0344792939722538,0.5480895638465881,0.4509972929954529,0.29188215732574463,0.01203497126698494,0.17396600544452667,0.8844934701919556,0.032128773629665375,0.521712064743042,0.5385238528251648,0.12915630638599396,0.0623905323445797,0.0036039811093360186,0.5920503735542297,0.24113456904888153,0.9596639275550842,1.4197463989257812,1.4533263444900513,0.4191206395626068,0.15706269443035126
0.022662052884697914,0.3840377926826477,0.10001427680253983,0.7625130414962769,0.7653617858886719,0.9508703947067261,0.4245830774307251,4.823422908782959,1.6463576555252075,1.3333103656768799,0.4928342401981354,0.2543366849422455,0.7281345129013062,0.00039999998989515007,0.06709082424640656,1.1106997728347778,1.6885548830032349,3.1186704635620117,1.2715730667114258,1.0335359573364258,0.194144606590271,1.0450375080108643,0.10555031150579453,0.3647075891494751,0.5196349024772644,1.6749705076217651,0.1470937877893448,0.1620435267686844,0.3185076117515564,0.3266001343727112,0.24523630738258362,0.14910657703876495,0.5652771592140198,0.8967685103416443,0.5798289179801941,1.8023959398269653,0.6900631189346313,0.3332250416278839,0.38353320956230164,0.17470800876617432,0.3501773476600647,0.01183858048170805,0.40309029817581177,0.537202000617981,0.050698183476924896,0.631537675857544,0.24764400720596313,0.0440557561814785,0.309135764837265,0.2807222008705139,0.737121045589447,0.04765383526682854,0.8612883687019348,1.511819839477539,1.0878058671951294,0.3253040909767151,0.14267133176326752
0.09561535716056824,0.15518862009048462,0.07189304381608963,0.7405794858932495,0.7578903436660767,1.1201943159103394,0.6104224324226379,4.802764415740967,2.032170534133911,1.4362711906433105,0.2879992723464966,0.07491209357976913,0.7944400906562805,0.00039999998989515007,0.07783401012420654,0.8363152146339417,1.6430704593658447,3.0862603187561035,0.9213529825210571,1.0197833776474,0.24830904603004456,1.00536048412323,0.031192459166049957,0.6581346988677979,0.6250170469284058,1.3581955432891846,0.41809648275375366,0.07644210755825043,0.2554108798503876,0.2750440835952759,0.14239060878753662,0.3247435390949249,0.6268686652183533,1.1280038356781006,0.5297170877456665,1.6119743585586548,0.6406329274177551,0.29569539427757263,0.3628012537956238,0.28382813930511475,0.4453337490558624,0.11360049247741699,0.26016899943351746,0.4430123269557953,0.07911588251590729,0.7451472878456116,0.12771444022655487,0.07450217753648758,0.6033794283866882,0.4242781698703766,0.9183287620544434,0.3542533218860626,0.5005633234977722,1.481217622756958,1.2166011333465576,0.27426108717918396,0.30957210063934326
0.5005553960800171,0.3394778370857239,0.14641129970550537,0.870674729347229,0.8305889368057251,0.9499348998069763,0.9806041717529297,4.576318264007568,1.3398168087005615,0.7802882194519043,0.36119145154953003,0.37001827359199524,0.3575889468193054,0.00039999998989515007,0.4322885274887085,1.6885876655578613,1.318288803100586,3.2554054260253906,1.5910100936889648,1.3952361345291138,0.04693729430437088,0.9195692539215088,0.288662850856781,0.15823566913604736,0.15063177049160004,2.133341073989868,0.3174591064453125,0.1112193614244461,0.31169945001602173,0.20168191194534302,0.4364456236362457,0.09295139461755753,0.7031722068786621,0.5599724054336548,0.4984263777732849,2.0697240829467773,0.5294075012207031,0.699617862701416,0.492251455783844,0.1844225525856018,0.017143217846751213,0.08439647406339645,0.2159227877855301,0.26015448570251465,0.33183011412620544,0.15303076803684235,0.46902579069137573,0.037142444401979446,0.39556899666786194,0.18470484018325806,0.47699472308158875,0.026894906535744667,0.6721974611282349,1.3886090517044067,0.9530101418495178,0.26421448588371277,0.0847373902797699
0.35087940096855164,0.2553423047065735,0.09982053190469742,0.9994208216667175,0.34038054943084717,0.9951070547103882,0.3955073654651642,4.895120620727539,1.3045183420181274,1.281897783279419,0.4563167095184326,0.2502400279045105,0.20174160599708557,0.00039999998989515007,0.1515529751777649,1.705358862876892,1.5273253917694092,2.9020113945007324,1.8110700845718384,1.4003701210021973,0.058573849499225616,1.066870927810669,0.07397172600030899,0.166438490152359,0.30608269572257996,2.1257576942443848,0.010644098743796349,0.5633320212364197,0.1347380131483078,0.35175397992134094,0.2933911085128784,0.18195483088493347,0.449968159198761,0.4516672194004059,0.2360409051179886,1.9028571844100952,0.5608716011047363,0.7731639742851257,0.2905879616737366,0.11844667792320251,0.0811149924993515,0.48263853788375854,0.6399616599082947,0.5603492856025696,0.03244369849562645,0.6060156226158142,0.7888659238815308,0.08093754947185516,0.24443864822387695,0.12086141854524612,0.5448063015937805,0.348674476146698,0.6429883241653442,1.1624294519424438,0.2515380382537842,0.12833479046821594,0.197380930185318
0.0697684958577156,0.1099516898393631,0.8946977853775024,1.0288430452346802,0.17610172927379608,0.9912030100822449,0.14477990567684174,4.41131591796875,2.2443361282348633,2.1723594665527344,0.789313793182373,0.0836651474237442,0.9216430187225342,0.00039999998989515007,0.6381973028182983,0.769934356212616,0.5713306665420532,2.849156379699707,1.1217820644378662,0.5500323176383972,0.1823420524597168,0.5197265148162842,0.2530977427959442,0.5229901075363159,0.5369320511817932,1.7145179510116577,0.3554645776748657,0.5955801010131836,0.9549863338470459,0.16292312741279602,0.10912613570690155,0.1743079125881195,0.13327303528785706,0.5868037939071655,0.1184663400053978,1.225716233253479,0.9954491257667542,0.04997387155890465,0.2547784447669983,0.2631377875804901,0.06196209043264389,0.042856570333242416,0.9479613900184631,1.0361231565475464,0.8912785053253174,0.9789178967475891,0.494905024766922,0.07830250263214111,0.17463147640228271,0.3084667921066284,0.730454683303833,0.006178750190883875,0.7532473206520081,1.7813130617141724,1.0493805408477783,0.7423529624938965,0.16335949301719666
0.07865707576274872,0.5293062329292297,0.07672729343175888,0.5818081498146057,0.714358389377594,0.992584764957428,0.558631420135498,4.658972263336182,1.5704984664916992,1.191899061203003,0.24490033090114594,0.08635571599006653,0.6387588977813721,0.00039999998989515007,0.07382439821958542,0.771316409111023,1.757564902305603,2.916933059692383,1.1288762092590332,1.289466142654419,0.3852728307247162,0.971529483795166,0.3088461458683014,0.28126445412635803,0.25731542706489563,1.8686622381210327,0.1563243418931961,0.33655476570129395,0.19721701741218567,0.40182825922966003,0.1247478723526001,0.17929783463478088,0.768502950668335,1.0165537595748901,0.8286169171333313,1.7452887296676636,0.7154507040977478,0.5251865983009338,0.13288924098014832,0.24629706144332886,0.38355109095573425,0.20591983199119568,0.490497887134552,0.4241708219051361,0.19763793051242828,0.9170103669166565,0.09383358061313629,0.030733350664377213,0.2954464554786682,0.14775200188159943,1.2236618995666504,0.18091075122356415,0.7452198266983032,1.6379377841949463,1.2255563735961914,0.3894309997558594,0.08223090320825577
0.2632015645503998,0.6037306785583496,0.13733528554439545,0.5724338889122009,0.7309553027153015,1.1501444578170776,0.5460907816886902,4.9743242263793945,1.4821515083312988,1.211887001991272,0.16696611046791077,0.18635185062885284,0.8112407326698303,0.00039999998989515007,0.12193628400564194,1.1482481956481934,1.8898977041244507,3.070284605026245,1.0388720035552979,0.8944573998451233,0.24702481925487518,1.1201707124710083,0.2118309736251831,0.45246365666389465,0.4883681833744049,1.5002005100250244,0.19137945771217346,0.08643334358930588,0.212711900472641,0.45639774203300476,0.04813357815146446,0.32953551411628723,0.7617699503898621,0.92486572265625,0.6690149307250977,1.6657541990280151,0.6054026484489441,0.3587905168533325,0.406265527009964,0.07087837904691696,0.43343156576156616,0.154862642288208,0.17186293005943298,0.41239407658576965,0.3335171937942505,0.8708603978157043,0.3291670083999634,0.010218371637165546,0.5240010023117065,0.3591986894607544,0.7749518752098083,0.4241357445716858,0.5570796132087708,1.3609144687652588,1.2916542291641235,0.0012294611660763621,0.2810359001159668
0.08577629923820496,0.41325268149375916,0.11527682095766068,0.6742881536483765,0.6949355006217957,0.9367644786834717,0.47704067826271057,4.885561466217041,1.485438346862793,1.2800906896591187,0.48800456523895264,0.10143440216779709,0.830278217792511,0.00039999998989515007,0.06633741408586502,1.194319725036621,1.8688347339630127,3.067143440246582,1.1944019794464111,1.0185861587524414,0.2915472984313965,1.0589184761047363,0.12555915117263794,0.4209088683128357,0.4996669590473175,1.6619075536727905,0.1767687201499939,0.15011589229106903,0.34690725803375244,0.43272337317466736,0.20193901658058167,0.20295172929763794,0.5637922286987305,0.8773812651634216,0.6635130643844604,1.781360387802124,0.7277594208717346,0.3585529625415802,0.3136278986930847,0.1248241439461708,0.3856906592845917,0.06417970359325409,0.426838755607605,0.4989244043827057,0.1387716829776764,0.7213324308395386,0.2543971538543701,0.05283793807029724,0.32583677768707275,0.40573304891586304,0.8168772459030151,0.1243465468287468,0.7907699942588806,1.4644733667373657,1.0534087419509888,0.23852674663066864,0.18702766299247742
0.3794233202934265,0.8833516836166382,0.5168581604957581,0.3286488652229309,0.6791185140609741,0.8975452780723572,0.5545645952224731,4.651576519012451,1.0195729732513428,0.6466181874275208,0.11716082692146301,0.6206225156784058,0.729290783405304,0.00039999998989515007,0.6154833436012268,0.8272943496704102,1.9875822067260742,2.8790433406829834,0.60032719373703,1.1410640478134155,0.27128931879997253,1.3061270713806152,0.13753174245357513,0.1677468866109848,0.6380782723426819,1.5217853784561157,0.4565061926841736,0.05086394399404526,0.18229731917381287,0.8086749315261841,0.07711561769247055,0.43603411316871643,1.1901366710662842,0.9213317632675171,0.7940817475318909,1.7697771787643433,0.3072874844074249,0.6177002191543579,0.16831690073013306,0.5075369477272034,0.4602780342102051,0.4205577075481415,0.3561747670173645,0.2243751883506775,0.4876014292240143,1.2954643964767456,0.36957162618637085,0.0648331493139267,0.6681700348854065,0.19375015795230865,1.066104769706726,0.7093235850334167,0.4705430865287781,1.3833657503128052,1.3408887386322021,0.07013668119907379,0.44279301166534424
0.5505698323249817,0.05000971257686615,0.6813986301422119,0.6777352690696716,0.37901365756988525,1.1597996950149536,0.3700409531593323,4.838355541229248,1.106631875038147,1.7916074991226196,0.9168787002563477,0.02729201875627041,1.6528480052947998,0.00039999998989515007,0.5236071944236755,1.3245878219604492,1.6968166828155518,2.868441104888916,0.7519168257713318,0.5254082083702087,0.5465636849403381,0.8170413970947266,0.3462257385253906,0.7426614165306091,0.4873476028442383,1.6780893802642822,0.6820258498191833,0.05320938304066658,0.7528010010719299,0.2573104202747345,0.06088140979409218,0.41270673274993896,0.011087342165410519,0.6976215243339539,0.5689908862113953,1.366806983947754,1.2416672706604004,0.1394522488117218,0.28221017122268677,0.21285654604434967,0.19805234670639038,0.015627451241016388,0.8605074286460876,0.8714808225631714,0.07159455120563507,0.6912446022033691,0.6647095680236816,0.10825733095407486,0.032799676060676575,0.7364423871040344,0.6909139752388,0.22792008519172668,0.4220564663410187,1.1667550802230835,0.8022478818893433,0.09228375554084778,0.19177678227424622
0.4848414957523346,1.3883697986602783,0.3947751522064209,0.33233919739723206,0.33672818541526794,0.5705791711807251,0.1858149915933609,5.1936116218566895,1.1617801189422607,1.028702735900879,0.08117549866437912,0.4885791540145874,0.6148723363876343,0.00039999998989515007,0.0999784991145134,1.0161277055740356,1.9118783473968506,2.8415207862854004,1.2638064622879028,0.3702654242515564,0.12185148894786835,1.563821792602539,1.0068209171295166,0.04138393700122833,0.5130711197853088,1.3230092525482178,0.02785191498696804,0.2836841940879822,0.26600974798202515,0.7965555191040039,0.41063645482063293,0.43947285413742065,0.6954396963119507,0.39113929867744446,0.626434862613678,1.2657169103622437,0.42489948868751526,0.3394346833229065,0.5276553630828857,0.1255745142698288,0.3444564938545227,0.3897372782230377,0.15426243841648102,0.6142558455467224,0.722155749797821,1.1528178453445435,0.73912113904953,0.2596178352832794,0.2514331638813019,0.07735288143157959,0.6130077242851257,0.6812739968299866,0.7867806553840637,1.1164945363998413,1.3837261199951172,0.05637359246611595,0.3702816665172577
0.09614843875169754,0.4303775727748871,0.09964094310998917,0.6695547103881836,0.6999474167823792,0.9670478105545044,0.4836966097354889,4.903812408447266,1.4839564561843872,1.2842482328414917,0.46432530879974365,0.08465883135795593,0.835943341255188,0.00039999998989515007,0.06298910826444626,1.1860014200210571,1.8435219526290894,3.0755507946014404,1.19647216796875,1.0062416791915894,0.29150617122650146,1.0513803958892822,0.10885222256183624,0.4086225628852844,0.46106067299842834,1.690612554550171,0.16493630409240723,0.15689601004123688,0.32069122791290283,0.4152791202068329,0.2092989981174469,0.21144095063209534,0.5671284794807434,0.874358057975769,0.6701430678367615,1.7625266313552856,0.7408812046051025,0.36397555470466614,0.3275119662284851,0.10836628079414368,0.3699021637439728,0.06226959824562073,0.40586140751838684,0.5045872330665588,0.1419609785079956,0.7150868773460388,0.2747512757778168,0.04395449161529541,0.31663426756858826,0.37001511454582214,0.8177991509437561,0.1483958214521408,0.7643033862113953,1.4588931798934937,1.0845544338226318,0.22792215645313263,0.17881914973258972
0.2932054102420807,0.33670860528945923,0.17155909538269043,0.519226610660553,0.6271963715553284,1.1909431219100952,0.5151258707046509,4.930912017822266,1.5034816265106201,1.400404691696167,0.2830427885055542,0.10342338681221008,1.1816695928573608,0.00039999998989515007,0.13476064801216125,0.8805056214332581,1.4077436923980713,3.1045732498168945,0.66298508644104,0.7245550751686096,0.3087083399295807,1.033333420753479,0.16740620136260986,0.39716067910194397,0.5305103063583374,1.855140209197998,0.6352291107177734,0.11373598873615265,0.5285196900367737,0.26414668560028076,0.09274756163358688,0.37493452429771423,0.7074260115623474,0.9490723609924316,0.5010952353477478,1.484101414680481,0.6219373941421509,0.21446380019187927,0.42953187227249146,0.011629898101091385,0.2396937757730484,0.1298607587814331,0.4494299590587616,0.6897767782211304,0.2015911340713501,0.6898961663246155,0.693509042263031,0.12944716215133667,0.34452080726623535,0.13354921340942383,0.7409331202507019,0.7351878881454468,0.427070677280426,1.4381002187728882,1.5559046268463135,0.14335417747497559,0.4215519428253174
0.31485503911972046,0.24473804235458374,0.5320383310317993,0.8783336877822876,0.4084928035736084,0.8883064389228821,0.27259016036987305,4.876916408538818,1.4395450353622437,1.7203543186187744,0.854999840259552,0.10028496384620667,1.2918493747711182,0.00039999998989515007,0.7110088467597961,1.2953718900680542,1.6485683917999268,2.9979593753814697,1.086698055267334,0.6347968578338623,0.30826446413993835,0.9132695198059082,0.38810446858406067,0.7006403803825378,0.5875695943832397,1.4403961896896362,0.3367288410663605,0.07907789200544357,0.5034607648849487,0.436940997838974,0.061327122151851654,0.440525621175766,0.062143102288246155,0.5822519659996033,0.5504754185676575,1.5210464000701904,1.2715363502502441,0.2481817752122879,0.2949596345424652,0.11037538945674896,0.20443615317344666,0.0315110869705677,0.6605771780014038,0.7127634286880493,0.042359478771686554,0.9903266429901123,0.3736113905906677,0.14361333847045898,0.0752098336815834,0.7197865843772888,0.8458681106567383,0.09248927235603333,0.5967947244644165,1.2706695795059204,0.7190355062484741,0.25366097688674927,0.050026118755340576
0.1944907307624817,0.23655885457992554,0.09630598872900009,0.6951949000358582,0.842191755771637,1.3505940437316895,0.41566169261932373,4.7334465980529785,1.551990032196045,1.5150930881500244,0.4006158113479614,0.32624709606170654,0.9582550525665283,0.00039999998989515007,0.01973690278828144,0.7489905953407288,1.5824030637741089,2.923673152923584,0.9298095703125,1.0437610149383545,0.39535626769065857,0.9284322261810303,0.14677001535892487,0.4114667773246765,0.35651540756225586,1.9499351978302002,0.5298910140991211,0.2446417361497879,0.42267176508903503,0.09621705114841461,0.2682274878025055,0.15719740092754364,0.5896639227867126,1.183731198310852,0.6143947839736938,1.6206563711166382,0.7663320302963257,0.2806095778942108,0.35732364654541016,0.1886570155620575,0.3776533007621765,0.00986733753234148,0.6305252313613892,0.7137818932533264,0.11787623912096024,0.5300441384315491,0.3970273435115814,0.07824289798736572,0.16438888013362885,0.12394040822982788,0.8212376236915588,0.15057559311389923,0.6309226751327515,1.478803038597107,1.2397167682647705,0.22980232536792755,0.19445225596427917
0.18236249685287476,0.6107417941093445,0.06400571763515472,0.6150386929512024,0.8523150682449341,1.1196949481964111,0.5932148694992065,4.853743553161621,1.315380573272705,1.1489111185073853,0.30418261885643005,0.07658562064170837,0.8309173583984375,0.00039999998989515007,0.10078955441713333,1.0923699140548706,1.9829707145690918,2.952220916748047,1.149989366531372,0.9766504168510437,0.343787282705307,1.0322924852371216,0.1234922856092453,0.4578742980957031,0.2955266833305359,1.7151321172714233,0.012939912267029285,0.1433611959218979,0.18339771032333374,0.43492501974105835,0.2615581750869751,0.2536815404891968,0.670171856880188,0.9637205004692078,0.8499471545219421,1.7235827445983887,0.8752264380455017,0.3742994964122772,0.3548576235771179,0.03792465478181839,0.4718710482120514,0.0349801667034626,0.25363850593566895,0.38957479596138,0.22403967380523682,0.7924712300300598,0.08941971510648727,0.06499777734279633,0.2631056308746338,0.28434035181999207,0.9778895378112793,0.2155667096376419,0.6763851046562195,1.3905843496322632,1.2556251287460327,0.08182398974895477,0.15318801999092102
0.051397912204265594,0.3889293372631073,0.1724606305360794,0.6940805315971375,0.7449560761451721,0.8784075975418091,0.6064366102218628,4.887962341308594,1.4928674697875977,1.2057026624679565,0.49787965416908264,0.11871173977851868,0.8377639651298523,0.00039999998989515007,0.11845309287309647,1.208505630493164,1.7489726543426514,3.102543592453003,1.247753381729126,0.9972860217094421,0.22945532202720642,1.0302255153656006,0.1913895606994629,0.3705601990222931,0.4253431260585785,1.779646873474121,0.06645406782627106,0.14122408628463745,0.2658443748950958,0.3923543095588684,0.29206863045692444,0.20607386529445648,0.5424646735191345,0.8378580808639526,0.655012845993042,1.7903236150741577,0.7957631945610046,0.361331969499588,0.3559620678424835,0.10752430558204651,0.31689977645874023,0.02664370648562908,0.3365389406681061,0.46729332208633423,0.15958519279956818,0.587683916091919,0.233006089925766,0.10119893401861191,0.27315524220466614,0.2744137942790985,0.8452108502388,0.19405719637870789,0.7838055491447449,1.4667706489562988,1.1530383825302124,0.2935905158519745,0.17900988459587097
0.3919467329978943,0.38090670108795166,0.2108878344297409,0.4582430422306061,0.602566123008728,1.2026046514511108,0.30824047327041626,4.69406270980835,1.5702763795852661,1.512925386428833,0.49330535531044006,0.2306966930627823,0.9703958034515381,0.00039999998989515007,0.20051252841949463,1.069159984588623,1.6814496517181396,3.1227426528930664,1.0086127519607544,0.9836050868034363,0.5499757528305054,0.8073195815086365,0.06452961266040802,0.3978748917579651,0.2595173120498657,1.7937990427017212,0.31707751750946045,0.22377945482730865,0.6471090316772461,0.2060718834400177,0.1912514865398407,0.004640350118279457,0.588934600353241,0.951872706413269,0.7816670536994934,1.591712236404419,0.5774097442626953,0.25087010860443115,0.25301146507263184,0.4509432315826416,0.3126295208930969,0.10131669789552689,0.6290133595466614,0.6953286528587341,0.09071731567382812,0.6316635608673096,0.43125832080841064,0.10236053913831711,0.25443896651268005,0.39410388469696045,0.6484526991844177,0.08196467161178589,0.8227214217185974,1.7104942798614502,1.2683736085891724,0.3547569513320923,0.11688967049121857
0.09407876431941986,0.1660013049840927,0.25993573665618896,0.5800907611846924,0.9391953945159912,1.1447745561599731,1.1029906272888184,4.92068338394165,0.926273763179779,1.0137619972229004,0.5202255249023438,0.06519916653633118,1.2379356622695923,0.00039999998989515007,0.15865135192871094,1.501022219657898,2.2418768405914307,2.8279402256011963,0.9276959896087646,0.8416030406951904,0.3629966676235199,0.990574061870575,0.2884281277656555,0.7096428275108337,0.41249880194664,1.6682329177856445,0.18665368854999542,0.13206928968429565,0.17911109328269958,0.33364632725715637,0.34842246770858765,0.323079913854599,0.4338013231754303,1.0102778673171997,0.7302871346473694,1.7495791912078857,1.020801305770874,0.24518302083015442,0.40807104110717773,0.21970897912979126,0.5104078054428101,0.16400717198848724,0.17013391852378845,0.27089110016822815,0.5807459354400635,0.2679224908351898,0.15982961654663086,0.023773010820150375,0.33633169531822205,0.5914387702941895,0.8228701949119568,0.38713178038597107,0.3563627302646637,1.0137403011322021,1.037196397781372,0.21314013004302979,0.37768998742103577
0.40249180793762207,0.8188548684120178,0.46586236357688904,0.5490065217018127,0.6070628762245178,0.7943975925445557,0.15679100155830383,4.879856109619141,1.0755724906921387,0.9469313025474548,0.20555199682712555,0.21182279288768768,0.7722957730293274,0.00039999998989515007,0.4013727009296417,1.0131295919418335,1.962312936782837,3.051560640335083,0.8361073732376099,1.0654369592666626,0.15544575452804565,1.4827957153320312,0.25616493821144104,0.09667074680328369,0.8349432945251465,1.4331690073013306,0.6387240886688232,0.002476448891684413,0.23768071830272675,0.7243847846984863,0.046798236668109894,0.4293055534362793,0.8576516509056091,0.7848380208015442,0.5875478386878967,1.8084086179733276,0.3439232110977173,0.5911967754364014,0.34195423126220703,0.31267938017845154,0.354649156332016,0.38651058077812195,0.4919663965702057,0.4952858090400696,0.5509064197540283,1.1464663743972778,0.6873194575309753,0.16004738211631775,0.5649694204330444,0.24204054474830627,0.7069701552391052,0.40150800347328186,0.6475774049758911,1.262407660484314,0.9280535578727722,0.03529512882232666,0.41185393929481506
0.09071429818868637,0.43377476930618286,0.09478355199098587,0.6700147390365601,0.7000270485877991,0.9553747773170471,0.47341951727867126,4.90869140625,1.4844262599945068,1.2756940126419067,0.4654139280319214,0.07887813448905945,0.8351740837097168,0.00039999998989515007,0.06275849044322968,1.1931873559951782,1.839268684387207,3.0896663665771484,1.2004798650741577,0.9983007907867432,0.28286266326904297,1.0553069114685059,0.10277193039655685,0.4040989279747009,0.46075260639190674,1.6877267360687256,0.15839922428131104,0.15821301937103271,0.3212184011936188,0.41787999868392944,0.2182965874671936,0.21401742100715637,0.5680401921272278,0.8701446056365967,0.6694803237915039,1.7632266283035278,0.7350854873657227,0.3645872473716736,0.32973024249076843,0.11416438221931458,0.37145760655403137,0.0690670982003212,0.39508169889450073,0.5021114349365234,0.15210464596748352,0.7107724547386169,0.27779072523117065,0.04363303631544113,0.31749799847602844,0.36905890703201294,0.8096771240234375,0.1512344777584076,0.7673578858375549,1.4581645727157593,1.0874181985855103,0.22180937230587006,0.18129590153694153
0.5901873111724854,0.8129875659942627,0.05253935605287552,0.2358756810426712,0.932052493095398,1.0477170944213867,0.5488008260726929,4.749556064605713,1.0501065254211426,1.250135898590088,0.5898662805557251,0.13091744482517242,1.270651936531067,0.00039999998989515007,0.49717220664024353,1.1821483373641968,2.0385243892669678,3.184987783432007,0.9371814727783203,0.8721516132354736,0.37992429733276367,1.0765219926834106,0.019617360085248947,0.20582012832164764,0.14318758249282837,1.5850967168807983,0.31393131613731384,0.11813072860240936,0.2475658804178238,0.009748302400112152,0.4908369183540344,0.048433560878038406,0.4538859724998474,0.8348484039306641,0.919172465801239,1.668748140335083,0.6811691522598267,0.3368217647075653,0.4309840500354767,0.2897651195526123,0.24474415183067322,0.05559343099594116,0.18228307366371155,0.5861997008323669,0.26702311635017395,0.4256519377231598,0.8686665296554565,0.1706964373588562,0.34890982508659363,0.23368877172470093,0.6241050362586975,0.5083315372467041,0.5223526358604431,1.459881067276001,1.2157734632492065,0.0856180340051651,0.13565123081207275
0.6121044754981995,0.5507984161376953,0.39455631375312805,0.803577184677124,0.4144398272037506,1.1608117818832397,0.1048756018280983,5.042969703674316,1.3787755966186523,1.7598628997802734,0.6736383438110352,0.3695017099380493,1.3342396020889282,0.00039999998989515007,0.7325080037117004,1.32632577419281,1.8770033121109009,2.7465970516204834,0.9987998604774475,0.2649064362049103,0.42244279384613037,0.8744677901268005,0.023414865136146545,1.0145820379257202,0.5722758173942566,1.158963918685913,0.1296515166759491,0.12552930414676666,0.72282475233078,0.4967592656612396,0.04777244105935097,0.4130881428718567,0.2714671194553375,0.6288405656814575,0.5241271257400513,1.362630009651184,1.1659188270568848,0.00424245884642005,0.32269349694252014,0.17157816886901855,0.5070379376411438,0.008261274546384811,0.5393829345703125,0.798963725566864,0.07526636123657227,1.1601827144622803,0.31970566511154175,0.10399804264307022,0.044951993972063065,0.7945403456687927,0.5792575478553772,0.16450008749961853,0.3363754153251648,1.2144432067871094,0.8575520515441895,0.2810607850551605,0.13528786599636078
0.22291941940784454,0.4762234091758728,0.043184734880924225,0.5203936100006104,0.39121702313423157,0.8540337085723877,0.2454969882965088,4.8756914138793945,1.9077346324920654,1.4600428342819214,0.3330879807472229,0.09786369651556015,0.644274890422821,0.00039999998989515007,0.10639538615942001,0.9484358429908752,1.7242696285247803,3.108179807662964,1.1607491970062256,1.1566362380981445,0.33861100673675537,1.0991050004959106,0.08248650282621384,0.3347015082836151,0.4343046247959137,1.502185583114624,0.2963779866695404,0.354765385389328,0.3096289336681366,0.4377453923225403,0.05767595395445824,0.1877865344285965,0.6411206722259521,0.8514426946640015,0.5989669561386108,1.6096441745758057,0.43265199661254883,0.46193987131118774,0.16000638902187347,0.25448963046073914,0.2578360140323639,0.5051063895225525,0.4376165568828583,0.5972661375999451,0.2009437531232834,0.9408960938453674,0.4027467370033264,0.0845714807510376,0.4831683039665222,0.38719749450683594,0.9219019412994385,0.25488781929016113,0.7340042591094971,1.6413559913635254,1.0708593130111694,0.41762563586235046,0.19187967479228973
0.08415594696998596,0.41326600313186646,0.0502246655523777,0.7934972047805786,0.7796308994293213,1.0735300779342651,0.34474486112594604,4.86299991607666,1.5553191900253296,1.340164065361023,0.3741508722305298,0.10922656953334808,0.7073280811309814,0.00039999998989515007,0.08891138434410095,0.958250880241394,1.8414536714553833,2.9619569778442383,1.16453218460083,1.1011041402816772,0.24923209846019745,1.099076509475708,0.11263604462146759,0.43008148670196533,0.5523151159286499,1.6347522735595703,0.2869533896446228,0.2148093581199646,0.2564738988876343,0.4134746491909027,0.14383098483085632,0.2373194843530655,0.6302659511566162,1.0232653617858887,0.6040202975273132,1.7844295501708984,0.7372151017189026,0.3940351605415344,0.3218117356300354,0.02226073108613491,0.4683322310447693,0.10390301048755646,0.4786941111087799,0.51012122631073,0.010569374077022076,0.8514934778213501,0.19692620635032654,0.03131340444087982,0.33061113953590393,0.33538317680358887,0.8899179100990295,0.039306893944740295,0.7212436199188232,1.4140565395355225,0.9744743704795837,0.16723568737506866,0.1589125394821167
0.06690967082977295,0.1990378201007843,0.235049769282341,0.6607255935668945,0.7025327682495117,1.056042194366455,0.6783159971237183,4.932971000671387,1.6341586112976074,1.3457976579666138,0.40790483355522156,0.01888415589928627,0.9304543137550354,0.00039999998989515007,0.10863174498081207,1.1453421115875244,1.8224831819534302,3.0433993339538574,1.0436513423919678,0.9666702151298523,0.31147825717926025,0.9697842001914978,0.13964106142520905,0.602509081363678,0.5080526471138,1.5970628261566162,0.26759403944015503,0.11727705597877502,0.3327769339084625,0.36244577169418335,0.053777262568473816,0.26907867193222046,0.5516985058784485,0.9957171082496643,0.5996624231338501,1.6920137405395508,0.7640990018844604,0.290662556886673,0.30520203709602356,0.009644030593335629,0.42030394077301025,0.0915936753153801,0.34051650762557983,0.4426417052745819,0.07832609117031097,0.6441516280174255,0.19288791716098785,0.06869154423475266,0.43153852224349976,0.514155387878418,0.8923433423042297,0.2931622564792633,0.5774720907211304,1.4220788478851318,1.1365926265716553,0.1813269704580307,0.2799668312072754
0.027049139142036438,0.08957639336585999,0.7661036252975464,0.2013014554977417,0.3864041864871979,0.7427501678466797,0.5760671496391296,4.590732574462891,1.585544466972351,1.383712649345398,0.7224944829940796,0.5039403438568115,0.7782914638519287,0.00039999998989515007,0.18527598679065704,1.0204311609268188,2.148509979248047,2.5994160175323486,1.1901535987854004,1.0584368705749512,0.8700922131538391,0.6460393071174622,0.3090975880622864,0.6033998727798462,0.10955093801021576,1.8366519212722778,0.0837637260556221,0.5302664637565613,0.8995250463485718,0.27053138613700867,0.4983399212360382,0.27306342124938965,0.33236488699913025,1.099910855293274,0.8863169550895691,1.4113996028900146,0.5760875940322876,0.09082406759262085,0.08179493993520737,0.7821321487426758,0.5902532935142517,0.24058496952056885,0.5483493804931641,0.5139570236206055,0.37223020195961,0.13408015668392181,0.12240536510944366,0.03953450545668602,0.06952888518571854,0.6947165727615356,1.0178674459457397,0.14027337729930878,1.090651035308838,1.683741569519043,1.0767674446105957,0.619372546672821,0.231078639626503
0.37532544136047363,0.7322936654090881,0.03180382773280144,0.41596096754074097,0.6364163160324097,0.8013173341751099,0.5385012626647949,4.885969638824463,1.096277117729187,1.1313698291778564,0.6034499406814575,0.04309966042637825,1.02354097366333,0.00039999998989515007,0.12907056510448456,1.3327069282531738,2.0989625453948975,3.1083381175994873,1.2766557931900024,0.9628915786743164,0.46299251914024353,1.1073498725891113,0.19768410921096802,0.26949214935302734,0.15414740145206451,1.7201966047286987,0.0141148017719388,0.05026625469326973,0.18847797811031342,0.43658119440078735,0.3991878926753998,0.19339008629322052,0.3888586759567261,0.6653489470481873,1.0088465213775635,1.67490553855896,0.8949833512306213,0.46633782982826233,0.3138981759548187,0.039113257080316544,0.23011519014835358,0.024751614779233932,0.2860545814037323,0.5007100701332092,0.36286818981170654,0.6385922431945801,0.3325479030609131,0.11210104078054428,0.1856442540884018,0.34886470437049866,0.8648637533187866,0.1508946418762207,0.8517102003097534,1.3798398971557617,1.053186058998108,0.2679060399532318,0.11733917891979218
0.565464198589325,0.5589091181755066,0.2621845006942749,0.08699830621480942,0.6207202672958374,0.660945475101471,0.6558364033699036,4.899774551391602,0.9788495898246765,0.755496084690094,0.29179614782333374,0.025920793414115906,0.8838852047920227,0.00039999998989515007,0.3738691508769989,1.1004307270050049,2.7180986404418945,2.876612424850464,0.7259499430656433,1.1060123443603516,0.5388550758361816,1.443213939666748,0.21671345829963684,0.41569605469703674,0.6747598052024841,1.0554187297821045,0.5993434190750122,0.17682527005672455,0.2641322612762451,0.6721401810646057,0.1344037652015686,0.21799929440021515,0.7018835544586182,1.0764758586883545,0.9214721322059631,1.640128493309021,0.2292708158493042,0.43575426936149597,0.20767971873283386,0.19736967980861664,0.6087042093276978,0.451803982257843,0.09194467961788177,0.20624291896820068,0.7203617095947266,0.577637255191803,0.24155177175998688,0.218623548746109,0.789376437664032,0.7507901787757874,0.8201119899749756,0.3953888416290283,0.7109964489936829,1.1051905155181885,0.895139753818512,0.03816573694348335,0.6814037561416626
0.010852236300706863,0.28094959259033203,0.27994638681411743,0.6390471458435059,0.6504074931144714,0.8718617558479309,0.27245640754699707,4.606689453125,2.0119786262512207,1.4526630640029907,0.5026056170463562,0.38993439078330994,0.860591471195221,0.00039999998989515007,0.07421362400054932,0.6917645335197449,1.0835027694702148,3.2488276958465576,0.9835029244422913,0.9393293261528015,0.28432974219322205,0.8997665643692017,0.03525792434811592,0.22606389224529266,0.4113682806491852,1.9110163450241089,0.36138808727264404,0.23993133008480072,0.5794298052787781,0.14445079863071442,0.2848207652568817,0.09550134092569351,0.5938202142715454,0.8795549869537354,0.5408671498298645,1.5484566688537598,0.5153324007987976,0.25105467438697815,0.38762253522872925,0.20764924585819244,0.11896080523729324,0.0430525578558445,0.5355558395385742,0.7748913764953613,0.2299305647611618,0.4831468164920807,0.5080731511116028,0.1891252100467682,0.20301538705825806,0.12453645467758179,0.6940343976020813,0.3297027051448822,0.8633117079734802,1.8519957065582275,1.5365620851516724,0.7061387300491333,0.20673395693302155
0.3582547605037689,0.841593861579895,0.4804828464984894,0.5898930430412292,0.6388521790504456,0.7716344594955444,0.12168731540441513,4.879622459411621,1.0818771123886108,0.9287211894989014,0.2118370532989502,0.1604316234588623,0.7512694597244263,0.00039999998989515007,0.4006868302822113,0.9943211674690247,1.908658504486084,3.0652973651885986,0.8641704320907593,1.0521442890167236,0.10902809351682663,1.5045737028121948,0.2872883975505829,0.06336353719234467,0.8602001070976257,1.447527289390564,0.613437294960022,0.005491441581398249,0.23447522521018982,0.7266985774040222,0.09458199143409729,0.41230055689811707,0.8696120977401733,0.7710075974464417,0.5613184571266174,1.8302626609802246,0.3317486047744751,0.5755163431167603,0.3824913799762726,0.26909855008125305,0.34283390641212463,0.33617740869522095,0.4784298539161682,0.5059372186660767,0.5740749835968018,1.1253734827041626,0.6994020342826843,0.1619018316268921,0.5493411421775818,0.1787930279970169,0.6592311263084412,0.38139745593070984,0.6924148201942444,1.2652209997177124,0.9452436566352844,0.01882578618824482,0.40606459975242615
0.08143002539873123,0.41876277327537537,0.10715169459581375,0.6764265298843384,0.709100067615509,0.9428986310958862,0.4845433831214905,4.9155731201171875,1.4613031148910522,1.2610331773757935,0.48407188057899475,0.10581080615520477,0.8441604971885681,0.00039999998989515007,0.07023020088672638,1.214030146598816,1.8539767265319824,3.0903656482696533,1.2033936977386475,1.0041470527648926,0.28063732385635376,1.0559197664260864,0.1211966872215271,0.406089723110199,0.47042980790138245,1.6873424053192139,0.15720407664775848,0.13671264052391052,0.3137642741203308,0.42070889472961426,0.23007507622241974,0.20658835768699646,0.5535531044006348,0.8640262484550476,0.6660907864570618,1.7781866788864136,0.743769645690918,0.36365535855293274,0.33802491426467896,0.1261064112186432,0.3669237792491913,0.04598052799701691,0.39896535873413086,0.49553656578063965,0.1673535704612732,0.6858634352684021,0.27416566014289856,0.05295531079173088,0.3162151575088501,0.3769433796405792,0.7950471639633179,0.1341104656457901,0.7696704864501953,1.4471403360366821,1.0597411394119263,0.22023016214370728,0.18606363236904144
0.05607921630144119,0.2661644518375397,0.20317687094211578,0.7195038199424744,0.7461715936660767,1.0776560306549072,0.47388553619384766,4.915471076965332,1.537410855293274,1.3121598958969116,0.41762644052505493,0.16890786588191986,0.7257637977600098,0.00039999998989515007,0.11295713484287262,1.1752761602401733,1.864638328552246,2.9152002334594727,1.2213741540908813,0.9611510038375854,0.3084665536880493,0.9594851136207581,0.05102180689573288,0.518585205078125,0.48152250051498413,1.760103464126587,0.09529397636651993,0.28418850898742676,0.44740423560142517,0.3952351212501526,0.3007851243019104,0.13614091277122498,0.6152064204216003,1.0060399770736694,0.5742378234863281,1.742192029953003,0.7087131142616272,0.24111516773700714,0.3262461721897125,0.40231508016586304,0.5370059609413147,0.03670969232916832,0.41163283586502075,0.4825185239315033,0.06585294008255005,0.6116174459457397,0.14006982743740082,0.04830661416053772,0.25734183192253113,0.40477219223976135,0.7897826433181763,0.06541517376899719,0.7620508670806885,1.4508808851242065,1.1127238273620605,0.14403864741325378,0.20283930003643036
0.40468987822532654,0.6381716728210449,0.10056827962398529,0.380736380815506,0.5029521584510803,1.215628743171692,0.3070555627346039,5.122937202453613,1.0282999277114868,1.344596266746521,0.388273686170578,0.0033247240353375673,0.8831681609153748,0.00039999998989515007,0.07068399339914322,1.432138442993164,2.1995463371276855,2.7762694358825684,1.2746975421905518,0.666801393032074,0.5695875883102417,1.0238590240478516,0.3689606487751007,0.4083447754383087,0.14954937994480133,1.858228087425232,0.007598404306918383,0.3866213262081146,0.508573055267334,0.4333557188510895,0.5183189511299133,0.16001583635807037,0.5072724223136902,0.7831512093544006,0.7981610894203186,1.4342840909957886,0.7141596078872681,0.2324948012828827,0.35930952429771423,0.6630141139030457,0.510360598564148,0.199863001704216,0.2971670627593994,0.6165116429328918,0.39659813046455383,0.6253687739372253,0.49530017375946045,0.11474096029996872,0.08220797777175903,0.40141013264656067,0.615249514579773,0.16236411035060883,0.715236246585846,1.2303889989852905,1.1541846990585327,0.10999231040477753,0.18698284029960632
0.07751268148422241,0.36387869715690613,0.33426427841186523,0.736674964427948,0.3550488352775574,0.5200813412666321,0.264568567276001,4.391171932220459,2.519794464111328,1.6937633752822876,0.46308937668800354,0.3445521593093872,0.6246371865272522,0.00039999998989515007,0.0033817163202911615,0.26071834564208984,0.41174399852752686,3.283673048019409,1.0226227045059204,0.7672402262687683,0.006821399088948965,0.9433727264404297,0.2575755715370178,0.00744197191670537,0.6540152430534363,1.636766791343689,0.4960847795009613,0.3800002634525299,0.7230873703956604,0.1405532956123352,0.07728853076696396,0.09535496681928635,0.536020815372467,0.6486372947692871,0.2105318158864975,1.3237417936325073,0.28796708583831787,0.19087998569011688,0.40818148851394653,0.07139979302883148,0.09582598507404327,0.12010379135608673,0.5617642402648926,0.9756818413734436,0.5819636583328247,0.7399337291717529,0.7385385036468506,0.37271565198898315,0.20320557057857513,0.3571532368659973,0.5956723093986511,0.39279040694236755,1.0558301210403442,2.001413583755493,1.577201008796692,1.067942500114441,0.1534544825553894
0.4287833571434021,0.41066765785217285,0.3686564266681671,0.19042107462882996,0.6121882200241089,0.5813753008842468,0.8143409490585327,4.77700662612915,1.022210717201233,1.091892123222351,0.8676671981811523,0.2996165156364441,1.1883893013000488,0.00039999998989515007,0.4196765422821045,1.3876932859420776,2.5743327140808105,2.911573886871338,1.2137616872787476,0.9439763426780701,0.7285439968109131,1.0044296979904175,0.4650864899158478,0.5826853513717651,0.09539452940225601,1.4317609071731567,0.013013162650167942,0.08619841188192368,0.29586419463157654,0.37694525718688965,0.4741605520248413,0.054370950907468796,0.08017788082361221,0.8206138610839844,1.1967813968658447,1.5458474159240723,1.0031218528747559,0.3168025612831116,0.17641419172286987,0.14247876405715942,0.3895438313484192,0.028355631977319717,0.15581348538398743,0.3553323447704315,0.34253963828086853,0.21176743507385254,0.06694429367780685,0.21217578649520874,0.1899682879447937,0.7902823686599731,0.9893772602081299,0.008740830235183239,0.9407697319984436,1.2549139261245728,0.8467481732368469,0.35254672169685364,0.25803714990615845
0.32367292046546936,0.6117991209030151,0.05880482494831085,0.478180468082428,0.810625433921814,1.0744529962539673,0.6155112981796265,4.885654926300049,1.250583529472351,1.1134984493255615,0.43086639046669006,0.009402858093380928,0.9076693058013916,0.00039999998989515007,0.082542784512043,1.5450763702392578,2.2151834964752197,3.0965957641601562,1.2130255699157715,0.7575693130493164,0.38512516021728516,0.953834593296051,0.03466484695672989,0.6273937225341797,0.32465940713882446,1.3502743244171143,0.20296475291252136,0.07157505303621292,0.3026975095272064,0.4475157856941223,0.26630672812461853,0.14592091739177704,0.5619851350784302,0.8463817834854126,0.9062994718551636,1.686112403869629,0.7718744874000549,0.20959672331809998,0.43639108538627625,0.41350290179252625,0.5228537917137146,0.13277922570705414,0.020876958966255188,0.2883855998516083,0.49705734848976135,0.6007989645004272,0.02017001062631607,0.10247007012367249,0.4059123992919922,0.6546163558959961,0.6072015166282654,0.13588792085647583,0.7559425830841064,1.3275662660598755,1.206503987312317,0.036126524209976196,0.1888749748468399
0.2906993627548218,0.49585244059562683,0.3157123625278473,0.849297285079956,0.6163226962089539,0.5289419293403625,0.13602283596992493,5.03895902633667,1.7867223024368286,1.3343563079833984,0.5300619006156921,0.15120583772659302,0.5482227802276611,0.00039999998989515007,0.5643019676208496,1.025265097618103,1.6071438789367676,2.956218957901001,1.5086016654968262,0.627622663974762,0.005834376439452171,1.172526240348816,0.21646936237812042,0.39063242077827454,0.6863209009170532,1.5385867357254028,0.14870643615722656,0.33880069851875305,0.45019644498825073,0.5579807162284851,0.43579649925231934,0.20835554599761963,0.43795573711395264,0.6986637711524963,0.40406349301338196,1.6046133041381836,0.769363284111023,0.1417931765317917,0.4778636693954468,0.27331170439720154,0.4302171766757965,0.06677482277154922,0.1270831674337387,0.5513859987258911,0.08904072642326355,0.7050387263298035,0.1406499743461609,0.2422783225774765,0.10635018348693848,0.16163338720798492,0.7672260403633118,0.15247119963169098,1.0655361413955688,1.420235514640808,1.2027281522750854,0.40753433108329773,0.21265631914138794
0.011478478088974953,0.24287940561771393,0.129487082362175,0.8089223504066467,0.9027588367462158,1.3000296354293823,0.4411109685897827,4.84383487701416,1.6302845478057861,1.4375165700912476,0.35555675625801086,0.19656530022621155,0.7361153364181519,0.00039999998989515007,0.20502372086048126,1.0196168422698975,1.812972068786621,2.859469413757324,1.1339898109436035,0.914987325668335,0.28173157572746277,0.9097797274589539,0.06911017745733261,0.6545512676239014,0.4945259094238281,1.6405158042907715,0.12817978858947754,0.22636570036411285,0.40339937806129456,0.2869025766849518,0.2378709614276886,0.14429713785648346,0.6151651740074158,1.1594958305358887,0.5501940250396729,1.685743808746338,0.8038992881774902,0.1963760405778885,0.4003602862358093,0.3513106107711792,0.5888803005218506,0.07893539220094681,0.38629060983657837,0.5053859949111938,0.05240814387798309,0.6438959240913391,0.012129574082791805,0.14998286962509155,0.2359926551580429,0.3874270021915436,0.7795126438140869,0.026566294953227043,0.6823633909225464,1.4408392906188965,1.1493654251098633,0.07337692379951477,0.14830222725868225
0.033759865909814835,0.2013983428478241,0.27162331342697144,0.594933807849884,0.9166503548622131,1.138551950454712,0.9083895683288574,4.864031791687012,1.3561279773712158,1.1406903266906738,0.3780779242515564,0.010937574319541454,1.0258485078811646,0.00039999998989515007,0.229185089468956,1.1230218410491943,2.045304536819458,2.835843086242676,0.9502632021903992,0.8701555132865906,0.3852154016494751,0.9027166962623596,0.2498084455728531,0.7496017813682556,0.4031302332878113,1.6727726459503174,0.11023319512605667,0.059680186212062836,0.3262668550014496,0.36605045199394226,0.25142037868499756,0.24895605444908142,0.5959317088127136,1.1443284749984741,0.7530163526535034,1.6780896186828613,0.9398945569992065,0.18819169700145721,0.32898208498954773,0.16402269899845123,0.5896969437599182,0.13397155702114105,0.20904496312141418,0.30499139428138733,0.23130781948566437,0.4858154058456421,0.09299083799123764,0.0008332354482263327,0.3079967796802521,0.4958789348602295,1.0007338523864746,0.34830230474472046,0.5336114168167114,1.3045947551727295,1.3091894388198853,0.02735130488872528,0.34152838587760925
0.31717678904533386,0.43677765130996704,0.17248721420764923,0.9918082356452942,0.7246153950691223,0.7198905348777771,0.07505624741315842,5.0310444831848145,1.8877376317977905,1.44554603099823,0.39636632800102234,0.16809429228305817,0.44820576906204224,0.00039999998989515007,0.6637784242630005,0.7056631445884705,1.5561323165893555,2.776592254638672,1.4539364576339722,0.7072972059249878,0.04431458190083504,1.1999385356903076,0.20335598289966583,0.43722593784332275,0.7119477391242981,1.5556104183197021,0.007977104745805264,0.4286424219608307,0.33536258339881897,0.47658610343933105,0.3822246491909027,0.2734359800815582,0.4695657789707184,0.9147806167602539,0.32675468921661377,1.558455467224121,0.8567372560501099,0.16807255148887634,0.4939793646335602,0.0541442409157753,0.5266730189323425,0.03445661813020706,0.1727363020181656,0.5766368508338928,0.09431303292512894,0.7907731533050537,0.06118623539805412,0.16559886932373047,0.07003627717494965,0.03661934658885002,0.9225172400474548,0.11409356445074081,0.9428058862686157,1.3330451250076294,1.1559722423553467,0.33971157670021057,0.20148347318172455
0.44023841619491577,0.5276065468788147,0.026274414733052254,0.42894747853279114,0.7141974568367004,1.3841966390609741,0.4750902056694031,4.950186252593994,1.3575716018676758,1.3332359790802002,0.17145712673664093,0.06436513364315033,1.0575295686721802,0.00039999998989515007,0.26771655678749084,1.043552279472351,1.72262704372406,3.038963556289673,0.8151864409446716,0.7745344638824463,0.40950050950050354,0.9994235634803772,0.30027490854263306,0.40852782130241394,0.3356706500053406,1.809726357460022,0.4116290211677551,0.1430489718914032,0.4530491530895233,0.2619372308254242,0.2032746970653534,0.2623656690120697,0.7605975866317749,1.0010437965393066,0.6735648512840271,1.502634048461914,0.5702426433563232,0.24597011506557465,0.4384317100048065,0.23845529556274414,0.3766957223415375,0.13376963138580322,0.3456389307975769,0.62376469373703,0.30934980511665344,0.6612083315849304,0.6062123775482178,0.059600088745355606,0.3555031716823578,0.1997300535440445,0.6373091340065002,0.5379108786582947,0.474404513835907,1.4082417488098145,1.509307861328125,0.030034581199288368,0.3395364582538605
0.44216904044151306,0.9179448485374451,0.7645153999328613,0.7082571983337402,0.7401483058929443,1.0866039991378784,0.07838065177202225,4.844972133636475,1.0945086479187012,1.0541623830795288,0.0020621756557375193,0.17934562265872955,0.564257800579071,0.00039999998989515007,0.34391435980796814,0.6515677571296692,1.907838225364685,2.8074655532836914,0.8377788066864014,1.1006137132644653,0.10727517306804657,1.5398558378219604,0.401994526386261,0.06389850378036499,0.8049477934837341,1.4733977317810059,0.7248321771621704,0.15323598682880402,0.09673065692186356,0.6492921710014343,0.07396789640188217,0.459076464176178,0.9518628716468811,0.9760265350341797,0.5287148952484131,1.7282930612564087,0.39173147082328796,0.6092094779014587,0.416602224111557,0.4108560085296631,0.4817976653575897,0.4013053774833679,0.5167506337165833,0.5621446967124939,0.4158352017402649,1.308836579322815,0.6565556526184082,0.0255895908921957,0.4694242477416992,0.0166492760181427,0.767121434211731,0.26840460300445557,0.5571315288543701,1.1321983337402344,0.8866077065467834,0.1892228126525879,0.3319285213947296
0.08249785006046295,0.6068984866142273,0.03311435878276825,0.6849023699760437,0.8338208198547363,0.8689625263214111,0.48703545331954956,4.725338935852051,1.6305134296417236,1.2106198072433472,0.46920838952064514,0.2033502757549286,0.8051260113716125,0.00039999998989515007,0.008442112244665623,1.0656050443649292,1.5166499614715576,3.3422770500183105,1.2715113162994385,1.0471463203430176,0.14546650648117065,1.0350563526153564,0.1872911900281906,0.2003597468137741,0.32317960262298584,1.677154302597046,0.03869463503360748,0.0045432280749082565,0.11142973601818085,0.25753307342529297,0.2552485764026642,0.1511813998222351,0.5608552098274231,0.775200605392456,0.747648298740387,1.7940391302108765,0.744779646396637,0.4365018308162689,0.4557075798511505,0.06307483464479446,0.13846959173679352,0.12526081502437592,0.2589939534664154,0.5130646824836731,0.12111614644527435,0.6003831028938293,0.3052179217338562,0.08420529961585999,0.3203861117362976,0.07856514304876328,0.7419326305389404,0.1527504026889801,0.8735430240631104,1.5940630435943604,1.2581459283828735,0.4508623480796814,0.07232899218797684
0.5468770861625671,0.18217967450618744,0.024506306275725365,1.0756908655166626,0.5675000548362732,0.941312313079834,0.5928994417190552,4.84963321685791,1.2995805740356445,1.0693519115447998,0.4439485967159271,0.26556938886642456,0.31254979968070984,0.00039999998989515007,0.18191297352313995,1.71438729763031,1.356315016746521,3.0464468002319336,1.683355450630188,1.3329073190689087,0.086603082716465,1.0218287706375122,0.2026519626379013,0.10705433040857315,0.41409558057785034,2.167194366455078,0.0723462626338005,0.3769760727882385,0.1290566325187683,0.3649434447288513,0.3496564030647278,0.19813071191310883,0.5711093544960022,0.4945949614048004,0.18646268546581268,2.0471725463867188,0.5928545594215393,0.6928527355194092,0.39293354749679565,0.19393734633922577,0.07330500334501266,0.20512661337852478,0.5512881875038147,0.44700250029563904,0.1686955839395523,0.4583103358745575,0.6536391377449036,0.03394666314125061,0.2786022126674652,0.0313035249710083,0.4922543168067932,0.20479755103588104,0.6183621883392334,1.2223882675170898,0.4845314025878906,0.11774297058582306,0.09777843207120895
0.03172783553600311,0.597903311252594,0.20754212141036987,0.4917413294315338,0.3550546169281006,0.37635552883148193,0.6159356832504272,5.082972526550293,0.8794335722923279,0.9559876322746277,0.7363191246986389,0.04317580163478851,1.0417280197143555,0.00039999998989515007,0.27392056584358215,1.5154887437820435,1.9679898023605347,2.9649617671966553,1.4240596294403076,0.9613115787506104,0.35556259751319885,1.2416255474090576,0.2726091146469116,0.0562911219894886,0.2724623680114746,2.0174546241760254,0.06517627090215683,0.17624998092651367,0.15861468017101288,0.5743266344070435,0.5374339818954468,0.33539146184921265,0.23393143713474274,0.34235867857933044,0.7507880330085754,1.7196834087371826,0.9211535453796387,0.5952382683753967,0.21322134137153625,0.1535126119852066,0.0853559821844101,0.21783007681369781,0.4061200022697449,0.5425769090652466,0.46153125166893005,0.521659791469574,0.6298618316650391,0.4252189099788666,0.07307160645723343,0.17596232891082764,0.9340781569480896,0.28909334540367126,0.7621236443519592,1.210306167602539,0.7537001371383667,0.2776772975921631,0.19525261223316193
0.22864578664302826,0.5588725805282593,0.11554940044879913,0.3834454417228699,0.6926209926605225,1.1504859924316406,0.814612090587616,4.815083026885986,1.5225948095321655,0.9948053359985352,0.056104645133018494,0.5134873986244202,0.7770744562149048,0.00039999998989515007,0.3299199342727661,1.0526779890060425,1.8698480129241943,3.0049214363098145,0.834945559501648,1.0014477968215942,0.350639671087265,0.9616175889968872,0.08945292234420776,0.511046826839447,0.38639023900032043,1.5290815830230713,0.11058628559112549,0.1275111585855484,0.223672553896904,0.5462725758552551,0.12176335602998734,0.32484814524650574,0.991005539894104,0.9971670508384705,0.7756054401397705,1.65024995803833,0.501120388507843,0.38969966769218445,0.2243054360151291,0.2481340616941452,0.49158063530921936,0.2764497995376587,0.11766711622476578,0.19389478862285614,0.21613994240760803,0.9895308613777161,0.12295479327440262,0.03752266243100166,0.6691310405731201,0.41604822874069214,1.0418734550476074,0.6494559049606323,0.4121606647968292,1.518517017364502,1.5188288688659668,0.01759493723511696,0.3270449638366699
0.1238926351070404,0.44122427701950073,0.06273259967565536,0.6429885029792786,0.7030802369117737,1.0200233459472656,0.48366570472717285,4.894982814788818,1.5061094760894775,1.2750539779663086,0.4140217900276184,0.06821983307600021,0.8296039700508118,0.00039999998989515007,0.04327750951051712,1.1903542280197144,1.7839611768722534,3.1354050636291504,1.1649152040481567,1.0234438180923462,0.2922120690345764,1.0152119398117065,0.08519994467496872,0.3758009672164917,0.4186428487300873,1.7183045148849487,0.16794618964195251,0.14874012768268585,0.3105694651603699,0.38171327114105225,0.18583336472511292,0.1920584738254547,0.6168345808982849,0.873845636844635,0.6764677166938782,1.7628264427185059,0.6858446002006531,0.3800477683544159,0.33429667353630066,0.11788451671600342,0.34029534459114075,0.07800491154193878,0.4065547585487366,0.5063588619232178,0.1320224404335022,0.7080885767936707,0.3246387541294098,0.011325743049383163,0.3500381410121918,0.34018072485923767,0.774183988571167,0.16615623235702515,0.7308772802352905,1.5055475234985352,1.1298397779464722,0.22088880836963654,0.16961656510829926
0.015985531732439995,0.04403417184948921,0.7951849699020386,0.9756808876991272,0.2655864655971527,0.8084222674369812,0.19257555902004242,4.885593414306641,1.6802207231521606,1.8047828674316406,0.834559977054596,0.12595626711845398,1.1354230642318726,0.00039999998989515007,0.742035984992981,1.2801990509033203,1.4282456636428833,2.8864858150482178,1.0701303482055664,0.5745986104011536,0.22908198833465576,0.8178675770759583,0.3045290410518646,0.782532811164856,0.7986924052238464,1.463696002960205,0.33396169543266296,0.2611438035964966,0.7690739035606384,0.5057716965675354,0.11660458892583847,0.3943890333175659,0.10851085186004639,0.5845886468887329,0.25786298513412476,1.4885647296905518,1.1198410987854004,0.14007306098937988,0.22648638486862183,0.09017127752304077,0.2693629562854767,0.06348219513893127,0.768730103969574,0.7275945544242859,0.28683438897132874,1.0014759302139282,0.3431563973426819,0.18722659349441528,0.058423642069101334,0.7513644099235535,0.8204549551010132,0.10972233861684799,0.6234892010688782,1.3979277610778809,0.7178015112876892,0.3183775842189789,0.07774847745895386
0.20603616535663605,0.6130220293998718,0.26242706179618835,0.6751978397369385,1.0473926067352295,1.5412099361419678,0.4608011245727539,4.777501583099365,1.3680987358093262,1.266330599784851,0.1222836822271347,0.02590305544435978,0.6457086205482483,0.00039999998989515007,0.01820426434278488,1.0801804065704346,1.9044013023376465,2.9011194705963135,1.1231809854507446,0.8776055574417114,0.27528125047683716,0.9561079144477844,0.07436429709196091,0.5234325528144836,0.21836601197719574,1.5906658172607422,0.09967773407697678,0.17203335464000702,0.2077639251947403,0.31280094385147095,0.32923126220703125,0.12205984443426132,0.7407609820365906,1.1276309490203857,0.7694706916809082,1.6191784143447876,0.8067035675048828,0.37916016578674316,0.4780423045158386,0.35758331418037415,0.5449334979057312,0.1033896654844284,0.22011619806289673,0.46037134528160095,0.10715749859809875,0.7894781231880188,0.04717918112874031,0.3062417209148407,0.20053622126579285,0.21969465911388397,0.754507303237915,0.03457913547754288,0.6478956937789917,1.5319055318832397,1.31464684009552,0.07248669862747192,0.009664046578109264
0.08142673969268799,0.146640807390213,0.7530583739280701,0.2321191132068634,0.39133137464523315,0.5731459259986877,0.6130620241165161,4.710434436798096,1.4992516040802002,1.3417630195617676,0.8459603786468506,0.5629180073738098,1.0686469078063965,0.00039999998989515007,0.09975387901067734,1.0027215480804443,2.024243116378784,2.827756881713867,0.975277841091156,1.0758823156356812,0.742527961730957,0.8643295764923096,0.3500720262527466,0.491146057844162,0.3702129125595093,1.820034146308899,0.4954375922679901,0.2822478413581848,0.856704592704773,0.2593662440776825,0.44077473878860474,0.11828587204217911,0.2523212730884552,1.0288220643997192,0.7550531625747681,1.5048035383224487,0.5511572957038879,0.16749528050422668,4.21142831328325e-05,0.4833906888961792,0.3894505798816681,0.24715152382850647,0.6490023136138916,0.6151493191719055,0.17130111157894135,0.0529671311378479,0.2207486778497696,0.29927489161491394,0.17345070838928223,0.6157634258270264,0.9290704727172852,0.08439143002033234,1.0110411643981934,1.5998520851135254,0.9935932159423828,0.6545275449752808,0.41406184434890747
0.13817165791988373,0.5037640929222107,0.12348420917987823,0.5645058751106262,0.6306137442588806,0.9914365410804749,0.36918047070503235,4.848148345947266,1.491024374961853,1.3300055265426636,0.48265358805656433,0.16396065056324005,0.6984260082244873,0.00039999998989515007,0.08360054343938828,1.1946308612823486,1.9146792888641357,3.0110650062561035,1.3664578199386597,1.0274280309677124,0.44745075702667236,0.9303327798843384,0.09147783368825912,0.3608803153038025,0.21480216085910797,1.7863067388534546,0.0501328706741333,0.31577739119529724,0.38975101709365845,0.3682117760181427,0.3488011658191681,0.04557225480675697,0.5328851342201233,0.8546597957611084,0.8217912316322327,1.6757988929748535,0.7256779670715332,0.3438869118690491,0.2687096893787384,0.35005685687065125,0.4080726206302643,0.08338905870914459,0.39544376730918884,0.5182681083679199,0.006686766166239977,0.6679980158805847,0.180958554148674,0.06525474786758423,0.18343676626682281,0.3508579432964325,0.8322843909263611,0.05130557343363762,0.9245339035987854,1.570739984512329,1.1056406497955322,0.3179055154323578,0.04087735712528229
0.20374439656734467,0.019917940720915794,0.4475908577442169,0.8943644165992737,0.16199995577335358,0.8499279618263245,0.36205267906188965,4.945741653442383,1.9054968357086182,1.6707191467285156,0.4525255560874939,0.711323618888855,1.0779772996902466,0.00039999998989515007,0.3626919090747833,0.9830592274665833,1.3189550638198853,3.0174100399017334,0.7276787161827087,0.3798915445804596,0.03437740355730057,1.0904874801635742,0.20805419981479645,0.6347956657409668,1.031044840812683,0.8660402894020081,0.8243807554244995,0.1173257827758789,0.5627762079238892,0.6760047674179077,0.7368714213371277,0.645510733127594,0.46391406655311584,0.583398699760437,0.20202425122261047,1.3244390487670898,0.7780930399894714,0.3235688805580139,0.40911898016929626,0.6791198253631592,0.23900963366031647,0.4586268961429596,0.4313971996307373,0.547610878944397,0.06520742923021317,1.375477910041809,0.5452064275741577,0.3372073471546173,0.5845348238945007,0.7517465353012085,0.8473247289657593,0.6970965266227722,0.34329545497894287,1.290411114692688,0.9180196523666382,0.20516078174114227,0.41631263494491577
0.0949811041355133,0.32770800590515137,0.003650211961939931,0.7112014293670654,0.9335294961929321,1.3494298458099365,0.5097642540931702,4.840681076049805,1.4418631792068481,1.357406497001648,0.3501873314380646,0.14739005267620087,0.7754058837890625,0.00039999998989515007,0.03440910950303078,1.2914776802062988,1.8277411460876465,3.0382823944091797,1.0700346231460571,0.8975386619567871,0.24689286947250366,0.97323077917099,0.004056708421558142,0.5604985356330872,0.45727285742759705,1.5488795042037964,0.06877497583627701,0.07184294611215591,0.39775583148002625,0.30262887477874756,0.2955458164215088,0.07988118380308151,0.5938140153884888,1.0442301034927368,0.5700286626815796,1.6979269981384277,0.701292097568512,0.36140796542167664,0.43886062502861023,0.4671509861946106,0.4176843464374542,0.0644160732626915,0.3987308740615845,0.5514862537384033,0.06528658419847488,0.6001275181770325,0.1997428983449936,0.14143678545951843,0.2529434561729431,0.3673378825187683,0.5865494608879089,0.03863673284649849,0.7334005236625671,1.6137232780456543,1.1260188817977905,0.0652872771024704,0.04780212789773941
0.0426824688911438,0.3233642578125,0.18928930163383484,0.6572679281234741,0.5997569561004639,0.8484827280044556,0.5383672714233398,4.958339691162109,1.5557806491851807,1.2332580089569092,0.433523952960968,0.0012807591119781137,0.7860457301139832,0.00039999998989515007,0.02991413325071335,1.1865618228912354,1.7773096561431885,3.0636188983917236,1.1832444667816162,1.0431443452835083,0.26665714383125305,1.0415325164794922,0.11788637191057205,0.3878045380115509,0.5158355832099915,1.751397728919983,0.18302759528160095,0.2297671139240265,0.3599133789539337,0.4749857783317566,0.16974735260009766,0.22593949735164642,0.6037743091583252,0.843816339969635,0.5816328525543213,1.7726309299468994,0.6657229065895081,0.38577190041542053,0.2544255256652832,0.04252568259835243,0.3607272207736969,0.17694413661956787,0.43196722865104675,0.46827468276023865,0.07499676942825317,0.723709225654602,0.294822096824646,0.11872727423906326,0.35884061455726624,0.36861124634742737,0.8915295004844666,0.23573961853981018,0.7303534746170044,1.5058473348617554,1.077209711074829,0.27791014313697815,0.22979827225208282
0.414959192276001,0.3905017077922821,0.32437923550605774,0.777949869632721,0.48206770420074463,0.4408009648323059,0.23752082884311676,4.947872161865234,2.104541778564453,1.2845467329025269,0.32750841975212097,0.054097164422273636,0.44631069898605347,0.00039999998989515007,0.2704527974128723,0.815644383430481,1.2905969619750977,3.039985418319702,1.3424792289733887,0.7902024984359741,0.057451795786619186,1.1239112615585327,0.2317131608724594,0.29756805300712585,0.7562376260757446,1.5910722017288208,0.0002720149059314281,0.424695760011673,0.47757235169410706,0.5793247818946838,0.18391811847686768,0.23738226294517517,0.6513838768005371,0.7193418145179749,0.28392431139945984,1.6102842092514038,0.5051998496055603,0.227217897772789,0.338483601808548,0.04293235391378403,0.33648839592933655,0.17547443509101868,0.19125500321388245,0.5052768588066101,0.13536430895328522,0.8333151936531067,0.221723273396492,0.3373047113418579,0.31661587953567505,0.058624837547540665,0.9199544787406921,0.42103415727615356,0.968583345413208,1.6473848819732666,1.3841553926467896,0.5868842005729675,0.28567585349082947
0.17206986248493195,0.046887967735528946,0.19598102569580078,0.5270022749900818,0.6898335814476013,0.904707133769989,0.666434109210968,4.902564525604248,1.1225435733795166,1.2182621955871582,0.6393120288848877,0.3779815435409546,0.881596028804779,0.00039999998989515007,0.36107873916625977,1.04746413230896,2.5909371376037598,2.5333597660064697,1.0954726934432983,1.2142382860183716,0.641875684261322,1.1217039823532104,0.393062949180603,0.6502559781074524,0.43379172682762146,1.575274109840393,0.4542771279811859,0.20082968473434448,0.29969272017478943,0.4025720953941345,0.3669895529747009,0.14071884751319885,0.28400129079818726,1.2221440076828003,0.8092156648635864,1.6565550565719604,0.882453203201294,0.36820733547210693,0.1091662049293518,0.058159973472356796,0.6902825236320496,0.23520244657993317,0.48764339089393616,0.3941689431667328,0.08852067589759827,0.38158920407295227,0.06754468381404877,0.06279043853282928,0.23633387684822083,0.7476304173469543,1.1303128004074097,0.15275178849697113,0.7118239998817444,1.07614266872406,0.5178916454315186,0.09013212472200394,0.34727078676223755
0.6189574003219604,0.5734639167785645,0.0960540696978569,0.8167286515235901,0.12605798244476318,0.43293148279190063,0.2552967071533203,4.684534549713135,1.5363702774047852,1.4305548667907715,0.49526482820510864,0.53086256980896,1.1365429162979126,0.00039999998989515007,0.12953728437423706,0.7955024838447571,1.3159254789352417,3.144108295440674,0.47328829765319824,0.6782686710357666,0.021612659096717834,1.428724765777588,0.14130377769470215,0.3584749400615692,1.31130850315094,0.7513343691825867,1.105568289756775,0.1858733743429184,0.44763585925102234,0.8196561932563782,0.6410380601882935,0.7927232384681702,0.4230755865573883,0.3958198130130768,0.22483773529529572,1.464524269104004,0.5793188214302063,0.5103086829185486,0.3055209219455719,1.0563466548919678,0.04073191061615944,0.458849161863327,0.7318052649497986,0.7104724645614624,0.18207082152366638,1.6963075399398804,0.9147000312805176,0.4711456000804901,0.6321775913238525,0.5479946136474609,0.7011048197746277,0.5852867364883423,0.4108772575855255,1.221563696861267,0.5804726481437683,0.23037463426589966,0.40065550804138184
0.4455825388431549,0.7647438049316406,0.20813383162021637,0.4946536719799042,0.727439284324646,1.0036423206329346,0.40423569083213806,4.75382137298584,1.556352138519287,1.2961320877075195,0.39843419194221497,0.11302357167005539,0.8465104699134827,0.00039999998989515007,0.12762299180030823,1.07233464717865,1.7485427856445312,3.3400018215179443,1.219895362854004,1.096515417098999,0.33821558952331543,1.0475791692733765,0.08454392850399017,0.206008642911911,0.16617202758789062,1.5429357290267944,0.13273930549621582,0.01031279657036066,0.062046464532613754,0.22737158834934235,0.14445893466472626,0.14617536962032318,0.5385966897010803,0.7949596047401428,0.9268456697463989,1.6737346649169922,0.6860593557357788,0.5105113387107849,0.3981612026691437,0.19360682368278503,0.14428026974201202,0.06266448646783829,0.24731403589248657,0.5369006991386414,0.12678207457065582,0.719437301158905,0.3893699049949646,0.0017488956218585372,0.40702205896377563,0.21602869033813477,0.7481077313423157,0.1302259862422943,0.8053263425827026,1.569563865661621,1.177049160003662,0.37631911039352417,0.044149987399578094
0.16074904799461365,0.2495419681072235,0.20146837830543518,0.6808271408081055,0.5598312616348267,0.7525554299354553,0.5063607096672058,4.90437650680542,1.8903931379318237,1.2662327289581299,0.3184332251548767,0.03274908289313316,0.6829723119735718,0.00039999998989515007,0.05169257894158363,0.9549174308776855,1.5010427236557007,3.129603147506714,1.1012184619903564,1.0592622756958008,0.14185094833374023,1.0614451169967651,0.009269691072404385,0.3546993136405945,0.6615176796913147,1.6614723205566406,0.2957245707511902,0.2551496624946594,0.38293713331222534,0.4590505063533783,0.02179127372801304,0.2513999938964844,0.6965471506118774,0.8814787268638611,0.42477771639823914,1.7370518445968628,0.49049389362335205,0.36585018038749695,0.2526232600212097,0.15511566400527954,0.31634971499443054,0.2628993093967438,0.38768815994262695,0.4695042073726654,0.07007662206888199,0.7649304866790771,0.32204195857048035,0.22082941234111786,0.49406102299690247,0.2659083306789398,0.9226207733154297,0.3976966142654419,0.7271788716316223,1.6156389713287354,1.2205458879470825,0.42388245463371277,0.3076542019844055
0.997178852558136,0.7901637554168701,0.9185925126075745,1.6492365598678589,0.2999318838119507,0.9770154356956482,0.6047523021697998,4.524527072906494,2.102125644683838,1.7012816667556763,0.7971155643463135,0.14752310514450073,0.2845783233642578,0.00039999998989515007,0.38465261459350586,1.8716462850570679,0.5748549699783325,3.062994956970215,1.6263954639434814,0.6292064785957336,0.5070657730102539,0.49645569920539856,0.34070876240730286,0.3390544354915619,0.7993900775909424,1.4452533721923828,0.02008131518959999,0.3846408426761627,0.26756158471107483,0.2675427496433258,0.39647817611694336,0.2142607718706131,0.2747928500175476,0.24874556064605713,0.39384162425994873,1.7728534936904907,0.8056823015213013,0.3490038812160492,0.5646890997886658,0.43485960364341736,0.007036009803414345,0.003531278343871236,0.5824528932571411,0.47504377365112305,0.2654822766780853,0.43502554297447205,0.4465401768684387,0.02957584336400032,0.2640320658683777,0.6366511583328247,0.161659836769104,0.41249552369117737,0.4707799255847931,1.2581084966659546,0.2343326359987259,0.27577686309814453,0.1744437962770462
0.2650874853134155,0.08855587989091873,0.6027548909187317,0.9758753776550293,0.4552013576030731,1.0878957509994507,0.16000179946422577,4.859175682067871,1.593029260635376,1.8820024728775024,0.8205837607383728,0.02068566344678402,1.1972788572311401,0.00039999998989515007,0.7352976202964783,1.3071924448013306,1.5749255418777466,2.9289636611938477,1.0668632984161377,0.5441545248031616,0.2830081880092621,0.7942290902137756,0.28817448019981384,0.8551973700523376,0.6668127179145813,1.3373842239379883,0.3001967668533325,0.1257040947675705,0.6521321535110474,0.3694601058959961,0.09216392040252686,0.35096368193626404,0.0836133360862732,0.6903002858161926,0.4015342593193054,1.4716764688491821,1.2159395217895508,0.12831711769104004,0.34160494804382324,0.16305454075336456,0.30986487865448,0.08256442099809647,0.6931106448173523,0.7510033845901489,0.20059296488761902,0.9707841873168945,0.2828942835330963,0.004431851673871279,0.055727869272232056,0.8035955429077148,0.6836001873016357,0.034106314182281494,0.5876790285110474,1.3280025720596313,0.7046986222267151,0.17601341009140015,0.0013930879067629576
0.008360117673873901,0.3731611669063568,0.09475557506084442,0.6689831018447876,0.6323612332344055,0.773391842842102,0.417468786239624,4.849413871765137,1.8614338636398315,1.2601364850997925,0.3893241286277771,0.04203777015209198,0.7161690592765808,0.00039999998989515007,0.018640978261828423,0.9927741885185242,1.629430890083313,3.20633864402771,1.1001261472702026,1.0467785596847534,0.21546031534671783,1.063761591911316,0.04620029404759407,0.407507061958313,0.6164299845695496,1.5118181705474854,0.2320752590894699,0.13549520075321198,0.3637390732765198,0.46000897884368896,0.03616054356098175,0.2275797426700592,0.6595039367675781,0.8787578344345093,0.5787678360939026,1.7410660982131958,0.5361245274543762,0.37077075242996216,0.2973872721195221,0.10976678133010864,0.3406917452812195,0.14274995028972626,0.35655510425567627,0.4616463780403137,0.011216949671506882,0.8079756498336792,0.23314547538757324,0.16562490165233612,0.4950423836708069,0.324673593044281,0.8515454530715942,0.2766348421573639,0.7825992107391357,1.6489588022232056,1.1888428926467896,0.420326828956604,0.2582738995552063
0.1417309045791626,0.2348349392414093,0.027660178020596504,0.7228548526763916,0.6218444108963013,1.392992615699768,0.8012668490409851,4.920778274536133,0.9908580780029297,1.0991551876068115,0.3596711754798889,0.24943993985652924,0.4418168067932129,0.00039999998989515007,0.23578840494155884,1.9646285772323608,2.0158095359802246,2.8251733779907227,1.6429213285446167,1.2297618389129639,0.36103546619415283,0.8161729574203491,0.07714477926492691,0.19899335503578186,0.0035672264639288187,2.1130661964416504,0.28195589780807495,0.3910067677497864,0.046706683933734894,0.27111369371414185,0.46503669023513794,0.04382729157805443,0.5563145279884338,0.7202423214912415,0.5897036790847778,1.8493258953094482,0.6565468907356262,0.5472911596298218,0.3369387984275818,0.6465085744857788,0.3629744052886963,0.19856466352939606,0.35569119453430176,0.33303144574165344,0.32807809114456177,0.2794395089149475,0.41672101616859436,0.3397902250289917,0.26655274629592896,0.39426112174987793,0.46468794345855713,0.2961404025554657,0.5204505920410156,1.1108719110488892,0.5996953845024109,0.2023811638355255,0.10289563983678818
0.18202421069145203,0.3568597137928009,0.33287134766578674,0.7596486210823059,0.5321619510650635,0.5813026428222656,0.243710458278656,4.982503890991211,2.330383062362671,1.4745289087295532,0.3342496156692505,0.034904249012470245,0.5600319504737854,0.00039999998989515007,0.481433629989624,0.7387020587921143,1.3851579427719116,3.0807011127471924,1.2498092651367188,0.6272819638252258,0.014790952205657959,1.0894103050231934,0.3122404217720032,0.562559962272644,0.741457462310791,1.2222753763198853,0.031635649502277374,0.27789798378944397,0.43403545022010803,0.47645947337150574,0.029345877468585968,0.2928605377674103,0.5109400153160095,0.8209351897239685,0.3588659167289734,1.4188852310180664,0.6190611720085144,0.11481565982103348,0.42929425835609436,0.18195320665836334,0.40087762475013733,0.09027199447154999,0.02152746170759201,0.49613186717033386,0.1585584580898285,0.8304476141929626,0.07529321312904358,0.3169116973876953,0.4127943515777588,0.2483845055103302,0.9051804542541504,0.453014075756073,0.8555466532707214,1.5768952369689941,1.4308913946151733,0.5530667304992676,0.3167855143547058
0.030037809163331985,0.3863149881362915,0.12731659412384033,0.7476282119750977,0.7034293413162231,0.8358181715011597,0.41017287969589233,4.902763366699219,1.5986942052841187,1.2843645811080933,0.5236189961433411,0.18901903927326202,0.7531132102012634,0.00039999998989515007,0.12679113447666168,1.1573495864868164,1.7381469011306763,3.132209539413452,1.283751368522644,1.023444414138794,0.196104034781456,1.0781368017196655,0.1297660768032074,0.35791826248168945,0.5302615761756897,1.6597379446029663,0.1389564573764801,0.15585282444953918,0.30119284987449646,0.404893159866333,0.24597002565860748,0.18177732825279236,0.5184220671653748,0.8358044028282166,0.5892272591590881,1.798802137374878,0.7199036478996277,0.36494800448417664,0.35892078280448914,0.09844323247671127,0.3339501619338989,0.03092038631439209,0.3906022608280182,0.5135913491249084,0.08533097058534622,0.6617958545684814,0.25836244225502014,0.10313831269741058,0.3070497512817383,0.3191765248775482,0.7791286706924438,0.07260483503341675,0.8516480326652527,1.487318754196167,1.0180308818817139,0.32559120655059814,0.16479100286960602
0.2634733319282532,0.23159894347190857,0.2818432152271271,0.7397188544273376,0.5627000331878662,0.7162646055221558,0.6338414549827576,4.950329303741455,1.506745457649231,1.1356359720230103,0.47029832005500793,0.04959702864289284,0.7710592150688171,0.00039999998989515007,0.025793330743908882,1.2676998376846313,1.5961225032806396,3.0680274963378906,1.1922305822372437,1.0647941827774048,0.1502952128648758,1.0501519441604614,0.2133808135986328,0.2909059524536133,0.5934422016143799,1.904639482498169,0.16101352870464325,0.2533626854419708,0.34700915217399597,0.5290084481239319,0.20439165830612183,0.27090319991111755,0.6157073378562927,0.7350499629974365,0.4458375871181488,1.8491140604019165,0.6731665134429932,0.4402797222137451,0.24130959808826447,0.010821448639035225,0.25947850942611694,0.1710318922996521,0.4989921748638153,0.455859899520874,0.08005263656377792,0.6893594264984131,0.36555472016334534,0.21284717321395874,0.3105511963367462,0.25004827976226807,0.904167890548706,0.3202145993709564,0.714584469795227,1.5157335996627808,1.0620651245117188,0.3265143930912018,0.22893427312374115
0.1148715689778328,0.43410688638687134,0.09846997261047363,0.6287813782691956,0.6392830610275269,0.9348649978637695,0.479519784450531,4.939543724060059,1.490842580795288,1.2662208080291748,0.4457114338874817,0.03037586435675621,0.8401407599449158,0.00039999998989515007,0.009302536025643349,1.2128392457962036,1.8234663009643555,3.1215622425079346,1.181693196296692,1.0167529582977295,0.3002784252166748,1.0466508865356445,0.09107409417629242,0.37809962034225464,0.44615843892097473,1.6988533735275269,0.177003413438797,0.16240622103214264,0.32214197516441345,0.43092092871665955,0.17908215522766113,0.21481646597385406,0.5773587822914124,0.8314887285232544,0.6699511408805847,1.751632809638977,0.6979363560676575,0.39382410049438477,0.3042440116405487,0.06451687961816788,0.33444154262542725,0.12586648762226105,0.41152116656303406,0.5012298226356506,0.13614676892757416,0.7379053831100464,0.3303106129169464,0.06431908905506134,0.34917154908180237,0.37695619463920593,0.8156044483184814,0.18330080807209015,0.7414490580558777,1.4878188371658325,1.077323079109192,0.24202872812747955,0.1860828548669815
0.009518270380795002,0.3164021670818329,0.2095790058374405,0.6482455134391785,0.24549289047718048,0.7140596508979797,0.33109426498413086,5.126105785369873,1.2058634757995605,1.2640358209609985,0.5190064311027527,0.1391713172197342,0.7986549139022827,0.00039999998989515007,0.0678793340921402,1.3508819341659546,1.8912770748138428,2.868060827255249,1.2203603982925415,1.0468968152999878,0.33610066771507263,1.1839755773544312,0.039065487682819366,0.22534975409507751,0.580848217010498,1.9228225946426392,0.3906828761100769,0.4276109039783478,0.43566909432411194,0.658221423625946,0.2018541693687439,0.349620521068573,0.47573933005332947,0.6184430122375488,0.4628905951976776,1.706855058670044,0.657498300075531,0.5275123119354248,0.1250276267528534,0.0029524615965783596,0.2991355061531067,0.5075359344482422,0.7127753496170044,0.6003206968307495,0.13939271867275238,0.9001014232635498,0.657535195350647,0.21284237504005432,0.2297498881816864,0.4112284481525421,0.9080049395561218,0.1976708024740219,0.6643244624137878,1.3117849826812744,0.6814422607421875,0.17335347831249237,0.23210115730762482
0.26115792989730835,0.4852445125579834,0.11144009977579117,0.7565906047821045,0.6572691798210144,0.5351287722587585,0.37654244899749756,4.670563220977783,1.9700814485549927,1.1918879747390747,0.42558997869491577,0.1450856775045395,0.5803161859512329,0.00039999998989515007,0.021009229123592377,0.8370895385742188,1.13104248046875,3.3306686878204346,1.3039698600769043,1.0857096910476685,0.026606079190969467,1.0628036260604858,0.13190189003944397,0.05514833703637123,0.5214006900787354,1.7478673458099365,0.07688568532466888,0.1962805986404419,0.2332696169614792,0.35265299677848816,0.1944340169429779,0.15573030710220337,0.6453907489776611,0.68668133020401,0.49174973368644714,1.792967438697815,0.5441088676452637,0.44223302602767944,0.36563870310783386,0.19978266954421997,0.06683482974767685,0.029506932944059372,0.3296949863433838,0.5366637706756592,0.13043712079524994,0.682447075843811,0.3499854505062103,0.2738070785999298,0.3361687660217285,0.1134175956249237,0.8492394089698792,0.28044018149375916,0.9864572286605835,1.770797610282898,1.3363568782806396,0.7247970104217529,0.12582287192344666
0.34419146180152893,0.47059521079063416,0.020641999319195747,0.523445188999176,0.4937884211540222,1.0614054203033447,0.3221686780452728,4.990508556365967,1.4745769500732422,1.4241877794265747,0.4242411255836487,0.03383561223745346,0.7410946488380432,0.00039999998989515007,0.018280789256095886,1.2755008935928345,2.11517071723938,2.990311861038208,1.2630184888839722,1.0499975681304932,0.49227264523506165,1.0313544273376465,0.038672368973493576,0.4478466212749481,0.3418218791484833,1.5502848625183105,0.18766315281391144,0.2711355984210968,0.3450874984264374,0.4316898584365845,0.11763455718755722,0.1560758799314499,0.49896949529647827,0.8691655397415161,0.7612760066986084,1.6290745735168457,0.639374315738678,0.40095117688179016,0.21879546344280243,0.12658031284809113,0.4472855031490326,0.3324428200721741,0.4221394956111908,0.5218842029571533,0.06360131502151489,0.8263049721717834,0.31308332085609436,0.05778932943940163,0.3828659653663635,0.6157472729682922,0.7970384359359741,0.014038545079529285,0.7460349798202515,1.4207735061645508,0.8556765913963318,0.1490504890680313,0.12388059496879578
0.37591660022735596,0.10284595936536789,0.3379124701023102,0.9183189868927002,0.5810142159461975,0.7260259389877319,0.2706255614757538,4.87015438079834,1.9159818887710571,1.4045329093933105,0.5344536900520325,0.2906770706176758,0.4925351142883301,0.00039999998989515007,0.20278796553611755,1.0971060991287231,1.496083378791809,3.022200345993042,1.391533374786377,1.0233615636825562,0.07277459651231766,1.0030750036239624,0.06988605111837387,0.38711223006248474,0.7307147979736328,1.6621663570404053,0.12923386693000793,0.36553698778152466,0.4793440103530884,0.4275906980037689,0.2039017230272293,0.11769023537635803,0.5267675518989563,0.8482540845870972,0.28205326199531555,1.7999756336212158,0.5747843980789185,0.27133670449256897,0.30482035875320435,0.264495849609375,0.40178054571151733,0.12078189849853516,0.49261653423309326,0.5360605716705322,0.18364985287189484,0.6416468024253845,0.2029057890176773,0.12724502384662628,0.2977437674999237,0.3386411964893341,0.7361282110214233,0.04527091979980469,0.9320663809776306,1.5640625953674316,0.917727530002594,0.43593162298202515,0.1620258390903473
0.48893216252326965,0.05323050171136856,0.3030513823032379,0.950816810131073,0.5877842307090759,1.2790117263793945,0.30656999349594116,4.758927345275879,1.6897941827774048,1.8106473684310913,0.6613246202468872,0.03377041220664978,1.2625795602798462,0.00039999998989515007,0.39839649200439453,1.23385488986969,1.6112277507781982,3.135756492614746,0.8067330121994019,0.7335608005523682,0.2337900996208191,0.8699424266815186,0.277146577835083,0.8937338590621948,0.7885535359382629,1.000716209411621,0.628302812576294,0.16978448629379272,0.4061124622821808,0.27847033739089966,0.4388822019100189,0.44748836755752563,0.20693300664424896,0.8534649610519409,0.4243617355823517,1.5633546113967896,1.0486143827438354,0.2137443572282791,0.39883995056152344,0.24734348058700562,0.3031368851661682,0.00703760189935565,0.5939570665359497,0.6172348260879517,0.05324481800198555,1.005432367324829,0.34370774030685425,0.028031764551997185,0.47516104578971863,0.9578917026519775,0.6199167966842651,0.056362006813287735,0.34176161885261536,1.2239892482757568,0.6381891369819641,0.03142840415239334,0.12615351378917694
0.2067432552576065,0.07879399508237839,0.5681943893432617,0.9632344245910645,0.5737165808677673,0.9602221846580505,0.41465049982070923,4.836233615875244,1.5512688159942627,1.5999964475631714,0.7763677835464478,0.12163934856653214,1.2777053117752075,0.00039999998989515007,0.6046929955482483,1.4416544437408447,1.6526787281036377,3.093245029449463,0.9353323578834534,0.5457946062088013,0.16398122906684875,0.8427237272262573,0.34302613139152527,0.9361832141876221,0.8467261791229248,1.1208888292312622,0.28454649448394775,0.1354491263628006,0.5593355298042297,0.4825285077095032,0.22625866532325745,0.4346259832382202,0.21423865854740143,0.6921072602272034,0.42154696583747864,1.6379181146621704,1.1504336595535278,0.10445691645145416,0.38087037205696106,0.02691498026251793,0.3511649966239929,0.1831510066986084,0.5124804377555847,0.5181839466094971,0.09864998608827591,0.9524329900741577,0.1638932228088379,0.07345370948314667,0.3256131410598755,0.9563576579093933,0.653825044631958,0.13711823523044586,0.5058830380439758,1.2558273077011108,0.7824883460998535,0.0834617167711258,0.16874442994594574
0.1536644697189331,0.6357883214950562,0.038112834095954895,0.9071160554885864,0.6818870902061462,0.847031831741333,0.12548689544200897,4.911157608032227,1.9598639011383057,1.4915302991867065,0.3201826810836792,0.1364535391330719,0.28626641631126404,0.00039999998989515007,0.44455665349960327,0.7841785550117493,1.5489223003387451,2.874675750732422,1.546858787536621,0.7340341806411743,0.03405135124921799,1.0808184146881104,0.3186754584312439,0.3772259056568146,0.5627321004867554,1.483642578125,0.18161141872406006,0.48573389649391174,0.40588802099227905,0.47031185030937195,0.3322613835334778,0.12416119873523712,0.5924382209777832,0.860546886920929,0.4537171721458435,1.5527455806732178,0.6965157389640808,0.17652630805969238,0.4692259132862091,0.27445536851882935,0.5379208326339722,0.0011648250510916114,0.18596960604190826,0.5816506147384644,0.17701806128025055,0.951473593711853,0.04467371478676796,0.03145672753453255,0.10911210626363754,0.08842100948095322,0.7729954719543457,0.06461481004953384,1.0630842447280884,1.5278514623641968,1.215959072113037,0.3609467148780823,0.040218010544776917
0.29038354754447937,0.2259448915719986,0.4179443418979645,0.1816207617521286,0.45874089002609253,0.6913933157920837,0.7216265797615051,4.7853193283081055,1.2196992635726929,1.1457430124282837,0.7141098380088806,0.23328980803489685,0.8862555027008057,0.00039999998989515007,0.1827959418296814,1.409075379371643,2.6119027137756348,2.78245210647583,1.230556607246399,1.0964394807815552,0.8174712657928467,0.8769195079803467,0.3472013771533966,0.6398277282714844,0.16745467483997345,1.479067325592041,0.0006721550016663969,0.1862851083278656,0.5241566896438599,0.4747711718082428,0.34633123874664307,0.07269132137298584,0.3007960319519043,0.9425587058067322,1.0787845849990845,1.5844743251800537,0.7084214687347412,0.29261910915374756,0.006382869556546211,0.3891572058200836,0.581092357635498,0.23604829609394073,0.3299780786037445,0.30087584257125854,0.09137728810310364,0.37235939502716064,0.15058614313602448,0.05496799945831299,0.30394935607910156,0.9563371539115906,1.0016571283340454,0.11794363707304001,0.9615174531936646,1.4329947233200073,0.7958433628082275,0.3324430584907532,0.24197372794151306
0.12762977182865143,0.29909512400627136,0.1349981278181076,0.7062863111495972,0.7818571925163269,0.8900246024131775,0.6276635527610779,4.813521385192871,1.9150577783584595,1.135830283164978,0.25483688712120056,0.04336072877049446,0.6692901253700256,0.00039999998989515007,0.06634001433849335,1.1250158548355103,1.6193379163742065,3.213060140609741,1.0509214401245117,0.9243837594985962,0.10262241959571838,0.959034264087677,0.02813745103776455,0.5819552540779114,0.6817786693572998,1.3787708282470703,0.03487875312566757,0.04269210621714592,0.35720294713974,0.47560542821884155,0.020940355956554413,0.2256624400615692,0.8079140186309814,0.9567352533340454,0.520433783531189,1.7821601629257202,0.50079745054245,0.2419501394033432,0.38151687383651733,0.04919220879673958,0.46438390016555786,0.006403598003089428,0.1370784342288971,0.2801114618778229,0.12203843146562576,0.7415478825569153,0.02701009064912796,0.0691584125161171,0.6246214509010315,0.4217296838760376,0.7580077648162842,0.3786590099334717,0.6867239475250244,1.6122374534606934,1.3822542428970337,0.2580380141735077,0.3144686818122864
0.17220808565616608,0.5234178304672241,0.09521456807851791,0.7413696050643921,0.8639772534370422,1.2424932718276978,0.34006375074386597,4.830755233764648,1.5122694969177246,1.3157169818878174,0.3335031569004059,0.14667735993862152,0.7230002284049988,0.00039999998989515007,0.06178157404065132,1.148511528968811,1.7783318758010864,3.1026997566223145,1.181108832359314,0.9667346477508545,0.24108043313026428,0.9908323287963867,0.027478808537125587,0.4233230650424957,0.42888858914375305,1.6255378723144531,0.09730802476406097,0.12855449318885803,0.2916276752948761,0.32794511318206787,0.2145497053861618,0.14843273162841797,0.7008625864982605,0.9740217924118042,0.6651676297187805,1.7723716497421265,0.6793310642242432,0.31052401661872864,0.4504428207874298,0.2965673804283142,0.44730234146118164,0.05388554558157921,0.35814449191093445,0.5046080946922302,0.15710081160068512,0.7533879280090332,0.23886220157146454,0.16932713985443115,0.33555787801742554,0.31025373935699463,0.6250743269920349,0.02398080751299858,0.7381519079208374,1.4698351621627808,1.1640877723693848,0.08016253262758255,0.10750146955251694
0.2098425179719925,0.5047891736030579,0.22282345592975616,0.7515321969985962,1.0631803274154663,1.2167731523513794,0.5693928599357605,4.591038703918457,1.7163680791854858,1.191778540611267,0.2473333328962326,0.08627256751060486,0.7940788269042969,0.00039999998989515007,0.16766853630542755,0.9360902309417725,1.608572006225586,3.295851230621338,0.9533145427703857,1.0739824771881104,0.11738696694374084,0.9681429862976074,0.18204553425312042,0.4824630916118622,0.5085676312446594,1.3321701288223267,0.19837993383407593,0.1706358939409256,0.08645103126764297,0.24071815609931946,0.04969910904765129,0.20744609832763672,0.7912483215332031,1.089763879776001,0.7150936722755432,1.8430842161178589,0.6748303771018982,0.3652995228767395,0.4839911460876465,0.17113271355628967,0.37066614627838135,0.17405462265014648,0.21604394912719727,0.34884822368621826,0.1241116002202034,0.7688127756118774,0.0555623434484005,0.12178326398134232,0.5821672677993774,0.30446141958236694,0.7204148173332214,0.18559817969799042,0.6293404698371887,1.5372825860977173,1.3032318353652954,0.17340752482414246,0.16167090833187103
0.11934826523065567,0.4013233780860901,0.4654558300971985,0.6797403693199158,0.5962135791778564,0.9320530295372009,0.040219746530056,4.974942684173584,1.7586934566497803,1.5633810758590698,0.46123525500297546,0.2579061985015869,0.637198805809021,0.00039999998989515007,0.5026730298995972,0.8669666051864624,1.5661600828170776,2.7328717708587646,1.3828469514846802,0.49712496995925903,0.2778545022010803,0.9196022152900696,0.34340375661849976,0.48154380917549133,0.40478187799453735,1.8332207202911377,0.10902023315429688,0.5700439810752869,0.7586886882781982,0.339989572763443,0.6026527881622314,0.04047868400812149,0.46763375401496887,0.893784761428833,0.4761453866958618,1.3494898080825806,0.7558580636978149,0.04250584542751312,0.4355839788913727,0.7544753551483154,0.534725546836853,0.06635194271802902,0.2687374949455261,0.7280645370483398,0.12953424453735352,0.5466561317443848,0.18194134533405304,0.037217479199171066,0.12397707253694534,0.08828387409448624,0.7134761214256287,0.12461698055267334,1.020745873451233,1.518165111541748,1.4659700393676758,0.3557652235031128,0.1691284328699112
0.12130311876535416,0.4637805223464966,0.02859378047287464,0.6880303621292114,0.7991381287574768,1.034847617149353,0.48600098490715027,4.859524726867676,1.4801524877548218,1.2414356470108032,0.4303534924983978,0.10761992633342743,0.8636200428009033,0.00039999998989515007,0.008945588953793049,1.1884312629699707,1.777247428894043,3.1643500328063965,1.1437757015228271,0.9950952529907227,0.24734078347682953,1.0246719121932983,0.11506122350692749,0.40916451811790466,0.4584677815437317,1.6578739881515503,0.1514250785112381,0.05726749077439308,0.28424495458602905,0.363603413105011,0.2038307636976242,0.2048662304878235,0.6101176738739014,0.8969409465789795,0.6859050989151001,1.7968308925628662,0.7326613664627075,0.3517712354660034,0.39745813608169556,0.12744617462158203,0.3555465340614319,0.03643661364912987,0.36103928089141846,0.4765642285346985,0.1885433942079544,0.6778654456138611,0.27189838886260986,0.00879494845867157,0.34965750575065613,0.3196382522583008,0.7351433634757996,0.1538124978542328,0.7392698526382446,1.48273503780365,1.1509826183319092,0.18528659641742706,0.17393967509269714
0.24487799406051636,0.32542482018470764,0.49451225996017456,0.695587158203125,0.49650952219963074,0.7324936985969543,0.09942915290594101,4.936594009399414,1.9205737113952637,1.5292088985443115,0.46268442273139954,0.24557112157344818,0.6967797875404358,0.00039999998989515007,0.30504974722862244,0.7739969491958618,1.1567164659500122,2.9446659088134766,1.2789502143859863,0.6024817824363708,0.13209956884384155,0.9734131097793579,0.29621604084968567,0.25130078196525574,0.5004342198371887,1.9770349264144897,0.12008287757635117,0.525820791721344,0.7206955552101135,0.2899530529975891,0.5041394829750061,0.11482828110456467,0.4919761121273041,0.7752959728240967,0.3218575716018677,1.4021456241607666,0.6192750930786133,0.06759266555309296,0.4294913411140442,0.4636906683444977,0.27269622683525085,0.033840470016002655,0.36840954422950745,0.8021466135978699,0.1733679622411728,0.4972267150878906,0.49151289463043213,0.2467566281557083,0.03082970902323723,0.14223866164684296,0.7104014158248901,0.3628326952457428,0.9827641248703003,1.6375030279159546,1.5423213243484497,0.5716659426689148,0.24184177815914154
0.23299875855445862,0.816687822341919,0.5359065532684326,0.6531347632408142,0.6115826368331909,0.8068592548370361,0.15597805380821228,4.976296901702881,1.1474753618240356,1.0246716737747192,0.14822633564472198,0.02226373180747032,0.4630018472671509,0.00039999998989515007,0.3096905052661896,0.7920335531234741,1.9605648517608643,2.82671856880188,1.0232003927230835,1.0597302913665771,0.11566220223903656,1.5782853364944458,0.5109219551086426,0.008017981424927711,0.8805111646652222,1.5659955739974976,0.6296570301055908,0.26838165521621704,0.31650489568710327,0.7100852727890015,0.29528358578681946,0.325769305229187,0.8858123421669006,0.8922653794288635,0.4431226849555969,1.7476322650909424,0.23316419124603271,0.5295963883399963,0.3918280601501465,0.0510958656668663,0.5061703324317932,0.4467545449733734,0.5196517705917358,0.602190375328064,0.43297848105430603,1.0850311517715454,0.690305233001709,0.10500068217515945,0.3980211913585663,0.029024768620729446,0.6596588492393494,0.19367876648902893,0.8158641457557678,1.213616967201233,0.8662673234939575,0.03549983724951744,0.4003002941608429
0.5135996341705322,0.29971742630004883,0.028413433581590652,0.813968300819397,0.8080562353134155,1.0986846685409546,0.8725785613059998,4.487903594970703,1.550675392150879,0.9301953315734863,0.2734834849834442,0.3528083264827728,0.2894512116909027,0.00039999998989515007,0.5033132433891296,1.5349407196044922,1.0982427597045898,3.2441606521606445,1.6026533842086792,1.3597153425216675,0.0011095036752521992,0.6987771987915039,0.2694675028324127,0.14882761240005493,0.005794880446046591,2.254967451095581,0.40666380524635315,0.2835213541984558,0.1387653797864914,0.09087160229682922,0.42602428793907166,0.07214268296957016,0.7884218692779541,0.6388973593711853,0.4946601688861847,1.9816282987594604,0.4724997878074646,0.5975906252861023,0.43189024925231934,0.38787582516670227,0.0029275589622557163,0.0652582049369812,0.2826445996761322,0.33365657925605774,0.04506927356123924,0.16784252226352692,0.41021600365638733,0.17886711657047272,0.3194381594657898,0.2124239057302475,0.4759964346885681,0.0777156725525856,0.7263537645339966,1.6079118251800537,1.1596565246582031,0.3646585941314697,0.17750175297260284
0.14904117584228516,0.3031074106693268,0.13737423717975616,0.6130271553993225,0.7476913332939148,1.0201276540756226,0.7271205186843872,5.0056071281433105,1.0398755073547363,1.0983691215515137,0.5212575197219849,0.04631360247731209,1.0766544342041016,0.00039999998989515007,0.07612374424934387,1.4388169050216675,2.148012399673462,2.944629669189453,1.0290688276290894,0.9422442317008972,0.35229265689849854,1.1003018617630005,0.1794729381799698,0.5215042233467102,0.5123304724693298,1.708816409111023,0.2796826660633087,0.00514284148812294,0.28734341263771057,0.47058209776878357,0.287293404340744,0.3100740909576416,0.4979376196861267,0.8980363607406616,0.6850137114524841,1.791096568107605,0.8481777906417847,0.35580873489379883,0.3415672183036804,0.17025095224380493,0.4469256103038788,0.02947382815182209,0.3920850157737732,0.4104968011379242,0.47617995738983154,0.5448552966117859,0.3135300278663635,0.07536274194717407,0.32784178853034973,0.5340754389762878,0.7735940217971802,0.24234238266944885,0.5554576516151428,1.1694591045379639,0.9230550527572632,0.07274115830659866,0.32980626821517944
0.9033440947532654,0.9766094088554382,0.293137788772583,0.23889091610908508,0.25236406922340393,0.5097711682319641,0.43569618463516235,4.5965728759765625,0.8766471147537231,1.2586934566497803,1.0302432775497437,0.20343738794326782,1.5929784774780273,0.00039999998989515007,0.3605208992958069,1.6917304992675781,1.8271337747573853,3.3451755046844482,1.2451791763305664,0.652427077293396,0.6436538100242615,0.8085670471191406,0.5865257382392883,0.2704316973686218,0.14971870183944702,1.4220606088638306,0.142022043466568,0.2810330092906952,0.2696865200996399,0.33937162160873413,0.1680700182914734,0.2138281762599945,0.08649875223636627,0.008282564580440521,1.2729769945144653,1.441142201423645,1.2443199157714844,0.4980907142162323,0.21394860744476318,0.24697493016719818,0.2235124409198761,0.10706799477338791,0.3847920000553131,0.643086314201355,0.32421085238456726,0.7720301747322083,0.5863239765167236,0.21105001866817474,0.055704738944768906,0.5803354382514954,0.7009721398353577,0.1303989142179489,0.7635253667831421,1.4615857601165771,0.8249497413635254,0.4529515504837036,0.17443087697029114
0.5463696122169495,0.053715452551841736,0.028546923771500587,1.5765430927276611,0.27014410495758057,0.6263314485549927,0.20847627520561218,4.707393646240234,0.8522274494171143,1.2425150871276855,0.5194848775863647,0.4924517869949341,0.18962621688842773,0.00039999998989515007,0.07525931298732758,1.7182856798171997,0.7026139497756958,2.505122423171997,1.2807279825210571,0.7768208384513855,0.6455094814300537,1.386109709739685,0.30217525362968445,0.47841954231262207,1.3279776573181152,1.5874123573303223,0.8398517966270447,0.5684106945991516,0.1514863520860672,0.9381260871887207,0.3286004364490509,0.699213981628418,0.47495850920677185,0.22582441568374634,0.7323556542396545,1.6995705366134644,0.40936559438705444,0.9596349000930786,0.45935988426208496,0.3555254638195038,0.19765450060367584,0.8728352189064026,1.1758967638015747,0.7494229078292847,0.2974594831466675,1.4201743602752686,1.5746246576309204,0.2246067374944687,0.1823119968175888,0.059868380427360535,0.12024445831775665,0.03321798890829086,0.24883346259593964,0.6704905033111572,0.5005494356155396,0.21525922417640686,0.03400002047419548
0.26584598422050476,0.5329096913337708,0.14717628061771393,0.5691410899162292,0.7392350435256958,1.1757433414459229,0.5892521739006042,5.035921096801758,1.4592567682266235,1.1881104707717896,0.13584107160568237,0.2027205526828766,0.8397919535636902,0.00039999998989515007,0.11353771388530731,1.1642166376113892,1.9449397325515747,3.0567514896392822,0.9913065433502197,0.8815476298332214,0.22787611186504364,1.144250750541687,0.24007569253444672,0.4939911961555481,0.5236855745315552,1.4577627182006836,0.2647864520549774,0.053031980991363525,0.1623857617378235,0.44372645020484924,0.022688502445816994,0.3749062418937683,0.7452543377876282,0.9625402092933655,0.6287466287612915,1.6488943099975586,0.6018204689025879,0.3603893220424652,0.4228420555591583,0.13508553802967072,0.4646581709384918,0.1970948874950409,0.12151924520730972,0.3826303780078888,0.3901485204696655,0.8197073340415955,0.348560094833374,0.006913085002452135,0.5783985257148743,0.4071323573589325,0.7701695561408997,0.4718010723590851,0.45336273312568665,1.2613608837127686,1.2380363941192627,0.090769462287426,0.3421243727207184
0.2677435278892517,0.9415168762207031,0.5624514222145081,0.6542724370956421,0.6608653664588928,0.6904892325401306,0.04137781262397766,4.860657691955566,1.1271110773086548,0.8856136798858643,0.19220885634422302,0.1302340179681778,0.6656945943832397,0.00039999998989515007,0.3947186768054962,0.9270660877227783,1.6956183910369873,3.137605667114258,0.9526761174201965,1.0331438779830933,0.037752751260995865,1.5657563209533691,0.3463963270187378,0.10757571458816528,0.8471769094467163,1.52227783203125,0.5646792054176331,0.00846516527235508,0.12844356894493103,0.6824631690979004,0.17671146988868713,0.4300069212913513,0.8786591291427612,0.6742409467697144,0.4939543604850769,1.832123041152954,0.3200611174106598,0.6266279816627502,0.47026512026786804,0.3446969985961914,0.23087449371814728,0.299472838640213,0.42133986949920654,0.5557937026023865,0.5880269408226013,1.101580023765564,0.8065477013587952,0.20969925820827484,0.4913245737552643,0.06844345480203629,0.6142599582672119,0.41567328572273254,0.7289932370185852,1.2616841793060303,1.0042506456375122,0.049180880188941956,0.36316558718681335
